account_id,company_id,segment,employee_count_band,industry,region,channel,signup_date,icp_fit_score,is_personal_email_domain
ACC-000000,CO-0077328,Enterprise,5001-20000,Logistics/Supply Chain,North America,self_serve,2024-03-26,80.1,False
ACC-000001,CO-0073549,Enterprise,5001-20000,Retail/E-commerce,North America,inbound_marketing,2021-06-06,79.7,False
ACC-000002,CO-0030636,Enterprise,1001-5000,Financial Services,APAC,inbound_marketing,2025-10-06,88.8,False
ACC-000003,CO-0058168,Enterprise,5001-20000,Technology/SaaS,North America,inbound_marketing,2024-01-20,85.5,False
ACC-000004,CO-0038732,Enterprise,1001-5000,Financial Services,North America,inbound_marketing,2025-10-15,72.9,False
ACC-000005,CO-0027628,Enterprise,1001-5000,Financial Services,EMEA,inbound_marketing,2023-11-16,82.5,False
ACC-000006,CO-0101689,Enterprise,20000+,Professional Services,North America,self_serve,2024-12-21,78.3,False
ACC-000007,CO-0051946,Enterprise,1001-5000,Healthcare,North America,inbound_marketing,2024-08-23,74.9,False
ACC-000008,CO-0000088,Enterprise,1001-5000,Technology/SaaS,APAC,outbound_sdr,2024-03-22,77.3,False
ACC-000009,CO-0109338,Enterprise,5001-20000,Technology/SaaS,EMEA,inbound_marketing,2021-09-20,80.6,False
ACC-000010,CO-0119515,Enterprise,5001-20000,Healthcare,North America,self_serve,2020-12-28,87.2,False
ACC-000011,CO-0120915,Enterprise,5001-20000,Technology/SaaS,EMEA,outbound_sdr,2022-02-28,81.4,False
ACC-000012,CO-0032791,Enterprise,5001-20000,Financial Services,APAC,self_serve,2023-03-06,82.3,False
ACC-000013,CO-0026591,Enterprise,20000+,Logistics/Supply Chain,APAC,inbound_marketing,2025-01-09,74.7,False
ACC-000014,CO-0043122,Enterprise,5001-20000,Technology/SaaS,North America,inbound_marketing,2024-10-16,84.9,False
ACC-000015,CO-0030322,Enterprise,5001-20000,Financial Services,North America,outbound_sdr,2024-05-13,80.5,False
ACC-000016,CO-0122680,Enterprise,1001-5000,Financial Services,EMEA,self_serve,2025-11-19,76.5,False
ACC-000017,CO-0104864,Enterprise,1001-5000,Logistics/Supply Chain,North America,self_serve,2021-03-20,76.9,False
ACC-000018,CO-0059368,Enterprise,5001-20000,Technology/SaaS,North America,self_serve,2024-11-17,78.8,False
ACC-000019,CO-0017746,Enterprise,5001-20000,Healthcare,North America,inbound_marketing,2023-02-05,92.3,False
ACC-000020,CO-0082862,Enterprise,20000+,Manufacturing,EMEA,inbound_marketing,2020-11-16,81.0,False
ACC-000021,CO-0036853,Enterprise,20000+,Healthcare,North America,inbound_marketing,2024-05-25,85.2,False
ACC-000022,CO-0016172,Enterprise,20000+,Financial Services,North America,outbound_sdr,2021-06-03,92.1,False
ACC-000023,CO-0080955,Enterprise,1001-5000,Financial Services,North America,inbound_marketing,2024-04-06,74.5,False
ACC-000024,CO-0021161,Enterprise,5001-20000,Technology/SaaS,North America,inbound_marketing,2024-07-20,90.8,False
ACC-000025,CO-0021374,Enterprise,20000+,Financial Services,North America,self_serve,2024-04-05,97.4,False
ACC-000026,CO-0106636,Enterprise,20000+,Financial Services,North America,inbound_marketing,2024-07-25,88.4,False
ACC-000027,CO-0013349,Enterprise,5001-20000,Financial Services,EMEA,inbound_marketing,2024-11-05,86.3,False
ACC-000028,CO-0117414,Enterprise,5001-20000,Financial Services,North America,self_serve,2022-09-17,85.7,False
ACC-000029,CO-0018863,Enterprise,1001-5000,Financial Services,APAC,self_serve,2024-10-18,77.0,False
ACC-000030,CO-0113891,Enterprise,5001-20000,Healthcare,North America,inbound_marketing,2023-09-06,89.4,False
ACC-000031,CO-0091581,Enterprise,5001-20000,Financial Services,EMEA,outbound_sdr,2023-08-23,81.6,False
ACC-000032,CO-0112579,Enterprise,5001-20000,Manufacturing,EMEA,outbound_sdr,2025-01-20,72.8,False
ACC-000033,CO-0059952,Enterprise,5001-20000,Financial Services,North America,self_serve,2020-12-03,82.5,False
ACC-000034,CO-0024377,Enterprise,20000+,Logistics/Supply Chain,EMEA,self_serve,2024-03-09,80.1,False
ACC-000035,CO-0031845,Enterprise,20000+,Manufacturing,North America,self_serve,2024-04-06,84.9,False
ACC-000036,CO-0110433,Enterprise,5001-20000,Logistics/Supply Chain,EMEA,inbound_marketing,2025-08-04,85.8,False
ACC-000037,CO-0087620,Enterprise,20000+,Financial Services,LATAM,inbound_marketing,2024-05-25,79.7,False
ACC-000038,CO-0105280,Enterprise,1001-5000,Public Sector,North America,outbound_sdr,2022-06-08,78.3,False
ACC-000039,CO-0108657,Enterprise,5001-20000,Healthcare,APAC,outbound_sdr,2022-02-04,85.6,False
ACC-000040,CO-0050487,Enterprise,5001-20000,Technology/SaaS,APAC,outbound_sdr,2023-11-03,84.4,False
ACC-000041,CO-0091773,Enterprise,1001-5000,Financial Services,APAC,inbound_marketing,2022-08-19,84.6,False
ACC-000042,CO-0043667,Enterprise,5001-20000,Healthcare,EMEA,inbound_marketing,2022-05-12,76.6,False
ACC-000043,CO-0107290,Enterprise,5001-20000,Financial Services,North America,inbound_marketing,2025-08-17,89.5,False
ACC-000044,CO-0117571,Enterprise,5001-20000,Professional Services,North America,inbound_marketing,2025-10-18,81.0,False
ACC-000045,CO-0103738,Enterprise,20000+,Manufacturing,North America,outbound_sdr,2025-04-06,73.6,False
ACC-000046,CO-0004886,Enterprise,5001-20000,Healthcare,North America,inbound_marketing,2025-11-15,90.2,False
ACC-000047,CO-0078300,Enterprise,1001-5000,Financial Services,EMEA,inbound_marketing,2024-10-12,79.6,False
ACC-000048,CO-0016018,Enterprise,5001-20000,Financial Services,North America,inbound_marketing,2024-04-18,77.8,False
ACC-000049,CO-0069537,Enterprise,20000+,Financial Services,EMEA,outbound_sdr,2025-08-14,87.4,False
ACC-000050,CO-0066190,Enterprise,5001-20000,Manufacturing,EMEA,inbound_marketing,2024-03-25,82.3,False
ACC-000051,CO-0120434,Enterprise,1001-5000,Public Sector,North America,outbound_sdr,2023-11-21,82.1,False
ACC-000052,CO-0062446,Enterprise,5001-20000,Technology/SaaS,North America,inbound_marketing,2025-06-17,84.2,False
ACC-000053,CO-0019121,Enterprise,20000+,Manufacturing,North America,self_serve,2025-07-06,83.2,False
ACC-000054,CO-0029253,Enterprise,5001-20000,Healthcare,APAC,inbound_marketing,2025-10-16,79.4,False
ACC-000055,CO-0098543,Enterprise,5001-20000,Financial Services,North America,self_serve,2023-02-15,78.9,False
ACC-000056,CO-0049012,Enterprise,1001-5000,Healthcare,North America,self_serve,2025-11-03,73.1,False
ACC-000057,CO-0009606,Enterprise,1001-5000,Manufacturing,EMEA,outbound_sdr,2023-04-08,72.5,False
ACC-000058,CO-0060222,Enterprise,201-1000,Financial Services,North America,self_serve,2022-09-21,78.0,False
ACC-000059,CO-0113359,Enterprise,20000+,Healthcare,North America,inbound_marketing,2024-04-08,83.7,False
ACC-000060,CO-0095071,Enterprise,20000+,Professional Services,APAC,self_serve,2025-08-09,79.7,False
ACC-000061,CO-0024793,Enterprise,5001-20000,Public Sector,EMEA,outbound_sdr,2023-05-06,83.6,False
ACC-000062,CO-0109592,Enterprise,5001-20000,Healthcare,North America,inbound_marketing,2023-08-21,87.7,False
ACC-000063,CO-0093244,Enterprise,5001-20000,Retail/E-commerce,EMEA,self_serve,2025-04-08,78.4,False
ACC-000064,CO-0033041,Enterprise,1001-5000,Technology/SaaS,North America,inbound_marketing,2024-05-12,80.3,False
ACC-000065,CO-0120900,Enterprise,1001-5000,Technology/SaaS,North America,inbound_marketing,2024-11-27,86.1,False
ACC-000066,CO-0023424,Enterprise,5001-20000,Financial Services,North America,self_serve,2024-07-08,94.1,False
ACC-000067,CO-0082042,Enterprise,1001-5000,Technology/SaaS,EMEA,self_serve,2021-09-07,78.1,False
ACC-000068,CO-0064100,Enterprise,5001-20000,Public Sector,North America,self_serve,2025-11-01,86.5,False
ACC-000069,CO-0111646,Enterprise,5001-20000,Healthcare,North America,outbound_sdr,2024-06-10,83.4,False
ACC-000070,CO-0044289,Enterprise,5001-20000,Professional Services,North America,inbound_marketing,2025-09-06,73.6,False
ACC-000071,CO-0004334,Enterprise,5001-20000,Financial Services,North America,inbound_marketing,2025-11-08,80.9,False
ACC-000072,CO-0058750,Enterprise,20000+,Logistics/Supply Chain,APAC,self_serve,2025-08-13,82.5,False
ACC-000073,CO-0107520,Enterprise,5001-20000,Professional Services,North America,inbound_marketing,2020-10-23,84.4,False
ACC-000074,CO-0009008,Enterprise,5001-20000,Technology/SaaS,EMEA,inbound_marketing,2024-04-21,72.4,False
ACC-000075,CO-0091561,Enterprise,5001-20000,Media/Entertainment,North America,outbound_sdr,2025-04-04,74.4,False
ACC-000076,CO-0020341,Enterprise,20000+,Public Sector,North America,outbound_sdr,2025-03-01,87.2,False
ACC-000077,CO-0076490,Enterprise,20000+,Financial Services,EMEA,self_serve,2023-10-27,81.3,False
ACC-000078,CO-0099157,Enterprise,5001-20000,Manufacturing,North America,self_serve,2022-06-10,74.9,False
ACC-000079,CO-0042658,Enterprise,5001-20000,Public Sector,North America,self_serve,2023-02-08,81.3,False
ACC-000080,CO-0032221,Enterprise,1001-5000,Financial Services,APAC,inbound_marketing,2020-09-19,78.4,False
ACC-000081,CO-0017426,Enterprise,20000+,Financial Services,North America,inbound_marketing,2024-04-26,87.3,False
ACC-000082,CO-0007866,Enterprise,5001-20000,Media/Entertainment,North America,inbound_marketing,2024-11-12,77.5,False
ACC-000083,CO-0111831,Enterprise,20000+,Public Sector,EMEA,self_serve,2023-11-28,94.2,False
ACC-000084,CO-0025589,Enterprise,5001-20000,Financial Services,EMEA,inbound_marketing,2025-07-22,88.5,False
ACC-000085,CO-0075039,Enterprise,20000+,Manufacturing,APAC,self_serve,2024-08-19,77.8,False
ACC-000086,CO-0123085,Enterprise,5001-20000,Technology/SaaS,EMEA,self_serve,2025-04-02,87.6,False
ACC-000087,CO-0063112,Enterprise,20000+,Manufacturing,North America,inbound_marketing,2025-08-25,76.9,False
ACC-000088,CO-0087378,Enterprise,1001-5000,Technology/SaaS,EMEA,self_serve,2024-01-09,80.5,False
ACC-000089,CO-0097415,Enterprise,5001-20000,Financial Services,North America,inbound_marketing,2024-02-17,85.4,False
ACC-000090,CO-0084520,Enterprise,5001-20000,Financial Services,LATAM,inbound_marketing,2024-04-13,76.6,False
ACC-000091,CO-0079468,Enterprise,5001-20000,Manufacturing,North America,inbound_marketing,2024-09-22,82.3,False
ACC-000092,CO-0082324,Enterprise,1001-5000,Technology/SaaS,North America,inbound_marketing,2023-10-14,81.6,False
ACC-000093,CO-0012631,Enterprise,20000+,Logistics/Supply Chain,EMEA,self_serve,2025-11-10,95.0,False
ACC-000094,CO-0007190,Enterprise,20000+,Healthcare,North America,inbound_marketing,2024-01-27,80.7,False
ACC-000095,CO-0110649,Enterprise,5001-20000,Financial Services,North America,inbound_marketing,2024-01-10,75.6,False
ACC-000096,CO-0071985,Enterprise,20000+,Financial Services,North America,self_serve,2023-08-20,88.5,False
ACC-000097,CO-0107550,Enterprise,1001-5000,Financial Services,North America,inbound_marketing,2025-07-01,79.2,False
ACC-000098,CO-0055443,Enterprise,1001-5000,Logistics/Supply Chain,North America,inbound_marketing,2025-10-24,74.1,False
ACC-000099,CO-0040027,Enterprise,20000+,Healthcare,North America,self_serve,2021-03-12,85.2,False
ACC-000100,CO-0029106,Enterprise,5001-20000,Media/Entertainment,North America,inbound_marketing,2021-03-14,81.2,False
ACC-000101,CO-0106708,Enterprise,5001-20000,Healthcare,North America,self_serve,2024-04-24,81.9,False
ACC-000102,CO-0056814,Enterprise,1001-5000,Logistics/Supply Chain,North America,self_serve,2025-11-16,84.5,False
ACC-000103,CO-0012010,Enterprise,5001-20000,Manufacturing,North America,self_serve,2025-06-12,75.8,False
ACC-000104,CO-0098165,Enterprise,5001-20000,Public Sector,North America,inbound_marketing,2024-05-27,73.9,False
ACC-000105,CO-0029311,Enterprise,1001-5000,Logistics/Supply Chain,North America,self_serve,2022-07-14,79.7,False
ACC-000106,CO-0075213,Enterprise,5001-20000,Logistics/Supply Chain,North America,inbound_marketing,2020-07-08,86.8,False
ACC-000107,CO-0050042,Enterprise,5001-20000,Manufacturing,North America,self_serve,2023-03-12,78.4,False
ACC-000108,CO-0061692,Enterprise,20000+,Logistics/Supply Chain,EMEA,self_serve,2025-06-27,92.7,False
ACC-000109,CO-0051339,Enterprise,5001-20000,Technology/SaaS,North America,self_serve,2024-09-05,90.1,False
ACC-000110,CO-0008902,Enterprise,5001-20000,Manufacturing,North America,self_serve,2024-09-15,86.4,False
ACC-000111,CO-0059013,Enterprise,5001-20000,Public Sector,North America,self_serve,2021-03-21,73.9,False
ACC-000112,CO-0070589,Enterprise,1001-5000,Financial Services,North America,outbound_sdr,2025-11-06,82.7,False
ACC-000113,CO-0062600,Commercial,201-1000,Media/Entertainment,APAC,inbound_marketing,2024-07-18,66.9,False
ACC-000114,CO-0122105,Commercial,201-1000,Professional Services,North America,self_serve,2024-02-11,60.0,False
ACC-000115,CO-0098300,Commercial,201-1000,Logistics/Supply Chain,EMEA,inbound_marketing,2025-10-03,56.1,False
ACC-000116,CO-0115978,Commercial,201-1000,Financial Services,North America,self_serve,2021-07-03,61.8,False
ACC-000117,CO-0006337,Commercial,51-200,Media/Entertainment,APAC,inbound_marketing,2024-12-20,41.4,False
ACC-000118,CO-0030026,Commercial,1001-5000,Professional Services,North America,inbound_marketing,2023-03-08,63.0,False
ACC-000119,CO-0054225,Commercial,201-1000,Manufacturing,EMEA,self_serve,2025-03-27,67.7,False
ACC-000120,CO-0044249,Commercial,51-200,Manufacturing,North America,self_serve,2025-09-07,54.2,False
ACC-000121,CO-0034086,Commercial,201-1000,Logistics/Supply Chain,EMEA,self_serve,2024-06-17,52.2,False
ACC-000122,CO-0054684,Commercial,1001-5000,Technology/SaaS,North America,self_serve,2024-03-22,61.5,False
ACC-000123,CO-0113817,Commercial,1001-5000,Media/Entertainment,North America,self_serve,2025-12-03,64.9,False
ACC-000124,CO-0038372,Commercial,1001-5000,Professional Services,EMEA,inbound_marketing,2025-09-08,60.8,False
ACC-000125,CO-0084666,Commercial,5001-20000,Healthcare,North America,inbound_marketing,2021-07-24,59.9,False
ACC-000126,CO-0105922,Commercial,201-1000,Logistics/Supply Chain,North America,inbound_marketing,2024-08-05,59.9,False
ACC-000127,CO-0054628,Commercial,1001-5000,Technology/SaaS,North America,self_serve,2025-02-20,63.4,False
ACC-000128,CO-0032879,Commercial,1001-5000,Technology/SaaS,LATAM,self_serve,2024-06-21,68.7,False
ACC-000129,CO-0045017,Commercial,20000+,Retail/E-commerce,North America,inbound_marketing,2024-08-01,70.2,False
ACC-000130,CO-0068504,Commercial,51-200,Technology/SaaS,LATAM,self_serve,2025-11-06,51.1,False
ACC-000131,CO-0030469,Commercial,1001-5000,Education,APAC,self_serve,2024-05-13,49.2,False
ACC-000132,CO-0009064,Commercial,201-1000,Financial Services,North America,self_serve,2025-12-19,64.9,False
ACC-000133,CO-0001456,Commercial,201-1000,Financial Services,North America,inbound_marketing,2025-08-12,62.0,False
ACC-000134,CO-0003246,Commercial,5001-20000,Media/Entertainment,North America,self_serve,2024-03-10,70.9,False
ACC-000135,CO-0039089,Enterprise,5001-20000,Education,North America,inbound_marketing,2025-01-09,64.6,False
ACC-000136,CO-0116663,Commercial,1-10,Financial Services,North America,inbound_marketing,2025-12-01,44.5,False
ACC-000137,CO-0047489,Commercial,201-1000,Technology/SaaS,APAC,self_serve,2025-06-19,58.4,False
ACC-000138,CO-0024241,Commercial,1001-5000,Professional Services,North America,self_serve,2024-04-11,54.0,False
ACC-000139,CO-0029045,Commercial,51-200,Public Sector,EMEA,inbound_marketing,2023-06-12,43.4,False
ACC-000140,CO-0034501,Commercial,201-1000,Professional Services,EMEA,self_serve,2025-08-14,48.9,False
ACC-000141,CO-0013983,Commercial,51-200,Technology/SaaS,North America,inbound_marketing,2025-03-11,53.2,False
ACC-000142,CO-0018927,Commercial,51-200,Technology/SaaS,APAC,inbound_marketing,2021-01-13,58.4,False
ACC-000143,CO-0114183,Enterprise,201-1000,Professional Services,APAC,self_serve,2025-03-13,45.6,False
ACC-000144,CO-0021648,Commercial,201-1000,Healthcare,North America,self_serve,2024-06-05,45.1,False
ACC-000145,CO-0072613,Enterprise,201-1000,Financial Services,North America,self_serve,2023-07-08,58.0,False
ACC-000146,CO-0082981,Commercial,201-1000,Retail/E-commerce,North America,self_serve,2023-08-01,55.5,False
ACC-000147,CO-0052780,Commercial,201-1000,Healthcare,North America,inbound_marketing,2025-01-17,64.1,False
ACC-000148,CO-0073900,Commercial,1001-5000,Professional Services,EMEA,self_serve,2024-07-15,51.8,False
ACC-000149,CO-0070077,Commercial,1001-5000,Logistics/Supply Chain,EMEA,inbound_marketing,2024-09-21,67.6,False
ACC-000150,CO-0122969,Commercial,201-1000,Technology/SaaS,North America,self_serve,2023-03-27,67.4,False
ACC-000151,CO-0018375,Commercial,20000+,Logistics/Supply Chain,North America,self_serve,2025-06-17,71.7,False
ACC-000152,CO-0096460,Commercial,51-200,Professional Services,EMEA,inbound_marketing,2025-01-08,42.1,False
ACC-000153,CO-0061864,Commercial,1001-5000,Logistics/Supply Chain,North America,self_serve,2020-10-30,64.7,False
ACC-000154,CO-0121607,Commercial,201-1000,Healthcare,North America,self_serve,2025-12-23,50.8,False
ACC-000155,CO-0060916,Commercial,201-1000,Healthcare,North America,self_serve,2025-09-12,50.3,False
ACC-000156,CO-0097112,Commercial,1001-5000,Financial Services,LATAM,self_serve,2021-02-03,65.5,False
ACC-000157,CO-0084044,Commercial,1001-5000,Public Sector,North America,inbound_marketing,2025-06-13,59.7,False
ACC-000158,CO-0091720,Commercial,1001-5000,Public Sector,North America,inbound_marketing,2023-04-09,69.9,False
ACC-000159,CO-0118016,Commercial,5001-20000,Technology/SaaS,North America,inbound_marketing,2025-07-24,69.5,False
ACC-000160,CO-0014396,Enterprise,201-1000,Education,APAC,self_serve,2022-07-21,58.5,False
ACC-000161,CO-0073913,Commercial,51-200,Manufacturing,North America,self_serve,2024-08-16,57.4,False
ACC-000162,CO-0074326,Commercial,51-200,Manufacturing,North America,inbound_marketing,2020-07-29,50.6,False
ACC-000163,CO-0049367,Commercial,51-200,Financial Services,North America,inbound_marketing,2024-09-24,47.6,False
ACC-000164,CO-0064998,Commercial,201-1000,Manufacturing,North America,self_serve,2021-12-11,56.3,False
ACC-000165,CO-0053178,Commercial,1-10,Financial Services,North America,self_serve,2023-12-14,45.9,False
ACC-000166,CO-0047882,Commercial,201-1000,Retail/E-commerce,North America,self_serve,2024-12-19,52.7,False
ACC-000167,CO-0110825,Enterprise,11-50,Public Sector,North America,inbound_marketing,2024-10-25,49.6,False
ACC-000168,CO-0064809,Commercial,5001-20000,Financial Services,North America,inbound_marketing,2025-06-04,68.9,False
ACC-000169,CO-0024135,Commercial,1001-5000,Manufacturing,North America,inbound_marketing,2024-05-03,60.5,False
ACC-000170,CO-0050213,Commercial,51-200,Manufacturing,North America,self_serve,2025-12-14,56.9,False
ACC-000171,CO-0022183,Commercial,201-1000,Media/Entertainment,North America,inbound_marketing,2024-01-09,58.4,False
ACC-000172,CO-0086971,Commercial,1001-5000,Technology/SaaS,EMEA,self_serve,2023-07-02,71.6,False
ACC-000173,CO-0019360,Commercial,1001-5000,Manufacturing,EMEA,inbound_marketing,2024-07-10,69.1,False
ACC-000174,CO-0059518,Commercial,1001-5000,Technology/SaaS,APAC,self_serve,2025-11-11,71.2,False
ACC-000175,CO-0051768,Commercial,1001-5000,Healthcare,North America,inbound_marketing,2021-09-09,56.4,False
ACC-000176,CO-0056988,Commercial,201-1000,Financial Services,APAC,inbound_marketing,2024-09-20,58.0,False
ACC-000177,CO-0049243,Commercial,5001-20000,Education,North America,inbound_marketing,2023-07-28,68.3,False
ACC-000178,CO-0096770,Enterprise,1001-5000,Public Sector,North America,inbound_marketing,2023-03-09,67.0,False
ACC-000179,CO-0000024,Commercial,1001-5000,Healthcare,North America,self_serve,2021-09-06,70.3,False
ACC-000180,CO-0122752,Commercial,201-1000,Professional Services,North America,inbound_marketing,2025-02-14,48.8,False
ACC-000181,CO-0083381,Commercial,201-1000,Financial Services,North America,inbound_marketing,2025-03-22,53.4,False
ACC-000182,CO-0063303,Commercial,201-1000,Retail/E-commerce,APAC,inbound_marketing,2024-11-15,56.2,False
ACC-000183,CO-0095002,Commercial,201-1000,Logistics/Supply Chain,North America,self_serve,2025-02-03,51.0,False
ACC-000184,CO-0067930,Commercial,1-10,Financial Services,North America,inbound_marketing,2024-03-26,45.5,False
ACC-000185,CO-0016949,Enterprise,201-1000,Education,North America,self_serve,2020-08-10,61.6,False
ACC-000186,CO-0108430,Commercial,1001-5000,Education,EMEA,inbound_marketing,2024-06-01,68.6,False
ACC-000187,CO-0061110,Commercial,1001-5000,Retail/E-commerce,APAC,self_serve,2025-08-23,51.0,False
ACC-000188,CO-0019163,Commercial,1001-5000,Financial Services,EMEA,self_serve,2023-08-23,64.9,False
ACC-000189,CO-0015822,Commercial,201-1000,Retail/E-commerce,EMEA,self_serve,2024-05-27,47.0,False
ACC-000190,CO-0066579,Commercial,5001-20000,Manufacturing,APAC,self_serve,2024-10-20,68.2,False
ACC-000191,CO-0055401,Commercial,201-1000,Retail/E-commerce,EMEA,self_serve,2024-02-14,59.7,False
ACC-000192,CO-0091318,Commercial,51-200,Manufacturing,North America,inbound_marketing,2025-07-02,47.8,False
ACC-000193,CO-0102725,Commercial,1001-5000,Education,EMEA,inbound_marketing,2024-04-13,45.8,False
ACC-000194,CO-0005520,Commercial,201-1000,Retail/E-commerce,APAC,self_serve,2025-07-04,45.6,False
ACC-000195,CO-0035442,Commercial,51-200,Manufacturing,North America,self_serve,2025-05-09,49.0,False
ACC-000196,CO-0013839,Commercial,201-1000,Manufacturing,EMEA,inbound_marketing,2024-06-11,56.0,False
ACC-000197,CO-0010813,Commercial,201-1000,Retail/E-commerce,North America,inbound_marketing,2025-08-11,48.2,False
ACC-000198,CO-0037154,Commercial,51-200,Technology/SaaS,EMEA,inbound_marketing,2023-11-06,46.2,False
ACC-000199,CO-0088851,Commercial,1001-5000,Professional Services,North America,self_serve,2025-01-03,64.9,False
ACC-000200,CO-0057289,Commercial,201-1000,Professional Services,APAC,self_serve,2020-10-05,52.2,False
ACC-000201,CO-0005072,Commercial,1001-5000,Public Sector,EMEA,inbound_marketing,2025-04-05,62.7,False
ACC-000202,CO-0117491,Commercial,1001-5000,Retail/E-commerce,North America,self_serve,2025-01-04,63.5,False
ACC-000203,CO-0060045,Commercial,1001-5000,Healthcare,APAC,self_serve,2021-07-31,67.0,False
ACC-000204,CO-0057637,Commercial,51-200,Technology/SaaS,North America,inbound_marketing,2025-07-26,52.8,False
ACC-000205,CO-0032071,Commercial,51-200,Manufacturing,North America,self_serve,2024-04-25,46.8,False
ACC-000206,CO-0057373,Commercial,201-1000,Healthcare,EMEA,self_serve,2023-03-08,58.6,False
ACC-000207,CO-0118935,Commercial,51-200,Financial Services,EMEA,self_serve,2023-09-01,50.3,False
ACC-000208,CO-0075207,Commercial,201-1000,Retail/E-commerce,EMEA,self_serve,2021-11-05,52.5,False
ACC-000209,CO-0118487,Enterprise,20000+,Logistics/Supply Chain,APAC,self_serve,2024-10-11,72.0,False
ACC-000210,CO-0110053,Commercial,1001-5000,Retail/E-commerce,APAC,self_serve,2025-05-08,64.4,False
ACC-000211,CO-0012643,Commercial,1001-5000,Healthcare,APAC,inbound_marketing,2025-07-05,64.9,False
ACC-000212,CO-0105521,Commercial,51-200,Technology/SaaS,North America,self_serve,2022-08-13,48.6,False
ACC-000213,CO-0001449,Enterprise,51-200,Financial Services,North America,inbound_marketing,2023-10-11,45.6,False
ACC-000214,CO-0096505,Commercial,201-1000,Manufacturing,APAC,inbound_marketing,2025-06-06,51.7,False
ACC-000215,CO-0030617,Commercial,51-200,Technology/SaaS,EMEA,self_serve,2020-07-31,47.2,False
ACC-000216,CO-0011764,Commercial,1001-5000,Technology/SaaS,EMEA,self_serve,2024-10-28,66.2,False
ACC-000217,CO-0115471,Commercial,51-200,Technology/SaaS,EMEA,inbound_marketing,2023-11-25,46.9,False
ACC-000218,CO-0030780,Commercial,11-50,Financial Services,EMEA,inbound_marketing,2024-08-22,41.4,False
ACC-000219,CO-0086861,Commercial,1-10,Financial Services,LATAM,self_serve,2025-01-14,45.5,False
ACC-000220,CO-0081587,Commercial,51-200,Technology/SaaS,North America,self_serve,2022-06-18,48.7,False
ACC-000221,CO-0061482,Commercial,1001-5000,Education,North America,self_serve,2020-01-13,59.0,False
ACC-000222,CO-0053650,Commercial,51-200,Technology/SaaS,North America,self_serve,2025-06-13,44.2,False
ACC-000223,CO-0024295,Commercial,5001-20000,Healthcare,EMEA,self_serve,2025-07-19,64.0,False
ACC-000224,CO-0023439,Commercial,1001-5000,Logistics/Supply Chain,North America,self_serve,2025-06-11,68.1,False
ACC-000225,CO-0050694,Commercial,1001-5000,Logistics/Supply Chain,EMEA,inbound_marketing,2022-08-03,69.3,False
ACC-000226,CO-0083598,Commercial,51-200,Healthcare,EMEA,inbound_marketing,2025-01-07,50.9,False
ACC-000227,CO-0037749,Commercial,201-1000,Media/Entertainment,EMEA,inbound_marketing,2025-08-08,45.7,False
ACC-000228,CO-0077366,Commercial,201-1000,Financial Services,APAC,inbound_marketing,2022-11-20,61.9,False
ACC-000229,CO-0082607,Commercial,51-200,Healthcare,EMEA,self_serve,2024-06-23,43.9,False
ACC-000230,CO-0017096,Commercial,201-1000,Technology/SaaS,North America,self_serve,2023-01-02,62.2,False
ACC-000231,CO-0115389,Enterprise,51-200,Manufacturing,North America,self_serve,2025-05-28,42.1,False
ACC-000232,CO-0040924,Commercial,201-1000,Professional Services,North America,inbound_marketing,2022-08-21,64.9,False
ACC-000233,CO-0003514,Enterprise,201-1000,Financial Services,EMEA,inbound_marketing,2021-11-04,62.5,False
ACC-000234,CO-0074323,Commercial,1001-5000,Education,EMEA,self_serve,2022-01-22,69.4,False
ACC-000235,CO-0007802,Enterprise,1001-5000,Professional Services,APAC,inbound_marketing,2023-02-05,51.8,False
ACC-000236,CO-0082831,Commercial,51-200,Financial Services,North America,inbound_marketing,2025-06-02,49.2,False
ACC-000237,CO-0055918,Commercial,201-1000,Financial Services,EMEA,inbound_marketing,2025-01-17,58.4,False
ACC-000238,CO-0118692,Enterprise,201-1000,Professional Services,EMEA,inbound_marketing,2024-09-28,44.2,False
ACC-000239,CO-0068120,Commercial,1001-5000,Professional Services,North America,inbound_marketing,2023-02-19,54.7,False
ACC-000240,CO-0017823,Commercial,1001-5000,Media/Entertainment,North America,inbound_marketing,2025-06-18,68.2,False
ACC-000241,CO-0015550,Commercial,51-200,Financial Services,North America,self_serve,2024-07-23,48.3,False
ACC-000242,CO-0024049,Commercial,201-1000,Logistics/Supply Chain,EMEA,inbound_marketing,2024-11-23,54.8,False
ACC-000243,CO-0086372,Commercial,51-200,Healthcare,North America,self_serve,2020-12-29,51.4,False
ACC-000244,CO-0075447,Commercial,201-1000,Financial Services,APAC,self_serve,2025-12-07,71.5,False
ACC-000245,CO-0065822,Commercial,1001-5000,Media/Entertainment,North America,self_serve,2025-09-03,64.2,False
ACC-000246,CO-0105075,Commercial,201-1000,Manufacturing,North America,inbound_marketing,2025-02-27,53.1,False
ACC-000247,CO-0035967,Commercial,51-200,Media/Entertainment,North America,self_serve,2024-04-08,49.1,False
ACC-000248,CO-0062985,Commercial,201-1000,Technology/SaaS,North America,self_serve,2025-12-15,61.0,False
ACC-000249,CO-0119593,Commercial,1001-5000,Financial Services,EMEA,inbound_marketing,2025-08-16,62.4,False
ACC-000250,CO-0112577,Commercial,1001-5000,Public Sector,North America,inbound_marketing,2023-02-20,66.6,False
ACC-000251,CO-0052434,Commercial,201-1000,Logistics/Supply Chain,North America,inbound_marketing,2025-06-21,54.3,False
ACC-000252,CO-0042256,Commercial,1001-5000,Healthcare,EMEA,inbound_marketing,2020-12-20,69.9,False
ACC-000253,CO-0006274,Commercial,201-1000,Financial Services,EMEA,self_serve,2020-10-27,48.9,False
ACC-000254,CO-0030764,Commercial,201-1000,Technology/SaaS,North America,self_serve,2020-05-29,52.6,False
ACC-000255,CO-0010400,Commercial,1001-5000,Healthcare,North America,self_serve,2025-10-21,68.5,False
ACC-000256,CO-0102751,Commercial,201-1000,Logistics/Supply Chain,North America,inbound_marketing,2024-04-26,62.6,False
ACC-000257,CO-0106975,Commercial,1-10,Financial Services,North America,inbound_marketing,2023-07-10,52.0,False
ACC-000258,CO-0117762,Commercial,51-200,Healthcare,North America,self_serve,2024-09-21,46.4,False
ACC-000259,CO-0012287,Commercial,201-1000,Financial Services,North America,inbound_marketing,2024-08-02,69.7,False
ACC-000260,CO-0113071,Commercial,201-1000,Logistics/Supply Chain,EMEA,self_serve,2025-08-06,60.0,False
ACC-000261,CO-0090748,Commercial,20000+,Retail/E-commerce,North America,inbound_marketing,2025-10-24,70.2,False
ACC-000262,CO-0050207,Commercial,51-200,Retail/E-commerce,APAC,self_serve,2025-10-14,47.4,False
ACC-000263,CO-0103872,Enterprise,11-50,Logistics/Supply Chain,North America,inbound_marketing,2022-03-29,42.6,False
ACC-000264,CO-0044630,Commercial,1001-5000,Technology/SaaS,North America,self_serve,2024-02-23,69.8,False
ACC-000265,CO-0088224,Commercial,51-200,Financial Services,EMEA,self_serve,2025-09-23,54.8,False
ACC-000266,CO-0092217,Commercial,1001-5000,Logistics/Supply Chain,North America,inbound_marketing,2024-07-26,62.0,False
ACC-000267,CO-0093076,Commercial,201-1000,Technology/SaaS,North America,self_serve,2020-06-02,63.5,False
ACC-000268,CO-0065132,Commercial,51-200,Manufacturing,North America,inbound_marketing,2021-05-10,43.6,False
ACC-000269,CO-0100485,Commercial,51-200,Healthcare,APAC,inbound_marketing,2021-06-04,50.1,False
ACC-000270,CO-0012133,Commercial,1001-5000,Technology/SaaS,North America,inbound_marketing,2025-01-26,69.3,False
ACC-000271,CO-0030443,Commercial,51-200,Financial Services,North America,self_serve,2023-04-07,54.0,False
ACC-000272,CO-0108058,Commercial,1001-5000,Professional Services,North America,self_serve,2021-12-13,64.2,False
ACC-000273,CO-0069828,Commercial,201-1000,Financial Services,North America,self_serve,2025-01-09,71.8,False
ACC-000274,CO-0042093,Commercial,1001-5000,Media/Entertainment,EMEA,self_serve,2023-04-25,68.7,False
ACC-000275,CO-0110509,Commercial,201-1000,Public Sector,North America,self_serve,2025-04-11,56.2,False
ACC-000276,CO-0018864,Commercial,201-1000,Public Sector,North America,self_serve,2025-11-03,53.0,False
ACC-000277,CO-0058488,Commercial,1001-5000,Retail/E-commerce,North America,inbound_marketing,2025-10-25,59.4,False
ACC-000278,CO-0069664,Commercial,201-1000,Manufacturing,North America,self_serve,2024-05-15,68.0,False
ACC-000279,CO-0078993,Commercial,201-1000,Media/Entertainment,North America,self_serve,2025-10-18,59.3,False
ACC-000280,CO-0053702,Commercial,1001-5000,Media/Entertainment,EMEA,self_serve,2023-06-27,62.1,False
ACC-000281,CO-0044517,Commercial,201-1000,Manufacturing,North America,self_serve,2024-12-25,58.8,False
ACC-000282,CO-0041909,Commercial,51-200,Financial Services,EMEA,self_serve,2025-12-09,55.8,False
ACC-000283,CO-0099715,Commercial,201-1000,Public Sector,North America,inbound_marketing,2022-08-20,65.7,False
ACC-000284,CO-0102435,Commercial,51-200,Manufacturing,APAC,self_serve,2023-05-01,46.5,False
ACC-000285,CO-0083401,Enterprise,201-1000,Education,APAC,self_serve,2024-02-12,56.0,False
ACC-000286,CO-0104677,Commercial,201-1000,Media/Entertainment,North America,inbound_marketing,2025-08-04,51.0,False
ACC-000287,CO-0099223,Enterprise,1001-5000,Retail/E-commerce,North America,self_serve,2024-10-08,61.3,False
ACC-000288,CO-0045613,Commercial,1001-5000,Financial Services,North America,inbound_marketing,2020-01-30,64.4,False
ACC-000289,CO-0107143,Commercial,1001-5000,Education,North America,self_serve,2023-07-25,55.7,False
ACC-000290,CO-0017156,Commercial,51-200,Technology/SaaS,North America,self_serve,2023-05-01,49.3,False
ACC-000291,CO-0046667,Commercial,201-1000,Technology/SaaS,North America,self_serve,2024-12-03,70.7,False
ACC-000292,CO-0058994,Commercial,201-1000,Public Sector,EMEA,inbound_marketing,2020-04-17,48.9,False
ACC-000293,CO-0035423,Commercial,201-1000,Media/Entertainment,EMEA,inbound_marketing,2025-06-05,48.1,False
ACC-000294,CO-0052715,Enterprise,201-1000,Professional Services,North America,inbound_marketing,2025-01-13,60.2,False
ACC-000295,CO-0086646,Commercial,51-200,Professional Services,North America,self_serve,2025-05-02,51.5,False
ACC-000296,CO-0015023,Commercial,201-1000,Manufacturing,North America,self_serve,2025-09-07,54.1,False
ACC-000297,CO-0045735,Commercial,201-1000,Manufacturing,North America,inbound_marketing,2024-11-11,59.3,False
ACC-000298,CO-0001535,Enterprise,1001-5000,Technology/SaaS,APAC,self_serve,2020-08-11,63.7,False
ACC-000299,CO-0030185,Commercial,1001-5000,Logistics/Supply Chain,North America,inbound_marketing,2025-09-27,63.2,False
ACC-000300,CO-0051502,Commercial,51-200,Technology/SaaS,EMEA,self_serve,2024-10-11,62.2,False
ACC-000301,CO-0057110,Commercial,5001-20000,Media/Entertainment,North America,self_serve,2025-05-02,69.4,False
ACC-000302,CO-0074178,Enterprise,201-1000,Manufacturing,North America,inbound_marketing,2024-11-06,54.7,False
ACC-000303,CO-0025126,Commercial,201-1000,Technology/SaaS,EMEA,inbound_marketing,2024-08-24,54.6,False
ACC-000304,CO-0111732,Commercial,1001-5000,Education,North America,inbound_marketing,2024-07-16,60.8,False
ACC-000305,CO-0064232,Commercial,51-200,Public Sector,North America,inbound_marketing,2025-11-25,55.2,False
ACC-000306,CO-0027614,Commercial,201-1000,Healthcare,EMEA,inbound_marketing,2024-10-10,54.9,False
ACC-000307,CO-0056571,Commercial,1001-5000,Healthcare,North America,self_serve,2025-10-18,59.6,False
ACC-000308,CO-0064797,Enterprise,1001-5000,Logistics/Supply Chain,North America,inbound_marketing,2025-02-01,70.5,False
ACC-000309,CO-0099321,Commercial,1001-5000,Logistics/Supply Chain,North America,inbound_marketing,2024-04-22,68.2,False
ACC-000310,CO-0087174,Commercial,1001-5000,Professional Services,APAC,inbound_marketing,2025-01-02,59.6,False
ACC-000311,CO-0005226,Commercial,51-200,Financial Services,EMEA,self_serve,2023-11-21,56.3,False
ACC-000312,CO-0111891,Commercial,201-1000,Technology/SaaS,EMEA,self_serve,2025-11-18,49.3,False
ACC-000313,CO-0108359,Commercial,201-1000,Retail/E-commerce,EMEA,self_serve,2023-01-15,48.7,False
ACC-000314,CO-0099657,Commercial,1001-5000,Manufacturing,EMEA,self_serve,2021-01-30,61.8,False
ACC-000315,CO-0057823,Enterprise,201-1000,Manufacturing,North America,inbound_marketing,2023-01-02,50.9,False
ACC-000316,CO-0014285,Commercial,201-1000,Retail/E-commerce,North America,self_serve,2023-02-01,55.9,False
ACC-000317,CO-0027136,Commercial,5001-20000,Public Sector,EMEA,self_serve,2022-06-23,65.5,False
ACC-000318,CO-0052231,Commercial,201-1000,Technology/SaaS,North America,inbound_marketing,2021-03-25,56.6,False
ACC-000319,CO-0006942,Commercial,11-50,Financial Services,North America,inbound_marketing,2025-10-18,48.4,False
ACC-000320,CO-0040449,Commercial,1001-5000,Media/Entertainment,North America,self_serve,2021-02-21,60.9,False
ACC-000321,CO-0015351,Commercial,1001-5000,Financial Services,EMEA,self_serve,2023-04-28,65.6,False
ACC-000322,CO-0025743,Commercial,201-1000,Manufacturing,North America,inbound_marketing,2020-12-30,55.2,False
ACC-000323,CO-0098850,Commercial,51-200,Retail/E-commerce,APAC,inbound_marketing,2024-10-06,50.4,False
ACC-000324,CO-0115745,Commercial,201-1000,Technology/SaaS,North America,self_serve,2024-01-26,51.4,False
ACC-000325,CO-0076184,Commercial,1001-5000,Retail/E-commerce,North America,self_serve,2023-02-18,48.7,False
ACC-000326,CO-0043632,Enterprise,1001-5000,Public Sector,North America,inbound_marketing,2025-01-26,70.5,False
ACC-000327,CO-0065931,Commercial,201-1000,Public Sector,North America,inbound_marketing,2024-12-15,53.9,False
ACC-000328,CO-0121075,Enterprise,201-1000,Technology/SaaS,APAC,inbound_marketing,2025-08-25,61.8,False
ACC-000329,CO-0026128,Commercial,51-200,Public Sector,North America,inbound_marketing,2021-08-13,46.4,False
ACC-000330,CO-0086007,Enterprise,5001-20000,Retail/E-commerce,APAC,self_serve,2020-10-19,55.4,False
ACC-000331,CO-0032681,Commercial,5001-20000,Media/Entertainment,EMEA,inbound_marketing,2023-10-01,65.5,False
ACC-000332,CO-0003972,Commercial,51-200,Public Sector,APAC,inbound_marketing,2025-08-23,54.7,False
ACC-000333,CO-0009031,Commercial,1001-5000,Public Sector,North America,inbound_marketing,2025-01-17,69.2,False
ACC-000334,CO-0024879,Enterprise,1001-5000,Technology/SaaS,EMEA,inbound_marketing,2025-08-26,69.7,False
ACC-000335,CO-0050592,Commercial,201-1000,Healthcare,North America,self_serve,2024-10-15,60.4,False
ACC-000336,CO-0010673,Enterprise,201-1000,Financial Services,APAC,self_serve,2023-09-19,68.6,False
ACC-000337,CO-0065829,Commercial,51-200,Public Sector,APAC,inbound_marketing,2022-03-13,44.4,False
ACC-000338,CO-0063193,Commercial,201-1000,Healthcare,EMEA,inbound_marketing,2020-11-19,51.4,False
ACC-000339,CO-0039624,Commercial,51-200,Technology/SaaS,North America,self_serve,2020-02-12,54.5,False
ACC-000340,CO-0063052,Commercial,1001-5000,Professional Services,APAC,inbound_marketing,2025-04-10,56.0,False
ACC-000341,CO-0057360,Commercial,51-200,Public Sector,North America,self_serve,2023-02-04,61.7,False
ACC-000342,CO-0077389,Commercial,201-1000,Logistics/Supply Chain,APAC,self_serve,2022-03-27,61.5,False
ACC-000343,CO-0108314,Commercial,1001-5000,Retail/E-commerce,LATAM,self_serve,2023-07-24,49.7,False
ACC-000344,CO-0036235,Commercial,51-200,Manufacturing,EMEA,self_serve,2025-10-12,53.5,False
ACC-000345,CO-0066366,Commercial,51-200,Retail/E-commerce,EMEA,inbound_marketing,2024-10-07,43.5,False
ACC-000346,CO-0104572,Commercial,201-1000,Financial Services,APAC,self_serve,2022-07-17,54.5,False
ACC-000347,CO-0033606,Commercial,1001-5000,Professional Services,LATAM,self_serve,2024-07-02,71.2,False
ACC-000348,CO-0093049,Enterprise,201-1000,Technology/SaaS,North America,inbound_marketing,2025-01-15,63.5,False
ACC-000349,CO-0052705,Commercial,51-200,Logistics/Supply Chain,North America,self_serve,2025-09-12,49.6,False
ACC-000350,CO-0001127,Commercial,201-1000,Financial Services,North America,inbound_marketing,2024-06-06,60.3,False
ACC-000351,CO-0106448,Commercial,201-1000,Public Sector,EMEA,self_serve,2024-06-17,56.0,False
ACC-000352,CO-0070893,Enterprise,5001-20000,Public Sector,APAC,self_serve,2024-06-21,62.1,False
ACC-000353,CO-0119241,Commercial,1001-5000,Manufacturing,EMEA,self_serve,2024-03-01,64.0,False
ACC-000354,CO-0088553,Commercial,1001-5000,Public Sector,APAC,self_serve,2025-11-27,62.5,False
ACC-000355,CO-0078945,Commercial,201-1000,Media/Entertainment,North America,inbound_marketing,2025-07-28,54.8,False
ACC-000356,CO-0082808,Commercial,1001-5000,Healthcare,EMEA,inbound_marketing,2023-07-09,65.3,False
ACC-000357,CO-0120807,Commercial,201-1000,Technology/SaaS,APAC,self_serve,2023-05-18,50.8,False
ACC-000358,CO-0062183,Commercial,201-1000,Financial Services,EMEA,self_serve,2025-09-17,61.9,False
ACC-000359,CO-0054470,Commercial,201-1000,Manufacturing,APAC,self_serve,2025-08-15,57.5,False
ACC-000360,CO-0034302,Commercial,1001-5000,Healthcare,EMEA,self_serve,2022-07-14,67.3,False
ACC-000361,CO-0062982,Commercial,1001-5000,Retail/E-commerce,North America,inbound_marketing,2024-12-17,54.2,False
ACC-000362,CO-0065396,Enterprise,51-200,Technology/SaaS,North America,self_serve,2025-07-03,62.1,False
ACC-000363,CO-0089831,Commercial,1001-5000,Financial Services,North America,self_serve,2023-02-03,67.3,False
ACC-000364,CO-0067657,Commercial,51-200,Logistics/Supply Chain,North America,inbound_marketing,2024-03-18,54.1,False
ACC-000365,CO-0059110,Commercial,5001-20000,Retail/E-commerce,North America,inbound_marketing,2023-07-14,68.8,False
ACC-000366,CO-0106615,Enterprise,11-50,Financial Services,North America,inbound_marketing,2022-07-10,49.0,False
ACC-000367,CO-0042794,Commercial,1001-5000,Media/Entertainment,North America,inbound_marketing,2025-08-27,71.5,False
ACC-000368,CO-0090194,Commercial,201-1000,Professional Services,EMEA,inbound_marketing,2024-01-07,55.3,False
ACC-000369,CO-0086804,Commercial,1001-5000,Logistics/Supply Chain,North America,inbound_marketing,2025-08-23,62.5,False
ACC-000370,CO-0043982,Commercial,5001-20000,Technology/SaaS,EMEA,inbound_marketing,2025-11-20,65.5,False
ACC-000371,CO-0074389,Commercial,1001-5000,Media/Entertainment,North America,self_serve,2025-01-06,67.5,False
ACC-000372,CO-0025468,Commercial,1001-5000,Logistics/Supply Chain,EMEA,self_serve,2025-09-18,66.7,False
ACC-000373,CO-0004093,Commercial,51-200,Technology/SaaS,APAC,self_serve,2025-11-20,56.3,False
ACC-000374,CO-0073486,Commercial,20000+,Media/Entertainment,North America,self_serve,2023-08-25,67.0,False
ACC-000375,CO-0039853,Commercial,201-1000,Education,North America,inbound_marketing,2025-04-25,45.6,False
ACC-000376,CO-0077560,Commercial,1001-5000,Professional Services,North America,self_serve,2024-11-02,62.6,False
ACC-000377,CO-0010736,Enterprise,201-1000,Financial Services,APAC,inbound_marketing,2023-06-23,61.3,False
ACC-000378,CO-0052639,Commercial,51-200,Financial Services,APAC,self_serve,2025-08-05,40.5,False
ACC-000379,CO-0016780,Commercial,11-50,Manufacturing,North America,self_serve,2025-11-03,44.4,False
ACC-000380,CO-0030603,Commercial,11-50,Financial Services,North America,inbound_marketing,2024-08-20,45.7,False
ACC-000381,CO-0033790,Commercial,201-1000,Financial Services,North America,inbound_marketing,2025-06-06,59.4,False
ACC-000382,CO-0077099,Commercial,1001-5000,Media/Entertainment,North America,inbound_marketing,2020-07-14,71.3,False
ACC-000383,CO-0098563,Commercial,1001-5000,Professional Services,EMEA,inbound_marketing,2024-03-13,61.6,False
ACC-000384,CO-0055055,Commercial,51-200,Technology/SaaS,North America,self_serve,2024-11-02,53.1,False
ACC-000385,CO-0089233,Enterprise,1001-5000,Logistics/Supply Chain,North America,inbound_marketing,2024-06-17,70.0,False
ACC-000386,CO-0011605,Commercial,20000+,Healthcare,APAC,self_serve,2024-12-01,68.7,False
ACC-000387,CO-0057171,Commercial,51-200,Education,North America,inbound_marketing,2025-10-14,48.1,False
ACC-000388,CO-0080431,Commercial,1001-5000,Education,North America,self_serve,2023-04-16,64.3,False
ACC-000389,CO-0029363,Commercial,11-50,Technology/SaaS,North America,self_serve,2024-08-01,41.0,False
ACC-000390,CO-0111814,Commercial,5001-20000,Education,North America,self_serve,2025-06-06,57.9,False
ACC-000391,CO-0041787,Commercial,201-1000,Technology/SaaS,North America,self_serve,2024-07-19,70.7,False
ACC-000392,CO-0034128,Commercial,201-1000,Healthcare,EMEA,self_serve,2022-06-16,55.5,False
ACC-000393,CO-0112469,Commercial,51-200,Financial Services,North America,self_serve,2025-02-01,59.6,False
ACC-000394,CO-0098433,Commercial,201-1000,Logistics/Supply Chain,EMEA,self_serve,2025-01-15,42.3,False
ACC-000395,CO-0089790,Commercial,5001-20000,Education,EMEA,inbound_marketing,2023-07-19,54.8,False
ACC-000396,CO-0073069,Enterprise,201-1000,Financial Services,EMEA,self_serve,2025-04-12,65.4,False
ACC-000397,CO-0016732,Commercial,201-1000,Technology/SaaS,APAC,self_serve,2023-09-12,52.6,False
ACC-000398,CO-0007327,Commercial,1001-5000,Professional Services,North America,self_serve,2024-10-02,54.7,False
ACC-000399,CO-0110080,Commercial,5001-20000,Logistics/Supply Chain,North America,self_serve,2022-01-23,71.4,False
ACC-000400,CO-0075027,Commercial,51-200,Financial Services,North America,inbound_marketing,2024-04-12,50.0,False
ACC-000401,CO-0002553,Commercial,201-1000,Media/Entertainment,APAC,inbound_marketing,2025-09-27,42.4,False
ACC-000402,CO-0119485,Commercial,5001-20000,Technology/SaaS,North America,self_serve,2021-11-15,67.4,False
ACC-000403,CO-0048613,Commercial,5001-20000,Professional Services,North America,self_serve,2023-06-02,68.6,False
ACC-000404,CO-0008461,Commercial,201-1000,Technology/SaaS,North America,self_serve,2025-05-05,54.2,False
ACC-000405,CO-0066554,Commercial,1001-5000,Education,North America,inbound_marketing,2023-11-08,60.2,False
ACC-000406,CO-0035487,Commercial,1001-5000,Technology/SaaS,EMEA,self_serve,2025-09-05,70.1,False
ACC-000407,CO-0070480,Commercial,51-200,Manufacturing,North America,inbound_marketing,2025-01-03,53.6,False
ACC-000408,CO-0060506,Commercial,51-200,Media/Entertainment,APAC,self_serve,2023-09-19,46.4,False
ACC-000409,CO-0120615,Commercial,201-1000,Manufacturing,EMEA,self_serve,2025-04-03,52.7,False
ACC-000410,CO-0072760,Commercial,1001-5000,Media/Entertainment,LATAM,inbound_marketing,2024-09-01,54.6,False
ACC-000411,CO-0078573,Commercial,201-1000,Technology/SaaS,EMEA,self_serve,2021-11-17,58.3,False
ACC-000412,CO-0100726,Enterprise,5001-20000,Retail/E-commerce,EMEA,inbound_marketing,2023-10-17,67.6,False
ACC-000413,CO-0080387,Commercial,5001-20000,Technology/SaaS,LATAM,inbound_marketing,2020-09-15,72.0,False
ACC-000414,CO-0030228,Commercial,1001-5000,Financial Services,EMEA,self_serve,2025-01-24,67.5,False
ACC-000415,CO-0100445,Commercial,51-200,Manufacturing,North America,inbound_marketing,2024-01-19,40.3,False
ACC-000416,CO-0089920,Commercial,201-1000,Technology/SaaS,North America,self_serve,2025-09-10,58.3,False
ACC-000417,CO-0026123,Commercial,201-1000,Media/Entertainment,North America,inbound_marketing,2024-12-20,51.6,False
ACC-000418,CO-0081343,Commercial,201-1000,Manufacturing,North America,inbound_marketing,2024-01-23,61.7,False
ACC-000419,CO-0081516,Commercial,201-1000,Manufacturing,LATAM,inbound_marketing,2025-11-15,66.5,False
ACC-000420,CO-0092221,Enterprise,201-1000,Healthcare,EMEA,self_serve,2024-05-12,60.7,False
ACC-000421,CO-0078160,Commercial,5001-20000,Media/Entertainment,APAC,self_serve,2024-03-07,63.5,False
ACC-000422,CO-0081574,Commercial,5001-20000,Logistics/Supply Chain,North America,inbound_marketing,2025-05-11,71.5,False
ACC-000423,CO-0009002,Enterprise,1001-5000,Healthcare,EMEA,inbound_marketing,2024-03-28,50.3,False
ACC-000424,CO-0042313,Commercial,11-50,Technology/SaaS,North America,self_serve,2022-10-08,48.5,False
ACC-000425,CO-0069397,Commercial,201-1000,Manufacturing,North America,self_serve,2023-11-16,56.6,False
ACC-000426,CO-0020557,Commercial,5001-20000,Retail/E-commerce,EMEA,self_serve,2024-10-22,58.4,False
ACC-000427,CO-0075003,Commercial,201-1000,Financial Services,EMEA,self_serve,2025-11-22,51.4,False
ACC-000428,CO-0037592,Commercial,1001-5000,Retail/E-commerce,LATAM,inbound_marketing,2021-09-07,49.8,False
ACC-000429,CO-0039528,Commercial,201-1000,Manufacturing,North America,self_serve,2021-05-28,60.5,False
ACC-000430,CO-0056210,Commercial,1001-5000,Healthcare,EMEA,self_serve,2022-04-22,64.0,False
ACC-000431,CO-0100196,Commercial,201-1000,Public Sector,North America,self_serve,2025-05-02,49.5,False
ACC-000432,CO-0120146,Commercial,201-1000,Technology/SaaS,North America,inbound_marketing,2024-08-16,60.9,False
ACC-000433,CO-0099143,Commercial,1001-5000,Retail/E-commerce,North America,self_serve,2023-08-17,60.7,False
ACC-000434,CO-0052895,Commercial,1001-5000,Education,EMEA,inbound_marketing,2025-10-07,61.7,False
ACC-000435,CO-0018301,Commercial,1001-5000,Manufacturing,APAC,inbound_marketing,2021-08-18,51.8,False
ACC-000436,CO-0075153,Commercial,1001-5000,Retail/E-commerce,North America,self_serve,2024-08-23,61.1,False
ACC-000437,CO-0106662,Commercial,201-1000,Healthcare,North America,self_serve,2020-07-12,49.0,False
ACC-000438,CO-0032627,Commercial,201-1000,Professional Services,North America,self_serve,2023-09-24,49.4,False
ACC-000439,CO-0044503,Commercial,1001-5000,Manufacturing,APAC,self_serve,2025-11-01,66.3,False
ACC-000440,CO-0099164,Commercial,51-200,Financial Services,APAC,self_serve,2021-08-10,52.3,False
ACC-000441,CO-0035548,Commercial,201-1000,Public Sector,North America,self_serve,2025-06-12,40.8,False
ACC-000442,CO-0095674,Commercial,51-200,Retail/E-commerce,North America,inbound_marketing,2023-12-08,56.3,False
ACC-000443,CO-0033148,Commercial,5001-20000,Professional Services,North America,inbound_marketing,2024-07-05,67.8,False
ACC-000444,CO-0032649,Commercial,201-1000,Healthcare,North America,self_serve,2025-07-11,67.2,False
ACC-000445,CO-0099575,Commercial,201-1000,Manufacturing,EMEA,self_serve,2023-10-01,47.5,False
ACC-000446,CO-0109832,Commercial,1001-5000,Financial Services,North America,self_serve,2021-04-14,69.3,False
ACC-000447,CO-0058981,Commercial,201-1000,Technology/SaaS,North America,self_serve,2024-09-09,63.6,False
ACC-000448,CO-0110512,Commercial,1001-5000,Professional Services,North America,inbound_marketing,2023-10-05,59.2,False
ACC-000449,CO-0014293,Commercial,201-1000,Logistics/Supply Chain,North America,self_serve,2020-10-25,59.6,False
ACC-000450,CO-0034373,Commercial,201-1000,Education,North America,inbound_marketing,2025-03-13,59.3,False
ACC-000451,CO-0072644,Commercial,1001-5000,Retail/E-commerce,North America,self_serve,2024-12-28,56.4,False
ACC-000452,CO-0001944,Enterprise,51-200,Manufacturing,EMEA,self_serve,2024-11-11,53.4,False
ACC-000453,CO-0118609,Commercial,11-50,Financial Services,North America,inbound_marketing,2021-04-12,43.2,False
ACC-000454,CO-0019008,Commercial,201-1000,Public Sector,North America,inbound_marketing,2024-09-27,58.4,False
ACC-000455,CO-0096222,Commercial,51-200,Technology/SaaS,APAC,self_serve,2023-04-27,52.9,False
ACC-000456,CO-0014302,Commercial,1001-5000,Retail/E-commerce,North America,self_serve,2023-03-28,67.6,False
ACC-000457,CO-0088989,Commercial,1001-5000,Technology/SaaS,North America,self_serve,2023-06-09,64.6,False
ACC-000458,CO-0028932,Commercial,1001-5000,Technology/SaaS,North America,self_serve,2025-02-10,68.9,False
ACC-000459,CO-0030468,Commercial,51-200,Media/Entertainment,North America,inbound_marketing,2025-02-11,48.6,False
ACC-000460,CO-0013908,Commercial,201-1000,Healthcare,North America,self_serve,2024-08-09,59.1,False
ACC-000461,CO-0077367,Commercial,201-1000,Public Sector,APAC,self_serve,2024-11-07,60.3,False
ACC-000462,CO-0054865,Commercial,1001-5000,Technology/SaaS,North America,inbound_marketing,2023-07-27,66.4,False
ACC-000463,CO-0042364,Commercial,201-1000,Healthcare,North America,inbound_marketing,2025-02-18,56.4,False
ACC-000464,CO-0014566,Commercial,51-200,Financial Services,North America,self_serve,2021-01-04,56.5,False
ACC-000465,CO-0068331,Commercial,1001-5000,Retail/E-commerce,North America,self_serve,2024-03-19,46.8,False
ACC-000466,CO-0104780,Commercial,1001-5000,Technology/SaaS,North America,self_serve,2025-08-24,62.8,False
ACC-000467,CO-0040019,Enterprise,1001-5000,Professional Services,EMEA,self_serve,2023-12-18,51.5,False
ACC-000468,CO-0114272,Commercial,1001-5000,Healthcare,EMEA,inbound_marketing,2025-01-08,58.9,False
ACC-000469,CO-0101918,Commercial,11-50,Manufacturing,North America,self_serve,2023-09-07,48.1,False
ACC-000470,CO-0057477,Commercial,201-1000,Financial Services,North America,self_serve,2025-10-22,64.2,False
ACC-000471,CO-0081433,Commercial,5001-20000,Professional Services,North America,self_serve,2024-11-03,69.5,False
ACC-000472,CO-0007413,Commercial,51-200,Technology/SaaS,EMEA,inbound_marketing,2022-08-08,52.9,False
ACC-000473,CO-0044547,Commercial,1001-5000,Technology/SaaS,EMEA,self_serve,2024-05-21,69.6,False
ACC-000474,CO-0057224,Commercial,201-1000,Logistics/Supply Chain,North America,inbound_marketing,2025-08-06,52.2,False
ACC-000475,CO-0085713,Commercial,201-1000,Education,North America,self_serve,2023-08-19,52.1,False
ACC-000476,CO-0075145,Commercial,201-1000,Financial Services,EMEA,self_serve,2024-04-07,60.6,False
ACC-000477,CO-0030743,Commercial,201-1000,Logistics/Supply Chain,EMEA,self_serve,2025-04-15,54.5,False
ACC-000478,CO-0103530,Commercial,11-50,Professional Services,APAC,self_serve,2021-10-31,14.4,False
ACC-000479,CO-0048570,SMB,11-50,Financial Services,North America,self_serve,2025-07-09,35.6,False
ACC-000480,CO-0001893,SMB,1-10,Professional Services,North America,inbound_marketing,2025-12-01,30.3,False
ACC-000481,CO-0104889,SMB,11-50,Technology/SaaS,North America,self_serve,2022-12-25,31.8,False
ACC-000482,CO-0002827,SMB,51-200,Manufacturing,APAC,inbound_marketing,2025-05-01,38.0,False
ACC-000483,CO-0011614,SMB,51-200,Media/Entertainment,North America,self_serve,2020-10-18,23.9,False
ACC-000484,CO-0074595,SMB,1-10,Healthcare,EMEA,self_serve,2022-07-27,32.8,True
ACC-000485,CO-0113319,SMB,1-10,Financial Services,North America,self_serve,2025-11-18,27.4,True
ACC-000486,CO-0123095,SMB,1-10,Healthcare,North America,self_serve,2024-10-15,28.7,False
ACC-000487,CO-0088540,SMB,1-10,Retail/E-commerce,North America,self_serve,2025-08-09,30.0,False
ACC-000488,CO-0098517,SMB,11-50,Retail/E-commerce,North America,self_serve,2025-12-07,23.0,False
ACC-000489,CO-0012376,SMB,11-50,Technology/SaaS,North America,self_serve,2024-12-17,25.9,False
ACC-000490,CO-0064770,SMB,1-10,Media/Entertainment,North America,inbound_marketing,2025-09-10,17.3,False
ACC-000491,CO-0015969,SMB,11-50,Technology/SaaS,North America,self_serve,2024-02-22,39.6,False
ACC-000492,CO-0101122,SMB,1-10,Manufacturing,North America,self_serve,2024-03-10,38.9,True
ACC-000493,CO-0060526,SMB,1-10,Manufacturing,EMEA,self_serve,2024-10-15,25.5,True
ACC-000494,CO-0048629,SMB,11-50,Technology/SaaS,North America,self_serve,2024-11-24,24.3,False
ACC-000495,CO-0012779,SMB,1-10,Media/Entertainment,North America,inbound_marketing,2025-06-01,17.0,True
ACC-000496,CO-0094763,SMB,1-10,Public Sector,North America,self_serve,2025-10-25,32.5,False
ACC-000497,CO-0109000,SMB,51-200,Education,APAC,self_serve,2023-06-20,37.1,False
ACC-000498,CO-0116895,SMB,1-10,Financial Services,APAC,self_serve,2025-10-18,24.7,False
ACC-000499,CO-0090510,SMB,51-200,Retail/E-commerce,North America,inbound_marketing,2025-05-27,30.3,False
ACC-000500,CO-0023236,SMB,1-10,Healthcare,EMEA,self_serve,2025-09-13,24.3,False
ACC-000501,CO-0038290,SMB,1-10,Retail/E-commerce,North America,self_serve,2025-01-04,14.7,False
ACC-000502,CO-0046302,SMB,1-10,Education,North America,self_serve,2024-11-19,5.6,False
ACC-000503,CO-0119959,SMB,51-200,Manufacturing,North America,inbound_marketing,2024-08-17,37.5,False
ACC-000504,CO-0030083,SMB,11-50,Retail/E-commerce,APAC,self_serve,2024-03-10,16.4,False
ACC-000505,CO-0060291,SMB,1-10,Professional Services,APAC,self_serve,2024-08-02,15.6,False
ACC-000506,CO-0056981,SMB,11-50,Financial Services,APAC,self_serve,2023-05-21,31.6,False
ACC-000507,CO-0010750,SMB,11-50,Retail/E-commerce,North America,self_serve,2023-01-22,25.6,False
ACC-000508,CO-0079024,SMB,1-10,Financial Services,North America,inbound_marketing,2022-03-31,26.7,False
ACC-000509,CO-0099314,SMB,11-50,Retail/E-commerce,LATAM,self_serve,2024-08-24,32.8,False
ACC-000510,CO-0057083,SMB,11-50,Professional Services,North America,self_serve,2024-08-06,21.5,False
ACC-000511,CO-0096597,SMB,11-50,Logistics/Supply Chain,North America,self_serve,2025-10-09,26.7,False
ACC-000512,CO-0051869,SMB,51-200,Logistics/Supply Chain,EMEA,self_serve,2025-06-19,30.8,False
ACC-000513,CO-0047210,SMB,11-50,Technology/SaaS,EMEA,self_serve,2025-01-11,39.0,False
ACC-000514,CO-0044799,Commercial,1-10,Media/Entertainment,EMEA,self_serve,2024-03-26,21.8,True
ACC-000515,CO-0104820,SMB,1-10,Healthcare,North America,self_serve,2023-01-25,32.4,True
ACC-000516,CO-0025057,SMB,51-200,Professional Services,LATAM,self_serve,2024-10-02,29.9,False
ACC-000517,CO-0063968,SMB,201-1000,Retail/E-commerce,EMEA,self_serve,2024-04-09,30.6,False
ACC-000518,CO-0064655,SMB,1-10,Retail/E-commerce,EMEA,self_serve,2024-04-01,13.6,False
ACC-000519,CO-0070983,SMB,11-50,Financial Services,EMEA,inbound_marketing,2022-01-09,33.5,False
ACC-000520,CO-0003435,SMB,1-10,Public Sector,North America,inbound_marketing,2024-08-12,20.2,False
ACC-000521,CO-0105470,SMB,1-10,Retail/E-commerce,North America,self_serve,2025-02-05,32.0,False
ACC-000522,CO-0114186,SMB,1-10,Logistics/Supply Chain,North America,inbound_marketing,2024-02-24,22.2,False
ACC-000523,CO-0014513,SMB,1-10,Retail/E-commerce,EMEA,self_serve,2023-07-24,21.2,False
ACC-000524,CO-0072008,SMB,11-50,Healthcare,EMEA,self_serve,2023-12-27,35.7,False
ACC-000525,CO-0111414,SMB,11-50,Manufacturing,North America,self_serve,2024-10-12,35.2,False
ACC-000526,CO-0123007,SMB,1-10,Education,EMEA,inbound_marketing,2024-01-09,19.4,False
ACC-000527,CO-0103928,SMB,1-10,Education,North America,self_serve,2022-02-24,8.2,False
ACC-000528,CO-0106114,Commercial,201-1000,Retail/E-commerce,APAC,inbound_marketing,2025-06-28,36.9,False
ACC-000529,CO-0055968,Commercial,11-50,Public Sector,North America,self_serve,2024-11-10,24.9,False
ACC-000530,CO-0050512,SMB,51-200,Professional Services,APAC,self_serve,2025-04-09,34.0,False
ACC-000531,CO-0114943,SMB,201-1000,Media/Entertainment,EMEA,self_serve,2025-01-11,36.4,False
ACC-000532,CO-0070366,SMB,1-10,Manufacturing,APAC,self_serve,2023-12-25,22.8,False
ACC-000533,CO-0049635,SMB,11-50,Professional Services,North America,inbound_marketing,2025-02-06,25.3,False
ACC-000534,CO-0097119,SMB,11-50,Retail/E-commerce,North America,self_serve,2023-01-08,24.6,False
ACC-000535,CO-0119235,SMB,11-50,Financial Services,APAC,inbound_marketing,2025-10-26,27.6,False
ACC-000536,CO-0082534,SMB,1-10,Manufacturing,North America,self_serve,2020-12-22,21.5,False
ACC-000537,CO-0028973,SMB,51-200,Manufacturing,North America,inbound_marketing,2024-09-10,34.4,False
ACC-000538,CO-0073724,SMB,1-10,Public Sector,North America,inbound_marketing,2025-04-16,25.8,False
ACC-000539,CO-0026228,SMB,1-10,Healthcare,APAC,self_serve,2024-03-22,21.8,False
ACC-000540,CO-0001819,SMB,1-10,Retail/E-commerce,North America,self_serve,2023-05-19,8.7,False
ACC-000541,CO-0030587,SMB,11-50,Logistics/Supply Chain,North America,self_serve,2021-01-01,21.0,False
ACC-000542,CO-0031892,SMB,1-10,Professional Services,EMEA,inbound_marketing,2021-09-13,13.5,False
ACC-000543,CO-0045819,SMB,51-200,Media/Entertainment,EMEA,self_serve,2024-03-15,29.3,False
ACC-000544,CO-0038679,SMB,1-10,Manufacturing,EMEA,inbound_marketing,2020-08-11,24.7,False
ACC-000545,CO-0074789,Commercial,1-10,Logistics/Supply Chain,North America,self_serve,2020-09-14,25.9,False
ACC-000546,CO-0047736,SMB,11-50,Public Sector,North America,self_serve,2024-06-27,29.2,False
ACC-000547,CO-0088332,SMB,11-50,Logistics/Supply Chain,North America,self_serve,2024-01-05,32.6,False
ACC-000548,CO-0028299,SMB,11-50,Public Sector,North America,inbound_marketing,2024-01-24,28.5,False
ACC-000549,CO-0036469,SMB,1-10,Healthcare,APAC,self_serve,2020-04-28,34.2,False
ACC-000550,CO-0016452,SMB,1-10,Media/Entertainment,EMEA,inbound_marketing,2025-07-16,21.0,False
ACC-000551,CO-0028360,SMB,1-10,Public Sector,APAC,self_serve,2025-01-07,24.1,False
ACC-000552,CO-0078141,SMB,51-200,Retail/E-commerce,EMEA,inbound_marketing,2023-11-21,22.7,False
ACC-000553,CO-0073953,SMB,1-10,Financial Services,North America,self_serve,2023-03-19,27.8,False
ACC-000554,CO-0009901,SMB,1-10,Healthcare,EMEA,self_serve,2025-04-10,33.0,False
ACC-000555,CO-0013876,SMB,51-200,Retail/E-commerce,North America,self_serve,2025-12-20,34.8,False
ACC-000556,CO-0015880,SMB,11-50,Professional Services,EMEA,self_serve,2025-09-01,12.4,False
ACC-000557,CO-0015369,Commercial,1-10,Financial Services,North America,inbound_marketing,2024-04-15,17.5,False
ACC-000558,CO-0095955,Commercial,11-50,Manufacturing,North America,self_serve,2023-11-20,23.2,False
ACC-000559,CO-0033503,SMB,51-200,Education,APAC,self_serve,2022-12-31,22.8,False
ACC-000560,CO-0101764,SMB,1-10,Financial Services,North America,inbound_marketing,2021-03-29,12.4,False
ACC-000561,CO-0050150,SMB,11-50,Technology/SaaS,North America,self_serve,2020-03-21,36.6,False
ACC-000562,CO-0059830,SMB,51-200,Retail/E-commerce,North America,inbound_marketing,2025-04-27,36.0,False
ACC-000563,CO-0046566,SMB,11-50,Retail/E-commerce,North America,inbound_marketing,2023-05-20,34.0,False
ACC-000564,CO-0031488,SMB,1-10,Logistics/Supply Chain,LATAM,self_serve,2023-07-27,22.2,False
ACC-000565,CO-0096822,SMB,11-50,Healthcare,EMEA,inbound_marketing,2025-11-16,35.9,False
ACC-000566,CO-0097822,SMB,1-10,Financial Services,North America,self_serve,2025-12-07,30.8,True
ACC-000567,CO-0069513,SMB,1-10,Logistics/Supply Chain,APAC,self_serve,2021-08-28,22.1,False
ACC-000568,CO-0051815,SMB,11-50,Logistics/Supply Chain,APAC,self_serve,2025-03-02,24.6,False
ACC-000569,CO-0099789,SMB,11-50,Logistics/Supply Chain,North America,self_serve,2025-09-23,35.4,False
ACC-000570,CO-0102963,SMB,1-10,Technology/SaaS,North America,self_serve,2025-11-05,18.1,False
ACC-000571,CO-0004817,SMB,11-50,Financial Services,EMEA,self_serve,2025-06-17,34.7,False
ACC-000572,CO-0085305,SMB,201-1000,Media/Entertainment,LATAM,self_serve,2024-02-04,37.6,False
ACC-000573,CO-0023576,Commercial,11-50,Education,EMEA,self_serve,2025-03-26,32.6,False
ACC-000574,CO-0110626,SMB,1-10,Financial Services,North America,self_serve,2020-01-08,25.5,False
ACC-000575,CO-0085517,SMB,11-50,Media/Entertainment,North America,inbound_marketing,2025-05-28,34.4,False
ACC-000576,CO-0056089,Commercial,11-50,Manufacturing,North America,self_serve,2023-04-21,27.7,False
ACC-000577,CO-0027202,SMB,1-10,Public Sector,EMEA,self_serve,2022-06-30,13.1,False
ACC-000578,CO-0088606,SMB,51-200,Education,EMEA,self_serve,2025-09-23,37.0,False
ACC-000579,CO-0035178,SMB,11-50,Professional Services,EMEA,self_serve,2025-03-18,33.9,False
ACC-000580,CO-0113753,SMB,11-50,Retail/E-commerce,North America,self_serve,2020-06-06,27.3,False
ACC-000581,CO-0008644,SMB,1-10,Logistics/Supply Chain,LATAM,self_serve,2023-08-06,15.4,False
ACC-000582,CO-0050017,SMB,1-10,Logistics/Supply Chain,North America,self_serve,2021-01-21,30.0,False
ACC-000583,CO-0085460,SMB,1-10,Retail/E-commerce,APAC,self_serve,2021-10-29,12.6,True
ACC-000584,CO-0096359,SMB,11-50,Manufacturing,North America,self_serve,2024-11-04,39.3,False
ACC-000585,CO-0037649,SMB,1-10,Public Sector,EMEA,self_serve,2022-01-04,25.0,False
ACC-000586,CO-0120255,SMB,1-10,Technology/SaaS,North America,self_serve,2023-08-06,18.9,False
ACC-000587,CO-0005949,SMB,1-10,Technology/SaaS,EMEA,self_serve,2025-10-19,29.4,False
ACC-000588,CO-0036977,SMB,11-50,Logistics/Supply Chain,LATAM,inbound_marketing,2022-05-29,22.4,False
ACC-000589,CO-0007210,SMB,11-50,Logistics/Supply Chain,North America,inbound_marketing,2025-08-16,28.5,False
ACC-000590,CO-0048415,SMB,11-50,Manufacturing,EMEA,self_serve,2025-03-07,22.7,False
ACC-000591,CO-0107268,SMB,1-10,Technology/SaaS,North America,inbound_marketing,2021-06-18,21.0,True
ACC-000592,CO-0079183,SMB,1-10,Media/Entertainment,EMEA,self_serve,2024-01-16,25.6,True
ACC-000593,CO-0024100,SMB,201-1000,Retail/E-commerce,North America,self_serve,2024-09-06,39.1,False
ACC-000594,CO-0020128,SMB,11-50,Professional Services,North America,self_serve,2022-02-09,22.6,False
ACC-000595,CO-0096937,SMB,1-10,Logistics/Supply Chain,North America,inbound_marketing,2024-07-15,27.7,True
ACC-000596,CO-0073802,SMB,11-50,Logistics/Supply Chain,North America,inbound_marketing,2024-05-09,30.3,False
ACC-000597,CO-0118082,SMB,1-10,Public Sector,North America,self_serve,2020-05-23,20.9,False
ACC-000598,CO-0037425,SMB,201-1000,Media/Entertainment,APAC,self_serve,2025-02-01,36.4,False
ACC-000599,CO-0111190,SMB,51-200,Retail/E-commerce,North America,self_serve,2023-10-01,37.8,False
ACC-000600,CO-0061190,Commercial,11-50,Professional Services,EMEA,inbound_marketing,2024-11-01,27.0,False
ACC-000601,CO-0115394,SMB,1-10,Public Sector,EMEA,self_serve,2022-09-13,33.2,False
ACC-000602,CO-0120037,SMB,51-200,Manufacturing,APAC,self_serve,2023-05-01,35.5,False
ACC-000603,CO-0026265,SMB,1-10,Logistics/Supply Chain,EMEA,self_serve,2024-03-09,19.7,False
ACC-000604,CO-0069827,SMB,1-10,Financial Services,EMEA,inbound_marketing,2025-07-27,30.7,False
ACC-000605,CO-0012439,Commercial,1-10,Financial Services,North America,inbound_marketing,2025-06-16,17.9,False
ACC-000606,CO-0121826,SMB,11-50,Professional Services,North America,self_serve,2025-09-28,26.5,False
ACC-000607,CO-0002834,SMB,51-200,Retail/E-commerce,North America,self_serve,2025-04-28,34.1,False
ACC-000608,CO-0099088,SMB,51-200,Professional Services,North America,self_serve,2020-08-17,38.4,False
ACC-000609,CO-0092398,SMB,51-200,Retail/E-commerce,APAC,self_serve,2025-10-06,34.3,False
ACC-000610,CO-0048120,SMB,11-50,Manufacturing,North America,self_serve,2025-12-15,37.6,False
ACC-000611,CO-0117066,SMB,1-10,Logistics/Supply Chain,North America,inbound_marketing,2024-12-15,10.9,False
ACC-000612,CO-0113707,Commercial,1-10,Public Sector,North America,inbound_marketing,2024-08-01,16.2,True
ACC-000613,CO-0068303,SMB,1-10,Media/Entertainment,North America,inbound_marketing,2024-09-14,38.1,False
ACC-000614,CO-0116396,Commercial,1-10,Healthcare,North America,self_serve,2024-03-06,39.1,True
ACC-000615,CO-0071451,SMB,201-1000,Retail/E-commerce,APAC,self_serve,2023-07-13,33.9,False
ACC-000616,CO-0111572,SMB,11-50,Retail/E-commerce,LATAM,inbound_marketing,2025-09-04,9.9,False
ACC-000617,CO-0077761,SMB,1-10,Retail/E-commerce,EMEA,self_serve,2024-02-08,24.0,False
ACC-000618,CO-0062546,Commercial,1-10,Education,EMEA,self_serve,2025-04-27,13.2,False
ACC-000619,CO-0099231,SMB,1-10,Professional Services,EMEA,self_serve,2024-06-26,19.5,False
ACC-000620,CO-0083467,SMB,1-10,Manufacturing,North America,self_serve,2023-03-16,31.4,False
ACC-000621,CO-0022394,SMB,1-10,Technology/SaaS,North America,self_serve,2023-12-13,22.7,False
ACC-000622,CO-0053326,SMB,51-200,Logistics/Supply Chain,North America,self_serve,2025-08-18,35.0,False
ACC-000623,CO-0099212,SMB,11-50,Healthcare,EMEA,self_serve,2024-10-26,22.0,False
ACC-000624,CO-0047536,SMB,1-10,Professional Services,EMEA,self_serve,2025-09-24,14.8,False
ACC-000625,CO-0045597,SMB,11-50,Financial Services,APAC,inbound_marketing,2020-06-03,29.1,False
ACC-000626,CO-0080996,SMB,1-10,Manufacturing,EMEA,self_serve,2025-04-23,35.2,False
ACC-000627,CO-0038487,SMB,1-10,Logistics/Supply Chain,North America,self_serve,2024-01-26,20.7,False
ACC-000628,CO-0110748,SMB,11-50,Logistics/Supply Chain,North America,self_serve,2024-06-16,24.2,False
ACC-000629,CO-0047182,SMB,1-10,Manufacturing,EMEA,self_serve,2024-03-15,21.2,False
ACC-000630,CO-0006122,SMB,1-10,Technology/SaaS,EMEA,inbound_marketing,2022-03-09,25.6,True
ACC-000631,CO-0079649,Commercial,51-200,Education,North America,self_serve,2021-02-06,36.1,False
ACC-000632,CO-0086439,SMB,11-50,Retail/E-commerce,EMEA,self_serve,2024-03-15,25.4,False
ACC-000633,CO-0002465,SMB,11-50,Healthcare,North America,inbound_marketing,2025-03-17,27.0,False
ACC-000634,CO-0045379,SMB,1-10,Professional Services,North America,self_serve,2023-02-11,19.1,False
ACC-000635,CO-0035470,SMB,51-200,Retail/E-commerce,North America,self_serve,2025-05-20,32.2,False
ACC-000636,CO-0035177,SMB,1-10,Manufacturing,North America,self_serve,2025-11-06,23.5,False
ACC-000637,CO-0117078,SMB,11-50,Financial Services,North America,self_serve,2025-10-18,30.9,False
ACC-000638,CO-0008188,SMB,11-50,Professional Services,North America,self_serve,2025-01-08,36.5,False
ACC-000639,CO-0087730,SMB,11-50,Education,LATAM,self_serve,2024-08-16,15.5,False
ACC-000640,CO-0117657,SMB,1-10,Manufacturing,North America,self_serve,2024-07-03,28.7,True
ACC-000641,CO-0018720,SMB,51-200,Manufacturing,APAC,inbound_marketing,2024-11-07,37.9,False
ACC-000642,CO-0109883,SMB,11-50,Financial Services,North America,self_serve,2024-03-22,25.4,False
ACC-000643,CO-0025722,SMB,1-10,Public Sector,EMEA,inbound_marketing,2025-11-24,11.8,False
ACC-000644,CO-0059761,SMB,11-50,Technology/SaaS,EMEA,self_serve,2025-01-09,33.8,False
ACC-000645,CO-0064151,SMB,51-200,Professional Services,EMEA,self_serve,2022-06-25,37.5,False
ACC-000646,CO-0090883,SMB,1-10,Education,North America,self_serve,2025-12-14,19.3,False
ACC-000647,CO-0020171,SMB,11-50,Professional Services,EMEA,self_serve,2024-06-11,20.6,False
ACC-000648,CO-0069328,Commercial,1-10,Healthcare,APAC,inbound_marketing,2023-10-22,25.4,False
ACC-000649,CO-0012557,SMB,1-10,Technology/SaaS,North America,self_serve,2025-09-12,25.3,False
ACC-000650,CO-0090201,SMB,51-200,Manufacturing,North America,self_serve,2024-12-05,37.8,False
ACC-000651,CO-0044654,SMB,1-10,Manufacturing,APAC,inbound_marketing,2024-02-18,37.0,False
ACC-000652,CO-0065845,SMB,11-50,Public Sector,APAC,self_serve,2025-10-03,25.6,False
ACC-000653,CO-0002772,SMB,11-50,Manufacturing,North America,self_serve,2025-09-23,25.2,False
ACC-000654,CO-0110160,SMB,51-200,Logistics/Supply Chain,EMEA,self_serve,2024-10-10,38.0,False
ACC-000655,CO-0026337,Commercial,1-10,Retail/E-commerce,North America,inbound_marketing,2022-05-11,10.9,False
ACC-000656,CO-0064855,SMB,51-200,Professional Services,APAC,self_serve,2022-10-10,31.2,False
ACC-000657,CO-0098790,SMB,11-50,Financial Services,North America,self_serve,2025-04-15,35.7,False
ACC-000658,CO-0074213,SMB,11-50,Technology/SaaS,EMEA,self_serve,2023-06-26,34.6,False
ACC-000659,CO-0102484,SMB,11-50,Technology/SaaS,EMEA,self_serve,2025-11-10,23.5,False
ACC-000660,CO-0048919,SMB,1-10,Education,EMEA,inbound_marketing,2023-12-07,13.1,True
ACC-000661,CO-0058505,SMB,1-10,Financial Services,North America,self_serve,2023-05-06,25.3,False
ACC-000662,CO-0016957,SMB,51-200,Financial Services,APAC,self_serve,2021-11-27,36.0,False
ACC-000663,CO-0029294,SMB,11-50,Retail/E-commerce,North America,self_serve,2024-06-06,17.4,False
ACC-000664,CO-0013772,SMB,11-50,Technology/SaaS,EMEA,inbound_marketing,2025-04-24,31.0,False
ACC-000665,CO-0063017,Commercial,1-10,Manufacturing,APAC,self_serve,2022-03-25,25.7,False
ACC-000666,CO-0054427,SMB,11-50,Retail/E-commerce,North America,self_serve,2025-08-02,17.6,False
ACC-000667,CO-0019448,SMB,51-200,Education,EMEA,self_serve,2021-03-24,30.8,False
ACC-000668,CO-0118631,SMB,11-50,Logistics/Supply Chain,North America,self_serve,2025-11-28,16.2,False
ACC-000669,CO-0057147,SMB,51-200,Professional Services,North America,self_serve,2024-05-06,34.9,False
ACC-000670,CO-0107855,SMB,1-10,Logistics/Supply Chain,North America,self_serve,2024-11-17,24.0,True
ACC-000671,CO-0019850,SMB,11-50,Technology/SaaS,North America,self_serve,2022-12-18,36.1,False
ACC-000672,CO-0111098,SMB,51-200,Manufacturing,LATAM,self_serve,2025-06-12,35.9,False
ACC-000673,CO-0083186,SMB,51-200,Financial Services,North America,self_serve,2023-10-10,38.4,False
ACC-000674,CO-0091038,SMB,1-10,Retail/E-commerce,North America,self_serve,2025-06-28,28.2,False
ACC-000675,CO-0081631,SMB,1-10,Professional Services,North America,self_serve,2025-06-08,17.0,False
ACC-000676,CO-0080675,SMB,11-50,Technology/SaaS,North America,self_serve,2024-12-28,30.9,False
ACC-000677,CO-0095793,SMB,1-10,Financial Services,North America,inbound_marketing,2024-03-21,32.7,False
ACC-000678,CO-0085878,SMB,51-200,Technology/SaaS,North America,self_serve,2022-06-04,39.6,False
ACC-000679,CO-0085162,Commercial,1-10,Logistics/Supply Chain,North America,self_serve,2024-04-21,38.0,True
ACC-000680,CO-0039174,SMB,11-50,Professional Services,EMEA,inbound_marketing,2022-02-14,25.8,False
ACC-000681,CO-0015523,SMB,11-50,Logistics/Supply Chain,EMEA,self_serve,2024-10-16,24.1,False
ACC-000682,CO-0085826,SMB,1-10,Public Sector,EMEA,self_serve,2025-06-10,20.6,False
ACC-000683,CO-0068809,Commercial,1-10,Retail/E-commerce,North America,inbound_marketing,2024-10-03,24.8,True
ACC-000684,CO-0113824,Commercial,51-200,Logistics/Supply Chain,EMEA,self_serve,2024-02-22,26.8,False
ACC-000685,CO-0007114,SMB,1-10,Logistics/Supply Chain,North America,self_serve,2024-12-04,29.4,True
ACC-000686,CO-0047609,SMB,1-10,Media/Entertainment,North America,self_serve,2025-01-01,25.6,False
ACC-000687,CO-0096504,SMB,51-200,Technology/SaaS,EMEA,self_serve,2023-05-13,30.5,False
ACC-000688,CO-0092070,SMB,1-10,Manufacturing,LATAM,inbound_marketing,2025-11-27,28.7,True
ACC-000689,CO-0111492,SMB,11-50,Retail/E-commerce,EMEA,inbound_marketing,2025-07-02,16.7,False
ACC-000690,CO-0027545,SMB,1-10,Retail/E-commerce,North America,self_serve,2023-12-08,19.7,False
ACC-000691,CO-0024175,SMB,11-50,Technology/SaaS,EMEA,self_serve,2020-03-25,19.9,False
ACC-000692,CO-0059760,SMB,51-200,Education,North America,self_serve,2025-03-22,26.5,False
ACC-000693,CO-0020320,SMB,1-10,Manufacturing,North America,inbound_marketing,2025-07-23,26.4,False
ACC-000694,CO-0094823,SMB,11-50,Manufacturing,EMEA,self_serve,2023-04-16,28.5,False
ACC-000695,CO-0117590,SMB,11-50,Healthcare,North America,inbound_marketing,2025-01-15,28.8,False
ACC-000696,CO-0049234,SMB,1-10,Retail/E-commerce,North America,inbound_marketing,2024-12-02,31.1,False
ACC-000697,CO-0079944,SMB,1-10,Financial Services,North America,self_serve,2023-01-18,26.6,False
ACC-000698,CO-0016857,Commercial,1-10,Logistics/Supply Chain,North America,self_serve,2024-07-13,18.8,True
ACC-000699,CO-0025559,SMB,1-10,Manufacturing,APAC,inbound_marketing,2025-07-09,34.0,True
ACC-000700,CO-0076421,SMB,1-10,Media/Entertainment,North America,self_serve,2025-12-12,18.9,False
ACC-000701,CO-0034075,SMB,11-50,Retail/E-commerce,North America,self_serve,2024-03-14,28.5,False
ACC-000702,CO-0058146,SMB,11-50,Manufacturing,LATAM,self_serve,2025-12-09,13.7,False
ACC-000703,CO-0004049,SMB,11-50,Logistics/Supply Chain,North America,inbound_marketing,2024-10-07,19.5,False
ACC-000704,CO-0118006,SMB,11-50,Professional Services,North America,self_serve,2023-06-10,26.5,False
ACC-000705,CO-0066296,SMB,11-50,Manufacturing,North America,self_serve,2022-11-28,33.1,False
ACC-000706,CO-0046039,SMB,51-200,Financial Services,North America,inbound_marketing,2023-05-27,37.7,False
ACC-000707,CO-0077774,Enterprise,51-200,Logistics/Supply Chain,APAC,self_serve,2023-08-24,33.6,False
ACC-000708,CO-0073814,SMB,51-200,Retail/E-commerce,North America,self_serve,2024-01-07,33.7,False
ACC-000709,CO-0038988,SMB,11-50,Logistics/Supply Chain,North America,self_serve,2023-02-06,31.6,False
ACC-000710,CO-0100685,SMB,11-50,Healthcare,EMEA,inbound_marketing,2025-04-20,20.5,False
ACC-000711,CO-0018563,SMB,1-10,Manufacturing,APAC,inbound_marketing,2025-08-13,33.5,False
ACC-000712,CO-0006661,SMB,11-50,Technology/SaaS,North America,self_serve,2024-06-21,32.5,False
ACC-000713,CO-0033864,SMB,1-10,Logistics/Supply Chain,North America,self_serve,2020-10-04,29.8,False
ACC-000714,CO-0028584,SMB,11-50,Media/Entertainment,North America,inbound_marketing,2024-10-26,30.8,False
ACC-000715,CO-0016664,SMB,11-50,Education,North America,self_serve,2024-11-12,18.2,False
ACC-000716,CO-0091592,SMB,1-10,Financial Services,EMEA,self_serve,2025-12-09,20.7,False
ACC-000717,CO-0010874,SMB,1-10,Retail/E-commerce,APAC,self_serve,2023-06-12,22.7,True
ACC-000718,CO-0086771,SMB,11-50,Healthcare,North America,self_serve,2024-05-19,28.7,False
ACC-000719,CO-0024243,SMB,51-200,Healthcare,North America,self_serve,2025-06-09,33.4,False
ACC-000720,CO-0004414,Commercial,11-50,Education,APAC,self_serve,2023-08-27,17.1,False
ACC-000721,CO-0079504,SMB,1-10,Logistics/Supply Chain,APAC,self_serve,2025-12-24,14.9,False
ACC-000722,CO-0013468,SMB,11-50,Professional Services,North America,inbound_marketing,2025-06-28,12.9,False
ACC-000723,CO-0039058,SMB,1-10,Professional Services,North America,inbound_marketing,2024-03-04,17.3,False
ACC-000724,CO-0087913,SMB,1-10,Media/Entertainment,EMEA,self_serve,2025-03-15,26.7,False
ACC-000725,CO-0037752,SMB,1-10,Media/Entertainment,North America,self_serve,2025-08-18,29.0,False
ACC-000726,CO-0091307,SMB,1-10,Retail/E-commerce,North America,inbound_marketing,2025-05-20,16.4,False
ACC-000727,CO-0005558,SMB,1-10,Financial Services,North America,inbound_marketing,2020-08-30,27.3,False
ACC-000728,CO-0091757,SMB,51-200,Logistics/Supply Chain,APAC,self_serve,2025-02-23,32.3,False
ACC-000729,CO-0068203,Commercial,1-10,Logistics/Supply Chain,EMEA,self_serve,2024-02-21,17.9,True
ACC-000730,CO-0035512,SMB,1-10,Financial Services,North America,self_serve,2025-10-11,25.2,True
ACC-000731,CO-0078453,Commercial,1-10,Technology/SaaS,North America,self_serve,2022-12-20,30.8,False
ACC-000732,CO-0049019,SMB,1-10,Healthcare,North America,self_serve,2022-02-04,26.0,False
ACC-000733,CO-0068907,SMB,1-10,Manufacturing,North America,self_serve,2023-10-05,32.8,True
ACC-000734,CO-0022419,SMB,11-50,Retail/E-commerce,North America,self_serve,2024-04-06,30.6,False
ACC-000735,CO-0008266,SMB,1-10,Retail/E-commerce,North America,self_serve,2025-12-26,22.5,False
ACC-000736,CO-0076603,SMB,1-10,Technology/SaaS,EMEA,self_serve,2025-12-04,25.9,False
ACC-000737,CO-0058176,SMB,51-200,Media/Entertainment,North America,inbound_marketing,2025-08-22,28.9,False
ACC-000738,CO-0035836,SMB,51-200,Financial Services,EMEA,self_serve,2023-11-18,37.1,False
ACC-000739,CO-0047813,SMB,1-10,Healthcare,North America,inbound_marketing,2025-06-10,16.8,False
ACC-000740,CO-0037543,Commercial,11-50,Education,APAC,self_serve,2025-05-11,30.3,False
ACC-000741,CO-0113409,SMB,51-200,Media/Entertainment,APAC,inbound_marketing,2025-01-23,29.5,False
ACC-000742,CO-0109882,SMB,51-200,Healthcare,LATAM,self_serve,2025-07-04,24.9,False
ACC-000743,CO-0092420,Commercial,1-10,Manufacturing,North America,self_serve,2023-08-13,22.4,False
ACC-000744,CO-0045036,SMB,11-50,Professional Services,North America,self_serve,2023-07-04,27.4,False
ACC-000745,CO-0088879,SMB,11-50,Education,North America,self_serve,2025-07-20,24.9,False
ACC-000746,CO-0005562,SMB,51-200,Logistics/Supply Chain,EMEA,self_serve,2020-01-16,37.5,False
ACC-000747,CO-0022376,SMB,1-10,Manufacturing,North America,self_serve,2025-07-22,21.8,False
ACC-000748,CO-0005015,SMB,1-10,Technology/SaaS,North America,self_serve,2022-05-22,29.7,True
ACC-000749,CO-0114091,SMB,1-10,Media/Entertainment,EMEA,self_serve,2025-08-13,26.7,True
ACC-000750,CO-0021288,SMB,11-50,Professional Services,EMEA,self_serve,2025-11-10,10.1,False
ACC-000751,CO-0065731,SMB,11-50,Technology/SaaS,North America,inbound_marketing,2024-05-10,32.6,False
ACC-000752,CO-0049155,SMB,11-50,Logistics/Supply Chain,North America,self_serve,2025-10-27,22.4,False
ACC-000753,CO-0027233,SMB,11-50,Professional Services,North America,self_serve,2020-11-27,24.6,False
ACC-000754,CO-0074659,Commercial,1-10,Logistics/Supply Chain,North America,inbound_marketing,2022-12-13,21.5,False
ACC-000755,CO-0121084,SMB,1-10,Professional Services,North America,self_serve,2025-08-01,11.1,False
ACC-000756,CO-0090327,SMB,11-50,Healthcare,North America,self_serve,2024-10-21,35.3,False
ACC-000757,CO-0043992,SMB,1-10,Media/Entertainment,North America,self_serve,2023-04-25,34.5,True
ACC-000758,CO-0006375,SMB,1-10,Technology/SaaS,North America,self_serve,2021-04-09,22.1,False
ACC-000759,CO-0096618,SMB,1-10,Media/Entertainment,North America,self_serve,2025-03-07,28.4,True
ACC-000760,CO-0121781,SMB,51-200,Healthcare,EMEA,self_serve,2025-08-01,24.3,False
ACC-000761,CO-0111989,SMB,51-200,Logistics/Supply Chain,LATAM,self_serve,2025-04-04,26.3,False
ACC-000762,CO-0073209,SMB,1-10,Financial Services,North America,self_serve,2025-10-10,36.7,False
ACC-000763,CO-0044764,SMB,1-10,Media/Entertainment,EMEA,self_serve,2023-06-10,25.1,False
ACC-000764,CO-0120113,SMB,11-50,Media/Entertainment,EMEA,self_serve,2024-01-22,22.6,False
ACC-000765,CO-0081103,Commercial,1-10,Healthcare,APAC,self_serve,2024-12-22,16.3,False
ACC-000766,CO-0037281,SMB,11-50,Technology/SaaS,EMEA,inbound_marketing,2023-10-13,26.6,False
ACC-000767,CO-0099957,SMB,1-10,Retail/E-commerce,EMEA,self_serve,2024-05-22,5.4,False
ACC-000768,CO-0031228,Commercial,1-10,Retail/E-commerce,APAC,inbound_marketing,2025-03-27,19.5,False
ACC-000769,CO-0091156,SMB,1-10,Professional Services,North America,self_serve,2025-11-02,28.3,False
ACC-000770,CO-0070322,Commercial,1-10,Technology/SaaS,North America,self_serve,2020-01-20,22.4,False
ACC-000771,CO-0123060,SMB,1-10,Manufacturing,EMEA,inbound_marketing,2024-12-21,37.6,True
ACC-000772,CO-0099767,SMB,1-10,Manufacturing,APAC,self_serve,2025-06-15,35.5,False
ACC-000773,CO-0065437,Commercial,1-10,Retail/E-commerce,North America,self_serve,2021-08-02,8.6,False
ACC-000774,CO-0037536,SMB,11-50,Technology/SaaS,North America,self_serve,2025-01-11,30.0,False
ACC-000775,CO-0069926,SMB,1-10,Retail/E-commerce,North America,self_serve,2024-01-02,16.6,True
ACC-000776,CO-0043989,SMB,11-50,Technology/SaaS,North America,self_serve,2025-09-19,24.0,False
ACC-000777,CO-0115026,SMB,1-10,Technology/SaaS,EMEA,self_serve,2020-01-11,17.5,True
ACC-000778,CO-0013907,SMB,1-10,Media/Entertainment,APAC,self_serve,2023-03-09,21.0,False
ACC-000779,CO-0061166,SMB,11-50,Healthcare,APAC,self_serve,2025-11-02,26.9,False
ACC-000780,CO-0116825,SMB,11-50,Professional Services,North America,self_serve,2025-07-10,21.3,False
ACC-000781,CO-0040945,SMB,1-10,Retail/E-commerce,EMEA,self_serve,2025-10-17,18.6,False
ACC-000782,CO-0098675,SMB,1-10,Technology/SaaS,EMEA,self_serve,2020-09-22,37.1,True
ACC-000783,CO-0085612,SMB,1-10,Education,North America,self_serve,2025-10-18,12.3,False
ACC-000784,CO-0105167,SMB,1-10,Media/Entertainment,North America,self_serve,2024-11-19,20.4,False
ACC-000785,CO-0057947,SMB,51-200,Technology/SaaS,EMEA,self_serve,2023-09-01,29.6,False
ACC-000786,CO-0012214,SMB,11-50,Technology/SaaS,APAC,self_serve,2024-02-24,35.4,False
ACC-000787,CO-0012606,Commercial,1-10,Technology/SaaS,North America,self_serve,2020-12-27,29.8,False
ACC-000788,CO-0076002,SMB,11-50,Technology/SaaS,North America,self_serve,2025-11-15,39.5,False
ACC-000789,CO-0108849,SMB,1-10,Technology/SaaS,North America,inbound_marketing,2024-07-07,23.2,False
ACC-000790,CO-0051628,SMB,11-50,Financial Services,North America,self_serve,2024-04-23,34.5,False
ACC-000791,CO-0032064,SMB,51-200,Technology/SaaS,EMEA,self_serve,2025-02-10,32.2,False
ACC-000792,CO-0044964,SMB,11-50,Public Sector,EMEA,inbound_marketing,2025-07-13,27.4,False
ACC-000793,CO-0080189,SMB,1-10,Professional Services,North America,self_serve,2025-04-07,21.6,False
ACC-000794,CO-0122403,SMB,1-10,Retail/E-commerce,EMEA,self_serve,2024-07-19,15.8,False
ACC-000795,CO-0066437,SMB,1-10,Manufacturing,EMEA,self_serve,2025-03-19,24.1,False
ACC-000796,CO-0019089,Commercial,11-50,Financial Services,LATAM,self_serve,2021-03-11,29.0,False
ACC-000797,CO-0047640,SMB,1-10,Financial Services,LATAM,self_serve,2023-11-12,39.3,True
ACC-000798,CO-0001860,SMB,1-10,Financial Services,North America,inbound_marketing,2022-02-18,37.3,True
ACC-000799,CO-0102732,SMB,1-10,Education,North America,self_serve,2020-12-27,21.9,False
ACC-000800,CO-0014735,SMB,1-10,Media/Entertainment,North America,self_serve,2025-01-16,23.2,False
ACC-000801,CO-0035299,SMB,1-10,Technology/SaaS,LATAM,self_serve,2023-11-25,37.5,False
ACC-000802,CO-0028808,SMB,11-50,Financial Services,North America,self_serve,2025-05-21,38.6,False
ACC-000803,CO-0093790,SMB,1-10,Education,EMEA,self_serve,2025-05-20,17.9,True
ACC-000804,CO-0070801,SMB,11-50,Education,North America,self_serve,2023-02-14,19.9,False
ACC-000805,CO-0045400,SMB,11-50,Public Sector,North America,self_serve,2024-01-05,37.9,False
ACC-000806,CO-0092887,SMB,51-200,Professional Services,North America,inbound_marketing,2025-09-01,30.6,False
ACC-000807,CO-0094757,SMB,11-50,Retail/E-commerce,EMEA,inbound_marketing,2023-09-22,14.9,False
ACC-000808,CO-0018452,SMB,11-50,Technology/SaaS,North America,self_serve,2025-02-07,22.1,False
ACC-000809,CO-0017304,Enterprise,11-50,Logistics/Supply Chain,North America,self_serve,2021-08-09,33.2,False
ACC-000810,CO-0041762,SMB,1-10,Financial Services,North America,self_serve,2024-07-28,34.8,False
ACC-000811,CO-0045216,SMB,1-10,Retail/E-commerce,EMEA,self_serve,2023-02-17,6.0,False
ACC-000812,CO-0088711,SMB,1-10,Retail/E-commerce,North America,self_serve,2025-01-14,30.6,False
ACC-000813,CO-0120122,SMB,1-10,Logistics/Supply Chain,APAC,self_serve,2022-05-02,32.2,False
ACC-000814,CO-0091759,SMB,1-10,Financial Services,North America,self_serve,2024-10-21,29.2,False
ACC-000815,CO-0038992,SMB,1-10,Education,EMEA,self_serve,2021-08-08,6.8,False
ACC-000816,CO-0020213,SMB,11-50,Public Sector,APAC,inbound_marketing,2025-10-04,32.6,False
ACC-000817,CO-0002538,SMB,1-10,Healthcare,EMEA,inbound_marketing,2025-03-10,19.7,False
ACC-000818,CO-0059008,Commercial,1-10,Media/Entertainment,EMEA,self_serve,2020-01-21,22.2,True
ACC-000819,CO-0098600,Enterprise,1-10,Manufacturing,North America,self_serve,2020-12-31,32.7,False
ACC-000820,CO-0086462,SMB,11-50,Financial Services,North America,self_serve,2025-01-01,38.7,False
ACC-000821,CO-0080196,SMB,11-50,Retail/E-commerce,North America,inbound_marketing,2023-02-19,19.0,False
ACC-000822,CO-0084441,SMB,11-50,Manufacturing,North America,self_serve,2024-11-15,39.7,False
ACC-000823,CO-0024383,SMB,1-10,Technology/SaaS,LATAM,self_serve,2024-05-15,26.7,True
ACC-000824,CO-0119687,SMB,11-50,Financial Services,North America,self_serve,2024-01-13,31.7,False
ACC-000825,CO-0115028,SMB,11-50,Retail/E-commerce,APAC,self_serve,2023-06-17,26.6,False
ACC-000826,CO-0068704,SMB,1-10,Technology/SaaS,APAC,self_serve,2025-11-26,39.2,False
ACC-000827,CO-0082626,SMB,1-10,Healthcare,EMEA,self_serve,2023-03-23,23.8,False
ACC-000828,CO-0119620,SMB,1-10,Professional Services,APAC,self_serve,2025-12-18,13.8,False
ACC-000829,CO-0017211,Commercial,11-50,Professional Services,EMEA,self_serve,2020-01-26,28.6,False
ACC-000830,CO-0041913,SMB,11-50,Professional Services,APAC,self_serve,2020-03-14,28.8,False
ACC-000831,CO-0082826,SMB,1-10,Logistics/Supply Chain,EMEA,self_serve,2025-01-08,26.0,False
ACC-000832,CO-0104366,SMB,51-200,Professional Services,North America,self_serve,2024-03-27,27.8,False
ACC-000833,CO-0108035,SMB,1-10,Logistics/Supply Chain,EMEA,self_serve,2022-07-30,22.1,False
ACC-000834,CO-0025052,SMB,1-10,Media/Entertainment,North America,self_serve,2024-06-24,16.7,False
ACC-000835,CO-0046488,SMB,11-50,Technology/SaaS,APAC,self_serve,2023-07-10,23.4,False
ACC-000836,CO-0071233,SMB,1-10,Media/Entertainment,APAC,self_serve,2023-08-12,15.8,False
ACC-000837,CO-0047450,SMB,51-200,Logistics/Supply Chain,APAC,self_serve,2025-01-26,32.8,False
ACC-000838,CO-0029477,Commercial,1-10,Manufacturing,North America,self_serve,2025-07-06,19.1,False
ACC-000839,CO-0084049,SMB,51-200,Education,North America,inbound_marketing,2025-04-02,34.0,False
ACC-000840,CO-0084339,SMB,11-50,Retail/E-commerce,EMEA,self_serve,2024-06-07,13.1,False
ACC-000841,CO-0023071,SMB,1-10,Manufacturing,North America,self_serve,2025-11-11,24.6,False
ACC-000842,CO-0001433,SMB,1-10,Technology/SaaS,North America,inbound_marketing,2024-08-18,26.1,False
ACC-000843,CO-0120297,SMB,1-10,Retail/E-commerce,North America,self_serve,2024-02-15,15.7,False
ACC-000844,CO-0013484,SMB,1-10,Education,North America,self_serve,2025-09-02,9.7,False
ACC-000845,CO-0055402,SMB,11-50,Financial Services,North America,inbound_marketing,2025-11-22,34.1,False
ACC-000846,CO-0107749,SMB,51-200,Retail/E-commerce,North America,self_serve,2020-11-29,39.5,False
ACC-000847,CO-0017763,SMB,11-50,Retail/E-commerce,North America,self_serve,2024-11-15,27.5,False
ACC-000848,CO-0092748,SMB,1-10,Technology/SaaS,North America,self_serve,2023-02-23,35.6,False
ACC-000849,CO-0069491,SMB,1-10,Healthcare,EMEA,self_serve,2024-05-16,19.2,False
ACC-000850,CO-0033675,SMB,11-50,Logistics/Supply Chain,APAC,self_serve,2024-03-07,35.4,False
ACC-000851,CO-0025969,SMB,1-10,Technology/SaaS,EMEA,self_serve,2024-04-28,17.8,False
ACC-000852,CO-0007204,SMB,1-10,Manufacturing,North America,self_serve,2024-12-02,38.3,False
ACC-000853,CO-0037037,SMB,11-50,Professional Services,EMEA,self_serve,2025-12-07,37.9,False
ACC-000854,CO-0024650,SMB,11-50,Logistics/Supply Chain,EMEA,inbound_marketing,2024-06-25,27.1,False
ACC-000855,CO-0018974,SMB,1-10,Education,North America,inbound_marketing,2023-07-20,28.8,False
ACC-000856,CO-0062180,SMB,1-10,Financial Services,EMEA,self_serve,2023-11-17,30.2,False
ACC-000857,CO-0055271,SMB,11-50,Technology/SaaS,North America,self_serve,2024-10-15,29.6,False
ACC-000858,CO-0086003,SMB,11-50,Retail/E-commerce,EMEA,self_serve,2022-09-27,18.8,False
ACC-000859,CO-0121493,SMB,1-10,Professional Services,North America,self_serve,2023-09-18,17.4,True
ACC-000860,CO-0090352,SMB,1-10,Education,North America,self_serve,2023-11-21,13.0,True
ACC-000861,CO-0114181,SMB,1-10,Retail/E-commerce,EMEA,inbound_marketing,2023-05-15,22.2,True
ACC-000862,CO-0076512,SMB,51-200,Public Sector,North America,inbound_marketing,2023-08-28,37.1,False
ACC-000863,CO-0022165,SMB,1-10,Logistics/Supply Chain,North America,self_serve,2025-07-08,30.7,False
ACC-000864,CO-0098487,SMB,1-10,Technology/SaaS,EMEA,self_serve,2024-06-05,21.3,False
ACC-000865,CO-0060697,SMB,51-200,Technology/SaaS,APAC,inbound_marketing,2025-08-15,33.6,False
ACC-000866,CO-0089393,Commercial,11-50,Retail/E-commerce,EMEA,self_serve,2024-04-08,24.7,False
ACC-000867,CO-0015148,SMB,1-10,Financial Services,EMEA,self_serve,2024-12-24,30.5,False
ACC-000868,CO-0026332,SMB,51-200,Professional Services,North America,self_serve,2024-12-13,37.8,False
ACC-000869,CO-0026242,SMB,11-50,Manufacturing,North America,self_serve,2024-04-18,31.2,False
ACC-000870,CO-0086667,SMB,1-10,Financial Services,EMEA,self_serve,2023-05-22,32.8,False
ACC-000871,CO-0122510,SMB,201-1000,Retail/E-commerce,EMEA,self_serve,2022-08-17,35.6,False
ACC-000872,CO-0030571,SMB,1-10,Healthcare,North America,inbound_marketing,2025-01-02,20.7,True
ACC-000873,CO-0014073,SMB,1-10,Retail/E-commerce,North America,inbound_marketing,2022-12-24,15.0,False
ACC-000874,CO-0070654,SMB,11-50,Healthcare,North America,self_serve,2024-04-09,24.8,False
ACC-000875,CO-0088055,SMB,51-200,Technology/SaaS,EMEA,self_serve,2022-07-15,25.6,False
ACC-000876,CO-0011878,SMB,11-50,Logistics/Supply Chain,EMEA,self_serve,2024-04-28,25.0,False
ACC-000877,CO-0040272,SMB,1-10,Manufacturing,APAC,self_serve,2023-12-15,22.0,False
ACC-000878,CO-0050315,SMB,1-10,Media/Entertainment,North America,self_serve,2024-07-12,28.3,True
ACC-000879,CO-0079270,SMB,1-10,Professional Services,North America,self_serve,2025-10-16,22.0,False
ACC-000880,CO-0055397,SMB,11-50,Education,LATAM,self_serve,2025-04-27,12.2,False
ACC-000881,CO-0113907,SMB,201-1000,Healthcare,APAC,self_serve,2024-12-08,36.2,False
ACC-000882,CO-0078165,SMB,11-50,Manufacturing,North America,inbound_marketing,2023-11-15,19.2,False
ACC-000883,CO-0100140,SMB,1-10,Professional Services,EMEA,self_serve,2025-01-10,24.0,True
ACC-000884,CO-0028742,SMB,11-50,Education,North America,self_serve,2025-07-24,32.5,False
ACC-000885,CO-0057939,SMB,11-50,Healthcare,North America,self_serve,2024-01-21,30.8,False
ACC-000886,CO-0068476,SMB,1-10,Technology/SaaS,EMEA,self_serve,2023-12-26,18.7,False
ACC-000887,CO-0009103,SMB,11-50,Professional Services,EMEA,self_serve,2025-09-16,27.5,False
ACC-000888,CO-0002426,SMB,11-50,Retail/E-commerce,EMEA,self_serve,2025-02-24,23.0,False
ACC-000889,CO-0032345,SMB,1-10,Technology/SaaS,North America,self_serve,2024-02-01,28.3,True
ACC-000890,CO-0093528,SMB,1-10,Healthcare,North America,inbound_marketing,2024-12-26,25.2,True
ACC-000891,CO-0096318,SMB,1-10,Public Sector,EMEA,self_serve,2020-06-29,24.3,True
ACC-000892,CO-0122351,SMB,51-200,Retail/E-commerce,APAC,inbound_marketing,2023-04-20,30.8,False
ACC-000893,CO-0025742,SMB,1-10,Professional Services,North America,self_serve,2022-11-26,19.6,False
ACC-000894,CO-0052840,SMB,1-10,Technology/SaaS,EMEA,inbound_marketing,2022-10-12,29.8,False
ACC-000895,CO-0054104,SMB,11-50,Healthcare,North America,self_serve,2024-04-28,29.8,False
ACC-000896,CO-0054656,SMB,11-50,Media/Entertainment,APAC,inbound_marketing,2021-07-03,11.7,False
ACC-000897,CO-0017071,Commercial,1-10,Financial Services,North America,inbound_marketing,2022-10-07,32.0,True
ACC-000898,CO-0104783,SMB,11-50,Healthcare,EMEA,self_serve,2023-01-08,28.7,False
ACC-000899,CO-0095940,SMB,1-10,Public Sector,North America,self_serve,2025-09-12,25.7,False
ACC-000900,CO-0048663,SMB,1-10,Manufacturing,EMEA,self_serve,2023-08-22,27.2,True
ACC-000901,CO-0093534,SMB,11-50,Media/Entertainment,North America,inbound_marketing,2025-10-24,32.2,False
ACC-000902,CO-0004141,SMB,51-200,Retail/E-commerce,EMEA,self_serve,2021-05-10,39.5,False
ACC-000903,CO-0113157,SMB,11-50,Technology/SaaS,North America,self_serve,2025-12-15,34.5,False
ACC-000904,CO-0104666,SMB,1-10,Financial Services,North America,self_serve,2024-04-18,28.2,True
ACC-000905,CO-0087931,SMB,51-200,Retail/E-commerce,North America,self_serve,2023-07-28,31.4,False
ACC-000906,CO-0002180,SMB,51-200,Healthcare,EMEA,self_serve,2023-09-07,36.2,False
ACC-000907,CO-0023369,SMB,1-10,Public Sector,North America,self_serve,2025-11-05,25.4,False
ACC-000908,CO-0078765,SMB,1-10,Retail/E-commerce,North America,self_serve,2022-09-11,23.0,False
ACC-000909,CO-0090641,SMB,1-10,Financial Services,North America,self_serve,2025-10-20,29.8,False
ACC-000910,CO-0083900,SMB,1-10,Technology/SaaS,North America,self_serve,2024-11-28,31.7,True
ACC-000911,CO-0053989,SMB,1-10,Education,North America,self_serve,2024-06-03,8.2,False
ACC-000912,CO-0055459,SMB,11-50,Healthcare,North America,self_serve,2025-03-06,31.0,False
ACC-000913,CO-0055631,Commercial,11-50,Technology/SaaS,North America,inbound_marketing,2023-06-23,24.7,False
ACC-000914,CO-0087775,SMB,11-50,Technology/SaaS,North America,self_serve,2020-07-03,35.0,False
ACC-000915,CO-0044369,SMB,11-50,Manufacturing,North America,self_serve,2020-06-09,35.7,False
ACC-000916,CO-0016267,SMB,51-200,Retail/E-commerce,North America,self_serve,2023-01-26,34.7,False
ACC-000917,CO-0006010,SMB,1-10,Technology/SaaS,North America,inbound_marketing,2021-08-31,20.6,False
ACC-000918,CO-0072835,Commercial,1-10,Healthcare,North America,self_serve,2025-05-12,24.2,True
ACC-000919,CO-0101475,SMB,11-50,Manufacturing,APAC,inbound_marketing,2024-06-16,21.8,False
ACC-000920,CO-0037849,SMB,1-10,Professional Services,North America,self_serve,2022-04-30,14.6,True
ACC-000921,CO-0006263,SMB,11-50,Retail/E-commerce,North America,self_serve,2020-01-11,30.3,False
ACC-000922,CO-0104292,SMB,11-50,Professional Services,North America,self_serve,2024-03-11,28.7,False
ACC-000923,CO-0060458,SMB,11-50,Logistics/Supply Chain,North America,self_serve,2025-10-26,32.0,False
ACC-000924,CO-0002984,SMB,11-50,Professional Services,North America,inbound_marketing,2023-10-19,24.2,False
ACC-000925,CO-0081152,Commercial,11-50,Technology/SaaS,EMEA,self_serve,2020-03-05,32.9,False
ACC-000926,CO-0016104,SMB,201-1000,Education,North America,self_serve,2025-07-18,31.0,False
ACC-000927,CO-0053589,SMB,1-10,Professional Services,North America,self_serve,2023-11-17,5.7,False
ACC-000928,CO-0000273,Commercial,1-10,Healthcare,EMEA,self_serve,2022-10-13,26.7,True
ACC-000929,CO-0107896,SMB,201-1000,Professional Services,EMEA,self_serve,2021-11-18,37.9,False
ACC-000930,CO-0036204,SMB,1-10,Financial Services,EMEA,self_serve,2025-07-13,22.1,False
ACC-000931,CO-0002534,Commercial,1-10,Financial Services,EMEA,inbound_marketing,2020-10-17,29.8,False
ACC-000932,CO-0063246,SMB,1-10,Media/Entertainment,North America,self_serve,2023-01-03,12.0,False
ACC-000933,CO-0080480,SMB,51-200,Education,North America,self_serve,2024-03-27,35.9,False
ACC-000934,CO-0101132,SMB,11-50,Logistics/Supply Chain,EMEA,inbound_marketing,2024-08-12,24.6,False
ACC-000935,CO-0057784,Commercial,1-10,Healthcare,North America,self_serve,2024-11-26,16.9,False
ACC-000936,CO-0112251,SMB,1-10,Technology/SaaS,North America,self_serve,2025-07-14,15.8,False
ACC-000937,CO-0090599,Commercial,201-1000,Retail/E-commerce,North America,self_serve,2023-12-13,38.3,False
ACC-000938,CO-0111020,SMB,51-200,Healthcare,North America,self_serve,2022-10-26,35.7,False
ACC-000939,CO-0121836,SMB,1-10,Financial Services,North America,self_serve,2024-10-09,37.3,False
ACC-000940,CO-0060223,SMB,1-10,Media/Entertainment,APAC,self_serve,2023-12-11,24.8,False
ACC-000941,CO-0106724,SMB,11-50,Public Sector,North America,self_serve,2024-01-15,29.2,False
ACC-000942,CO-0001629,Commercial,1-10,Public Sector,APAC,self_serve,2025-07-02,30.5,True
ACC-000943,CO-0004274,SMB,51-200,Retail/E-commerce,APAC,inbound_marketing,2025-11-23,25.8,False
ACC-000944,CO-0100361,SMB,51-200,Education,North America,self_serve,2024-09-11,29.4,False
ACC-000945,CO-0107981,SMB,11-50,Public Sector,EMEA,self_serve,2022-06-18,17.5,False
ACC-000946,CO-0069050,SMB,1-10,Retail/E-commerce,EMEA,inbound_marketing,2025-07-19,17.4,False
ACC-000947,CO-0011220,SMB,1-10,Financial Services,North America,self_serve,2023-07-21,34.1,False
ACC-000948,CO-0067977,SMB,11-50,Financial Services,North America,inbound_marketing,2022-04-13,38.6,False
ACC-000949,CO-0050368,SMB,1-10,Healthcare,North America,self_serve,2025-09-12,20.2,False
ACC-000950,CO-0053743,SMB,51-200,Technology/SaaS,EMEA,self_serve,2023-02-20,39.7,False
ACC-000951,CO-0007763,SMB,1-10,Financial Services,North America,self_serve,2022-04-06,32.6,False
ACC-000952,CO-0106475,SMB,11-50,Healthcare,North America,self_serve,2025-04-20,25.3,False
ACC-000953,CO-0012299,SMB,11-50,Technology/SaaS,North America,self_serve,2025-12-13,36.2,False
ACC-000954,CO-0011463,SMB,11-50,Healthcare,EMEA,inbound_marketing,2024-05-05,30.0,False
ACC-000955,CO-0031755,SMB,11-50,Media/Entertainment,North America,self_serve,2025-07-27,30.6,False
ACC-000956,CO-0081861,SMB,51-200,Retail/E-commerce,North America,self_serve,2024-09-12,25.4,False
ACC-000957,CO-0003491,SMB,1-10,Professional Services,North America,self_serve,2023-02-19,22.8,False
ACC-000958,CO-0116022,Commercial,1-10,Public Sector,APAC,inbound_marketing,2021-10-02,23.6,True
ACC-000959,CO-0013146,Commercial,51-200,Professional Services,North America,self_serve,2020-04-30,33.7,False
ACC-000960,CO-0112616,SMB,1-10,Financial Services,North America,inbound_marketing,2021-09-17,24.2,True
ACC-000961,CO-0066776,SMB,1-10,Education,North America,self_serve,2025-10-02,33.8,False
ACC-000962,CO-0068418,SMB,1-10,Healthcare,APAC,self_serve,2023-08-28,34.2,False
ACC-000963,CO-0065391,SMB,1-10,Logistics/Supply Chain,North America,self_serve,2025-10-26,13.3,True
ACC-000964,CO-0075218,SMB,11-50,Education,EMEA,self_serve,2025-01-14,20.3,False
ACC-000965,CO-0113340,SMB,11-50,Media/Entertainment,North America,self_serve,2024-09-04,24.3,False
ACC-000966,CO-0038498,SMB,1-10,Public Sector,North America,self_serve,2022-02-19,26.7,False
ACC-000967,CO-0091386,SMB,1-10,Financial Services,EMEA,self_serve,2025-02-05,33.4,False
ACC-000968,CO-0059271,SMB,51-200,Manufacturing,APAC,inbound_marketing,2025-01-04,37.2,False
ACC-000969,CO-0024126,SMB,11-50,Technology/SaaS,EMEA,self_serve,2025-02-03,40.0,False
ACC-000970,CO-0023425,Enterprise,1-10,Manufacturing,North America,inbound_marketing,2024-08-27,28.4,False
ACC-000971,CO-0006327,SMB,1-10,Retail/E-commerce,North America,inbound_marketing,2024-11-04,16.0,False
ACC-000972,CO-0015596,SMB,51-200,Logistics/Supply Chain,North America,self_serve,2025-07-27,39.5,False
ACC-000973,CO-0066240,Commercial,11-50,Retail/E-commerce,North America,self_serve,2024-01-11,24.3,False
ACC-000974,CO-0049957,SMB,1-10,Public Sector,North America,self_serve,2022-08-18,29.8,False
ACC-000975,CO-0113586,SMB,11-50,Technology/SaaS,EMEA,self_serve,2023-04-08,23.4,False
ACC-000976,CO-0086427,SMB,1-10,Public Sector,North America,self_serve,2024-01-23,35.4,False
ACC-000977,CO-0076026,SMB,11-50,Manufacturing,North America,self_serve,2025-02-09,34.5,False
ACC-000978,CO-0090819,SMB,11-50,Technology/SaaS,North America,self_serve,2025-10-23,36.5,False
ACC-000979,CO-0077758,SMB,1-10,Education,North America,self_serve,2023-07-15,15.8,False
ACC-000980,CO-0031436,SMB,11-50,Technology/SaaS,EMEA,self_serve,2024-12-14,22.6,False
ACC-000981,CO-0065625,SMB,1-10,Media/Entertainment,North America,self_serve,2021-07-13,25.7,False
ACC-000982,CO-0038806,SMB,1-10,Media/Entertainment,North America,self_serve,2024-11-19,15.0,False
ACC-000983,CO-0025982,SMB,11-50,Professional Services,North America,self_serve,2025-06-09,15.6,False
ACC-000984,CO-0052290,SMB,1-10,Healthcare,North America,self_serve,2023-03-13,32.7,False
ACC-000985,CO-0011360,SMB,1-10,Public Sector,North America,self_serve,2020-04-05,24.9,False
ACC-000986,CO-0064708,SMB,11-50,Retail/E-commerce,North America,self_serve,2024-03-14,22.6,False
ACC-000987,CO-0012087,SMB,51-200,Manufacturing,North America,self_serve,2024-01-06,39.8,False
ACC-000988,CO-0067644,SMB,1-10,Manufacturing,North America,self_serve,2023-04-07,17.0,False
ACC-000989,CO-0084034,SMB,11-50,Media/Entertainment,North America,self_serve,2022-04-08,29.9,False
ACC-000990,CO-0119078,SMB,1-10,Manufacturing,North America,self_serve,2025-09-26,29.7,False
ACC-000991,CO-0112699,SMB,51-200,Healthcare,North America,self_serve,2021-06-01,31.7,False
ACC-000992,CO-0055837,SMB,1-10,Healthcare,North America,self_serve,2020-11-10,25.6,False
ACC-000993,CO-0111205,SMB,1-10,Manufacturing,North America,self_serve,2024-11-26,19.6,False
ACC-000994,CO-0108979,SMB,11-50,Technology/SaaS,North America,inbound_marketing,2024-10-18,36.0,False
ACC-000995,CO-0008322,SMB,11-50,Retail/E-commerce,EMEA,inbound_marketing,2024-07-13,30.4,False
ACC-000996,CO-0054515,Commercial,1-10,Education,APAC,self_serve,2020-09-02,15.7,False
ACC-000997,CO-0048121,SMB,1-10,Media/Entertainment,APAC,self_serve,2024-08-27,5.1,True
ACC-000998,CO-0067349,SMB,11-50,Manufacturing,APAC,self_serve,2021-03-01,36.6,False
ACC-000999,CO-0025027,SMB,51-200,Public Sector,EMEA,inbound_marketing,2022-06-23,39.2,False
ACC-001000,CO-0018316,SMB,11-50,Financial Services,LATAM,self_serve,2025-01-01,37.3,False
ACC-001001,CO-0100954,SMB,1-10,Healthcare,North America,self_serve,2025-07-14,24.5,True
ACC-001002,CO-0026540,SMB,1-10,Manufacturing,North America,self_serve,2024-12-15,19.7,False
ACC-001003,CO-0012517,SMB,1-10,Financial Services,North America,self_serve,2024-04-23,28.5,False
ACC-001004,CO-0003558,SMB,11-50,Retail/E-commerce,North America,self_serve,2020-02-21,15.2,False
ACC-001005,CO-0098847,SMB,51-200,Professional Services,North America,self_serve,2025-08-01,24.0,False
ACC-001006,CO-0038624,SMB,11-50,Manufacturing,EMEA,self_serve,2025-12-07,28.6,False
ACC-001007,CO-0050907,SMB,1-10,Financial Services,EMEA,self_serve,2024-08-05,26.3,False
ACC-001008,CO-0035940,SMB,11-50,Financial Services,EMEA,self_serve,2025-03-05,34.5,False
ACC-001009,CO-0108919,SMB,11-50,Retail/E-commerce,LATAM,self_serve,2025-12-01,14.8,False
ACC-001010,CO-0059591,SMB,1-10,Financial Services,North America,self_serve,2023-11-09,36.3,False
ACC-001011,CO-0055403,SMB,51-200,Professional Services,EMEA,self_serve,2025-12-24,32.7,False
ACC-001012,CO-0118022,SMB,1-10,Logistics/Supply Chain,EMEA,self_serve,2024-09-18,27.9,True
ACC-001013,CO-0023952,SMB,1-10,Financial Services,APAC,self_serve,2022-12-17,22.0,False
ACC-001014,CO-0062629,SMB,11-50,Manufacturing,EMEA,inbound_marketing,2025-03-04,30.3,False
ACC-001015,CO-0025487,SMB,1-10,Financial Services,APAC,self_serve,2024-08-11,21.1,False
ACC-001016,CO-0085515,SMB,1-10,Logistics/Supply Chain,North America,inbound_marketing,2023-05-19,18.4,True
ACC-001017,CO-0093182,SMB,1-10,Professional Services,EMEA,inbound_marketing,2025-08-06,14.0,False
ACC-001018,CO-0068409,SMB,11-50,Logistics/Supply Chain,EMEA,self_serve,2024-07-28,28.2,False
ACC-001019,CO-0059963,SMB,51-200,Financial Services,North America,self_serve,2025-10-10,31.6,False
ACC-001020,CO-0086681,SMB,11-50,Retail/E-commerce,EMEA,inbound_marketing,2024-06-21,8.3,False
ACC-001021,CO-0059414,SMB,1-10,Retail/E-commerce,North America,self_serve,2024-12-09,14.8,False
ACC-001022,CO-0072088,SMB,11-50,Media/Entertainment,North America,inbound_marketing,2023-02-09,26.9,False
ACC-001023,CO-0002429,SMB,1-10,Education,EMEA,self_serve,2025-01-10,19.1,False
ACC-001024,CO-0078078,Commercial,51-200,Retail/E-commerce,North America,self_serve,2024-12-20,34.8,False
ACC-001025,CO-0093866,SMB,51-200,Retail/E-commerce,North America,inbound_marketing,2025-03-11,28.7,False
ACC-001026,CO-0099145,SMB,51-200,Retail/E-commerce,North America,inbound_marketing,2023-12-16,38.7,False
ACC-001027,CO-0029523,SMB,1-10,Manufacturing,EMEA,self_serve,2023-01-25,28.1,False
ACC-001028,CO-0103011,SMB,11-50,Logistics/Supply Chain,EMEA,self_serve,2023-04-09,30.1,False
ACC-001029,CO-0083322,SMB,1-10,Retail/E-commerce,EMEA,self_serve,2024-09-05,22.6,True
ACC-001030,CO-0106065,SMB,11-50,Professional Services,North America,self_serve,2023-09-22,9.8,False
ACC-001031,CO-0106777,SMB,11-50,Technology/SaaS,APAC,self_serve,2023-02-03,26.8,False
ACC-001032,CO-0045913,SMB,51-200,Logistics/Supply Chain,North America,inbound_marketing,2024-01-01,35.7,False
ACC-001033,CO-0110491,SMB,1-10,Financial Services,North America,inbound_marketing,2025-02-21,16.4,False
ACC-001034,CO-0043831,SMB,11-50,Financial Services,North America,self_serve,2024-08-25,31.8,False
ACC-001035,CO-0114545,SMB,1-10,Professional Services,North America,inbound_marketing,2024-05-22,23.4,False
ACC-001036,CO-0080836,SMB,11-50,Education,APAC,self_serve,2024-11-07,23.8,False
ACC-001037,CO-0054174,SMB,1-10,Healthcare,North America,self_serve,2024-12-23,25.4,False
ACC-001038,CO-0076882,SMB,1-10,Technology/SaaS,North America,self_serve,2025-01-25,34.5,False
ACC-001039,CO-0114133,Commercial,1-10,Manufacturing,APAC,inbound_marketing,2025-03-06,23.4,False
ACC-001040,CO-0019696,SMB,11-50,Public Sector,North America,inbound_marketing,2021-03-15,35.4,False
ACC-001041,CO-0039973,SMB,1-10,Professional Services,APAC,self_serve,2024-01-06,11.1,False
ACC-001042,CO-0062588,SMB,1-10,Financial Services,North America,inbound_marketing,2024-12-09,31.2,True
ACC-001043,CO-0110612,SMB,11-50,Professional Services,EMEA,inbound_marketing,2024-12-27,21.5,False
ACC-001044,CO-0057861,SMB,1-10,Financial Services,North America,self_serve,2025-04-17,29.5,False
ACC-001045,CO-0083142,SMB,1-10,Retail/E-commerce,EMEA,self_serve,2025-07-12,20.8,False
ACC-001046,CO-0056102,SMB,1-10,Healthcare,North America,self_serve,2024-11-14,16.5,False
ACC-001047,CO-0029918,SMB,1-10,Manufacturing,EMEA,inbound_marketing,2021-11-13,34.4,True
ACC-001048,CO-0112738,SMB,11-50,Healthcare,North America,self_serve,2022-12-16,29.0,False
ACC-001049,CO-0119463,SMB,1-10,Manufacturing,North America,inbound_marketing,2023-12-04,35.0,False
ACC-001050,CO-0001811,SMB,1-10,Financial Services,North America,self_serve,2024-10-11,26.7,False
ACC-001051,CO-0005305,SMB,1-10,Media/Entertainment,North America,self_serve,2025-05-18,25.6,False
ACC-001052,CO-0039873,SMB,11-50,Professional Services,North America,self_serve,2021-03-31,35.5,False
ACC-001053,CO-0090285,SMB,11-50,Professional Services,North America,self_serve,2025-06-04,17.1,False
ACC-001054,CO-0072440,SMB,51-200,Education,EMEA,self_serve,2025-07-02,33.9,False
ACC-001055,CO-0032661,SMB,51-200,Education,North America,inbound_marketing,2024-12-16,25.3,False
ACC-001056,CO-0047019,Commercial,1-10,Professional Services,EMEA,self_serve,2024-10-26,14.5,False
ACC-001057,CO-0048951,SMB,51-200,Media/Entertainment,North America,self_serve,2025-07-15,39.8,False
ACC-001058,CO-0007436,Commercial,11-50,Professional Services,North America,self_serve,2024-10-12,27.2,False
ACC-001059,CO-0056522,SMB,51-200,Professional Services,APAC,self_serve,2023-09-24,34.9,False
ACC-001060,CO-0117956,SMB,51-200,Education,North America,inbound_marketing,2024-06-01,32.7,False
ACC-001061,CO-0056054,SMB,1-10,Public Sector,EMEA,self_serve,2025-05-23,31.8,False
ACC-001062,CO-0123199,SMB,1-10,Media/Entertainment,North America,self_serve,2025-12-08,33.0,False
ACC-001063,CO-0083006,Commercial,11-50,Public Sector,North America,self_serve,2025-03-26,34.9,False
ACC-001064,CO-0024303,Commercial,51-200,Professional Services,North America,inbound_marketing,2023-12-12,35.5,False
ACC-001065,CO-0009601,SMB,51-200,Retail/E-commerce,North America,self_serve,2025-07-13,27.5,False
ACC-001066,CO-0030039,SMB,11-50,Retail/E-commerce,APAC,self_serve,2025-11-03,24.3,False
ACC-001067,CO-0061814,SMB,11-50,Financial Services,APAC,self_serve,2025-11-13,23.5,False
ACC-001068,CO-0090220,SMB,1-10,Manufacturing,APAC,self_serve,2025-12-19,23.5,False
ACC-001069,CO-0060821,SMB,1-10,Education,North America,inbound_marketing,2025-06-09,19.3,False
ACC-001070,CO-0111582,SMB,1-10,Financial Services,EMEA,self_serve,2025-12-14,30.5,False
ACC-001071,CO-0039532,SMB,51-200,Professional Services,North America,self_serve,2023-07-02,32.2,False
ACC-001072,CO-0016323,SMB,1-10,Technology/SaaS,North America,inbound_marketing,2023-09-11,27.2,False
ACC-001073,CO-0042524,SMB,1-10,Healthcare,North America,self_serve,2024-04-01,26.1,False
ACC-001074,CO-0067020,SMB,1-10,Manufacturing,North America,inbound_marketing,2024-12-23,27.0,False
ACC-001075,CO-0073965,SMB,1-10,Media/Entertainment,North America,self_serve,2025-06-14,25.4,True
ACC-001076,CO-0026300,SMB,11-50,Public Sector,North America,self_serve,2023-01-20,31.2,False
ACC-001077,CO-0004117,SMB,11-50,Financial Services,North America,self_serve,2024-04-23,31.2,False
ACC-001078,CO-0061251,SMB,51-200,Retail/E-commerce,North America,self_serve,2021-02-21,23.5,False
ACC-001079,CO-0053010,Commercial,1-10,Retail/E-commerce,North America,self_serve,2023-01-28,24.3,False
ACC-001080,CO-0090757,SMB,1-10,Healthcare,EMEA,self_serve,2025-09-06,28.7,True
ACC-001081,CO-0017473,SMB,1-10,Healthcare,North America,self_serve,2023-12-19,17.9,True
ACC-001082,CO-0037535,SMB,11-50,Manufacturing,APAC,self_serve,2024-04-21,37.8,False
ACC-001083,CO-0071320,SMB,11-50,Retail/E-commerce,North America,self_serve,2025-03-21,29.8,False
ACC-001084,CO-0101928,Commercial,11-50,Education,North America,self_serve,2024-03-10,31.2,False
ACC-001085,CO-0091027,SMB,1-10,Manufacturing,EMEA,self_serve,2025-05-26,36.5,False
ACC-001086,CO-0057758,SMB,11-50,Manufacturing,EMEA,self_serve,2023-06-28,35.2,False
ACC-001087,CO-0105261,SMB,1-10,Technology/SaaS,North America,self_serve,2025-05-17,12.3,True
ACC-001088,CO-0116258,Commercial,51-200,Technology/SaaS,North America,self_serve,2025-07-27,33.8,False
ACC-001089,CO-0030730,SMB,11-50,Technology/SaaS,North America,self_serve,2020-11-24,28.5,False
ACC-001090,CO-0117298,SMB,1-10,Education,EMEA,inbound_marketing,2024-01-14,17.0,False
ACC-001091,CO-0112942,SMB,1-10,Professional Services,EMEA,self_serve,2022-02-03,9.7,False
ACC-001092,CO-0010076,SMB,1-10,Technology/SaaS,LATAM,self_serve,2024-09-26,14.9,False
ACC-001093,CO-0055069,SMB,1-10,Technology/SaaS,North America,self_serve,2023-11-20,22.2,False
ACC-001094,CO-0101920,SMB,11-50,Professional Services,North America,self_serve,2025-05-10,25.5,False
ACC-001095,CO-0109408,SMB,1-10,Public Sector,North America,inbound_marketing,2024-03-24,25.4,False
ACC-001096,CO-0026831,SMB,11-50,Education,North America,self_serve,2025-12-20,19.2,False
ACC-001097,CO-0090520,SMB,1-10,Financial Services,North America,self_serve,2023-08-12,36.0,False
ACC-001098,CO-0068374,SMB,1-10,Manufacturing,EMEA,self_serve,2025-04-27,38.8,False
ACC-001099,CO-0032525,Commercial,1-10,Professional Services,EMEA,self_serve,2023-10-14,12.8,False
ACC-001100,CO-0104994,SMB,51-200,Professional Services,North America,self_serve,2024-12-08,38.9,False
ACC-001101,CO-0085998,Commercial,1-10,Financial Services,North America,inbound_marketing,2024-07-24,23.1,False
ACC-001102,CO-0101024,SMB,11-50,Financial Services,North America,self_serve,2025-10-16,36.5,False
ACC-001103,CO-0034418,SMB,51-200,Public Sector,APAC,self_serve,2022-09-14,36.2,False
ACC-001104,CO-0050446,SMB,11-50,Healthcare,APAC,inbound_marketing,2024-04-06,33.8,False
ACC-001105,CO-0056836,SMB,11-50,Education,EMEA,self_serve,2024-05-16,9.6,False
ACC-001106,CO-0106583,SMB,1-10,Media/Entertainment,APAC,self_serve,2024-03-23,25.7,True
ACC-001107,CO-0057599,SMB,11-50,Financial Services,EMEA,inbound_marketing,2024-02-21,37.8,False
ACC-001108,CO-0033116,SMB,1-10,Retail/E-commerce,North America,self_serve,2025-04-10,18.1,False
ACC-001109,CO-0099751,SMB,1-10,Healthcare,North America,self_serve,2025-02-20,29.2,True
ACC-001110,CO-0027524,SMB,1-10,Logistics/Supply Chain,North America,inbound_marketing,2025-07-20,16.1,True
ACC-001111,CO-0111993,SMB,51-200,Retail/E-commerce,North America,self_serve,2025-06-14,36.7,False
ACC-001112,CO-0051126,SMB,1-10,Technology/SaaS,EMEA,self_serve,2025-06-16,26.0,False
ACC-001113,CO-0093892,SMB,51-200,Media/Entertainment,EMEA,self_serve,2024-09-17,26.4,False
ACC-001114,CO-0050452,Commercial,1-10,Healthcare,LATAM,self_serve,2020-04-26,30.3,False
ACC-001115,CO-0076530,SMB,51-200,Public Sector,EMEA,inbound_marketing,2023-11-05,35.8,False
ACC-001116,CO-0045984,SMB,11-50,Retail/E-commerce,North America,self_serve,2021-09-04,31.9,False
ACC-001117,CO-0091651,SMB,51-200,Education,North America,inbound_marketing,2023-02-05,36.8,False
ACC-001118,CO-0089689,SMB,1-10,Media/Entertainment,North America,self_serve,2024-11-28,21.9,False
ACC-001119,CO-0052092,SMB,11-50,Logistics/Supply Chain,North America,self_serve,2023-05-03,31.5,False
ACC-001120,CO-0070363,SMB,51-200,Education,North America,inbound_marketing,2025-08-26,35.9,False
ACC-001121,CO-0108726,SMB,51-200,Retail/E-commerce,EMEA,self_serve,2021-01-18,33.0,False
ACC-001122,CO-0113843,SMB,51-200,Retail/E-commerce,North America,self_serve,2025-10-03,29.5,False
ACC-001123,CO-0053870,SMB,1-10,Education,EMEA,inbound_marketing,2023-11-19,8.1,True
ACC-001124,CO-0014328,SMB,1-10,Logistics/Supply Chain,North America,self_serve,2024-08-14,21.4,False
ACC-001125,CO-0036166,SMB,11-50,Financial Services,EMEA,self_serve,2025-09-25,27.8,False
ACC-001126,CO-0056030,SMB,201-1000,Retail/E-commerce,North America,inbound_marketing,2023-09-11,37.9,False
ACC-001127,CO-0011479,SMB,1-10,Technology/SaaS,EMEA,self_serve,2024-03-17,29.9,False
ACC-001128,CO-0081973,SMB,1-10,Healthcare,EMEA,inbound_marketing,2024-07-14,24.8,True
ACC-001129,CO-0096079,SMB,51-200,Logistics/Supply Chain,North America,self_serve,2023-05-25,38.5,False
ACC-001130,CO-0004558,SMB,11-50,Professional Services,North America,inbound_marketing,2025-01-18,28.8,False
ACC-001131,CO-0018703,SMB,1-10,Financial Services,North America,inbound_marketing,2025-02-21,21.9,False
ACC-001132,CO-0020305,SMB,1-10,Financial Services,North America,inbound_marketing,2025-10-14,30.0,False
ACC-001133,CO-0021034,SMB,1-10,Media/Entertainment,APAC,inbound_marketing,2025-12-24,6.0,False
ACC-001134,CO-0005322,SMB,1-10,Financial Services,EMEA,inbound_marketing,2023-07-07,30.8,False
ACC-001135,CO-0107063,SMB,1-10,Healthcare,North America,self_serve,2024-12-20,21.2,False
ACC-001136,CO-0022624,SMB,1-10,Financial Services,North America,self_serve,2025-05-21,29.6,False
ACC-001137,CO-0091334,SMB,11-50,Professional Services,North America,self_serve,2025-05-11,25.4,False
ACC-001138,CO-0046445,SMB,51-200,Technology/SaaS,LATAM,inbound_marketing,2025-11-20,33.0,False
ACC-001139,CO-0058956,Commercial,1-10,Manufacturing,EMEA,inbound_marketing,2024-01-15,23.1,False
ACC-001140,CO-0043356,SMB,1-10,Manufacturing,North America,self_serve,2024-10-05,25.5,False
ACC-001141,CO-0110349,SMB,51-200,Professional Services,North America,self_serve,2025-05-07,39.1,False
ACC-001142,CO-0079729,SMB,1-10,Logistics/Supply Chain,APAC,self_serve,2024-01-05,24.5,True
ACC-001143,CO-0046601,SMB,11-50,Manufacturing,LATAM,self_serve,2025-07-22,32.6,False
ACC-001144,CO-0116212,SMB,1-10,Manufacturing,North America,inbound_marketing,2023-01-27,28.0,False
ACC-001145,CO-0024131,SMB,11-50,Professional Services,North America,self_serve,2023-02-09,23.9,False
ACC-001146,CO-0110354,SMB,1-10,Logistics/Supply Chain,EMEA,self_serve,2024-09-01,11.8,False
ACC-001147,CO-0063370,SMB,1-10,Retail/E-commerce,North America,inbound_marketing,2025-07-26,8.3,False
ACC-001148,CO-0079021,SMB,11-50,Professional Services,EMEA,inbound_marketing,2025-07-06,21.9,False
ACC-001149,CO-0092688,SMB,1-10,Retail/E-commerce,APAC,self_serve,2022-02-02,21.3,False
ACC-001150,CO-0003761,SMB,1-10,Media/Entertainment,North America,self_serve,2025-01-09,17.8,False
ACC-001151,CO-0088638,SMB,1-10,Financial Services,North America,self_serve,2023-06-23,36.3,False
ACC-001152,CO-0085433,SMB,1-10,Professional Services,APAC,self_serve,2025-02-15,17.4,False
ACC-001153,CO-0029757,SMB,51-200,Retail/E-commerce,North America,self_serve,2022-10-06,38.6,False
ACC-001154,CO-0070346,SMB,11-50,Manufacturing,North America,self_serve,2024-07-07,33.4,False
ACC-001155,CO-0024285,SMB,1-10,Technology/SaaS,North America,self_serve,2021-10-14,23.0,True
ACC-001156,CO-0052436,SMB,51-200,Logistics/Supply Chain,EMEA,self_serve,2024-04-07,35.9,False
ACC-001157,CO-0052172,SMB,1-10,Professional Services,North America,self_serve,2023-07-12,35.5,False
ACC-001158,CO-0110886,SMB,11-50,Education,EMEA,inbound_marketing,2025-06-14,16.2,False
ACC-001159,CO-0065316,SMB,1-10,Technology/SaaS,North America,inbound_marketing,2024-01-26,24.1,False
ACC-001160,CO-0104423,SMB,1-10,Retail/E-commerce,LATAM,self_serve,2023-06-05,18.2,False
ACC-001161,CO-0075783,SMB,1-10,Professional Services,EMEA,inbound_marketing,2023-10-15,22.5,True
ACC-001162,CO-0004795,SMB,1-10,Healthcare,North America,self_serve,2025-07-04,31.7,True
ACC-001163,CO-0070522,Commercial,1-10,Retail/E-commerce,North America,self_serve,2025-06-23,14.7,False
ACC-001164,CO-0045072,SMB,1-10,Public Sector,North America,self_serve,2025-06-27,22.9,False
ACC-001165,CO-0038364,SMB,51-200,Professional Services,North America,inbound_marketing,2023-08-10,30.9,False
ACC-001166,CO-0015656,SMB,11-50,Media/Entertainment,North America,self_serve,2023-11-06,23.2,False
ACC-001167,CO-0096271,SMB,1-10,Technology/SaaS,North America,self_serve,2021-10-21,38.7,False
ACC-001168,CO-0047154,SMB,1-10,Technology/SaaS,North America,inbound_marketing,2025-12-10,28.5,False
ACC-001169,CO-0086529,SMB,11-50,Technology/SaaS,EMEA,inbound_marketing,2024-10-04,36.1,False
ACC-001170,CO-0024828,SMB,11-50,Media/Entertainment,APAC,self_serve,2024-03-01,19.9,False
ACC-001171,CO-0086434,Commercial,1-10,Media/Entertainment,EMEA,self_serve,2023-08-04,25.3,False
ACC-001172,CO-0077746,SMB,1-10,Professional Services,EMEA,self_serve,2023-04-20,22.7,False
ACC-001173,CO-0089928,SMB,11-50,Healthcare,North America,inbound_marketing,2021-08-27,19.0,False
ACC-001174,CO-0033954,SMB,1-10,Professional Services,APAC,self_serve,2025-04-02,11.3,False
ACC-001175,CO-0053236,SMB,51-200,Manufacturing,EMEA,self_serve,2024-12-18,39.5,False
ACC-001176,CO-0012732,SMB,11-50,Healthcare,APAC,self_serve,2025-09-19,24.7,False
ACC-001177,CO-0086840,SMB,1-10,Healthcare,APAC,inbound_marketing,2025-06-17,34.3,False
ACC-001178,CO-0060774,SMB,1-10,Professional Services,North America,self_serve,2024-10-06,23.5,False
ACC-001179,CO-0037651,SMB,1-10,Professional Services,North America,self_serve,2025-12-20,29.0,False
ACC-001180,CO-0013867,SMB,1-10,Technology/SaaS,EMEA,self_serve,2023-05-19,22.5,False
ACC-001181,CO-0080571,SMB,11-50,Manufacturing,North America,self_serve,2025-06-26,36.8,False
ACC-001182,CO-0058693,SMB,1-10,Financial Services,North America,self_serve,2024-11-19,37.7,False
ACC-001183,CO-0107879,Commercial,1-10,Technology/SaaS,APAC,self_serve,2023-06-15,26.3,False
ACC-001184,CO-0105786,SMB,1-10,Retail/E-commerce,North America,inbound_marketing,2025-07-09,17.7,True
ACC-001185,CO-0059816,SMB,51-200,Technology/SaaS,North America,self_serve,2025-03-02,36.8,False
ACC-001186,CO-0084115,SMB,1-10,Healthcare,EMEA,self_serve,2025-09-16,27.6,False
ACC-001187,CO-0092820,SMB,11-50,Financial Services,EMEA,inbound_marketing,2024-11-18,30.7,False
ACC-001188,CO-0114582,SMB,1-10,Public Sector,North America,self_serve,2022-01-02,26.1,False
ACC-001189,CO-0022410,SMB,1-10,Professional Services,EMEA,self_serve,2021-04-07,17.7,False
ACC-001190,CO-0107376,SMB,51-200,Healthcare,EMEA,self_serve,2023-06-26,31.2,False
ACC-001191,CO-0082350,SMB,1-10,Media/Entertainment,North America,inbound_marketing,2024-07-05,6.3,False
ACC-001192,CO-0009593,SMB,11-50,Professional Services,North America,inbound_marketing,2020-01-13,30.3,False
ACC-001193,CO-0020836,SMB,51-200,Media/Entertainment,North America,self_serve,2022-04-05,28.9,False
ACC-001194,CO-0004483,SMB,1-10,Retail/E-commerce,North America,self_serve,2025-10-22,19.0,False
ACC-001195,CO-0072595,SMB,1-10,Manufacturing,North America,self_serve,2020-08-14,23.4,False
ACC-001196,CO-0121930,Commercial,11-50,Technology/SaaS,North America,self_serve,2025-04-22,35.9,False
ACC-001197,CO-0040946,Commercial,1-10,Manufacturing,North America,self_serve,2024-01-25,33.3,False
ACC-001198,CO-0020812,SMB,11-50,Media/Entertainment,North America,self_serve,2023-09-05,18.6,False
ACC-001199,CO-0017453,SMB,1-10,Financial Services,APAC,self_serve,2024-03-20,29.8,False
ACC-001200,CO-0040434,SMB,1-10,Logistics/Supply Chain,LATAM,self_serve,2024-06-09,30.7,False
ACC-001201,CO-0103113,SMB,51-200,Logistics/Supply Chain,LATAM,self_serve,2025-06-23,38.9,False
ACC-001202,CO-0012227,SMB,11-50,Public Sector,North America,self_serve,2024-09-15,20.8,False
ACC-001203,CO-0120249,SMB,201-1000,Media/Entertainment,APAC,self_serve,2025-07-13,35.2,False
ACC-001204,CO-0021076,SMB,51-200,Education,North America,self_serve,2024-01-28,37.6,False
ACC-001205,CO-0065989,SMB,11-50,Professional Services,North America,self_serve,2025-12-08,38.9,False
ACC-001206,CO-0063378,SMB,11-50,Professional Services,North America,inbound_marketing,2024-07-25,26.8,False
ACC-001207,CO-0038424,SMB,11-50,Media/Entertainment,APAC,self_serve,2021-05-11,11.7,False
ACC-001208,CO-0019261,SMB,1-10,Logistics/Supply Chain,North America,inbound_marketing,2025-02-15,24.6,True
ACC-001209,CO-0073059,SMB,1-10,Retail/E-commerce,EMEA,self_serve,2024-12-24,9.3,False
ACC-001210,CO-0119070,SMB,1-10,Media/Entertainment,North America,inbound_marketing,2023-03-20,15.8,False
ACC-001211,CO-0043618,SMB,11-50,Healthcare,APAC,self_serve,2025-06-16,32.7,False
ACC-001212,CO-0015183,SMB,1-10,Financial Services,North America,self_serve,2025-02-15,32.0,False
ACC-001213,CO-0098356,SMB,1-10,Technology/SaaS,North America,inbound_marketing,2023-09-11,35.8,True
ACC-001214,CO-0102246,SMB,11-50,Technology/SaaS,EMEA,self_serve,2025-02-18,37.8,False
ACC-001215,CO-0091657,Commercial,1-10,Public Sector,North America,self_serve,2023-03-15,20.3,False
ACC-001216,CO-0032409,Commercial,1-10,Manufacturing,EMEA,inbound_marketing,2022-10-05,21.0,False
ACC-001217,CO-0068420,SMB,51-200,Education,North America,self_serve,2023-09-13,32.2,False
ACC-001218,CO-0088891,SMB,11-50,Healthcare,LATAM,inbound_marketing,2024-01-21,26.1,False
ACC-001219,CO-0037644,Commercial,1-10,Technology/SaaS,North America,self_serve,2025-04-17,22.9,False
ACC-001220,CO-0082559,SMB,11-50,Logistics/Supply Chain,North America,self_serve,2024-05-28,34.0,False
ACC-001221,CO-0045700,SMB,1-10,Financial Services,LATAM,inbound_marketing,2021-05-18,21.6,False
ACC-001222,CO-0045068,Commercial,11-50,Education,North America,self_serve,2021-06-20,24.3,False
ACC-001223,CO-0120317,SMB,51-200,Retail/E-commerce,APAC,inbound_marketing,2023-05-25,35.3,False
ACC-001224,CO-0073717,SMB,51-200,Retail/E-commerce,APAC,inbound_marketing,2020-03-06,21.2,False
ACC-001225,CO-0006795,SMB,11-50,Professional Services,North America,self_serve,2025-11-11,12.0,False
ACC-001226,CO-0041376,SMB,11-50,Healthcare,EMEA,inbound_marketing,2025-07-14,27.2,False
ACC-001227,CO-0018043,SMB,1-10,Logistics/Supply Chain,North America,self_serve,2023-09-02,25.6,False
ACC-001228,CO-0035072,SMB,1-10,Healthcare,EMEA,self_serve,2025-03-17,18.5,True
ACC-001229,CO-0009558,SMB,1-10,Technology/SaaS,North America,inbound_marketing,2021-05-19,31.3,False
ACC-001230,CO-0120707,SMB,1-10,Technology/SaaS,EMEA,self_serve,2021-07-26,21.5,False
ACC-001231,CO-0078464,SMB,1-10,Retail/E-commerce,North America,self_serve,2025-05-10,21.0,False
ACC-001232,CO-0072571,SMB,1-10,Public Sector,North America,inbound_marketing,2023-05-11,25.0,False
ACC-001233,CO-0058272,SMB,1-10,Manufacturing,LATAM,self_serve,2023-06-27,17.9,False
ACC-001234,CO-0070905,Commercial,1-10,Manufacturing,EMEA,self_serve,2024-09-11,27.3,False
ACC-001235,CO-0103493,SMB,1-10,Financial Services,EMEA,inbound_marketing,2025-07-25,19.5,False
ACC-001236,CO-0047530,SMB,11-50,Technology/SaaS,LATAM,inbound_marketing,2024-09-18,33.7,False
ACC-001237,CO-0040340,SMB,51-200,Education,North America,inbound_marketing,2020-06-16,29.2,False
ACC-001238,CO-0067190,SMB,51-200,Media/Entertainment,North America,self_serve,2025-12-17,39.9,False
ACC-001239,CO-0006632,SMB,51-200,Education,North America,inbound_marketing,2025-02-28,26.5,False
ACC-001240,CO-0015187,SMB,201-1000,Professional Services,EMEA,self_serve,2020-12-23,39.4,False
ACC-001241,CO-0120821,SMB,1-10,Financial Services,North America,self_serve,2025-10-23,37.6,False
ACC-001242,CO-0063803,SMB,11-50,Public Sector,EMEA,inbound_marketing,2023-10-06,29.9,False
ACC-001243,CO-0093956,SMB,1-10,Manufacturing,EMEA,self_serve,2025-12-23,11.9,False
ACC-001244,CO-0022037,SMB,1-10,Education,EMEA,self_serve,2025-02-19,22.5,False
ACC-001245,CO-0025123,SMB,11-50,Manufacturing,North America,inbound_marketing,2025-11-23,28.3,False
ACC-001246,CO-0012080,SMB,201-1000,Retail/E-commerce,EMEA,self_serve,2024-09-21,37.2,False
ACC-001247,CO-0107065,SMB,1-10,Manufacturing,North America,inbound_marketing,2025-04-20,20.2,True
ACC-001248,CO-0042990,SMB,1-10,Financial Services,North America,self_serve,2024-03-12,34.1,False
ACC-001249,CO-0091377,SMB,1-10,Technology/SaaS,EMEA,self_serve,2023-03-23,29.4,True
ACC-001250,CO-0115842,SMB,1-10,Media/Entertainment,North America,self_serve,2023-05-06,28.5,False
ACC-001251,CO-0102085,SMB,1-10,Logistics/Supply Chain,North America,self_serve,2024-05-07,26.1,False
ACC-001252,CO-0058652,SMB,1-10,Professional Services,EMEA,inbound_marketing,2024-03-03,22.2,True
ACC-001253,CO-0070280,SMB,11-50,Media/Entertainment,North America,inbound_marketing,2025-04-01,32.6,False
ACC-001254,CO-0041934,SMB,1-10,Public Sector,North America,self_serve,2024-09-08,27.3,False
ACC-001255,CO-0100675,SMB,1-10,Education,APAC,self_serve,2022-08-18,0.0,False
ACC-001256,CO-0025111,SMB,1-10,Technology/SaaS,APAC,self_serve,2023-11-08,25.4,True
ACC-001257,CO-0109914,SMB,11-50,Professional Services,EMEA,self_serve,2024-12-16,18.1,False
ACC-001258,CO-0016940,SMB,1-10,Manufacturing,EMEA,inbound_marketing,2020-05-19,20.6,True
ACC-001259,CO-0090937,SMB,1-10,Healthcare,North America,self_serve,2024-04-02,29.7,False
ACC-001260,CO-0066990,SMB,11-50,Education,North America,self_serve,2024-04-05,17.8,False
ACC-001261,CO-0101386,SMB,51-200,Healthcare,LATAM,self_serve,2025-08-20,33.0,False
ACC-001262,CO-0008500,SMB,1-10,Retail/E-commerce,EMEA,self_serve,2020-11-12,26.8,False
ACC-001263,CO-0076303,Commercial,1-10,Financial Services,EMEA,inbound_marketing,2024-10-18,30.8,True
ACC-001264,CO-0049495,SMB,51-200,Healthcare,North America,self_serve,2024-07-17,38.7,False
ACC-001265,CO-0122422,SMB,1-10,Retail/E-commerce,North America,inbound_marketing,2024-11-17,18.1,False
ACC-001266,CO-0087857,SMB,1-10,Logistics/Supply Chain,North America,inbound_marketing,2025-09-23,31.6,False
ACC-001267,CO-0081236,SMB,1-10,Professional Services,EMEA,self_serve,2024-08-09,23.6,False
ACC-001268,CO-0099652,SMB,1-10,Professional Services,North America,self_serve,2024-12-23,34.9,False
ACC-001269,CO-0086435,SMB,1-10,Healthcare,North America,self_serve,2023-10-11,39.8,False
ACC-001270,CO-0108867,SMB,1-10,Technology/SaaS,EMEA,self_serve,2024-09-28,30.4,False
ACC-001271,CO-0109208,SMB,1-10,Technology/SaaS,APAC,self_serve,2024-06-01,27.8,False
ACC-001272,CO-0092016,SMB,1-10,Logistics/Supply Chain,North America,inbound_marketing,2023-04-19,29.3,False
ACC-001273,CO-0044270,SMB,11-50,Media/Entertainment,North America,self_serve,2025-08-15,23.7,False
ACC-001274,CO-0065561,SMB,11-50,Healthcare,North America,self_serve,2022-07-16,33.8,False
ACC-001275,CO-0082021,SMB,11-50,Manufacturing,LATAM,self_serve,2025-10-01,27.8,False
ACC-001276,CO-0067297,SMB,1-10,Logistics/Supply Chain,North America,self_serve,2024-06-25,14.0,False
ACC-001277,CO-0006962,SMB,11-50,Manufacturing,North America,self_serve,2023-01-03,33.3,False
ACC-001278,CO-0082900,SMB,11-50,Retail/E-commerce,North America,self_serve,2023-02-08,21.8,False
ACC-001279,CO-0115776,Commercial,11-50,Education,North America,self_serve,2024-05-17,22.3,False
ACC-001280,CO-0083045,SMB,1-10,Technology/SaaS,North America,self_serve,2024-08-27,28.3,False
ACC-001281,CO-0006086,SMB,1-10,Professional Services,North America,self_serve,2025-08-22,14.5,True
ACC-001282,CO-0074072,SMB,1-10,Manufacturing,North America,self_serve,2024-03-18,25.6,False
ACC-001283,CO-0020239,Commercial,1-10,Logistics/Supply Chain,EMEA,self_serve,2022-11-07,20.1,False
ACC-001284,CO-0010202,SMB,11-50,Logistics/Supply Chain,North America,inbound_marketing,2025-06-05,36.0,False
ACC-001285,CO-0012039,SMB,11-50,Media/Entertainment,EMEA,inbound_marketing,2025-11-15,25.8,False
ACC-001286,CO-0105409,SMB,11-50,Media/Entertainment,North America,self_serve,2024-08-26,24.7,False
ACC-001287,CO-0080015,SMB,1-10,Manufacturing,North America,self_serve,2025-01-16,22.7,True
ACC-001288,CO-0000884,SMB,1-10,Retail/E-commerce,EMEA,self_serve,2023-08-03,16.6,False
ACC-001289,CO-0038583,SMB,11-50,Retail/E-commerce,North America,inbound_marketing,2025-01-13,29.5,False
ACC-001290,CO-0070185,Commercial,1-10,Healthcare,EMEA,self_serve,2023-08-19,15.4,False
ACC-001291,CO-0090120,SMB,11-50,Public Sector,EMEA,self_serve,2025-08-20,25.0,False
ACC-001292,CO-0088183,Commercial,1-10,Manufacturing,APAC,self_serve,2021-09-24,19.7,True
ACC-001293,CO-0120972,SMB,11-50,Manufacturing,APAC,self_serve,2025-04-12,36.6,False
ACC-001294,CO-0021493,SMB,51-200,Professional Services,EMEA,self_serve,2023-12-02,30.4,False
ACC-001295,CO-0049143,SMB,1-10,Public Sector,EMEA,self_serve,2024-08-13,13.9,False
ACC-001296,CO-0119950,SMB,11-50,Retail/E-commerce,LATAM,self_serve,2020-05-30,16.8,False
ACC-001297,CO-0024645,SMB,1-10,Healthcare,APAC,self_serve,2025-07-22,19.7,False
ACC-001298,CO-0108642,Commercial,11-50,Technology/SaaS,North America,self_serve,2020-12-23,34.2,False
ACC-001299,CO-0089212,SMB,11-50,Logistics/Supply Chain,North America,self_serve,2022-05-16,23.2,False
ACC-001300,CO-0019395,SMB,11-50,Manufacturing,EMEA,self_serve,2024-12-10,33.3,False
ACC-001301,CO-0046242,SMB,1-10,Financial Services,EMEA,self_serve,2025-02-27,28.7,False
ACC-001302,CO-0056495,SMB,51-200,Education,APAC,inbound_marketing,2025-06-22,24.6,False
ACC-001303,CO-0122845,SMB,1-10,Professional Services,LATAM,inbound_marketing,2024-11-12,17.5,True
ACC-001304,CO-0039363,SMB,51-200,Retail/E-commerce,North America,self_serve,2023-05-04,34.0,False
ACC-001305,CO-0069835,SMB,51-200,Healthcare,North America,inbound_marketing,2024-04-10,23.1,False
ACC-001306,CO-0058918,SMB,1-10,Public Sector,North America,self_serve,2024-12-13,26.9,True
ACC-001307,CO-0044966,SMB,1-10,Professional Services,APAC,self_serve,2024-05-14,16.5,False
ACC-001308,CO-0009609,SMB,1-10,Media/Entertainment,EMEA,self_serve,2024-04-17,24.0,False
ACC-001309,CO-0094243,SMB,1-10,Manufacturing,North America,self_serve,2024-04-17,19.8,False
ACC-001310,CO-0004702,SMB,1-10,Healthcare,LATAM,inbound_marketing,2025-03-06,26.8,False
ACC-001311,CO-0089367,SMB,1-10,Financial Services,North America,self_serve,2020-11-02,37.8,False
ACC-001312,CO-0015392,SMB,1-10,Manufacturing,North America,self_serve,2024-05-23,22.8,False
ACC-001313,CO-0107752,Commercial,11-50,Retail/E-commerce,EMEA,self_serve,2025-02-10,29.8,False
ACC-001314,CO-0086219,SMB,1-10,Financial Services,APAC,self_serve,2025-01-11,25.8,False
ACC-001315,CO-0050966,SMB,1-10,Retail/E-commerce,North America,self_serve,2025-02-14,18.2,False
ACC-001316,CO-0114610,SMB,1-10,Retail/E-commerce,North America,self_serve,2021-05-23,13.4,False
ACC-001317,CO-0014827,Commercial,1-10,Financial Services,EMEA,self_serve,2023-06-01,21.1,False
ACC-001318,CO-0067303,SMB,1-10,Technology/SaaS,North America,inbound_marketing,2023-12-04,30.5,True
ACC-001319,CO-0052544,SMB,1-10,Professional Services,North America,self_serve,2025-02-27,25.5,False
ACC-001320,CO-0002036,SMB,1-10,Public Sector,EMEA,self_serve,2024-01-18,24.8,False
ACC-001321,CO-0076109,SMB,1-10,Technology/SaaS,North America,self_serve,2023-08-04,34.6,False
ACC-001322,CO-0023218,SMB,1-10,Financial Services,APAC,inbound_marketing,2025-02-02,23.5,False
ACC-001323,CO-0021968,SMB,51-200,Financial Services,LATAM,self_serve,2021-04-06,36.0,False
ACC-001324,CO-0102352,SMB,11-50,Education,APAC,inbound_marketing,2024-05-27,23.2,False
ACC-001325,CO-0053840,SMB,1-10,Manufacturing,EMEA,inbound_marketing,2025-09-23,29.2,False
ACC-001326,CO-0098537,SMB,11-50,Education,North America,self_serve,2023-12-16,28.6,False
ACC-001327,CO-0096640,SMB,11-50,Healthcare,North America,inbound_marketing,2024-12-18,23.9,False
ACC-001328,CO-0060411,SMB,11-50,Healthcare,North America,self_serve,2024-04-21,39.6,False
ACC-001329,CO-0033559,SMB,11-50,Retail/E-commerce,LATAM,inbound_marketing,2023-10-10,18.1,False
ACC-001330,CO-0021143,SMB,11-50,Manufacturing,APAC,self_serve,2025-02-01,31.0,False
ACC-001331,CO-0113549,SMB,1-10,Healthcare,North America,self_serve,2024-03-10,34.5,True
ACC-001332,CO-0099222,SMB,1-10,Retail/E-commerce,North America,self_serve,2023-11-15,9.5,False
ACC-001333,CO-0083330,SMB,11-50,Public Sector,EMEA,self_serve,2024-07-26,37.6,False
ACC-001334,CO-0096980,Commercial,1-10,Education,North America,self_serve,2023-06-22,16.4,False
ACC-001335,CO-0031643,SMB,1-10,Education,EMEA,self_serve,2025-08-24,15.8,False
ACC-001336,CO-0025849,SMB,1-10,Retail/E-commerce,North America,self_serve,2024-11-25,14.7,False
ACC-001337,CO-0027667,SMB,11-50,Education,North America,self_serve,2025-01-19,20.2,False
ACC-001338,CO-0111810,SMB,1-10,Retail/E-commerce,EMEA,self_serve,2022-07-07,27.1,True
ACC-001339,CO-0063026,SMB,1-10,Education,APAC,inbound_marketing,2025-08-01,11.9,False
ACC-001340,CO-0010604,SMB,1-10,Logistics/Supply Chain,North America,self_serve,2025-06-13,26.6,False
ACC-001341,CO-0000609,SMB,11-50,Healthcare,APAC,self_serve,2021-03-05,24.5,False
ACC-001342,CO-0020432,SMB,51-200,Financial Services,APAC,self_serve,2021-08-18,36.8,False
ACC-001343,CO-0004105,SMB,51-200,Professional Services,APAC,self_serve,2025-08-16,32.6,False
ACC-001344,CO-0011892,SMB,1-10,Manufacturing,EMEA,self_serve,2025-02-19,22.9,True
ACC-001345,CO-0109908,SMB,11-50,Technology/SaaS,North America,self_serve,2024-06-09,34.6,False
ACC-001346,CO-0086483,SMB,1-10,Logistics/Supply Chain,North America,self_serve,2025-03-18,21.5,False
ACC-001347,CO-0090031,SMB,1-10,Education,LATAM,inbound_marketing,2020-10-26,19.0,True
ACC-001348,CO-0059964,SMB,1-10,Financial Services,North America,inbound_marketing,2023-08-08,21.5,False
ACC-001349,CO-0048857,SMB,1-10,Financial Services,North America,inbound_marketing,2025-07-19,38.5,False
ACC-001350,CO-0043937,SMB,11-50,Media/Entertainment,EMEA,self_serve,2025-12-24,23.4,False
ACC-001351,CO-0067957,SMB,1-10,Manufacturing,EMEA,self_serve,2025-09-01,18.4,False
ACC-001352,CO-0120718,SMB,1-10,Technology/SaaS,North America,self_serve,2024-06-03,18.1,False
ACC-001353,CO-0033597,SMB,1-10,Logistics/Supply Chain,North America,self_serve,2025-02-10,26.7,False
ACC-001354,CO-0118616,Commercial,1-10,Healthcare,North America,self_serve,2024-08-07,33.7,False
ACC-001355,CO-0021304,SMB,201-1000,Retail/E-commerce,EMEA,self_serve,2025-12-19,30.1,False
ACC-001356,CO-0078091,Commercial,201-1000,Retail/E-commerce,North America,self_serve,2023-10-09,38.9,False
ACC-001357,CO-0080461,Commercial,1-10,Education,EMEA,self_serve,2020-08-03,7.6,False
ACC-001358,CO-0094432,SMB,51-200,Media/Entertainment,North America,self_serve,2023-12-21,37.5,False
ACC-001359,CO-0106382,SMB,1-10,Technology/SaaS,North America,inbound_marketing,2023-04-16,18.8,True
ACC-001360,CO-0122717,SMB,11-50,Retail/E-commerce,North America,self_serve,2020-05-25,36.3,False
ACC-001361,CO-0016538,SMB,1-10,Financial Services,EMEA,inbound_marketing,2023-03-15,22.2,True
ACC-001362,CO-0066826,SMB,1-10,Technology/SaaS,EMEA,self_serve,2021-12-25,31.2,False
ACC-001363,CO-0020877,SMB,1-10,Technology/SaaS,North America,self_serve,2022-10-10,28.6,True
ACC-001364,CO-0062773,SMB,1-10,Healthcare,EMEA,self_serve,2025-07-11,7.8,False
ACC-001365,CO-0078303,SMB,51-200,Public Sector,LATAM,self_serve,2025-11-07,34.3,False
ACC-001366,CO-0041405,SMB,11-50,Public Sector,North America,self_serve,2025-11-15,33.8,False
ACC-001367,CO-0087935,SMB,1-10,Retail/E-commerce,North America,inbound_marketing,2023-05-08,15.2,False
ACC-001368,CO-0108579,SMB,11-50,Healthcare,North America,self_serve,2025-07-16,32.6,False
ACC-001369,CO-0046095,SMB,11-50,Financial Services,EMEA,self_serve,2023-09-05,29.1,False
ACC-001370,CO-0084908,Commercial,11-50,Healthcare,APAC,self_serve,2025-02-10,35.7,False
ACC-001371,CO-0103403,SMB,1-10,Manufacturing,North America,self_serve,2025-04-19,22.5,False
ACC-001372,CO-0037415,SMB,1-10,Public Sector,LATAM,self_serve,2025-11-09,15.8,False
ACC-001373,CO-0022443,SMB,1-10,Technology/SaaS,North America,self_serve,2020-10-23,33.5,False
ACC-001374,CO-0031947,SMB,11-50,Logistics/Supply Chain,North America,inbound_marketing,2025-12-07,29.7,False
ACC-001375,CO-0031695,SMB,11-50,Manufacturing,North America,self_serve,2025-12-26,31.2,False
ACC-001376,CO-0108249,SMB,1-10,Manufacturing,North America,self_serve,2025-04-22,29.3,True
ACC-001377,CO-0043897,SMB,51-200,Retail/E-commerce,North America,inbound_marketing,2025-06-08,38.8,False
ACC-001378,CO-0012434,SMB,1-10,Retail/E-commerce,North America,self_serve,2025-10-15,23.6,False
ACC-001379,CO-0027143,SMB,1-10,Healthcare,North America,self_serve,2025-11-16,20.7,False
ACC-001380,CO-0095697,SMB,1-10,Retail/E-commerce,EMEA,self_serve,2025-12-28,12.7,True
ACC-001381,CO-0018231,SMB,1-10,Healthcare,APAC,self_serve,2021-02-07,23.9,False
ACC-001382,CO-0007509,SMB,51-200,Retail/E-commerce,APAC,self_serve,2025-01-09,28.7,False
ACC-001383,CO-0062949,SMB,11-50,Professional Services,EMEA,self_serve,2025-06-25,22.2,False
ACC-001384,CO-0103462,SMB,1-10,Professional Services,North America,inbound_marketing,2025-04-21,35.7,True
ACC-001385,CO-0114595,SMB,1-10,Manufacturing,North America,self_serve,2025-04-06,20.4,True
ACC-001386,CO-0060570,SMB,1-10,Retail/E-commerce,EMEA,self_serve,2024-09-04,15.7,False
ACC-001387,CO-0035822,SMB,1-10,Healthcare,EMEA,self_serve,2023-07-15,24.5,False
ACC-001388,CO-0119777,SMB,11-50,Media/Entertainment,North America,inbound_marketing,2025-10-22,19.3,False
ACC-001389,CO-0101342,SMB,51-200,Manufacturing,North America,self_serve,2024-11-22,36.1,False
ACC-001390,CO-0040100,SMB,1-10,Education,North America,inbound_marketing,2024-06-14,18.8,True
ACC-001391,CO-0115487,SMB,11-50,Professional Services,North America,self_serve,2025-02-22,21.4,False
ACC-001392,CO-0083516,SMB,1-10,Professional Services,EMEA,self_serve,2025-06-23,15.9,False
ACC-001393,CO-0011275,SMB,11-50,Financial Services,EMEA,self_serve,2023-12-07,27.0,False
ACC-001394,CO-0001179,SMB,1-10,Professional Services,EMEA,inbound_marketing,2023-05-08,7.6,True
ACC-001395,CO-0118150,SMB,1-10,Logistics/Supply Chain,North America,self_serve,2025-04-07,16.9,False
ACC-001396,CO-0006860,SMB,1-10,Technology/SaaS,North America,self_serve,2025-11-13,16.8,True
ACC-001397,CO-0093777,SMB,1-10,Technology/SaaS,APAC,self_serve,2024-06-17,20.3,False
ACC-001398,CO-0049276,SMB,11-50,Education,North America,self_serve,2025-02-21,25.2,False
ACC-001399,CO-0035991,SMB,51-200,Healthcare,North America,self_serve,2025-01-23,35.5,False
ACC-001400,CO-0029642,SMB,1-10,Healthcare,North America,inbound_marketing,2025-05-15,29.2,False
ACC-001401,CO-0121573,SMB,1-10,Retail/E-commerce,North America,inbound_marketing,2024-05-23,14.8,False
ACC-001402,CO-0023054,SMB,1-10,Healthcare,North America,self_serve,2022-05-05,29.4,True
ACC-001403,CO-0034020,SMB,11-50,Professional Services,EMEA,self_serve,2024-03-28,13.3,False
ACC-001404,CO-0092005,SMB,11-50,Manufacturing,EMEA,self_serve,2024-02-09,37.1,False
ACC-001405,CO-0045548,SMB,51-200,Financial Services,APAC,inbound_marketing,2023-03-26,28.6,False
ACC-001406,CO-0093318,SMB,51-200,Manufacturing,North America,inbound_marketing,2024-04-27,39.6,False
ACC-001407,CO-0019908,SMB,1-10,Logistics/Supply Chain,EMEA,self_serve,2025-08-23,17.6,False
ACC-001408,CO-0106557,SMB,1-10,Healthcare,EMEA,self_serve,2021-05-07,15.6,False
ACC-001409,CO-0064735,SMB,51-200,Professional Services,North America,inbound_marketing,2024-05-24,37.5,False
ACC-001410,CO-0014171,SMB,11-50,Technology/SaaS,APAC,self_serve,2023-10-20,37.0,False
ACC-001411,CO-0045299,SMB,1-10,Media/Entertainment,North America,self_serve,2025-05-02,20.7,False
ACC-001412,CO-0122244,SMB,1-10,Healthcare,APAC,self_serve,2023-08-01,9.1,True
ACC-001413,CO-0009941,SMB,11-50,Retail/E-commerce,North America,self_serve,2021-08-30,26.9,False
ACC-001414,CO-0111527,SMB,11-50,Public Sector,North America,self_serve,2025-01-22,39.9,False
ACC-001415,CO-0007881,Commercial,1-10,Financial Services,North America,inbound_marketing,2025-05-25,38.1,True
ACC-001416,CO-0017349,SMB,201-1000,Professional Services,EMEA,self_serve,2025-03-12,39.9,False
ACC-001417,CO-0024780,SMB,1-10,Retail/E-commerce,North America,self_serve,2025-12-13,22.0,False
ACC-001418,CO-0047141,SMB,11-50,Media/Entertainment,APAC,self_serve,2025-04-26,17.3,False
ACC-001419,CO-0029939,SMB,11-50,Education,North America,self_serve,2023-09-15,11.1,False
ACC-001420,CO-0075650,SMB,11-50,Healthcare,North America,self_serve,2024-07-06,26.7,False
ACC-001421,CO-0052524,SMB,11-50,Manufacturing,EMEA,self_serve,2023-07-27,36.0,False
ACC-001422,CO-0030062,SMB,1-10,Financial Services,North America,self_serve,2025-11-16,29.4,False
ACC-001423,CO-0068238,SMB,11-50,Financial Services,North America,self_serve,2024-08-02,34.7,False
ACC-001424,CO-0115918,SMB,1-10,Professional Services,North America,self_serve,2022-06-24,24.4,False
ACC-001425,CO-0089334,SMB,1-10,Financial Services,North America,inbound_marketing,2024-09-27,26.3,True
ACC-001426,CO-0014711,SMB,11-50,Public Sector,EMEA,self_serve,2025-06-10,34.4,False
ACC-001427,CO-0011702,SMB,201-1000,Education,North America,inbound_marketing,2024-04-01,39.1,False
ACC-001428,CO-0053098,SMB,1-10,Media/Entertainment,North America,self_serve,2020-11-17,32.5,False
ACC-001429,CO-0048727,Commercial,11-50,Financial Services,APAC,inbound_marketing,2024-04-10,38.2,False
ACC-001430,CO-0040249,Commercial,1-10,Technology/SaaS,North America,self_serve,2020-04-03,33.1,False
ACC-001431,CO-0026237,SMB,1-10,Public Sector,North America,self_serve,2025-04-09,13.7,False
ACC-001432,CO-0034154,SMB,51-200,Manufacturing,LATAM,inbound_marketing,2023-12-07,32.1,False
ACC-001433,CO-0065867,SMB,1-10,Technology/SaaS,North America,self_serve,2023-05-19,24.3,False
ACC-001434,CO-0063629,SMB,11-50,Technology/SaaS,EMEA,self_serve,2025-12-04,34.2,False
ACC-001435,CO-0062256,SMB,1-10,Education,North America,inbound_marketing,2024-08-11,17.3,False
ACC-001436,CO-0060261,SMB,1-10,Media/Entertainment,EMEA,self_serve,2025-09-28,13.3,False
ACC-001437,CO-0049971,SMB,1-10,Healthcare,APAC,self_serve,2025-10-18,17.9,False
ACC-001438,CO-0033824,SMB,1-10,Retail/E-commerce,North America,inbound_marketing,2024-09-13,20.2,False
ACC-001439,CO-0025954,SMB,1-10,Financial Services,EMEA,self_serve,2024-09-04,29.3,True
ACC-001440,CO-0088770,SMB,11-50,Healthcare,North America,self_serve,2025-05-28,32.8,False
ACC-001441,CO-0022038,SMB,1-10,Technology/SaaS,North America,self_serve,2022-11-14,34.3,False
ACC-001442,CO-0029613,SMB,1-10,Healthcare,North America,self_serve,2020-04-25,27.5,True
ACC-001443,CO-0024668,SMB,1-10,Technology/SaaS,North America,self_serve,2024-08-28,25.4,False
ACC-001444,CO-0047769,SMB,11-50,Media/Entertainment,EMEA,self_serve,2022-04-07,29.5,False
ACC-001445,CO-0042221,SMB,11-50,Retail/E-commerce,EMEA,self_serve,2025-12-17,17.1,False
ACC-001446,CO-0113354,SMB,1-10,Technology/SaaS,EMEA,self_serve,2023-12-12,22.3,True
ACC-001447,CO-0001823,SMB,11-50,Education,North America,self_serve,2024-06-21,25.6,False
ACC-001448,CO-0087417,SMB,1-10,Retail/E-commerce,North America,self_serve,2020-09-05,18.8,False
ACC-001449,CO-0026016,SMB,11-50,Education,North America,self_serve,2021-05-17,18.1,False
ACC-001450,CO-0056585,SMB,1-10,Professional Services,North America,self_serve,2025-08-13,23.4,False
ACC-001451,CO-0064656,SMB,11-50,Professional Services,EMEA,inbound_marketing,2025-05-16,24.2,False
ACC-001452,CO-0002290,SMB,51-200,Healthcare,EMEA,self_serve,2021-12-15,33.5,False
ACC-001453,CO-0038561,SMB,11-50,Professional Services,North America,inbound_marketing,2024-09-02,34.6,False
ACC-001454,CO-0073558,SMB,1-10,Retail/E-commerce,North America,self_serve,2025-07-20,20.1,False
ACC-001455,CO-0098604,SMB,1-10,Retail/E-commerce,North America,inbound_marketing,2023-05-10,21.1,False
ACC-001456,CO-0086083,SMB,11-50,Technology/SaaS,North America,self_serve,2024-05-01,35.3,False
ACC-001457,CO-0118637,SMB,51-200,Professional Services,APAC,self_serve,2025-02-05,34.9,False
ACC-001458,CO-0043669,Commercial,1-10,Professional Services,EMEA,inbound_marketing,2023-11-17,23.6,False
ACC-001459,CO-0066409,Commercial,1-10,Financial Services,North America,inbound_marketing,2024-07-25,31.3,False
ACC-001460,CO-0099749,SMB,11-50,Financial Services,North America,self_serve,2024-07-02,32.4,False
ACC-001461,CO-0109435,SMB,1-10,Public Sector,North America,self_serve,2023-11-19,12.3,True
ACC-001462,CO-0094278,SMB,1-10,Financial Services,EMEA,inbound_marketing,2025-01-19,23.6,False
ACC-001463,CO-0024513,SMB,1-10,Healthcare,EMEA,self_serve,2024-07-06,9.7,True
ACC-001464,CO-0021054,SMB,1-10,Retail/E-commerce,North America,inbound_marketing,2024-04-23,17.2,False
ACC-001465,CO-0020749,SMB,11-50,Retail/E-commerce,APAC,self_serve,2025-10-26,15.4,False
ACC-001466,CO-0002332,SMB,11-50,Technology/SaaS,North America,self_serve,2024-10-23,34.5,False
ACC-001467,CO-0009963,SMB,1-10,Logistics/Supply Chain,North America,self_serve,2020-07-02,16.6,False
ACC-001468,CO-0023839,SMB,1-10,Manufacturing,North America,self_serve,2024-12-10,23.2,False
ACC-001469,CO-0079941,SMB,11-50,Manufacturing,North America,self_serve,2025-07-14,33.1,False
ACC-001470,CO-0053263,SMB,11-50,Manufacturing,EMEA,self_serve,2021-01-06,32.0,False
ACC-001471,CO-0096978,SMB,11-50,Professional Services,North America,self_serve,2020-02-29,19.3,False
ACC-001472,CO-0078768,SMB,1-10,Media/Entertainment,North America,self_serve,2024-03-24,27.6,True
ACC-001473,CO-0031207,SMB,1-10,Public Sector,North America,self_serve,2025-10-17,29.9,False
ACC-001474,CO-0069987,SMB,51-200,Healthcare,APAC,self_serve,2024-11-04,38.7,False
ACC-001475,CO-0007490,SMB,1-10,Logistics/Supply Chain,EMEA,inbound_marketing,2020-02-20,20.9,False
ACC-001476,CO-0106466,SMB,1-10,Retail/E-commerce,North America,self_serve,2025-02-22,24.0,True
ACC-001477,CO-0114198,SMB,1-10,Healthcare,North America,self_serve,2022-07-21,36.0,True
ACC-001478,CO-0035570,SMB,11-50,Retail/E-commerce,North America,self_serve,2025-10-27,18.3,False
ACC-001479,CO-0029493,SMB,11-50,Manufacturing,APAC,self_serve,2025-08-14,23.0,False
ACC-001480,CO-0068160,SMB,1-10,Logistics/Supply Chain,North America,self_serve,2025-11-06,28.3,True
ACC-001481,CO-0021567,SMB,1-10,Media/Entertainment,North America,self_serve,2025-02-06,16.6,False
ACC-001482,CO-0087289,SMB,1-10,Professional Services,EMEA,self_serve,2025-12-25,24.0,False
ACC-001483,CO-0008097,SMB,1-10,Retail/E-commerce,North America,self_serve,2024-02-14,17.3,False
ACC-001484,CO-0038109,SMB,1-10,Logistics/Supply Chain,EMEA,self_serve,2020-09-06,25.3,True
ACC-001485,CO-0112962,SMB,51-200,Education,North America,inbound_marketing,2024-08-10,38.1,False
ACC-001486,CO-0059383,SMB,51-200,Healthcare,EMEA,self_serve,2025-07-20,37.3,False
ACC-001487,CO-0005589,SMB,201-1000,Healthcare,LATAM,inbound_marketing,2025-08-01,36.2,False
ACC-001488,CO-0118622,Commercial,1-10,Manufacturing,EMEA,self_serve,2025-07-02,25.8,False
ACC-001489,CO-0115482,SMB,51-200,Retail/E-commerce,North America,self_serve,2024-04-01,36.3,False
ACC-001490,CO-0018328,SMB,1-10,Media/Entertainment,APAC,self_serve,2024-06-09,24.1,True
ACC-001491,CO-0034029,SMB,1-10,Professional Services,North America,self_serve,2023-09-02,19.1,True
ACC-001492,CO-0047247,SMB,1-10,Manufacturing,North America,self_serve,2024-06-03,26.2,False
ACC-001493,CO-0010594,SMB,11-50,Education,EMEA,self_serve,2024-09-02,18.1,False
ACC-001494,CO-0097482,SMB,11-50,Education,North America,self_serve,2023-01-02,23.2,False
ACC-001495,CO-0018284,SMB,1-10,Technology/SaaS,EMEA,self_serve,2025-05-28,21.9,False
ACC-001496,CO-0120571,SMB,1-10,Technology/SaaS,North America,self_serve,2024-02-23,33.5,False
ACC-001497,CO-0045872,SMB,1-10,Financial Services,EMEA,self_serve,2024-12-10,24.7,True
ACC-001498,CO-0099854,SMB,201-1000,Professional Services,APAC,inbound_marketing,2024-04-16,39.1,False
ACC-001499,CO-0079478,SMB,1-10,Professional Services,North America,self_serve,2024-05-27,26.1,True
ACC-001500,CO-0061275,SMB,1-10,Manufacturing,North America,self_serve,2023-11-18,37.7,False
ACC-001501,CO-0046770,SMB,1-10,Manufacturing,North America,self_serve,2025-10-28,35.9,False
ACC-001502,CO-0103245,SMB,11-50,Financial Services,North America,self_serve,2025-02-12,31.5,False
ACC-001503,CO-0015352,SMB,1-10,Healthcare,North America,self_serve,2023-04-04,32.5,False
ACC-001504,CO-0051422,SMB,1-10,Financial Services,North America,self_serve,2024-07-08,31.8,False
ACC-001505,CO-0044767,SMB,11-50,Retail/E-commerce,APAC,self_serve,2022-07-10,23.7,False
ACC-001506,CO-0092001,SMB,11-50,Education,North America,self_serve,2024-10-13,22.2,False
ACC-001507,CO-0012670,SMB,11-50,Healthcare,APAC,self_serve,2024-02-27,28.1,False
ACC-001508,CO-0060283,SMB,1-10,Public Sector,EMEA,inbound_marketing,2022-12-02,23.5,False
ACC-001509,CO-0017082,SMB,11-50,Healthcare,North America,self_serve,2024-05-07,35.3,False
ACC-001510,CO-0047527,SMB,1-10,Technology/SaaS,North America,self_serve,2022-10-15,21.8,False
ACC-001511,CO-0068386,SMB,11-50,Media/Entertainment,North America,inbound_marketing,2024-07-05,20.1,False
ACC-001512,CO-0045456,SMB,11-50,Professional Services,North America,self_serve,2025-04-22,21.5,False
ACC-001513,CO-0112313,SMB,11-50,Healthcare,EMEA,self_serve,2024-01-27,22.6,False
ACC-001514,CO-0006952,SMB,11-50,Education,North America,self_serve,2023-12-22,16.1,False
ACC-001515,CO-0032464,SMB,1-10,Financial Services,EMEA,inbound_marketing,2022-04-03,37.0,False
ACC-001516,CO-0056038,SMB,11-50,Public Sector,LATAM,self_serve,2021-06-02,21.2,False
ACC-001517,CO-0020819,Commercial,11-50,Logistics/Supply Chain,EMEA,inbound_marketing,2025-03-05,31.5,False
ACC-001518,CO-0078625,SMB,51-200,Retail/E-commerce,APAC,inbound_marketing,2025-03-25,26.8,False
ACC-001519,CO-0064365,SMB,11-50,Technology/SaaS,North America,inbound_marketing,2023-09-28,35.5,False
ACC-001520,CO-0099121,SMB,11-50,Education,APAC,self_serve,2024-10-07,23.1,False
ACC-001521,CO-0014896,SMB,1-10,Education,North America,self_serve,2025-02-23,23.9,True
ACC-001522,CO-0109016,SMB,1-10,Logistics/Supply Chain,APAC,self_serve,2025-03-05,21.8,False
ACC-001523,CO-0053730,SMB,1-10,Financial Services,North America,self_serve,2021-05-28,30.5,False
ACC-001524,CO-0068593,SMB,11-50,Logistics/Supply Chain,North America,self_serve,2025-11-07,33.7,False
ACC-001525,CO-0002880,SMB,11-50,Retail/E-commerce,North America,self_serve,2024-02-18,21.6,False
ACC-001526,CO-0059059,SMB,1-10,Professional Services,North America,self_serve,2025-03-15,26.0,True
ACC-001527,CO-0065165,SMB,11-50,Financial Services,North America,self_serve,2023-01-12,33.7,False
ACC-001528,CO-0080797,SMB,11-50,Media/Entertainment,APAC,self_serve,2025-06-25,22.4,False
ACC-001529,CO-0055671,SMB,11-50,Technology/SaaS,North America,inbound_marketing,2025-07-26,20.8,False
ACC-001530,CO-0031003,SMB,11-50,Professional Services,APAC,self_serve,2022-12-09,18.8,False
ACC-001531,CO-0116091,Commercial,1-10,Professional Services,North America,self_serve,2023-04-12,10.6,False
ACC-001532,CO-0015128,SMB,11-50,Manufacturing,North America,self_serve,2025-10-14,27.4,False
ACC-001533,CO-0100413,SMB,11-50,Retail/E-commerce,North America,inbound_marketing,2024-02-14,29.6,False
ACC-001534,CO-0080707,SMB,11-50,Retail/E-commerce,North America,self_serve,2023-12-12,23.5,False
ACC-001535,CO-0050692,SMB,11-50,Media/Entertainment,EMEA,inbound_marketing,2024-07-26,17.6,False
ACC-001536,CO-0088043,SMB,201-1000,Education,EMEA,self_serve,2025-05-14,26.6,False
ACC-001537,CO-0077230,SMB,11-50,Retail/E-commerce,North America,inbound_marketing,2024-01-12,19.6,False
ACC-001538,CO-0003935,SMB,1-10,Financial Services,North America,self_serve,2024-06-07,23.0,True
ACC-001539,CO-0043786,SMB,11-50,Retail/E-commerce,North America,self_serve,2023-08-03,25.5,False
ACC-001540,CO-0040444,SMB,11-50,Healthcare,North America,inbound_marketing,2023-12-21,36.6,False
ACC-001541,CO-0028671,SMB,11-50,Retail/E-commerce,LATAM,self_serve,2025-02-16,12.8,False
ACC-001542,CO-0102481,SMB,51-200,Technology/SaaS,North America,self_serve,2023-05-20,36.9,False
ACC-001543,CO-0072895,Commercial,11-50,Education,North America,self_serve,2023-08-07,13.5,False
ACC-001544,CO-0037023,SMB,11-50,Logistics/Supply Chain,EMEA,self_serve,2022-07-23,14.6,False
ACC-001545,CO-0001015,SMB,11-50,Professional Services,EMEA,self_serve,2024-02-17,24.9,False
ACC-001546,CO-0102372,SMB,1-10,Healthcare,North America,self_serve,2024-10-03,32.6,True
ACC-001547,CO-0002906,SMB,11-50,Logistics/Supply Chain,North America,inbound_marketing,2025-05-26,36.9,False
ACC-001548,CO-0043126,SMB,11-50,Healthcare,North America,self_serve,2024-06-13,34.5,False
ACC-001549,CO-0069833,Commercial,1-10,Public Sector,LATAM,self_serve,2023-12-14,29.0,False
ACC-001550,CO-0062442,SMB,1-10,Logistics/Supply Chain,EMEA,inbound_marketing,2020-06-17,21.5,False
ACC-001551,CO-0053844,SMB,201-1000,Education,EMEA,self_serve,2024-10-15,33.1,False
ACC-001552,CO-0092595,SMB,1-10,Healthcare,North America,self_serve,2025-10-12,31.7,False
ACC-001553,CO-0103167,Commercial,1-10,Logistics/Supply Chain,APAC,self_serve,2023-03-27,25.2,False
ACC-001554,CO-0037510,SMB,11-50,Media/Entertainment,North America,inbound_marketing,2023-11-14,26.7,False
ACC-001555,CO-0032534,SMB,1-10,Media/Entertainment,North America,self_serve,2023-08-03,20.2,True
ACC-001556,CO-0069271,SMB,51-200,Retail/E-commerce,APAC,self_serve,2023-06-16,37.7,False
ACC-001557,CO-0025573,SMB,1-10,Logistics/Supply Chain,North America,self_serve,2024-07-18,31.1,False
ACC-001558,CO-0043870,SMB,11-50,Manufacturing,EMEA,self_serve,2025-04-28,38.0,False
ACC-001559,CO-0090457,SMB,1-10,Technology/SaaS,North America,self_serve,2025-04-17,31.4,False
ACC-001560,CO-0031311,SMB,11-50,Financial Services,North America,inbound_marketing,2022-11-02,28.6,False
ACC-001561,CO-0029256,SMB,11-50,Retail/E-commerce,LATAM,self_serve,2024-01-03,23.2,False
ACC-001562,CO-0027924,SMB,51-200,Healthcare,EMEA,self_serve,2020-07-16,38.3,False
ACC-001563,CO-0100510,Commercial,1-10,Public Sector,EMEA,self_serve,2024-02-28,13.3,True
ACC-001564,CO-0018162,SMB,11-50,Financial Services,EMEA,self_serve,2022-03-23,21.2,False
ACC-001565,CO-0043512,SMB,11-50,Logistics/Supply Chain,North America,self_serve,2020-06-08,31.5,False
ACC-001566,CO-0007297,SMB,51-200,Education,EMEA,self_serve,2023-06-01,21.7,False
ACC-001567,CO-0056059,SMB,1-10,Technology/SaaS,APAC,inbound_marketing,2024-08-05,15.3,False
ACC-001568,CO-0057210,SMB,1-10,Logistics/Supply Chain,North America,inbound_marketing,2025-09-12,31.5,False
ACC-001569,CO-0112915,SMB,1-10,Logistics/Supply Chain,North America,inbound_marketing,2025-08-18,24.2,False
ACC-001570,CO-0005302,SMB,1-10,Retail/E-commerce,EMEA,self_serve,2024-02-12,25.5,True
ACC-001571,CO-0038878,Commercial,51-200,Technology/SaaS,North America,self_serve,2023-06-11,37.2,False
ACC-001572,CO-0098892,SMB,1-10,Manufacturing,EMEA,self_serve,2022-08-24,12.1,True
ACC-001573,CO-0080934,SMB,1-10,Financial Services,EMEA,inbound_marketing,2025-08-02,26.1,False
ACC-001574,CO-0089518,SMB,11-50,Financial Services,North America,self_serve,2023-12-01,38.3,False
ACC-001575,CO-0001881,SMB,11-50,Logistics/Supply Chain,North America,inbound_marketing,2025-12-08,21.4,False
ACC-001576,CO-0018683,SMB,11-50,Media/Entertainment,EMEA,self_serve,2021-04-06,21.8,False
ACC-001577,CO-0103819,SMB,11-50,Retail/E-commerce,LATAM,self_serve,2022-03-11,7.7,False
ACC-001578,CO-0030072,SMB,11-50,Healthcare,LATAM,self_serve,2021-01-11,28.5,False
ACC-001579,CO-0109941,SMB,1-10,Professional Services,EMEA,self_serve,2024-04-06,15.4,False
ACC-001580,CO-0068762,SMB,11-50,Retail/E-commerce,North America,self_serve,2024-04-05,28.7,False
ACC-001581,CO-0086622,SMB,11-50,Manufacturing,North America,self_serve,2024-09-19,23.4,False
ACC-001582,CO-0107192,SMB,1-10,Financial Services,North America,inbound_marketing,2024-02-15,23.9,False
ACC-001583,CO-0070050,SMB,51-200,Education,North America,inbound_marketing,2024-10-13,35.5,False
ACC-001584,CO-0106581,SMB,1-10,Healthcare,North America,self_serve,2023-12-14,25.6,False
ACC-001585,CO-0098223,SMB,1-10,Healthcare,North America,inbound_marketing,2025-12-20,28.1,True
ACC-001586,CO-0068031,SMB,1-10,Media/Entertainment,EMEA,self_serve,2023-07-05,13.4,True
ACC-001587,CO-0065887,Commercial,11-50,Professional Services,North America,self_serve,2023-11-11,25.1,False
ACC-001588,CO-0042380,SMB,1-10,Manufacturing,North America,self_serve,2024-02-13,22.7,True
ACC-001589,CO-0008072,Commercial,11-50,Financial Services,North America,self_serve,2025-07-03,38.0,False
ACC-001590,CO-0096284,SMB,1-10,Healthcare,North America,self_serve,2025-09-14,32.5,False
ACC-001591,CO-0109639,SMB,51-200,Healthcare,APAC,inbound_marketing,2025-04-26,36.9,False
ACC-001592,CO-0043491,SMB,1-10,Financial Services,EMEA,self_serve,2024-09-05,37.5,False
ACC-001593,CO-0086011,SMB,1-10,Professional Services,APAC,self_serve,2024-11-28,7.9,False
ACC-001594,CO-0116040,SMB,51-200,Logistics/Supply Chain,North America,self_serve,2025-02-21,37.7,False
ACC-001595,CO-0099666,SMB,11-50,Logistics/Supply Chain,North America,self_serve,2025-08-11,18.8,False
ACC-001596,CO-0009970,SMB,1-10,Logistics/Supply Chain,North America,self_serve,2025-08-03,26.3,True
ACC-001597,CO-0009312,SMB,201-1000,Retail/E-commerce,EMEA,self_serve,2025-03-21,36.6,False
ACC-001598,CO-0067086,SMB,1-10,Manufacturing,APAC,self_serve,2025-07-25,32.9,False
ACC-001599,CO-0058124,SMB,51-200,Education,North America,self_serve,2020-02-27,36.7,False
ACC-001600,CO-0048126,SMB,51-200,Retail/E-commerce,APAC,inbound_marketing,2021-09-28,33.8,False
ACC-001601,CO-0068612,SMB,11-50,Healthcare,EMEA,inbound_marketing,2023-10-28,36.0,False
ACC-001602,CO-0026356,SMB,11-50,Technology/SaaS,APAC,self_serve,2020-03-05,32.1,False
ACC-001603,CO-0102414,Commercial,51-200,Healthcare,EMEA,self_serve,2020-10-05,36.3,False
ACC-001604,CO-0092541,SMB,11-50,Retail/E-commerce,LATAM,self_serve,2021-10-14,29.3,False
ACC-001605,CO-0019686,SMB,51-200,Retail/E-commerce,EMEA,self_serve,2025-10-15,39.3,False
ACC-001606,CO-0085839,SMB,1-10,Public Sector,EMEA,self_serve,2025-01-08,15.0,False
ACC-001607,CO-0084563,SMB,201-1000,Retail/E-commerce,EMEA,inbound_marketing,2024-08-22,34.6,False
ACC-001608,CO-0031073,SMB,51-200,Logistics/Supply Chain,LATAM,self_serve,2025-06-15,39.6,False
ACC-001609,CO-0068646,SMB,51-200,Retail/E-commerce,North America,self_serve,2024-01-04,22.1,False
ACC-001610,CO-0064011,SMB,1-10,Professional Services,EMEA,self_serve,2024-09-23,7.6,False
ACC-001611,CO-0076849,SMB,1-10,Healthcare,North America,inbound_marketing,2025-06-24,23.7,False
ACC-001612,CO-0061203,SMB,11-50,Technology/SaaS,LATAM,self_serve,2024-11-18,30.9,False
ACC-001613,CO-0079293,SMB,51-200,Healthcare,North America,self_serve,2025-09-21,36.1,False
ACC-001614,CO-0076527,Commercial,11-50,Manufacturing,North America,self_serve,2024-06-17,38.0,False
ACC-001615,CO-0069768,SMB,1-10,Manufacturing,North America,self_serve,2024-07-24,28.5,False
ACC-001616,CO-0038296,SMB,1-10,Technology/SaaS,EMEA,self_serve,2024-11-16,34.4,False
ACC-001617,CO-0041001,SMB,1-10,Technology/SaaS,North America,inbound_marketing,2023-07-28,27.1,False
ACC-001618,CO-0063623,SMB,11-50,Healthcare,EMEA,inbound_marketing,2025-01-13,39.5,False
ACC-001619,CO-0094054,SMB,11-50,Professional Services,LATAM,inbound_marketing,2025-12-16,23.3,False
ACC-001620,CO-0111635,SMB,11-50,Education,North America,self_serve,2024-09-18,36.8,False
ACC-001621,CO-0024983,SMB,1-10,Manufacturing,APAC,self_serve,2025-04-14,22.8,False
ACC-001622,CO-0094339,SMB,201-1000,Retail/E-commerce,North America,inbound_marketing,2023-05-07,39.2,False
ACC-001623,CO-0074516,SMB,11-50,Professional Services,North America,self_serve,2024-10-04,26.0,False
ACC-001624,CO-0034250,SMB,1-10,Logistics/Supply Chain,APAC,self_serve,2024-01-27,20.5,False
ACC-001625,CO-0120744,Commercial,1-10,Healthcare,EMEA,inbound_marketing,2024-01-11,23.4,True
ACC-001626,CO-0120920,SMB,11-50,Manufacturing,North America,self_serve,2022-09-13,29.5,False
ACC-001627,CO-0081538,SMB,11-50,Logistics/Supply Chain,APAC,self_serve,2020-08-26,23.8,False
ACC-001628,CO-0087336,SMB,1-10,Logistics/Supply Chain,APAC,self_serve,2024-03-17,18.9,False
ACC-001629,CO-0079294,SMB,11-50,Professional Services,APAC,self_serve,2025-11-25,21.6,False
ACC-001630,CO-0028886,SMB,51-200,Retail/E-commerce,APAC,inbound_marketing,2024-11-25,25.5,False
ACC-001631,CO-0070468,SMB,11-50,Public Sector,North America,self_serve,2021-03-06,26.3,False
ACC-001632,CO-0012430,SMB,11-50,Retail/E-commerce,APAC,self_serve,2020-09-07,25.0,False
ACC-001633,CO-0018904,SMB,11-50,Logistics/Supply Chain,APAC,self_serve,2025-04-15,18.5,False
ACC-001634,CO-0007872,SMB,1-10,Manufacturing,EMEA,self_serve,2025-08-04,35.4,False
ACC-001635,CO-0035696,SMB,51-200,Media/Entertainment,North America,self_serve,2022-04-19,36.7,False
ACC-001636,CO-0002062,SMB,11-50,Professional Services,North America,inbound_marketing,2020-02-20,20.5,False
ACC-001637,CO-0096489,SMB,1-10,Healthcare,EMEA,self_serve,2022-03-08,25.4,False
ACC-001638,CO-0008456,SMB,1-10,Financial Services,EMEA,self_serve,2023-07-07,29.8,False
ACC-001639,CO-0084823,SMB,11-50,Education,North America,self_serve,2025-01-15,17.7,False
ACC-001640,CO-0064759,SMB,51-200,Education,North America,self_serve,2022-09-16,37.2,False
ACC-001641,CO-0093123,SMB,11-50,Manufacturing,North America,self_serve,2025-04-24,37.0,False
ACC-001642,CO-0119357,SMB,11-50,Manufacturing,APAC,inbound_marketing,2024-12-15,23.7,False
ACC-001643,CO-0046058,SMB,1-10,Logistics/Supply Chain,North America,inbound_marketing,2023-05-20,19.7,False
ACC-001644,CO-0052819,SMB,1-10,Logistics/Supply Chain,North America,self_serve,2023-06-23,25.5,False
ACC-001645,CO-0088839,SMB,1-10,Manufacturing,North America,inbound_marketing,2025-09-09,30.9,False
ACC-001646,CO-0044875,SMB,1-10,Professional Services,APAC,inbound_marketing,2024-04-14,11.6,False
ACC-001647,CO-0068422,SMB,1-10,Retail/E-commerce,APAC,inbound_marketing,2023-04-07,17.6,False
ACC-001648,CO-0082380,SMB,1-10,Retail/E-commerce,North America,inbound_marketing,2024-03-19,15.1,False
ACC-001649,CO-0035009,SMB,1-10,Logistics/Supply Chain,LATAM,inbound_marketing,2024-06-22,27.4,False
ACC-001650,CO-0004586,SMB,1-10,Healthcare,APAC,self_serve,2023-09-20,29.9,False
ACC-001651,CO-0063372,SMB,1-10,Financial Services,North America,self_serve,2025-01-23,27.3,False
ACC-001652,CO-0031510,SMB,11-50,Financial Services,EMEA,inbound_marketing,2024-11-08,40.0,False
ACC-001653,CO-0023485,SMB,1-10,Manufacturing,APAC,inbound_marketing,2025-11-26,18.2,False
ACC-001654,CO-0104520,SMB,1-10,Retail/E-commerce,North America,self_serve,2023-10-24,28.9,False
ACC-001655,CO-0009918,SMB,1-10,Technology/SaaS,APAC,self_serve,2025-05-07,31.3,False
ACC-001656,CO-0001917,SMB,1-10,Education,North America,self_serve,2025-11-12,12.6,True
ACC-001657,CO-0041472,SMB,11-50,Media/Entertainment,EMEA,inbound_marketing,2024-01-26,19.7,False
ACC-001658,CO-0040996,SMB,1-10,Technology/SaaS,EMEA,inbound_marketing,2022-09-02,23.1,False
ACC-001659,CO-0006139,Commercial,51-200,Financial Services,EMEA,self_serve,2020-09-25,37.7,False
ACC-001660,CO-0052232,SMB,1-10,Professional Services,EMEA,self_serve,2025-11-22,8.8,True
ACC-001661,CO-0013306,SMB,1-10,Manufacturing,North America,self_serve,2025-02-06,31.1,False
ACC-001662,CO-0113759,SMB,11-50,Technology/SaaS,North America,inbound_marketing,2024-02-26,31.4,False
ACC-001663,CO-0077303,SMB,11-50,Media/Entertainment,North America,self_serve,2024-05-20,33.2,False
ACC-001664,CO-0094774,SMB,1-10,Technology/SaaS,LATAM,self_serve,2025-02-10,16.2,False
ACC-001665,CO-0114773,SMB,11-50,Financial Services,North America,self_serve,2024-09-26,32.1,False
ACC-001666,CO-0084899,SMB,1-10,Professional Services,APAC,self_serve,2024-12-16,20.6,False
ACC-001667,CO-0055679,SMB,1-10,Professional Services,North America,self_serve,2024-12-22,19.6,False
ACC-001668,CO-0026229,SMB,11-50,Public Sector,North America,self_serve,2025-11-16,39.1,False
ACC-001669,CO-0087577,SMB,11-50,Technology/SaaS,North America,self_serve,2025-12-16,23.1,False
ACC-001670,CO-0061567,SMB,11-50,Technology/SaaS,North America,self_serve,2025-06-17,33.5,False
ACC-001671,CO-0068322,SMB,1-10,Financial Services,EMEA,inbound_marketing,2025-10-18,33.7,False
ACC-001672,CO-0055468,SMB,11-50,Professional Services,North America,self_serve,2021-03-29,25.0,False
ACC-001673,CO-0000117,Commercial,11-50,Retail/E-commerce,North America,inbound_marketing,2025-05-16,31.2,False
ACC-001674,CO-0087512,SMB,11-50,Healthcare,North America,self_serve,2023-10-01,29.8,False
ACC-001675,CO-0113303,SMB,51-200,Professional Services,North America,self_serve,2023-02-22,36.8,False
ACC-001676,CO-0052926,SMB,1-10,Technology/SaaS,APAC,inbound_marketing,2025-10-10,16.1,False
ACC-001677,CO-0008037,SMB,1-10,Healthcare,APAC,self_serve,2025-10-26,22.4,False
ACC-001678,CO-0116431,SMB,11-50,Media/Entertainment,APAC,self_serve,2023-09-10,29.4,False
ACC-001679,CO-0069924,SMB,1-10,Financial Services,North America,inbound_marketing,2024-10-15,31.3,False
ACC-001680,CO-0087854,SMB,1-10,Healthcare,EMEA,self_serve,2023-02-23,18.1,False
ACC-001681,CO-0101042,SMB,1-10,Technology/SaaS,North America,self_serve,2024-11-08,29.6,False
ACC-001682,CO-0081034,SMB,1-10,Healthcare,North America,inbound_marketing,2023-08-18,22.0,False
ACC-001683,CO-0071024,SMB,1-10,Media/Entertainment,APAC,inbound_marketing,2024-02-17,17.7,False
ACC-001684,CO-0118051,SMB,1-10,Education,EMEA,self_serve,2024-10-03,10.9,False
ACC-001685,CO-0060755,SMB,1-10,Healthcare,APAC,self_serve,2023-11-26,26.2,False
ACC-001686,CO-0075648,Commercial,1-10,Professional Services,EMEA,self_serve,2020-06-19,20.4,False
ACC-001687,CO-0024875,Commercial,51-200,Education,North America,self_serve,2024-10-19,35.5,False
ACC-001688,CO-0075491,SMB,11-50,Healthcare,EMEA,self_serve,2025-02-03,34.8,False
ACC-001689,CO-0015580,Commercial,11-50,Manufacturing,North America,inbound_marketing,2023-12-06,29.1,False
ACC-001690,CO-0078070,SMB,11-50,Technology/SaaS,North America,inbound_marketing,2023-09-02,39.3,False
ACC-001691,CO-0018671,SMB,11-50,Professional Services,North America,self_serve,2025-06-04,24.7,False
ACC-001692,CO-0022923,Commercial,51-200,Healthcare,EMEA,inbound_marketing,2025-01-06,36.6,False
ACC-001693,CO-0032519,SMB,1-10,Financial Services,EMEA,self_serve,2024-12-20,29.3,False
ACC-001694,CO-0029292,SMB,51-200,Retail/E-commerce,North America,self_serve,2024-03-16,34.6,False
ACC-001695,CO-0031931,SMB,1-10,Professional Services,North America,self_serve,2020-03-19,26.9,True
ACC-001696,CO-0101322,SMB,1-10,Financial Services,North America,self_serve,2025-08-10,39.8,False
ACC-001697,CO-0045406,SMB,11-50,Education,North America,self_serve,2023-04-01,12.1,False
ACC-001698,CO-0022582,SMB,11-50,Healthcare,North America,self_serve,2022-12-22,30.8,False
ACC-001699,CO-0068787,SMB,11-50,Professional Services,EMEA,self_serve,2025-03-06,21.5,False
ACC-001700,CO-0003851,SMB,51-200,Technology/SaaS,EMEA,inbound_marketing,2025-01-03,34.6,False
ACC-001701,CO-0002654,SMB,1-10,Healthcare,North America,self_serve,2025-06-08,16.9,False
ACC-001702,CO-0108301,SMB,1-10,Education,North America,self_serve,2022-03-20,11.4,False
ACC-001703,CO-0070266,SMB,11-50,Professional Services,EMEA,self_serve,2023-03-02,21.7,False
ACC-001704,CO-0022562,SMB,1-10,Professional Services,EMEA,self_serve,2022-02-02,8.8,False
ACC-001705,CO-0097275,SMB,1-10,Technology/SaaS,North America,self_serve,2025-07-24,27.6,False
ACC-001706,CO-0068399,SMB,11-50,Retail/E-commerce,EMEA,self_serve,2021-04-17,22.7,False
ACC-001707,CO-0106947,SMB,11-50,Professional Services,North America,self_serve,2024-03-12,27.6,False
ACC-001708,CO-0115662,SMB,201-1000,Media/Entertainment,APAC,self_serve,2023-09-12,38.5,False
ACC-001709,CO-0117629,SMB,1-10,Healthcare,APAC,self_serve,2025-06-07,20.2,False
ACC-001710,CO-0105564,SMB,51-200,Professional Services,EMEA,self_serve,2025-12-14,36.5,False
ACC-001711,CO-0102432,SMB,11-50,Technology/SaaS,EMEA,self_serve,2023-10-02,29.5,False
ACC-001712,CO-0114548,SMB,11-50,Healthcare,North America,self_serve,2023-06-15,21.4,False
ACC-001713,CO-0050386,SMB,11-50,Healthcare,EMEA,inbound_marketing,2022-04-19,23.9,False
ACC-001714,CO-0050120,Commercial,1-10,Public Sector,North America,self_serve,2024-11-22,25.8,False
ACC-001715,CO-0070668,SMB,11-50,Education,EMEA,self_serve,2021-09-21,28.6,False
ACC-001716,CO-0056824,SMB,11-50,Professional Services,EMEA,inbound_marketing,2020-01-18,24.8,False
ACC-001717,CO-0122966,SMB,1-10,Retail/E-commerce,North America,self_serve,2020-12-04,6.7,False
ACC-001718,CO-0012671,SMB,1-10,Healthcare,LATAM,self_serve,2024-07-18,19.4,True
ACC-001719,CO-0099694,SMB,1-10,Logistics/Supply Chain,North America,self_serve,2025-12-26,39.2,False
ACC-001720,CO-0042730,SMB,1-10,Technology/SaaS,North America,inbound_marketing,2023-09-07,33.2,False
ACC-001721,CO-0072906,SMB,1-10,Education,North America,self_serve,2025-01-21,18.3,False
ACC-001722,CO-0041202,Commercial,11-50,Manufacturing,EMEA,self_serve,2024-06-06,27.3,False
ACC-001723,CO-0050186,SMB,1-10,Retail/E-commerce,EMEA,inbound_marketing,2020-09-26,31.6,False
ACC-001724,CO-0115386,SMB,11-50,Manufacturing,APAC,inbound_marketing,2025-03-18,39.1,False
ACC-001725,CO-0033592,SMB,11-50,Financial Services,North America,self_serve,2025-06-14,31.3,False
ACC-001726,CO-0056024,Enterprise,51-200,Media/Entertainment,APAC,self_serve,2024-04-05,27.0,False
ACC-001727,CO-0051080,Commercial,1-10,Financial Services,North America,self_serve,2024-11-08,28.9,False
ACC-001728,CO-0087616,SMB,11-50,Healthcare,North America,self_serve,2024-04-14,37.2,False
ACC-001729,CO-0055519,SMB,1-10,Public Sector,EMEA,self_serve,2023-05-24,36.9,False
ACC-001730,CO-0085278,SMB,11-50,Media/Entertainment,North America,self_serve,2025-04-14,25.7,False
ACC-001731,CO-0048565,SMB,1-10,Professional Services,North America,self_serve,2025-10-24,24.1,True
ACC-001732,CO-0119597,SMB,51-200,Media/Entertainment,North America,inbound_marketing,2024-05-11,30.7,False
ACC-001733,CO-0117625,SMB,11-50,Media/Entertainment,EMEA,inbound_marketing,2023-07-14,24.4,False
ACC-001734,CO-0045279,SMB,1-10,Financial Services,APAC,self_serve,2023-08-13,24.9,True
ACC-001735,CO-0043097,SMB,1-10,Healthcare,North America,self_serve,2025-09-25,21.7,False
ACC-001736,CO-0007117,SMB,1-10,Manufacturing,North America,self_serve,2025-10-13,28.5,False
ACC-001737,CO-0048393,SMB,1-10,Professional Services,EMEA,self_serve,2023-07-16,30.5,False
ACC-001738,CO-0113355,SMB,1-10,Manufacturing,North America,self_serve,2025-04-03,33.8,False
ACC-001739,CO-0027997,SMB,1-10,Technology/SaaS,North America,self_serve,2024-10-21,30.3,False
ACC-001740,CO-0115696,SMB,1-10,Media/Entertainment,North America,inbound_marketing,2025-11-26,22.3,False
ACC-001741,CO-0016630,SMB,1-10,Technology/SaaS,EMEA,self_serve,2025-11-08,25.4,False
ACC-001742,CO-0086749,SMB,201-1000,Retail/E-commerce,North America,self_serve,2021-02-07,38.3,False
ACC-001743,CO-0046244,SMB,51-200,Manufacturing,APAC,self_serve,2025-10-02,35.1,False
ACC-001744,CO-0099837,SMB,11-50,Healthcare,North America,self_serve,2025-06-17,25.8,False
ACC-001745,CO-0076837,SMB,1-10,Education,EMEA,self_serve,2025-04-25,9.3,False
ACC-001746,CO-0121490,SMB,11-50,Manufacturing,North America,self_serve,2025-02-21,38.7,False
ACC-001747,CO-0097132,SMB,1-10,Public Sector,EMEA,self_serve,2024-12-22,16.6,False
ACC-001748,CO-0107891,SMB,1-10,Professional Services,North America,inbound_marketing,2024-04-27,15.5,False
ACC-001749,CO-0022396,SMB,1-10,Technology/SaaS,North America,self_serve,2021-10-26,26.5,False
ACC-001750,CO-0064278,SMB,1-10,Logistics/Supply Chain,North America,self_serve,2024-09-03,23.5,False
ACC-001751,CO-0040972,Commercial,1-10,Logistics/Supply Chain,North America,inbound_marketing,2025-03-26,25.0,False
ACC-001752,CO-0109988,SMB,11-50,Financial Services,North America,inbound_marketing,2025-11-09,29.9,False
ACC-001753,CO-0031838,SMB,1-10,Healthcare,North America,self_serve,2024-09-06,27.2,False
ACC-001754,CO-0016969,SMB,51-200,Professional Services,North America,self_serve,2024-12-11,33.5,False
ACC-001755,CO-0097095,SMB,1-10,Professional Services,North America,self_serve,2025-05-18,11.0,False
ACC-001756,CO-0083834,SMB,11-50,Technology/SaaS,North America,self_serve,2025-07-21,36.7,False
ACC-001757,CO-0019852,SMB,51-200,Media/Entertainment,North America,self_serve,2024-03-23,37.9,False
ACC-001758,CO-0122822,SMB,1-10,Financial Services,North America,inbound_marketing,2025-11-03,15.0,False
ACC-001759,CO-0016560,SMB,1-10,Technology/SaaS,North America,self_serve,2024-11-03,26.9,False
ACC-001760,CO-0035833,SMB,1-10,Technology/SaaS,North America,self_serve,2025-06-27,10.8,False
ACC-001761,CO-0072359,SMB,1-10,Professional Services,APAC,self_serve,2024-06-17,11.9,False
ACC-001762,CO-0093859,Commercial,1-10,Technology/SaaS,EMEA,inbound_marketing,2024-04-16,28.1,False
ACC-001763,CO-0023599,SMB,1-10,Professional Services,LATAM,self_serve,2025-09-01,11.8,False
ACC-001764,CO-0058528,Commercial,11-50,Professional Services,North America,self_serve,2024-06-19,26.2,False
ACC-001765,CO-0044050,SMB,11-50,Financial Services,North America,self_serve,2025-01-02,33.0,False
ACC-001766,CO-0108033,SMB,1-10,Financial Services,EMEA,self_serve,2023-11-18,29.9,False
ACC-001767,CO-0120894,SMB,1-10,Manufacturing,EMEA,self_serve,2023-07-02,24.6,True
ACC-001768,CO-0076278,SMB,11-50,Technology/SaaS,North America,self_serve,2023-02-25,32.2,False
ACC-001769,CO-0108828,SMB,1-10,Professional Services,North America,self_serve,2025-08-26,22.4,True
ACC-001770,CO-0037986,SMB,11-50,Financial Services,EMEA,self_serve,2024-09-05,33.0,False
ACC-001771,CO-0070448,SMB,51-200,Financial Services,North America,inbound_marketing,2025-02-17,40.0,False
ACC-001772,CO-0095631,SMB,11-50,Logistics/Supply Chain,North America,self_serve,2025-02-27,29.7,False
ACC-001773,CO-0004263,SMB,1-10,Manufacturing,APAC,self_serve,2025-09-12,35.1,False
ACC-001774,CO-0026644,SMB,1-10,Professional Services,EMEA,self_serve,2025-08-07,8.9,False
ACC-001775,CO-0002681,SMB,1-10,Public Sector,EMEA,self_serve,2022-10-18,29.9,False
ACC-001776,CO-0108865,SMB,51-200,Manufacturing,APAC,self_serve,2022-08-31,29.7,False
ACC-001777,CO-0022994,SMB,1-10,Retail/E-commerce,EMEA,self_serve,2022-06-24,4.8,False
ACC-001778,CO-0075223,Commercial,1-10,Financial Services,North America,inbound_marketing,2023-10-04,24.4,False
ACC-001779,CO-0077429,SMB,1-10,Logistics/Supply Chain,EMEA,self_serve,2025-10-17,18.9,False
ACC-001780,CO-0039088,SMB,51-200,Media/Entertainment,North America,inbound_marketing,2024-12-26,33.3,False
ACC-001781,CO-0095620,SMB,1-10,Retail/E-commerce,APAC,self_serve,2025-09-15,16.9,False
ACC-001782,CO-0083947,SMB,1-10,Financial Services,North America,self_serve,2021-03-25,33.0,False
ACC-001783,CO-0063309,SMB,1-10,Professional Services,North America,self_serve,2020-07-15,14.7,True
ACC-001784,CO-0059966,SMB,11-50,Healthcare,APAC,self_serve,2023-09-21,28.4,False
ACC-001785,CO-0058998,SMB,1-10,Education,APAC,inbound_marketing,2025-05-14,18.0,False
ACC-001786,CO-0007062,SMB,201-1000,Education,North America,self_serve,2020-02-15,37.1,False
ACC-001787,CO-0019174,SMB,1-10,Technology/SaaS,North America,self_serve,2022-03-17,23.3,False
ACC-001788,CO-0091032,SMB,51-200,Education,LATAM,self_serve,2025-06-28,37.5,False
ACC-001789,CO-0115859,Commercial,1-10,Professional Services,EMEA,self_serve,2025-03-16,14.8,False
ACC-001790,CO-0009906,SMB,1-10,Professional Services,North America,self_serve,2024-01-18,24.7,False
ACC-001791,CO-0057543,SMB,1-10,Public Sector,North America,inbound_marketing,2022-11-12,21.8,False
ACC-001792,CO-0064950,SMB,1-10,Media/Entertainment,APAC,inbound_marketing,2023-11-02,25.0,False
ACC-001793,CO-0033886,Commercial,11-50,Financial Services,North America,inbound_marketing,2022-12-18,34.3,False
ACC-001794,CO-0055001,SMB,1-10,Technology/SaaS,North America,self_serve,2023-08-22,23.8,False
ACC-001795,CO-0106469,SMB,1-10,Retail/E-commerce,EMEA,inbound_marketing,2023-03-03,10.3,False
ACC-001796,CO-0064958,SMB,11-50,Education,EMEA,self_serve,2025-05-23,25.5,False
ACC-001797,CO-0077479,SMB,1-10,Professional Services,EMEA,inbound_marketing,2025-09-10,16.1,False
ACC-001798,CO-0055151,SMB,51-200,Retail/E-commerce,North America,self_serve,2024-09-17,38.4,False
ACC-001799,CO-0092154,SMB,1-10,Public Sector,LATAM,self_serve,2024-08-18,0.0,True
ACC-001800,CO-0018348,SMB,11-50,Logistics/Supply Chain,APAC,inbound_marketing,2023-04-08,21.3,False
ACC-001801,CO-0033971,Commercial,201-1000,Media/Entertainment,EMEA,self_serve,2023-03-25,38.4,False
ACC-001802,CO-0077749,SMB,1-10,Financial Services,North America,inbound_marketing,2024-02-17,31.0,True
ACC-001803,CO-0073330,SMB,1-10,Retail/E-commerce,EMEA,self_serve,2025-12-05,8.1,False
ACC-001804,CO-0094666,SMB,11-50,Professional Services,APAC,inbound_marketing,2023-04-27,12.3,False
ACC-001805,CO-0102531,Commercial,1-10,Financial Services,EMEA,self_serve,2025-04-06,31.3,False
ACC-001806,CO-0063270,SMB,1-10,Technology/SaaS,APAC,self_serve,2025-02-26,38.0,False
ACC-001807,CO-0091850,SMB,11-50,Professional Services,North America,self_serve,2021-02-20,19.8,False
ACC-001808,CO-0048302,SMB,11-50,Retail/E-commerce,APAC,self_serve,2025-02-22,28.6,False
ACC-001809,CO-0080864,SMB,1-10,Technology/SaaS,North America,self_serve,2025-07-09,24.8,False
ACC-001810,CO-0116689,Commercial,1-10,Professional Services,North America,self_serve,2025-04-25,11.1,False
ACC-001811,CO-0096208,SMB,51-200,Logistics/Supply Chain,North America,self_serve,2024-12-02,38.9,False
ACC-001812,CO-0119718,Commercial,51-200,Technology/SaaS,EMEA,self_serve,2022-11-28,32.8,False
ACC-001813,CO-0027248,SMB,1-10,Professional Services,APAC,self_serve,2021-04-24,13.0,True
ACC-001814,CO-0092232,SMB,1-10,Healthcare,EMEA,inbound_marketing,2025-12-21,23.9,False
ACC-001815,CO-0016930,SMB,11-50,Retail/E-commerce,North America,self_serve,2025-12-18,26.7,False
ACC-001816,CO-0076703,SMB,11-50,Financial Services,North America,self_serve,2023-08-13,37.6,False
ACC-001817,CO-0114921,SMB,1-10,Technology/SaaS,EMEA,self_serve,2024-12-18,17.5,False
ACC-001818,CO-0054817,SMB,1-10,Manufacturing,LATAM,self_serve,2025-09-13,20.9,False
ACC-001819,CO-0048105,SMB,51-200,Technology/SaaS,North America,self_serve,2025-09-25,39.3,False
ACC-001820,CO-0021897,SMB,51-200,Retail/E-commerce,North America,self_serve,2024-10-20,37.8,False
ACC-001821,CO-0090712,SMB,1-10,Financial Services,North America,self_serve,2023-07-15,34.5,False
ACC-001822,CO-0083352,SMB,11-50,Education,North America,self_serve,2025-05-02,8.6,False
ACC-001823,CO-0111617,SMB,1-10,Education,North America,inbound_marketing,2025-12-13,22.7,False
ACC-001824,CO-0013524,SMB,1-10,Retail/E-commerce,North America,self_serve,2024-08-28,19.5,True
ACC-001825,CO-0031184,SMB,11-50,Retail/E-commerce,EMEA,self_serve,2024-10-21,11.3,False
ACC-001826,CO-0064493,SMB,11-50,Technology/SaaS,North America,inbound_marketing,2023-08-23,29.6,False
ACC-001827,CO-0082178,SMB,1-10,Healthcare,North America,self_serve,2025-05-21,14.6,False
ACC-001828,CO-0036685,SMB,1-10,Logistics/Supply Chain,APAC,inbound_marketing,2024-08-26,21.7,False
ACC-001829,CO-0121316,SMB,11-50,Technology/SaaS,North America,self_serve,2025-10-15,35.5,False
ACC-001830,CO-0085311,SMB,1-10,Logistics/Supply Chain,North America,self_serve,2025-02-11,16.5,False
ACC-001831,CO-0088593,SMB,1-10,Retail/E-commerce,North America,self_serve,2022-02-11,16.7,False
ACC-001832,CO-0115897,SMB,1-10,Healthcare,EMEA,self_serve,2024-03-26,31.2,False
ACC-001833,CO-0032133,SMB,1-10,Financial Services,North America,self_serve,2025-11-20,21.0,True
ACC-001834,CO-0101579,SMB,1-10,Technology/SaaS,North America,self_serve,2023-05-28,17.9,True
ACC-001835,CO-0024710,SMB,1-10,Retail/E-commerce,North America,self_serve,2020-04-27,16.1,False
ACC-001836,CO-0073043,SMB,51-200,Professional Services,North America,self_serve,2023-06-26,34.7,False
ACC-001837,CO-0015134,SMB,11-50,Media/Entertainment,APAC,self_serve,2022-08-10,18.2,False
ACC-001838,CO-0108079,SMB,11-50,Technology/SaaS,APAC,self_serve,2024-05-11,33.3,False
ACC-001839,CO-0114741,SMB,1-10,Education,North America,self_serve,2025-11-20,7.0,False
ACC-001840,CO-0061537,SMB,11-50,Manufacturing,APAC,self_serve,2025-08-15,25.3,False
ACC-001841,CO-0113305,SMB,1-10,Media/Entertainment,North America,self_serve,2025-04-06,35.3,False
ACC-001842,CO-0024075,SMB,1-10,Professional Services,EMEA,self_serve,2022-07-05,28.7,False
ACC-001843,CO-0112355,SMB,11-50,Technology/SaaS,EMEA,inbound_marketing,2021-08-05,32.7,False
ACC-001844,CO-0040848,SMB,201-1000,Retail/E-commerce,EMEA,self_serve,2025-02-24,33.1,False
ACC-001845,CO-0117313,SMB,1-10,Manufacturing,APAC,self_serve,2023-02-02,15.7,False
ACC-001846,CO-0100249,SMB,1-10,Professional Services,EMEA,inbound_marketing,2025-12-07,17.9,False
ACC-001847,CO-0005170,SMB,1-10,Professional Services,North America,self_serve,2022-01-17,4.6,True
ACC-001848,CO-0115044,SMB,51-200,Financial Services,North America,self_serve,2024-06-24,39.5,False
ACC-001849,CO-0102220,SMB,11-50,Media/Entertainment,North America,self_serve,2025-09-14,18.2,False
ACC-001850,CO-0003146,SMB,11-50,Technology/SaaS,North America,self_serve,2024-03-05,33.5,False
ACC-001851,CO-0086318,SMB,1-10,Logistics/Supply Chain,APAC,self_serve,2022-04-08,9.3,False
ACC-001852,CO-0092599,SMB,11-50,Healthcare,EMEA,self_serve,2025-11-17,21.0,False
ACC-001853,CO-0006040,SMB,11-50,Media/Entertainment,LATAM,self_serve,2025-07-17,15.3,False
ACC-001854,CO-0027536,SMB,51-200,Manufacturing,North America,self_serve,2025-01-02,38.4,False
ACC-001855,CO-0113254,SMB,1-10,Education,North America,self_serve,2020-12-04,8.5,False
ACC-001856,CO-0076506,SMB,1-10,Media/Entertainment,North America,self_serve,2025-05-17,19.5,False
ACC-001857,CO-0025808,SMB,1-10,Technology/SaaS,North America,self_serve,2025-01-14,22.3,False
ACC-001858,CO-0058510,SMB,1-10,Retail/E-commerce,EMEA,self_serve,2025-05-13,19.9,False
ACC-001859,CO-0105708,SMB,51-200,Professional Services,North America,inbound_marketing,2025-07-16,33.7,False
ACC-001860,CO-0105858,SMB,1-10,Financial Services,North America,self_serve,2025-10-18,33.4,False
ACC-001861,CO-0022077,SMB,1-10,Professional Services,North America,self_serve,2024-03-09,31.7,False
ACC-001862,CO-0059700,SMB,51-200,Technology/SaaS,APAC,inbound_marketing,2025-03-03,34.4,False
ACC-001863,CO-0100369,SMB,11-50,Technology/SaaS,North America,self_serve,2020-05-08,35.9,False
ACC-001864,CO-0047483,SMB,11-50,Manufacturing,North America,inbound_marketing,2024-03-21,32.3,False
ACC-001865,CO-0107058,SMB,51-200,Healthcare,EMEA,self_serve,2021-09-24,37.0,False
ACC-001866,CO-0014312,SMB,1-10,Retail/E-commerce,EMEA,self_serve,2024-09-16,6.7,False
ACC-001867,CO-0017370,SMB,11-50,Technology/SaaS,EMEA,self_serve,2020-02-25,29.5,False
ACC-001868,CO-0045297,SMB,1-10,Retail/E-commerce,EMEA,self_serve,2021-01-26,18.4,False
ACC-001869,CO-0099592,SMB,51-200,Logistics/Supply Chain,North America,inbound_marketing,2025-11-21,30.5,False
ACC-001870,CO-0037109,SMB,11-50,Retail/E-commerce,APAC,inbound_marketing,2024-09-21,31.0,False
ACC-001871,CO-0035852,SMB,1-10,Logistics/Supply Chain,APAC,inbound_marketing,2025-10-10,23.3,True
ACC-001872,CO-0119894,SMB,11-50,Financial Services,EMEA,inbound_marketing,2023-08-14,31.1,False
ACC-001873,CO-0035066,SMB,11-50,Financial Services,North America,self_serve,2021-06-27,30.9,False
ACC-001874,CO-0067012,SMB,11-50,Education,EMEA,inbound_marketing,2023-02-23,24.9,False
ACC-001875,CO-0044744,SMB,1-10,Media/Entertainment,North America,inbound_marketing,2025-07-24,24.9,False
ACC-001876,CO-0009877,SMB,51-200,Education,North America,self_serve,2025-09-17,30.3,False
ACC-001877,CO-0059906,SMB,1-10,Retail/E-commerce,North America,self_serve,2025-11-26,18.8,False
ACC-001878,CO-0066833,Commercial,1-10,Financial Services,North America,inbound_marketing,2020-11-23,23.3,False
ACC-001879,CO-0051778,SMB,1-10,Manufacturing,North America,self_serve,2024-07-12,32.1,False
ACC-001880,CO-0040250,SMB,51-200,Manufacturing,LATAM,self_serve,2025-01-02,33.5,False
ACC-001881,CO-0075849,Commercial,51-200,Professional Services,EMEA,self_serve,2020-03-05,31.7,False
ACC-001882,CO-0018521,SMB,11-50,Financial Services,North America,self_serve,2023-02-11,39.6,False
ACC-001883,CO-0050567,SMB,11-50,Media/Entertainment,EMEA,self_serve,2025-12-14,22.6,False
ACC-001884,CO-0023469,SMB,1-10,Professional Services,North America,self_serve,2025-06-20,24.0,False
ACC-001885,CO-0081960,Commercial,11-50,Retail/E-commerce,North America,inbound_marketing,2022-01-10,34.8,False
ACC-001886,CO-0105425,SMB,1-10,Technology/SaaS,North America,self_serve,2021-11-07,26.8,False
ACC-001887,CO-0040285,SMB,11-50,Media/Entertainment,North America,self_serve,2025-03-02,24.1,False
ACC-001888,CO-0010256,SMB,1-10,Public Sector,North America,self_serve,2023-10-06,36.6,False
ACC-001889,CO-0091470,SMB,1-10,Public Sector,North America,inbound_marketing,2025-01-19,32.9,False
ACC-001890,CO-0022883,SMB,1-10,Media/Entertainment,North America,self_serve,2023-02-18,29.5,False
ACC-001891,CO-0024029,SMB,201-1000,Manufacturing,EMEA,inbound_marketing,2023-05-15,37.4,False
ACC-001892,CO-0045964,SMB,1-10,Public Sector,EMEA,self_serve,2025-05-12,20.6,True
ACC-001893,CO-0021018,SMB,11-50,Public Sector,North America,self_serve,2023-02-24,26.7,False
ACC-001894,CO-0098824,SMB,1-10,Manufacturing,EMEA,self_serve,2024-07-21,32.3,False
ACC-001895,CO-0117450,SMB,51-200,Professional Services,North America,inbound_marketing,2025-08-17,28.2,False
ACC-001896,CO-0013161,SMB,11-50,Technology/SaaS,North America,inbound_marketing,2025-12-11,33.2,False
ACC-001897,CO-0060212,Commercial,1-10,Financial Services,North America,self_serve,2022-03-19,33.7,False
ACC-001898,CO-0088147,SMB,1-10,Logistics/Supply Chain,North America,self_serve,2025-11-26,30.6,False
ACC-001899,CO-0029838,SMB,1-10,Professional Services,EMEA,self_serve,2025-02-28,14.6,False
ACC-001900,CO-0038832,SMB,1-10,Retail/E-commerce,North America,self_serve,2025-10-02,15.4,False
ACC-001901,CO-0064798,Commercial,1-10,Logistics/Supply Chain,EMEA,self_serve,2024-10-16,28.5,False
ACC-001902,CO-0001565,SMB,201-1000,Healthcare,North America,self_serve,2020-01-25,38.6,False
ACC-001903,CO-0112131,SMB,1-10,Professional Services,EMEA,inbound_marketing,2023-05-24,21.1,False
ACC-001904,CO-0049705,Commercial,11-50,Logistics/Supply Chain,EMEA,self_serve,2024-06-21,25.4,False
ACC-001905,CO-0033014,SMB,1-10,Logistics/Supply Chain,North America,self_serve,2025-12-08,20.4,False
ACC-001906,CO-0116707,SMB,1-10,Retail/E-commerce,North America,self_serve,2024-02-24,22.9,False
ACC-001907,CO-0009263,SMB,1-10,Manufacturing,North America,self_serve,2024-01-05,25.1,False
ACC-001908,CO-0077849,SMB,1-10,Technology/SaaS,North America,self_serve,2023-07-13,32.2,False
ACC-001909,CO-0086053,SMB,1-10,Manufacturing,North America,self_serve,2024-09-10,19.9,False
ACC-001910,CO-0014075,SMB,11-50,Professional Services,North America,self_serve,2022-04-30,17.1,False
ACC-001911,CO-0020639,SMB,11-50,Financial Services,EMEA,inbound_marketing,2023-01-12,35.1,False
ACC-001912,CO-0101231,SMB,11-50,Healthcare,North America,inbound_marketing,2024-09-16,39.8,False
ACC-001913,CO-0110570,Commercial,1-10,Technology/SaaS,APAC,inbound_marketing,2025-04-22,29.5,True
ACC-001914,CO-0013606,SMB,11-50,Technology/SaaS,North America,self_serve,2024-04-14,33.2,False
ACC-001915,CO-0044931,SMB,11-50,Retail/E-commerce,North America,self_serve,2024-05-08,23.1,False
ACC-001916,CO-0002277,SMB,1-10,Retail/E-commerce,North America,self_serve,2025-06-26,23.6,False
ACC-001917,CO-0089095,SMB,1-10,Media/Entertainment,APAC,inbound_marketing,2022-06-01,19.3,False
ACC-001918,CO-0027089,SMB,1-10,Technology/SaaS,North America,self_serve,2021-12-26,31.4,False
ACC-001919,CO-0118380,SMB,51-200,Retail/E-commerce,North America,inbound_marketing,2025-09-25,35.1,False
ACC-001920,CO-0118226,SMB,51-200,Manufacturing,North America,inbound_marketing,2023-08-23,36.6,False
ACC-001921,CO-0024570,SMB,11-50,Retail/E-commerce,North America,self_serve,2020-04-28,22.5,False
ACC-001922,CO-0040160,SMB,11-50,Manufacturing,EMEA,self_serve,2021-02-10,35.9,False
ACC-001923,CO-0109460,SMB,1-10,Logistics/Supply Chain,North America,self_serve,2025-10-05,27.9,False
ACC-001924,CO-0094648,SMB,1-10,Public Sector,EMEA,self_serve,2025-12-14,26.0,True
ACC-001925,CO-0091331,SMB,51-200,Education,North America,self_serve,2024-09-12,23.1,False
ACC-001926,CO-0064689,SMB,11-50,Media/Entertainment,North America,self_serve,2021-08-02,31.0,False
ACC-001927,CO-0049296,SMB,1-10,Retail/E-commerce,APAC,self_serve,2025-07-20,26.1,False
ACC-001928,CO-0038888,SMB,1-10,Education,North America,inbound_marketing,2022-12-04,12.7,False
ACC-001929,CO-0069892,SMB,11-50,Public Sector,North America,self_serve,2024-04-14,26.9,False
ACC-001930,CO-0116319,SMB,51-200,Education,North America,self_serve,2025-04-19,31.3,False
ACC-001931,CO-0018806,SMB,1-10,Financial Services,North America,self_serve,2023-05-02,32.1,False
ACC-001932,CO-0009804,SMB,1-10,Healthcare,North America,self_serve,2023-04-16,31.2,False
ACC-001933,CO-0017022,SMB,1-10,Public Sector,North America,self_serve,2025-08-03,33.7,False
ACC-001934,CO-0109268,SMB,1-10,Technology/SaaS,North America,self_serve,2025-09-08,16.8,False
ACC-001935,CO-0039517,SMB,11-50,Technology/SaaS,LATAM,self_serve,2025-04-25,22.9,False
ACC-001936,CO-0078736,SMB,1-10,Retail/E-commerce,North America,self_serve,2023-03-17,35.9,False
ACC-001937,CO-0108435,SMB,1-10,Healthcare,North America,self_serve,2022-04-02,29.9,False
ACC-001938,CO-0091963,SMB,11-50,Professional Services,North America,self_serve,2020-03-03,24.8,False
ACC-001939,CO-0035033,SMB,1-10,Technology/SaaS,EMEA,self_serve,2024-02-09,27.6,False
ACC-001940,CO-0096232,SMB,1-10,Technology/SaaS,EMEA,inbound_marketing,2025-07-24,32.0,False
ACC-001941,CO-0098116,SMB,11-50,Financial Services,LATAM,self_serve,2025-01-02,16.8,False
ACC-001942,CO-0095320,SMB,51-200,Retail/E-commerce,North America,self_serve,2022-04-18,37.2,False
ACC-001943,CO-0051605,SMB,11-50,Healthcare,LATAM,inbound_marketing,2025-01-06,38.2,False
ACC-001944,CO-0083235,Commercial,11-50,Public Sector,APAC,inbound_marketing,2023-10-12,36.8,False
ACC-001945,CO-0080590,SMB,1-10,Media/Entertainment,EMEA,self_serve,2022-07-28,16.5,False
ACC-001946,CO-0035250,SMB,1-10,Manufacturing,North America,self_serve,2025-04-03,17.5,False
ACC-001947,CO-0000781,SMB,51-200,Public Sector,North America,self_serve,2025-09-16,35.9,False
ACC-001948,CO-0118511,SMB,1-10,Technology/SaaS,North America,self_serve,2024-12-16,26.4,False
ACC-001949,CO-0029816,SMB,1-10,Professional Services,North America,inbound_marketing,2025-05-08,20.6,False
ACC-001950,CO-0040047,SMB,51-200,Logistics/Supply Chain,EMEA,inbound_marketing,2024-11-20,34.9,False
ACC-001951,CO-0052522,SMB,1-10,Financial Services,APAC,inbound_marketing,2025-05-08,33.9,False
ACC-001952,CO-0054217,SMB,11-50,Technology/SaaS,APAC,self_serve,2024-07-26,25.3,False
ACC-001953,CO-0037161,SMB,11-50,Technology/SaaS,North America,inbound_marketing,2025-03-05,38.3,False
ACC-001954,CO-0016577,SMB,11-50,Technology/SaaS,North America,inbound_marketing,2025-10-15,28.4,False
ACC-001955,CO-0077503,SMB,51-200,Education,North America,inbound_marketing,2022-05-23,26.5,False
ACC-001956,CO-0090844,SMB,1-10,Technology/SaaS,North America,inbound_marketing,2024-04-23,30.6,False
ACC-001957,CO-0118652,Commercial,11-50,Retail/E-commerce,North America,self_serve,2025-04-19,20.6,False
ACC-001958,CO-0068369,SMB,51-200,Media/Entertainment,APAC,inbound_marketing,2025-05-27,32.5,False
ACC-001959,CO-0024714,SMB,11-50,Education,North America,inbound_marketing,2024-12-15,25.4,False
ACC-001960,CO-0057706,SMB,1-10,Healthcare,North America,self_serve,2021-10-26,29.4,False
ACC-001961,CO-0092943,SMB,51-200,Public Sector,North America,self_serve,2023-02-07,39.1,False
ACC-001962,CO-0028276,SMB,1-10,Public Sector,North America,self_serve,2025-12-19,30.1,False
ACC-001963,CO-0022063,SMB,1-10,Healthcare,North America,self_serve,2024-07-05,29.0,False
ACC-001964,CO-0050515,SMB,51-200,Professional Services,EMEA,self_serve,2025-10-23,35.8,False
ACC-001965,CO-0119243,SMB,1-10,Media/Entertainment,North America,self_serve,2025-04-12,20.5,False
ACC-001966,CO-0114761,SMB,1-10,Manufacturing,APAC,self_serve,2025-05-14,12.4,False
ACC-001967,CO-0113302,SMB,1-10,Retail/E-commerce,EMEA,self_serve,2023-12-10,23.2,False
ACC-001968,CO-0023733,SMB,51-200,Education,EMEA,self_serve,2024-04-20,29.1,False
ACC-001969,CO-0085879,SMB,11-50,Professional Services,North America,self_serve,2020-01-15,31.9,False
ACC-001970,CO-0080686,SMB,11-50,Healthcare,EMEA,self_serve,2024-05-17,33.7,False
ACC-001971,CO-0094837,SMB,51-200,Financial Services,North America,self_serve,2024-03-11,38.4,False
ACC-001972,CO-0017846,SMB,1-10,Retail/E-commerce,North America,self_serve,2023-10-25,21.1,False
ACC-001973,CO-0109485,SMB,11-50,Manufacturing,North America,self_serve,2022-04-07,34.5,False
ACC-001974,CO-0062341,SMB,11-50,Public Sector,North America,self_serve,2021-10-28,30.3,False
ACC-001975,CO-0045840,SMB,1-10,Manufacturing,North America,self_serve,2025-05-01,28.4,False
ACC-001976,CO-0095735,Commercial,1-10,Education,North America,self_serve,2025-05-02,15.9,True
ACC-001977,CO-0058884,SMB,201-1000,Education,APAC,self_serve,2022-12-01,38.2,False
ACC-001978,CO-0083494,SMB,1-10,Retail/E-commerce,APAC,self_serve,2024-10-21,7.9,False
ACC-001979,CO-0076520,SMB,11-50,Financial Services,North America,self_serve,2025-06-10,25.2,False
ACC-001980,CO-0002425,SMB,11-50,Healthcare,North America,inbound_marketing,2024-01-13,34.8,False
ACC-001981,CO-0045242,SMB,1-10,Manufacturing,EMEA,self_serve,2022-02-20,33.2,False
ACC-001982,CO-0122841,SMB,1-10,Logistics/Supply Chain,North America,self_serve,2023-05-18,33.8,False
ACC-001983,CO-0106314,SMB,11-50,Retail/E-commerce,APAC,self_serve,2023-09-17,30.4,False
ACC-001984,CO-0014093,SMB,11-50,Retail/E-commerce,EMEA,self_serve,2024-10-05,26.2,False
ACC-001985,CO-0053487,SMB,11-50,Financial Services,EMEA,self_serve,2025-07-24,23.6,False
ACC-001986,CO-0117428,SMB,1-10,Financial Services,North America,self_serve,2024-03-25,27.1,True
ACC-001987,CO-0090466,SMB,11-50,Logistics/Supply Chain,EMEA,self_serve,2022-06-25,17.5,False
ACC-001988,CO-0024204,SMB,51-200,Healthcare,North America,inbound_marketing,2024-11-16,39.2,False
ACC-001989,CO-0034479,SMB,1-10,Education,EMEA,self_serve,2021-04-11,16.2,False
ACC-001990,CO-0108193,SMB,11-50,Retail/E-commerce,North America,self_serve,2021-08-24,21.8,False
ACC-001991,CO-0072222,SMB,51-200,Professional Services,North America,self_serve,2025-10-10,38.1,False
ACC-001992,CO-0077051,SMB,1-10,Logistics/Supply Chain,EMEA,self_serve,2025-10-20,31.3,False
ACC-001993,CO-0027422,Commercial,1-10,Retail/E-commerce,North America,self_serve,2024-08-09,16.9,False
ACC-001994,CO-0059055,SMB,1-10,Retail/E-commerce,North America,self_serve,2025-02-12,15.4,False
ACC-001995,CO-0079505,SMB,1-10,Healthcare,North America,inbound_marketing,2025-02-25,34.1,False
ACC-001996,CO-0010565,SMB,11-50,Media/Entertainment,EMEA,self_serve,2025-07-09,20.8,False
ACC-001997,CO-0011583,SMB,11-50,Retail/E-commerce,North America,self_serve,2023-11-21,22.6,False
ACC-001998,CO-0084535,SMB,1-10,Retail/E-commerce,LATAM,self_serve,2024-08-22,16.9,False
ACC-001999,CO-0122782,SMB,51-200,Education,North America,self_serve,2025-10-04,36.2,False
ACC-002000,CO-0093813,SMB,11-50,Healthcare,North America,self_serve,2020-11-23,30.2,False
ACC-002001,CO-0087134,SMB,11-50,Professional Services,LATAM,self_serve,2024-10-07,15.5,False
ACC-002002,CO-0069737,SMB,1-10,Logistics/Supply Chain,EMEA,self_serve,2024-07-26,14.9,False
ACC-002003,CO-0022763,Enterprise,1-10,Financial Services,North America,inbound_marketing,2025-03-27,30.3,False
ACC-002004,CO-0099970,Enterprise,1-10,Public Sector,EMEA,inbound_marketing,2024-02-05,21.2,False
ACC-002005,CO-0085688,SMB,51-200,Retail/E-commerce,North America,self_serve,2024-07-10,30.2,False
ACC-002006,CO-0075997,SMB,11-50,Manufacturing,North America,inbound_marketing,2024-05-12,27.6,False
ACC-002007,CO-0066223,SMB,1-10,Media/Entertainment,APAC,self_serve,2023-09-25,23.6,False
ACC-002008,CO-0049688,SMB,1-10,Manufacturing,North America,self_serve,2025-07-24,27.5,False
ACC-002009,CO-0081031,SMB,51-200,Education,EMEA,inbound_marketing,2024-10-19,36.4,False
ACC-002010,CO-0006088,SMB,51-200,Media/Entertainment,North America,inbound_marketing,2025-12-26,38.3,False
ACC-002011,CO-0000863,SMB,11-50,Healthcare,North America,inbound_marketing,2021-08-15,20.8,False
ACC-002012,CO-0036570,Commercial,51-200,Technology/SaaS,APAC,self_serve,2024-09-03,34.7,False
ACC-002013,CO-0042434,SMB,1-10,Retail/E-commerce,North America,inbound_marketing,2021-10-26,8.0,False
ACC-002014,CO-0067459,SMB,11-50,Manufacturing,North America,inbound_marketing,2023-02-06,31.9,False
ACC-002015,CO-0050730,SMB,11-50,Logistics/Supply Chain,APAC,self_serve,2024-11-16,33.5,False
ACC-002016,CO-0035094,SMB,1-10,Retail/E-commerce,North America,self_serve,2025-11-01,17.6,False
ACC-002017,CO-0089507,SMB,1-10,Financial Services,North America,self_serve,2022-07-07,35.1,False
ACC-002018,CO-0005233,SMB,51-200,Education,North America,inbound_marketing,2025-07-19,27.3,False
ACC-002019,CO-0048000,SMB,51-200,Retail/E-commerce,North America,self_serve,2025-03-17,28.2,False
ACC-002020,CO-0028700,SMB,1-10,Manufacturing,EMEA,self_serve,2024-07-14,26.5,False
ACC-002021,CO-0079170,SMB,11-50,Healthcare,APAC,inbound_marketing,2025-12-20,16.2,False
ACC-002022,CO-0035646,SMB,11-50,Public Sector,EMEA,self_serve,2022-07-06,32.2,False
ACC-002023,CO-0080489,SMB,1-10,Professional Services,North America,inbound_marketing,2025-06-25,19.5,False
ACC-002024,CO-0084570,SMB,1-10,Retail/E-commerce,North America,inbound_marketing,2025-11-12,16.7,False
ACC-002025,CO-0095129,SMB,11-50,Logistics/Supply Chain,North America,inbound_marketing,2025-09-12,23.9,False
ACC-002026,CO-0102142,SMB,1-10,Logistics/Supply Chain,LATAM,self_serve,2024-06-27,16.6,False
ACC-002027,CO-0103210,SMB,11-50,Financial Services,EMEA,self_serve,2025-07-20,27.6,False
ACC-002028,CO-0028206,SMB,11-50,Professional Services,North America,inbound_marketing,2022-08-03,24.8,False
ACC-002029,CO-0006605,SMB,1-10,Professional Services,EMEA,self_serve,2024-10-04,7.5,False
ACC-002030,CO-0036565,SMB,1-10,Healthcare,North America,inbound_marketing,2024-05-21,25.7,False
ACC-002031,CO-0085607,SMB,1-10,Manufacturing,North America,self_serve,2024-07-09,29.5,False
ACC-002032,CO-0050557,SMB,11-50,Public Sector,APAC,inbound_marketing,2024-03-13,39.0,False
ACC-002033,CO-0049799,SMB,1-10,Public Sector,EMEA,self_serve,2024-04-05,33.7,False
ACC-002034,CO-0012754,SMB,51-200,Professional Services,North America,self_serve,2023-04-26,32.6,False
ACC-002035,CO-0000072,SMB,1-10,Technology/SaaS,North America,self_serve,2021-11-10,31.3,False
ACC-002036,CO-0015796,SMB,1-10,Healthcare,EMEA,self_serve,2023-10-03,30.2,True
ACC-002037,CO-0089175,SMB,11-50,Media/Entertainment,North America,self_serve,2024-10-19,32.9,False
ACC-002038,CO-0003094,SMB,1-10,Public Sector,EMEA,self_serve,2025-01-24,13.4,False
ACC-002039,CO-0069466,SMB,1-10,Technology/SaaS,North America,self_serve,2024-11-15,27.9,False
ACC-002040,CO-0110949,SMB,1-10,Manufacturing,North America,self_serve,2025-05-11,14.8,False
ACC-002041,CO-0092518,SMB,201-1000,Retail/E-commerce,North America,inbound_marketing,2025-08-21,32.5,False
ACC-002042,CO-0038374,SMB,1-10,Retail/E-commerce,EMEA,self_serve,2025-06-16,34.4,False
ACC-002043,CO-0106494,SMB,1-10,Media/Entertainment,North America,self_serve,2021-05-26,18.0,True
ACC-002044,CO-0011436,SMB,11-50,Public Sector,North America,self_serve,2024-12-02,30.5,False
ACC-002045,CO-0015192,SMB,1-10,Professional Services,North America,self_serve,2025-04-12,19.0,False
ACC-002046,CO-0103364,SMB,11-50,Financial Services,North America,self_serve,2021-12-07,39.4,False
ACC-002047,CO-0012296,SMB,11-50,Technology/SaaS,North America,self_serve,2025-11-26,25.9,False
ACC-002048,CO-0083348,SMB,1-10,Retail/E-commerce,EMEA,self_serve,2025-05-27,24.1,False
ACC-002049,CO-0055485,SMB,11-50,Healthcare,North America,inbound_marketing,2025-12-15,25.8,False
ACC-002050,CO-0088512,SMB,1-10,Healthcare,North America,self_serve,2024-02-08,35.6,False
ACC-002051,CO-0096197,SMB,1-10,Professional Services,North America,inbound_marketing,2020-01-21,10.9,False
ACC-002052,CO-0046574,SMB,1-10,Manufacturing,North America,self_serve,2025-12-03,32.3,False
ACC-002053,CO-0067750,SMB,11-50,Financial Services,North America,self_serve,2023-09-12,36.0,False
ACC-002054,CO-0068967,SMB,11-50,Professional Services,North America,self_serve,2025-09-25,25.5,False
ACC-002055,CO-0001713,SMB,1-10,Logistics/Supply Chain,North America,self_serve,2025-05-10,33.7,True
ACC-002056,CO-0082124,SMB,51-200,Education,North America,inbound_marketing,2025-07-19,33.7,False
ACC-002057,CO-0061791,SMB,51-200,Professional Services,EMEA,inbound_marketing,2021-07-02,33.5,False
ACC-002058,CO-0099251,SMB,11-50,Logistics/Supply Chain,EMEA,self_serve,2024-08-09,36.3,False
ACC-002059,CO-0056569,Commercial,1-10,Technology/SaaS,North America,inbound_marketing,2020-11-16,16.6,False
ACC-002060,CO-0050291,SMB,51-200,Retail/E-commerce,North America,self_serve,2022-10-24,35.5,False
ACC-002061,CO-0069016,SMB,1-10,Financial Services,North America,inbound_marketing,2025-10-18,32.8,False
ACC-002062,CO-0081505,SMB,1-10,Education,North America,self_serve,2023-06-04,16.7,False
ACC-002063,CO-0101737,SMB,1-10,Healthcare,North America,self_serve,2022-06-03,39.3,False
ACC-002064,CO-0117550,SMB,1-10,Healthcare,APAC,inbound_marketing,2021-10-17,26.6,True
ACC-002065,CO-0110588,SMB,1-10,Manufacturing,APAC,self_serve,2024-05-01,36.5,False
ACC-002066,CO-0092324,SMB,1-10,Logistics/Supply Chain,EMEA,self_serve,2024-02-07,22.4,False
ACC-002067,CO-0075439,SMB,1-10,Manufacturing,APAC,self_serve,2025-05-03,31.7,False
ACC-002068,CO-0102150,SMB,1-10,Professional Services,North America,self_serve,2023-07-20,21.2,False
ACC-002069,CO-0007842,SMB,1-10,Manufacturing,North America,inbound_marketing,2024-08-21,32.3,False
ACC-002070,CO-0001887,SMB,1-10,Education,North America,inbound_marketing,2025-06-23,5.9,False
ACC-002071,CO-0027088,SMB,11-50,Financial Services,North America,self_serve,2024-08-04,33.3,False
ACC-002072,CO-0022203,SMB,51-200,Public Sector,EMEA,self_serve,2024-06-03,36.0,False
ACC-002073,CO-0112884,Commercial,1-10,Technology/SaaS,North America,self_serve,2024-10-04,26.4,True
ACC-002074,CO-0071585,SMB,51-200,Logistics/Supply Chain,APAC,self_serve,2023-03-25,29.1,False
ACC-002075,CO-0069675,SMB,1-10,Healthcare,EMEA,inbound_marketing,2020-11-13,12.3,False
ACC-002076,CO-0104054,SMB,11-50,Media/Entertainment,APAC,inbound_marketing,2025-01-26,29.9,False
ACC-002077,CO-0026747,SMB,11-50,Professional Services,North America,self_serve,2024-10-26,30.2,False
ACC-002078,CO-0096413,SMB,11-50,Education,EMEA,self_serve,2023-10-11,31.3,False
ACC-002079,CO-0009621,SMB,11-50,Public Sector,North America,self_serve,2020-11-09,28.7,False
ACC-002080,CO-0111024,SMB,11-50,Manufacturing,North America,inbound_marketing,2023-11-25,26.0,False
ACC-002081,CO-0107486,SMB,1-10,Logistics/Supply Chain,EMEA,self_serve,2024-11-06,32.2,False
ACC-002082,CO-0076471,SMB,1-10,Financial Services,North America,self_serve,2022-10-09,31.9,False
ACC-002083,CO-0087472,SMB,11-50,Education,North America,self_serve,2025-11-14,10.3,False
ACC-002084,CO-0019507,SMB,1-10,Technology/SaaS,North America,inbound_marketing,2020-10-18,24.4,False
ACC-002085,CO-0100979,SMB,1-10,Manufacturing,EMEA,self_serve,2023-12-14,30.2,False
ACC-002086,CO-0097180,SMB,1-10,Retail/E-commerce,North America,self_serve,2024-04-01,16.8,False
ACC-002087,CO-0102007,Commercial,11-50,Education,EMEA,inbound_marketing,2023-12-28,13.2,False
ACC-002088,CO-0019916,SMB,51-200,Financial Services,LATAM,self_serve,2022-11-15,34.5,False
ACC-002089,CO-0042869,SMB,11-50,Media/Entertainment,EMEA,self_serve,2025-09-23,27.0,False
ACC-002090,CO-0082175,SMB,1-10,Manufacturing,EMEA,self_serve,2025-11-12,14.9,False
ACC-002091,CO-0076874,SMB,11-50,Media/Entertainment,North America,inbound_marketing,2025-07-03,30.2,False
ACC-002092,CO-0044165,SMB,11-50,Manufacturing,APAC,inbound_marketing,2023-10-28,29.8,False
ACC-002093,CO-0053804,SMB,11-50,Retail/E-commerce,EMEA,inbound_marketing,2025-03-22,20.7,False
ACC-002094,CO-0077022,SMB,51-200,Professional Services,EMEA,inbound_marketing,2021-05-16,35.2,False
ACC-002095,CO-0027073,SMB,11-50,Logistics/Supply Chain,North America,self_serve,2023-06-15,33.7,False
ACC-002096,CO-0057897,SMB,11-50,Retail/E-commerce,North America,inbound_marketing,2024-11-07,17.2,False
ACC-002097,CO-0066537,SMB,1-10,Manufacturing,EMEA,self_serve,2023-03-19,24.6,False
ACC-002098,CO-0018784,SMB,11-50,Retail/E-commerce,APAC,self_serve,2020-07-07,20.2,False
ACC-002099,CO-0057687,SMB,11-50,Education,North America,self_serve,2025-06-09,23.5,False
ACC-002100,CO-0072007,SMB,11-50,Healthcare,EMEA,self_serve,2025-04-15,24.5,False
ACC-002101,CO-0028054,SMB,1-10,Financial Services,EMEA,inbound_marketing,2023-09-23,23.1,False
ACC-002102,CO-0041764,SMB,1-10,Technology/SaaS,North America,self_serve,2023-09-02,36.9,False
ACC-002103,CO-0114125,Commercial,1-10,Manufacturing,APAC,self_serve,2022-03-18,27.9,False
ACC-002104,CO-0095034,SMB,201-1000,Professional Services,North America,self_serve,2025-08-05,37.9,False
ACC-002105,CO-0108259,SMB,51-200,Retail/E-commerce,LATAM,inbound_marketing,2021-12-11,28.8,False
ACC-002106,CO-0113562,SMB,1-10,Education,EMEA,self_serve,2024-02-02,20.9,False
ACC-002107,CO-0087668,SMB,11-50,Education,EMEA,inbound_marketing,2022-08-25,12.5,False
ACC-002108,CO-0007584,SMB,1-10,Manufacturing,EMEA,self_serve,2020-08-27,21.3,False
ACC-002109,CO-0103192,SMB,11-50,Media/Entertainment,North America,self_serve,2023-07-01,33.3,False
ACC-002110,CO-0044932,SMB,1-10,Media/Entertainment,EMEA,inbound_marketing,2025-04-26,19.4,True
ACC-002111,CO-0113050,SMB,1-10,Technology/SaaS,North America,inbound_marketing,2025-06-01,39.5,False
ACC-002112,CO-0010771,Commercial,11-50,Media/Entertainment,North America,self_serve,2023-02-15,32.8,False
ACC-002113,CO-0027982,SMB,51-200,Logistics/Supply Chain,North America,inbound_marketing,2024-01-12,27.4,False
ACC-002114,CO-0073929,SMB,51-200,Healthcare,APAC,self_serve,2020-11-12,34.8,False
ACC-002115,CO-0013278,SMB,1-10,Healthcare,EMEA,self_serve,2025-08-07,25.0,True
ACC-002116,CO-0049527,SMB,11-50,Media/Entertainment,LATAM,self_serve,2024-03-28,22.4,False
ACC-002117,CO-0055059,SMB,11-50,Logistics/Supply Chain,North America,inbound_marketing,2023-08-02,29.0,False
ACC-002118,CO-0044657,SMB,11-50,Manufacturing,North America,self_serve,2023-08-24,39.5,False
ACC-002119,CO-0104791,SMB,1-10,Professional Services,EMEA,self_serve,2024-08-05,23.4,True
ACC-002120,CO-0105847,SMB,1-10,Healthcare,North America,self_serve,2024-12-02,13.8,False
ACC-002121,CO-0006431,SMB,1-10,Manufacturing,North America,self_serve,2024-02-04,26.5,False
ACC-002122,CO-0053016,SMB,1-10,Healthcare,North America,self_serve,2020-07-19,23.6,False
ACC-002123,CO-0055552,SMB,1-10,Professional Services,North America,self_serve,2022-07-30,14.8,False
ACC-002124,CO-0067093,SMB,1-10,Financial Services,EMEA,inbound_marketing,2023-04-25,29.7,False
ACC-002125,CO-0082168,SMB,1-10,Healthcare,North America,inbound_marketing,2025-03-10,26.8,False
ACC-002126,CO-0107427,SMB,11-50,Financial Services,APAC,inbound_marketing,2022-08-01,34.7,False
ACC-002127,CO-0023194,SMB,1-10,Logistics/Supply Chain,APAC,inbound_marketing,2025-09-17,35.0,True
ACC-002128,CO-0059478,SMB,1-10,Public Sector,North America,inbound_marketing,2024-11-01,29.5,False
ACC-002129,CO-0089298,SMB,11-50,Logistics/Supply Chain,APAC,self_serve,2023-10-27,34.4,False
ACC-002130,CO-0033679,SMB,1-10,Professional Services,EMEA,self_serve,2022-04-04,16.3,False
ACC-002131,CO-0076687,SMB,11-50,Professional Services,APAC,self_serve,2024-07-20,11.8,False
ACC-002132,CO-0080607,Commercial,201-1000,Retail/E-commerce,LATAM,self_serve,2024-09-26,39.7,False
ACC-002133,CO-0075158,SMB,11-50,Financial Services,APAC,self_serve,2020-02-21,34.7,False
ACC-002134,CO-0042813,SMB,11-50,Financial Services,North America,inbound_marketing,2022-05-13,36.1,False
ACC-002135,CO-0009365,Commercial,51-200,Retail/E-commerce,EMEA,self_serve,2023-03-22,35.9,False
ACC-002136,CO-0052846,SMB,51-200,Professional Services,North America,self_serve,2020-06-01,31.8,False
ACC-002137,CO-0114796,Commercial,51-200,Professional Services,North America,inbound_marketing,2025-07-24,26.5,False
ACC-002138,CO-0105210,SMB,1-10,Technology/SaaS,North America,self_serve,2024-05-13,31.8,False
ACC-002139,CO-0038140,SMB,51-200,Retail/E-commerce,EMEA,inbound_marketing,2025-05-01,33.5,False
ACC-002140,CO-0061174,SMB,11-50,Media/Entertainment,EMEA,self_serve,2023-05-14,19.3,False
ACC-002141,CO-0070973,SMB,11-50,Education,North America,self_serve,2022-02-19,18.0,False
ACC-002142,CO-0060510,SMB,11-50,Healthcare,North America,self_serve,2024-04-05,20.4,False
ACC-002143,CO-0024877,SMB,51-200,Healthcare,North America,self_serve,2024-11-28,37.6,False
ACC-002144,CO-0085436,SMB,11-50,Logistics/Supply Chain,EMEA,self_serve,2025-11-10,29.3,False
ACC-002145,CO-0103006,SMB,11-50,Financial Services,APAC,self_serve,2025-08-05,26.0,False
ACC-002146,CO-0022717,SMB,1-10,Manufacturing,North America,self_serve,2024-04-13,28.5,False
ACC-002147,CO-0113111,SMB,11-50,Logistics/Supply Chain,North America,self_serve,2025-12-10,31.1,False
ACC-002148,CO-0049548,SMB,1-10,Technology/SaaS,North America,inbound_marketing,2024-03-12,23.2,False
ACC-002149,CO-0086380,SMB,201-1000,Logistics/Supply Chain,North America,self_serve,2023-12-02,39.4,False
ACC-002150,CO-0071598,SMB,51-200,Professional Services,North America,self_serve,2025-12-03,38.8,False
ACC-002151,CO-0012330,SMB,201-1000,Retail/E-commerce,EMEA,inbound_marketing,2024-12-03,35.2,False
ACC-002152,CO-0060642,SMB,11-50,Technology/SaaS,North America,self_serve,2024-03-13,27.0,False
ACC-002153,CO-0076401,SMB,1-10,Media/Entertainment,North America,self_serve,2023-11-19,22.3,True
ACC-002154,CO-0081515,SMB,1-10,Financial Services,North America,self_serve,2021-11-24,28.5,False
ACC-002155,CO-0086294,SMB,11-50,Retail/E-commerce,North America,inbound_marketing,2023-02-21,21.6,False
ACC-002156,CO-0108612,SMB,1-10,Retail/E-commerce,North America,self_serve,2025-09-12,14.6,False
ACC-002157,CO-0062712,SMB,1-10,Manufacturing,APAC,self_serve,2021-08-27,25.6,False
ACC-002158,CO-0025907,SMB,1-10,Technology/SaaS,EMEA,self_serve,2023-01-15,25.2,False
ACC-002159,CO-0114242,SMB,11-50,Manufacturing,EMEA,self_serve,2024-02-15,17.6,False
ACC-002160,CO-0058364,SMB,1-10,Manufacturing,North America,self_serve,2024-02-24,38.2,True
ACC-002161,CO-0053425,SMB,11-50,Professional Services,North America,inbound_marketing,2025-01-18,24.1,False
ACC-002162,CO-0102726,SMB,1-10,Healthcare,North America,self_serve,2025-01-04,32.6,True
ACC-002163,CO-0045785,Commercial,1-10,Financial Services,EMEA,inbound_marketing,2025-03-03,23.7,False
ACC-002164,CO-0044219,SMB,1-10,Manufacturing,North America,self_serve,2025-06-09,32.3,False
ACC-002165,CO-0102594,SMB,1-10,Technology/SaaS,EMEA,self_serve,2020-10-17,30.6,False
ACC-002166,CO-0076157,Commercial,1-10,Financial Services,North America,self_serve,2020-09-10,23.7,False
ACC-002167,CO-0010069,SMB,11-50,Manufacturing,North America,self_serve,2021-08-18,33.6,False
ACC-002168,CO-0024473,SMB,51-200,Financial Services,LATAM,self_serve,2025-03-03,35.7,False
ACC-002169,CO-0030741,SMB,11-50,Media/Entertainment,North America,inbound_marketing,2023-09-21,28.8,False
ACC-002170,CO-0003216,SMB,1-10,Technology/SaaS,EMEA,self_serve,2025-03-01,35.6,True
ACC-002171,CO-0113553,SMB,51-200,Public Sector,APAC,self_serve,2024-01-28,30.3,False
ACC-002172,CO-0019482,Commercial,11-50,Media/Entertainment,North America,self_serve,2024-10-13,22.7,False
ACC-002173,CO-0089759,SMB,11-50,Healthcare,EMEA,self_serve,2023-03-07,38.3,False
ACC-002174,CO-0024101,SMB,11-50,Professional Services,EMEA,inbound_marketing,2024-02-16,31.3,False
ACC-002175,CO-0094798,SMB,1-10,Professional Services,North America,self_serve,2022-05-19,18.7,False
ACC-002176,CO-0118866,SMB,11-50,Retail/E-commerce,EMEA,self_serve,2024-05-17,17.8,False
ACC-002177,CO-0101761,SMB,201-1000,Retail/E-commerce,APAC,inbound_marketing,2025-03-16,34.3,False
ACC-002178,CO-0037160,SMB,11-50,Technology/SaaS,North America,self_serve,2024-09-17,36.6,False
ACC-002179,CO-0031852,SMB,11-50,Professional Services,EMEA,self_serve,2024-07-15,14.4,False
ACC-002180,CO-0066327,SMB,1-10,Logistics/Supply Chain,EMEA,self_serve,2025-05-20,27.4,True
ACC-002181,CO-0097427,SMB,11-50,Media/Entertainment,North America,self_serve,2024-12-21,27.9,False
ACC-002182,CO-0088671,SMB,1-10,Retail/E-commerce,North America,self_serve,2025-10-20,21.2,True
ACC-002183,CO-0005931,SMB,1-10,Retail/E-commerce,North America,self_serve,2023-08-24,26.7,True
ACC-002184,CO-0036913,SMB,11-50,Media/Entertainment,North America,self_serve,2025-07-24,24.2,False
ACC-002185,CO-0056065,SMB,11-50,Retail/E-commerce,North America,self_serve,2021-05-15,30.0,False
ACC-002186,CO-0014597,SMB,51-200,Retail/E-commerce,APAC,self_serve,2024-11-20,28.3,False
ACC-002187,CO-0005918,Commercial,1-10,Retail/E-commerce,APAC,self_serve,2024-09-15,21.0,False
ACC-002188,CO-0087588,SMB,11-50,Retail/E-commerce,North America,inbound_marketing,2024-11-28,23.7,False
ACC-002189,CO-0027941,SMB,11-50,Logistics/Supply Chain,North America,inbound_marketing,2025-09-25,31.6,False
ACC-002190,CO-0009187,Commercial,11-50,Technology/SaaS,North America,inbound_marketing,2020-03-27,24.4,False
ACC-002191,CO-0088033,Commercial,1-10,Healthcare,North America,self_serve,2025-02-23,30.1,False
ACC-002192,CO-0034955,SMB,1-10,Media/Entertainment,EMEA,self_serve,2025-01-01,16.7,False
ACC-002193,CO-0000531,SMB,1-10,Technology/SaaS,North America,self_serve,2025-10-05,38.6,False
ACC-002194,CO-0111856,SMB,51-200,Logistics/Supply Chain,North America,self_serve,2025-09-19,39.4,False
ACC-002195,CO-0033097,SMB,11-50,Media/Entertainment,North America,inbound_marketing,2025-05-15,30.8,False
ACC-002196,CO-0088768,SMB,11-50,Logistics/Supply Chain,APAC,inbound_marketing,2024-01-22,27.9,False
ACC-002197,CO-0079954,SMB,11-50,Financial Services,North America,self_serve,2023-08-15,32.5,False
ACC-002198,CO-0036993,SMB,11-50,Professional Services,North America,self_serve,2024-08-17,27.1,False
ACC-002199,CO-0045780,SMB,11-50,Media/Entertainment,North America,self_serve,2020-11-15,26.2,False
ACC-002200,CO-0101865,SMB,51-200,Technology/SaaS,North America,inbound_marketing,2024-01-06,36.8,False
ACC-002201,CO-0122293,SMB,1-10,Technology/SaaS,North America,self_serve,2025-09-28,24.1,False
ACC-002202,CO-0047903,SMB,11-50,Professional Services,EMEA,self_serve,2025-06-23,21.3,False
ACC-002203,CO-0093641,SMB,51-200,Retail/E-commerce,APAC,self_serve,2025-09-26,32.8,False
ACC-002204,CO-0064077,SMB,1-10,Financial Services,APAC,self_serve,2023-03-26,26.9,True
ACC-002205,CO-0112555,SMB,1-10,Retail/E-commerce,North America,self_serve,2024-10-03,17.9,False
ACC-002206,CO-0002453,SMB,1-10,Media/Entertainment,North America,self_serve,2025-04-09,15.1,False
ACC-002207,CO-0069880,SMB,11-50,Media/Entertainment,North America,inbound_marketing,2025-07-17,28.5,False
ACC-002208,CO-0008348,SMB,11-50,Financial Services,APAC,self_serve,2025-02-17,35.2,False
ACC-002209,CO-0040267,SMB,1-10,Healthcare,North America,self_serve,2023-10-06,25.4,True
ACC-002210,CO-0044759,Enterprise,51-200,Professional Services,North America,self_serve,2021-09-07,39.1,False
ACC-002211,CO-0039200,SMB,11-50,Education,North America,self_serve,2021-10-07,19.1,False
ACC-002212,CO-0012313,Commercial,11-50,Public Sector,North America,self_serve,2025-05-28,29.5,False
ACC-002213,CO-0111887,SMB,51-200,Education,North America,inbound_marketing,2025-11-13,26.2,False
ACC-002214,CO-0108020,SMB,51-200,Retail/E-commerce,North America,inbound_marketing,2020-10-18,29.4,False
ACC-002215,CO-0097753,Commercial,1-10,Technology/SaaS,North America,self_serve,2021-12-05,20.7,True
ACC-002216,CO-0029861,SMB,1-10,Education,APAC,inbound_marketing,2023-09-08,17.1,True
ACC-002217,CO-0039057,SMB,51-200,Healthcare,EMEA,inbound_marketing,2025-06-02,35.8,False
ACC-002218,CO-0046740,SMB,1-10,Technology/SaaS,North America,self_serve,2024-12-11,42.5,True
ACC-002219,CO-0108390,SMB,1-10,Manufacturing,North America,self_serve,2023-12-27,39.5,True
ACC-002220,CO-0040078,Commercial,11-50,Technology/SaaS,APAC,self_serve,2021-01-19,36.1,False
ACC-002221,CO-0084492,Commercial,1-10,Media/Entertainment,North America,self_serve,2024-12-19,27.3,False
ACC-002222,CO-0095724,SMB,11-50,Healthcare,North America,self_serve,2024-04-09,36.8,False
ACC-002223,CO-0071729,SMB,1-10,Healthcare,EMEA,self_serve,2025-03-04,35.3,False
ACC-002224,CO-0119039,SMB,1-10,Technology/SaaS,APAC,self_serve,2023-11-25,17.1,False
ACC-002225,CO-0104967,SMB,51-200,Public Sector,EMEA,inbound_marketing,2022-05-15,36.5,False
ACC-002226,CO-0006236,SMB,1-10,Logistics/Supply Chain,North America,self_serve,2025-10-27,32.9,False
ACC-002227,CO-0064994,SMB,51-200,Retail/E-commerce,North America,self_serve,2023-09-23,35.7,False
ACC-002228,CO-0040486,SMB,1-10,Technology/SaaS,EMEA,self_serve,2025-09-04,34.8,False
ACC-002229,CO-0028494,SMB,1-10,Retail/E-commerce,APAC,self_serve,2024-01-05,9.4,False
ACC-002230,CO-0037737,SMB,11-50,Logistics/Supply Chain,EMEA,self_serve,2025-06-26,27.8,False
ACC-002231,CO-0085910,SMB,11-50,Logistics/Supply Chain,North America,self_serve,2023-12-03,27.4,False
ACC-002232,CO-0037335,SMB,51-200,Media/Entertainment,North America,self_serve,2022-04-01,29.3,False
ACC-002233,CO-0095033,SMB,1-10,Professional Services,North America,self_serve,2025-08-04,21.6,False
ACC-002234,CO-0073125,SMB,11-50,Professional Services,APAC,self_serve,2025-04-15,21.8,False
ACC-002235,CO-0049423,SMB,11-50,Logistics/Supply Chain,APAC,inbound_marketing,2020-03-21,26.8,False
ACC-002236,CO-0023449,SMB,1-10,Logistics/Supply Chain,LATAM,self_serve,2025-09-12,9.6,True
ACC-002237,CO-0061858,Commercial,1-10,Financial Services,North America,self_serve,2024-08-26,26.7,False
ACC-002238,CO-0095341,SMB,11-50,Healthcare,North America,self_serve,2025-02-23,28.8,False
ACC-002239,CO-0117773,Commercial,1-10,Logistics/Supply Chain,North America,self_serve,2023-01-16,21.3,False
ACC-002240,CO-0073578,SMB,1-10,Financial Services,EMEA,inbound_marketing,2024-06-12,28.6,False
ACC-002241,CO-0092708,SMB,1-10,Media/Entertainment,North America,self_serve,2023-07-19,7.0,False
ACC-002242,CO-0011852,SMB,1-10,Retail/E-commerce,EMEA,self_serve,2021-03-07,13.9,False
ACC-002243,CO-0030597,SMB,51-200,Healthcare,APAC,self_serve,2025-03-27,37.9,False
ACC-002244,CO-0066919,SMB,51-200,Healthcare,North America,self_serve,2024-09-28,39.1,False
ACC-002245,CO-0116804,SMB,51-200,Retail/E-commerce,EMEA,self_serve,2024-09-15,29.1,False
ACC-002246,CO-0034034,SMB,11-50,Public Sector,APAC,self_serve,2023-06-15,38.4,False
ACC-002247,CO-0005659,SMB,51-200,Retail/E-commerce,North America,self_serve,2025-08-22,35.8,False
ACC-002248,CO-0107980,SMB,1-10,Financial Services,North America,self_serve,2025-08-05,19.4,False
ACC-002249,CO-0063616,SMB,51-200,Professional Services,APAC,inbound_marketing,2025-09-01,39.1,False
ACC-002250,CO-0042459,SMB,11-50,Media/Entertainment,EMEA,inbound_marketing,2025-06-02,23.8,False
ACC-002251,CO-0044384,SMB,11-50,Professional Services,EMEA,inbound_marketing,2024-06-18,15.0,False
ACC-002252,CO-0072691,SMB,11-50,Manufacturing,LATAM,self_serve,2025-10-02,33.1,False
ACC-002253,CO-0005596,SMB,11-50,Logistics/Supply Chain,EMEA,self_serve,2025-04-27,35.4,False
ACC-002254,CO-0116077,SMB,11-50,Financial Services,APAC,inbound_marketing,2025-08-13,26.3,False
ACC-002255,CO-0098954,SMB,11-50,Healthcare,North America,inbound_marketing,2025-04-14,23.6,False
ACC-002256,CO-0075133,SMB,11-50,Retail/E-commerce,EMEA,self_serve,2024-05-23,38.7,False
ACC-002257,CO-0027790,SMB,1-10,Media/Entertainment,APAC,inbound_marketing,2024-06-24,20.8,False
ACC-002258,CO-0007772,SMB,1-10,Healthcare,North America,self_serve,2024-07-22,29.5,False
ACC-002259,CO-0104806,SMB,11-50,Public Sector,LATAM,self_serve,2025-12-01,21.2,False
ACC-002260,CO-0044969,SMB,51-200,Professional Services,LATAM,self_serve,2024-07-28,39.2,False
ACC-002261,CO-0061001,SMB,1-10,Financial Services,North America,self_serve,2025-01-21,21.8,False
ACC-002262,CO-0039383,SMB,1-10,Retail/E-commerce,LATAM,inbound_marketing,2025-12-26,22.8,False
ACC-002263,CO-0036157,Enterprise,1-10,Professional Services,LATAM,inbound_marketing,2024-09-07,22.6,False
ACC-002264,CO-0114349,SMB,11-50,Manufacturing,North America,self_serve,2024-03-18,32.1,False
ACC-002265,CO-0088869,SMB,11-50,Technology/SaaS,EMEA,self_serve,2025-12-14,36.1,False
ACC-002266,CO-0050744,SMB,1-10,Technology/SaaS,North America,self_serve,2025-08-13,26.6,False
ACC-002267,CO-0008192,Commercial,11-50,Media/Entertainment,North America,self_serve,2020-06-25,21.2,False
ACC-002268,CO-0116677,SMB,11-50,Technology/SaaS,EMEA,self_serve,2023-11-03,32.7,False
ACC-002269,CO-0107487,SMB,1-10,Technology/SaaS,North America,self_serve,2025-03-27,29.0,False
ACC-002270,CO-0123059,Commercial,11-50,Public Sector,LATAM,self_serve,2025-04-18,35.3,False
ACC-002271,CO-0068595,SMB,11-50,Manufacturing,North America,self_serve,2022-05-04,34.0,False
ACC-002272,CO-0098629,SMB,51-200,Media/Entertainment,North America,self_serve,2025-09-11,39.2,False
ACC-002273,CO-0081311,SMB,51-200,Media/Entertainment,North America,self_serve,2024-06-05,31.1,False
ACC-002274,CO-0062057,SMB,1-10,Retail/E-commerce,North America,inbound_marketing,2025-10-25,26.3,False
ACC-002275,CO-0058905,Commercial,11-50,Healthcare,North America,self_serve,2023-04-10,34.3,False
ACC-002276,CO-0098856,SMB,51-200,Logistics/Supply Chain,North America,self_serve,2021-10-03,34.0,False
ACC-002277,CO-0010398,SMB,1-10,Media/Entertainment,EMEA,self_serve,2024-05-17,15.1,False
ACC-002278,CO-0117459,SMB,1-10,Technology/SaaS,North America,self_serve,2023-03-07,39.1,False
ACC-002279,CO-0095764,SMB,1-10,Education,North America,self_serve,2021-03-12,19.6,False
ACC-002280,CO-0061465,SMB,51-200,Professional Services,LATAM,self_serve,2025-09-13,29.8,False
ACC-002281,CO-0044401,SMB,11-50,Financial Services,North America,self_serve,2024-08-08,30.5,False
ACC-002282,CO-0023865,SMB,51-200,Professional Services,EMEA,self_serve,2023-11-22,30.9,False
ACC-002283,CO-0074641,Commercial,11-50,Media/Entertainment,North America,self_serve,2025-04-16,40.0,False
ACC-002284,CO-0057903,Commercial,1-10,Public Sector,North America,self_serve,2025-02-09,24.5,False
ACC-002285,CO-0104805,SMB,1-10,Technology/SaaS,North America,self_serve,2022-01-23,37.2,False
ACC-002286,CO-0016687,SMB,51-200,Retail/E-commerce,EMEA,self_serve,2021-12-04,31.5,False
ACC-002287,CO-0040379,Commercial,1-10,Financial Services,EMEA,inbound_marketing,2024-09-18,25.4,False
ACC-002288,CO-0112395,SMB,11-50,Professional Services,North America,inbound_marketing,2024-03-03,32.2,False
ACC-002289,CO-0070511,SMB,51-200,Professional Services,APAC,inbound_marketing,2024-07-07,37.1,False
ACC-002290,CO-0071139,SMB,11-50,Technology/SaaS,North America,self_serve,2025-03-07,28.1,False
ACC-002291,CO-0026854,SMB,1-10,Manufacturing,EMEA,self_serve,2025-07-17,20.7,False
ACC-002292,CO-0015149,SMB,1-10,Media/Entertainment,North America,self_serve,2025-02-28,33.7,False
ACC-002293,CO-0114110,SMB,1-10,Technology/SaaS,North America,inbound_marketing,2023-10-25,28.2,False
ACC-002294,CO-0054970,SMB,1-10,Healthcare,North America,self_serve,2025-01-07,22.4,True
ACC-002295,CO-0100186,SMB,11-50,Education,North America,self_serve,2025-06-13,24.1,False
ACC-002296,CO-0106487,SMB,11-50,Public Sector,North America,self_serve,2021-09-07,36.5,False
ACC-002297,CO-0032166,SMB,1-10,Retail/E-commerce,North America,self_serve,2023-04-16,27.9,True
ACC-002298,CO-0022007,SMB,11-50,Manufacturing,North America,self_serve,2025-11-22,28.3,False
ACC-002299,CO-0003875,SMB,1-10,Professional Services,North America,self_serve,2025-09-18,24.5,False
ACC-002300,CO-0063732,SMB,11-50,Financial Services,North America,self_serve,2025-04-12,27.8,False
ACC-002301,CO-0049569,Enterprise,51-200,Financial Services,North America,self_serve,2024-09-18,38.3,False
ACC-002302,CO-0081253,SMB,1-10,Retail/E-commerce,LATAM,self_serve,2024-10-25,16.5,True
ACC-002303,CO-0013357,SMB,51-200,Retail/E-commerce,North America,self_serve,2024-07-03,27.3,False
ACC-002304,CO-0073167,SMB,11-50,Media/Entertainment,LATAM,self_serve,2025-10-08,15.6,False
ACC-002305,CO-0117003,SMB,1-10,Public Sector,North America,inbound_marketing,2024-01-14,27.7,True
ACC-002306,CO-0060595,SMB,51-200,Professional Services,North America,inbound_marketing,2025-09-17,31.7,False
ACC-002307,CO-0110962,SMB,51-200,Media/Entertainment,EMEA,self_serve,2025-07-03,32.1,False
ACC-002308,CO-0046963,SMB,1-10,Financial Services,EMEA,self_serve,2025-04-27,30.5,False
ACC-002309,CO-0077748,SMB,1-10,Media/Entertainment,North America,inbound_marketing,2022-09-14,28.1,True
ACC-002310,CO-0114027,SMB,11-50,Media/Entertainment,APAC,self_serve,2024-08-10,13.2,False
ACC-002311,CO-0083700,SMB,1-10,Professional Services,North America,inbound_marketing,2020-11-23,19.1,False
ACC-002312,CO-0101373,SMB,1-10,Education,North America,self_serve,2021-02-01,23.2,False
ACC-002313,CO-0058836,SMB,11-50,Professional Services,North America,self_serve,2025-05-21,30.5,False
ACC-002314,CO-0038135,SMB,1-10,Financial Services,North America,inbound_marketing,2025-05-21,38.6,True
ACC-002315,CO-0101638,SMB,11-50,Healthcare,North America,inbound_marketing,2025-03-04,25.8,False
ACC-002316,CO-0051265,Commercial,11-50,Manufacturing,EMEA,self_serve,2020-04-08,34.9,False
ACC-002317,CO-0023735,SMB,1-10,Logistics/Supply Chain,EMEA,inbound_marketing,2024-10-13,34.5,False
ACC-002318,CO-0061301,SMB,11-50,Professional Services,EMEA,self_serve,2025-08-10,17.6,False
ACC-002319,CO-0027127,SMB,1-10,Logistics/Supply Chain,APAC,self_serve,2025-12-24,34.2,False
ACC-002320,CO-0000330,SMB,1-10,Public Sector,North America,inbound_marketing,2025-06-10,24.0,False
ACC-002321,CO-0067695,SMB,1-10,Retail/E-commerce,EMEA,self_serve,2024-09-15,8.4,False
ACC-002322,CO-0090047,Commercial,51-200,Media/Entertainment,North America,self_serve,2024-07-27,38.1,False
ACC-002323,CO-0055018,SMB,1-10,Retail/E-commerce,EMEA,self_serve,2025-03-04,3.4,False
ACC-002324,CO-0012812,SMB,201-1000,Education,EMEA,self_serve,2020-08-23,36.8,False
ACC-002325,CO-0021759,SMB,1-10,Education,North America,self_serve,2025-11-12,28.7,False
ACC-002326,CO-0069857,SMB,1-10,Education,EMEA,self_serve,2024-03-21,21.6,False
ACC-002327,CO-0070279,SMB,11-50,Professional Services,North America,self_serve,2025-10-07,23.4,False
ACC-002328,CO-0006076,SMB,51-200,Retail/E-commerce,North America,inbound_marketing,2025-04-08,39.2,False
ACC-002329,CO-0010840,SMB,1-10,Financial Services,North America,self_serve,2023-08-17,38.1,False
ACC-002330,CO-0060732,SMB,51-200,Public Sector,EMEA,self_serve,2021-08-23,39.5,False
ACC-002331,CO-0038068,SMB,1-10,Financial Services,North America,self_serve,2022-07-08,32.6,False
ACC-002332,CO-0115183,SMB,11-50,Manufacturing,North America,inbound_marketing,2023-05-13,33.2,False
ACC-002333,CO-0085883,SMB,1-10,Financial Services,North America,self_serve,2023-06-27,35.6,True
ACC-002334,CO-0007750,SMB,1-10,Financial Services,North America,self_serve,2024-01-12,20.7,False
ACC-002335,CO-0049112,SMB,11-50,Healthcare,North America,self_serve,2025-12-02,27.8,False
ACC-002336,CO-0104630,Enterprise,1-10,Education,North America,self_serve,2023-08-15,10.8,False
ACC-002337,CO-0102473,SMB,11-50,Public Sector,APAC,self_serve,2025-03-25,30.3,False
ACC-002338,CO-0066744,SMB,1-10,Healthcare,EMEA,self_serve,2025-09-23,33.6,True
ACC-002339,CO-0056180,SMB,1-10,Retail/E-commerce,APAC,inbound_marketing,2023-06-06,17.3,False
ACC-002340,CO-0047194,SMB,1-10,Public Sector,EMEA,self_serve,2024-01-25,24.7,False
ACC-002341,CO-0005600,SMB,1-10,Financial Services,North America,self_serve,2024-02-15,30.9,False
ACC-002342,CO-0061505,SMB,1-10,Professional Services,North America,self_serve,2025-07-05,32.9,True
ACC-002343,CO-0106955,SMB,11-50,Financial Services,EMEA,self_serve,2023-12-20,32.9,False
ACC-002344,CO-0087292,SMB,1-10,Retail/E-commerce,North America,self_serve,2024-01-03,15.9,False
ACC-002345,CO-0094836,Commercial,1-10,Healthcare,APAC,self_serve,2025-01-05,19.8,False
ACC-002346,CO-0086056,SMB,51-200,Retail/E-commerce,North America,self_serve,2025-07-14,30.1,False
ACC-002347,CO-0081925,SMB,1-10,Logistics/Supply Chain,EMEA,self_serve,2025-11-08,26.0,False
ACC-002348,CO-0122493,SMB,11-50,Healthcare,North America,self_serve,2025-01-08,31.6,False
ACC-002349,CO-0121783,Commercial,11-50,Logistics/Supply Chain,North America,self_serve,2024-08-01,15.3,False
ACC-002350,CO-0002839,SMB,11-50,Retail/E-commerce,North America,inbound_marketing,2025-05-23,35.2,False
ACC-002351,CO-0032996,SMB,1-10,Retail/E-commerce,North America,self_serve,2021-06-25,18.5,True
ACC-002352,CO-0019125,Commercial,1-10,Retail/E-commerce,North America,self_serve,2023-11-19,21.2,False
ACC-002353,CO-0014842,Commercial,51-200,Education,EMEA,self_serve,2023-12-01,19.5,False
ACC-002354,CO-0081233,SMB,11-50,Manufacturing,EMEA,inbound_marketing,2024-08-27,30.0,False
ACC-002355,CO-0100652,SMB,11-50,Healthcare,EMEA,self_serve,2021-07-23,35.0,False
ACC-002356,CO-0076382,SMB,201-1000,Education,North America,inbound_marketing,2025-05-10,38.1,False
ACC-002357,CO-0016364,SMB,51-200,Technology/SaaS,North America,self_serve,2020-11-06,36.1,False
ACC-002358,CO-0100779,SMB,51-200,Professional Services,North America,inbound_marketing,2023-02-26,29.5,False
ACC-002359,CO-0096363,SMB,1-10,Financial Services,EMEA,self_serve,2024-05-03,32.8,False
ACC-002360,CO-0110379,SMB,11-50,Logistics/Supply Chain,North America,self_serve,2020-11-10,21.4,False
ACC-002361,CO-0114913,SMB,1-10,Technology/SaaS,EMEA,inbound_marketing,2022-11-30,32.4,False
ACC-002362,CO-0000189,SMB,1-10,Retail/E-commerce,EMEA,self_serve,2024-12-21,17.0,False
ACC-002363,CO-0016884,SMB,51-200,Professional Services,APAC,inbound_marketing,2021-01-23,34.3,False
ACC-002364,CO-0069264,SMB,1-10,Media/Entertainment,North America,self_serve,2024-01-23,33.1,False
ACC-002365,CO-0002997,SMB,1-10,Retail/E-commerce,North America,inbound_marketing,2024-05-16,28.5,False
ACC-002366,CO-0020503,SMB,1-10,Financial Services,North America,self_serve,2025-01-03,35.4,False
ACC-002367,CO-0032963,SMB,1-10,Healthcare,North America,self_serve,2025-04-17,22.9,False
ACC-002368,CO-0014271,SMB,11-50,Education,APAC,inbound_marketing,2023-09-06,17.6,False
ACC-002369,CO-0017792,SMB,1-10,Retail/E-commerce,EMEA,inbound_marketing,2023-12-06,9.5,True
ACC-002370,CO-0110889,SMB,1-10,Technology/SaaS,EMEA,inbound_marketing,2023-08-10,19.6,False
ACC-002371,CO-0079117,SMB,11-50,Professional Services,North America,inbound_marketing,2020-09-09,21.6,False
ACC-002372,CO-0021341,SMB,11-50,Retail/E-commerce,North America,inbound_marketing,2020-04-12,27.6,False
ACC-002373,CO-0020018,SMB,51-200,Professional Services,North America,self_serve,2022-09-19,36.4,False
ACC-002374,CO-0044705,SMB,51-200,Retail/E-commerce,North America,inbound_marketing,2025-08-19,21.3,False
ACC-002375,CO-0007913,Commercial,11-50,Logistics/Supply Chain,EMEA,inbound_marketing,2025-03-14,23.0,False
ACC-002376,CO-0120053,SMB,1-10,Manufacturing,North America,self_serve,2025-04-16,27.6,False
ACC-002377,CO-0025116,SMB,51-200,Media/Entertainment,EMEA,self_serve,2025-02-15,39.6,False
ACC-002378,CO-0020633,SMB,1-10,Healthcare,North America,self_serve,2023-11-24,12.0,False
ACC-002379,CO-0063465,SMB,1-10,Education,EMEA,inbound_marketing,2024-11-06,22.4,False
ACC-002380,CO-0062997,SMB,1-10,Professional Services,EMEA,self_serve,2025-12-06,13.5,False
ACC-002381,CO-0025784,SMB,1-10,Financial Services,APAC,self_serve,2025-07-21,38.0,False
ACC-002382,CO-0015084,SMB,51-200,Professional Services,North America,self_serve,2024-08-02,37.8,False
ACC-002383,CO-0006771,SMB,51-200,Education,North America,inbound_marketing,2024-03-22,23.6,False
ACC-002384,CO-0110406,SMB,1-10,Financial Services,North America,self_serve,2025-04-18,24.6,True
ACC-002385,CO-0044117,SMB,11-50,Retail/E-commerce,North America,inbound_marketing,2023-12-28,24.8,False
ACC-002386,CO-0054847,SMB,51-200,Education,APAC,self_serve,2025-12-03,31.3,False
ACC-002387,CO-0046139,SMB,11-50,Logistics/Supply Chain,LATAM,inbound_marketing,2025-01-12,14.5,False
ACC-002388,CO-0077073,SMB,1-10,Professional Services,North America,self_serve,2025-05-21,15.8,False
ACC-002389,CO-0042384,SMB,1-10,Retail/E-commerce,North America,self_serve,2025-12-16,16.2,True
ACC-002390,CO-0078603,SMB,1-10,Technology/SaaS,North America,self_serve,2025-10-16,27.4,False
ACC-002391,CO-0027267,SMB,51-200,Education,LATAM,self_serve,2024-08-10,29.1,False
ACC-002392,CO-0088810,SMB,11-50,Manufacturing,North America,inbound_marketing,2025-02-05,37.3,False
ACC-002393,CO-0115799,SMB,1-10,Healthcare,North America,self_serve,2021-07-30,18.5,False
ACC-002394,CO-0035814,SMB,11-50,Education,North America,self_serve,2025-09-27,37.7,False
ACC-002395,CO-0077931,SMB,11-50,Media/Entertainment,APAC,self_serve,2025-12-28,31.6,False
ACC-002396,CO-0042566,SMB,1-10,Retail/E-commerce,APAC,self_serve,2023-01-01,8.5,False
ACC-002397,CO-0084572,SMB,11-50,Technology/SaaS,EMEA,inbound_marketing,2025-04-02,25.2,False
ACC-002398,CO-0086648,SMB,1-10,Media/Entertainment,North America,self_serve,2025-07-02,26.0,False
ACC-002399,CO-0121368,SMB,1-10,Media/Entertainment,North America,inbound_marketing,2023-03-06,17.7,False
ACC-002400,CO-0116886,SMB,11-50,Manufacturing,North America,self_serve,2025-12-08,36.9,False
ACC-002401,CO-0099245,SMB,51-200,Professional Services,EMEA,self_serve,2025-09-15,30.0,False
ACC-002402,CO-0028440,SMB,1-10,Manufacturing,North America,self_serve,2024-06-14,26.2,False
ACC-002403,CO-0009164,SMB,11-50,Media/Entertainment,North America,inbound_marketing,2020-08-08,23.1,False
ACC-002404,CO-0028983,SMB,1-10,Manufacturing,North America,self_serve,2024-08-20,33.4,False
ACC-002405,CO-0114881,SMB,51-200,Logistics/Supply Chain,North America,inbound_marketing,2025-07-02,38.9,False
ACC-002406,CO-0079030,SMB,11-50,Professional Services,North America,inbound_marketing,2020-06-30,17.7,False
ACC-002407,CO-0040516,SMB,11-50,Media/Entertainment,APAC,self_serve,2025-12-10,29.6,False
ACC-002408,CO-0039917,SMB,51-200,Professional Services,EMEA,inbound_marketing,2025-09-19,29.7,False
ACC-002409,CO-0000714,SMB,11-50,Technology/SaaS,North America,self_serve,2024-04-15,27.0,False
ACC-002410,CO-0074847,SMB,11-50,Professional Services,APAC,self_serve,2022-06-28,27.2,False
ACC-002411,CO-0063509,SMB,1-10,Manufacturing,EMEA,self_serve,2024-09-05,17.2,False
ACC-002412,CO-0117502,SMB,11-50,Public Sector,North America,inbound_marketing,2024-02-26,38.3,False
ACC-002413,CO-0082673,SMB,1-10,Healthcare,EMEA,inbound_marketing,2021-05-01,17.3,True
ACC-002414,CO-0057649,SMB,11-50,Public Sector,EMEA,self_serve,2025-05-06,18.6,False
ACC-002415,CO-0105353,SMB,1-10,Financial Services,North America,self_serve,2020-02-13,28.3,False
ACC-002416,CO-0094121,SMB,1-10,Logistics/Supply Chain,North America,self_serve,2025-06-02,28.1,True
ACC-002417,CO-0083740,SMB,1-10,Professional Services,APAC,self_serve,2025-10-22,14.9,True
ACC-002418,CO-0081681,SMB,1-10,Healthcare,North America,self_serve,2024-09-21,24.2,False
ACC-002419,CO-0046473,Commercial,11-50,Logistics/Supply Chain,North America,self_serve,2021-11-18,18.9,False
ACC-002420,CO-0090428,SMB,51-200,Financial Services,APAC,self_serve,2024-01-25,34.3,False
ACC-002421,CO-0023684,SMB,11-50,Technology/SaaS,LATAM,inbound_marketing,2025-09-21,28.4,False
ACC-002422,CO-0070461,SMB,1-10,Technology/SaaS,North America,inbound_marketing,2025-10-23,34.0,False
ACC-002423,CO-0074884,SMB,1-10,Professional Services,APAC,inbound_marketing,2023-12-27,14.8,True
ACC-002424,CO-0084505,SMB,1-10,Retail/E-commerce,North America,self_serve,2021-10-16,26.9,False
ACC-002425,CO-0026486,SMB,51-200,Retail/E-commerce,North America,self_serve,2021-12-13,32.0,False
ACC-002426,CO-0046992,SMB,11-50,Financial Services,North America,self_serve,2024-11-03,27.4,False
ACC-002427,CO-0037236,SMB,11-50,Professional Services,North America,self_serve,2024-08-25,36.9,False
ACC-002428,CO-0092779,SMB,11-50,Manufacturing,North America,self_serve,2025-01-20,37.9,False
ACC-002429,CO-0108383,SMB,1-10,Professional Services,EMEA,self_serve,2025-01-01,15.7,False
ACC-002430,CO-0099656,SMB,51-200,Media/Entertainment,North America,inbound_marketing,2023-11-28,34.1,False
ACC-002431,CO-0023699,SMB,51-200,Media/Entertainment,North America,self_serve,2025-08-05,39.0,False
ACC-002432,CO-0090587,SMB,1-10,Technology/SaaS,North America,self_serve,2024-10-23,33.3,False
ACC-002433,CO-0087325,SMB,1-10,Manufacturing,EMEA,inbound_marketing,2025-08-12,26.2,True
ACC-002434,CO-0047213,SMB,1-10,Retail/E-commerce,EMEA,self_serve,2024-12-25,21.2,False
ACC-002435,CO-0102198,SMB,51-200,Media/Entertainment,APAC,inbound_marketing,2025-04-25,36.5,False
ACC-002436,CO-0049682,SMB,1-10,Professional Services,APAC,inbound_marketing,2022-11-28,25.5,False
ACC-002437,CO-0066504,SMB,1-10,Education,EMEA,self_serve,2024-12-08,15.4,False
ACC-002438,CO-0019922,SMB,1-10,Professional Services,EMEA,self_serve,2024-11-22,22.4,False
ACC-002439,CO-0120963,SMB,1-10,Healthcare,North America,inbound_marketing,2025-07-17,33.6,False
ACC-002440,CO-0006826,Commercial,1-10,Retail/E-commerce,EMEA,inbound_marketing,2025-05-26,16.4,False
ACC-002441,CO-0036714,SMB,11-50,Education,APAC,self_serve,2021-03-19,28.5,False
ACC-002442,CO-0051002,SMB,1-10,Retail/E-commerce,North America,self_serve,2024-10-15,20.6,False
ACC-002443,CO-0053296,Commercial,1-10,Financial Services,EMEA,inbound_marketing,2020-08-20,35.4,False
ACC-002444,CO-0108663,SMB,11-50,Manufacturing,APAC,self_serve,2025-08-16,30.8,False
ACC-002445,CO-0080882,SMB,11-50,Education,North America,self_serve,2024-12-05,22.8,False
ACC-002446,CO-0117002,SMB,11-50,Education,North America,self_serve,2024-07-15,13.9,False
ACC-002447,CO-0030833,SMB,51-200,Public Sector,North America,inbound_marketing,2024-03-16,38.2,False
ACC-002448,CO-0011044,SMB,1-10,Financial Services,EMEA,self_serve,2022-11-19,31.0,False
ACC-002449,CO-0061307,SMB,1-10,Logistics/Supply Chain,North America,self_serve,2024-05-20,9.7,False
ACC-002450,CO-0076100,SMB,1-10,Healthcare,North America,inbound_marketing,2023-09-21,30.8,True
ACC-002451,CO-0024443,SMB,51-200,Healthcare,North America,self_serve,2025-08-07,32.1,False
ACC-002452,CO-0111122,Commercial,1-10,Professional Services,APAC,self_serve,2023-06-17,28.5,False
ACC-002453,CO-0090750,SMB,1-10,Professional Services,North America,self_serve,2023-09-24,17.8,True
ACC-002454,CO-0085244,SMB,11-50,Healthcare,EMEA,self_serve,2023-06-24,31.7,False
ACC-002455,CO-0056190,SMB,51-200,Professional Services,APAC,inbound_marketing,2024-10-28,27.5,False
ACC-002456,CO-0062054,SMB,1-10,Healthcare,LATAM,inbound_marketing,2025-11-05,19.9,False
ACC-002457,CO-0098147,SMB,11-50,Professional Services,EMEA,self_serve,2025-12-09,21.7,False
ACC-002458,CO-0105072,SMB,51-200,Professional Services,LATAM,self_serve,2021-07-10,26.6,False
ACC-002459,CO-0016385,Commercial,1-10,Retail/E-commerce,LATAM,self_serve,2024-03-06,7.6,True
ACC-002460,CO-0097408,SMB,51-200,Professional Services,North America,self_serve,2022-12-31,31.3,False
ACC-002461,CO-0091410,SMB,1-10,Logistics/Supply Chain,North America,self_serve,2023-08-26,19.0,False
ACC-002462,CO-0014405,SMB,1-10,Media/Entertainment,North America,self_serve,2024-06-24,15.2,True
ACC-002463,CO-0048370,SMB,1-10,Media/Entertainment,APAC,inbound_marketing,2025-02-05,21.8,False
ACC-002464,CO-0060361,SMB,11-50,Logistics/Supply Chain,North America,self_serve,2023-08-07,32.4,False
ACC-002465,CO-0031046,SMB,51-200,Professional Services,North America,inbound_marketing,2025-12-14,32.9,False
ACC-002466,CO-0051018,SMB,11-50,Healthcare,North America,inbound_marketing,2024-07-08,24.4,False
ACC-002467,CO-0008730,SMB,1-10,Public Sector,North America,self_serve,2023-06-10,22.2,False
ACC-002468,CO-0000697,SMB,11-50,Retail/E-commerce,North America,self_serve,2024-08-13,31.4,False
ACC-002469,CO-0001608,SMB,51-200,Manufacturing,APAC,self_serve,2025-03-05,36.8,False
ACC-002470,CO-0114584,SMB,11-50,Healthcare,North America,self_serve,2025-08-24,31.9,False
ACC-002471,CO-0067202,SMB,1-10,Logistics/Supply Chain,North America,self_serve,2023-07-26,15.8,False
ACC-002472,CO-0017240,SMB,11-50,Financial Services,North America,inbound_marketing,2025-11-15,29.2,False
ACC-002473,CO-0115388,SMB,11-50,Healthcare,North America,self_serve,2022-09-22,32.4,False
ACC-002474,CO-0085907,SMB,51-200,Healthcare,North America,self_serve,2024-08-27,33.5,False
ACC-002475,CO-0121725,SMB,11-50,Retail/E-commerce,North America,self_serve,2024-04-22,19.8,False
ACC-002476,CO-0122114,SMB,1-10,Manufacturing,North America,self_serve,2023-05-19,30.2,False
ACC-002477,CO-0120394,Commercial,1-10,Public Sector,North America,inbound_marketing,2023-06-06,33.1,False
ACC-002478,CO-0013642,SMB,11-50,Healthcare,EMEA,self_serve,2022-01-23,36.2,False
ACC-002479,CO-0100897,SMB,1-10,Manufacturing,EMEA,self_serve,2025-07-21,16.0,False
ACC-002480,CO-0074618,SMB,1-10,Technology/SaaS,North America,self_serve,2023-11-15,32.7,False
ACC-002481,CO-0085916,SMB,11-50,Manufacturing,EMEA,self_serve,2024-07-19,30.5,False
ACC-002482,CO-0039414,SMB,1-10,Financial Services,EMEA,self_serve,2025-04-28,34.8,False
ACC-002483,CO-0038702,SMB,1-10,Technology/SaaS,North America,inbound_marketing,2022-05-18,17.6,True
ACC-002484,CO-0120324,SMB,1-10,Manufacturing,North America,self_serve,2023-01-02,34.4,False
ACC-002485,CO-0008062,SMB,11-50,Financial Services,EMEA,self_serve,2021-05-23,39.8,False
ACC-002486,CO-0025087,SMB,11-50,Manufacturing,North America,self_serve,2023-05-08,15.0,False
ACC-002487,CO-0057872,SMB,51-200,Retail/E-commerce,North America,self_serve,2024-05-21,37.0,False
ACC-002488,CO-0046659,SMB,1-10,Technology/SaaS,North America,self_serve,2025-08-27,28.1,False
ACC-002489,CO-0104472,SMB,11-50,Professional Services,North America,self_serve,2025-10-18,28.0,False
ACC-002490,CO-0016583,SMB,11-50,Technology/SaaS,APAC,inbound_marketing,2024-07-04,32.5,False
ACC-002491,CO-0095639,SMB,51-200,Financial Services,North America,self_serve,2024-02-03,37.9,False
ACC-002492,CO-0101569,SMB,11-50,Retail/E-commerce,EMEA,self_serve,2022-07-08,25.7,False
ACC-002493,CO-0040082,Commercial,1-10,Retail/E-commerce,LATAM,self_serve,2023-04-28,9.4,False
ACC-002494,CO-0069621,SMB,51-200,Education,LATAM,self_serve,2020-12-25,33.9,False
ACC-002495,CO-0001444,Commercial,1-10,Media/Entertainment,EMEA,self_serve,2021-03-08,15.3,True
ACC-002496,CO-0075419,SMB,1-10,Education,North America,self_serve,2021-04-05,20.8,False
ACC-002497,CO-0038124,SMB,51-200,Media/Entertainment,EMEA,self_serve,2025-10-04,31.6,False
ACC-002498,CO-0076915,SMB,11-50,Professional Services,EMEA,self_serve,2025-01-06,23.4,False
ACC-002499,CO-0024593,SMB,1-10,Technology/SaaS,APAC,self_serve,2025-08-25,15.6,False
ACC-002500,CO-0034181,SMB,11-50,Healthcare,EMEA,self_serve,2022-05-21,37.3,False
ACC-002501,CO-0047962,Enterprise,1-10,Retail/E-commerce,North America,self_serve,2022-10-14,21.4,False
ACC-002502,CO-0080120,SMB,11-50,Manufacturing,North America,inbound_marketing,2022-12-18,28.9,False
ACC-002503,CO-0035935,SMB,51-200,Technology/SaaS,EMEA,self_serve,2025-01-08,35.8,False
ACC-002504,CO-0081961,SMB,1-10,Media/Entertainment,North America,self_serve,2024-06-10,21.5,False
ACC-002505,CO-0069715,SMB,51-200,Healthcare,EMEA,self_serve,2020-10-11,38.3,False
ACC-002506,CO-0087788,SMB,1-10,Retail/E-commerce,North America,self_serve,2024-11-19,17.2,False
ACC-002507,CO-0114079,SMB,11-50,Retail/E-commerce,EMEA,self_serve,2025-01-10,26.4,False
ACC-002508,CO-0064699,SMB,1-10,Technology/SaaS,North America,self_serve,2023-12-24,43.3,True
ACC-002509,CO-0059443,SMB,51-200,Retail/E-commerce,North America,inbound_marketing,2023-02-10,31.9,False
ACC-002510,CO-0001564,SMB,11-50,Media/Entertainment,North America,inbound_marketing,2024-03-19,28.5,False
ACC-002511,CO-0038782,SMB,1-10,Public Sector,North America,self_serve,2023-12-07,36.5,False
ACC-002512,CO-0092513,SMB,11-50,Professional Services,North America,self_serve,2023-03-10,34.3,False
ACC-002513,CO-0074497,SMB,11-50,Logistics/Supply Chain,North America,self_serve,2025-05-07,24.9,False
ACC-002514,CO-0036126,SMB,51-200,Education,North America,self_serve,2024-11-02,30.6,False
ACC-002515,CO-0011753,SMB,1-10,Manufacturing,North America,inbound_marketing,2024-04-08,32.9,False
ACC-002516,CO-0084648,SMB,11-50,Manufacturing,EMEA,inbound_marketing,2025-06-20,25.6,False
ACC-002517,CO-0022719,Commercial,51-200,Technology/SaaS,North America,self_serve,2021-03-17,38.9,False
ACC-002518,CO-0034417,Commercial,11-50,Financial Services,North America,self_serve,2024-02-09,27.0,False
ACC-002519,CO-0058944,SMB,11-50,Education,North America,self_serve,2024-08-03,22.4,False
ACC-002520,CO-0019724,SMB,1-10,Media/Entertainment,North America,self_serve,2025-03-24,19.2,False
ACC-002521,CO-0102134,SMB,1-10,Financial Services,North America,self_serve,2023-06-03,23.3,False
ACC-002522,CO-0071568,SMB,1-10,Manufacturing,North America,inbound_marketing,2025-06-16,35.6,False
ACC-002523,CO-0065905,SMB,1-10,Media/Entertainment,APAC,self_serve,2023-06-08,26.9,False
ACC-002524,CO-0058210,SMB,1-10,Logistics/Supply Chain,North America,self_serve,2024-03-26,29.5,False
ACC-002525,CO-0047439,SMB,1-10,Technology/SaaS,LATAM,self_serve,2024-11-26,18.0,False
ACC-002526,CO-0031712,SMB,11-50,Professional Services,EMEA,self_serve,2025-05-01,23.4,False
ACC-002527,CO-0024582,SMB,51-200,Education,APAC,self_serve,2022-07-25,24.6,False
ACC-002528,CO-0031397,SMB,11-50,Professional Services,APAC,self_serve,2024-12-17,25.0,False
ACC-002529,CO-0024265,SMB,11-50,Retail/E-commerce,North America,inbound_marketing,2023-05-21,26.4,False
ACC-002530,CO-0006868,SMB,1-10,Technology/SaaS,North America,inbound_marketing,2025-12-07,20.6,True
ACC-002531,CO-0094917,SMB,11-50,Technology/SaaS,North America,inbound_marketing,2025-09-19,34.0,False
ACC-002532,CO-0114531,Commercial,51-200,Professional Services,EMEA,inbound_marketing,2025-05-23,31.3,False
ACC-002533,CO-0065720,SMB,1-10,Technology/SaaS,EMEA,inbound_marketing,2025-01-28,32.2,True
ACC-002534,CO-0094338,SMB,11-50,Professional Services,North America,self_serve,2025-06-05,33.0,False
ACC-002535,CO-0066810,SMB,11-50,Healthcare,APAC,self_serve,2025-06-14,20.6,False
ACC-002536,CO-0067469,SMB,1-10,Financial Services,EMEA,self_serve,2022-07-30,35.3,False
ACC-002537,CO-0003595,SMB,1-10,Financial Services,North America,inbound_marketing,2025-12-22,22.2,False
ACC-002538,CO-0035294,SMB,1-10,Professional Services,EMEA,self_serve,2024-03-20,22.8,False
ACC-002539,CO-0053333,SMB,1-10,Healthcare,North America,inbound_marketing,2025-11-21,27.3,False
ACC-002540,CO-0110040,SMB,11-50,Public Sector,North America,inbound_marketing,2024-07-09,38.8,False
ACC-002541,CO-0088890,SMB,1-10,Healthcare,APAC,self_serve,2024-03-18,28.9,True
ACC-002542,CO-0023512,SMB,11-50,Retail/E-commerce,APAC,inbound_marketing,2024-07-03,17.9,False
ACC-002543,CO-0092545,SMB,1-10,Technology/SaaS,APAC,self_serve,2023-10-04,21.6,False
ACC-002544,CO-0007091,SMB,11-50,Manufacturing,North America,inbound_marketing,2023-01-26,22.7,False
ACC-002545,CO-0050274,SMB,11-50,Retail/E-commerce,EMEA,self_serve,2025-08-26,33.9,False
ACC-002546,CO-0090086,SMB,11-50,Logistics/Supply Chain,North America,self_serve,2025-03-20,34.7,False
ACC-002547,CO-0004290,SMB,201-1000,Professional Services,North America,self_serve,2021-09-23,39.1,False
ACC-002548,CO-0072170,SMB,1-10,Education,EMEA,self_serve,2024-05-28,15.8,False
ACC-002549,CO-0044181,SMB,1-10,Manufacturing,North America,self_serve,2021-03-06,24.2,False
ACC-002550,CO-0092727,SMB,1-10,Manufacturing,EMEA,self_serve,2020-12-18,26.5,False
ACC-002551,CO-0002259,SMB,11-50,Logistics/Supply Chain,North America,self_serve,2024-11-09,22.7,False
ACC-002552,CO-0093659,SMB,11-50,Professional Services,LATAM,self_serve,2022-12-26,12.4,False
ACC-002553,CO-0078496,SMB,11-50,Healthcare,North America,self_serve,2025-08-15,32.3,False
ACC-002554,CO-0096129,Commercial,11-50,Logistics/Supply Chain,North America,inbound_marketing,2024-05-02,25.7,False
ACC-002555,CO-0123000,SMB,11-50,Manufacturing,North America,inbound_marketing,2022-03-24,39.2,False
ACC-002556,CO-0010567,SMB,1-10,Technology/SaaS,EMEA,inbound_marketing,2025-03-21,29.4,False
ACC-002557,CO-0108102,SMB,11-50,Healthcare,North America,self_serve,2025-01-19,33.6,False
ACC-002558,CO-0093130,SMB,1-10,Retail/E-commerce,North America,self_serve,2025-02-15,17.0,False
ACC-002559,CO-0102627,SMB,1-10,Technology/SaaS,North America,inbound_marketing,2025-08-09,22.6,False
ACC-002560,CO-0114468,SMB,1-10,Public Sector,APAC,self_serve,2021-01-29,18.8,False
ACC-002561,CO-0039332,SMB,51-200,Technology/SaaS,EMEA,self_serve,2025-04-16,32.9,False
ACC-002562,CO-0107997,SMB,11-50,Retail/E-commerce,EMEA,self_serve,2025-11-02,14.6,False
ACC-002563,CO-0115939,SMB,1-10,Healthcare,North America,inbound_marketing,2023-01-20,29.3,False
ACC-002564,CO-0029847,SMB,1-10,Logistics/Supply Chain,EMEA,self_serve,2025-01-07,19.5,False
ACC-002565,CO-0070002,SMB,11-50,Professional Services,North America,self_serve,2025-06-17,27.8,False
ACC-002566,CO-0002516,SMB,1-10,Professional Services,North America,self_serve,2021-12-28,30.8,False
ACC-002567,CO-0110737,SMB,1-10,Manufacturing,APAC,self_serve,2024-04-23,34.3,False
ACC-002568,CO-0101101,SMB,1-10,Media/Entertainment,North America,self_serve,2025-04-27,23.1,False
ACC-002569,CO-0082849,SMB,1-10,Retail/E-commerce,APAC,inbound_marketing,2023-06-21,12.6,False
ACC-002570,CO-0074033,SMB,11-50,Healthcare,North America,self_serve,2024-08-04,29.6,False
ACC-002571,CO-0050215,SMB,1-10,Public Sector,North America,self_serve,2024-01-12,21.9,False
ACC-002572,CO-0113503,SMB,11-50,Logistics/Supply Chain,North America,self_serve,2024-08-18,20.0,False
ACC-002573,CO-0028545,SMB,11-50,Professional Services,EMEA,inbound_marketing,2023-05-19,29.3,False
ACC-002574,CO-0025422,SMB,1-10,Manufacturing,North America,self_serve,2025-10-24,27.8,False
ACC-002575,CO-0007223,SMB,11-50,Education,North America,self_serve,2020-08-31,17.9,False
ACC-002576,CO-0115462,SMB,11-50,Professional Services,North America,self_serve,2025-06-09,28.5,False
ACC-002577,CO-0012784,SMB,1-10,Public Sector,EMEA,self_serve,2022-07-04,20.5,False
ACC-002578,CO-0008980,SMB,51-200,Healthcare,North America,self_serve,2023-04-02,27.7,False
ACC-002579,CO-0078037,SMB,1-10,Financial Services,EMEA,inbound_marketing,2022-08-16,30.3,False
ACC-002580,CO-0021152,Commercial,1-10,Healthcare,North America,self_serve,2024-08-03,27.7,False
ACC-002581,CO-0108279,SMB,11-50,Technology/SaaS,North America,self_serve,2023-12-17,34.4,False
ACC-002582,CO-0079824,SMB,1-10,Financial Services,North America,self_serve,2022-01-18,35.0,False
ACC-002583,CO-0009144,SMB,1-10,Financial Services,LATAM,self_serve,2024-07-08,12.5,False
ACC-002584,CO-0020274,SMB,1-10,Education,North America,self_serve,2025-06-17,1.4,False
ACC-002585,CO-0095957,SMB,51-200,Education,North America,self_serve,2022-07-14,36.3,False
ACC-002586,CO-0112328,SMB,1-10,Healthcare,LATAM,self_serve,2023-05-15,20.2,True
ACC-002587,CO-0020230,SMB,1-10,Retail/E-commerce,North America,self_serve,2025-08-28,22.7,False
ACC-002588,CO-0053376,Commercial,11-50,Technology/SaaS,EMEA,inbound_marketing,2024-08-19,21.2,False
ACC-002589,CO-0004045,SMB,11-50,Manufacturing,APAC,inbound_marketing,2025-08-19,19.6,False
ACC-002590,CO-0116145,SMB,1-10,Education,EMEA,self_serve,2025-12-26,9.0,False
ACC-002591,CO-0100704,SMB,51-200,Education,EMEA,self_serve,2024-12-25,36.8,False
ACC-002592,CO-0116632,Enterprise,11-50,Media/Entertainment,APAC,self_serve,2024-06-05,19.6,False
ACC-002593,CO-0102278,SMB,1-10,Financial Services,APAC,inbound_marketing,2025-03-14,21.2,False
ACC-002594,CO-0067087,SMB,11-50,Manufacturing,APAC,self_serve,2023-01-10,31.4,False
ACC-002595,CO-0122015,Commercial,51-200,Logistics/Supply Chain,North America,self_serve,2024-06-28,37.8,False
ACC-002596,CO-0023428,SMB,1-10,Technology/SaaS,North America,self_serve,2025-11-16,33.0,False
ACC-002597,CO-0115406,SMB,1-10,Logistics/Supply Chain,North America,inbound_marketing,2025-09-17,29.9,False
ACC-002598,CO-0105443,SMB,51-200,Media/Entertainment,North America,self_serve,2022-08-09,28.3,False
ACC-002599,CO-0068498,SMB,51-200,Professional Services,North America,self_serve,2020-05-16,38.8,False
ACC-002600,CO-0090243,SMB,51-200,Retail/E-commerce,North America,self_serve,2025-02-04,38.6,False
ACC-002601,CO-0090890,SMB,11-50,Media/Entertainment,North America,self_serve,2025-04-02,36.0,False
ACC-002602,CO-0081695,SMB,11-50,Manufacturing,LATAM,self_serve,2021-11-24,37.4,False
ACC-002603,CO-0105950,SMB,51-200,Education,EMEA,self_serve,2024-01-20,36.9,False
ACC-002604,CO-0002816,SMB,1-10,Manufacturing,EMEA,inbound_marketing,2025-07-20,22.9,False
ACC-002605,CO-0021118,SMB,11-50,Professional Services,North America,self_serve,2025-03-16,22.5,False
ACC-002606,CO-0093260,SMB,1-10,Technology/SaaS,EMEA,inbound_marketing,2025-12-24,31.7,False
ACC-002607,CO-0048557,SMB,1-10,Retail/E-commerce,North America,self_serve,2023-08-16,25.8,True
ACC-002608,CO-0006377,SMB,1-10,Logistics/Supply Chain,APAC,self_serve,2025-02-22,21.9,True
ACC-002609,CO-0008986,SMB,11-50,Manufacturing,North America,inbound_marketing,2023-10-06,37.9,False
ACC-002610,CO-0058682,SMB,1-10,Retail/E-commerce,APAC,inbound_marketing,2025-05-27,20.3,False
ACC-002611,CO-0021566,SMB,1-10,Public Sector,North America,self_serve,2025-07-07,23.6,False
ACC-002612,CO-0035604,SMB,11-50,Professional Services,EMEA,self_serve,2024-12-18,19.6,False
ACC-002613,CO-0021625,SMB,1-10,Technology/SaaS,APAC,self_serve,2020-06-22,26.9,False
ACC-002614,CO-0057195,SMB,11-50,Professional Services,North America,inbound_marketing,2025-07-19,17.4,False
ACC-002615,CO-0009924,SMB,11-50,Education,North America,inbound_marketing,2024-07-07,18.1,False
ACC-002616,CO-0023612,SMB,11-50,Technology/SaaS,North America,self_serve,2023-10-19,38.3,False
ACC-002617,CO-0110489,SMB,1-10,Technology/SaaS,North America,self_serve,2025-10-12,38.1,False
ACC-002618,CO-0091847,SMB,51-200,Professional Services,EMEA,inbound_marketing,2025-06-27,38.5,False
ACC-002619,CO-0012865,SMB,1-10,Professional Services,North America,inbound_marketing,2025-05-19,20.6,False
ACC-002620,CO-0114021,SMB,51-200,Technology/SaaS,APAC,self_serve,2024-09-26,38.2,False
ACC-002621,CO-0092207,SMB,1-10,Financial Services,North America,self_serve,2025-10-07,25.4,False
ACC-002622,CO-0121543,SMB,51-200,Media/Entertainment,North America,self_serve,2024-09-23,33.5,False
ACC-002623,CO-0067883,SMB,1-10,Professional Services,North America,inbound_marketing,2025-08-15,11.0,True
ACC-002624,CO-0041966,SMB,201-1000,Professional Services,LATAM,self_serve,2024-07-03,32.6,False
ACC-002625,CO-0089574,SMB,1-10,Technology/SaaS,North America,inbound_marketing,2023-07-15,33.3,False
ACC-002626,CO-0011692,SMB,1-10,Professional Services,North America,self_serve,2024-11-15,13.2,False
ACC-002627,CO-0004773,SMB,1-10,Manufacturing,APAC,self_serve,2023-12-20,18.4,False
ACC-002628,CO-0054836,SMB,11-50,Healthcare,EMEA,inbound_marketing,2024-11-03,27.8,False
ACC-002629,CO-0086146,SMB,1-10,Retail/E-commerce,North America,self_serve,2025-06-28,17.3,False
ACC-002630,CO-0059312,SMB,1-10,Manufacturing,EMEA,self_serve,2022-09-15,22.6,False
ACC-002631,CO-0025216,SMB,1-10,Healthcare,North America,self_serve,2024-10-22,19.9,False
ACC-002632,CO-0007018,SMB,1-10,Media/Entertainment,North America,self_serve,2025-12-24,19.9,False
ACC-002633,CO-0026508,SMB,51-200,Education,EMEA,self_serve,2025-12-08,28.0,False
ACC-002634,CO-0043344,SMB,11-50,Education,North America,self_serve,2024-01-23,25.9,False
ACC-002635,CO-0068381,SMB,11-50,Professional Services,APAC,self_serve,2024-10-13,18.1,False
ACC-002636,CO-0016618,SMB,51-200,Technology/SaaS,EMEA,inbound_marketing,2024-11-17,35.3,False
ACC-002637,CO-0025987,SMB,1-10,Financial Services,APAC,self_serve,2025-05-11,21.0,True
ACC-002638,CO-0007697,SMB,1-10,Media/Entertainment,APAC,self_serve,2020-11-15,10.3,False
ACC-002639,CO-0094370,SMB,1-10,Healthcare,LATAM,self_serve,2025-07-13,16.8,True
ACC-002640,CO-0118145,SMB,11-50,Technology/SaaS,North America,self_serve,2024-12-11,37.9,False
ACC-002641,CO-0053948,Commercial,11-50,Professional Services,North America,self_serve,2020-11-15,23.0,False
ACC-002642,CO-0047643,SMB,1-10,Financial Services,EMEA,self_serve,2024-07-14,32.0,False
ACC-002643,CO-0073253,SMB,51-200,Media/Entertainment,EMEA,self_serve,2024-06-24,36.7,False
ACC-002644,CO-0021316,SMB,51-200,Media/Entertainment,North America,self_serve,2023-01-25,30.0,False
ACC-002645,CO-0114287,SMB,11-50,Manufacturing,EMEA,inbound_marketing,2023-03-21,32.2,False
ACC-002646,CO-0026002,SMB,11-50,Retail/E-commerce,North America,self_serve,2025-08-18,23.9,False
ACC-002647,CO-0031685,SMB,1-10,Manufacturing,North America,self_serve,2020-06-26,22.1,False
ACC-002648,CO-0043781,SMB,11-50,Healthcare,North America,inbound_marketing,2025-11-07,39.4,False
ACC-002649,CO-0005669,SMB,1-10,Logistics/Supply Chain,EMEA,self_serve,2020-06-22,23.1,True
ACC-002650,CO-0065268,Commercial,1-10,Media/Entertainment,EMEA,self_serve,2024-05-23,29.5,False
ACC-002651,CO-0001900,SMB,1-10,Technology/SaaS,North America,inbound_marketing,2025-09-16,29.5,False
ACC-002652,CO-0002531,SMB,11-50,Healthcare,APAC,self_serve,2020-10-14,30.1,False
ACC-002653,CO-0002063,SMB,11-50,Technology/SaaS,North America,self_serve,2022-04-03,36.5,False
ACC-002654,CO-0029534,SMB,11-50,Financial Services,EMEA,self_serve,2025-08-25,26.3,False
ACC-002655,CO-0012302,SMB,1-10,Manufacturing,North America,self_serve,2023-03-16,30.3,False
ACC-002656,CO-0091696,SMB,51-200,Professional Services,North America,self_serve,2025-12-01,29.1,False
ACC-002657,CO-0017030,SMB,1-10,Media/Entertainment,North America,self_serve,2020-02-15,21.9,False
ACC-002658,CO-0121977,SMB,11-50,Healthcare,EMEA,self_serve,2023-11-22,27.7,False
ACC-002659,CO-0121825,SMB,11-50,Media/Entertainment,LATAM,self_serve,2025-10-22,23.2,False
ACC-002660,CO-0095584,SMB,1-10,Healthcare,North America,self_serve,2024-12-25,19.0,False
ACC-002661,CO-0015912,SMB,1-10,Media/Entertainment,North America,self_serve,2025-10-11,32.1,False
ACC-002662,CO-0004582,SMB,11-50,Education,North America,self_serve,2025-01-21,17.0,False
ACC-002663,CO-0100504,SMB,1-10,Technology/SaaS,North America,self_serve,2025-01-13,29.8,False
ACC-002664,CO-0003866,SMB,1-10,Manufacturing,North America,self_serve,2024-02-24,23.9,False
ACC-002665,CO-0035698,Commercial,1-10,Technology/SaaS,North America,self_serve,2025-05-09,32.4,False
ACC-002666,CO-0013676,SMB,11-50,Public Sector,North America,inbound_marketing,2024-10-12,35.4,False
ACC-002667,CO-0056702,SMB,1-10,Healthcare,North America,inbound_marketing,2025-04-23,31.8,False
ACC-002668,CO-0076928,SMB,1-10,Media/Entertainment,North America,self_serve,2024-10-12,12.8,True
ACC-002669,CO-0063178,SMB,1-10,Manufacturing,EMEA,self_serve,2023-01-27,30.5,False
ACC-002670,CO-0103827,SMB,11-50,Retail/E-commerce,North America,self_serve,2025-04-07,19.5,False
ACC-002671,CO-0073300,SMB,1-10,Technology/SaaS,EMEA,self_serve,2025-07-08,37.2,False
ACC-002672,CO-0026923,SMB,1-10,Retail/E-commerce,EMEA,self_serve,2024-05-18,14.5,False
ACC-002673,CO-0052934,SMB,1-10,Professional Services,APAC,inbound_marketing,2025-02-09,15.0,False
ACC-002674,CO-0121702,SMB,51-200,Financial Services,North America,self_serve,2020-07-08,38.7,False
ACC-002675,CO-0005191,SMB,1-10,Retail/E-commerce,North America,inbound_marketing,2023-12-14,13.1,False
ACC-002676,CO-0008888,Commercial,11-50,Retail/E-commerce,North America,inbound_marketing,2020-11-29,22.8,False
ACC-002677,CO-0117493,SMB,1-10,Technology/SaaS,EMEA,self_serve,2025-12-02,24.7,False
ACC-002678,CO-0082986,SMB,1-10,Financial Services,EMEA,self_serve,2025-07-14,27.9,False
ACC-002679,CO-0114840,SMB,1-10,Logistics/Supply Chain,EMEA,self_serve,2024-11-06,12.4,False
ACC-002680,CO-0072476,SMB,11-50,Financial Services,North America,self_serve,2022-06-14,39.1,False
ACC-002681,CO-0057540,SMB,1-10,Financial Services,North America,inbound_marketing,2025-01-28,30.2,False
ACC-002682,CO-0038539,SMB,1-10,Technology/SaaS,North America,self_serve,2024-04-15,36.0,False
ACC-002683,CO-0003471,SMB,1-10,Retail/E-commerce,North America,inbound_marketing,2024-12-27,28.2,False
ACC-002684,CO-0065067,SMB,11-50,Technology/SaaS,North America,self_serve,2025-03-09,30.6,False
ACC-002685,CO-0057253,SMB,51-200,Retail/E-commerce,North America,inbound_marketing,2022-02-12,37.5,False
ACC-002686,CO-0099152,SMB,1-10,Public Sector,EMEA,self_serve,2024-10-11,24.8,False
ACC-002687,CO-0006575,SMB,1-10,Healthcare,North America,self_serve,2020-06-03,29.5,True
ACC-002688,CO-0009674,SMB,11-50,Logistics/Supply Chain,North America,self_serve,2023-03-22,23.8,False
ACC-002689,CO-0063469,SMB,11-50,Professional Services,LATAM,self_serve,2025-10-14,15.4,False
ACC-002690,CO-0122755,SMB,201-1000,Retail/E-commerce,APAC,self_serve,2021-04-15,35.5,False
ACC-002691,CO-0112511,SMB,1-10,Manufacturing,North America,self_serve,2025-04-14,23.5,False
ACC-002692,CO-0028719,Commercial,11-50,Technology/SaaS,North America,self_serve,2024-11-22,29.2,False
ACC-002693,CO-0035035,SMB,1-10,Logistics/Supply Chain,EMEA,inbound_marketing,2025-09-27,26.2,True
ACC-002694,CO-0046981,SMB,1-10,Technology/SaaS,North America,self_serve,2022-07-25,29.9,False
ACC-002695,CO-0029048,SMB,1-10,Retail/E-commerce,North America,self_serve,2020-10-07,18.7,False
ACC-002696,CO-0111706,SMB,201-1000,Professional Services,EMEA,self_serve,2024-09-17,36.6,False
ACC-002697,CO-0003854,SMB,1-10,Healthcare,North America,self_serve,2020-03-24,25.1,False
ACC-002698,CO-0062422,SMB,1-10,Professional Services,APAC,self_serve,2023-05-04,12.9,False
ACC-002699,CO-0120436,SMB,11-50,Financial Services,LATAM,self_serve,2024-07-06,32.0,False
ACC-002700,CO-0061611,SMB,1-10,Technology/SaaS,North America,self_serve,2025-12-10,20.2,False
ACC-002701,CO-0023172,SMB,11-50,Technology/SaaS,North America,self_serve,2023-02-05,27.6,False
ACC-002702,CO-0034085,SMB,1-10,Financial Services,North America,inbound_marketing,2022-09-17,33.9,False
ACC-002703,CO-0114146,SMB,1-10,Retail/E-commerce,North America,self_serve,2024-07-06,16.9,False
ACC-002704,CO-0015407,SMB,51-200,Healthcare,EMEA,self_serve,2025-09-26,37.1,False
ACC-002705,CO-0090309,SMB,51-200,Education,North America,self_serve,2025-09-19,35.7,False
ACC-002706,CO-0076965,Commercial,1-10,Financial Services,APAC,self_serve,2024-08-19,35.8,True
ACC-002707,CO-0110142,SMB,1-10,Professional Services,North America,inbound_marketing,2024-06-11,24.8,True
ACC-002708,CO-0121606,SMB,11-50,Retail/E-commerce,APAC,self_serve,2023-02-11,26.0,False
ACC-002709,CO-0027800,SMB,11-50,Manufacturing,North America,self_serve,2025-09-09,35.0,False
ACC-002710,CO-0034618,SMB,1-10,Financial Services,North America,inbound_marketing,2025-10-04,34.1,False
ACC-002711,CO-0029638,SMB,1-10,Financial Services,North America,self_serve,2023-04-11,27.2,False
ACC-002712,CO-0077952,SMB,1-10,Manufacturing,EMEA,inbound_marketing,2022-08-20,31.2,True
ACC-002713,CO-0035260,SMB,1-10,Logistics/Supply Chain,APAC,self_serve,2025-04-04,24.4,False
ACC-002714,CO-0115919,SMB,1-10,Public Sector,EMEA,self_serve,2023-11-08,22.8,False
ACC-002715,CO-0098787,SMB,11-50,Logistics/Supply Chain,North America,self_serve,2024-09-17,27.5,False
ACC-002716,CO-0002804,SMB,51-200,Professional Services,EMEA,self_serve,2021-09-14,36.2,False
ACC-002717,CO-0061471,Commercial,1-10,Logistics/Supply Chain,North America,self_serve,2024-10-22,21.8,False
ACC-002718,CO-0018282,Commercial,1-10,Logistics/Supply Chain,EMEA,self_serve,2024-06-11,26.6,False
ACC-002719,CO-0103685,SMB,51-200,Media/Entertainment,APAC,self_serve,2025-04-24,31.6,False
ACC-002720,CO-0008167,SMB,11-50,Financial Services,North America,self_serve,2024-09-11,31.1,False
ACC-002721,CO-0008836,SMB,1-10,Technology/SaaS,North America,self_serve,2025-01-06,26.9,False
ACC-002722,CO-0057806,SMB,51-200,Media/Entertainment,EMEA,self_serve,2024-03-27,30.1,False
ACC-002723,CO-0048712,SMB,201-1000,Professional Services,APAC,self_serve,2024-01-18,39.8,False
ACC-002724,CO-0032295,Commercial,51-200,Financial Services,APAC,self_serve,2020-01-19,36.5,False
ACC-002725,CO-0071005,SMB,11-50,Education,North America,self_serve,2023-12-14,19.4,False
ACC-002726,CO-0069826,SMB,1-10,Retail/E-commerce,North America,self_serve,2021-06-24,21.3,False
ACC-002727,CO-0099198,SMB,51-200,Professional Services,North America,inbound_marketing,2023-06-01,35.1,False
ACC-002728,CO-0067772,SMB,11-50,Financial Services,APAC,self_serve,2023-12-04,30.7,False
ACC-002729,CO-0121657,SMB,1-10,Professional Services,EMEA,self_serve,2025-12-20,20.0,False
ACC-002730,CO-0066431,SMB,11-50,Retail/E-commerce,North America,self_serve,2023-10-25,22.3,False
ACC-002731,CO-0092057,SMB,51-200,Education,North America,self_serve,2024-07-04,29.8,False
ACC-002732,CO-0013084,SMB,11-50,Healthcare,APAC,self_serve,2025-07-15,28.7,False
ACC-002733,CO-0091213,SMB,11-50,Professional Services,North America,self_serve,2024-12-25,14.3,False
ACC-002734,CO-0111493,SMB,1-10,Technology/SaaS,EMEA,self_serve,2022-05-17,24.8,True
ACC-002735,CO-0047956,SMB,51-200,Retail/E-commerce,North America,self_serve,2023-05-14,33.6,False
ACC-002736,CO-0123129,SMB,11-50,Education,APAC,inbound_marketing,2025-05-06,9.0,False
ACC-002737,CO-0069873,Commercial,11-50,Education,North America,inbound_marketing,2025-06-25,13.9,False
ACC-002738,CO-0029343,SMB,1-10,Financial Services,EMEA,inbound_marketing,2021-03-06,29.2,False
ACC-002739,CO-0027973,SMB,1-10,Public Sector,North America,self_serve,2025-05-23,31.8,True
ACC-002740,CO-0041462,SMB,11-50,Healthcare,EMEA,self_serve,2023-10-05,35.2,False
ACC-002741,CO-0052193,SMB,1-10,Retail/E-commerce,North America,inbound_marketing,2023-10-28,14.9,False
ACC-002742,CO-0022800,SMB,11-50,Professional Services,EMEA,inbound_marketing,2020-06-04,16.4,False
ACC-002743,CO-0067489,SMB,1-10,Retail/E-commerce,North America,inbound_marketing,2023-09-06,5.1,True
ACC-002744,CO-0102877,SMB,11-50,Healthcare,North America,self_serve,2024-02-23,37.4,False
ACC-002745,CO-0117927,SMB,51-200,Professional Services,North America,inbound_marketing,2024-02-04,33.9,False
ACC-002746,CO-0045996,SMB,1-10,Retail/E-commerce,North America,inbound_marketing,2023-09-02,6.5,False
ACC-002747,CO-0088681,SMB,1-10,Technology/SaaS,North America,inbound_marketing,2021-12-24,21.0,False
ACC-002748,CO-0117703,SMB,1-10,Healthcare,North America,self_serve,2025-09-05,18.4,False
ACC-002749,CO-0081062,SMB,1-10,Public Sector,North America,self_serve,2024-12-06,16.9,False
ACC-002750,CO-0029672,SMB,11-50,Logistics/Supply Chain,North America,self_serve,2023-12-02,30.4,False
ACC-002751,CO-0006422,SMB,11-50,Financial Services,EMEA,self_serve,2025-12-17,36.1,False
ACC-002752,CO-0008513,SMB,11-50,Education,LATAM,self_serve,2025-08-10,15.8,False
ACC-002753,CO-0097351,SMB,11-50,Education,North America,inbound_marketing,2024-03-07,31.7,False
ACC-002754,CO-0063088,Commercial,1-10,Professional Services,North America,inbound_marketing,2023-06-04,12.0,False
ACC-002755,CO-0108885,SMB,51-200,Education,APAC,self_serve,2021-08-11,36.4,False
ACC-002756,CO-0052794,SMB,11-50,Healthcare,North America,self_serve,2025-02-21,32.5,False
ACC-002757,CO-0091204,SMB,11-50,Healthcare,North America,self_serve,2025-01-06,35.1,False
ACC-002758,CO-0008942,SMB,1-10,Financial Services,North America,self_serve,2024-12-20,26.3,False
ACC-002759,CO-0016546,SMB,11-50,Logistics/Supply Chain,North America,self_serve,2024-09-01,28.3,False
ACC-002760,CO-0040973,SMB,1-10,Healthcare,North America,self_serve,2024-09-06,23.5,False
ACC-002761,CO-0010923,Commercial,1-10,Logistics/Supply Chain,North America,inbound_marketing,2025-07-15,23.4,True
ACC-002762,CO-0112964,SMB,1-10,Technology/SaaS,North America,self_serve,2022-03-06,34.2,False
ACC-002763,CO-0082679,SMB,1-10,Technology/SaaS,EMEA,self_serve,2024-11-08,18.5,False
ACC-002764,CO-0121933,SMB,1-10,Public Sector,APAC,self_serve,2024-02-15,14.9,False
ACC-002765,CO-0092900,SMB,51-200,Media/Entertainment,North America,self_serve,2025-07-04,38.5,False
ACC-002766,CO-0080899,SMB,11-50,Public Sector,North America,self_serve,2025-10-27,29.5,False
ACC-002767,CO-0045799,SMB,11-50,Education,EMEA,inbound_marketing,2024-04-09,22.8,False
ACC-002768,CO-0076651,SMB,11-50,Manufacturing,APAC,self_serve,2021-04-22,35.3,False
ACC-002769,CO-0083393,SMB,1-10,Financial Services,APAC,self_serve,2020-09-28,25.4,False
ACC-002770,CO-0087748,SMB,11-50,Retail/E-commerce,EMEA,self_serve,2020-08-26,16.6,False
ACC-002771,CO-0098625,SMB,51-200,Logistics/Supply Chain,APAC,self_serve,2023-08-15,35.6,False
ACC-002772,CO-0062316,SMB,51-200,Professional Services,North America,inbound_marketing,2023-12-25,39.3,False
ACC-002773,CO-0005139,SMB,51-200,Technology/SaaS,APAC,inbound_marketing,2022-09-25,32.9,False
ACC-002774,CO-0057996,SMB,51-200,Media/Entertainment,North America,self_serve,2025-12-19,31.7,False
ACC-002775,CO-0003915,SMB,1-10,Healthcare,North America,self_serve,2025-05-11,29.1,False
ACC-002776,CO-0113021,Commercial,11-50,Media/Entertainment,North America,self_serve,2020-03-26,19.3,False
ACC-002777,CO-0076027,SMB,1-10,Education,North America,self_serve,2021-11-25,25.2,False
ACC-002778,CO-0103913,SMB,11-50,Technology/SaaS,North America,self_serve,2024-04-24,35.7,False
ACC-002779,CO-0065511,SMB,11-50,Professional Services,APAC,inbound_marketing,2020-03-29,19.9,False
ACC-002780,CO-0099765,SMB,1-10,Education,EMEA,self_serve,2025-03-08,22.3,False
ACC-002781,CO-0062378,SMB,11-50,Technology/SaaS,North America,inbound_marketing,2024-09-24,39.4,False
ACC-002782,CO-0072115,SMB,1-10,Manufacturing,EMEA,self_serve,2022-10-21,25.8,False
ACC-002783,CO-0078128,SMB,11-50,Financial Services,EMEA,self_serve,2025-05-16,36.6,False
ACC-002784,CO-0116523,SMB,1-10,Education,EMEA,self_serve,2025-10-06,12.4,False
ACC-002785,CO-0042057,Commercial,51-200,Financial Services,EMEA,self_serve,2025-06-13,40.0,False
ACC-002786,CO-0041649,SMB,11-50,Retail/E-commerce,North America,self_serve,2024-10-06,20.9,False
ACC-002787,CO-0055986,SMB,1-10,Manufacturing,North America,self_serve,2023-11-06,26.0,False
ACC-002788,CO-0104610,SMB,1-10,Public Sector,EMEA,self_serve,2021-03-01,20.7,False
ACC-002789,CO-0064892,SMB,11-50,Media/Entertainment,EMEA,self_serve,2023-11-20,24.9,False
ACC-002790,CO-0044737,SMB,1-10,Healthcare,North America,self_serve,2023-05-11,30.5,False
ACC-002791,CO-0064494,Commercial,11-50,Manufacturing,North America,inbound_marketing,2025-01-12,32.5,False
ACC-002792,CO-0026445,SMB,1-10,Professional Services,North America,self_serve,2024-03-01,29.8,False
ACC-002793,CO-0044388,SMB,51-200,Logistics/Supply Chain,EMEA,self_serve,2023-02-16,39.6,False
ACC-002794,CO-0101313,SMB,11-50,Manufacturing,APAC,self_serve,2023-09-18,27.4,False
ACC-002795,CO-0122020,SMB,1-10,Technology/SaaS,EMEA,self_serve,2024-05-11,23.2,False
ACC-002796,CO-0116553,SMB,11-50,Healthcare,North America,self_serve,2025-11-16,27.9,False
ACC-002797,CO-0064752,SMB,11-50,Manufacturing,APAC,self_serve,2020-08-29,25.6,False
ACC-002798,CO-0004925,SMB,11-50,Manufacturing,North America,self_serve,2025-02-05,35.9,False
ACC-002799,CO-0041479,SMB,1-10,Professional Services,APAC,self_serve,2024-01-26,18.0,False
ACC-002800,CO-0098069,SMB,11-50,Education,North America,self_serve,2025-07-16,24.1,False
ACC-002801,CO-0023079,SMB,1-10,Professional Services,EMEA,inbound_marketing,2023-01-14,23.8,False
ACC-002802,CO-0075710,SMB,1-10,Manufacturing,EMEA,self_serve,2025-09-04,25.1,True
ACC-002803,CO-0028554,SMB,51-200,Retail/E-commerce,EMEA,inbound_marketing,2025-05-09,38.1,False
ACC-002804,CO-0095258,SMB,201-1000,Education,APAC,inbound_marketing,2025-10-03,32.8,False
ACC-002805,CO-0038154,SMB,51-200,Logistics/Supply Chain,EMEA,self_serve,2024-01-09,30.5,False
ACC-002806,CO-0066126,SMB,1-10,Financial Services,EMEA,self_serve,2022-12-31,30.3,False
ACC-002807,CO-0041129,SMB,1-10,Financial Services,EMEA,self_serve,2024-12-27,29.6,True
ACC-002808,CO-0087544,SMB,11-50,Public Sector,North America,self_serve,2025-04-09,14.0,False
ACC-002809,CO-0061479,SMB,1-10,Technology/SaaS,North America,self_serve,2025-03-24,18.7,True
ACC-002810,CO-0062757,SMB,1-10,Professional Services,North America,self_serve,2025-12-03,8.0,False
ACC-002811,CO-0027095,SMB,11-50,Retail/E-commerce,North America,self_serve,2022-12-03,20.6,False
ACC-002812,CO-0115575,SMB,11-50,Healthcare,EMEA,inbound_marketing,2025-11-01,38.7,False
ACC-002813,CO-0015032,SMB,11-50,Financial Services,North America,self_serve,2024-12-10,31.4,False
ACC-002814,CO-0085778,SMB,1-10,Professional Services,North America,self_serve,2023-09-18,5.4,False
ACC-002815,CO-0082739,Commercial,11-50,Healthcare,APAC,self_serve,2020-12-24,34.1,False
ACC-002816,CO-0060280,Commercial,1-10,Media/Entertainment,APAC,inbound_marketing,2025-04-10,16.0,True
ACC-002817,CO-0096202,SMB,11-50,Healthcare,LATAM,self_serve,2023-10-02,28.8,False
ACC-002818,CO-0052674,SMB,11-50,Healthcare,North America,inbound_marketing,2025-11-24,28.9,False
ACC-002819,CO-0103103,SMB,1-10,Retail/E-commerce,EMEA,inbound_marketing,2024-09-20,19.1,False
ACC-002820,CO-0085165,SMB,51-200,Retail/E-commerce,EMEA,self_serve,2021-06-03,21.9,False
ACC-002821,CO-0116043,SMB,11-50,Professional Services,North America,self_serve,2024-06-17,36.1,False
ACC-002822,CO-0034538,SMB,11-50,Technology/SaaS,North America,self_serve,2023-06-19,35.5,False
ACC-002823,CO-0099730,SMB,1-10,Media/Entertainment,North America,self_serve,2020-12-21,16.0,True
ACC-002824,CO-0005270,SMB,11-50,Technology/SaaS,North America,self_serve,2025-12-08,28.0,False
ACC-002825,CO-0055284,SMB,1-10,Technology/SaaS,LATAM,self_serve,2025-10-28,26.2,False
ACC-002826,CO-0071589,Commercial,1-10,Public Sector,North America,self_serve,2022-08-17,30.7,False
ACC-002827,CO-0013396,SMB,1-10,Technology/SaaS,EMEA,self_serve,2024-07-28,25.1,True
ACC-002828,CO-0040555,SMB,11-50,Healthcare,EMEA,self_serve,2024-10-11,29.4,False
ACC-002829,CO-0122258,Commercial,1-10,Retail/E-commerce,North America,self_serve,2023-12-27,24.7,True
ACC-002830,CO-0066346,SMB,1-10,Media/Entertainment,EMEA,self_serve,2024-06-17,26.6,True
ACC-002831,CO-0030263,SMB,201-1000,Professional Services,North America,self_serve,2025-09-08,38.4,False
ACC-002832,CO-0108399,SMB,11-50,Retail/E-commerce,North America,self_serve,2023-01-28,29.8,False
ACC-002833,CO-0064165,Enterprise,51-200,Public Sector,North America,self_serve,2024-10-03,33.2,False
ACC-002834,CO-0067789,SMB,1-10,Healthcare,North America,self_serve,2024-04-03,14.8,True
ACC-002835,CO-0090521,SMB,1-10,Financial Services,EMEA,self_serve,2024-05-10,29.5,True
ACC-002836,CO-0060257,SMB,1-10,Retail/E-commerce,EMEA,inbound_marketing,2025-05-19,19.0,False
ACC-002837,CO-0031740,SMB,11-50,Technology/SaaS,EMEA,self_serve,2025-09-16,31.2,False
ACC-002838,CO-0071088,SMB,11-50,Technology/SaaS,LATAM,inbound_marketing,2023-11-01,33.5,False
ACC-002839,CO-0089778,SMB,11-50,Healthcare,North America,inbound_marketing,2020-04-27,31.5,False
ACC-002840,CO-0016822,SMB,51-200,Media/Entertainment,APAC,self_serve,2024-10-08,30.4,False
ACC-002841,CO-0038777,SMB,11-50,Media/Entertainment,North America,self_serve,2024-09-02,36.4,False
ACC-002842,CO-0101123,Commercial,1-10,Technology/SaaS,APAC,self_serve,2023-04-04,31.1,False
ACC-002843,CO-0001755,SMB,1-10,Logistics/Supply Chain,North America,self_serve,2025-06-01,20.4,False
ACC-002844,CO-0059764,SMB,1-10,Retail/E-commerce,EMEA,inbound_marketing,2023-12-25,14.8,False
ACC-002845,CO-0018143,SMB,51-200,Media/Entertainment,North America,self_serve,2023-09-19,32.0,False
ACC-002846,CO-0031596,SMB,11-50,Healthcare,North America,self_serve,2023-07-13,27.5,False
ACC-002847,CO-0089093,SMB,1-10,Financial Services,APAC,self_serve,2024-04-28,29.6,False
ACC-002848,CO-0095814,SMB,1-10,Financial Services,North America,self_serve,2024-10-20,31.5,False
ACC-002849,CO-0111128,SMB,1-10,Technology/SaaS,North America,self_serve,2025-04-23,18.2,False
ACC-002850,CO-0006761,SMB,11-50,Retail/E-commerce,EMEA,self_serve,2024-05-17,28.1,False
ACC-002851,CO-0119260,SMB,11-50,Manufacturing,North America,self_serve,2024-05-12,34.7,False
ACC-002852,CO-0114893,SMB,1-10,Professional Services,North America,self_serve,2021-08-23,14.1,True
ACC-002853,CO-0016671,SMB,11-50,Financial Services,EMEA,self_serve,2025-02-05,37.0,False
ACC-002854,CO-0055923,Commercial,11-50,Education,North America,self_serve,2025-02-28,20.8,False
ACC-002855,CO-0112184,SMB,51-200,Professional Services,North America,self_serve,2024-11-25,30.3,False
ACC-002856,CO-0096956,SMB,1-10,Logistics/Supply Chain,EMEA,inbound_marketing,2020-03-04,23.7,False
ACC-002857,CO-0020167,SMB,1-10,Logistics/Supply Chain,EMEA,inbound_marketing,2025-05-06,22.8,False
ACC-002858,CO-0005630,SMB,11-50,Logistics/Supply Chain,North America,self_serve,2023-11-10,28.7,False
ACC-002859,CO-0108662,SMB,51-200,Technology/SaaS,LATAM,self_serve,2025-10-23,31.6,False
ACC-002860,CO-0057801,SMB,1-10,Retail/E-commerce,North America,self_serve,2025-11-06,24.2,False
ACC-002861,CO-0008565,SMB,51-200,Professional Services,North America,self_serve,2025-10-25,33.2,False
ACC-002862,CO-0060113,Commercial,1-10,Logistics/Supply Chain,North America,self_serve,2024-05-11,12.7,False
ACC-002863,CO-0072492,SMB,1-10,Public Sector,APAC,inbound_marketing,2025-09-05,33.1,False
ACC-002864,CO-0004500,SMB,1-10,Manufacturing,North America,self_serve,2025-12-28,23.6,True
ACC-002865,CO-0055659,SMB,51-200,Technology/SaaS,North America,inbound_marketing,2020-04-30,39.8,False
ACC-002866,CO-0037300,SMB,1-10,Education,North America,self_serve,2025-08-24,23.6,False
ACC-002867,CO-0079172,SMB,201-1000,Education,EMEA,self_serve,2025-06-23,35.4,False
ACC-002868,CO-0112144,Commercial,1-10,Media/Entertainment,North America,inbound_marketing,2024-09-04,28.0,False
ACC-002869,CO-0084637,SMB,11-50,Professional Services,EMEA,inbound_marketing,2023-12-06,18.0,False
ACC-002870,CO-0107474,SMB,1-10,Financial Services,North America,self_serve,2025-11-20,28.4,False
ACC-002871,CO-0033267,SMB,1-10,Manufacturing,EMEA,self_serve,2025-05-06,28.2,False
ACC-002872,CO-0107220,SMB,1-10,Technology/SaaS,North America,self_serve,2021-04-26,22.7,False
ACC-002873,CO-0050826,SMB,51-200,Retail/E-commerce,North America,inbound_marketing,2025-06-11,29.7,False
ACC-002874,CO-0034663,Commercial,11-50,Professional Services,LATAM,self_serve,2025-04-03,24.4,False
ACC-002875,CO-0088454,SMB,1-10,Professional Services,EMEA,self_serve,2025-06-15,14.4,True
ACC-002876,CO-0115875,SMB,11-50,Professional Services,North America,self_serve,2023-08-15,27.0,False
ACC-002877,CO-0118142,SMB,11-50,Professional Services,APAC,self_serve,2025-10-04,27.3,False
ACC-002878,CO-0080926,SMB,1-10,Retail/E-commerce,APAC,self_serve,2024-05-09,21.4,False
ACC-002879,CO-0078783,SMB,11-50,Financial Services,North America,self_serve,2025-07-09,39.0,False
ACC-002880,CO-0063910,SMB,11-50,Technology/SaaS,APAC,inbound_marketing,2025-07-25,32.0,False
ACC-002881,CO-0015927,SMB,51-200,Healthcare,North America,self_serve,2025-04-17,35.7,False
ACC-002882,CO-0025040,SMB,1-10,Professional Services,EMEA,inbound_marketing,2025-12-10,32.4,False
ACC-002883,CO-0110708,SMB,1-10,Professional Services,North America,self_serve,2025-10-22,19.5,True
ACC-002884,CO-0022348,SMB,11-50,Manufacturing,North America,inbound_marketing,2025-01-09,34.1,False
ACC-002885,CO-0047401,SMB,1-10,Technology/SaaS,EMEA,self_serve,2024-10-06,17.1,False
ACC-002886,CO-0100820,SMB,1-10,Professional Services,North America,self_serve,2025-11-19,30.0,False
ACC-002887,CO-0069198,SMB,11-50,Logistics/Supply Chain,APAC,inbound_marketing,2023-08-04,30.4,False
ACC-002888,CO-0076841,SMB,11-50,Retail/E-commerce,APAC,self_serve,2024-05-12,29.5,False
ACC-002889,CO-0035220,SMB,1-10,Financial Services,North America,self_serve,2022-12-10,29.8,False
ACC-002890,CO-0025114,SMB,11-50,Professional Services,North America,inbound_marketing,2021-11-02,33.1,False
ACC-002891,CO-0021571,SMB,1-10,Technology/SaaS,APAC,self_serve,2023-04-28,28.5,False
ACC-002892,CO-0008002,Commercial,1-10,Manufacturing,EMEA,inbound_marketing,2021-11-04,27.1,False
ACC-002893,CO-0086468,SMB,1-10,Healthcare,EMEA,self_serve,2024-03-01,24.5,False
ACC-002894,CO-0064388,SMB,1-10,Financial Services,APAC,inbound_marketing,2025-10-14,25.5,True
ACC-002895,CO-0092083,SMB,1-10,Media/Entertainment,EMEA,inbound_marketing,2025-11-14,29.9,True
ACC-002896,CO-0004777,SMB,1-10,Healthcare,APAC,self_serve,2023-02-10,24.7,False
ACC-002897,CO-0028449,SMB,11-50,Manufacturing,North America,self_serve,2025-07-06,33.9,False
ACC-002898,CO-0039181,SMB,1-10,Technology/SaaS,LATAM,self_serve,2025-12-08,29.0,False
ACC-002899,CO-0030922,SMB,1-10,Financial Services,LATAM,self_serve,2025-10-20,31.6,False
ACC-002900,CO-0082537,SMB,1-10,Logistics/Supply Chain,North America,self_serve,2020-07-06,10.5,False
ACC-002901,CO-0120899,SMB,1-10,Financial Services,EMEA,self_serve,2020-12-18,13.7,False
ACC-002902,CO-0044635,SMB,1-10,Professional Services,North America,self_serve,2021-02-16,14.1,False
ACC-002903,CO-0059072,SMB,1-10,Logistics/Supply Chain,North America,self_serve,2024-10-07,15.5,False
ACC-002904,CO-0039511,SMB,1-10,Healthcare,EMEA,self_serve,2025-01-08,24.5,False
ACC-002905,CO-0078151,Commercial,11-50,Financial Services,APAC,inbound_marketing,2024-12-02,31.8,False
ACC-002906,CO-0073760,SMB,1-10,Media/Entertainment,APAC,self_serve,2024-11-26,11.3,False
ACC-002907,CO-0065033,SMB,51-200,Professional Services,EMEA,self_serve,2023-11-20,35.8,False
ACC-002908,CO-0049676,SMB,1-10,Technology/SaaS,North America,self_serve,2023-03-04,32.3,False
ACC-002909,CO-0086611,SMB,11-50,Logistics/Supply Chain,EMEA,self_serve,2020-01-24,33.1,False
ACC-002910,CO-0015327,SMB,1-10,Manufacturing,LATAM,inbound_marketing,2023-04-15,19.1,True
ACC-002911,CO-0122915,SMB,1-10,Financial Services,North America,self_serve,2021-08-16,22.6,False
ACC-002912,CO-0113678,SMB,1-10,Professional Services,North America,inbound_marketing,2024-11-09,22.5,True
ACC-002913,CO-0013748,Commercial,1-10,Technology/SaaS,North America,inbound_marketing,2024-05-08,34.1,False
ACC-002914,CO-0084566,SMB,51-200,Media/Entertainment,North America,self_serve,2025-09-26,35.0,False
ACC-002915,CO-0038237,SMB,1-10,Technology/SaaS,North America,inbound_marketing,2023-10-25,15.1,False
ACC-002916,CO-0037885,SMB,1-10,Technology/SaaS,North America,self_serve,2025-06-01,23.4,False
ACC-002917,CO-0095020,SMB,1-10,Healthcare,North America,self_serve,2024-08-21,20.3,False
ACC-002918,CO-0093884,SMB,11-50,Financial Services,North America,inbound_marketing,2025-10-15,35.2,False
ACC-002919,CO-0056380,SMB,1-10,Media/Entertainment,North America,inbound_marketing,2025-03-23,17.1,False
ACC-002920,CO-0095196,SMB,1-10,Professional Services,North America,self_serve,2024-05-11,20.9,False
ACC-002921,CO-0107574,Commercial,1-10,Education,APAC,inbound_marketing,2023-03-27,14.9,False
ACC-002922,CO-0068363,Commercial,11-50,Public Sector,North America,inbound_marketing,2025-06-19,34.5,False
ACC-002923,CO-0070021,SMB,1-10,Technology/SaaS,EMEA,self_serve,2025-07-11,22.3,False
ACC-002924,CO-0015030,SMB,51-200,Logistics/Supply Chain,APAC,self_serve,2024-12-11,40.0,False
ACC-002925,CO-0109940,SMB,1-10,Technology/SaaS,North America,self_serve,2025-08-02,29.8,False
ACC-002926,CO-0119426,Commercial,11-50,Logistics/Supply Chain,North America,inbound_marketing,2022-10-01,31.1,False
ACC-002927,CO-0080192,SMB,51-200,Professional Services,North America,self_serve,2024-06-07,39.3,False
ACC-002928,CO-0108976,Commercial,1-10,Technology/SaaS,LATAM,self_serve,2024-04-26,26.0,False
ACC-002929,CO-0089930,SMB,1-10,Media/Entertainment,North America,inbound_marketing,2025-02-26,26.1,False
ACC-002930,CO-0096510,Commercial,11-50,Healthcare,North America,self_serve,2025-02-03,37.8,False
ACC-002931,CO-0072926,SMB,11-50,Education,EMEA,self_serve,2020-02-24,7.1,False
ACC-002932,CO-0019716,SMB,1-10,Professional Services,North America,inbound_marketing,2025-08-22,24.2,False
ACC-002933,CO-0090302,SMB,1-10,Logistics/Supply Chain,North America,inbound_marketing,2025-10-12,13.4,False
ACC-002934,CO-0011046,SMB,11-50,Education,North America,self_serve,2024-02-26,27.1,False
ACC-002935,CO-0006234,SMB,51-200,Retail/E-commerce,APAC,self_serve,2022-10-14,24.3,False
ACC-002936,CO-0122489,SMB,1-10,Logistics/Supply Chain,EMEA,self_serve,2025-08-04,27.4,False
ACC-002937,CO-0068072,SMB,11-50,Professional Services,EMEA,self_serve,2021-12-25,21.8,False
ACC-002938,CO-0098002,SMB,1-10,Financial Services,EMEA,self_serve,2020-01-25,24.0,False
ACC-002939,CO-0020841,Commercial,1-10,Technology/SaaS,North America,self_serve,2024-08-26,34.3,False
ACC-002940,CO-0026752,SMB,11-50,Manufacturing,APAC,self_serve,2024-10-09,28.5,False
ACC-002941,CO-0056543,SMB,1-10,Professional Services,North America,self_serve,2022-02-18,19.8,False
ACC-002942,CO-0105291,SMB,1-10,Healthcare,North America,self_serve,2025-08-23,29.0,False
ACC-002943,CO-0110952,SMB,11-50,Media/Entertainment,North America,self_serve,2024-06-22,28.6,False
ACC-002944,CO-0075361,Commercial,1-10,Media/Entertainment,EMEA,self_serve,2021-12-21,34.4,False
ACC-002945,CO-0059726,SMB,1-10,Public Sector,North America,self_serve,2023-09-02,21.2,False
ACC-002946,CO-0061758,SMB,1-10,Manufacturing,North America,self_serve,2024-01-05,29.1,False
ACC-002947,CO-0030419,Commercial,11-50,Healthcare,EMEA,self_serve,2025-06-08,20.1,False
ACC-002948,CO-0002288,Commercial,11-50,Professional Services,North America,self_serve,2024-10-23,12.0,False
ACC-002949,CO-0048222,SMB,11-50,Technology/SaaS,LATAM,self_serve,2024-10-22,27.4,False
ACC-002950,CO-0065097,SMB,1-10,Financial Services,EMEA,self_serve,2025-11-24,24.0,False
ACC-002951,CO-0117047,SMB,11-50,Manufacturing,LATAM,self_serve,2025-09-05,30.3,False
ACC-002952,CO-0041260,SMB,1-10,Manufacturing,North America,self_serve,2024-01-20,7.0,True
ACC-002953,CO-0065461,SMB,1-10,Public Sector,APAC,inbound_marketing,2023-04-04,19.8,False
ACC-002954,CO-0043168,SMB,1-10,Technology/SaaS,North America,self_serve,2020-02-08,20.8,False
ACC-002955,CO-0036878,SMB,51-200,Professional Services,North America,self_serve,2024-02-11,31.5,False
ACC-002956,CO-0085808,SMB,11-50,Financial Services,North America,self_serve,2025-01-12,36.3,False
ACC-002957,CO-0032822,SMB,1-10,Manufacturing,APAC,inbound_marketing,2025-01-15,28.0,False
ACC-002958,CO-0018751,SMB,1-10,Technology/SaaS,EMEA,inbound_marketing,2024-06-01,22.7,False
ACC-002959,CO-0040015,SMB,1-10,Financial Services,North America,self_serve,2025-03-18,30.8,False
ACC-002960,CO-0015818,Commercial,51-200,Retail/E-commerce,North America,self_serve,2022-01-04,20.0,False
ACC-002961,CO-0082555,Commercial,1-10,Media/Entertainment,EMEA,self_serve,2020-11-07,11.2,False
ACC-002962,CO-0045433,SMB,11-50,Logistics/Supply Chain,EMEA,self_serve,2024-05-16,38.5,False
ACC-002963,CO-0030013,Commercial,51-200,Professional Services,LATAM,self_serve,2025-04-28,31.1,False
ACC-002964,CO-0036427,Commercial,1-10,Retail/E-commerce,North America,self_serve,2024-11-01,23.6,False
ACC-002965,CO-0121495,SMB,1-10,Professional Services,North America,self_serve,2024-03-18,16.9,False
ACC-002966,CO-0055586,Commercial,1-10,Technology/SaaS,EMEA,self_serve,2023-11-20,26.4,False
ACC-002967,CO-0019958,SMB,1-10,Technology/SaaS,APAC,self_serve,2024-01-12,31.2,False
ACC-002968,CO-0032748,Commercial,11-50,Media/Entertainment,North America,self_serve,2025-06-17,24.6,False
ACC-002969,CO-0008951,SMB,1-10,Manufacturing,APAC,self_serve,2025-12-04,22.0,False
ACC-002970,CO-0031655,Commercial,1-10,Logistics/Supply Chain,North America,self_serve,2025-05-28,22.6,False
ACC-002971,CO-0037319,SMB,1-10,Logistics/Supply Chain,LATAM,inbound_marketing,2023-10-11,23.5,True
ACC-002972,CO-0053078,SMB,1-10,Manufacturing,North America,self_serve,2024-04-10,18.7,False
ACC-002973,CO-0057780,SMB,1-10,Education,EMEA,self_serve,2021-03-27,15.5,False
ACC-002974,CO-0093653,SMB,51-200,Manufacturing,North America,self_serve,2025-02-21,30.8,False
ACC-002975,CO-0068189,SMB,51-200,Media/Entertainment,APAC,inbound_marketing,2022-06-24,39.9,False
ACC-002976,CO-0097020,SMB,1-10,Manufacturing,North America,inbound_marketing,2025-06-17,33.1,False
ACC-002977,CO-0039687,SMB,51-200,Financial Services,EMEA,inbound_marketing,2025-05-13,28.9,False
ACC-002978,CO-0002648,SMB,11-50,Technology/SaaS,APAC,self_serve,2024-12-06,20.3,False
ACC-002979,CO-0097155,SMB,1-10,Technology/SaaS,North America,self_serve,2021-02-07,16.7,False
ACC-002980,CO-0027812,SMB,51-200,Technology/SaaS,EMEA,self_serve,2023-06-23,34.6,False
ACC-002981,CO-0071205,SMB,51-200,Professional Services,North America,inbound_marketing,2023-09-25,36.3,False
ACC-002982,CO-0074559,SMB,11-50,Logistics/Supply Chain,EMEA,self_serve,2025-10-03,29.0,False
ACC-002983,CO-0071664,SMB,11-50,Professional Services,North America,self_serve,2024-07-19,20.6,False
ACC-002984,CO-0020405,SMB,1-10,Healthcare,EMEA,self_serve,2025-06-24,25.0,False
ACC-002985,CO-0121816,SMB,1-10,Media/Entertainment,North America,inbound_marketing,2023-08-26,15.0,False
ACC-002986,CO-0016444,SMB,51-200,Professional Services,North America,self_serve,2025-02-01,32.3,False
ACC-002987,CO-0113201,SMB,1-10,Media/Entertainment,North America,self_serve,2022-09-23,7.5,False
ACC-002988,CO-0120580,SMB,201-1000,Education,APAC,inbound_marketing,2022-05-07,36.9,False
ACC-002989,CO-0037996,SMB,11-50,Professional Services,North America,self_serve,2024-09-20,14.8,False
ACC-002990,CO-0074993,Commercial,11-50,Public Sector,North America,self_serve,2025-07-18,39.3,False
ACC-002991,CO-0020102,SMB,1-10,Logistics/Supply Chain,EMEA,self_serve,2023-11-13,16.6,False
ACC-002992,CO-0055119,SMB,1-10,Manufacturing,North America,self_serve,2022-04-07,34.1,False
ACC-002993,CO-0075220,SMB,51-200,Professional Services,North America,self_serve,2024-11-25,37.6,False
ACC-002994,CO-0117861,SMB,11-50,Financial Services,North America,self_serve,2025-12-28,21.7,False
ACC-002995,CO-0097061,SMB,11-50,Retail/E-commerce,EMEA,self_serve,2024-02-08,17.9,False
ACC-002996,CO-0020626,SMB,1-10,Healthcare,North America,self_serve,2025-03-04,21.6,False
ACC-002997,CO-0039998,SMB,51-200,Manufacturing,North America,inbound_marketing,2025-04-09,35.0,False
ACC-002998,CO-0096019,SMB,1-10,Retail/E-commerce,North America,self_serve,2025-06-22,23.4,False
ACC-002999,CO-0094384,SMB,11-50,Media/Entertainment,APAC,self_serve,2024-07-02,23.0,False
ACC-003000,CO-0013280,Commercial,11-50,Technology/SaaS,APAC,inbound_marketing,2022-12-21,30.9,False
ACC-003001,CO-0094095,SMB,11-50,Manufacturing,North America,self_serve,2025-07-08,31.7,False
ACC-003002,CO-0063189,SMB,51-200,Media/Entertainment,APAC,inbound_marketing,2025-08-14,35.2,False
ACC-003003,CO-0118341,SMB,1-10,Education,EMEA,self_serve,2024-02-03,15.7,False
ACC-003004,CO-0076993,SMB,201-1000,Professional Services,LATAM,self_serve,2025-10-04,37.3,False
ACC-003005,CO-0094514,SMB,1-10,Public Sector,APAC,self_serve,2023-02-01,13.3,False
ACC-003006,CO-0062906,SMB,11-50,Logistics/Supply Chain,EMEA,self_serve,2025-10-17,22.5,False
ACC-003007,CO-0108768,SMB,1-10,Financial Services,APAC,inbound_marketing,2025-07-04,32.3,False
ACC-003008,CO-0121502,SMB,1-10,Technology/SaaS,North America,inbound_marketing,2025-12-03,20.2,False
ACC-003009,CO-0104008,SMB,1-10,Financial Services,North America,self_serve,2020-06-02,27.5,False
ACC-003010,CO-0114793,SMB,51-200,Professional Services,North America,self_serve,2024-11-21,29.8,False
ACC-003011,CO-0043521,SMB,11-50,Healthcare,North America,self_serve,2025-09-14,32.7,False
ACC-003012,CO-0082400,SMB,51-200,Retail/E-commerce,APAC,self_serve,2025-07-16,25.5,False
ACC-003013,CO-0015831,SMB,1-10,Technology/SaaS,North America,self_serve,2025-05-24,25.6,False
ACC-003014,CO-0019549,SMB,1-10,Media/Entertainment,North America,self_serve,2024-02-01,29.2,False
ACC-003015,CO-0097995,SMB,1-10,Manufacturing,EMEA,inbound_marketing,2025-01-07,34.1,True
ACC-003016,CO-0016202,SMB,1-10,Retail/E-commerce,APAC,self_serve,2025-04-28,2.8,False
ACC-003017,CO-0043670,Commercial,1-10,Technology/SaaS,North America,self_serve,2021-02-22,23.6,False
ACC-003018,CO-0110826,Commercial,11-50,Technology/SaaS,North America,self_serve,2023-11-06,39.6,False
ACC-003019,CO-0115071,SMB,11-50,Manufacturing,EMEA,self_serve,2022-07-31,29.1,False
ACC-003020,CO-0069946,Commercial,1-10,Media/Entertainment,North America,self_serve,2025-02-17,29.5,False
ACC-003021,CO-0105042,SMB,51-200,Public Sector,LATAM,self_serve,2023-01-16,38.8,False
ACC-003022,CO-0050747,Commercial,11-50,Professional Services,North America,self_serve,2024-08-01,27.3,False
ACC-003023,CO-0082588,SMB,1-10,Healthcare,North America,self_serve,2025-05-28,26.5,False
ACC-003024,CO-0034098,SMB,1-10,Financial Services,LATAM,self_serve,2024-12-24,33.6,False
ACC-003025,CO-0035820,SMB,1-10,Manufacturing,North America,self_serve,2024-11-27,21.4,False
ACC-003026,CO-0005846,Commercial,1-10,Healthcare,North America,self_serve,2025-04-19,30.2,False
ACC-003027,CO-0067798,SMB,51-200,Professional Services,North America,self_serve,2025-09-07,36.2,False
ACC-003028,CO-0110055,SMB,1-10,Professional Services,North America,inbound_marketing,2025-08-09,25.4,False
ACC-003029,CO-0082101,SMB,1-10,Manufacturing,APAC,self_serve,2025-03-20,17.5,False
ACC-003030,CO-0030274,SMB,1-10,Healthcare,EMEA,self_serve,2025-01-09,18.8,False
ACC-003031,CO-0072965,SMB,11-50,Logistics/Supply Chain,North America,self_serve,2024-11-07,32.1,False
ACC-003032,CO-0113338,SMB,1-10,Media/Entertainment,North America,inbound_marketing,2020-08-02,13.3,False
ACC-003033,CO-0009058,SMB,11-50,Manufacturing,North America,self_serve,2024-06-19,30.9,False
ACC-003034,CO-0079992,SMB,1-10,Healthcare,LATAM,inbound_marketing,2021-09-30,23.2,False
ACC-003035,CO-0086341,SMB,1-10,Logistics/Supply Chain,North America,self_serve,2024-06-10,25.7,False
ACC-003036,CO-0106244,SMB,1-10,Retail/E-commerce,APAC,self_serve,2024-10-25,18.8,False
ACC-003037,CO-0079188,SMB,11-50,Media/Entertainment,North America,self_serve,2024-08-01,20.3,False
ACC-003038,CO-0112615,SMB,1-10,Education,EMEA,self_serve,2022-04-21,9.7,False
ACC-003039,CO-0032461,SMB,1-10,Healthcare,EMEA,inbound_marketing,2022-07-19,20.2,False
ACC-003040,CO-0060598,Commercial,11-50,Technology/SaaS,North America,inbound_marketing,2024-04-13,36.3,False
ACC-003041,CO-0067859,Commercial,11-50,Healthcare,North America,self_serve,2024-04-02,33.0,False
ACC-003042,CO-0029531,SMB,11-50,Manufacturing,EMEA,self_serve,2023-08-27,36.3,False
ACC-003043,CO-0112418,SMB,1-10,Logistics/Supply Chain,EMEA,inbound_marketing,2024-10-28,13.3,True
ACC-003044,CO-0059355,SMB,1-10,Retail/E-commerce,North America,self_serve,2024-10-16,13.8,False
ACC-003045,CO-0106790,SMB,1-10,Manufacturing,North America,self_serve,2024-12-12,20.6,False
ACC-003046,CO-0087948,SMB,51-200,Retail/E-commerce,EMEA,self_serve,2023-08-01,26.6,False
ACC-003047,CO-0073502,SMB,1-10,Retail/E-commerce,APAC,inbound_marketing,2025-03-13,11.3,False
ACC-003048,CO-0098504,SMB,1-10,Logistics/Supply Chain,North America,self_serve,2024-09-17,27.8,False
ACC-003049,CO-0037041,SMB,1-10,Logistics/Supply Chain,North America,self_serve,2023-12-11,28.1,True
ACC-003050,CO-0040355,SMB,1-10,Healthcare,LATAM,self_serve,2023-03-04,19.5,False
ACC-003051,CO-0101769,Commercial,1-10,Logistics/Supply Chain,North America,self_serve,2021-10-08,20.1,False
ACC-003052,CO-0029721,SMB,51-200,Healthcare,EMEA,self_serve,2024-11-06,29.7,False
ACC-003053,CO-0044971,SMB,1-10,Financial Services,North America,inbound_marketing,2024-07-15,35.8,False
ACC-003054,CO-0032077,SMB,1-10,Professional Services,North America,self_serve,2025-02-12,14.5,False
ACC-003055,CO-0072423,SMB,1-10,Healthcare,North America,self_serve,2022-08-25,34.0,False
ACC-003056,CO-0076824,SMB,51-200,Retail/E-commerce,North America,self_serve,2025-09-10,38.2,False
ACC-003057,CO-0107613,SMB,11-50,Retail/E-commerce,North America,self_serve,2025-04-25,18.1,False
ACC-003058,CO-0031189,SMB,1-10,Media/Entertainment,North America,self_serve,2023-03-23,19.1,False
ACC-003059,CO-0051649,SMB,11-50,Retail/E-commerce,North America,self_serve,2025-10-13,22.2,False
ACC-003060,CO-0040254,SMB,11-50,Technology/SaaS,EMEA,self_serve,2024-07-14,27.9,False
ACC-003061,CO-0082726,SMB,51-200,Public Sector,EMEA,self_serve,2020-06-21,37.8,False
ACC-003062,CO-0084083,SMB,11-50,Professional Services,North America,self_serve,2024-11-17,28.2,False
ACC-003063,CO-0084806,SMB,1-10,Manufacturing,EMEA,self_serve,2023-11-04,15.2,False
ACC-003064,CO-0065499,SMB,1-10,Retail/E-commerce,North America,self_serve,2025-09-21,14.9,False
ACC-003065,CO-0089065,SMB,51-200,Education,North America,self_serve,2022-10-14,26.7,False
ACC-003066,CO-0028005,SMB,1-10,Professional Services,North America,inbound_marketing,2020-09-19,15.4,False
ACC-003067,CO-0076143,SMB,11-50,Media/Entertainment,EMEA,self_serve,2022-08-31,17.5,False
ACC-003068,CO-0094619,SMB,1-10,Public Sector,EMEA,self_serve,2024-01-28,20.3,False
ACC-003069,CO-0001129,SMB,11-50,Education,APAC,inbound_marketing,2023-10-17,15.7,False
ACC-003070,CO-0064712,SMB,11-50,Public Sector,North America,inbound_marketing,2024-12-06,34.5,False
ACC-003071,CO-0079545,SMB,11-50,Retail/E-commerce,North America,inbound_marketing,2023-10-22,21.0,False
ACC-003072,CO-0031863,SMB,51-200,Retail/E-commerce,EMEA,self_serve,2024-04-12,30.1,False
ACC-003073,CO-0116888,SMB,11-50,Logistics/Supply Chain,North America,self_serve,2023-08-11,36.8,False
ACC-003074,CO-0037329,SMB,1-10,Technology/SaaS,North America,self_serve,2025-10-17,26.7,False
ACC-003075,CO-0042814,SMB,51-200,Education,APAC,inbound_marketing,2024-10-12,27.6,False
ACC-003076,CO-0057115,SMB,1-10,Technology/SaaS,North America,inbound_marketing,2025-06-16,37.5,False
ACC-003077,CO-0089979,SMB,1-10,Financial Services,LATAM,self_serve,2024-11-18,19.5,True
ACC-003078,CO-0045436,Commercial,1-10,Technology/SaaS,EMEA,self_serve,2022-09-17,30.3,False
ACC-003079,CO-0068764,SMB,51-200,Technology/SaaS,North America,self_serve,2025-10-17,37.7,False
ACC-003080,CO-0105876,SMB,51-200,Education,North America,self_serve,2022-11-30,30.1,False
ACC-003081,CO-0057353,SMB,1-10,Retail/E-commerce,EMEA,self_serve,2024-02-24,6.6,False
ACC-003082,CO-0052291,SMB,1-10,Retail/E-commerce,APAC,self_serve,2023-05-10,23.9,False
ACC-003083,CO-0097338,SMB,1-10,Manufacturing,APAC,self_serve,2025-12-27,10.8,False
ACC-003084,CO-0054315,SMB,11-50,Professional Services,North America,inbound_marketing,2025-02-04,37.0,False
ACC-003085,CO-0017260,SMB,51-200,Professional Services,North America,self_serve,2025-06-22,36.5,False
ACC-003086,CO-0037483,SMB,11-50,Professional Services,North America,self_serve,2023-09-03,29.3,False
ACC-003087,CO-0027511,SMB,11-50,Logistics/Supply Chain,North America,self_serve,2024-11-03,30.3,False
ACC-003088,CO-0060214,SMB,51-200,Education,EMEA,inbound_marketing,2022-03-21,39.7,False
ACC-003089,CO-0029517,SMB,11-50,Professional Services,North America,self_serve,2024-10-07,23.6,False
ACC-003090,CO-0121688,SMB,11-50,Logistics/Supply Chain,North America,self_serve,2020-03-03,29.7,False
ACC-003091,CO-0006862,SMB,11-50,Retail/E-commerce,North America,inbound_marketing,2025-11-09,25.1,False
ACC-003092,CO-0040585,SMB,201-1000,Retail/E-commerce,APAC,inbound_marketing,2023-01-25,37.8,False
ACC-003093,CO-0048820,SMB,1-10,Financial Services,EMEA,self_serve,2024-05-06,30.6,True
ACC-003094,CO-0028996,Commercial,51-200,Professional Services,North America,self_serve,2024-06-05,38.9,False
ACC-003095,CO-0039989,SMB,11-50,Logistics/Supply Chain,EMEA,inbound_marketing,2021-02-10,29.4,False
ACC-003096,CO-0059584,SMB,1-10,Professional Services,North America,inbound_marketing,2023-11-20,18.7,False
ACC-003097,CO-0038044,SMB,11-50,Healthcare,North America,self_serve,2021-06-28,36.5,False
ACC-003098,CO-0003158,SMB,11-50,Healthcare,North America,self_serve,2020-03-17,31.5,False
ACC-003099,CO-0119943,Commercial,1-10,Manufacturing,EMEA,self_serve,2024-12-10,23.5,False
ACC-003100,CO-0068966,SMB,11-50,Retail/E-commerce,North America,inbound_marketing,2025-10-06,25.9,False
ACC-003101,CO-0021657,SMB,1-10,Education,North America,self_serve,2025-02-10,15.4,True
ACC-003102,CO-0054879,SMB,1-10,Manufacturing,North America,self_serve,2025-05-08,20.4,False
ACC-003103,CO-0109231,SMB,11-50,Manufacturing,North America,self_serve,2025-05-04,39.8,False
ACC-003104,CO-0077642,SMB,11-50,Financial Services,EMEA,self_serve,2025-12-02,33.5,False
ACC-003105,CO-0062052,SMB,11-50,Retail/E-commerce,APAC,inbound_marketing,2025-10-16,11.3,False
ACC-003106,CO-0034290,SMB,1-10,Logistics/Supply Chain,North America,inbound_marketing,2024-09-02,30.0,False
ACC-003107,CO-0117715,SMB,1-10,Financial Services,North America,inbound_marketing,2025-10-16,28.8,False
ACC-003108,CO-0122679,SMB,11-50,Healthcare,North America,self_serve,2025-06-26,31.9,False
ACC-003109,CO-0086930,SMB,51-200,Media/Entertainment,North America,self_serve,2024-03-28,34.5,False
ACC-003110,CO-0080370,SMB,1-10,Technology/SaaS,APAC,inbound_marketing,2025-11-10,22.0,False
ACC-003111,CO-0022753,SMB,1-10,Technology/SaaS,North America,self_serve,2024-01-13,32.8,True
ACC-003112,CO-0099056,SMB,1-10,Manufacturing,North America,self_serve,2025-03-07,33.6,False
ACC-003113,CO-0087129,SMB,11-50,Technology/SaaS,EMEA,self_serve,2021-11-02,22.3,False
ACC-003114,CO-0037214,SMB,1-10,Healthcare,North America,inbound_marketing,2024-04-25,24.5,False
ACC-003115,CO-0083880,Commercial,11-50,Professional Services,North America,inbound_marketing,2024-04-21,20.7,False
ACC-003116,CO-0021849,SMB,51-200,Retail/E-commerce,North America,self_serve,2025-01-06,20.4,False
ACC-003117,CO-0074635,SMB,1-10,Financial Services,North America,inbound_marketing,2025-07-24,28.6,False
ACC-003118,CO-0119128,SMB,1-10,Healthcare,EMEA,inbound_marketing,2025-11-09,19.3,True
ACC-003119,CO-0111358,SMB,1-10,Healthcare,North America,self_serve,2025-05-16,11.0,False
ACC-003120,CO-0061965,SMB,1-10,Healthcare,North America,inbound_marketing,2023-03-09,11.4,False
ACC-003121,CO-0012252,SMB,51-200,Retail/E-commerce,North America,self_serve,2025-07-23,31.1,False
ACC-003122,CO-0098748,SMB,11-50,Healthcare,EMEA,self_serve,2023-12-18,27.7,False
ACC-003123,CO-0017888,SMB,1-10,Retail/E-commerce,North America,self_serve,2025-08-14,20.4,True
ACC-003124,CO-0100658,SMB,11-50,Public Sector,North America,self_serve,2022-08-25,28.1,False
ACC-003125,CO-0006930,Commercial,51-200,Retail/E-commerce,EMEA,inbound_marketing,2024-12-11,35.9,False
ACC-003126,CO-0030370,SMB,1-10,Media/Entertainment,LATAM,inbound_marketing,2025-06-07,16.8,False
ACC-003127,CO-0106066,SMB,51-200,Retail/E-commerce,EMEA,self_serve,2024-05-19,22.9,False
ACC-003128,CO-0036510,SMB,1-10,Logistics/Supply Chain,North America,inbound_marketing,2025-09-09,29.3,False
ACC-003129,CO-0012100,SMB,11-50,Education,EMEA,self_serve,2024-10-03,19.2,False
ACC-003130,CO-0061108,SMB,1-10,Healthcare,North America,inbound_marketing,2020-08-03,33.2,False
ACC-003131,CO-0085751,SMB,1-10,Financial Services,North America,self_serve,2023-07-10,32.4,True
ACC-003132,CO-0018653,SMB,1-10,Manufacturing,APAC,self_serve,2024-02-26,24.2,False
ACC-003133,CO-0032307,SMB,1-10,Professional Services,LATAM,inbound_marketing,2025-04-24,8.6,False
ACC-003134,CO-0071037,SMB,11-50,Technology/SaaS,North America,self_serve,2025-03-27,25.5,False
ACC-003135,CO-0036146,SMB,1-10,Logistics/Supply Chain,North America,self_serve,2020-07-18,26.1,True
ACC-003136,CO-0094149,SMB,51-200,Retail/E-commerce,North America,inbound_marketing,2020-11-06,31.5,False
ACC-003137,CO-0001642,SMB,1-10,Media/Entertainment,North America,self_serve,2022-06-25,31.8,False
ACC-003138,CO-0056085,SMB,1-10,Manufacturing,APAC,self_serve,2024-06-08,30.2,False
ACC-003139,CO-0047987,SMB,1-10,Healthcare,EMEA,self_serve,2020-05-12,22.2,False
ACC-003140,CO-0071754,SMB,11-50,Media/Entertainment,APAC,self_serve,2025-02-15,20.8,False
ACC-003141,CO-0023619,Commercial,1-10,Public Sector,APAC,self_serve,2023-09-09,23.2,False
ACC-003142,CO-0053901,SMB,51-200,Logistics/Supply Chain,North America,self_serve,2025-07-24,38.7,False
ACC-003143,CO-0058916,SMB,51-200,Technology/SaaS,LATAM,self_serve,2024-07-01,39.6,False
ACC-003144,CO-0059207,SMB,1-10,Financial Services,APAC,self_serve,2021-02-12,31.0,False
ACC-003145,CO-0053849,SMB,11-50,Logistics/Supply Chain,APAC,self_serve,2021-12-22,24.0,False
ACC-003146,CO-0122218,SMB,1-10,Financial Services,EMEA,inbound_marketing,2024-02-28,37.5,False
ACC-003147,CO-0098226,SMB,11-50,Education,EMEA,inbound_marketing,2024-08-03,22.2,False
ACC-003148,CO-0100232,SMB,51-200,Manufacturing,APAC,inbound_marketing,2025-01-14,39.6,False
ACC-003149,CO-0049005,SMB,1-10,Public Sector,North America,self_serve,2022-04-27,22.6,True
ACC-003150,CO-0113220,SMB,11-50,Professional Services,EMEA,self_serve,2025-10-17,23.2,False
ACC-003151,CO-0107483,SMB,1-10,Retail/E-commerce,North America,self_serve,2024-12-04,10.3,False
ACC-003152,CO-0032420,Commercial,51-200,Technology/SaaS,APAC,self_serve,2024-06-15,37.5,False
ACC-003153,CO-0060443,SMB,51-200,Retail/E-commerce,North America,inbound_marketing,2024-11-24,33.3,False
ACC-003154,CO-0048123,SMB,11-50,Media/Entertainment,North America,self_serve,2025-10-01,26.7,False
ACC-003155,CO-0028104,SMB,1-10,Healthcare,North America,inbound_marketing,2023-11-23,32.4,False
ACC-003156,CO-0085844,SMB,51-200,Education,North America,self_serve,2025-09-13,32.7,False
ACC-003157,CO-0111602,SMB,1-10,Manufacturing,North America,self_serve,2024-03-04,34.3,False
ACC-003158,CO-0005224,SMB,11-50,Public Sector,EMEA,self_serve,2023-09-25,24.5,False
ACC-003159,CO-0079319,SMB,11-50,Technology/SaaS,APAC,inbound_marketing,2024-04-06,27.8,False
ACC-003160,CO-0015403,SMB,1-10,Manufacturing,EMEA,self_serve,2024-05-18,24.6,True
ACC-003161,CO-0053850,SMB,1-10,Professional Services,North America,self_serve,2025-07-03,26.1,False
ACC-003162,CO-0007070,SMB,11-50,Financial Services,APAC,inbound_marketing,2024-07-19,24.2,False
ACC-003163,CO-0051726,Commercial,11-50,Education,EMEA,inbound_marketing,2022-11-12,32.5,False
ACC-003164,CO-0029267,SMB,11-50,Technology/SaaS,EMEA,inbound_marketing,2024-12-12,21.1,False
ACC-003165,CO-0072188,SMB,1-10,Professional Services,EMEA,inbound_marketing,2025-06-12,15.2,False
ACC-003166,CO-0008080,SMB,1-10,Retail/E-commerce,EMEA,self_serve,2023-12-27,7.9,False
ACC-003167,CO-0083569,SMB,11-50,Professional Services,EMEA,self_serve,2024-02-04,19.1,False
ACC-003168,CO-0118400,SMB,1-10,Healthcare,EMEA,self_serve,2024-05-14,22.6,False
ACC-003169,CO-0044408,SMB,1-10,Healthcare,EMEA,self_serve,2023-11-15,20.0,False
ACC-003170,CO-0013025,SMB,11-50,Technology/SaaS,North America,self_serve,2023-11-15,30.3,False
ACC-003171,CO-0046263,SMB,1-10,Logistics/Supply Chain,North America,inbound_marketing,2024-11-05,16.0,False
ACC-003172,CO-0078877,Commercial,51-200,Public Sector,EMEA,self_serve,2025-03-25,35.1,False
ACC-003173,CO-0004302,SMB,11-50,Logistics/Supply Chain,North America,self_serve,2020-02-12,28.7,False
ACC-003174,CO-0002722,Commercial,11-50,Retail/E-commerce,EMEA,inbound_marketing,2024-06-25,16.5,False
ACC-003175,CO-0058183,SMB,1-10,Manufacturing,EMEA,self_serve,2024-10-01,20.5,True
ACC-003176,CO-0083742,SMB,11-50,Logistics/Supply Chain,North America,self_serve,2021-04-15,27.2,False
ACC-003177,CO-0055025,Commercial,1-10,Retail/E-commerce,APAC,self_serve,2023-01-06,16.2,True
ACC-003178,CO-0037357,Commercial,11-50,Healthcare,North America,self_serve,2020-09-16,32.9,False
ACC-003179,CO-0122337,Commercial,11-50,Technology/SaaS,North America,inbound_marketing,2024-01-16,31.1,False
ACC-003180,CO-0069425,SMB,1-10,Public Sector,North America,self_serve,2025-06-03,29.0,False
ACC-003181,CO-0052197,SMB,11-50,Retail/E-commerce,North America,self_serve,2025-11-22,26.7,False
ACC-003182,CO-0110135,SMB,51-200,Professional Services,North America,inbound_marketing,2021-11-23,33.8,False
ACC-003183,CO-0040660,SMB,1-10,Healthcare,EMEA,self_serve,2024-10-08,22.9,False
ACC-003184,CO-0027884,SMB,1-10,Retail/E-commerce,APAC,self_serve,2025-01-08,26.5,False
ACC-003185,CO-0118439,SMB,11-50,Education,North America,inbound_marketing,2023-08-03,23.9,False
ACC-003186,CO-0021660,Enterprise,1-10,Manufacturing,EMEA,self_serve,2023-12-15,28.6,False
ACC-003187,CO-0081657,SMB,1-10,Healthcare,North America,self_serve,2024-10-08,25.1,False
ACC-003188,CO-0042623,SMB,11-50,Media/Entertainment,North America,inbound_marketing,2022-05-31,22.6,False
ACC-003189,CO-0089944,SMB,1-10,Retail/E-commerce,EMEA,self_serve,2022-03-23,20.5,True
ACC-003190,CO-0024470,SMB,1-10,Technology/SaaS,APAC,self_serve,2023-05-26,30.4,False
ACC-003191,CO-0113309,SMB,1-10,Technology/SaaS,North America,self_serve,2025-09-22,30.3,False
ACC-003192,CO-0007692,SMB,1-10,Logistics/Supply Chain,EMEA,inbound_marketing,2025-05-18,5.4,False
ACC-003193,CO-0080980,SMB,1-10,Public Sector,North America,self_serve,2023-07-08,30.2,False
ACC-003194,CO-0004136,SMB,51-200,Education,EMEA,self_serve,2024-09-28,24.6,False
ACC-003195,CO-0074775,SMB,1-10,Manufacturing,North America,self_serve,2024-03-16,22.9,False
ACC-003196,CO-0106910,SMB,11-50,Professional Services,APAC,self_serve,2023-04-28,12.6,False
ACC-003197,CO-0066781,SMB,11-50,Financial Services,LATAM,self_serve,2022-03-30,28.7,False
ACC-003198,CO-0117260,Commercial,1-10,Technology/SaaS,EMEA,self_serve,2024-09-20,21.1,False
ACC-003199,CO-0021463,SMB,1-10,Technology/SaaS,North America,self_serve,2023-03-26,31.6,False
ACC-003200,CO-0018701,Commercial,11-50,Financial Services,North America,self_serve,2023-12-07,33.9,False
ACC-003201,CO-0032101,SMB,51-200,Healthcare,LATAM,inbound_marketing,2024-09-11,30.8,False
ACC-003202,CO-0056467,Commercial,1-10,Technology/SaaS,North America,self_serve,2024-10-25,10.8,False
ACC-003203,CO-0061413,SMB,1-10,Retail/E-commerce,APAC,self_serve,2024-11-22,19.9,False
ACC-003204,CO-0035862,SMB,1-10,Retail/E-commerce,EMEA,self_serve,2023-04-27,7.5,True
ACC-003205,CO-0110859,SMB,1-10,Technology/SaaS,North America,self_serve,2025-02-10,33.4,False
ACC-003206,CO-0081696,Commercial,51-200,Media/Entertainment,EMEA,inbound_marketing,2023-06-04,26.5,False
ACC-003207,CO-0097629,SMB,11-50,Logistics/Supply Chain,North America,self_serve,2025-04-25,28.9,False
ACC-003208,CO-0024426,SMB,1-10,Public Sector,APAC,self_serve,2025-01-27,28.6,True
ACC-003209,CO-0062605,SMB,11-50,Media/Entertainment,North America,inbound_marketing,2025-06-04,17.9,False
ACC-003210,CO-0083007,Commercial,201-1000,Logistics/Supply Chain,EMEA,self_serve,2023-08-12,38.2,False
ACC-003211,CO-0057560,SMB,1-10,Healthcare,North America,self_serve,2023-12-15,19.2,False
ACC-003212,CO-0014473,SMB,51-200,Technology/SaaS,North America,self_serve,2020-01-27,29.6,False
ACC-003213,CO-0005559,SMB,11-50,Retail/E-commerce,North America,self_serve,2025-05-04,22.2,False
ACC-003214,CO-0122135,SMB,1-10,Healthcare,North America,self_serve,2024-03-14,27.7,False
ACC-003215,CO-0042586,SMB,1-10,Public Sector,North America,self_serve,2021-05-05,26.0,True
ACC-003216,CO-0108808,SMB,11-50,Retail/E-commerce,EMEA,self_serve,2021-02-03,25.4,False
ACC-003217,CO-0035899,SMB,11-50,Professional Services,North America,self_serve,2024-04-02,23.2,False
ACC-003218,CO-0020926,Enterprise,51-200,Logistics/Supply Chain,North America,self_serve,2023-04-24,31.3,False
ACC-003219,CO-0024129,SMB,11-50,Financial Services,APAC,self_serve,2024-06-14,32.2,False
ACC-003220,CO-0112921,SMB,1-10,Public Sector,North America,self_serve,2023-06-20,17.8,False
ACC-003221,CO-0060194,SMB,1-10,Manufacturing,North America,self_serve,2025-01-10,21.4,True
ACC-003222,CO-0077675,SMB,1-10,Retail/E-commerce,North America,self_serve,2022-03-18,15.9,False
ACC-003223,CO-0057342,SMB,11-50,Healthcare,APAC,inbound_marketing,2024-02-10,26.3,False
ACC-003224,CO-0078582,SMB,51-200,Retail/E-commerce,APAC,inbound_marketing,2023-01-27,30.9,False
ACC-003225,CO-0079974,SMB,1-10,Professional Services,North America,self_serve,2021-02-25,4.8,False
ACC-003226,CO-0071721,SMB,1-10,Financial Services,North America,self_serve,2025-05-12,33.3,False
ACC-003227,CO-0082446,SMB,11-50,Financial Services,APAC,inbound_marketing,2024-12-04,33.6,False
ACC-003228,CO-0052585,SMB,1-10,Retail/E-commerce,LATAM,self_serve,2024-03-05,11.7,False
ACC-003229,CO-0089341,SMB,11-50,Professional Services,North America,self_serve,2024-03-13,20.7,False
ACC-003230,CO-0077920,SMB,51-200,Healthcare,APAC,inbound_marketing,2021-03-22,38.2,False
ACC-003231,CO-0019600,SMB,1-10,Healthcare,North America,self_serve,2025-12-10,24.0,False
ACC-003232,CO-0092709,SMB,1-10,Manufacturing,North America,self_serve,2024-12-21,29.1,False
ACC-003233,CO-0117146,SMB,51-200,Retail/E-commerce,North America,self_serve,2020-06-21,30.8,False
ACC-003234,CO-0038405,SMB,1-10,Education,APAC,inbound_marketing,2024-08-04,12.3,True
ACC-003235,CO-0087230,SMB,1-10,Technology/SaaS,North America,self_serve,2025-04-10,26.1,False
ACC-003236,CO-0103300,Enterprise,1-10,Professional Services,North America,self_serve,2021-05-14,20.3,False
ACC-003237,CO-0113435,SMB,1-10,Manufacturing,EMEA,inbound_marketing,2024-10-12,35.0,True
ACC-003238,CO-0104140,SMB,1-10,Logistics/Supply Chain,EMEA,self_serve,2024-02-11,26.8,False
ACC-003239,CO-0094417,SMB,11-50,Financial Services,North America,self_serve,2025-08-08,33.9,False
ACC-003240,CO-0114851,Commercial,51-200,Education,APAC,self_serve,2025-02-26,25.8,False
ACC-003241,CO-0082335,SMB,1-10,Financial Services,APAC,self_serve,2025-07-02,18.7,False
ACC-003242,CO-0004596,SMB,51-200,Manufacturing,North America,self_serve,2024-03-19,33.9,False
ACC-003243,CO-0104341,SMB,1-10,Education,North America,inbound_marketing,2024-11-11,23.3,True
ACC-003244,CO-0099862,SMB,11-50,Public Sector,North America,self_serve,2025-04-19,29.3,False
ACC-003245,CO-0005948,SMB,11-50,Manufacturing,North America,self_serve,2024-07-28,38.9,False
ACC-003246,CO-0044980,SMB,11-50,Education,EMEA,self_serve,2024-12-11,23.5,False
ACC-003247,CO-0079121,SMB,1-10,Media/Entertainment,North America,self_serve,2025-09-14,27.3,False
ACC-003248,CO-0097472,SMB,1-10,Professional Services,North America,self_serve,2025-02-27,23.1,False
ACC-003249,CO-0045417,SMB,1-10,Financial Services,LATAM,self_serve,2025-07-28,28.2,True
ACC-003250,CO-0094342,SMB,1-10,Retail/E-commerce,North America,inbound_marketing,2025-07-28,17.7,False
ACC-003251,CO-0080216,SMB,11-50,Healthcare,North America,self_serve,2024-12-18,39.9,False
ACC-003252,CO-0091749,SMB,1-10,Financial Services,North America,self_serve,2025-10-02,38.8,False
ACC-003253,CO-0027259,SMB,1-10,Financial Services,North America,inbound_marketing,2023-02-18,28.9,False
ACC-003254,CO-0039475,SMB,11-50,Financial Services,North America,inbound_marketing,2024-12-28,39.0,False
ACC-003255,CO-0059610,SMB,11-50,Healthcare,EMEA,self_serve,2020-08-20,19.4,False
ACC-003256,CO-0035434,Commercial,201-1000,Retail/E-commerce,EMEA,self_serve,2023-01-26,38.2,False
ACC-003257,CO-0084543,SMB,1-10,Financial Services,North America,inbound_marketing,2023-12-19,25.3,True
ACC-003258,CO-0023283,SMB,1-10,Media/Entertainment,EMEA,self_serve,2025-12-09,23.5,False
ACC-003259,CO-0008293,SMB,51-200,Public Sector,North America,self_serve,2025-12-11,38.1,False
ACC-003260,CO-0113047,SMB,51-200,Retail/E-commerce,EMEA,inbound_marketing,2023-05-09,31.9,False
ACC-003261,CO-0104311,SMB,1-10,Technology/SaaS,North America,self_serve,2022-04-05,17.3,True
ACC-003262,CO-0008906,SMB,1-10,Technology/SaaS,LATAM,self_serve,2023-05-28,21.1,False
ACC-003263,CO-0086344,Commercial,11-50,Media/Entertainment,North America,self_serve,2025-07-27,29.6,False
ACC-003264,CO-0040071,SMB,11-50,Media/Entertainment,North America,inbound_marketing,2025-12-07,30.8,False
ACC-003265,CO-0121014,SMB,11-50,Healthcare,North America,self_serve,2023-04-14,29.1,False
ACC-003266,CO-0077923,Commercial,1-10,Logistics/Supply Chain,APAC,self_serve,2024-11-12,14.0,False
ACC-003267,CO-0031748,Commercial,1-10,Healthcare,EMEA,self_serve,2023-11-02,26.1,False
ACC-003268,CO-0002926,SMB,51-200,Professional Services,North America,self_serve,2025-04-08,33.4,False
ACC-003269,CO-0111359,Commercial,11-50,Public Sector,North America,self_serve,2024-10-27,28.9,False
ACC-003270,CO-0106766,SMB,1-10,Media/Entertainment,North America,inbound_marketing,2023-03-02,7.6,False
ACC-003271,CO-0060603,SMB,1-10,Retail/E-commerce,North America,inbound_marketing,2024-07-11,12.2,False
ACC-003272,CO-0075635,SMB,1-10,Manufacturing,EMEA,self_serve,2023-12-08,22.2,True
ACC-003273,CO-0064089,SMB,1-10,Manufacturing,North America,self_serve,2022-12-17,31.7,False
ACC-003274,CO-0000766,SMB,1-10,Education,EMEA,self_serve,2024-05-21,12.7,False
ACC-003275,CO-0078104,SMB,11-50,Retail/E-commerce,North America,inbound_marketing,2021-12-05,30.2,False
ACC-003276,CO-0122937,SMB,1-10,Media/Entertainment,North America,self_serve,2024-04-22,11.1,False
ACC-003277,CO-0067941,SMB,11-50,Manufacturing,North America,self_serve,2022-03-13,25.8,False
ACC-003278,CO-0069574,SMB,1-10,Manufacturing,EMEA,self_serve,2025-06-27,33.8,False
ACC-003279,CO-0082205,SMB,11-50,Healthcare,North America,inbound_marketing,2022-12-12,28.5,False
ACC-003280,CO-0013916,SMB,11-50,Retail/E-commerce,North America,self_serve,2023-11-19,17.5,False
ACC-003281,CO-0072504,SMB,1-10,Retail/E-commerce,North America,self_serve,2024-02-12,26.4,True
ACC-003282,CO-0072899,SMB,1-10,Healthcare,EMEA,self_serve,2025-02-13,26.7,False
ACC-003283,CO-0070967,SMB,11-50,Retail/E-commerce,North America,inbound_marketing,2025-06-26,33.4,False
ACC-003284,CO-0109229,SMB,1-10,Retail/E-commerce,APAC,self_serve,2023-05-08,21.6,False
ACC-003285,CO-0080263,SMB,11-50,Media/Entertainment,North America,self_serve,2025-03-19,26.7,False
ACC-003286,CO-0097568,Commercial,1-10,Education,North America,self_serve,2024-06-09,12.7,False
ACC-003287,CO-0081622,SMB,11-50,Manufacturing,APAC,self_serve,2024-09-14,22.3,False
ACC-003288,CO-0120909,SMB,1-10,Retail/E-commerce,EMEA,inbound_marketing,2021-10-03,29.1,False
ACC-003289,CO-0053328,SMB,11-50,Technology/SaaS,North America,self_serve,2021-03-10,39.2,False
ACC-003290,CO-0010313,SMB,51-200,Healthcare,EMEA,self_serve,2022-08-11,34.6,False
ACC-003291,CO-0091676,SMB,51-200,Healthcare,North America,self_serve,2020-10-22,36.8,False
ACC-003292,CO-0029323,SMB,1-10,Professional Services,APAC,inbound_marketing,2022-11-13,16.6,False
ACC-003293,CO-0103318,Commercial,11-50,Public Sector,North America,self_serve,2023-02-10,18.7,False
ACC-003294,CO-0005832,SMB,11-50,Professional Services,North America,self_serve,2025-09-11,24.7,False
ACC-003295,CO-0036870,SMB,51-200,Media/Entertainment,North America,self_serve,2024-09-24,37.6,False
ACC-003296,CO-0095829,SMB,11-50,Healthcare,EMEA,inbound_marketing,2020-08-01,38.2,False
ACC-003297,CO-0015344,SMB,11-50,Financial Services,North America,self_serve,2025-04-09,29.8,False
ACC-003298,CO-0032237,SMB,1-10,Manufacturing,EMEA,self_serve,2025-12-25,33.7,False
ACC-003299,CO-0086055,SMB,1-10,Public Sector,APAC,self_serve,2024-11-09,18.7,False
ACC-003300,CO-0034368,SMB,1-10,Technology/SaaS,APAC,self_serve,2024-07-03,30.7,False
ACC-003301,CO-0042376,Commercial,11-50,Financial Services,EMEA,self_serve,2023-12-08,30.5,False
ACC-003302,CO-0068959,SMB,11-50,Public Sector,APAC,self_serve,2025-12-27,29.9,False
ACC-003303,CO-0046219,SMB,1-10,Public Sector,APAC,self_serve,2023-10-04,22.5,False
ACC-003304,CO-0013244,SMB,1-10,Technology/SaaS,LATAM,self_serve,2023-10-08,19.1,False
ACC-003305,CO-0068527,SMB,201-1000,Professional Services,LATAM,inbound_marketing,2025-11-22,35.6,False
ACC-003306,CO-0066694,SMB,11-50,Public Sector,North America,inbound_marketing,2025-02-22,30.6,False
ACC-003307,CO-0008487,SMB,11-50,Logistics/Supply Chain,North America,self_serve,2025-08-25,35.4,False
ACC-003308,CO-0096732,SMB,1-10,Financial Services,APAC,inbound_marketing,2025-06-14,36.8,False
ACC-003309,CO-0093994,SMB,11-50,Professional Services,LATAM,inbound_marketing,2025-01-18,28.2,False
ACC-003310,CO-0024639,SMB,1-10,Manufacturing,EMEA,self_serve,2020-07-16,17.3,False
ACC-003311,CO-0041685,SMB,1-10,Professional Services,North America,self_serve,2023-12-15,23.1,False
ACC-003312,CO-0121090,SMB,51-200,Technology/SaaS,North America,inbound_marketing,2021-09-30,38.0,False
ACC-003313,CO-0058107,SMB,1-10,Healthcare,North America,self_serve,2024-09-26,24.0,False
ACC-003314,CO-0099518,SMB,1-10,Retail/E-commerce,North America,self_serve,2025-02-06,19.7,False
ACC-003315,CO-0022049,SMB,1-10,Retail/E-commerce,North America,self_serve,2023-08-02,12.7,False
ACC-003316,CO-0113568,SMB,1-10,Healthcare,North America,self_serve,2024-03-08,25.2,False
ACC-003317,CO-0027751,SMB,1-10,Professional Services,North America,self_serve,2023-03-04,25.6,True
ACC-003318,CO-0021829,SMB,201-1000,Public Sector,EMEA,self_serve,2025-12-18,36.2,False
ACC-003319,CO-0082441,Commercial,11-50,Logistics/Supply Chain,EMEA,self_serve,2024-12-16,36.3,False
ACC-003320,CO-0065307,SMB,1-10,Technology/SaaS,North America,self_serve,2023-05-09,35.6,False
ACC-003321,CO-0058079,SMB,51-200,Professional Services,North America,self_serve,2024-11-06,34.5,False
ACC-003322,CO-0090593,Commercial,11-50,Logistics/Supply Chain,North America,self_serve,2020-11-21,28.6,False
ACC-003323,CO-0062392,SMB,11-50,Technology/SaaS,APAC,inbound_marketing,2025-10-08,31.6,False
ACC-003324,CO-0064632,SMB,1-10,Healthcare,EMEA,self_serve,2024-05-25,13.3,False
ACC-003325,CO-0005645,SMB,1-10,Professional Services,North America,self_serve,2024-07-09,21.7,True
ACC-003326,CO-0049120,SMB,1-10,Manufacturing,North America,self_serve,2022-11-14,14.8,False
ACC-003327,CO-0058412,SMB,11-50,Healthcare,North America,self_serve,2023-07-17,32.7,False
ACC-003328,CO-0100786,SMB,11-50,Manufacturing,North America,inbound_marketing,2024-10-17,30.4,False
ACC-003329,CO-0079716,SMB,11-50,Financial Services,EMEA,self_serve,2025-09-08,36.9,False
ACC-003330,CO-0001289,SMB,11-50,Media/Entertainment,North America,self_serve,2024-09-12,27.9,False
ACC-003331,CO-0031077,SMB,51-200,Education,North America,self_serve,2024-02-02,30.6,False
ACC-003332,CO-0002359,SMB,1-10,Public Sector,North America,inbound_marketing,2024-11-16,29.4,False
ACC-003333,CO-0010418,SMB,1-10,Manufacturing,LATAM,inbound_marketing,2025-04-04,26.9,False
ACC-003334,CO-0021357,SMB,11-50,Retail/E-commerce,EMEA,self_serve,2025-08-04,15.6,False
ACC-003335,CO-0114591,Commercial,11-50,Technology/SaaS,EMEA,self_serve,2025-04-06,36.6,False
ACC-003336,CO-0123120,SMB,11-50,Healthcare,North America,self_serve,2024-10-24,29.9,False
ACC-003337,CO-0038899,SMB,1-10,Logistics/Supply Chain,APAC,self_serve,2021-07-30,18.6,False
ACC-003338,CO-0009619,SMB,11-50,Public Sector,North America,self_serve,2025-12-27,24.9,False
ACC-003339,CO-0014690,SMB,1-10,Logistics/Supply Chain,North America,self_serve,2025-08-12,26.2,False
ACC-003340,CO-0090389,SMB,11-50,Education,EMEA,self_serve,2025-07-21,21.4,False
ACC-003341,CO-0017905,SMB,1-10,Retail/E-commerce,EMEA,self_serve,2025-07-27,8.0,True
ACC-003342,CO-0081139,SMB,11-50,Professional Services,APAC,inbound_marketing,2025-07-24,22.2,False
ACC-003343,CO-0065646,SMB,11-50,Financial Services,North America,self_serve,2025-05-11,39.7,False
ACC-003344,CO-0032552,SMB,1-10,Professional Services,EMEA,self_serve,2020-05-07,28.5,False
ACC-003345,CO-0054350,SMB,11-50,Public Sector,LATAM,inbound_marketing,2024-04-16,21.6,False
ACC-003346,CO-0044476,SMB,1-10,Technology/SaaS,APAC,self_serve,2023-02-24,20.6,True
ACC-003347,CO-0101809,SMB,51-200,Retail/E-commerce,EMEA,self_serve,2025-09-04,27.2,False
ACC-003348,CO-0109566,SMB,1-10,Public Sector,North America,self_serve,2025-01-01,33.5,False
ACC-003349,CO-0090319,SMB,11-50,Professional Services,APAC,self_serve,2023-02-05,22.1,False
ACC-003350,CO-0046839,SMB,51-200,Education,North America,self_serve,2024-11-25,32.9,False
ACC-003351,CO-0018518,SMB,51-200,Education,EMEA,self_serve,2025-09-01,31.2,False
ACC-003352,CO-0064706,SMB,11-50,Logistics/Supply Chain,EMEA,self_serve,2023-05-26,35.2,False
ACC-003353,CO-0078980,SMB,1-10,Education,North America,self_serve,2021-05-06,12.9,True
ACC-003354,CO-0047985,Commercial,11-50,Healthcare,North America,self_serve,2025-01-27,22.8,False
ACC-003355,CO-0038723,SMB,1-10,Financial Services,North America,self_serve,2021-09-19,31.5,False
ACC-003356,CO-0069242,SMB,11-50,Healthcare,North America,self_serve,2025-10-09,29.9,False
ACC-003357,CO-0021045,SMB,1-10,Technology/SaaS,North America,inbound_marketing,2025-01-18,38.9,False
ACC-003358,CO-0031255,SMB,1-10,Media/Entertainment,North America,self_serve,2025-05-12,21.1,True
ACC-003359,CO-0024727,SMB,11-50,Healthcare,North America,self_serve,2022-02-18,34.0,False
ACC-003360,CO-0015314,SMB,1-10,Financial Services,EMEA,self_serve,2023-06-08,33.4,False
ACC-003361,CO-0116439,SMB,11-50,Healthcare,EMEA,self_serve,2024-02-12,29.8,False
ACC-003362,CO-0064161,SMB,51-200,Logistics/Supply Chain,North America,inbound_marketing,2025-10-04,32.7,False
ACC-003363,CO-0030729,Commercial,1-10,Healthcare,APAC,self_serve,2020-08-21,19.8,True
ACC-003364,CO-0006458,SMB,51-200,Retail/E-commerce,EMEA,inbound_marketing,2023-01-06,35.8,False
ACC-003365,CO-0101263,Commercial,51-200,Professional Services,North America,self_serve,2023-02-03,27.8,False
ACC-003366,CO-0058568,SMB,1-10,Technology/SaaS,APAC,inbound_marketing,2020-12-28,34.8,False
ACC-003367,CO-0103734,SMB,1-10,Logistics/Supply Chain,APAC,self_serve,2024-02-10,16.5,False
ACC-003368,CO-0079602,SMB,51-200,Retail/E-commerce,EMEA,self_serve,2025-07-20,25.9,False
ACC-003369,CO-0120009,SMB,1-10,Education,North America,self_serve,2025-07-12,33.6,True
ACC-003370,CO-0120891,SMB,1-10,Retail/E-commerce,North America,self_serve,2024-12-02,19.3,False
ACC-003371,CO-0023358,Commercial,1-10,Technology/SaaS,EMEA,self_serve,2024-11-27,17.8,False
ACC-003372,CO-0117417,Commercial,11-50,Retail/E-commerce,North America,self_serve,2020-03-27,28.6,False
ACC-003373,CO-0011050,SMB,11-50,Media/Entertainment,EMEA,self_serve,2023-11-28,16.5,False
ACC-003374,CO-0080064,SMB,11-50,Financial Services,North America,self_serve,2025-11-06,20.3,False
ACC-003375,CO-0053720,SMB,1-10,Logistics/Supply Chain,North America,self_serve,2024-11-15,20.2,False
ACC-003376,CO-0015288,SMB,51-200,Professional Services,APAC,self_serve,2025-12-22,31.1,False
ACC-003377,CO-0121306,SMB,1-10,Professional Services,North America,self_serve,2020-05-28,31.8,False
ACC-003378,CO-0056716,SMB,201-1000,Healthcare,LATAM,self_serve,2023-12-24,37.6,False
ACC-003379,CO-0086440,Commercial,51-200,Retail/E-commerce,North America,self_serve,2023-10-02,30.7,False
ACC-003380,CO-0105121,SMB,1-10,Education,EMEA,inbound_marketing,2023-11-25,0.6,True
ACC-003381,CO-0000635,SMB,1-10,Financial Services,APAC,self_serve,2024-12-28,30.1,False
ACC-003382,CO-0029147,SMB,1-10,Financial Services,North America,inbound_marketing,2025-07-01,28.5,False
ACC-003383,CO-0036170,SMB,11-50,Logistics/Supply Chain,North America,self_serve,2021-09-18,22.3,False
ACC-003384,CO-0095200,SMB,1-10,Manufacturing,EMEA,self_serve,2024-12-17,25.8,False
ACC-003385,CO-0073590,SMB,11-50,Financial Services,EMEA,inbound_marketing,2020-12-27,28.5,False
ACC-003386,CO-0083735,SMB,11-50,Public Sector,North America,self_serve,2024-12-09,39.1,False
ACC-003387,CO-0077707,SMB,11-50,Retail/E-commerce,North America,self_serve,2024-12-27,30.1,False
ACC-003388,CO-0111275,SMB,11-50,Public Sector,North America,inbound_marketing,2024-04-24,25.9,False
ACC-003389,CO-0044916,SMB,11-50,Manufacturing,North America,self_serve,2022-04-14,35.0,False
ACC-003390,CO-0037491,SMB,1-10,Media/Entertainment,North America,self_serve,2025-04-25,8.5,False
ACC-003391,CO-0064055,SMB,1-10,Financial Services,North America,inbound_marketing,2025-05-11,32.8,False
ACC-003392,CO-0061648,SMB,11-50,Healthcare,North America,self_serve,2025-11-09,28.0,False
ACC-003393,CO-0023704,SMB,51-200,Healthcare,North America,self_serve,2024-06-24,37.9,False
ACC-003394,CO-0062850,Commercial,1-10,Logistics/Supply Chain,North America,self_serve,2023-07-16,28.8,False
ACC-003395,CO-0066591,SMB,11-50,Healthcare,EMEA,self_serve,2021-05-01,35.2,False
ACC-003396,CO-0051793,SMB,51-200,Manufacturing,LATAM,self_serve,2024-08-22,28.0,False
ACC-003397,CO-0051234,SMB,1-10,Professional Services,North America,self_serve,2025-12-22,24.3,False
ACC-003398,CO-0071493,SMB,11-50,Professional Services,APAC,inbound_marketing,2025-05-10,18.6,False
ACC-003399,CO-0101349,SMB,1-10,Technology/SaaS,LATAM,self_serve,2024-05-26,20.9,False
ACC-003400,CO-0093830,SMB,1-10,Technology/SaaS,APAC,self_serve,2020-04-30,33.1,True
ACC-003401,CO-0097250,SMB,51-200,Education,North America,inbound_marketing,2024-10-12,28.8,False
ACC-003402,CO-0092954,SMB,51-200,Media/Entertainment,APAC,inbound_marketing,2025-04-27,31.9,False
ACC-003403,CO-0073793,SMB,11-50,Retail/E-commerce,North America,inbound_marketing,2021-10-30,30.3,False
ACC-003404,CO-0100037,SMB,51-200,Retail/E-commerce,EMEA,inbound_marketing,2023-05-08,28.8,False
ACC-003405,CO-0050382,Commercial,1-10,Retail/E-commerce,EMEA,self_serve,2025-02-16,19.0,False
ACC-003406,CO-0078714,SMB,1-10,Healthcare,North America,self_serve,2025-10-12,18.0,False
ACC-003407,CO-0045368,SMB,1-10,Professional Services,North America,inbound_marketing,2025-08-26,29.5,False
ACC-003408,CO-0089729,SMB,51-200,Professional Services,APAC,self_serve,2023-11-21,30.4,False
ACC-003409,CO-0043822,SMB,1-10,Manufacturing,North America,inbound_marketing,2023-05-22,24.4,False
ACC-003410,CO-0009571,Commercial,51-200,Professional Services,APAC,self_serve,2024-07-21,36.3,False
ACC-003411,CO-0004545,SMB,11-50,Healthcare,North America,self_serve,2025-10-07,30.1,False
ACC-003412,CO-0083673,SMB,11-50,Manufacturing,North America,self_serve,2023-03-19,36.9,False
ACC-003413,CO-0115605,SMB,11-50,Logistics/Supply Chain,North America,self_serve,2025-02-25,28.6,False
ACC-003414,CO-0070727,SMB,11-50,Professional Services,APAC,self_serve,2020-09-15,33.3,False
ACC-003415,CO-0055354,SMB,1-10,Public Sector,APAC,self_serve,2021-02-19,27.5,False
ACC-003416,CO-0067500,SMB,11-50,Healthcare,APAC,self_serve,2025-11-26,35.3,False
ACC-003417,CO-0120582,SMB,1-10,Professional Services,North America,self_serve,2025-02-01,20.7,False
ACC-003418,CO-0099586,SMB,1-10,Financial Services,EMEA,self_serve,2023-05-26,27.2,False
ACC-003419,CO-0047477,SMB,11-50,Retail/E-commerce,North America,self_serve,2020-06-10,19.0,False
ACC-003420,CO-0105753,SMB,11-50,Financial Services,APAC,inbound_marketing,2024-02-06,30.1,False
ACC-003421,CO-0006886,SMB,11-50,Education,North America,self_serve,2022-03-10,27.9,False
ACC-003422,CO-0073667,SMB,1-10,Logistics/Supply Chain,EMEA,inbound_marketing,2023-06-18,21.3,False
ACC-003423,CO-0073519,SMB,11-50,Education,North America,self_serve,2023-03-27,5.5,False
ACC-003424,CO-0048362,Enterprise,11-50,Professional Services,EMEA,self_serve,2024-05-26,23.1,False
ACC-003425,CO-0093827,SMB,11-50,Healthcare,LATAM,self_serve,2020-02-12,22.9,False
ACC-003426,CO-0093495,SMB,11-50,Healthcare,North America,self_serve,2023-05-01,23.5,False
ACC-003427,CO-0042145,Commercial,11-50,Retail/E-commerce,North America,self_serve,2022-01-17,19.8,False
ACC-003428,CO-0034801,Commercial,1-10,Healthcare,North America,self_serve,2020-03-20,24.2,False
ACC-003429,CO-0014503,SMB,11-50,Financial Services,North America,self_serve,2025-08-19,32.1,False
ACC-003430,CO-0060906,SMB,1-10,Technology/SaaS,North America,self_serve,2023-11-28,28.6,False
ACC-003431,CO-0030186,SMB,1-10,Technology/SaaS,APAC,self_serve,2025-01-07,20.4,False
ACC-003432,CO-0066644,SMB,1-10,Healthcare,North America,self_serve,2025-09-22,25.7,False
ACC-003433,CO-0017309,SMB,1-10,Logistics/Supply Chain,EMEA,self_serve,2021-10-18,22.2,False
ACC-003434,CO-0081674,Commercial,201-1000,Retail/E-commerce,APAC,inbound_marketing,2025-04-09,39.3,False
ACC-003435,CO-0107947,SMB,11-50,Education,North America,self_serve,2025-03-07,16.7,False
ACC-003436,CO-0027772,SMB,1-10,Manufacturing,North America,self_serve,2021-03-13,26.5,True
ACC-003437,CO-0073415,SMB,11-50,Retail/E-commerce,APAC,inbound_marketing,2025-09-20,28.7,False
ACC-003438,CO-0059981,SMB,1-10,Technology/SaaS,EMEA,self_serve,2023-03-02,20.1,False
ACC-003439,CO-0097803,SMB,1-10,Logistics/Supply Chain,North America,self_serve,2023-05-16,36.3,True
ACC-003440,CO-0115951,SMB,1-10,Professional Services,EMEA,self_serve,2024-10-02,18.2,False
ACC-003441,CO-0105313,SMB,1-10,Technology/SaaS,North America,self_serve,2023-03-03,27.8,False
ACC-003442,CO-0119288,SMB,1-10,Media/Entertainment,North America,self_serve,2020-04-12,23.3,False
ACC-003443,CO-0009835,SMB,11-50,Financial Services,EMEA,inbound_marketing,2024-02-17,36.8,False
ACC-003444,CO-0016032,SMB,11-50,Professional Services,North America,self_serve,2020-08-18,24.1,False
ACC-003445,CO-0108813,SMB,51-200,Financial Services,North America,self_serve,2024-06-16,39.5,False
ACC-003446,CO-0058028,SMB,51-200,Manufacturing,LATAM,self_serve,2023-08-13,38.3,False
ACC-003447,CO-0034667,SMB,1-10,Retail/E-commerce,APAC,inbound_marketing,2025-12-27,21.9,False
ACC-003448,CO-0060166,SMB,1-10,Manufacturing,EMEA,self_serve,2025-08-21,29.3,False
ACC-003449,CO-0093209,SMB,11-50,Technology/SaaS,APAC,self_serve,2024-06-11,26.3,False
ACC-003450,CO-0060483,SMB,11-50,Media/Entertainment,APAC,self_serve,2025-03-13,36.6,False
ACC-003451,CO-0090866,SMB,1-10,Public Sector,North America,self_serve,2022-11-20,36.4,False
ACC-003452,CO-0084434,SMB,51-200,Healthcare,EMEA,self_serve,2025-09-03,37.5,False
ACC-003453,CO-0019954,SMB,1-10,Technology/SaaS,North America,self_serve,2023-08-16,24.7,True
ACC-003454,CO-0020454,SMB,11-50,Healthcare,APAC,self_serve,2020-10-19,28.1,False
ACC-003455,CO-0037987,SMB,11-50,Education,APAC,self_serve,2020-09-11,20.3,False
ACC-003456,CO-0099446,SMB,1-10,Manufacturing,North America,self_serve,2025-08-03,25.8,False
ACC-003457,CO-0021718,SMB,1-10,Professional Services,North America,self_serve,2020-03-05,21.1,False
ACC-003458,CO-0068471,SMB,11-50,Technology/SaaS,North America,self_serve,2025-12-13,24.2,False
ACC-003459,CO-0122364,SMB,1-10,Manufacturing,North America,self_serve,2023-01-27,27.8,False
ACC-003460,CO-0089572,SMB,51-200,Professional Services,North America,self_serve,2024-09-18,37.7,False
ACC-003461,CO-0067550,SMB,51-200,Manufacturing,EMEA,self_serve,2024-05-06,36.5,False
ACC-003462,CO-0083307,SMB,1-10,Manufacturing,APAC,self_serve,2024-06-07,21.5,True
ACC-003463,CO-0043167,SMB,51-200,Professional Services,North America,self_serve,2022-12-12,29.0,False
ACC-003464,CO-0019410,SMB,1-10,Manufacturing,APAC,self_serve,2024-11-01,30.6,False
ACC-003465,CO-0005881,SMB,51-200,Technology/SaaS,APAC,self_serve,2023-07-18,36.6,False
ACC-003466,CO-0005946,SMB,1-10,Professional Services,EMEA,self_serve,2023-01-21,13.4,False
ACC-003467,CO-0024115,SMB,1-10,Manufacturing,APAC,self_serve,2025-01-23,19.6,True
ACC-003468,CO-0096799,SMB,51-200,Professional Services,North America,self_serve,2024-07-09,38.8,False
ACC-003469,CO-0045021,SMB,1-10,Education,North America,self_serve,2025-03-04,17.5,False
ACC-003470,CO-0081792,SMB,1-10,Technology/SaaS,North America,self_serve,2025-03-20,21.4,False
ACC-003471,CO-0063738,SMB,1-10,Public Sector,North America,inbound_marketing,2023-10-20,38.1,False
ACC-003472,CO-0078544,SMB,1-10,Retail/E-commerce,APAC,self_serve,2023-10-05,21.3,False
ACC-003473,CO-0088887,SMB,51-200,Professional Services,APAC,self_serve,2021-03-17,27.4,False
ACC-003474,CO-0076876,SMB,11-50,Manufacturing,EMEA,self_serve,2020-01-15,32.5,False
ACC-003475,CO-0083143,SMB,1-10,Manufacturing,North America,inbound_marketing,2024-04-01,32.2,True
ACC-003476,CO-0072689,SMB,1-10,Retail/E-commerce,North America,self_serve,2025-03-24,36.4,False
ACC-003477,CO-0060078,SMB,1-10,Financial Services,EMEA,self_serve,2025-03-06,25.0,False
ACC-003478,CO-0090749,SMB,201-1000,Retail/E-commerce,North America,self_serve,2024-04-25,39.1,False
ACC-003479,CO-0076633,SMB,11-50,Logistics/Supply Chain,EMEA,self_serve,2023-11-17,34.4,False
ACC-003480,CO-0017345,SMB,1-10,Technology/SaaS,North America,self_serve,2022-05-26,23.2,False
ACC-003481,CO-0007924,SMB,51-200,Technology/SaaS,EMEA,self_serve,2025-11-16,29.5,False
ACC-003482,CO-0056337,SMB,1-10,Manufacturing,North America,self_serve,2024-11-07,18.5,False
ACC-003483,CO-0068897,SMB,51-200,Technology/SaaS,EMEA,inbound_marketing,2025-10-08,39.1,False
ACC-003484,CO-0050576,SMB,11-50,Retail/E-commerce,North America,self_serve,2025-10-17,36.4,False
ACC-003485,CO-0054740,SMB,11-50,Healthcare,North America,inbound_marketing,2023-06-26,39.6,False
ACC-003486,CO-0089094,SMB,11-50,Retail/E-commerce,North America,self_serve,2023-12-26,20.4,False
ACC-003487,CO-0034836,SMB,11-50,Public Sector,EMEA,self_serve,2024-06-25,25.9,False
ACC-003488,CO-0063524,SMB,51-200,Retail/E-commerce,LATAM,self_serve,2025-02-17,35.7,False
ACC-003489,CO-0079512,SMB,1-10,Financial Services,North America,self_serve,2022-07-06,36.9,True
ACC-003490,CO-0008639,Enterprise,11-50,Media/Entertainment,North America,self_serve,2023-11-21,24.8,False
ACC-003491,CO-0063497,Commercial,1-10,Public Sector,North America,self_serve,2020-08-27,35.1,False
ACC-003492,CO-0022350,SMB,1-10,Manufacturing,North America,inbound_marketing,2024-07-22,24.4,False
ACC-003493,CO-0116577,SMB,51-200,Professional Services,North America,inbound_marketing,2025-04-03,34.1,False
ACC-003494,CO-0000522,SMB,1-10,Retail/E-commerce,EMEA,self_serve,2023-04-24,25.6,False
ACC-003495,CO-0013663,SMB,1-10,Logistics/Supply Chain,APAC,self_serve,2023-10-21,22.3,True
ACC-003496,CO-0034899,Commercial,11-50,Manufacturing,APAC,self_serve,2024-04-15,18.8,False
ACC-003497,CO-0096411,SMB,1-10,Technology/SaaS,APAC,inbound_marketing,2020-01-02,21.0,False
ACC-003498,CO-0021386,SMB,11-50,Professional Services,North America,self_serve,2023-12-27,37.0,False
ACC-003499,CO-0004288,Enterprise,11-50,Professional Services,North America,self_serve,2023-01-09,25.6,False
ACC-003500,CO-0008309,SMB,1-10,Financial Services,North America,self_serve,2023-09-08,26.3,False
ACC-003501,CO-0030310,SMB,1-10,Healthcare,EMEA,inbound_marketing,2020-01-21,25.3,False
ACC-003502,CO-0079526,SMB,1-10,Retail/E-commerce,EMEA,inbound_marketing,2024-05-21,33.3,False
ACC-003503,CO-0103799,SMB,1-10,Healthcare,EMEA,self_serve,2022-06-06,33.8,False
ACC-003504,CO-0061007,SMB,1-10,Professional Services,North America,self_serve,2025-07-09,21.7,False
ACC-003505,CO-0059801,SMB,51-200,Retail/E-commerce,EMEA,self_serve,2025-06-16,30.3,False
ACC-003506,CO-0046683,SMB,1-10,Public Sector,EMEA,inbound_marketing,2023-05-10,17.3,False
ACC-003507,CO-0097806,SMB,1-10,Media/Entertainment,North America,self_serve,2022-05-11,25.3,False
ACC-003508,CO-0036208,SMB,51-200,Healthcare,EMEA,self_serve,2024-02-18,33.8,False
ACC-003509,CO-0012577,SMB,1-10,Technology/SaaS,APAC,self_serve,2024-05-02,31.0,False
ACC-003510,CO-0024862,SMB,1-10,Professional Services,APAC,self_serve,2025-01-01,11.0,False
ACC-003511,CO-0076789,SMB,1-10,Technology/SaaS,APAC,self_serve,2025-07-17,16.8,False
ACC-003512,CO-0014623,SMB,11-50,Technology/SaaS,LATAM,self_serve,2024-02-04,27.7,False
ACC-003513,CO-0028777,SMB,11-50,Professional Services,North America,self_serve,2023-07-22,19.7,False
ACC-003514,CO-0044872,SMB,11-50,Healthcare,North America,self_serve,2025-06-26,25.4,False
ACC-003515,CO-0008723,Commercial,1-10,Professional Services,North America,self_serve,2023-12-21,14.7,True
ACC-003516,CO-0098285,Commercial,1-10,Technology/SaaS,EMEA,self_serve,2023-11-21,30.4,True
ACC-003517,CO-0063972,Commercial,11-50,Financial Services,North America,self_serve,2024-08-23,36.0,False
ACC-003518,CO-0069490,SMB,11-50,Financial Services,North America,inbound_marketing,2024-03-13,38.3,False
ACC-003519,CO-0103207,SMB,11-50,Manufacturing,EMEA,self_serve,2024-10-06,27.6,False
ACC-003520,CO-0042720,SMB,1-10,Professional Services,North America,self_serve,2023-12-03,17.9,True
ACC-003521,CO-0114434,SMB,1-10,Public Sector,North America,self_serve,2024-09-01,30.5,False
ACC-003522,CO-0029022,SMB,11-50,Education,North America,self_serve,2025-04-24,28.1,False
ACC-003523,CO-0063660,SMB,11-50,Technology/SaaS,North America,self_serve,2025-11-08,39.4,False
ACC-003524,CO-0093560,Commercial,11-50,Public Sector,North America,self_serve,2025-05-11,34.8,False
ACC-003525,CO-0007833,SMB,1-10,Healthcare,EMEA,inbound_marketing,2025-09-23,21.7,False
ACC-003526,CO-0065207,SMB,11-50,Retail/E-commerce,North America,self_serve,2025-09-22,16.1,False
ACC-003527,CO-0118965,SMB,1-10,Healthcare,North America,inbound_marketing,2024-05-11,28.7,False
ACC-003528,CO-0060522,SMB,1-10,Education,EMEA,self_serve,2021-02-27,23.9,False
ACC-003529,CO-0058260,SMB,11-50,Logistics/Supply Chain,North America,self_serve,2023-05-07,26.4,False
ACC-003530,CO-0047191,SMB,51-200,Healthcare,LATAM,self_serve,2025-04-13,31.4,False
ACC-003531,CO-0072662,SMB,11-50,Public Sector,North America,self_serve,2024-12-03,26.8,False
ACC-003532,CO-0048527,SMB,1-10,Retail/E-commerce,North America,self_serve,2025-05-08,8.1,True
ACC-003533,CO-0029769,SMB,11-50,Financial Services,North America,self_serve,2023-06-18,36.1,False
ACC-003534,CO-0062921,SMB,1-10,Technology/SaaS,North America,self_serve,2025-12-13,36.9,False
ACC-003535,CO-0008529,SMB,1-10,Technology/SaaS,EMEA,self_serve,2024-05-14,20.3,False
ACC-003536,CO-0101159,Commercial,1-10,Professional Services,North America,self_serve,2024-11-03,12.1,False
ACC-003537,CO-0117191,SMB,11-50,Retail/E-commerce,EMEA,inbound_marketing,2024-11-02,30.4,False
ACC-003538,CO-0053491,SMB,1-10,Professional Services,North America,self_serve,2024-05-04,12.3,False
ACC-003539,CO-0077136,SMB,1-10,Technology/SaaS,North America,self_serve,2024-09-12,27.7,False
ACC-003540,CO-0089286,SMB,1-10,Healthcare,North America,self_serve,2021-11-06,29.7,False
ACC-003541,CO-0116499,SMB,11-50,Retail/E-commerce,APAC,self_serve,2025-07-19,36.0,False
ACC-003542,CO-0051772,SMB,1-10,Public Sector,North America,inbound_marketing,2025-04-27,15.8,False
ACC-003543,CO-0101555,SMB,1-10,Technology/SaaS,North America,inbound_marketing,2023-10-01,30.2,False
ACC-003544,CO-0005129,SMB,11-50,Retail/E-commerce,EMEA,self_serve,2025-07-14,32.0,False
ACC-003545,CO-0082886,SMB,11-50,Healthcare,North America,self_serve,2025-03-19,36.8,False
ACC-003546,CO-0100555,Enterprise,1-10,Media/Entertainment,North America,self_serve,2023-09-05,14.9,True
ACC-003547,CO-0065735,SMB,1-10,Education,EMEA,inbound_marketing,2023-11-14,12.8,False
ACC-003548,CO-0108425,SMB,1-10,Healthcare,North America,self_serve,2025-09-15,20.3,True
ACC-003549,CO-0056561,SMB,11-50,Media/Entertainment,EMEA,self_serve,2025-02-26,19.4,False
ACC-003550,CO-0048157,SMB,1-10,Retail/E-commerce,APAC,inbound_marketing,2025-12-05,20.1,False
ACC-003551,CO-0122325,SMB,51-200,Manufacturing,EMEA,self_serve,2025-12-18,35.8,False
ACC-003552,CO-0006546,Enterprise,1-10,Healthcare,North America,self_serve,2022-09-02,33.6,True
ACC-003553,CO-0082048,SMB,1-10,Technology/SaaS,North America,self_serve,2020-11-25,28.3,False
ACC-003554,CO-0026739,Commercial,11-50,Technology/SaaS,North America,inbound_marketing,2025-06-08,21.7,False
ACC-003555,CO-0000748,SMB,51-200,Professional Services,North America,self_serve,2023-08-01,31.8,False
ACC-003556,CO-0106373,SMB,11-50,Retail/E-commerce,EMEA,inbound_marketing,2023-10-03,22.0,False
ACC-003557,CO-0021880,SMB,1-10,Manufacturing,North America,self_serve,2021-10-26,34.6,False
ACC-003558,CO-0000426,SMB,1-10,Technology/SaaS,North America,inbound_marketing,2022-03-12,13.4,True
ACC-003559,CO-0026728,SMB,11-50,Professional Services,APAC,self_serve,2025-09-04,22.7,False
ACC-003560,CO-0098212,SMB,11-50,Media/Entertainment,EMEA,inbound_marketing,2025-02-21,31.0,False
ACC-003561,CO-0111176,SMB,1-10,Healthcare,EMEA,inbound_marketing,2023-12-28,22.3,False
ACC-003562,CO-0120263,SMB,11-50,Manufacturing,North America,self_serve,2024-12-04,29.4,False
ACC-003563,CO-0105676,SMB,1-10,Logistics/Supply Chain,APAC,self_serve,2025-03-23,15.5,True
ACC-003564,CO-0028715,SMB,1-10,Technology/SaaS,North America,self_serve,2025-10-09,30.9,True
ACC-003565,CO-0053856,SMB,1-10,Technology/SaaS,North America,self_serve,2020-12-22,25.2,False
ACC-003566,CO-0069428,SMB,11-50,Professional Services,North America,self_serve,2025-05-14,33.7,False
ACC-003567,CO-0061785,SMB,11-50,Logistics/Supply Chain,EMEA,self_serve,2025-06-14,17.2,False
ACC-003568,CO-0039236,SMB,1-10,Technology/SaaS,North America,inbound_marketing,2025-08-01,36.9,False
ACC-003569,CO-0104796,SMB,51-200,Healthcare,EMEA,self_serve,2025-03-01,31.2,False
ACC-003570,CO-0069025,SMB,1-10,Retail/E-commerce,APAC,inbound_marketing,2024-09-14,14.2,False
ACC-003571,CO-0067013,SMB,11-50,Technology/SaaS,APAC,self_serve,2025-11-13,37.5,False
ACC-003572,CO-0117386,SMB,1-10,Healthcare,North America,self_serve,2023-06-19,25.9,False
ACC-003573,CO-0119469,SMB,11-50,Healthcare,APAC,self_serve,2025-11-15,27.8,False
ACC-003574,CO-0116176,SMB,1-10,Healthcare,North America,inbound_marketing,2025-12-01,11.8,False
ACC-003575,CO-0120797,SMB,1-10,Technology/SaaS,North America,self_serve,2024-10-09,27.8,False
ACC-003576,CO-0053759,SMB,1-10,Logistics/Supply Chain,North America,inbound_marketing,2021-05-25,24.1,False
ACC-003577,CO-0042849,SMB,1-10,Public Sector,North America,self_serve,2022-05-11,22.8,False
ACC-003578,CO-0031836,SMB,51-200,Media/Entertainment,LATAM,self_serve,2024-11-19,29.1,False
ACC-003579,CO-0121298,SMB,1-10,Technology/SaaS,North America,self_serve,2024-08-25,27.8,False
ACC-003580,CO-0070209,SMB,1-10,Technology/SaaS,North America,self_serve,2024-12-04,26.9,False
ACC-003581,CO-0007987,SMB,11-50,Media/Entertainment,North America,self_serve,2024-11-04,21.9,False
ACC-003582,CO-0102230,SMB,1-10,Logistics/Supply Chain,APAC,self_serve,2022-08-17,18.6,True
ACC-003583,CO-0026188,SMB,51-200,Logistics/Supply Chain,EMEA,self_serve,2024-11-09,27.9,False
ACC-003584,CO-0076096,SMB,11-50,Education,EMEA,self_serve,2024-07-06,17.7,False
ACC-003585,CO-0019752,SMB,11-50,Retail/E-commerce,North America,self_serve,2025-04-16,21.6,False
ACC-003586,CO-0110533,SMB,1-10,Healthcare,North America,self_serve,2025-10-08,18.1,False
ACC-003587,CO-0114003,SMB,11-50,Logistics/Supply Chain,North America,self_serve,2025-06-01,34.5,False
ACC-003588,CO-0062681,Commercial,201-1000,Retail/E-commerce,APAC,self_serve,2024-12-18,39.2,False
ACC-003589,CO-0086137,SMB,1-10,Healthcare,North America,inbound_marketing,2022-02-07,30.3,False
ACC-003590,CO-0104372,SMB,1-10,Manufacturing,North America,self_serve,2020-01-28,24.9,False
ACC-003591,CO-0017785,SMB,1-10,Healthcare,North America,self_serve,2024-05-06,22.1,False
ACC-003592,CO-0024549,SMB,1-10,Media/Entertainment,North America,self_serve,2024-11-14,22.6,False
ACC-003593,CO-0052617,SMB,11-50,Retail/E-commerce,North America,self_serve,2025-07-13,28.5,False
ACC-003594,CO-0097640,SMB,11-50,Healthcare,North America,self_serve,2025-10-23,24.3,False
ACC-003595,CO-0116165,Commercial,1-10,Logistics/Supply Chain,North America,self_serve,2023-08-15,30.8,False
ACC-003596,CO-0033768,SMB,51-200,Media/Entertainment,North America,inbound_marketing,2024-10-09,35.3,False
ACC-003597,CO-0069997,SMB,1-10,Retail/E-commerce,EMEA,self_serve,2025-01-05,10.6,False
ACC-003598,CO-0070839,SMB,1-10,Technology/SaaS,North America,self_serve,2023-03-18,27.8,False
ACC-003599,CO-0009288,SMB,1-10,Professional Services,North America,inbound_marketing,2025-06-03,19.4,False
ACC-003600,CO-0083285,SMB,1-10,Logistics/Supply Chain,APAC,self_serve,2020-09-06,27.0,False
ACC-003601,CO-0080510,SMB,11-50,Public Sector,North America,inbound_marketing,2022-02-26,28.9,False
ACC-003602,CO-0108524,SMB,51-200,Professional Services,North America,self_serve,2020-02-06,31.7,False
ACC-003603,CO-0005655,SMB,51-200,Professional Services,North America,self_serve,2025-05-08,33.2,False
ACC-003604,CO-0019692,SMB,1-10,Retail/E-commerce,North America,self_serve,2025-04-22,26.0,False
ACC-003605,CO-0122948,SMB,1-10,Healthcare,North America,self_serve,2025-12-03,27.2,False
ACC-003606,CO-0009116,SMB,11-50,Manufacturing,North America,self_serve,2024-06-04,34.4,False
ACC-003607,CO-0092606,SMB,51-200,Healthcare,EMEA,self_serve,2023-11-15,33.6,False
ACC-003608,CO-0056156,SMB,11-50,Public Sector,North America,self_serve,2021-01-10,24.2,False
ACC-003609,CO-0056175,SMB,11-50,Logistics/Supply Chain,North America,self_serve,2023-12-16,15.7,False
ACC-003610,CO-0113401,SMB,1-10,Professional Services,North America,self_serve,2024-06-24,10.8,False
ACC-003611,CO-0075077,SMB,11-50,Manufacturing,North America,self_serve,2024-01-20,29.1,False
ACC-003612,CO-0014974,SMB,51-200,Professional Services,North America,inbound_marketing,2021-02-07,35.7,False
ACC-003613,CO-0091330,SMB,11-50,Logistics/Supply Chain,North America,inbound_marketing,2023-08-10,17.1,False
ACC-003614,CO-0038078,SMB,1-10,Professional Services,EMEA,self_serve,2023-10-14,9.8,False
ACC-003615,CO-0020109,SMB,11-50,Financial Services,EMEA,self_serve,2025-08-06,27.2,False
ACC-003616,CO-0003847,SMB,51-200,Healthcare,North America,inbound_marketing,2024-05-24,35.8,False
ACC-003617,CO-0093345,SMB,11-50,Retail/E-commerce,North America,self_serve,2025-02-17,25.5,False
ACC-003618,CO-0060311,SMB,11-50,Public Sector,North America,self_serve,2023-12-13,32.2,False
ACC-003619,CO-0085217,SMB,1-10,Logistics/Supply Chain,EMEA,self_serve,2021-03-07,24.7,False
ACC-003620,CO-0063990,SMB,1-10,Financial Services,EMEA,inbound_marketing,2024-02-28,27.5,False
ACC-003621,CO-0060469,Commercial,1-10,Logistics/Supply Chain,North America,inbound_marketing,2024-05-02,23.0,False
ACC-003622,CO-0055741,SMB,11-50,Education,APAC,inbound_marketing,2023-12-02,11.3,False
ACC-003623,CO-0055723,SMB,1-10,Healthcare,EMEA,self_serve,2025-01-03,30.6,True
ACC-003624,CO-0031147,SMB,1-10,Manufacturing,North America,self_serve,2025-12-22,25.9,False
ACC-003625,CO-0110302,SMB,11-50,Manufacturing,LATAM,inbound_marketing,2025-07-19,26.0,False
ACC-003626,CO-0001339,SMB,51-200,Retail/E-commerce,APAC,inbound_marketing,2020-06-30,36.0,False
ACC-003627,CO-0112175,SMB,1-10,Education,North America,self_serve,2023-07-02,23.4,False
ACC-003628,CO-0042678,SMB,201-1000,Education,North America,self_serve,2023-06-02,30.6,False
ACC-003629,CO-0009549,SMB,11-50,Manufacturing,APAC,self_serve,2025-02-18,18.8,False
ACC-003630,CO-0069270,SMB,11-50,Technology/SaaS,North America,self_serve,2024-08-27,39.5,False
ACC-003631,CO-0068513,SMB,1-10,Healthcare,North America,self_serve,2020-05-27,34.1,False
ACC-003632,CO-0021650,SMB,1-10,Education,North America,inbound_marketing,2021-03-06,11.0,False
ACC-003633,CO-0039042,SMB,11-50,Manufacturing,APAC,inbound_marketing,2024-11-24,24.4,False
ACC-003634,CO-0040521,SMB,51-200,Logistics/Supply Chain,North America,self_serve,2024-03-08,29.9,False
ACC-003635,CO-0113203,SMB,1-10,Healthcare,North America,inbound_marketing,2023-09-22,25.6,False
ACC-003636,CO-0110474,SMB,51-200,Education,EMEA,self_serve,2025-01-22,20.5,False
ACC-003637,CO-0028290,SMB,1-10,Technology/SaaS,North America,inbound_marketing,2023-08-09,24.6,False
ACC-003638,CO-0097773,SMB,1-10,Logistics/Supply Chain,North America,self_serve,2024-01-07,26.2,False
ACC-003639,CO-0119182,SMB,1-10,Professional Services,North America,self_serve,2025-11-16,16.3,False
ACC-003640,CO-0076126,SMB,11-50,Media/Entertainment,North America,self_serve,2021-01-22,22.0,False
ACC-003641,CO-0113827,SMB,1-10,Professional Services,North America,self_serve,2022-06-14,22.8,False
ACC-003642,CO-0108951,SMB,1-10,Media/Entertainment,North America,inbound_marketing,2025-04-18,12.9,False
ACC-003643,CO-0061518,SMB,51-200,Retail/E-commerce,APAC,self_serve,2022-08-09,33.3,False
ACC-003644,CO-0054502,SMB,11-50,Technology/SaaS,North America,self_serve,2023-02-02,37.2,False
ACC-003645,CO-0075456,SMB,201-1000,Retail/E-commerce,North America,inbound_marketing,2024-05-04,38.1,False
ACC-003646,CO-0009153,SMB,1-10,Education,EMEA,self_serve,2023-08-19,6.6,False
ACC-003647,CO-0121954,Commercial,1-10,Public Sector,North America,inbound_marketing,2025-07-15,28.3,True
ACC-003648,CO-0002571,SMB,1-10,Professional Services,North America,self_serve,2024-08-12,28.3,False
ACC-003649,CO-0025976,SMB,1-10,Manufacturing,APAC,self_serve,2024-11-15,31.0,False
ACC-003650,CO-0019031,SMB,11-50,Retail/E-commerce,North America,self_serve,2023-08-28,33.4,False
ACC-003651,CO-0055139,SMB,1-10,Manufacturing,North America,self_serve,2023-12-19,19.6,False
ACC-003652,CO-0024388,SMB,11-50,Professional Services,North America,self_serve,2023-10-12,20.0,False
ACC-003653,CO-0101538,SMB,11-50,Manufacturing,North America,inbound_marketing,2025-05-16,34.1,False
ACC-003654,CO-0052553,SMB,1-10,Healthcare,North America,self_serve,2025-06-16,19.9,False
ACC-003655,CO-0050555,SMB,11-50,Education,APAC,inbound_marketing,2023-03-27,19.4,False
ACC-003656,CO-0109636,SMB,1-10,Retail/E-commerce,LATAM,inbound_marketing,2021-11-05,10.5,False
ACC-003657,CO-0032054,SMB,51-200,Professional Services,North America,self_serve,2025-11-23,31.4,False
ACC-003658,CO-0061514,SMB,1-10,Technology/SaaS,EMEA,self_serve,2024-06-27,33.8,False
ACC-003659,CO-0079524,SMB,51-200,Education,EMEA,self_serve,2021-05-10,27.2,False
ACC-003660,CO-0048369,SMB,11-50,Healthcare,North America,self_serve,2024-03-14,28.0,False
ACC-003661,CO-0113705,SMB,11-50,Healthcare,EMEA,inbound_marketing,2025-12-21,29.1,False
ACC-003662,CO-0072555,SMB,11-50,Logistics/Supply Chain,EMEA,self_serve,2025-09-13,35.4,False
ACC-003663,CO-0099603,SMB,1-10,Professional Services,North America,self_serve,2023-12-17,27.4,False
ACC-003664,CO-0060402,SMB,51-200,Professional Services,North America,self_serve,2025-10-07,36.7,False
ACC-003665,CO-0050704,SMB,11-50,Technology/SaaS,North America,inbound_marketing,2025-06-05,21.8,False
ACC-003666,CO-0056779,SMB,1-10,Professional Services,LATAM,self_serve,2020-02-21,22.8,True
ACC-003667,CO-0117893,SMB,1-10,Manufacturing,EMEA,self_serve,2024-03-05,22.3,False
ACC-003668,CO-0086238,SMB,1-10,Technology/SaaS,LATAM,self_serve,2024-05-23,17.6,False
ACC-003669,CO-0006212,SMB,1-10,Logistics/Supply Chain,North America,inbound_marketing,2023-07-05,32.3,False
ACC-003670,CO-0002558,SMB,1-10,Education,North America,self_serve,2025-09-01,10.0,False
ACC-003671,CO-0004160,SMB,1-10,Professional Services,EMEA,self_serve,2022-04-16,24.8,False
ACC-003672,CO-0113288,SMB,1-10,Logistics/Supply Chain,EMEA,self_serve,2023-04-13,25.1,False
ACC-003673,CO-0023461,SMB,1-10,Public Sector,North America,inbound_marketing,2024-05-07,26.8,False
ACC-003674,CO-0087208,SMB,1-10,Healthcare,APAC,self_serve,2024-11-10,33.9,True
ACC-003675,CO-0059486,SMB,1-10,Media/Entertainment,EMEA,self_serve,2022-11-25,17.2,False
ACC-003676,CO-0105525,SMB,1-10,Healthcare,North America,self_serve,2023-10-08,31.2,False
ACC-003677,CO-0084005,SMB,1-10,Technology/SaaS,APAC,self_serve,2025-11-26,33.2,False
ACC-003678,CO-0082701,SMB,11-50,Technology/SaaS,LATAM,self_serve,2021-11-19,29.6,False
ACC-003679,CO-0066472,SMB,11-50,Media/Entertainment,North America,self_serve,2023-12-05,27.4,False
ACC-003680,CO-0078381,SMB,1-10,Media/Entertainment,North America,inbound_marketing,2020-10-22,17.4,False
ACC-003681,CO-0058769,SMB,11-50,Logistics/Supply Chain,North America,inbound_marketing,2024-11-02,16.5,False
ACC-003682,CO-0098321,SMB,1-10,Healthcare,North America,self_serve,2025-05-04,29.7,False
ACC-003683,CO-0040311,SMB,1-10,Technology/SaaS,North America,self_serve,2024-12-03,21.8,False
ACC-003684,CO-0067343,Commercial,201-1000,Professional Services,EMEA,inbound_marketing,2024-08-14,35.9,False
ACC-003685,CO-0009335,SMB,11-50,Professional Services,EMEA,self_serve,2022-10-20,26.6,False
ACC-003686,CO-0037655,SMB,1-10,Logistics/Supply Chain,EMEA,self_serve,2025-06-12,15.3,False
ACC-003687,CO-0122737,Commercial,51-200,Media/Entertainment,North America,self_serve,2025-06-19,34.9,False
ACC-003688,CO-0091582,SMB,1-10,Public Sector,North America,inbound_marketing,2020-04-14,23.6,False
ACC-003689,CO-0009589,SMB,1-10,Public Sector,North America,self_serve,2025-02-15,26.5,False
ACC-003690,CO-0091371,SMB,1-10,Retail/E-commerce,North America,inbound_marketing,2025-10-18,13.4,False
ACC-003691,CO-0061008,SMB,1-10,Retail/E-commerce,EMEA,self_serve,2023-08-02,21.0,True
ACC-003692,CO-0012199,SMB,1-10,Logistics/Supply Chain,EMEA,self_serve,2025-01-08,19.7,False
ACC-003693,CO-0089644,SMB,1-10,Logistics/Supply Chain,North America,self_serve,2025-08-28,23.3,True
ACC-003694,CO-0053751,SMB,201-1000,Professional Services,EMEA,inbound_marketing,2023-06-06,39.8,False
ACC-003695,CO-0027380,SMB,11-50,Healthcare,EMEA,self_serve,2025-06-17,28.8,False
ACC-003696,CO-0080184,SMB,11-50,Financial Services,EMEA,self_serve,2024-02-06,35.2,False
ACC-003697,CO-0030766,SMB,1-10,Media/Entertainment,EMEA,self_serve,2025-11-26,13.7,False
ACC-003698,CO-0063546,SMB,1-10,Technology/SaaS,EMEA,self_serve,2024-10-27,27.1,False
ACC-003699,CO-0064943,Commercial,11-50,Healthcare,North America,inbound_marketing,2024-02-01,29.2,False
ACC-003700,CO-0081528,SMB,11-50,Manufacturing,LATAM,inbound_marketing,2024-02-11,32.3,False
ACC-003701,CO-0067818,SMB,51-200,Technology/SaaS,APAC,self_serve,2022-08-20,35.0,False
ACC-003702,CO-0072024,SMB,11-50,Media/Entertainment,EMEA,self_serve,2025-10-06,25.4,False
ACC-003703,CO-0028356,Commercial,1-10,Retail/E-commerce,North America,self_serve,2024-09-19,14.7,False
ACC-003704,CO-0021963,SMB,11-50,Healthcare,APAC,self_serve,2021-11-21,23.0,False
ACC-003705,CO-0116711,SMB,1-10,Media/Entertainment,North America,self_serve,2021-06-30,20.7,False
ACC-003706,CO-0121017,SMB,1-10,Logistics/Supply Chain,APAC,self_serve,2025-12-19,37.3,False
ACC-003707,CO-0015685,SMB,11-50,Technology/SaaS,APAC,self_serve,2025-07-15,36.6,False
ACC-003708,CO-0121754,SMB,11-50,Manufacturing,North America,inbound_marketing,2025-12-04,29.8,False
ACC-003709,CO-0034858,SMB,51-200,Technology/SaaS,APAC,self_serve,2022-05-17,32.6,False
ACC-003710,CO-0027675,SMB,1-10,Logistics/Supply Chain,North America,self_serve,2024-11-04,22.5,False
ACC-003711,CO-0011257,SMB,51-200,Public Sector,North America,self_serve,2024-12-13,38.9,False
ACC-003712,CO-0117216,SMB,1-10,Public Sector,EMEA,self_serve,2023-05-28,19.9,False
ACC-003713,CO-0045375,SMB,11-50,Logistics/Supply Chain,APAC,self_serve,2025-06-05,19.8,False
ACC-003714,CO-0019801,SMB,1-10,Technology/SaaS,North America,self_serve,2022-12-14,34.5,True
ACC-003715,CO-0011924,Commercial,1-10,Technology/SaaS,EMEA,inbound_marketing,2024-05-23,23.4,False
ACC-003716,CO-0051003,SMB,1-10,Retail/E-commerce,EMEA,self_serve,2021-05-17,23.1,False
ACC-003717,CO-0085237,SMB,51-200,Manufacturing,EMEA,self_serve,2023-06-14,33.9,False
ACC-003718,CO-0082928,SMB,1-10,Technology/SaaS,EMEA,self_serve,2024-05-22,23.3,False
ACC-003719,CO-0042746,SMB,1-10,Media/Entertainment,North America,self_serve,2022-07-14,23.9,True
ACC-003720,CO-0045430,SMB,11-50,Education,North America,self_serve,2025-03-28,23.1,False
ACC-003721,CO-0015186,SMB,1-10,Logistics/Supply Chain,APAC,self_serve,2025-03-22,21.2,False
ACC-003722,CO-0088078,SMB,11-50,Healthcare,North America,self_serve,2024-05-19,30.8,False
ACC-003723,CO-0042373,SMB,51-200,Media/Entertainment,North America,inbound_marketing,2024-02-12,37.6,False
ACC-003724,CO-0067799,SMB,1-10,Logistics/Supply Chain,APAC,self_serve,2025-05-18,27.2,False
ACC-003725,CO-0100878,SMB,1-10,Logistics/Supply Chain,EMEA,self_serve,2022-10-01,15.4,False
ACC-003726,CO-0066057,SMB,11-50,Technology/SaaS,APAC,self_serve,2021-08-28,26.4,False
ACC-003727,CO-0036936,SMB,11-50,Retail/E-commerce,North America,self_serve,2022-09-11,18.5,False
ACC-003728,CO-0071520,SMB,1-10,Professional Services,EMEA,self_serve,2025-08-19,19.6,False
ACC-003729,CO-0047245,SMB,1-10,Public Sector,EMEA,self_serve,2024-06-24,22.3,False
ACC-003730,CO-0056910,Commercial,11-50,Manufacturing,EMEA,inbound_marketing,2025-06-20,30.6,False
ACC-003731,CO-0064713,SMB,1-10,Logistics/Supply Chain,APAC,self_serve,2020-06-15,27.5,False
ACC-003732,CO-0053570,SMB,51-200,Healthcare,APAC,inbound_marketing,2025-12-06,28.9,False
ACC-003733,CO-0094682,SMB,1-10,Professional Services,APAC,self_serve,2025-06-13,22.3,False
ACC-003734,CO-0090838,SMB,201-1000,Retail/E-commerce,APAC,self_serve,2024-12-09,36.3,False
ACC-003735,CO-0121223,SMB,1-10,Healthcare,APAC,inbound_marketing,2021-05-01,20.4,False
ACC-003736,CO-0088569,SMB,1-10,Healthcare,North America,self_serve,2023-12-06,26.4,False
ACC-003737,CO-0070880,SMB,1-10,Media/Entertainment,North America,self_serve,2025-10-12,25.8,False
ACC-003738,CO-0051927,Commercial,1-10,Retail/E-commerce,North America,self_serve,2023-09-20,17.7,False
ACC-003739,CO-0061763,SMB,11-50,Technology/SaaS,APAC,self_serve,2024-01-02,34.3,False
ACC-003740,CO-0014268,SMB,11-50,Professional Services,North America,self_serve,2025-01-24,16.5,False
ACC-003741,CO-0001083,SMB,11-50,Healthcare,North America,self_serve,2024-01-27,39.5,False
ACC-003742,CO-0045671,SMB,1-10,Technology/SaaS,North America,self_serve,2023-11-06,32.3,False
ACC-003743,CO-0062490,SMB,1-10,Healthcare,North America,self_serve,2024-07-20,21.1,True
ACC-003744,CO-0107923,SMB,11-50,Retail/E-commerce,North America,self_serve,2025-11-21,26.6,False
ACC-003745,CO-0032734,SMB,1-10,Technology/SaaS,LATAM,self_serve,2025-11-03,13.0,False
ACC-003746,CO-0090731,SMB,1-10,Financial Services,North America,inbound_marketing,2022-02-09,30.7,False
ACC-003747,CO-0029430,SMB,1-10,Technology/SaaS,EMEA,self_serve,2025-10-25,20.1,False
ACC-003748,CO-0079027,SMB,51-200,Retail/E-commerce,North America,self_serve,2025-09-07,29.6,False
ACC-003749,CO-0115465,SMB,1-10,Technology/SaaS,North America,self_serve,2020-06-14,16.9,False
ACC-003750,CO-0040831,SMB,1-10,Education,North America,self_serve,2025-01-11,19.0,False
ACC-003751,CO-0095358,SMB,1-10,Education,North America,inbound_marketing,2025-05-14,20.4,False
ACC-003752,CO-0091891,SMB,51-200,Retail/E-commerce,APAC,self_serve,2025-10-20,35.4,False
ACC-003753,CO-0008872,SMB,11-50,Healthcare,North America,self_serve,2023-09-21,32.6,False
ACC-003754,CO-0067810,SMB,11-50,Education,North America,self_serve,2025-05-06,29.3,False
ACC-003755,CO-0094605,SMB,51-200,Professional Services,EMEA,inbound_marketing,2025-02-01,26.6,False
ACC-003756,CO-0056995,SMB,11-50,Healthcare,North America,inbound_marketing,2022-12-10,28.3,False
ACC-003757,CO-0067353,SMB,1-10,Technology/SaaS,North America,self_serve,2025-07-27,31.9,True
ACC-003758,CO-0008920,Commercial,1-10,Retail/E-commerce,North America,self_serve,2024-04-03,20.6,True
ACC-003759,CO-0063043,SMB,11-50,Manufacturing,APAC,self_serve,2022-03-15,27.3,False
ACC-003760,CO-0064450,SMB,51-200,Media/Entertainment,EMEA,inbound_marketing,2023-04-03,35.7,False
ACC-003761,CO-0098857,SMB,11-50,Education,North America,self_serve,2020-09-19,17.7,False
ACC-003762,CO-0025065,SMB,1-10,Professional Services,North America,inbound_marketing,2023-11-06,26.2,False
ACC-003763,CO-0001360,SMB,11-50,Healthcare,APAC,inbound_marketing,2023-05-12,31.9,False
ACC-003764,CO-0058531,SMB,1-10,Education,EMEA,self_serve,2025-01-06,22.7,False
ACC-003765,CO-0094510,Commercial,1-10,Retail/E-commerce,North America,self_serve,2021-09-19,27.8,False
ACC-003766,CO-0019032,SMB,51-200,Media/Entertainment,EMEA,self_serve,2025-08-01,36.4,False
ACC-003767,CO-0035712,SMB,201-1000,Retail/E-commerce,North America,self_serve,2023-10-03,35.6,False
ACC-003768,CO-0067486,SMB,1-10,Technology/SaaS,North America,self_serve,2025-08-01,29.3,False
ACC-003769,CO-0091118,SMB,11-50,Manufacturing,North America,self_serve,2024-05-11,32.1,False
ACC-003770,CO-0062684,SMB,1-10,Professional Services,EMEA,inbound_marketing,2024-12-25,16.4,False
ACC-003771,CO-0118001,SMB,51-200,Logistics/Supply Chain,EMEA,self_serve,2024-03-25,32.4,False
ACC-003772,CO-0020720,SMB,11-50,Professional Services,EMEA,self_serve,2023-06-05,22.0,False
ACC-003773,CO-0102275,SMB,1-10,Retail/E-commerce,North America,self_serve,2024-12-10,22.0,True
ACC-003774,CO-0093493,SMB,1-10,Professional Services,North America,self_serve,2025-09-10,16.2,False
ACC-003775,CO-0109853,SMB,1-10,Education,EMEA,self_serve,2025-01-13,10.5,False
ACC-003776,CO-0117153,SMB,11-50,Technology/SaaS,North America,inbound_marketing,2024-02-14,29.1,False
ACC-003777,CO-0016120,SMB,1-10,Public Sector,North America,inbound_marketing,2025-08-02,33.8,False
ACC-003778,CO-0072660,SMB,1-10,Financial Services,EMEA,self_serve,2020-11-12,23.8,False
ACC-003779,CO-0048682,SMB,11-50,Financial Services,North America,self_serve,2024-07-19,21.9,False
ACC-003780,CO-0109161,SMB,1-10,Technology/SaaS,LATAM,self_serve,2025-08-26,15.9,False
ACC-003781,CO-0104454,SMB,1-10,Healthcare,EMEA,inbound_marketing,2023-04-18,15.5,False
ACC-003782,CO-0110248,SMB,51-200,Media/Entertainment,North America,self_serve,2025-10-28,34.2,False
ACC-003783,CO-0013675,SMB,1-10,Technology/SaaS,North America,self_serve,2023-01-06,26.8,False
ACC-003784,CO-0045100,SMB,1-10,Technology/SaaS,APAC,inbound_marketing,2021-04-04,35.5,False
ACC-003785,CO-0048575,SMB,11-50,Technology/SaaS,North America,self_serve,2020-05-18,34.2,False
ACC-003786,CO-0076985,SMB,11-50,Media/Entertainment,APAC,self_serve,2024-08-16,38.4,False
ACC-003787,CO-0083869,SMB,1-10,Financial Services,North America,self_serve,2024-09-02,19.6,True
ACC-003788,CO-0006452,SMB,1-10,Retail/E-commerce,APAC,self_serve,2024-05-09,18.7,False
ACC-003789,CO-0057262,Commercial,1-10,Professional Services,LATAM,self_serve,2023-10-06,25.9,False
ACC-003790,CO-0063862,SMB,1-10,Education,North America,self_serve,2024-05-28,21.1,False
ACC-003791,CO-0118283,SMB,1-10,Education,EMEA,inbound_marketing,2020-01-08,13.0,False
ACC-003792,CO-0051320,SMB,1-10,Financial Services,APAC,self_serve,2024-12-15,33.1,True
ACC-003793,CO-0093900,SMB,11-50,Professional Services,North America,self_serve,2025-09-07,26.5,False
ACC-003794,CO-0057052,Commercial,1-10,Manufacturing,EMEA,self_serve,2020-05-20,31.1,False
ACC-003795,CO-0060308,SMB,11-50,Retail/E-commerce,APAC,self_serve,2020-04-06,19.1,False
ACC-003796,CO-0033525,SMB,1-10,Public Sector,North America,self_serve,2024-10-13,20.7,False
ACC-003797,CO-0044087,SMB,1-10,Technology/SaaS,North America,inbound_marketing,2021-08-20,14.8,False
ACC-003798,CO-0046694,SMB,1-10,Technology/SaaS,North America,self_serve,2025-09-12,28.8,False
ACC-003799,CO-0029705,SMB,1-10,Financial Services,LATAM,self_serve,2023-11-20,23.1,False
ACC-003800,CO-0083732,SMB,1-10,Healthcare,North America,self_serve,2023-11-14,29.9,False
ACC-003801,CO-0076362,SMB,11-50,Financial Services,North America,self_serve,2025-06-23,36.0,False
ACC-003802,CO-0061997,SMB,201-1000,Professional Services,North America,self_serve,2022-12-28,38.8,False
ACC-003803,CO-0086932,SMB,51-200,Financial Services,EMEA,inbound_marketing,2024-11-06,26.3,False
ACC-003804,CO-0022121,SMB,11-50,Logistics/Supply Chain,North America,self_serve,2021-06-30,24.3,False
ACC-003805,CO-0094716,SMB,11-50,Technology/SaaS,North America,self_serve,2020-10-17,33.6,False
ACC-003806,CO-0016230,SMB,11-50,Professional Services,EMEA,self_serve,2022-12-24,28.9,False
ACC-003807,CO-0103983,SMB,1-10,Financial Services,APAC,self_serve,2020-01-10,18.6,True
ACC-003808,CO-0100105,SMB,1-10,Media/Entertainment,LATAM,inbound_marketing,2023-11-20,20.9,False
ACC-003809,CO-0053152,SMB,11-50,Technology/SaaS,EMEA,self_serve,2021-07-09,20.1,False
ACC-003810,CO-0106212,SMB,1-10,Logistics/Supply Chain,EMEA,self_serve,2022-07-17,21.8,False
ACC-003811,CO-0047523,SMB,11-50,Retail/E-commerce,North America,self_serve,2025-08-12,32.5,False
ACC-003812,CO-0025064,SMB,51-200,Professional Services,North America,self_serve,2025-10-21,36.7,False
ACC-003813,CO-0016888,Commercial,1-10,Education,EMEA,inbound_marketing,2025-04-23,17.8,False
ACC-003814,CO-0066925,SMB,201-1000,Professional Services,North America,self_serve,2025-02-25,36.7,False
ACC-003815,CO-0026845,SMB,51-200,Logistics/Supply Chain,North America,self_serve,2025-01-17,32.7,False
ACC-003816,CO-0014110,SMB,11-50,Public Sector,North America,inbound_marketing,2020-12-14,27.6,False
ACC-003817,CO-0073085,SMB,1-10,Professional Services,North America,self_serve,2024-09-13,25.5,False
ACC-003818,CO-0101911,SMB,1-10,Education,EMEA,self_serve,2025-06-01,14.4,False
ACC-003819,CO-0080654,SMB,1-10,Manufacturing,APAC,self_serve,2025-06-13,17.3,False
ACC-003820,CO-0121403,SMB,1-10,Retail/E-commerce,North America,inbound_marketing,2025-07-23,16.3,False
ACC-003821,CO-0061154,SMB,1-10,Technology/SaaS,North America,self_serve,2025-11-17,28.8,False
ACC-003822,CO-0066933,Commercial,1-10,Technology/SaaS,North America,inbound_marketing,2023-07-18,34.4,False
ACC-003823,CO-0084600,SMB,1-10,Healthcare,EMEA,self_serve,2020-08-15,16.8,False
ACC-003824,CO-0091479,SMB,1-10,Media/Entertainment,North America,self_serve,2025-01-06,15.8,False
ACC-003825,CO-0051481,SMB,51-200,Logistics/Supply Chain,EMEA,self_serve,2025-11-10,38.4,False
ACC-003826,CO-0021988,SMB,11-50,Education,EMEA,self_serve,2025-03-18,17.0,False
ACC-003827,CO-0072651,SMB,11-50,Professional Services,North America,inbound_marketing,2025-04-06,24.7,False
ACC-003828,CO-0011988,SMB,1-10,Professional Services,EMEA,self_serve,2022-09-04,14.3,True
ACC-003829,CO-0041324,SMB,1-10,Healthcare,North America,self_serve,2023-12-24,25.2,False
ACC-003830,CO-0110655,SMB,11-50,Technology/SaaS,EMEA,self_serve,2025-07-10,28.9,False
ACC-003831,CO-0024588,SMB,1-10,Technology/SaaS,North America,inbound_marketing,2025-06-20,26.5,False
ACC-003832,CO-0036264,SMB,1-10,Media/Entertainment,EMEA,inbound_marketing,2020-12-30,19.9,False
ACC-003833,CO-0055395,SMB,1-10,Media/Entertainment,EMEA,self_serve,2025-12-22,25.6,False
ACC-003834,CO-0076438,SMB,11-50,Financial Services,APAC,self_serve,2025-05-01,34.0,False
ACC-003835,CO-0069979,SMB,1-10,Professional Services,North America,self_serve,2024-10-16,16.5,False
ACC-003836,CO-0109235,SMB,1-10,Professional Services,EMEA,inbound_marketing,2024-11-24,22.3,True
ACC-003837,CO-0017359,SMB,11-50,Manufacturing,North America,self_serve,2023-12-08,22.6,False
ACC-003838,CO-0052397,SMB,1-10,Retail/E-commerce,North America,self_serve,2025-02-19,18.1,False
ACC-003839,CO-0066829,SMB,11-50,Retail/E-commerce,North America,self_serve,2021-05-31,30.0,False
ACC-003840,CO-0090704,SMB,1-10,Manufacturing,LATAM,self_serve,2020-08-04,23.1,False
ACC-003841,CO-0075702,SMB,1-10,Professional Services,EMEA,self_serve,2025-10-11,21.6,False
ACC-003842,CO-0112142,SMB,11-50,Media/Entertainment,APAC,self_serve,2023-06-10,22.4,False
ACC-003843,CO-0023732,SMB,11-50,Logistics/Supply Chain,North America,self_serve,2020-07-20,28.5,False
ACC-003844,CO-0043600,SMB,1-10,Professional Services,APAC,self_serve,2024-01-26,19.2,True
ACC-003845,CO-0053819,SMB,1-10,Retail/E-commerce,North America,self_serve,2023-12-14,8.9,False
ACC-003846,CO-0121862,SMB,1-10,Media/Entertainment,North America,self_serve,2020-08-29,15.8,True
ACC-003847,CO-0119201,SMB,11-50,Manufacturing,North America,self_serve,2024-05-07,34.8,False
ACC-003848,CO-0034554,SMB,1-10,Technology/SaaS,North America,self_serve,2025-12-04,19.3,False
ACC-003849,CO-0065894,SMB,1-10,Retail/E-commerce,North America,self_serve,2020-10-21,16.9,False
ACC-003850,CO-0118337,Commercial,51-200,Professional Services,North America,inbound_marketing,2022-11-23,34.2,False
ACC-003851,CO-0032920,SMB,1-10,Education,North America,self_serve,2024-11-19,9.8,False
ACC-003852,CO-0087269,SMB,51-200,Public Sector,LATAM,inbound_marketing,2020-11-05,31.5,False
ACC-003853,CO-0086955,SMB,1-10,Manufacturing,North America,self_serve,2024-02-02,31.8,False
ACC-003854,CO-0085300,SMB,1-10,Media/Entertainment,North America,self_serve,2023-04-08,27.1,False
ACC-003855,CO-0011291,SMB,1-10,Technology/SaaS,APAC,self_serve,2024-10-15,34.1,False
ACC-003856,CO-0061663,SMB,11-50,Financial Services,North America,self_serve,2024-01-23,38.3,False
ACC-003857,CO-0094502,SMB,51-200,Technology/SaaS,North America,self_serve,2021-03-01,36.4,False
ACC-003858,CO-0022581,SMB,11-50,Financial Services,North America,self_serve,2023-12-24,38.6,False
ACC-003859,CO-0112086,SMB,1-10,Financial Services,EMEA,self_serve,2025-01-27,33.0,False
ACC-003860,CO-0102087,SMB,1-10,Healthcare,North America,self_serve,2025-10-27,11.2,False
ACC-003861,CO-0058288,SMB,51-200,Professional Services,North America,self_serve,2023-11-05,28.5,False
ACC-003862,CO-0023437,SMB,1-10,Healthcare,North America,inbound_marketing,2025-06-17,22.6,False
ACC-003863,CO-0088710,SMB,1-10,Professional Services,North America,self_serve,2025-09-25,24.3,False
ACC-003864,CO-0000754,SMB,1-10,Healthcare,EMEA,inbound_marketing,2025-06-07,15.6,False
ACC-003865,CO-0076964,SMB,11-50,Public Sector,North America,inbound_marketing,2023-09-06,30.1,False
ACC-003866,CO-0049490,SMB,11-50,Technology/SaaS,North America,self_serve,2022-04-07,21.9,False
ACC-003867,CO-0059290,SMB,1-10,Professional Services,EMEA,self_serve,2022-09-23,11.8,False
ACC-003868,CO-0119763,SMB,1-10,Financial Services,EMEA,self_serve,2022-12-08,22.2,False
ACC-003869,CO-0044546,SMB,1-10,Manufacturing,North America,self_serve,2024-10-10,24.5,False
ACC-003870,CO-0053864,Commercial,1-10,Financial Services,North America,self_serve,2024-08-11,37.2,False
ACC-003871,CO-0094014,SMB,1-10,Education,APAC,self_serve,2025-04-27,14.8,False
ACC-003872,CO-0036621,Commercial,1-10,Financial Services,North America,self_serve,2024-10-07,22.1,False
ACC-003873,CO-0110186,SMB,1-10,Technology/SaaS,North America,self_serve,2025-05-24,26.6,False
ACC-003874,CO-0083519,SMB,1-10,Technology/SaaS,EMEA,self_serve,2023-12-05,26.8,False
ACC-003875,CO-0061775,SMB,51-200,Healthcare,EMEA,self_serve,2022-10-08,38.3,False
ACC-003876,CO-0076131,SMB,11-50,Technology/SaaS,APAC,inbound_marketing,2024-07-25,38.6,False
ACC-003877,CO-0086742,SMB,11-50,Financial Services,EMEA,self_serve,2024-06-04,35.6,False
ACC-003878,CO-0078594,SMB,1-10,Technology/SaaS,North America,self_serve,2025-09-10,32.3,False
ACC-003879,CO-0094075,SMB,11-50,Technology/SaaS,North America,self_serve,2023-12-28,26.8,False
ACC-003880,CO-0066408,SMB,11-50,Retail/E-commerce,North America,inbound_marketing,2022-10-07,19.3,False
ACC-003881,CO-0040035,SMB,1-10,Professional Services,North America,self_serve,2025-09-08,17.4,False
ACC-003882,CO-0073728,SMB,11-50,Public Sector,North America,inbound_marketing,2024-01-12,35.7,False
ACC-003883,CO-0058587,SMB,1-10,Manufacturing,EMEA,self_serve,2025-03-10,24.4,False
ACC-003884,CO-0047441,SMB,1-10,Technology/SaaS,North America,self_serve,2025-12-11,22.2,False
ACC-003885,CO-0048131,SMB,11-50,Education,APAC,self_serve,2025-02-14,23.5,False
ACC-003886,CO-0114915,SMB,1-10,Education,North America,self_serve,2025-08-13,4.9,False
ACC-003887,CO-0082727,SMB,1-10,Public Sector,North America,self_serve,2023-10-09,22.7,False
ACC-003888,CO-0078701,SMB,1-10,Retail/E-commerce,North America,self_serve,2024-01-16,18.0,False
ACC-003889,CO-0033409,Commercial,1-10,Financial Services,North America,inbound_marketing,2024-11-11,27.4,False
ACC-003890,CO-0010458,SMB,1-10,Financial Services,North America,self_serve,2020-11-02,20.5,False
ACC-003891,CO-0087127,SMB,1-10,Media/Entertainment,North America,self_serve,2020-11-28,22.3,True
ACC-003892,CO-0119152,SMB,1-10,Manufacturing,EMEA,inbound_marketing,2024-02-17,36.3,False
ACC-003893,CO-0023242,SMB,11-50,Professional Services,EMEA,self_serve,2021-07-24,34.5,False
ACC-003894,CO-0032281,SMB,1-10,Healthcare,North America,self_serve,2025-07-08,26.2,False
ACC-003895,CO-0045411,SMB,11-50,Technology/SaaS,EMEA,self_serve,2024-10-08,27.3,False
ACC-003896,CO-0120844,SMB,1-10,Manufacturing,North America,inbound_marketing,2023-10-22,28.0,False
ACC-003897,CO-0102164,SMB,11-50,Healthcare,North America,self_serve,2024-01-02,26.0,False
ACC-003898,CO-0058307,SMB,1-10,Manufacturing,APAC,self_serve,2025-10-05,13.2,False
ACC-003899,CO-0035303,Commercial,1-10,Financial Services,EMEA,self_serve,2022-10-04,26.9,False
ACC-003900,CO-0109935,SMB,1-10,Media/Entertainment,North America,self_serve,2025-05-08,35.5,False
ACC-003901,CO-0080140,SMB,1-10,Public Sector,APAC,self_serve,2024-05-02,17.3,False
ACC-003902,CO-0099674,SMB,1-10,Retail/E-commerce,APAC,self_serve,2025-04-09,12.7,False
ACC-003903,CO-0016416,Commercial,1-10,Manufacturing,North America,self_serve,2024-06-11,22.4,False
ACC-003904,CO-0086965,SMB,1-10,Logistics/Supply Chain,North America,inbound_marketing,2024-12-25,14.3,False
ACC-003905,CO-0044183,SMB,11-50,Professional Services,North America,inbound_marketing,2020-10-14,27.8,False
ACC-003906,CO-0007381,SMB,1-10,Professional Services,North America,self_serve,2023-05-20,8.8,False
ACC-003907,CO-0003121,SMB,1-10,Technology/SaaS,North America,inbound_marketing,2025-12-10,27.4,False
ACC-003908,CO-0088930,SMB,51-200,Retail/E-commerce,APAC,inbound_marketing,2025-02-22,37.1,False
ACC-003909,CO-0092626,SMB,1-10,Media/Entertainment,North America,self_serve,2023-01-23,21.2,False
ACC-003910,CO-0033067,SMB,51-200,Healthcare,North America,self_serve,2024-11-04,38.0,False
ACC-003911,CO-0048423,SMB,1-10,Healthcare,North America,self_serve,2025-07-25,26.1,False
ACC-003912,CO-0042798,SMB,1-10,Manufacturing,North America,self_serve,2025-08-15,20.9,True
ACC-003913,CO-0087041,SMB,1-10,Education,North America,self_serve,2024-04-24,18.9,True
ACC-003914,CO-0048153,SMB,11-50,Manufacturing,LATAM,inbound_marketing,2022-10-24,27.5,False
ACC-003915,CO-0088075,SMB,11-50,Financial Services,APAC,self_serve,2023-10-21,37.3,False
ACC-003916,CO-0110150,SMB,51-200,Media/Entertainment,APAC,inbound_marketing,2020-01-03,30.9,False
ACC-003917,CO-0067396,SMB,1-10,Media/Entertainment,EMEA,self_serve,2024-01-07,22.6,False
ACC-003918,CO-0048364,SMB,1-10,Manufacturing,EMEA,self_serve,2025-12-12,34.5,False
ACC-003919,CO-0014077,SMB,1-10,Professional Services,APAC,self_serve,2023-02-01,26.5,True
ACC-003920,CO-0063037,Commercial,1-10,Technology/SaaS,North America,inbound_marketing,2025-03-21,31.0,False
ACC-003921,CO-0019773,SMB,11-50,Education,North America,self_serve,2025-10-06,14.3,False
ACC-003922,CO-0080534,SMB,51-200,Retail/E-commerce,LATAM,inbound_marketing,2024-12-19,33.9,False
ACC-003923,CO-0008204,SMB,11-50,Professional Services,EMEA,self_serve,2025-08-06,15.7,False
ACC-003924,CO-0024494,SMB,1-10,Manufacturing,North America,self_serve,2025-05-17,35.6,False
ACC-003925,CO-0000097,SMB,11-50,Education,North America,self_serve,2025-10-20,25.4,False
ACC-003926,CO-0077573,SMB,1-10,Public Sector,EMEA,self_serve,2023-07-26,15.1,True
ACC-003927,CO-0091577,SMB,11-50,Public Sector,North America,self_serve,2025-11-28,38.9,False
ACC-003928,CO-0073236,SMB,1-10,Retail/E-commerce,North America,self_serve,2025-11-23,18.9,False
ACC-003929,CO-0112905,SMB,1-10,Technology/SaaS,North America,self_serve,2024-03-13,29.0,False
ACC-003930,CO-0006680,SMB,11-50,Financial Services,EMEA,self_serve,2021-04-20,29.2,False
ACC-003931,CO-0088190,Commercial,1-10,Financial Services,APAC,inbound_marketing,2024-06-15,32.2,True
ACC-003932,CO-0021025,SMB,1-10,Technology/SaaS,LATAM,self_serve,2023-08-24,22.7,False
ACC-003933,CO-0094286,Commercial,1-10,Public Sector,North America,self_serve,2024-12-08,20.5,False
ACC-003934,CO-0120385,SMB,1-10,Logistics/Supply Chain,APAC,self_serve,2025-04-25,31.1,False
ACC-003935,CO-0088205,SMB,1-10,Professional Services,North America,self_serve,2024-03-17,24.9,True
ACC-003936,CO-0063777,SMB,51-200,Retail/E-commerce,North America,self_serve,2025-06-03,28.2,False
ACC-003937,CO-0104321,SMB,51-200,Retail/E-commerce,EMEA,self_serve,2024-12-17,27.1,False
ACC-003938,CO-0050007,SMB,11-50,Media/Entertainment,EMEA,self_serve,2024-08-21,24.1,False
ACC-003939,CO-0040346,SMB,1-10,Healthcare,EMEA,inbound_marketing,2025-01-05,20.1,False
ACC-003940,CO-0074164,SMB,11-50,Professional Services,North America,self_serve,2023-10-04,31.5,False
ACC-003941,CO-0092455,SMB,1-10,Retail/E-commerce,North America,self_serve,2025-09-25,11.0,True
ACC-003942,CO-0033456,SMB,1-10,Technology/SaaS,North America,self_serve,2024-12-02,23.2,False
ACC-003943,CO-0070989,SMB,11-50,Logistics/Supply Chain,North America,self_serve,2025-08-05,22.0,False
ACC-003944,CO-0058335,Commercial,1-10,Technology/SaaS,North America,self_serve,2024-06-20,24.5,True
ACC-003945,CO-0033434,SMB,51-200,Professional Services,LATAM,inbound_marketing,2023-06-12,24.5,False
ACC-003946,CO-0107389,Commercial,11-50,Manufacturing,APAC,self_serve,2024-10-03,26.1,False
ACC-003947,CO-0007475,SMB,201-1000,Professional Services,North America,self_serve,2024-11-28,40.0,False
ACC-003948,CO-0084645,Commercial,1-10,Technology/SaaS,North America,inbound_marketing,2025-03-28,30.1,False
ACC-003949,CO-0078289,SMB,11-50,Logistics/Supply Chain,North America,self_serve,2023-10-26,39.7,False
ACC-003950,CO-0009695,SMB,11-50,Retail/E-commerce,APAC,self_serve,2023-02-05,35.5,False
ACC-003951,CO-0101621,SMB,11-50,Retail/E-commerce,North America,self_serve,2025-05-24,27.5,False
ACC-003952,CO-0042250,SMB,11-50,Logistics/Supply Chain,EMEA,self_serve,2024-10-01,16.8,False
ACC-003953,CO-0082724,SMB,1-10,Financial Services,North America,inbound_marketing,2025-04-05,26.8,False
ACC-003954,CO-0114273,SMB,51-200,Technology/SaaS,North America,self_serve,2025-11-20,31.4,False
ACC-003955,CO-0065156,Commercial,51-200,Education,APAC,inbound_marketing,2023-12-07,17.7,False
ACC-003956,CO-0061790,SMB,11-50,Retail/E-commerce,EMEA,inbound_marketing,2023-10-20,28.4,False
ACC-003957,CO-0082201,Commercial,11-50,Technology/SaaS,EMEA,inbound_marketing,2024-12-22,26.5,False
ACC-003958,CO-0055814,SMB,1-10,Healthcare,North America,self_serve,2025-11-07,34.7,False
ACC-003959,CO-0018276,SMB,51-200,Financial Services,North America,self_serve,2024-09-23,39.0,False
ACC-003960,CO-0079956,SMB,11-50,Professional Services,EMEA,self_serve,2025-04-22,18.6,False
ACC-003961,CO-0116569,SMB,11-50,Media/Entertainment,APAC,self_serve,2025-10-09,5.0,False
ACC-003962,CO-0032097,SMB,11-50,Public Sector,EMEA,self_serve,2025-12-23,27.4,False
ACC-003963,CO-0106376,SMB,1-10,Logistics/Supply Chain,North America,self_serve,2022-02-09,32.9,False
ACC-003964,CO-0010622,SMB,51-200,Manufacturing,APAC,inbound_marketing,2021-12-02,38.4,False
ACC-003965,CO-0092730,SMB,1-10,Professional Services,EMEA,self_serve,2025-03-25,21.1,True
ACC-003966,CO-0029407,SMB,11-50,Healthcare,North America,self_serve,2025-05-25,33.5,False
ACC-003967,CO-0098624,SMB,51-200,Professional Services,North America,inbound_marketing,2023-04-28,38.6,False
ACC-003968,CO-0029431,SMB,1-10,Financial Services,EMEA,self_serve,2023-11-26,34.3,False
ACC-003969,CO-0074257,SMB,51-200,Retail/E-commerce,EMEA,inbound_marketing,2021-06-17,32.2,False
ACC-003970,CO-0079023,Commercial,11-50,Healthcare,EMEA,self_serve,2024-12-19,34.7,False
ACC-003971,CO-0112285,SMB,11-50,Education,North America,self_serve,2024-03-21,26.2,False
ACC-003972,CO-0032487,SMB,11-50,Technology/SaaS,North America,self_serve,2025-10-17,38.1,False
ACC-003973,CO-0069464,SMB,11-50,Professional Services,EMEA,self_serve,2025-12-11,23.5,False
ACC-003974,CO-0074838,SMB,11-50,Financial Services,North America,inbound_marketing,2023-09-17,38.0,False
ACC-003975,CO-0103419,SMB,11-50,Healthcare,North America,self_serve,2022-10-17,30.0,False
ACC-003976,CO-0022957,SMB,1-10,Media/Entertainment,EMEA,self_serve,2024-08-08,16.1,False
ACC-003977,CO-0011655,Commercial,51-200,Professional Services,APAC,inbound_marketing,2023-12-04,25.8,False
ACC-003978,CO-0063326,SMB,11-50,Logistics/Supply Chain,LATAM,self_serve,2025-05-14,31.6,False
ACC-003979,CO-0015228,Commercial,1-10,Manufacturing,North America,self_serve,2024-06-04,21.1,False
ACC-003980,CO-0106546,SMB,1-10,Retail/E-commerce,EMEA,self_serve,2023-06-18,19.2,False
ACC-003981,CO-0073577,SMB,1-10,Technology/SaaS,North America,self_serve,2023-09-07,21.1,False
ACC-003982,CO-0019749,SMB,1-10,Manufacturing,EMEA,self_serve,2025-07-12,30.1,False
ACC-003983,CO-0018878,SMB,11-50,Manufacturing,North America,self_serve,2023-09-14,35.8,False
ACC-003984,CO-0122255,SMB,11-50,Logistics/Supply Chain,APAC,self_serve,2023-09-10,27.7,False
ACC-003985,CO-0098682,SMB,1-10,Media/Entertainment,North America,inbound_marketing,2021-10-13,12.6,False
ACC-003986,CO-0004877,SMB,1-10,Healthcare,LATAM,self_serve,2021-08-16,20.4,False
ACC-003987,CO-0121042,SMB,51-200,Manufacturing,APAC,self_serve,2025-08-09,27.1,False
ACC-003988,CO-0092123,SMB,51-200,Public Sector,EMEA,self_serve,2024-12-12,30.4,False
ACC-003989,CO-0102797,SMB,51-200,Retail/E-commerce,North America,self_serve,2025-08-07,37.4,False
ACC-003990,CO-0026052,Commercial,11-50,Healthcare,North America,self_serve,2023-04-17,18.0,False
ACC-003991,CO-0041736,SMB,1-10,Financial Services,EMEA,self_serve,2022-08-29,24.3,False
ACC-003992,CO-0111651,SMB,1-10,Technology/SaaS,North America,self_serve,2022-08-22,25.3,False
ACC-003993,CO-0036069,SMB,1-10,Professional Services,North America,self_serve,2025-11-23,19.3,True
ACC-003994,CO-0095072,SMB,1-10,Healthcare,North America,self_serve,2025-09-04,21.8,False
ACC-003995,CO-0004750,SMB,1-10,Professional Services,North America,self_serve,2025-10-07,18.4,True
ACC-003996,CO-0047037,SMB,11-50,Technology/SaaS,EMEA,self_serve,2024-01-17,26.8,False
ACC-003997,CO-0113720,SMB,1-10,Manufacturing,North America,self_serve,2023-12-11,32.9,False
ACC-003998,CO-0038240,SMB,1-10,Manufacturing,North America,inbound_marketing,2024-02-27,23.9,True
ACC-003999,CO-0039906,SMB,1-10,Public Sector,LATAM,self_serve,2023-08-13,9.2,False
ACC-004000,CO-0042883,SMB,51-200,Manufacturing,EMEA,self_serve,2024-04-02,39.1,False
ACC-004001,CO-0076787,SMB,11-50,Technology/SaaS,North America,self_serve,2023-11-03,28.0,False
ACC-004002,CO-0062984,SMB,1-10,Financial Services,EMEA,self_serve,2024-06-05,32.9,True
ACC-004003,CO-0114440,SMB,1-10,Media/Entertainment,APAC,self_serve,2021-09-30,19.7,False
ACC-004004,CO-0106278,SMB,1-10,Media/Entertainment,North America,self_serve,2023-09-13,18.2,False
ACC-004005,CO-0120597,Commercial,1-10,Logistics/Supply Chain,North America,self_serve,2023-07-28,25.0,False
ACC-004006,CO-0064913,SMB,201-1000,Education,EMEA,inbound_marketing,2024-03-18,33.4,False
ACC-004007,CO-0087220,SMB,1-10,Professional Services,North America,inbound_marketing,2025-04-01,13.5,False
ACC-004008,CO-0087721,SMB,1-10,Technology/SaaS,North America,self_serve,2025-10-10,34.2,False
ACC-004009,CO-0119751,SMB,1-10,Manufacturing,North America,self_serve,2024-10-16,26.3,False
ACC-004010,CO-0038734,SMB,1-10,Retail/E-commerce,North America,inbound_marketing,2023-11-19,17.4,False
ACC-004011,CO-0013782,SMB,51-200,Education,North America,inbound_marketing,2022-03-29,36.9,False
ACC-004012,CO-0089881,SMB,11-50,Education,APAC,self_serve,2020-10-06,12.9,False
ACC-004013,CO-0007894,SMB,51-200,Healthcare,EMEA,self_serve,2025-10-01,37.5,False
ACC-004014,CO-0047858,SMB,1-10,Media/Entertainment,North America,self_serve,2025-03-13,20.6,False
ACC-004015,CO-0039666,SMB,1-10,Healthcare,EMEA,self_serve,2024-04-15,33.3,False
ACC-004016,CO-0050881,SMB,1-10,Manufacturing,North America,inbound_marketing,2025-01-10,24.3,True
ACC-004017,CO-0056129,SMB,11-50,Financial Services,LATAM,self_serve,2025-02-25,35.3,False
ACC-004018,CO-0064863,SMB,1-10,Manufacturing,North America,self_serve,2022-02-25,29.5,False
ACC-004019,CO-0101038,Enterprise,1-10,Logistics/Supply Chain,North America,inbound_marketing,2025-05-06,24.0,True
ACC-004020,CO-0027219,SMB,1-10,Media/Entertainment,EMEA,self_serve,2023-04-19,25.0,False
ACC-004021,CO-0033965,SMB,1-10,Financial Services,North America,self_serve,2024-11-10,36.5,False
ACC-004022,CO-0014495,SMB,1-10,Logistics/Supply Chain,North America,self_serve,2025-01-28,10.6,True
ACC-004023,CO-0054831,Commercial,11-50,Media/Entertainment,APAC,self_serve,2021-05-16,28.6,False
ACC-004024,CO-0002096,SMB,1-10,Professional Services,EMEA,inbound_marketing,2020-05-16,22.5,False
ACC-004025,CO-0049906,SMB,1-10,Education,North America,self_serve,2024-01-21,6.4,False
ACC-004026,CO-0076900,SMB,11-50,Financial Services,North America,self_serve,2024-09-12,27.2,False
ACC-004027,CO-0010165,SMB,1-10,Manufacturing,EMEA,inbound_marketing,2023-11-18,26.2,False
ACC-004028,CO-0095241,Commercial,51-200,Manufacturing,APAC,inbound_marketing,2023-06-19,39.4,False
ACC-004029,CO-0077408,SMB,11-50,Education,EMEA,self_serve,2023-10-04,22.0,False
ACC-004030,CO-0109981,SMB,1-10,Education,EMEA,self_serve,2024-09-01,13.2,True
ACC-004031,CO-0002021,SMB,11-50,Media/Entertainment,North America,self_serve,2025-05-04,39.6,False
ACC-004032,CO-0012888,SMB,1-10,Media/Entertainment,North America,inbound_marketing,2025-09-10,26.9,False
ACC-004033,CO-0068368,SMB,51-200,Professional Services,North America,inbound_marketing,2023-08-06,34.3,False
ACC-004034,CO-0086950,SMB,1-10,Professional Services,North America,self_serve,2025-09-24,25.1,False
ACC-004035,CO-0060926,SMB,1-10,Financial Services,APAC,self_serve,2023-10-28,33.8,False
ACC-004036,CO-0057931,SMB,11-50,Healthcare,LATAM,self_serve,2024-05-26,21.6,False
ACC-004037,CO-0078324,SMB,1-10,Media/Entertainment,North America,self_serve,2024-03-17,22.9,True
ACC-004038,CO-0100328,SMB,1-10,Media/Entertainment,North America,self_serve,2023-12-01,14.2,False
ACC-004039,CO-0017238,SMB,1-10,Healthcare,APAC,self_serve,2025-01-17,15.9,False
ACC-004040,CO-0042356,SMB,1-10,Retail/E-commerce,North America,self_serve,2024-08-19,27.0,False
ACC-004041,CO-0093966,SMB,1-10,Technology/SaaS,North America,self_serve,2025-11-27,30.1,False
ACC-004042,CO-0087055,Commercial,51-200,Logistics/Supply Chain,EMEA,self_serve,2021-02-17,32.9,False
ACC-004043,CO-0059543,SMB,11-50,Healthcare,North America,self_serve,2024-11-01,23.0,False
ACC-004044,CO-0059777,SMB,1-10,Professional Services,APAC,self_serve,2025-12-14,24.2,True
ACC-004045,CO-0067779,SMB,11-50,Professional Services,North America,self_serve,2022-09-24,20.9,False
ACC-004046,CO-0062296,SMB,1-10,Education,EMEA,self_serve,2024-03-06,15.5,False
ACC-004047,CO-0118836,Commercial,11-50,Media/Entertainment,EMEA,inbound_marketing,2022-12-24,16.4,False
ACC-004048,CO-0029983,SMB,1-10,Manufacturing,North America,inbound_marketing,2022-06-05,35.5,False
ACC-004049,CO-0013741,SMB,1-10,Media/Entertainment,North America,self_serve,2025-09-03,28.1,True
ACC-004050,CO-0113153,SMB,51-200,Professional Services,APAC,self_serve,2022-06-13,31.1,False
ACC-004051,CO-0015916,SMB,11-50,Healthcare,EMEA,inbound_marketing,2025-02-27,33.4,False
ACC-004052,CO-0108906,Commercial,51-200,Professional Services,APAC,self_serve,2024-09-22,30.4,False
ACC-004053,CO-0057791,SMB,1-10,Education,EMEA,inbound_marketing,2020-12-12,20.1,False
ACC-004054,CO-0029802,SMB,51-200,Retail/E-commerce,APAC,self_serve,2024-11-06,19.9,False
ACC-004055,CO-0034629,Commercial,1-10,Technology/SaaS,North America,self_serve,2023-03-28,33.9,False
ACC-004056,CO-0117422,SMB,1-10,Public Sector,North America,self_serve,2025-11-23,32.6,False
ACC-004057,CO-0091712,SMB,51-200,Financial Services,LATAM,self_serve,2025-10-19,37.3,False
ACC-004058,CO-0044136,SMB,1-10,Professional Services,EMEA,self_serve,2024-02-23,26.6,False
ACC-004059,CO-0113874,Commercial,11-50,Technology/SaaS,APAC,self_serve,2023-08-14,28.8,False
ACC-004060,CO-0014898,SMB,11-50,Manufacturing,North America,self_serve,2025-11-20,34.1,False
ACC-004061,CO-0004808,SMB,11-50,Technology/SaaS,EMEA,self_serve,2023-06-05,28.4,False
ACC-004062,CO-0060659,SMB,1-10,Manufacturing,North America,self_serve,2024-11-12,27.2,False
ACC-004063,CO-0040347,SMB,1-10,Retail/E-commerce,North America,self_serve,2025-08-18,18.7,True
ACC-004064,CO-0021271,SMB,1-10,Retail/E-commerce,North America,inbound_marketing,2023-01-12,22.2,True
ACC-004065,CO-0109699,Commercial,1-10,Manufacturing,EMEA,self_serve,2025-06-19,28.6,False
ACC-004066,CO-0011152,SMB,51-200,Healthcare,North America,inbound_marketing,2024-07-26,34.4,False
ACC-004067,CO-0104021,SMB,201-1000,Professional Services,North America,self_serve,2021-09-08,36.4,False
ACC-004068,CO-0101668,SMB,51-200,Professional Services,North America,self_serve,2025-01-20,32.1,False
ACC-004069,CO-0009465,SMB,11-50,Education,EMEA,self_serve,2024-08-18,11.3,False
ACC-004070,CO-0075908,SMB,1-10,Logistics/Supply Chain,EMEA,self_serve,2021-08-22,33.6,False
ACC-004071,CO-0069525,SMB,1-10,Media/Entertainment,APAC,self_serve,2025-12-16,8.6,False
ACC-004072,CO-0066490,SMB,11-50,Financial Services,EMEA,self_serve,2023-06-01,31.0,False
ACC-004073,CO-0035465,SMB,1-10,Professional Services,EMEA,inbound_marketing,2023-08-21,11.0,False
ACC-004074,CO-0090080,SMB,11-50,Public Sector,North America,inbound_marketing,2020-08-10,24.6,False
ACC-004075,CO-0033812,Commercial,1-10,Retail/E-commerce,EMEA,self_serve,2024-12-19,14.7,True
ACC-004076,CO-0082670,SMB,11-50,Education,EMEA,self_serve,2021-06-25,13.6,False
ACC-004077,CO-0018152,SMB,11-50,Financial Services,North America,self_serve,2025-10-19,30.5,False
ACC-004078,CO-0067792,SMB,1-10,Professional Services,EMEA,self_serve,2023-11-13,18.7,True
ACC-004079,CO-0037525,SMB,1-10,Professional Services,APAC,self_serve,2025-03-18,17.5,False
ACC-004080,CO-0047488,SMB,1-10,Public Sector,APAC,self_serve,2024-07-27,20.5,False
ACC-004081,CO-0014953,SMB,1-10,Retail/E-commerce,EMEA,self_serve,2023-02-14,15.5,False
ACC-004082,CO-0042161,SMB,1-10,Professional Services,North America,self_serve,2025-07-02,30.3,False
ACC-004083,CO-0041754,SMB,11-50,Manufacturing,North America,self_serve,2024-05-20,39.5,False
ACC-004084,CO-0042049,SMB,1-10,Public Sector,EMEA,self_serve,2021-11-13,22.9,False
ACC-004085,CO-0073262,SMB,11-50,Financial Services,North America,inbound_marketing,2023-12-02,16.1,False
ACC-004086,CO-0082238,SMB,11-50,Education,EMEA,inbound_marketing,2023-01-02,6.8,False
ACC-004087,CO-0090618,Commercial,11-50,Technology/SaaS,EMEA,self_serve,2023-09-10,31.4,False
ACC-004088,CO-0051733,SMB,1-10,Technology/SaaS,APAC,self_serve,2024-01-06,5.8,True
ACC-004089,CO-0024511,SMB,1-10,Healthcare,EMEA,inbound_marketing,2023-10-09,14.6,False
ACC-004090,CO-0043084,SMB,1-10,Logistics/Supply Chain,North America,self_serve,2022-02-26,25.7,False
ACC-004091,CO-0118191,SMB,1-10,Manufacturing,EMEA,self_serve,2025-08-04,17.1,False
ACC-004092,CO-0030843,SMB,11-50,Public Sector,EMEA,self_serve,2025-03-15,26.5,False
ACC-004093,CO-0004703,SMB,11-50,Professional Services,EMEA,inbound_marketing,2025-01-12,25.2,False
ACC-004094,CO-0120568,SMB,11-50,Retail/E-commerce,North America,self_serve,2022-07-01,28.7,False
ACC-004095,CO-0028072,SMB,11-50,Manufacturing,North America,self_serve,2024-05-26,27.7,False
ACC-004096,CO-0093582,SMB,1-10,Technology/SaaS,APAC,self_serve,2025-10-13,25.1,False
ACC-004097,CO-0075144,SMB,1-10,Manufacturing,North America,self_serve,2024-10-17,26.1,False
ACC-004098,CO-0030459,SMB,1-10,Retail/E-commerce,North America,inbound_marketing,2025-01-22,11.2,False
ACC-004099,CO-0012329,SMB,11-50,Professional Services,EMEA,inbound_marketing,2024-10-07,26.3,False
ACC-004100,CO-0039821,SMB,51-200,Retail/E-commerce,North America,self_serve,2020-09-26,33.1,False
ACC-004101,CO-0014749,Commercial,1-10,Logistics/Supply Chain,North America,self_serve,2020-01-07,22.9,False
ACC-004102,CO-0009118,SMB,11-50,Logistics/Supply Chain,EMEA,self_serve,2022-03-19,28.7,False
ACC-004103,CO-0020437,SMB,1-10,Education,EMEA,inbound_marketing,2025-06-01,14.9,False
ACC-004104,CO-0008815,SMB,11-50,Logistics/Supply Chain,North America,inbound_marketing,2025-08-26,37.8,False
ACC-004105,CO-0050986,SMB,1-10,Professional Services,North America,self_serve,2024-04-01,20.1,False
ACC-004106,CO-0111885,SMB,1-10,Healthcare,North America,self_serve,2023-10-09,29.4,True
ACC-004107,CO-0048826,SMB,11-50,Healthcare,EMEA,self_serve,2021-03-28,34.2,False
ACC-004108,CO-0063161,Enterprise,11-50,Education,North America,self_serve,2024-12-09,23.8,False
ACC-004109,CO-0097701,SMB,1-10,Media/Entertainment,APAC,self_serve,2020-02-18,16.1,False
ACC-004110,CO-0064709,SMB,11-50,Professional Services,North America,self_serve,2025-04-24,25.6,False
ACC-004111,CO-0007761,SMB,1-10,Financial Services,EMEA,self_serve,2025-12-01,29.1,True
ACC-004112,CO-0101671,SMB,11-50,Media/Entertainment,EMEA,self_serve,2024-12-11,30.3,False
ACC-004113,CO-0017547,SMB,51-200,Manufacturing,EMEA,inbound_marketing,2020-03-14,33.8,False
ACC-004114,CO-0106386,SMB,11-50,Media/Entertainment,APAC,self_serve,2025-01-27,25.6,False
ACC-004115,CO-0066971,SMB,51-200,Healthcare,North America,inbound_marketing,2025-11-21,37.4,False
ACC-004116,CO-0080637,SMB,11-50,Retail/E-commerce,APAC,inbound_marketing,2025-05-13,28.8,False
ACC-004117,CO-0098689,SMB,11-50,Healthcare,North America,self_serve,2024-12-10,38.5,False
ACC-004118,CO-0062100,SMB,201-1000,Public Sector,EMEA,self_serve,2024-03-12,35.8,False
ACC-004119,CO-0064533,SMB,1-10,Technology/SaaS,North America,self_serve,2025-01-05,16.0,True
ACC-004120,CO-0115395,Commercial,11-50,Financial Services,North America,self_serve,2023-09-16,29.5,False
ACC-004121,CO-0033594,SMB,11-50,Healthcare,EMEA,self_serve,2025-06-19,30.1,False
ACC-004122,CO-0012165,SMB,1-10,Healthcare,North America,self_serve,2020-04-01,21.0,False
ACC-004123,CO-0014703,SMB,1-10,Media/Entertainment,EMEA,self_serve,2020-07-09,22.5,False
ACC-004124,CO-0022195,SMB,11-50,Education,North America,self_serve,2025-05-23,30.3,False
ACC-004125,CO-0067252,SMB,11-50,Retail/E-commerce,North America,self_serve,2023-05-14,24.7,False
ACC-004126,CO-0011203,SMB,1-10,Financial Services,North America,inbound_marketing,2024-06-09,23.3,False
ACC-004127,CO-0078319,SMB,1-10,Professional Services,North America,self_serve,2023-09-26,31.3,False
ACC-004128,CO-0088406,SMB,1-10,Financial Services,North America,inbound_marketing,2022-08-02,21.9,True
ACC-004129,CO-0069969,SMB,11-50,Public Sector,North America,self_serve,2025-12-24,33.4,False
ACC-004130,CO-0111624,SMB,1-10,Professional Services,North America,self_serve,2025-05-17,28.4,False
ACC-004131,CO-0117711,SMB,11-50,Logistics/Supply Chain,North America,self_serve,2020-08-21,21.0,False
ACC-004132,CO-0011025,SMB,51-200,Technology/SaaS,North America,inbound_marketing,2020-06-18,28.2,False
ACC-004133,CO-0115823,SMB,1-10,Media/Entertainment,North America,self_serve,2023-05-12,17.9,False
ACC-004134,CO-0051186,SMB,51-200,Retail/E-commerce,North America,self_serve,2025-12-18,31.2,False
ACC-004135,CO-0010763,SMB,201-1000,Education,EMEA,self_serve,2022-01-13,35.5,False
ACC-004136,CO-0108931,SMB,11-50,Media/Entertainment,EMEA,self_serve,2023-03-08,28.2,False
ACC-004137,CO-0106981,SMB,11-50,Retail/E-commerce,North America,self_serve,2025-08-26,29.6,False
ACC-004138,CO-0017350,SMB,1-10,Public Sector,North America,self_serve,2025-10-15,15.3,False
ACC-004139,CO-0083136,SMB,1-10,Professional Services,APAC,inbound_marketing,2024-10-01,16.1,True
ACC-004140,CO-0110665,SMB,11-50,Logistics/Supply Chain,North America,self_serve,2024-08-27,27.3,False
ACC-004141,CO-0009355,SMB,11-50,Public Sector,EMEA,self_serve,2025-06-11,21.4,False
ACC-004142,CO-0053907,SMB,1-10,Technology/SaaS,EMEA,self_serve,2023-06-10,24.7,True
ACC-004143,CO-0093961,Commercial,1-10,Professional Services,North America,self_serve,2024-09-04,16.3,True
ACC-004144,CO-0001450,SMB,1-10,Technology/SaaS,North America,self_serve,2024-09-03,18.7,False
ACC-004145,CO-0073889,SMB,1-10,Media/Entertainment,APAC,self_serve,2020-09-02,11.0,False
ACC-004146,CO-0005040,SMB,1-10,Manufacturing,APAC,self_serve,2025-02-19,17.5,False
ACC-004147,CO-0063234,SMB,1-10,Retail/E-commerce,North America,inbound_marketing,2023-06-17,20.6,False
ACC-004148,CO-0076866,SMB,1-10,Financial Services,North America,inbound_marketing,2025-01-17,28.7,True
ACC-004149,CO-0006934,SMB,51-200,Logistics/Supply Chain,North America,self_serve,2025-06-25,39.3,False
ACC-004150,CO-0105380,SMB,11-50,Technology/SaaS,EMEA,self_serve,2023-09-26,32.9,False
ACC-004151,CO-0097300,Commercial,1-10,Public Sector,North America,inbound_marketing,2024-01-13,26.3,True
ACC-004152,CO-0061897,SMB,1-10,Professional Services,APAC,self_serve,2021-07-28,17.9,False
ACC-004153,CO-0029934,SMB,11-50,Logistics/Supply Chain,LATAM,self_serve,2024-02-27,24.6,False
ACC-004154,CO-0002721,SMB,11-50,Logistics/Supply Chain,North America,self_serve,2020-10-26,30.6,False
ACC-004155,CO-0093285,SMB,1-10,Public Sector,APAC,self_serve,2023-01-10,28.1,False
ACC-004156,CO-0002713,SMB,1-10,Manufacturing,APAC,inbound_marketing,2024-08-25,21.5,False
ACC-004157,CO-0006694,SMB,11-50,Public Sector,North America,self_serve,2025-07-16,30.0,False
ACC-004158,CO-0098910,SMB,1-10,Media/Entertainment,North America,self_serve,2024-09-13,42.0,True
ACC-004159,CO-0053725,SMB,1-10,Professional Services,North America,self_serve,2025-06-14,32.6,True
ACC-004160,CO-0029402,SMB,1-10,Technology/SaaS,LATAM,self_serve,2024-10-04,26.8,False
ACC-004161,CO-0022978,SMB,1-10,Retail/E-commerce,North America,inbound_marketing,2024-09-03,18.8,False
ACC-004162,CO-0059268,SMB,11-50,Retail/E-commerce,EMEA,self_serve,2025-07-20,25.3,False
ACC-004163,CO-0024400,SMB,1-10,Technology/SaaS,APAC,self_serve,2023-01-10,14.9,False
ACC-004164,CO-0019178,SMB,11-50,Logistics/Supply Chain,North America,self_serve,2021-01-02,27.6,False
ACC-004165,CO-0058013,SMB,11-50,Education,North America,inbound_marketing,2022-01-29,34.7,False
ACC-004166,CO-0116637,SMB,1-10,Financial Services,North America,self_serve,2024-08-13,24.8,False
ACC-004167,CO-0076491,SMB,1-10,Technology/SaaS,North America,inbound_marketing,2025-06-28,35.4,False
ACC-004168,CO-0109206,SMB,51-200,Education,EMEA,self_serve,2020-08-16,37.1,False
ACC-004169,CO-0074396,SMB,11-50,Media/Entertainment,North America,self_serve,2024-06-01,21.0,False
ACC-004170,CO-0110154,SMB,1-10,Retail/E-commerce,North America,self_serve,2023-09-15,16.9,False
ACC-004171,CO-0047169,SMB,1-10,Financial Services,North America,inbound_marketing,2021-10-23,32.6,False
ACC-004172,CO-0025979,SMB,1-10,Manufacturing,North America,self_serve,2020-09-22,23.6,False
ACC-004173,CO-0099551,SMB,1-10,Education,APAC,inbound_marketing,2024-01-17,21.0,False
ACC-004174,CO-0037927,Commercial,1-10,Healthcare,APAC,self_serve,2024-02-14,20.3,False
ACC-004175,CO-0016285,SMB,11-50,Retail/E-commerce,APAC,self_serve,2020-04-13,35.1,False
ACC-004176,CO-0064669,SMB,51-200,Professional Services,EMEA,self_serve,2024-04-17,31.8,False
ACC-004177,CO-0072695,SMB,11-50,Media/Entertainment,APAC,inbound_marketing,2024-03-08,25.3,False
ACC-004178,CO-0006749,Commercial,11-50,Healthcare,North America,self_serve,2025-03-14,29.5,False
ACC-004179,CO-0051283,SMB,1-10,Media/Entertainment,EMEA,self_serve,2024-12-11,16.8,False
ACC-004180,CO-0077927,SMB,11-50,Logistics/Supply Chain,North America,self_serve,2024-02-25,35.1,False
ACC-004181,CO-0019265,Commercial,1-10,Logistics/Supply Chain,EMEA,self_serve,2024-11-04,31.9,False
ACC-004182,CO-0064903,SMB,11-50,Logistics/Supply Chain,EMEA,inbound_marketing,2024-06-14,23.1,False
ACC-004183,CO-0011863,SMB,1-10,Financial Services,North America,self_serve,2023-12-06,36.3,False
ACC-004184,CO-0063834,SMB,1-10,Retail/E-commerce,APAC,inbound_marketing,2024-05-16,21.3,False
ACC-004185,CO-0109128,SMB,11-50,Healthcare,EMEA,self_serve,2024-06-03,30.9,False
ACC-004186,CO-0097933,SMB,1-10,Technology/SaaS,EMEA,self_serve,2020-02-29,39.3,False
ACC-004187,CO-0081644,Commercial,1-10,Technology/SaaS,North America,self_serve,2024-08-22,29.0,False
ACC-004188,CO-0000140,SMB,11-50,Professional Services,EMEA,self_serve,2025-06-02,27.0,False
ACC-004189,CO-0003806,SMB,11-50,Professional Services,EMEA,self_serve,2025-07-22,31.1,False
ACC-004190,CO-0065330,SMB,11-50,Healthcare,North America,self_serve,2023-04-03,15.3,False
ACC-004191,CO-0080558,SMB,11-50,Technology/SaaS,North America,inbound_marketing,2024-09-12,33.0,False
ACC-004192,CO-0056181,Commercial,1-10,Logistics/Supply Chain,APAC,self_serve,2025-01-02,18.6,True
ACC-004193,CO-0017838,SMB,1-10,Technology/SaaS,APAC,self_serve,2025-05-08,25.4,False
ACC-004194,CO-0115870,SMB,11-50,Public Sector,North America,inbound_marketing,2025-09-20,22.8,False
ACC-004195,CO-0033715,SMB,11-50,Technology/SaaS,APAC,self_serve,2021-03-23,35.2,False
ACC-004196,CO-0004930,SMB,1-10,Logistics/Supply Chain,APAC,self_serve,2020-02-16,15.4,False
ACC-004197,CO-0017191,SMB,1-10,Technology/SaaS,North America,self_serve,2022-03-26,28.7,False
ACC-004198,CO-0018870,SMB,1-10,Retail/E-commerce,North America,inbound_marketing,2025-06-27,21.4,True
ACC-004199,CO-0010380,SMB,1-10,Manufacturing,EMEA,self_serve,2025-11-17,30.8,False
ACC-004200,CO-0025343,SMB,1-10,Public Sector,North America,self_serve,2023-12-24,31.7,False
ACC-004201,CO-0041903,SMB,51-200,Professional Services,EMEA,self_serve,2023-11-15,30.3,False
ACC-004202,CO-0101476,SMB,11-50,Manufacturing,North America,self_serve,2024-09-07,36.8,False
ACC-004203,CO-0024808,SMB,51-200,Logistics/Supply Chain,North America,self_serve,2025-08-13,35.6,False
ACC-004204,CO-0015714,SMB,1-10,Healthcare,North America,self_serve,2025-08-06,29.4,False
ACC-004205,CO-0063838,SMB,1-10,Manufacturing,North America,self_serve,2022-01-09,23.0,False
ACC-004206,CO-0026144,SMB,1-10,Logistics/Supply Chain,North America,self_serve,2025-03-13,30.1,True
ACC-004207,CO-0080112,SMB,1-10,Healthcare,EMEA,self_serve,2025-01-13,16.4,False
ACC-004208,CO-0029532,SMB,11-50,Retail/E-commerce,APAC,inbound_marketing,2025-11-18,23.7,False
ACC-004209,CO-0052037,SMB,1-10,Professional Services,APAC,self_serve,2025-11-22,10.8,False
ACC-004210,CO-0064192,SMB,11-50,Logistics/Supply Chain,EMEA,self_serve,2024-07-07,25.1,False
ACC-004211,CO-0078717,SMB,11-50,Professional Services,North America,inbound_marketing,2024-12-21,28.0,False
ACC-004212,CO-0110025,SMB,1-10,Logistics/Supply Chain,EMEA,self_serve,2024-11-03,25.3,False
ACC-004213,CO-0054147,SMB,1-10,Financial Services,APAC,self_serve,2022-04-23,24.1,False
ACC-004214,CO-0074926,SMB,1-10,Healthcare,EMEA,self_serve,2025-12-28,19.5,False
ACC-004215,CO-0015412,SMB,201-1000,Public Sector,North America,self_serve,2025-12-26,35.7,False
ACC-004216,CO-0062852,SMB,1-10,Retail/E-commerce,EMEA,self_serve,2023-05-05,22.7,True
ACC-004217,CO-0075486,SMB,1-10,Professional Services,North America,inbound_marketing,2024-07-16,22.5,False
ACC-004218,CO-0101453,SMB,1-10,Public Sector,EMEA,self_serve,2025-11-09,29.3,False
ACC-004219,CO-0113233,Commercial,1-10,Retail/E-commerce,North America,self_serve,2023-02-17,17.5,False
ACC-004220,CO-0114988,SMB,1-10,Logistics/Supply Chain,North America,inbound_marketing,2020-01-24,33.3,False
ACC-004221,CO-0106778,SMB,1-10,Logistics/Supply Chain,North America,self_serve,2025-02-12,33.4,False
ACC-004222,CO-0119467,SMB,1-10,Media/Entertainment,APAC,self_serve,2023-06-18,13.6,False
ACC-004223,CO-0090696,SMB,11-50,Manufacturing,North America,self_serve,2023-12-09,33.4,False
ACC-004224,CO-0044465,SMB,1-10,Manufacturing,LATAM,inbound_marketing,2024-03-11,13.9,False
ACC-004225,CO-0108755,Commercial,1-10,Financial Services,APAC,inbound_marketing,2024-11-25,21.0,True
ACC-004226,CO-0119198,SMB,1-10,Technology/SaaS,EMEA,self_serve,2024-04-04,21.8,False
ACC-004227,CO-0099535,SMB,11-50,Public Sector,APAC,self_serve,2025-04-10,24.3,False
ACC-004228,CO-0011683,SMB,1-10,Logistics/Supply Chain,North America,self_serve,2025-07-13,10.6,False
ACC-004229,CO-0086255,SMB,1-10,Financial Services,APAC,self_serve,2023-07-06,27.2,False
ACC-004230,CO-0090700,SMB,1-10,Media/Entertainment,North America,self_serve,2024-10-13,25.7,False
ACC-004231,CO-0079977,SMB,51-200,Healthcare,North America,self_serve,2022-04-05,39.8,False
ACC-004232,CO-0005852,SMB,11-50,Financial Services,North America,self_serve,2025-02-25,37.7,False
ACC-004233,CO-0053247,SMB,1-10,Retail/E-commerce,North America,inbound_marketing,2021-11-24,30.4,False
ACC-004234,CO-0031374,SMB,1-10,Healthcare,North America,inbound_marketing,2025-11-14,29.2,False
ACC-004235,CO-0016412,SMB,11-50,Technology/SaaS,North America,self_serve,2020-04-01,32.7,False
ACC-004236,CO-0104591,SMB,1-10,Media/Entertainment,North America,self_serve,2025-01-23,27.8,True
ACC-004237,CO-0092444,SMB,51-200,Healthcare,LATAM,inbound_marketing,2023-09-09,28.7,False
ACC-004238,CO-0075101,Commercial,1-10,Healthcare,North America,inbound_marketing,2023-01-03,23.3,False
ACC-004239,CO-0000354,SMB,51-200,Media/Entertainment,EMEA,inbound_marketing,2025-10-05,31.3,False
ACC-004240,CO-0107831,SMB,1-10,Public Sector,North America,self_serve,2025-02-19,17.6,False
ACC-004241,CO-0009644,SMB,1-10,Manufacturing,North America,self_serve,2023-06-26,23.0,True
ACC-004242,CO-0011891,SMB,11-50,Technology/SaaS,North America,self_serve,2024-01-03,12.2,False
ACC-004243,CO-0001353,SMB,11-50,Public Sector,North America,self_serve,2025-10-13,37.3,False
ACC-004244,CO-0082079,SMB,11-50,Financial Services,North America,self_serve,2024-03-26,37.1,False
ACC-004245,CO-0042592,SMB,1-10,Professional Services,North America,self_serve,2024-10-01,17.2,False
ACC-004246,CO-0088854,SMB,1-10,Professional Services,North America,self_serve,2022-03-22,13.6,False
ACC-004247,CO-0050105,SMB,1-10,Manufacturing,EMEA,inbound_marketing,2025-03-20,38.5,False
ACC-004248,CO-0073263,SMB,1-10,Retail/E-commerce,North America,self_serve,2023-04-13,9.6,False
ACC-004249,CO-0071028,SMB,1-10,Professional Services,North America,inbound_marketing,2025-08-26,31.1,True
ACC-004250,CO-0013256,SMB,11-50,Public Sector,North America,self_serve,2024-05-05,29.7,False
ACC-004251,CO-0115333,SMB,11-50,Public Sector,North America,self_serve,2024-12-17,28.8,False
ACC-004252,CO-0080779,SMB,11-50,Retail/E-commerce,North America,self_serve,2023-08-13,29.2,False
ACC-004253,CO-0119509,SMB,1-10,Financial Services,LATAM,self_serve,2024-10-24,34.2,False
ACC-004254,CO-0047027,SMB,1-10,Retail/E-commerce,North America,self_serve,2025-12-11,27.0,False
ACC-004255,CO-0101330,SMB,51-200,Public Sector,APAC,inbound_marketing,2024-12-12,37.0,False
ACC-004256,CO-0032792,SMB,1-10,Financial Services,North America,inbound_marketing,2025-02-16,33.3,False
ACC-004257,CO-0109686,SMB,1-10,Logistics/Supply Chain,North America,inbound_marketing,2025-11-06,13.2,False
ACC-004258,CO-0026756,SMB,11-50,Technology/SaaS,EMEA,inbound_marketing,2023-07-23,38.3,False
ACC-004259,CO-0018772,SMB,1-10,Manufacturing,North America,self_serve,2025-11-16,29.5,False
ACC-004260,CO-0053950,Commercial,1-10,Public Sector,APAC,inbound_marketing,2024-07-07,10.4,False
ACC-004261,CO-0041238,SMB,1-10,Education,North America,inbound_marketing,2025-02-24,17.5,False
ACC-004262,CO-0102956,SMB,11-50,Logistics/Supply Chain,North America,self_serve,2024-05-10,30.8,False
ACC-004263,CO-0055760,SMB,1-10,Professional Services,North America,self_serve,2020-05-10,15.1,False
ACC-004264,CO-0088840,SMB,51-200,Education,North America,self_serve,2025-12-07,32.4,False
ACC-004265,CO-0011968,SMB,1-10,Retail/E-commerce,APAC,inbound_marketing,2024-08-15,27.3,True
ACC-004266,CO-0035844,Commercial,11-50,Education,APAC,self_serve,2021-10-30,21.2,False
ACC-004267,CO-0065336,SMB,1-10,Logistics/Supply Chain,North America,self_serve,2024-12-10,16.5,False
ACC-004268,CO-0078051,SMB,11-50,Education,EMEA,inbound_marketing,2025-12-06,5.4,False
ACC-004269,CO-0090772,SMB,11-50,Manufacturing,North America,self_serve,2025-08-11,30.4,False
ACC-004270,CO-0098778,SMB,1-10,Manufacturing,North America,inbound_marketing,2025-01-05,23.4,False
ACC-004271,CO-0013473,Commercial,1-10,Logistics/Supply Chain,EMEA,self_serve,2022-11-29,18.6,False
ACC-004272,CO-0062794,SMB,11-50,Healthcare,APAC,self_serve,2024-10-24,31.0,False
ACC-004273,CO-0067293,SMB,11-50,Professional Services,North America,self_serve,2025-06-25,20.4,False
ACC-004274,CO-0105132,SMB,11-50,Media/Entertainment,North America,inbound_marketing,2024-06-27,28.2,False
ACC-004275,CO-0066007,SMB,1-10,Retail/E-commerce,EMEA,self_serve,2025-04-24,15.9,False
ACC-004276,CO-0084187,Commercial,1-10,Financial Services,EMEA,self_serve,2021-10-12,30.7,False
ACC-004277,CO-0101849,SMB,1-10,Logistics/Supply Chain,LATAM,inbound_marketing,2020-06-14,30.0,False
ACC-004278,CO-0067171,Commercial,1-10,Technology/SaaS,EMEA,self_serve,2023-07-27,31.4,True
ACC-004279,CO-0027224,SMB,11-50,Media/Entertainment,North America,inbound_marketing,2024-11-07,28.1,False
ACC-004280,CO-0065157,SMB,1-10,Education,North America,inbound_marketing,2025-10-24,13.8,False
ACC-004281,CO-0010381,SMB,11-50,Retail/E-commerce,North America,self_serve,2020-12-30,26.6,False
ACC-004282,CO-0055998,SMB,1-10,Technology/SaaS,North America,inbound_marketing,2021-03-05,28.2,False
ACC-004283,CO-0075349,SMB,11-50,Technology/SaaS,North America,inbound_marketing,2024-04-16,34.9,False
ACC-004284,CO-0104928,SMB,51-200,Professional Services,APAC,self_serve,2025-12-21,37.3,False
ACC-004285,CO-0072702,SMB,11-50,Professional Services,LATAM,self_serve,2024-05-05,13.0,False
ACC-004286,CO-0003058,SMB,1-10,Professional Services,North America,self_serve,2020-06-06,19.1,False
ACC-004287,CO-0008523,SMB,11-50,Manufacturing,North America,self_serve,2020-06-04,38.6,False
ACC-004288,CO-0007956,SMB,1-10,Public Sector,North America,self_serve,2022-12-08,22.4,False
ACC-004289,CO-0051023,SMB,1-10,Education,North America,self_serve,2023-09-01,18.3,False
ACC-004290,CO-0001457,SMB,201-1000,Professional Services,North America,self_serve,2023-04-13,39.5,False
ACC-004291,CO-0034581,Commercial,11-50,Technology/SaaS,North America,self_serve,2024-08-04,26.6,False
ACC-004292,CO-0115856,SMB,201-1000,Retail/E-commerce,North America,self_serve,2025-09-11,38.9,False
ACC-004293,CO-0030436,SMB,1-10,Professional Services,North America,self_serve,2024-04-12,36.3,False
ACC-004294,CO-0072884,SMB,1-10,Logistics/Supply Chain,EMEA,inbound_marketing,2025-05-20,18.7,False
ACC-004295,CO-0096815,SMB,1-10,Media/Entertainment,North America,inbound_marketing,2020-05-17,8.9,False
ACC-004296,CO-0098780,SMB,51-200,Retail/E-commerce,North America,inbound_marketing,2025-11-17,27.4,False
ACC-004297,CO-0037777,SMB,11-50,Technology/SaaS,EMEA,self_serve,2025-09-26,26.8,False
ACC-004298,CO-0002692,SMB,1-10,Retail/E-commerce,North America,inbound_marketing,2024-11-07,15.1,False
ACC-004299,CO-0016684,SMB,1-10,Healthcare,North America,self_serve,2021-05-09,33.3,False
ACC-004300,CO-0044821,SMB,11-50,Retail/E-commerce,APAC,self_serve,2025-09-08,31.0,False
ACC-004301,CO-0109337,SMB,11-50,Public Sector,North America,self_serve,2022-04-20,30.5,False
ACC-004302,CO-0055985,SMB,11-50,Professional Services,APAC,self_serve,2020-05-29,22.6,False
ACC-004303,CO-0110105,SMB,1-10,Public Sector,LATAM,inbound_marketing,2025-05-25,11.4,False
ACC-004304,CO-0054319,SMB,1-10,Technology/SaaS,North America,inbound_marketing,2023-06-09,28.9,False
ACC-004305,CO-0060748,SMB,1-10,Financial Services,North America,inbound_marketing,2022-11-20,29.0,False
ACC-004306,CO-0014650,SMB,1-10,Healthcare,North America,inbound_marketing,2025-12-09,32.2,False
ACC-004307,CO-0029846,SMB,51-200,Technology/SaaS,North America,inbound_marketing,2023-07-19,35.4,False
ACC-004308,CO-0018570,SMB,1-10,Public Sector,EMEA,self_serve,2023-03-25,19.0,False
ACC-004309,CO-0069788,SMB,1-10,Financial Services,North America,self_serve,2025-10-18,19.9,False
ACC-004310,CO-0110854,SMB,11-50,Healthcare,North America,self_serve,2025-12-21,33.8,False
ACC-004311,CO-0121994,SMB,11-50,Manufacturing,North America,inbound_marketing,2025-05-03,34.4,False
ACC-004312,CO-0021335,SMB,1-10,Technology/SaaS,EMEA,self_serve,2025-10-09,32.2,False
ACC-004313,CO-0007625,SMB,11-50,Logistics/Supply Chain,APAC,inbound_marketing,2025-03-20,25.4,False
ACC-004314,CO-0107683,SMB,1-10,Financial Services,North America,inbound_marketing,2025-10-28,24.0,False
ACC-004315,CO-0067802,SMB,1-10,Manufacturing,North America,self_serve,2020-10-26,34.5,True
ACC-004316,CO-0037131,SMB,1-10,Healthcare,North America,self_serve,2024-10-09,18.6,True
ACC-004317,CO-0093227,SMB,51-200,Retail/E-commerce,North America,inbound_marketing,2025-04-16,31.9,False
ACC-004318,CO-0047128,SMB,1-10,Retail/E-commerce,North America,self_serve,2025-11-25,27.8,False
ACC-004319,CO-0070075,SMB,51-200,Healthcare,North America,self_serve,2020-12-30,35.2,False
ACC-004320,CO-0097450,SMB,1-10,Media/Entertainment,North America,inbound_marketing,2024-08-08,20.4,False
ACC-004321,CO-0079834,SMB,1-10,Healthcare,North America,inbound_marketing,2025-12-27,23.9,False
ACC-004322,CO-0074690,SMB,1-10,Professional Services,North America,self_serve,2025-04-25,23.8,False
ACC-004323,CO-0015852,SMB,11-50,Professional Services,North America,self_serve,2023-03-12,28.0,False
ACC-004324,CO-0011449,SMB,11-50,Technology/SaaS,North America,self_serve,2024-12-14,30.3,False
ACC-004325,CO-0119668,SMB,1-10,Public Sector,North America,self_serve,2025-11-03,33.7,False
ACC-004326,CO-0019420,Commercial,1-10,Manufacturing,North America,inbound_marketing,2025-07-26,9.0,False
ACC-004327,CO-0068611,SMB,51-200,Professional Services,APAC,self_serve,2021-05-02,34.7,False
ACC-004328,CO-0010926,SMB,51-200,Manufacturing,EMEA,self_serve,2024-05-14,37.7,False
ACC-004329,CO-0102103,SMB,11-50,Public Sector,EMEA,self_serve,2025-10-14,26.3,False
ACC-004330,CO-0038037,SMB,1-10,Financial Services,EMEA,self_serve,2024-06-05,30.2,False
ACC-004331,CO-0106045,SMB,1-10,Professional Services,LATAM,inbound_marketing,2021-12-26,10.7,True
ACC-004332,CO-0009485,SMB,1-10,Logistics/Supply Chain,APAC,self_serve,2025-12-02,16.0,True
ACC-004333,CO-0029820,SMB,1-10,Healthcare,APAC,inbound_marketing,2024-05-04,20.7,False
ACC-004334,CO-0028289,Commercial,51-200,Logistics/Supply Chain,APAC,inbound_marketing,2021-07-10,22.9,False
ACC-004335,CO-0036237,SMB,11-50,Logistics/Supply Chain,APAC,self_serve,2024-01-15,33.5,False
ACC-004336,CO-0068716,SMB,1-10,Financial Services,APAC,self_serve,2024-06-19,30.3,False
ACC-004337,CO-0031697,SMB,1-10,Professional Services,North America,self_serve,2025-06-06,24.5,False
ACC-004338,CO-0121215,SMB,51-200,Retail/E-commerce,EMEA,self_serve,2025-01-07,33.2,False
ACC-004339,CO-0077021,SMB,1-10,Financial Services,North America,self_serve,2025-01-18,34.3,False
ACC-004340,CO-0109855,SMB,1-10,Healthcare,EMEA,self_serve,2025-03-16,13.3,False
ACC-004341,CO-0037760,Commercial,1-10,Professional Services,North America,self_serve,2024-10-24,19.2,False
ACC-004342,CO-0038324,SMB,11-50,Media/Entertainment,North America,self_serve,2025-07-18,26.6,False
ACC-004343,CO-0067784,SMB,1-10,Education,APAC,self_serve,2024-11-14,21.0,False
ACC-004344,CO-0039654,SMB,11-50,Manufacturing,North America,self_serve,2021-06-01,28.6,False
ACC-004345,CO-0093455,SMB,11-50,Technology/SaaS,APAC,self_serve,2025-02-01,27.7,False
ACC-004346,CO-0071174,SMB,51-200,Professional Services,North America,inbound_marketing,2025-04-06,39.7,False
ACC-004347,CO-0051299,SMB,1-10,Retail/E-commerce,North America,self_serve,2023-07-11,20.0,False
ACC-004348,CO-0049715,SMB,1-10,Financial Services,EMEA,inbound_marketing,2024-11-16,29.4,False
ACC-004349,CO-0038378,SMB,11-50,Public Sector,North America,self_serve,2021-01-04,31.7,False
ACC-004350,CO-0032838,SMB,1-10,Retail/E-commerce,North America,self_serve,2020-12-07,17.4,False
ACC-004351,CO-0067144,SMB,11-50,Financial Services,APAC,self_serve,2024-01-07,19.5,False
ACC-004352,CO-0002108,SMB,1-10,Manufacturing,North America,inbound_marketing,2025-12-27,23.5,False
ACC-004353,CO-0033942,SMB,1-10,Healthcare,North America,inbound_marketing,2023-09-22,23.1,False
ACC-004354,CO-0084692,SMB,11-50,Healthcare,North America,inbound_marketing,2025-10-13,28.4,False
ACC-004355,CO-0059946,SMB,11-50,Education,North America,inbound_marketing,2023-02-12,34.6,False
ACC-004356,CO-0093853,SMB,1-10,Financial Services,EMEA,self_serve,2023-07-14,36.0,False
ACC-004357,CO-0068448,SMB,11-50,Public Sector,EMEA,inbound_marketing,2024-03-24,31.7,False
ACC-004358,CO-0065576,SMB,1-10,Healthcare,APAC,self_serve,2020-10-10,32.2,True
ACC-004359,CO-0113430,SMB,1-10,Retail/E-commerce,EMEA,self_serve,2024-03-03,14.7,True
ACC-004360,CO-0091031,SMB,11-50,Public Sector,North America,inbound_marketing,2024-01-12,33.9,False
ACC-004361,CO-0021793,Commercial,1-10,Public Sector,EMEA,self_serve,2024-06-01,22.4,False
ACC-004362,CO-0121899,Commercial,1-10,Retail/E-commerce,North America,self_serve,2025-05-19,20.0,False
ACC-004363,CO-0034979,SMB,1-10,Financial Services,EMEA,self_serve,2023-10-20,25.5,False
ACC-004364,CO-0113483,SMB,1-10,Logistics/Supply Chain,North America,self_serve,2025-03-12,27.4,False
ACC-004365,CO-0056427,SMB,11-50,Healthcare,APAC,inbound_marketing,2022-04-14,32.4,False
ACC-004366,CO-0056025,SMB,11-50,Manufacturing,North America,self_serve,2024-07-05,26.5,False
ACC-004367,CO-0042194,Commercial,1-10,Professional Services,North America,self_serve,2022-11-27,18.7,True
ACC-004368,CO-0043957,SMB,11-50,Technology/SaaS,North America,self_serve,2025-02-26,33.2,False
ACC-004369,CO-0050561,SMB,51-200,Public Sector,North America,self_serve,2025-07-04,34.7,False
ACC-004370,CO-0036957,SMB,1-10,Professional Services,North America,inbound_marketing,2022-05-29,15.8,True
ACC-004371,CO-0049930,SMB,11-50,Professional Services,APAC,self_serve,2023-11-22,22.3,False
ACC-004372,CO-0005379,SMB,1-10,Public Sector,EMEA,inbound_marketing,2025-10-09,18.0,True
ACC-004373,CO-0108923,SMB,1-10,Education,North America,self_serve,2024-02-22,30.5,False
ACC-004374,CO-0039276,SMB,1-10,Financial Services,EMEA,self_serve,2021-05-17,34.2,True
ACC-004375,CO-0045421,SMB,1-10,Professional Services,North America,self_serve,2025-10-08,9.6,False
ACC-004376,CO-0007040,SMB,51-200,Retail/E-commerce,North America,inbound_marketing,2021-07-19,37.2,False
ACC-004377,CO-0008912,SMB,11-50,Manufacturing,North America,inbound_marketing,2020-09-09,30.0,False
ACC-004378,CO-0012824,SMB,1-10,Public Sector,EMEA,inbound_marketing,2021-12-06,20.8,False
ACC-004379,CO-0050490,SMB,1-10,Healthcare,North America,self_serve,2020-03-03,22.9,False
ACC-004380,CO-0085099,SMB,51-200,Financial Services,North America,self_serve,2024-02-11,39.7,False
ACC-004381,CO-0078514,SMB,1-10,Technology/SaaS,APAC,self_serve,2025-06-08,18.5,False
ACC-004382,CO-0010215,SMB,1-10,Public Sector,North America,self_serve,2025-10-20,32.3,False
ACC-004383,CO-0056075,SMB,1-10,Technology/SaaS,North America,self_serve,2023-12-14,25.1,False
ACC-004384,CO-0063438,SMB,1-10,Technology/SaaS,North America,inbound_marketing,2025-05-24,31.6,True
ACC-004385,CO-0044030,SMB,1-10,Media/Entertainment,North America,self_serve,2021-09-07,35.0,False
ACC-004386,CO-0114765,SMB,1-10,Financial Services,North America,inbound_marketing,2022-06-25,36.7,False
ACC-004387,CO-0030238,Commercial,1-10,Financial Services,North America,self_serve,2024-05-03,28.9,False
ACC-004388,CO-0068925,SMB,1-10,Education,EMEA,inbound_marketing,2023-09-17,13.4,False
ACC-004389,CO-0044818,SMB,11-50,Education,North America,self_serve,2025-05-23,18.1,False
ACC-004390,CO-0037066,SMB,1-10,Professional Services,North America,inbound_marketing,2020-05-20,14.5,False
ACC-004391,CO-0035013,SMB,11-50,Manufacturing,North America,self_serve,2025-01-12,35.8,False
ACC-004392,CO-0056820,SMB,1-10,Retail/E-commerce,EMEA,self_serve,2024-08-24,15.3,False
ACC-004393,CO-0109537,SMB,11-50,Healthcare,North America,self_serve,2025-04-28,28.5,False
ACC-004394,CO-0113467,SMB,1-10,Professional Services,North America,inbound_marketing,2022-03-11,16.8,False
ACC-004395,CO-0090186,SMB,1-10,Financial Services,EMEA,self_serve,2024-11-11,18.7,False
ACC-004396,CO-0001933,SMB,1-10,Technology/SaaS,North America,self_serve,2025-04-08,37.7,False
ACC-004397,CO-0115862,SMB,1-10,Financial Services,EMEA,self_serve,2024-10-05,38.8,False
ACC-004398,CO-0034176,Enterprise,11-50,Education,North America,self_serve,2025-02-13,17.8,False
ACC-004399,CO-0029898,SMB,1-10,Media/Entertainment,North America,self_serve,2024-10-27,14.0,False
ACC-004400,CO-0044302,Commercial,1-10,Education,North America,self_serve,2025-07-06,22.4,True
ACC-004401,CO-0079518,SMB,1-10,Financial Services,North America,inbound_marketing,2025-07-22,37.9,False
ACC-004402,CO-0054908,SMB,1-10,Technology/SaaS,North America,self_serve,2024-05-08,30.0,False
ACC-004403,CO-0005019,SMB,1-10,Public Sector,EMEA,self_serve,2024-08-16,28.1,False
ACC-004404,CO-0049728,Commercial,201-1000,Education,North America,self_serve,2024-07-28,37.1,False
ACC-004405,CO-0119559,SMB,1-10,Financial Services,EMEA,inbound_marketing,2024-04-16,21.2,False
ACC-004406,CO-0107940,SMB,51-200,Professional Services,APAC,self_serve,2024-10-02,32.4,False
ACC-004407,CO-0033445,SMB,1-10,Technology/SaaS,APAC,self_serve,2025-11-23,26.2,True
ACC-004408,CO-0006110,SMB,11-50,Technology/SaaS,North America,self_serve,2024-11-23,30.0,False
ACC-004409,CO-0021655,SMB,1-10,Manufacturing,APAC,inbound_marketing,2023-10-18,31.5,False
ACC-004410,CO-0061490,SMB,1-10,Technology/SaaS,EMEA,self_serve,2025-06-16,48.2,True
ACC-004411,CO-0034406,SMB,1-10,Media/Entertainment,North America,self_serve,2024-07-28,14.4,True
ACC-004412,CO-0069708,SMB,201-1000,Retail/E-commerce,North America,self_serve,2025-02-16,39.7,False
ACC-004413,CO-0077265,SMB,11-50,Healthcare,EMEA,self_serve,2024-06-05,27.7,False
ACC-004414,CO-0011684,SMB,11-50,Education,North America,self_serve,2024-10-19,20.0,False
ACC-004415,CO-0039165,Commercial,11-50,Manufacturing,EMEA,inbound_marketing,2023-11-02,22.7,False
ACC-004416,CO-0006601,SMB,51-200,Education,EMEA,self_serve,2024-06-08,31.1,False
ACC-004417,CO-0045286,SMB,51-200,Media/Entertainment,LATAM,self_serve,2024-04-04,24.5,False
ACC-004418,CO-0024719,SMB,11-50,Media/Entertainment,EMEA,inbound_marketing,2024-10-07,28.0,False
ACC-004419,CO-0029171,SMB,1-10,Professional Services,LATAM,self_serve,2020-07-14,6.9,False
ACC-004420,CO-0064522,SMB,51-200,Financial Services,LATAM,self_serve,2023-03-14,39.8,False
ACC-004421,CO-0078135,Commercial,11-50,Financial Services,LATAM,self_serve,2021-06-12,28.2,False
ACC-004422,CO-0059589,SMB,11-50,Healthcare,North America,self_serve,2025-12-18,24.9,False
ACC-004423,CO-0091704,SMB,1-10,Public Sector,North America,self_serve,2025-09-09,25.2,False
ACC-004424,CO-0083551,SMB,1-10,Technology/SaaS,North America,self_serve,2023-03-08,31.1,False
ACC-004425,CO-0020909,SMB,1-10,Professional Services,North America,inbound_marketing,2020-10-03,18.1,False
ACC-004426,CO-0071953,SMB,11-50,Healthcare,EMEA,self_serve,2024-12-25,21.4,False
ACC-004427,CO-0002517,SMB,51-200,Retail/E-commerce,North America,self_serve,2023-10-28,31.0,False
ACC-004428,CO-0085180,Commercial,11-50,Logistics/Supply Chain,North America,self_serve,2024-04-10,27.2,False
ACC-004429,CO-0070711,SMB,1-10,Education,EMEA,self_serve,2021-04-02,7.6,False
ACC-004430,CO-0071563,SMB,11-50,Professional Services,APAC,self_serve,2021-09-24,9.9,False
ACC-004431,CO-0018961,SMB,11-50,Logistics/Supply Chain,North America,self_serve,2025-09-19,33.5,False
ACC-004432,CO-0034198,SMB,51-200,Media/Entertainment,North America,self_serve,2020-09-12,31.7,False
ACC-004433,CO-0024182,SMB,1-10,Healthcare,North America,inbound_marketing,2023-08-04,24.1,True
ACC-004434,CO-0088097,SMB,11-50,Media/Entertainment,North America,self_serve,2021-05-01,23.6,False
ACC-004435,CO-0088458,SMB,51-200,Professional Services,North America,self_serve,2025-01-10,31.1,False
ACC-004436,CO-0119835,SMB,1-10,Professional Services,EMEA,self_serve,2025-10-09,14.8,False
ACC-004437,CO-0059223,SMB,1-10,Technology/SaaS,APAC,self_serve,2025-12-06,20.2,True
ACC-004438,CO-0000753,SMB,1-10,Public Sector,North America,self_serve,2025-01-13,27.8,False
ACC-004439,CO-0052722,Commercial,11-50,Public Sector,North America,inbound_marketing,2024-12-24,35.1,False
ACC-004440,CO-0100427,SMB,11-50,Technology/SaaS,North America,self_serve,2024-01-27,31.4,False
ACC-004441,CO-0060230,SMB,11-50,Healthcare,APAC,self_serve,2025-11-24,18.3,False
ACC-004442,CO-0027740,SMB,11-50,Education,North America,self_serve,2023-06-12,19.6,False
ACC-004443,CO-0056146,Enterprise,51-200,Logistics/Supply Chain,APAC,self_serve,2023-11-01,39.5,False
ACC-004444,CO-0041873,Commercial,11-50,Retail/E-commerce,North America,self_serve,2024-09-28,31.4,False
ACC-004445,CO-0114239,SMB,11-50,Logistics/Supply Chain,North America,self_serve,2024-12-20,24.4,False
ACC-004446,CO-0080813,SMB,11-50,Financial Services,North America,self_serve,2020-11-09,29.7,False
ACC-004447,CO-0122936,SMB,11-50,Logistics/Supply Chain,LATAM,inbound_marketing,2025-02-15,31.3,False
ACC-004448,CO-0016791,SMB,11-50,Logistics/Supply Chain,North America,self_serve,2023-03-04,29.5,False
ACC-004449,CO-0106885,SMB,1-10,Technology/SaaS,APAC,inbound_marketing,2025-01-21,24.3,False
ACC-004450,CO-0114766,SMB,1-10,Manufacturing,APAC,inbound_marketing,2025-07-23,37.6,True
ACC-004451,CO-0100738,SMB,1-10,Financial Services,North America,self_serve,2021-10-24,44.4,True
ACC-004452,CO-0079598,Commercial,11-50,Logistics/Supply Chain,EMEA,self_serve,2023-11-20,30.0,False
ACC-004453,CO-0118466,SMB,1-10,Retail/E-commerce,EMEA,inbound_marketing,2022-02-24,18.4,True
ACC-004454,CO-0068571,SMB,1-10,Financial Services,North America,self_serve,2021-02-23,29.6,True
ACC-004455,CO-0076714,SMB,1-10,Professional Services,North America,self_serve,2023-06-23,30.8,False
ACC-004456,CO-0115958,Commercial,11-50,Public Sector,EMEA,self_serve,2024-04-10,23.5,False
ACC-004457,CO-0087387,Commercial,51-200,Technology/SaaS,EMEA,self_serve,2025-02-01,37.3,False
ACC-004458,CO-0109465,SMB,51-200,Retail/E-commerce,APAC,inbound_marketing,2025-12-14,37.1,False
ACC-004459,CO-0011003,SMB,51-200,Media/Entertainment,North America,self_serve,2021-01-22,27.6,False
ACC-004460,CO-0063822,SMB,1-10,Technology/SaaS,APAC,inbound_marketing,2025-06-09,26.0,True
ACC-004461,CO-0019063,SMB,1-10,Media/Entertainment,LATAM,self_serve,2021-05-18,5.8,True
ACC-004462,CO-0087006,SMB,1-10,Financial Services,North America,self_serve,2024-09-15,32.1,False
ACC-004463,CO-0115721,SMB,51-200,Public Sector,North America,inbound_marketing,2024-07-07,36.2,False
ACC-004464,CO-0110257,SMB,51-200,Technology/SaaS,EMEA,self_serve,2025-05-24,38.8,False
ACC-004465,CO-0001533,SMB,1-10,Manufacturing,EMEA,self_serve,2025-08-17,29.4,False
ACC-004466,CO-0014546,SMB,201-1000,Education,LATAM,self_serve,2025-08-23,33.1,False
ACC-004467,CO-0025909,SMB,1-10,Professional Services,APAC,self_serve,2025-08-15,17.4,False
ACC-004468,CO-0085056,SMB,1-10,Professional Services,LATAM,self_serve,2025-06-24,21.8,False
ACC-004469,CO-0022405,SMB,201-1000,Professional Services,North America,inbound_marketing,2025-08-03,33.8,False
ACC-004470,CO-0031306,SMB,1-10,Financial Services,EMEA,self_serve,2022-06-11,26.9,False
ACC-004471,CO-0110864,SMB,1-10,Technology/SaaS,APAC,self_serve,2025-05-24,38.4,False
ACC-004472,CO-0007931,SMB,1-10,Education,EMEA,self_serve,2024-11-18,8.3,False
ACC-004473,CO-0079491,SMB,11-50,Financial Services,North America,self_serve,2025-12-07,32.4,False
ACC-004474,CO-0061354,Commercial,1-10,Logistics/Supply Chain,LATAM,self_serve,2024-11-19,31.9,False
ACC-004475,CO-0090499,SMB,1-10,Retail/E-commerce,LATAM,inbound_marketing,2025-11-08,21.8,True
ACC-004476,CO-0011897,SMB,11-50,Healthcare,North America,inbound_marketing,2023-06-14,36.8,False
ACC-004477,CO-0014447,SMB,1-10,Financial Services,LATAM,self_serve,2025-02-24,19.1,False
ACC-004478,CO-0016238,SMB,11-50,Healthcare,APAC,inbound_marketing,2025-07-02,29.4,False
ACC-004479,CO-0068565,SMB,1-10,Healthcare,APAC,inbound_marketing,2025-03-07,19.1,True
ACC-004480,CO-0066937,SMB,1-10,Logistics/Supply Chain,EMEA,self_serve,2025-12-07,19.7,False
ACC-004481,CO-0031831,Commercial,201-1000,Professional Services,North America,inbound_marketing,2023-02-22,33.0,False
ACC-004482,CO-0053981,SMB,1-10,Media/Entertainment,EMEA,self_serve,2025-12-07,21.9,True
ACC-004483,CO-0110138,SMB,201-1000,Retail/E-commerce,North America,inbound_marketing,2024-02-25,32.6,False
ACC-004484,CO-0095305,SMB,1-10,Financial Services,EMEA,self_serve,2024-06-27,33.6,False
ACC-004485,CO-0080747,SMB,11-50,Professional Services,North America,self_serve,2025-10-28,12.7,False
ACC-004486,CO-0055958,SMB,1-10,Professional Services,North America,inbound_marketing,2020-04-07,26.2,False
ACC-004487,CO-0016954,SMB,1-10,Public Sector,North America,self_serve,2025-06-02,34.3,True
ACC-004488,CO-0077577,SMB,1-10,Public Sector,APAC,inbound_marketing,2021-12-17,28.4,False
ACC-004489,CO-0011538,SMB,1-10,Public Sector,North America,self_serve,2024-09-10,21.6,False
ACC-004490,CO-0011671,SMB,11-50,Financial Services,North America,self_serve,2024-10-25,36.9,False
ACC-004491,CO-0109319,SMB,1-10,Manufacturing,EMEA,self_serve,2023-03-28,20.8,False
ACC-004492,CO-0068038,SMB,1-10,Education,EMEA,self_serve,2025-03-07,17.5,False
ACC-004493,CO-0024572,SMB,11-50,Financial Services,North America,inbound_marketing,2023-05-10,38.9,False
ACC-004494,CO-0031794,SMB,1-10,Media/Entertainment,APAC,self_serve,2025-03-08,16.0,False
ACC-004495,CO-0063313,SMB,1-10,Financial Services,North America,self_serve,2023-11-16,29.4,True
ACC-004496,CO-0058245,SMB,11-50,Financial Services,APAC,self_serve,2024-11-22,30.5,False
ACC-004497,CO-0000393,SMB,51-200,Professional Services,North America,inbound_marketing,2023-10-14,39.8,False
ACC-004498,CO-0100195,SMB,11-50,Education,North America,self_serve,2024-07-15,31.1,False
ACC-004499,CO-0008659,SMB,1-10,Healthcare,North America,self_serve,2025-04-20,22.8,True
ACC-004500,CO-0074402,SMB,51-200,Media/Entertainment,North America,inbound_marketing,2025-04-19,25.2,False
ACC-004501,CO-0008296,SMB,11-50,Healthcare,APAC,inbound_marketing,2023-07-21,22.3,False
ACC-004502,CO-0069301,SMB,11-50,Retail/E-commerce,North America,inbound_marketing,2022-06-30,21.4,False
ACC-004503,CO-0008044,SMB,51-200,Retail/E-commerce,EMEA,inbound_marketing,2022-08-05,37.3,False
ACC-004504,CO-0075928,SMB,11-50,Logistics/Supply Chain,EMEA,self_serve,2024-08-07,34.5,False
ACC-004505,CO-0016544,SMB,1-10,Logistics/Supply Chain,APAC,self_serve,2025-01-10,24.8,True
ACC-004506,CO-0087952,SMB,1-10,Logistics/Supply Chain,EMEA,self_serve,2024-06-12,21.2,False
ACC-004507,CO-0011049,SMB,1-10,Healthcare,North America,self_serve,2024-01-04,23.9,False
ACC-004508,CO-0088803,SMB,11-50,Public Sector,North America,self_serve,2025-09-06,26.4,False
ACC-004509,CO-0041061,SMB,11-50,Public Sector,North America,inbound_marketing,2024-12-02,31.2,False
ACC-004510,CO-0037834,SMB,1-10,Retail/E-commerce,APAC,self_serve,2024-01-04,16.1,False
ACC-004511,CO-0039073,SMB,11-50,Professional Services,North America,self_serve,2025-11-10,33.3,False
ACC-004512,CO-0035639,SMB,1-10,Logistics/Supply Chain,North America,self_serve,2025-11-08,30.2,False
ACC-004513,CO-0051210,SMB,1-10,Retail/E-commerce,North America,self_serve,2025-04-18,30.1,False
ACC-004514,CO-0098918,SMB,11-50,Healthcare,North America,self_serve,2025-10-24,30.6,False
ACC-004515,CO-0053563,SMB,11-50,Manufacturing,North America,inbound_marketing,2020-08-27,29.1,False
ACC-004516,CO-0117307,SMB,11-50,Technology/SaaS,North America,self_serve,2025-05-05,25.1,False
ACC-004517,CO-0055860,SMB,11-50,Retail/E-commerce,APAC,self_serve,2025-10-28,26.6,False
ACC-004518,CO-0064792,SMB,1-10,Logistics/Supply Chain,North America,self_serve,2022-08-12,25.9,False
ACC-004519,CO-0039771,SMB,51-200,Manufacturing,EMEA,inbound_marketing,2025-02-04,35.5,False
ACC-004520,CO-0055897,SMB,1-10,Logistics/Supply Chain,North America,self_serve,2021-06-21,33.3,False
ACC-004521,CO-0077323,SMB,1-10,Logistics/Supply Chain,North America,self_serve,2025-03-23,15.5,True
ACC-004522,CO-0042987,SMB,1-10,Technology/SaaS,North America,inbound_marketing,2023-05-21,34.3,False
ACC-004523,CO-0044833,SMB,1-10,Technology/SaaS,EMEA,self_serve,2025-09-04,30.6,True
ACC-004524,CO-0059768,SMB,1-10,Manufacturing,EMEA,self_serve,2025-08-09,21.3,False
ACC-004525,CO-0105598,SMB,1-10,Financial Services,EMEA,self_serve,2020-10-15,21.9,False
ACC-004526,CO-0012933,SMB,1-10,Technology/SaaS,LATAM,self_serve,2025-07-26,18.3,True
ACC-004527,CO-0054170,Commercial,1-10,Financial Services,North America,self_serve,2024-03-12,29.8,False
ACC-004528,CO-0108165,SMB,11-50,Financial Services,North America,self_serve,2023-07-20,32.1,False
ACC-004529,CO-0102649,SMB,1-10,Professional Services,North America,self_serve,2023-03-04,30.9,False
ACC-004530,CO-0095921,SMB,1-10,Manufacturing,North America,self_serve,2022-07-22,29.9,False
ACC-004531,CO-0098722,Commercial,51-200,Manufacturing,EMEA,self_serve,2024-07-28,34.5,False
ACC-004532,CO-0045277,SMB,1-10,Logistics/Supply Chain,North America,self_serve,2023-07-22,21.5,False
ACC-004533,CO-0108492,SMB,1-10,Retail/E-commerce,EMEA,self_serve,2020-07-07,13.3,False
ACC-004534,CO-0113618,SMB,51-200,Retail/E-commerce,North America,self_serve,2025-02-08,25.3,False
ACC-004535,CO-0040212,SMB,1-10,Technology/SaaS,North America,self_serve,2023-01-27,37.2,False
ACC-004536,CO-0079635,SMB,1-10,Financial Services,North America,self_serve,2025-09-05,23.6,False
ACC-004537,CO-0002337,SMB,1-10,Retail/E-commerce,EMEA,self_serve,2020-01-20,15.7,False
ACC-004538,CO-0054833,SMB,1-10,Media/Entertainment,North America,self_serve,2024-05-04,25.3,False
ACC-004539,CO-0043061,SMB,1-10,Professional Services,North America,self_serve,2024-06-07,23.4,False
ACC-004540,CO-0046648,SMB,1-10,Financial Services,APAC,self_serve,2020-09-18,25.6,False
ACC-004541,CO-0029092,SMB,1-10,Media/Entertainment,North America,inbound_marketing,2020-03-22,21.0,False
ACC-004542,CO-0060480,SMB,1-10,Media/Entertainment,North America,inbound_marketing,2025-06-11,20.8,False
ACC-004543,CO-0084477,SMB,11-50,Logistics/Supply Chain,North America,self_serve,2025-10-15,30.6,False
ACC-004544,CO-0003473,SMB,1-10,Financial Services,North America,inbound_marketing,2021-06-20,27.4,False
ACC-004545,CO-0062181,SMB,11-50,Professional Services,North America,self_serve,2025-11-14,30.0,False
ACC-004546,CO-0047466,SMB,1-10,Professional Services,North America,self_serve,2024-04-19,20.2,True
ACC-004547,CO-0023709,SMB,1-10,Financial Services,North America,self_serve,2021-08-23,24.6,False
ACC-004548,CO-0036521,SMB,11-50,Media/Entertainment,North America,self_serve,2023-08-13,26.2,False
ACC-004549,CO-0107406,SMB,11-50,Retail/E-commerce,LATAM,self_serve,2024-08-11,16.1,False
ACC-004550,CO-0054889,SMB,51-200,Public Sector,EMEA,self_serve,2024-07-28,23.9,False
ACC-004551,CO-0036306,SMB,11-50,Healthcare,APAC,inbound_marketing,2023-06-18,37.6,False
ACC-004552,CO-0021707,SMB,1-10,Retail/E-commerce,APAC,inbound_marketing,2023-04-23,16.5,False
ACC-004553,CO-0044864,SMB,1-10,Financial Services,APAC,self_serve,2022-02-07,23.2,False
ACC-004554,CO-0053352,SMB,11-50,Retail/E-commerce,North America,self_serve,2024-09-25,27.4,False
ACC-004555,CO-0004186,Commercial,1-10,Retail/E-commerce,APAC,self_serve,2024-12-18,22.3,False
ACC-004556,CO-0101145,SMB,1-10,Healthcare,EMEA,self_serve,2023-01-20,14.8,False
ACC-004557,CO-0057491,SMB,11-50,Media/Entertainment,North America,self_serve,2023-03-23,21.1,False
ACC-004558,CO-0014992,SMB,1-10,Retail/E-commerce,APAC,self_serve,2021-07-18,24.2,True
ACC-004559,CO-0076468,SMB,11-50,Media/Entertainment,North America,self_serve,2020-06-06,23.6,False
ACC-004560,CO-0084560,SMB,1-10,Technology/SaaS,APAC,self_serve,2025-05-18,22.1,False
ACC-004561,CO-0083619,SMB,1-10,Manufacturing,North America,self_serve,2022-04-11,35.0,False
ACC-004562,CO-0048525,SMB,11-50,Technology/SaaS,North America,inbound_marketing,2024-08-08,35.0,False
ACC-004563,CO-0093369,SMB,11-50,Professional Services,EMEA,inbound_marketing,2024-07-07,19.5,False
ACC-004564,CO-0033524,SMB,1-10,Healthcare,North America,self_serve,2024-12-14,38.3,False
ACC-004565,CO-0089932,SMB,1-10,Technology/SaaS,North America,inbound_marketing,2022-08-15,31.1,False
ACC-004566,CO-0044664,SMB,11-50,Manufacturing,North America,self_serve,2024-12-16,36.4,False
ACC-004567,CO-0095847,SMB,1-10,Technology/SaaS,EMEA,self_serve,2024-08-24,14.2,False
ACC-004568,CO-0076333,SMB,11-50,Professional Services,EMEA,self_serve,2024-05-23,24.5,False
ACC-004569,CO-0015727,SMB,1-10,Education,APAC,inbound_marketing,2025-12-21,18.3,True
ACC-004570,CO-0040154,SMB,11-50,Healthcare,North America,self_serve,2024-08-21,26.2,False
ACC-004571,CO-0096343,SMB,11-50,Professional Services,LATAM,self_serve,2024-07-14,24.1,False
ACC-004572,CO-0071472,SMB,1-10,Healthcare,North America,self_serve,2025-05-06,28.8,False
ACC-004573,CO-0000566,SMB,1-10,Financial Services,North America,self_serve,2024-07-05,28.2,False
ACC-004574,CO-0106823,SMB,1-10,Media/Entertainment,APAC,self_serve,2025-09-27,23.7,True
ACC-004575,CO-0101433,SMB,1-10,Retail/E-commerce,EMEA,inbound_marketing,2025-02-07,17.8,False
ACC-004576,CO-0043535,SMB,1-10,Public Sector,APAC,self_serve,2024-05-22,30.0,False
ACC-004577,CO-0055115,SMB,11-50,Public Sector,North America,self_serve,2025-01-14,32.4,False
ACC-004578,CO-0043585,SMB,51-200,Education,APAC,self_serve,2023-08-28,38.8,False
ACC-004579,CO-0051622,Commercial,51-200,Professional Services,EMEA,inbound_marketing,2024-06-22,30.8,False
ACC-004580,CO-0002243,SMB,51-200,Public Sector,APAC,self_serve,2025-09-01,36.6,False
ACC-004581,CO-0034469,Commercial,1-10,Retail/E-commerce,North America,inbound_marketing,2025-05-12,17.7,False
ACC-004582,CO-0078884,SMB,11-50,Financial Services,EMEA,inbound_marketing,2025-11-10,28.4,False
ACC-004583,CO-0113149,SMB,1-10,Healthcare,North America,self_serve,2023-07-27,24.5,False
ACC-004584,CO-0006248,SMB,11-50,Healthcare,North America,self_serve,2024-10-17,36.9,False
ACC-004585,CO-0028352,SMB,11-50,Logistics/Supply Chain,APAC,self_serve,2025-12-23,25.1,False
ACC-004586,CO-0006243,SMB,1-10,Healthcare,EMEA,inbound_marketing,2023-06-21,22.5,False
ACC-004587,CO-0044581,Commercial,1-10,Financial Services,North America,self_serve,2023-01-10,29.1,False
ACC-004588,CO-0029108,Commercial,51-200,Education,North America,self_serve,2022-10-14,26.7,False
ACC-004589,CO-0036837,SMB,1-10,Education,EMEA,inbound_marketing,2025-09-03,12.5,True
ACC-004590,CO-0063863,SMB,11-50,Manufacturing,North America,self_serve,2025-05-20,37.5,False
ACC-004591,CO-0018493,SMB,11-50,Manufacturing,North America,self_serve,2021-10-14,26.8,False
ACC-004592,CO-0028363,Commercial,1-10,Retail/E-commerce,EMEA,self_serve,2025-06-16,27.0,False
ACC-004593,CO-0080683,SMB,1-10,Logistics/Supply Chain,North America,self_serve,2025-06-21,24.2,False
ACC-004594,CO-0048434,SMB,1-10,Retail/E-commerce,APAC,inbound_marketing,2025-07-05,15.5,False
ACC-004595,CO-0088666,SMB,51-200,Professional Services,North America,self_serve,2024-09-12,32.1,False
ACC-004596,CO-0104585,SMB,11-50,Healthcare,North America,inbound_marketing,2025-03-19,33.1,False
ACC-004597,CO-0114955,SMB,11-50,Public Sector,North America,self_serve,2025-12-14,27.3,False
ACC-004598,CO-0120470,SMB,11-50,Technology/SaaS,EMEA,self_serve,2024-08-06,32.5,False
ACC-004599,CO-0088380,SMB,11-50,Technology/SaaS,North America,self_serve,2025-05-02,32.6,False
ACC-004600,CO-0095177,SMB,11-50,Financial Services,EMEA,self_serve,2020-05-12,35.3,False
ACC-004601,CO-0015342,Commercial,11-50,Retail/E-commerce,EMEA,self_serve,2025-05-07,12.9,False
ACC-004602,CO-0051506,SMB,11-50,Logistics/Supply Chain,LATAM,self_serve,2020-02-12,27.4,False
ACC-004603,CO-0101870,SMB,11-50,Media/Entertainment,North America,inbound_marketing,2024-11-27,19.0,False
ACC-004604,CO-0110783,SMB,1-10,Financial Services,APAC,self_serve,2025-03-02,29.4,False
ACC-004605,CO-0034151,Enterprise,1-10,Education,APAC,self_serve,2020-04-28,30.4,True
ACC-004606,CO-0109513,SMB,1-10,Financial Services,APAC,inbound_marketing,2020-02-22,18.0,True
ACC-004607,CO-0000612,SMB,1-10,Education,APAC,inbound_marketing,2024-08-27,19.5,False
ACC-004608,CO-0026804,SMB,1-10,Healthcare,EMEA,self_serve,2024-07-25,28.9,False
ACC-004609,CO-0039589,SMB,1-10,Manufacturing,North America,self_serve,2022-10-10,22.4,True
ACC-004610,CO-0018148,SMB,1-10,Media/Entertainment,North America,self_serve,2025-07-10,19.9,False
ACC-004611,CO-0051250,Commercial,1-10,Professional Services,EMEA,self_serve,2025-08-01,30.7,False
ACC-004612,CO-0105693,SMB,1-10,Financial Services,North America,self_serve,2025-07-02,40.1,True
ACC-004613,CO-0094758,SMB,1-10,Retail/E-commerce,North America,inbound_marketing,2025-11-08,35.9,False
ACC-004614,CO-0114909,Commercial,11-50,Professional Services,APAC,self_serve,2024-04-06,27.3,False
ACC-004615,CO-0069285,SMB,1-10,Retail/E-commerce,North America,self_serve,2024-02-06,18.1,True
ACC-004616,CO-0102530,Commercial,1-10,Financial Services,North America,self_serve,2024-01-17,32.7,False
ACC-004617,CO-0009544,SMB,1-10,Healthcare,APAC,self_serve,2025-08-12,17.8,False
ACC-004618,CO-0111694,SMB,11-50,Media/Entertainment,North America,self_serve,2025-06-01,22.3,False
ACC-004619,CO-0077231,SMB,1-10,Technology/SaaS,APAC,self_serve,2025-12-27,28.7,False
ACC-004620,CO-0072380,SMB,11-50,Technology/SaaS,APAC,self_serve,2024-03-16,25.7,False
ACC-004621,CO-0112181,SMB,1-10,Professional Services,APAC,self_serve,2024-11-25,25.3,True
ACC-004622,CO-0108124,SMB,1-10,Retail/E-commerce,North America,self_serve,2025-04-22,15.6,False
ACC-004623,CO-0075515,SMB,11-50,Professional Services,APAC,self_serve,2021-10-28,37.5,False
ACC-004624,CO-0026641,SMB,1-10,Retail/E-commerce,North America,inbound_marketing,2024-09-17,28.5,False
ACC-004625,CO-0091922,SMB,11-50,Logistics/Supply Chain,North America,self_serve,2025-07-22,20.2,False
ACC-004626,CO-0002247,SMB,11-50,Education,North America,self_serve,2021-11-27,19.2,False
ACC-004627,CO-0045176,SMB,1-10,Retail/E-commerce,North America,inbound_marketing,2025-10-21,23.1,False
ACC-004628,CO-0095089,SMB,11-50,Logistics/Supply Chain,North America,self_serve,2025-11-02,34.7,False
ACC-004629,CO-0027049,Commercial,1-10,Healthcare,EMEA,inbound_marketing,2024-06-26,17.9,False
ACC-004630,CO-0120371,SMB,1-10,Professional Services,North America,self_serve,2022-06-20,19.3,False
ACC-004631,CO-0096548,SMB,1-10,Media/Entertainment,North America,self_serve,2023-08-14,12.5,False
ACC-004632,CO-0059218,SMB,201-1000,Retail/E-commerce,North America,self_serve,2025-08-11,34.6,False
ACC-004633,CO-0108493,SMB,51-200,Education,APAC,self_serve,2025-12-09,29.0,False
ACC-004634,CO-0031262,Commercial,1-10,Healthcare,North America,self_serve,2023-11-17,17.1,True
ACC-004635,CO-0017414,SMB,51-200,Healthcare,EMEA,self_serve,2024-03-15,35.5,False
ACC-004636,CO-0074707,SMB,11-50,Professional Services,EMEA,inbound_marketing,2025-09-09,29.5,False
ACC-004637,CO-0073151,SMB,11-50,Technology/SaaS,North America,self_serve,2021-11-19,29.7,False
ACC-004638,CO-0057935,SMB,51-200,Retail/E-commerce,EMEA,self_serve,2025-05-24,21.9,False
ACC-004639,CO-0042196,SMB,51-200,Manufacturing,EMEA,self_serve,2024-02-23,37.8,False
ACC-004640,CO-0027068,SMB,1-10,Manufacturing,LATAM,self_serve,2021-06-22,21.5,False
ACC-004641,CO-0046126,SMB,51-200,Technology/SaaS,North America,self_serve,2024-07-01,31.1,False
ACC-004642,CO-0040094,SMB,51-200,Public Sector,APAC,self_serve,2025-08-06,38.9,False
ACC-004643,CO-0072572,SMB,1-10,Healthcare,EMEA,inbound_marketing,2024-03-24,13.5,False
ACC-004644,CO-0014554,SMB,11-50,Logistics/Supply Chain,North America,inbound_marketing,2021-08-07,33.1,False
ACC-004645,CO-0046900,SMB,1-10,Manufacturing,North America,self_serve,2025-07-12,22.0,False
ACC-004646,CO-0092600,SMB,11-50,Healthcare,North America,self_serve,2025-12-19,28.1,False
ACC-004647,CO-0071556,SMB,51-200,Logistics/Supply Chain,APAC,inbound_marketing,2022-10-29,39.3,False
ACC-004648,CO-0066850,SMB,1-10,Healthcare,North America,inbound_marketing,2024-06-21,21.4,False
ACC-004649,CO-0072505,SMB,1-10,Professional Services,North America,self_serve,2025-05-14,25.3,False
ACC-004650,CO-0026009,SMB,51-200,Education,EMEA,inbound_marketing,2025-12-20,27.7,False
ACC-004651,CO-0011361,SMB,11-50,Manufacturing,APAC,self_serve,2023-09-20,38.6,False
ACC-004652,CO-0083503,SMB,1-10,Manufacturing,North America,inbound_marketing,2025-02-22,18.2,False
ACC-004653,CO-0058451,SMB,201-1000,Media/Entertainment,EMEA,self_serve,2025-05-12,31.6,False
ACC-004654,CO-0065394,SMB,51-200,Media/Entertainment,North America,self_serve,2020-02-03,35.0,False
ACC-004655,CO-0071642,SMB,51-200,Healthcare,North America,self_serve,2022-04-12,38.1,False
ACC-004656,CO-0081725,SMB,1-10,Media/Entertainment,North America,self_serve,2022-06-02,22.0,True
ACC-004657,CO-0012516,SMB,1-10,Healthcare,North America,inbound_marketing,2025-05-20,39.0,True
ACC-004658,CO-0051841,SMB,1-10,Manufacturing,North America,self_serve,2020-10-06,34.9,False
ACC-004659,CO-0105283,SMB,11-50,Retail/E-commerce,North America,inbound_marketing,2024-11-18,27.1,False
ACC-004660,CO-0032567,SMB,51-200,Professional Services,North America,self_serve,2023-11-22,37.6,False
ACC-004661,CO-0056991,SMB,1-10,Technology/SaaS,EMEA,self_serve,2025-12-02,20.4,False
ACC-004662,CO-0026363,SMB,1-10,Technology/SaaS,APAC,self_serve,2024-10-09,32.5,False
ACC-004663,CO-0005471,SMB,1-10,Healthcare,North America,self_serve,2025-03-18,25.0,False
ACC-004664,CO-0086670,Commercial,11-50,Financial Services,North America,inbound_marketing,2024-11-22,37.0,False
ACC-004665,CO-0024646,SMB,201-1000,Retail/E-commerce,North America,inbound_marketing,2020-08-07,26.1,False
ACC-004666,CO-0110691,SMB,51-200,Healthcare,North America,self_serve,2024-11-06,38.8,False
ACC-004667,CO-0036068,SMB,11-50,Education,EMEA,self_serve,2024-11-28,27.9,False
ACC-004668,CO-0113751,SMB,11-50,Education,North America,self_serve,2021-03-08,29.9,False
ACC-004669,CO-0030674,SMB,1-10,Media/Entertainment,EMEA,self_serve,2022-12-19,28.5,True
ACC-004670,CO-0089380,SMB,201-1000,Education,North America,self_serve,2021-07-18,34.8,False
ACC-004671,CO-0070203,SMB,1-10,Media/Entertainment,APAC,self_serve,2024-07-12,6.1,False
ACC-004672,CO-0031642,SMB,1-10,Logistics/Supply Chain,North America,self_serve,2020-11-30,29.6,False
ACC-004673,CO-0052226,SMB,11-50,Manufacturing,EMEA,self_serve,2020-12-12,35.4,False
ACC-004674,CO-0022604,SMB,11-50,Manufacturing,North America,self_serve,2025-05-08,31.3,False
ACC-004675,CO-0019183,SMB,1-10,Financial Services,North America,inbound_marketing,2025-05-21,32.2,True
ACC-004676,CO-0062733,SMB,1-10,Technology/SaaS,APAC,inbound_marketing,2025-12-15,22.5,False
ACC-004677,CO-0102640,SMB,1-10,Education,North America,self_serve,2020-01-14,25.3,True
ACC-004678,CO-0103608,SMB,1-10,Healthcare,EMEA,self_serve,2025-10-21,30.6,True
ACC-004679,CO-0013225,SMB,11-50,Retail/E-commerce,APAC,self_serve,2025-09-26,24.5,False
ACC-004680,CO-0022188,Commercial,51-200,Media/Entertainment,EMEA,self_serve,2024-01-23,28.7,False
ACC-004681,CO-0103546,SMB,11-50,Logistics/Supply Chain,North America,inbound_marketing,2020-08-10,28.7,False
ACC-004682,CO-0074685,SMB,11-50,Media/Entertainment,APAC,self_serve,2025-04-05,22.4,False
ACC-004683,CO-0056970,Enterprise,51-200,Education,North America,self_serve,2021-07-19,28.9,False
ACC-004684,CO-0058214,SMB,1-10,Technology/SaaS,APAC,self_serve,2023-02-19,24.3,False
ACC-004685,CO-0060344,SMB,1-10,Professional Services,EMEA,self_serve,2024-05-04,18.6,False
ACC-004686,CO-0109501,SMB,11-50,Financial Services,APAC,self_serve,2025-11-19,28.3,False
ACC-004687,CO-0098870,SMB,1-10,Healthcare,North America,inbound_marketing,2022-02-10,21.3,False
ACC-004688,CO-0031719,SMB,11-50,Financial Services,North America,inbound_marketing,2025-08-11,30.6,False
ACC-004689,CO-0099833,SMB,1-10,Healthcare,LATAM,self_serve,2024-08-13,17.4,False
ACC-004690,CO-0053645,SMB,51-200,Logistics/Supply Chain,EMEA,self_serve,2025-05-25,39.0,False
ACC-004691,CO-0090353,SMB,1-10,Public Sector,North America,self_serve,2024-05-21,17.5,False
ACC-004692,CO-0037449,SMB,1-10,Retail/E-commerce,North America,self_serve,2025-09-01,30.0,False
ACC-004693,CO-0022663,SMB,11-50,Retail/E-commerce,North America,self_serve,2025-08-26,21.2,False
ACC-004694,CO-0054508,SMB,1-10,Professional Services,North America,self_serve,2024-12-04,28.2,True
ACC-004695,CO-0065773,SMB,1-10,Financial Services,North America,inbound_marketing,2024-07-02,37.9,False
ACC-004696,CO-0102867,Commercial,11-50,Manufacturing,North America,self_serve,2020-06-19,33.1,False
ACC-004697,CO-0016824,SMB,11-50,Manufacturing,North America,self_serve,2024-06-21,26.9,False
ACC-004698,CO-0072231,SMB,51-200,Professional Services,EMEA,inbound_marketing,2024-02-01,37.1,False
ACC-004699,CO-0098903,SMB,11-50,Public Sector,North America,self_serve,2025-08-03,33.4,False
ACC-004700,CO-0029143,SMB,1-10,Retail/E-commerce,APAC,self_serve,2025-05-27,19.5,True
ACC-004701,CO-0094685,Commercial,1-10,Retail/E-commerce,North America,self_serve,2024-01-16,17.9,False
ACC-004702,CO-0026799,SMB,11-50,Technology/SaaS,North America,self_serve,2020-06-07,37.3,False
ACC-004703,CO-0054595,SMB,11-50,Retail/E-commerce,North America,inbound_marketing,2025-08-08,20.5,False
ACC-004704,CO-0095698,SMB,51-200,Professional Services,North America,inbound_marketing,2023-09-11,38.6,False
ACC-004705,CO-0017751,SMB,11-50,Healthcare,North America,inbound_marketing,2021-05-05,16.8,False
ACC-004706,CO-0008661,SMB,11-50,Professional Services,North America,self_serve,2023-02-12,31.4,False
ACC-004707,CO-0071844,SMB,11-50,Healthcare,APAC,self_serve,2023-04-25,36.0,False
ACC-004708,CO-0111494,SMB,1-10,Logistics/Supply Chain,North America,inbound_marketing,2024-05-11,36.0,False
ACC-004709,CO-0059536,SMB,11-50,Professional Services,APAC,self_serve,2025-08-05,24.4,False
ACC-004710,CO-0030192,Commercial,1-10,Media/Entertainment,North America,inbound_marketing,2024-12-02,28.2,False
ACC-004711,CO-0094728,SMB,1-10,Professional Services,North America,inbound_marketing,2025-09-25,29.3,True
ACC-004712,CO-0090547,SMB,11-50,Retail/E-commerce,North America,inbound_marketing,2025-10-19,29.1,False
ACC-004713,CO-0081302,SMB,1-10,Retail/E-commerce,North America,self_serve,2025-02-24,16.6,False
ACC-004714,CO-0120478,Commercial,1-10,Manufacturing,North America,self_serve,2024-09-25,22.3,True
ACC-004715,CO-0099370,SMB,11-50,Financial Services,North America,inbound_marketing,2024-02-03,29.0,False
ACC-004716,CO-0094062,SMB,51-200,Retail/E-commerce,North America,self_serve,2025-05-01,25.2,False
ACC-004717,CO-0117441,SMB,1-10,Financial Services,North America,self_serve,2021-04-12,32.6,False
ACC-004718,CO-0012241,Commercial,1-10,Education,LATAM,self_serve,2021-04-17,11.7,False
ACC-004719,CO-0052025,SMB,51-200,Retail/E-commerce,LATAM,self_serve,2024-11-18,33.3,False
ACC-004720,CO-0101786,SMB,1-10,Financial Services,EMEA,self_serve,2020-08-25,34.9,False
ACC-004721,CO-0074783,SMB,11-50,Manufacturing,APAC,self_serve,2020-06-01,38.0,False
ACC-004722,CO-0017875,SMB,11-50,Education,North America,self_serve,2025-08-12,25.3,False
ACC-004723,CO-0100529,SMB,11-50,Manufacturing,North America,self_serve,2025-07-05,39.6,False
ACC-004724,CO-0091412,Commercial,11-50,Retail/E-commerce,North America,inbound_marketing,2021-09-30,25.9,False
ACC-004725,CO-0010847,SMB,51-200,Media/Entertainment,North America,self_serve,2025-11-12,32.3,False
ACC-004726,CO-0079302,SMB,1-10,Financial Services,EMEA,self_serve,2022-06-16,37.0,False
ACC-004727,CO-0093912,SMB,1-10,Healthcare,North America,self_serve,2024-06-02,25.9,False
ACC-004728,CO-0031078,SMB,1-10,Retail/E-commerce,North America,self_serve,2024-10-17,17.6,False
ACC-004729,CO-0024859,SMB,1-10,Retail/E-commerce,North America,self_serve,2022-07-28,19.6,False
ACC-004730,CO-0115639,SMB,1-10,Healthcare,APAC,self_serve,2025-10-27,28.1,False
ACC-004731,CO-0104255,SMB,1-10,Healthcare,North America,inbound_marketing,2023-04-09,20.4,False
ACC-004732,CO-0008602,SMB,51-200,Logistics/Supply Chain,APAC,self_serve,2020-01-11,33.4,False
ACC-004733,CO-0097236,Commercial,1-10,Technology/SaaS,North America,inbound_marketing,2025-01-08,21.7,False
ACC-004734,CO-0039427,SMB,1-10,Logistics/Supply Chain,North America,self_serve,2020-09-29,25.3,False
ACC-004735,CO-0019622,SMB,11-50,Technology/SaaS,North America,self_serve,2024-03-06,37.7,False
ACC-004736,CO-0076657,Commercial,51-200,Retail/E-commerce,EMEA,self_serve,2023-09-28,29.5,False
ACC-004737,CO-0061999,SMB,11-50,Technology/SaaS,EMEA,self_serve,2025-08-26,32.4,False
ACC-004738,CO-0059325,SMB,11-50,Technology/SaaS,North America,self_serve,2025-07-05,27.7,False
ACC-004739,CO-0100460,Commercial,1-10,Public Sector,EMEA,self_serve,2022-12-05,18.7,False
ACC-004740,CO-0097479,SMB,11-50,Retail/E-commerce,North America,self_serve,2023-11-20,13.4,False
ACC-004741,CO-0046028,SMB,11-50,Retail/E-commerce,North America,self_serve,2024-10-16,31.5,False
ACC-004742,CO-0112533,SMB,1-10,Manufacturing,EMEA,self_serve,2023-08-16,20.3,False
ACC-004743,CO-0115634,SMB,1-10,Healthcare,North America,self_serve,2022-12-07,24.6,True
ACC-004744,CO-0067103,Commercial,1-10,Professional Services,North America,self_serve,2022-06-13,29.2,False
ACC-004745,CO-0030910,SMB,11-50,Healthcare,EMEA,inbound_marketing,2025-01-16,31.4,False
ACC-004746,CO-0053242,SMB,51-200,Healthcare,North America,self_serve,2024-05-03,39.4,False
ACC-004747,CO-0031974,SMB,11-50,Healthcare,North America,self_serve,2024-12-01,33.4,False
ACC-004748,CO-0052183,SMB,1-10,Professional Services,EMEA,self_serve,2025-06-12,24.8,True
ACC-004749,CO-0078493,SMB,1-10,Professional Services,North America,self_serve,2024-04-12,12.1,False
ACC-004750,CO-0028895,SMB,11-50,Retail/E-commerce,EMEA,self_serve,2024-04-22,25.5,False
ACC-004751,CO-0015807,SMB,1-10,Financial Services,LATAM,inbound_marketing,2023-08-03,26.6,True
ACC-004752,CO-0060568,SMB,1-10,Retail/E-commerce,APAC,self_serve,2024-06-21,15.4,False
ACC-004753,CO-0053911,SMB,11-50,Professional Services,North America,inbound_marketing,2022-12-09,28.4,False
ACC-004754,CO-0052489,SMB,1-10,Logistics/Supply Chain,EMEA,inbound_marketing,2023-10-08,16.8,False
ACC-004755,CO-0098119,SMB,1-10,Manufacturing,LATAM,self_serve,2023-04-13,23.9,True
ACC-004756,CO-0098777,SMB,51-200,Technology/SaaS,EMEA,self_serve,2021-07-14,39.2,False
ACC-004757,CO-0021166,SMB,1-10,Manufacturing,North America,inbound_marketing,2025-04-07,23.3,True
ACC-004758,CO-0012228,SMB,1-10,Manufacturing,North America,self_serve,2025-11-20,22.7,False
ACC-004759,CO-0106307,SMB,1-10,Logistics/Supply Chain,North America,self_serve,2022-08-14,22.4,False
ACC-004760,CO-0101752,SMB,1-10,Logistics/Supply Chain,North America,self_serve,2022-04-24,37.6,False
ACC-004761,CO-0083483,SMB,1-10,Professional Services,EMEA,self_serve,2024-10-23,16.3,False
ACC-004762,CO-0097389,SMB,1-10,Retail/E-commerce,EMEA,self_serve,2023-10-14,16.7,False
ACC-004763,CO-0066017,SMB,1-10,Retail/E-commerce,North America,inbound_marketing,2025-10-10,29.9,True
ACC-004764,CO-0118107,SMB,51-200,Manufacturing,APAC,self_serve,2025-05-05,38.6,False
ACC-004765,CO-0044114,SMB,1-10,Financial Services,North America,self_serve,2023-12-04,27.5,False
ACC-004766,CO-0079474,SMB,51-200,Technology/SaaS,North America,inbound_marketing,2022-01-03,32.3,False
ACC-004767,CO-0115265,SMB,11-50,Technology/SaaS,North America,self_serve,2023-09-13,32.8,False
ACC-004768,CO-0016028,SMB,51-200,Manufacturing,LATAM,self_serve,2023-03-26,38.2,False
ACC-004769,CO-0100924,SMB,11-50,Financial Services,North America,self_serve,2025-07-14,34.5,False
ACC-004770,CO-0048090,SMB,1-10,Logistics/Supply Chain,North America,self_serve,2021-07-23,10.1,False
ACC-004771,CO-0025212,SMB,1-10,Public Sector,North America,inbound_marketing,2025-11-19,20.9,False
ACC-004772,CO-0065170,SMB,51-200,Professional Services,EMEA,self_serve,2020-11-17,32.2,False
ACC-004773,CO-0103400,SMB,1-10,Manufacturing,North America,inbound_marketing,2024-02-18,34.8,False
ACC-004774,CO-0092351,SMB,1-10,Education,EMEA,inbound_marketing,2023-09-21,16.1,False
ACC-004775,CO-0028943,SMB,51-200,Retail/E-commerce,APAC,self_serve,2024-12-27,27.7,False
ACC-004776,CO-0062121,SMB,1-10,Financial Services,EMEA,self_serve,2025-03-02,36.6,False
ACC-004777,CO-0119278,SMB,51-200,Media/Entertainment,EMEA,self_serve,2021-10-15,34.2,False
ACC-004778,CO-0058882,SMB,11-50,Retail/E-commerce,EMEA,self_serve,2020-02-14,34.6,False
ACC-004779,CO-0115515,SMB,1-10,Professional Services,North America,inbound_marketing,2025-05-14,29.9,True
ACC-004780,CO-0069323,SMB,1-10,Technology/SaaS,North America,self_serve,2024-09-11,22.5,False
ACC-004781,CO-0086332,SMB,1-10,Professional Services,North America,self_serve,2025-05-07,27.1,False
ACC-004782,CO-0075791,SMB,1-10,Technology/SaaS,North America,self_serve,2022-01-19,39.4,False
ACC-004783,CO-0081494,SMB,11-50,Retail/E-commerce,APAC,self_serve,2024-02-21,10.4,False
ACC-004784,CO-0005254,SMB,1-10,Financial Services,North America,self_serve,2025-11-27,37.3,False
ACC-004785,CO-0117975,SMB,11-50,Manufacturing,EMEA,self_serve,2024-06-27,27.1,False
ACC-004786,CO-0032594,Commercial,1-10,Healthcare,North America,inbound_marketing,2020-12-15,22.0,False
ACC-004787,CO-0099911,SMB,1-10,Retail/E-commerce,North America,self_serve,2025-05-08,21.2,False
ACC-004788,CO-0074758,SMB,1-10,Financial Services,EMEA,self_serve,2025-01-09,29.3,False
ACC-004789,CO-0039378,SMB,51-200,Logistics/Supply Chain,EMEA,self_serve,2021-08-24,39.6,False
ACC-004790,CO-0098907,SMB,51-200,Retail/E-commerce,North America,self_serve,2022-02-15,22.8,False
ACC-004791,CO-0087161,SMB,51-200,Retail/E-commerce,EMEA,inbound_marketing,2023-01-02,31.6,False
ACC-004792,CO-0122397,SMB,1-10,Healthcare,North America,self_serve,2024-03-11,21.5,False
ACC-004793,CO-0108468,SMB,1-10,Manufacturing,APAC,self_serve,2022-04-24,27.2,True
ACC-004794,CO-0001390,SMB,51-200,Manufacturing,APAC,inbound_marketing,2025-08-24,38.4,False
ACC-004795,CO-0014880,SMB,1-10,Technology/SaaS,North America,self_serve,2025-08-13,19.9,False
ACC-004796,CO-0093679,SMB,1-10,Public Sector,North America,inbound_marketing,2023-10-19,19.8,False
ACC-004797,CO-0078403,SMB,11-50,Manufacturing,EMEA,self_serve,2021-10-16,25.0,False
ACC-004798,CO-0000497,SMB,11-50,Technology/SaaS,North America,inbound_marketing,2025-09-18,39.9,False
ACC-004799,CO-0059709,SMB,1-10,Professional Services,APAC,self_serve,2025-02-13,14.9,True
ACC-004800,CO-0002891,SMB,1-10,Manufacturing,APAC,self_serve,2023-03-04,25.1,False
ACC-004801,CO-0029073,SMB,1-10,Professional Services,North America,self_serve,2025-05-26,37.6,False
ACC-004802,CO-0008319,SMB,11-50,Financial Services,EMEA,self_serve,2023-08-25,17.2,False
ACC-004803,CO-0119262,SMB,11-50,Professional Services,EMEA,inbound_marketing,2024-08-24,30.7,False
ACC-004804,CO-0077033,SMB,11-50,Manufacturing,EMEA,self_serve,2023-03-17,21.6,False
ACC-004805,CO-0019478,SMB,11-50,Professional Services,North America,inbound_marketing,2025-07-04,24.0,False
ACC-004806,CO-0030526,SMB,1-10,Financial Services,North America,self_serve,2023-12-16,22.7,True
ACC-004807,CO-0097774,SMB,11-50,Technology/SaaS,EMEA,self_serve,2023-08-26,32.2,False
ACC-004808,CO-0110647,SMB,1-10,Technology/SaaS,EMEA,self_serve,2024-07-16,37.6,False
ACC-004809,CO-0021216,SMB,1-10,Manufacturing,North America,self_serve,2020-10-23,21.9,False
ACC-004810,CO-0119786,SMB,1-10,Technology/SaaS,LATAM,inbound_marketing,2025-01-16,16.5,True
ACC-004811,CO-0023208,SMB,1-10,Education,EMEA,self_serve,2025-03-07,26.9,False
ACC-004812,CO-0013164,SMB,1-10,Retail/E-commerce,EMEA,self_serve,2020-07-22,14.7,False
ACC-004813,CO-0015731,SMB,1-10,Healthcare,North America,self_serve,2025-06-15,31.6,False
ACC-004814,CO-0104226,SMB,51-200,Media/Entertainment,EMEA,self_serve,2025-05-21,32.8,False
ACC-004815,CO-0079628,SMB,11-50,Professional Services,North America,self_serve,2025-10-06,22.4,False
ACC-004816,CO-0004262,SMB,201-1000,Retail/E-commerce,North America,self_serve,2025-12-16,33.3,False
ACC-004817,CO-0093272,SMB,11-50,Professional Services,EMEA,self_serve,2025-11-03,29.0,False
ACC-004818,CO-0057993,SMB,11-50,Retail/E-commerce,North America,self_serve,2025-07-12,22.3,False
ACC-004819,CO-0066801,SMB,1-10,Professional Services,APAC,self_serve,2025-05-17,14.5,False
ACC-004820,CO-0116598,SMB,1-10,Technology/SaaS,North America,inbound_marketing,2021-04-22,36.2,False
ACC-004821,CO-0019385,Enterprise,1-10,Logistics/Supply Chain,EMEA,self_serve,2022-02-13,20.9,False
ACC-004822,CO-0106257,SMB,51-200,Professional Services,LATAM,self_serve,2023-08-26,34.5,False
ACC-004823,CO-0112072,Commercial,1-10,Technology/SaaS,North America,inbound_marketing,2023-03-09,20.2,False
ACC-004824,CO-0040012,SMB,11-50,Media/Entertainment,North America,inbound_marketing,2022-06-24,25.1,False
ACC-004825,CO-0097785,SMB,1-10,Logistics/Supply Chain,North America,self_serve,2025-03-18,16.0,False
ACC-004826,CO-0122471,SMB,1-10,Logistics/Supply Chain,North America,inbound_marketing,2024-06-19,33.0,False
ACC-004827,CO-0008598,Commercial,1-10,Financial Services,North America,inbound_marketing,2023-03-16,35.4,False
ACC-004828,CO-0024469,SMB,51-200,Professional Services,North America,self_serve,2023-05-02,32.1,False
ACC-004829,CO-0061374,SMB,51-200,Professional Services,North America,self_serve,2023-02-17,30.2,False
ACC-004830,CO-0103577,SMB,1-10,Manufacturing,EMEA,self_serve,2023-03-24,26.1,False
ACC-004831,CO-0096327,SMB,1-10,Media/Entertainment,North America,self_serve,2022-08-09,23.2,False
ACC-004832,CO-0068029,SMB,1-10,Professional Services,North America,inbound_marketing,2025-02-03,28.5,False
ACC-004833,CO-0048015,SMB,11-50,Education,North America,self_serve,2024-03-26,19.3,False
ACC-004834,CO-0044852,SMB,1-10,Technology/SaaS,APAC,self_serve,2024-11-08,28.6,False
ACC-004835,CO-0096376,SMB,11-50,Manufacturing,EMEA,self_serve,2021-06-09,29.8,False
ACC-004836,CO-0050234,SMB,1-10,Media/Entertainment,EMEA,inbound_marketing,2024-08-08,8.4,False
ACC-004837,CO-0086540,Commercial,11-50,Financial Services,EMEA,self_serve,2023-10-06,37.0,False
ACC-004838,CO-0039885,SMB,1-10,Retail/E-commerce,North America,self_serve,2020-04-19,23.5,True
ACC-004839,CO-0077788,Commercial,1-10,Manufacturing,APAC,self_serve,2021-07-20,33.6,False
ACC-004840,CO-0054627,SMB,1-10,Logistics/Supply Chain,North America,self_serve,2025-10-07,25.2,False
ACC-004841,CO-0058080,SMB,1-10,Healthcare,LATAM,inbound_marketing,2023-07-17,6.8,True
ACC-004842,CO-0008043,SMB,1-10,Logistics/Supply Chain,EMEA,self_serve,2020-12-18,30.7,True
ACC-004843,CO-0037692,SMB,1-10,Manufacturing,North America,self_serve,2025-11-22,20.4,False
ACC-004844,CO-0057688,SMB,11-50,Healthcare,LATAM,self_serve,2022-12-06,30.9,False
ACC-004845,CO-0024020,SMB,1-10,Media/Entertainment,LATAM,self_serve,2020-08-19,14.2,True
ACC-004846,CO-0006715,SMB,11-50,Professional Services,North America,self_serve,2025-02-16,29.2,False
ACC-004847,CO-0066416,SMB,1-10,Technology/SaaS,EMEA,inbound_marketing,2024-05-11,24.4,False
ACC-004848,CO-0066649,Commercial,11-50,Professional Services,EMEA,self_serve,2025-07-07,21.6,False
ACC-004849,CO-0016460,SMB,11-50,Healthcare,North America,inbound_marketing,2025-12-09,20.5,False
ACC-004850,CO-0032245,SMB,11-50,Technology/SaaS,North America,self_serve,2025-03-14,38.2,False
ACC-004851,CO-0007766,SMB,51-200,Logistics/Supply Chain,EMEA,self_serve,2025-07-03,35.4,False
ACC-004852,CO-0002499,SMB,1-10,Technology/SaaS,North America,self_serve,2024-11-05,35.1,False
ACC-004853,CO-0097686,Commercial,1-10,Manufacturing,North America,inbound_marketing,2022-07-23,38.3,False
ACC-004854,CO-0114734,Commercial,11-50,Professional Services,North America,self_serve,2025-07-27,22.2,False
ACC-004855,CO-0074510,SMB,11-50,Public Sector,North America,inbound_marketing,2023-10-04,33.0,False
ACC-004856,CO-0122971,SMB,11-50,Professional Services,EMEA,self_serve,2024-06-05,16.7,False
ACC-004857,CO-0040621,SMB,51-200,Healthcare,North America,self_serve,2025-02-03,29.9,False
ACC-004858,CO-0052270,SMB,11-50,Technology/SaaS,EMEA,self_serve,2023-01-03,17.9,False
ACC-004859,CO-0104019,SMB,11-50,Manufacturing,APAC,self_serve,2023-11-09,33.0,False
ACC-004860,CO-0017381,SMB,1-10,Healthcare,EMEA,inbound_marketing,2023-08-08,25.6,True
ACC-004861,CO-0102492,SMB,11-50,Financial Services,APAC,self_serve,2021-04-10,36.4,False
ACC-004862,CO-0059669,SMB,11-50,Manufacturing,North America,self_serve,2024-09-05,26.7,False
ACC-004863,CO-0079476,SMB,11-50,Manufacturing,North America,self_serve,2025-11-27,32.9,False
ACC-004864,CO-0029989,SMB,51-200,Media/Entertainment,LATAM,self_serve,2024-02-19,35.9,False
ACC-004865,CO-0097174,SMB,1-10,Retail/E-commerce,North America,self_serve,2023-09-02,5.2,False
ACC-004866,CO-0048022,SMB,11-50,Healthcare,North America,self_serve,2022-06-07,36.5,False
ACC-004867,CO-0081272,SMB,11-50,Professional Services,North America,self_serve,2025-09-10,11.2,False
ACC-004868,CO-0042207,SMB,1-10,Financial Services,North America,inbound_marketing,2025-06-12,30.6,True
ACC-004869,CO-0103569,SMB,1-10,Technology/SaaS,LATAM,inbound_marketing,2020-08-17,25.2,False
ACC-004870,CO-0076177,Commercial,11-50,Healthcare,North America,self_serve,2023-11-27,36.1,False
ACC-004871,CO-0016011,SMB,11-50,Healthcare,North America,self_serve,2024-11-03,24.3,False
ACC-004872,CO-0030280,SMB,11-50,Professional Services,APAC,self_serve,2020-05-24,31.8,False
ACC-004873,CO-0111949,Commercial,51-200,Public Sector,North America,self_serve,2023-09-09,38.9,False
ACC-004874,CO-0067510,Commercial,11-50,Technology/SaaS,North America,self_serve,2024-12-16,24.3,False
ACC-004875,CO-0036834,SMB,11-50,Financial Services,North America,self_serve,2025-07-08,33.5,False
ACC-004876,CO-0062933,SMB,1-10,Healthcare,North America,inbound_marketing,2023-11-28,25.1,False
ACC-004877,CO-0102411,SMB,11-50,Healthcare,North America,self_serve,2022-04-10,30.0,False
ACC-004878,CO-0106937,SMB,1-10,Public Sector,North America,self_serve,2025-12-04,26.0,True
ACC-004879,CO-0065350,SMB,1-10,Technology/SaaS,North America,inbound_marketing,2025-12-24,35.7,True
ACC-004880,CO-0022962,SMB,1-10,Manufacturing,EMEA,self_serve,2024-01-15,26.4,False
ACC-004881,CO-0057049,Commercial,1-10,Healthcare,North America,inbound_marketing,2024-09-26,11.6,False
ACC-004882,CO-0051529,SMB,11-50,Financial Services,EMEA,self_serve,2025-05-12,37.7,False
ACC-004883,CO-0094475,SMB,11-50,Retail/E-commerce,EMEA,self_serve,2024-06-02,22.1,False
ACC-004884,CO-0110076,Commercial,11-50,Media/Entertainment,North America,self_serve,2024-10-14,11.6,False
ACC-004885,CO-0113194,SMB,201-1000,Professional Services,EMEA,inbound_marketing,2024-08-20,38.1,False
ACC-004886,CO-0069154,SMB,11-50,Professional Services,North America,self_serve,2025-09-19,25.2,False
ACC-004887,CO-0117294,SMB,11-50,Logistics/Supply Chain,North America,self_serve,2024-09-06,27.4,False
ACC-004888,CO-0011373,SMB,51-200,Media/Entertainment,North America,self_serve,2023-10-07,26.8,False
ACC-004889,CO-0117070,SMB,11-50,Education,EMEA,self_serve,2024-05-27,20.0,False
ACC-004890,CO-0117361,SMB,11-50,Healthcare,APAC,inbound_marketing,2023-05-06,33.1,False
ACC-004891,CO-0105473,SMB,51-200,Logistics/Supply Chain,APAC,self_serve,2022-03-01,37.8,False
ACC-004892,CO-0071290,SMB,11-50,Retail/E-commerce,North America,inbound_marketing,2025-09-05,29.6,False
ACC-004893,CO-0056127,SMB,11-50,Retail/E-commerce,North America,self_serve,2025-04-19,27.9,False
ACC-004894,CO-0075688,SMB,11-50,Professional Services,North America,inbound_marketing,2024-08-06,38.5,False
ACC-004895,CO-0006637,SMB,1-10,Technology/SaaS,North America,self_serve,2025-05-04,28.7,False
ACC-004896,CO-0086577,SMB,11-50,Technology/SaaS,North America,self_serve,2025-06-13,25.4,False
ACC-004897,CO-0008839,Commercial,1-10,Financial Services,North America,inbound_marketing,2023-11-26,31.2,False
ACC-004898,CO-0014856,SMB,11-50,Technology/SaaS,North America,self_serve,2025-03-06,31.7,False
ACC-004899,CO-0098016,SMB,11-50,Financial Services,EMEA,self_serve,2025-09-03,28.6,False
ACC-004900,CO-0072412,SMB,1-10,Healthcare,North America,self_serve,2024-05-08,24.2,True
ACC-004901,CO-0052295,Commercial,1-10,Retail/E-commerce,North America,self_serve,2024-11-21,6.6,False
ACC-004902,CO-0117037,SMB,11-50,Manufacturing,EMEA,self_serve,2024-02-23,37.5,False
ACC-004903,CO-0010260,SMB,11-50,Financial Services,APAC,self_serve,2024-12-24,32.0,False
ACC-004904,CO-0000896,Commercial,1-10,Technology/SaaS,EMEA,self_serve,2023-05-17,28.4,False
ACC-004905,CO-0032212,SMB,1-10,Financial Services,North America,self_serve,2025-12-26,25.8,False
ACC-004906,CO-0095198,SMB,1-10,Professional Services,LATAM,self_serve,2024-08-02,13.7,False
ACC-004907,CO-0075151,Commercial,11-50,Retail/E-commerce,North America,self_serve,2024-04-17,25.7,False
ACC-004908,CO-0089255,Commercial,1-10,Professional Services,North America,self_serve,2025-01-20,23.7,False
ACC-004909,CO-0071618,SMB,1-10,Public Sector,APAC,self_serve,2022-10-23,17.6,True
ACC-004910,CO-0074498,SMB,11-50,Education,EMEA,self_serve,2025-05-27,12.8,False
ACC-004911,CO-0027875,SMB,11-50,Public Sector,North America,self_serve,2022-02-24,30.1,False
ACC-004912,CO-0077374,Commercial,11-50,Manufacturing,APAC,self_serve,2025-06-22,30.3,False
ACC-004913,CO-0050257,SMB,1-10,Professional Services,North America,self_serve,2025-10-05,17.5,False
ACC-004914,CO-0116669,SMB,1-10,Financial Services,North America,self_serve,2025-02-27,39.4,False
ACC-004915,CO-0026851,SMB,11-50,Technology/SaaS,EMEA,self_serve,2021-05-30,21.5,False
ACC-004916,CO-0041243,SMB,11-50,Media/Entertainment,North America,self_serve,2023-09-22,17.0,False
ACC-004917,CO-0017548,SMB,1-10,Media/Entertainment,North America,self_serve,2025-03-18,12.7,False
ACC-004918,CO-0112678,SMB,1-10,Professional Services,North America,self_serve,2024-11-16,22.1,False
ACC-004919,CO-0096847,SMB,1-10,Retail/E-commerce,North America,self_serve,2025-03-13,27.5,False
ACC-004920,CO-0018730,SMB,1-10,Healthcare,North America,inbound_marketing,2024-01-13,29.6,False
ACC-004921,CO-0066069,SMB,1-10,Healthcare,APAC,self_serve,2022-08-25,25.7,False
ACC-004922,CO-0036383,SMB,1-10,Retail/E-commerce,North America,inbound_marketing,2025-03-28,17.1,True
ACC-004923,CO-0073153,SMB,1-10,Healthcare,North America,self_serve,2025-09-21,25.5,False
ACC-004924,CO-0103470,SMB,11-50,Healthcare,EMEA,inbound_marketing,2022-07-11,27.6,False
ACC-004925,CO-0038646,SMB,51-200,Technology/SaaS,LATAM,self_serve,2024-01-10,37.7,False
ACC-004926,CO-0078519,SMB,11-50,Financial Services,EMEA,self_serve,2025-08-01,34.5,False
ACC-004927,CO-0107392,SMB,1-10,Logistics/Supply Chain,EMEA,self_serve,2023-09-25,26.8,False
ACC-004928,CO-0076978,SMB,1-10,Technology/SaaS,North America,inbound_marketing,2020-07-06,26.2,False
ACC-004929,CO-0084814,SMB,201-1000,Professional Services,EMEA,inbound_marketing,2024-09-22,38.7,False
ACC-004930,CO-0110556,SMB,51-200,Professional Services,North America,self_serve,2024-01-06,26.5,False
ACC-004931,CO-0045867,SMB,1-10,Professional Services,LATAM,self_serve,2025-01-14,18.3,False
ACC-004932,CO-0015665,SMB,11-50,Healthcare,North America,inbound_marketing,2024-03-21,30.8,False
ACC-004933,CO-0060319,SMB,1-10,Manufacturing,APAC,self_serve,2024-01-25,26.7,True
ACC-004934,CO-0062552,SMB,11-50,Logistics/Supply Chain,EMEA,inbound_marketing,2021-02-24,34.1,False
ACC-004935,CO-0104801,SMB,1-10,Media/Entertainment,North America,self_serve,2022-03-05,35.7,False
ACC-004936,CO-0004927,Commercial,11-50,Professional Services,North America,self_serve,2023-01-11,33.3,False
ACC-004937,CO-0028247,SMB,1-10,Professional Services,North America,inbound_marketing,2024-08-04,14.0,False
ACC-004938,CO-0080522,SMB,51-200,Retail/E-commerce,North America,self_serve,2021-05-29,37.1,False
ACC-004939,CO-0121603,SMB,11-50,Media/Entertainment,North America,inbound_marketing,2025-04-20,27.2,False
ACC-004940,CO-0002661,SMB,1-10,Manufacturing,APAC,inbound_marketing,2025-09-16,18.2,False
ACC-004941,CO-0122736,SMB,11-50,Technology/SaaS,APAC,self_serve,2024-02-27,34.0,False
ACC-004942,CO-0064076,SMB,11-50,Education,EMEA,inbound_marketing,2024-01-11,24.2,False
ACC-004943,CO-0009366,SMB,1-10,Healthcare,EMEA,self_serve,2021-12-02,22.9,False
ACC-004944,CO-0021680,SMB,11-50,Media/Entertainment,North America,self_serve,2020-01-27,14.4,False
ACC-004945,CO-0105083,SMB,11-50,Professional Services,EMEA,self_serve,2023-12-02,26.9,False
ACC-004946,CO-0064582,SMB,1-10,Media/Entertainment,North America,self_serve,2021-12-26,20.3,False
ACC-004947,CO-0009579,SMB,1-10,Public Sector,North America,self_serve,2025-05-16,24.5,False
ACC-004948,CO-0100015,SMB,1-10,Retail/E-commerce,North America,self_serve,2022-09-19,23.9,False
ACC-004949,CO-0046721,SMB,1-10,Financial Services,APAC,inbound_marketing,2025-12-10,26.2,False
ACC-004950,CO-0000228,SMB,1-10,Financial Services,North America,self_serve,2025-10-14,31.1,False
ACC-004951,CO-0105675,SMB,11-50,Logistics/Supply Chain,North America,self_serve,2024-01-19,38.1,False
ACC-004952,CO-0023754,SMB,11-50,Logistics/Supply Chain,North America,inbound_marketing,2024-05-10,35.1,False
ACC-004953,CO-0027172,SMB,1-10,Financial Services,North America,self_serve,2023-06-26,29.2,False
ACC-004954,CO-0120426,SMB,11-50,Manufacturing,APAC,self_serve,2024-07-07,27.5,False
ACC-004955,CO-0040281,SMB,1-10,Logistics/Supply Chain,North America,inbound_marketing,2025-12-01,17.6,False
ACC-004956,CO-0046531,SMB,1-10,Education,North America,self_serve,2024-04-18,8.7,True
ACC-004957,CO-0074319,SMB,11-50,Financial Services,North America,inbound_marketing,2025-03-23,28.0,False
ACC-004958,CO-0042164,SMB,11-50,Healthcare,North America,self_serve,2025-06-19,34.5,False
ACC-004959,CO-0016264,SMB,1-10,Professional Services,EMEA,self_serve,2025-10-10,20.2,True
ACC-004960,CO-0016548,SMB,1-10,Media/Entertainment,EMEA,self_serve,2024-11-08,15.3,True
ACC-004961,CO-0059126,SMB,1-10,Retail/E-commerce,North America,self_serve,2021-09-10,24.9,False
ACC-004962,CO-0093554,SMB,11-50,Manufacturing,EMEA,inbound_marketing,2020-02-03,29.9,False
ACC-004963,CO-0046965,SMB,1-10,Logistics/Supply Chain,North America,self_serve,2022-06-30,22.0,False
ACC-004964,CO-0059339,SMB,11-50,Financial Services,EMEA,self_serve,2023-02-05,28.4,False
ACC-004965,CO-0032543,SMB,51-200,Manufacturing,LATAM,inbound_marketing,2021-10-08,30.9,False
ACC-004966,CO-0105246,SMB,1-10,Retail/E-commerce,EMEA,inbound_marketing,2021-10-10,24.6,True
ACC-004967,CO-0117659,SMB,1-10,Healthcare,EMEA,self_serve,2025-08-25,24.5,False
ACC-004968,CO-0027467,SMB,1-10,Retail/E-commerce,APAC,self_serve,2022-02-15,16.6,False
ACC-004969,CO-0024133,SMB,1-10,Professional Services,North America,self_serve,2024-09-18,25.8,False
ACC-004970,CO-0116320,SMB,11-50,Professional Services,APAC,self_serve,2023-09-27,12.7,False
ACC-004971,CO-0103016,SMB,51-200,Retail/E-commerce,North America,self_serve,2024-02-02,39.4,False
ACC-004972,CO-0053663,SMB,1-10,Media/Entertainment,North America,self_serve,2023-04-04,22.5,False
ACC-004973,CO-0046575,SMB,11-50,Manufacturing,North America,self_serve,2024-12-01,23.1,False
ACC-004974,CO-0051568,SMB,1-10,Technology/SaaS,North America,inbound_marketing,2024-05-02,14.4,False
ACC-004975,CO-0070740,SMB,51-200,Logistics/Supply Chain,North America,self_serve,2023-10-11,38.4,False
ACC-004976,CO-0102999,SMB,11-50,Healthcare,EMEA,self_serve,2025-08-05,14.2,False
ACC-004977,CO-0008165,Commercial,1-10,Media/Entertainment,North America,self_serve,2023-10-03,20.1,False
ACC-004978,CO-0019078,SMB,11-50,Professional Services,North America,self_serve,2025-09-25,29.6,False
ACC-004979,CO-0029182,SMB,11-50,Healthcare,North America,self_serve,2024-09-20,35.9,False
ACC-004980,CO-0108499,Commercial,1-10,Education,EMEA,self_serve,2022-04-12,13.7,False
ACC-004981,CO-0063354,SMB,51-200,Manufacturing,EMEA,self_serve,2021-08-20,38.6,False
ACC-004982,CO-0037495,SMB,51-200,Technology/SaaS,APAC,self_serve,2025-02-05,38.4,False
ACC-004983,CO-0022131,SMB,1-10,Technology/SaaS,North America,self_serve,2024-08-22,30.7,True
ACC-004984,CO-0010820,SMB,11-50,Manufacturing,North America,self_serve,2024-10-20,38.8,False
ACC-004985,CO-0050157,SMB,11-50,Media/Entertainment,LATAM,self_serve,2024-11-19,22.5,False
ACC-004986,CO-0117224,SMB,1-10,Technology/SaaS,EMEA,self_serve,2023-12-05,27.2,False
ACC-004987,CO-0005961,SMB,11-50,Retail/E-commerce,EMEA,self_serve,2025-01-12,21.6,False
ACC-004988,CO-0045842,SMB,11-50,Logistics/Supply Chain,EMEA,self_serve,2025-07-27,17.3,False
ACC-004989,CO-0107338,SMB,1-10,Manufacturing,North America,self_serve,2022-10-02,34.2,False
ACC-004990,CO-0102805,SMB,11-50,Manufacturing,EMEA,self_serve,2025-10-04,32.7,False
ACC-004991,CO-0051389,SMB,11-50,Public Sector,EMEA,self_serve,2025-05-27,36.6,False
ACC-004992,CO-0031791,SMB,11-50,Retail/E-commerce,North America,self_serve,2023-09-17,16.0,False
ACC-004993,CO-0029001,SMB,11-50,Retail/E-commerce,North America,self_serve,2025-05-27,23.9,False
ACC-004994,CO-0031482,SMB,1-10,Education,EMEA,self_serve,2021-11-07,13.0,False
ACC-004995,CO-0063223,SMB,1-10,Professional Services,North America,self_serve,2021-12-11,31.7,False
ACC-004996,CO-0077918,Commercial,51-200,Media/Entertainment,North America,self_serve,2020-07-29,31.2,False
ACC-004997,CO-0113000,SMB,11-50,Technology/SaaS,LATAM,inbound_marketing,2025-11-14,32.2,False
ACC-004998,CO-0101664,SMB,1-10,Education,EMEA,self_serve,2025-08-07,5.4,True
ACC-004999,CO-0092804,SMB,1-10,Financial Services,North America,self_serve,2021-04-19,32.0,False
ACC-005000,CO-0077151,SMB,11-50,Logistics/Supply Chain,North America,inbound_marketing,2024-10-26,28.9,False
ACC-005001,CO-0088717,SMB,1-10,Education,North America,inbound_marketing,2024-05-12,15.5,False
ACC-005002,CO-0078976,SMB,1-10,Manufacturing,EMEA,self_serve,2024-04-19,28.3,True
ACC-005003,CO-0025505,SMB,51-200,Education,APAC,self_serve,2020-05-05,26.1,False
ACC-005004,CO-0107884,SMB,11-50,Healthcare,APAC,self_serve,2024-12-17,32.0,False
ACC-005005,CO-0030903,SMB,1-10,Professional Services,North America,inbound_marketing,2025-07-25,25.4,False
ACC-005006,CO-0100354,Commercial,1-10,Technology/SaaS,APAC,self_serve,2023-06-15,27.3,False
ACC-005007,CO-0121427,SMB,1-10,Professional Services,EMEA,inbound_marketing,2021-05-10,21.3,False
ACC-005008,CO-0011193,SMB,11-50,Manufacturing,EMEA,self_serve,2024-10-08,30.9,False
ACC-005009,CO-0090513,Commercial,1-10,Logistics/Supply Chain,LATAM,self_serve,2023-12-15,26.5,False
ACC-005010,CO-0015932,SMB,11-50,Manufacturing,North America,inbound_marketing,2025-11-19,28.6,False
ACC-005011,CO-0095713,SMB,1-10,Technology/SaaS,EMEA,self_serve,2021-06-09,30.8,True
ACC-005012,CO-0113821,SMB,51-200,Professional Services,North America,self_serve,2025-05-08,35.5,False
ACC-005013,CO-0087167,SMB,1-10,Retail/E-commerce,North America,inbound_marketing,2025-09-19,18.6,False
ACC-005014,CO-0036563,SMB,11-50,Logistics/Supply Chain,North America,inbound_marketing,2025-11-07,28.5,False
ACC-005015,CO-0100088,Commercial,1-10,Technology/SaaS,North America,self_serve,2022-06-04,31.1,False
ACC-005016,CO-0111461,SMB,1-10,Logistics/Supply Chain,LATAM,self_serve,2025-04-24,20.3,False
ACC-005017,CO-0117012,SMB,11-50,Retail/E-commerce,North America,self_serve,2025-06-04,25.3,False
ACC-005018,CO-0115481,SMB,1-10,Retail/E-commerce,APAC,self_serve,2025-11-12,7.9,False
ACC-005019,CO-0034786,SMB,11-50,Retail/E-commerce,North America,inbound_marketing,2025-08-23,24.8,False
ACC-005020,CO-0038489,SMB,1-10,Retail/E-commerce,APAC,self_serve,2023-10-05,26.7,False
ACC-005021,CO-0072801,SMB,11-50,Healthcare,EMEA,self_serve,2023-06-01,20.0,False
ACC-005022,CO-0009742,SMB,1-10,Technology/SaaS,APAC,self_serve,2022-03-24,27.5,False
ACC-005023,CO-0001672,SMB,11-50,Financial Services,North America,inbound_marketing,2022-03-30,34.7,False
ACC-005024,CO-0086747,SMB,11-50,Professional Services,LATAM,self_serve,2020-08-03,18.5,False
ACC-005025,CO-0033160,SMB,1-10,Financial Services,EMEA,self_serve,2020-01-20,28.4,False
ACC-005026,CO-0000020,SMB,11-50,Healthcare,North America,self_serve,2023-07-10,36.8,False
ACC-005027,CO-0094279,Commercial,11-50,Education,North America,self_serve,2023-03-21,17.6,False
ACC-005028,CO-0072968,SMB,51-200,Technology/SaaS,North America,self_serve,2023-11-21,39.3,False
ACC-005029,CO-0120715,SMB,1-10,Healthcare,North America,self_serve,2021-06-08,27.3,False
ACC-005030,CO-0053771,SMB,1-10,Manufacturing,North America,self_serve,2023-09-28,31.5,False
ACC-005031,CO-0019203,SMB,1-10,Financial Services,EMEA,self_serve,2023-03-14,31.5,False
ACC-005032,CO-0100835,SMB,1-10,Manufacturing,EMEA,self_serve,2024-05-21,11.5,True
ACC-005033,CO-0111962,SMB,1-10,Professional Services,North America,self_serve,2024-09-15,10.5,False
ACC-005034,CO-0121822,SMB,201-1000,Education,APAC,inbound_marketing,2020-10-30,36.3,False
ACC-005035,CO-0016903,Commercial,51-200,Professional Services,LATAM,inbound_marketing,2024-10-26,32.8,False
ACC-005036,CO-0002496,SMB,51-200,Manufacturing,APAC,self_serve,2024-12-17,38.6,False
ACC-005037,CO-0105638,Enterprise,51-200,Retail/E-commerce,North America,self_serve,2021-01-23,30.4,False
ACC-005038,CO-0011562,SMB,1-10,Professional Services,North America,self_serve,2025-07-08,25.0,True
ACC-005039,CO-0033035,SMB,1-10,Professional Services,North America,self_serve,2025-03-03,25.2,False
ACC-005040,CO-0011841,SMB,51-200,Retail/E-commerce,North America,inbound_marketing,2024-11-05,31.7,False
ACC-005041,CO-0077747,SMB,11-50,Financial Services,North America,self_serve,2023-03-17,39.6,False
ACC-005042,CO-0107915,Commercial,51-200,Retail/E-commerce,EMEA,inbound_marketing,2023-05-24,38.7,False
ACC-005043,CO-0083490,SMB,201-1000,Professional Services,EMEA,inbound_marketing,2024-03-17,38.5,False
ACC-005044,CO-0032565,Commercial,11-50,Healthcare,North America,self_serve,2024-10-18,33.7,False
ACC-005045,CO-0003894,SMB,11-50,Manufacturing,North America,inbound_marketing,2024-03-04,35.5,False
ACC-005046,CO-0103908,SMB,1-10,Logistics/Supply Chain,EMEA,inbound_marketing,2022-12-20,16.5,False
ACC-005047,CO-0116649,SMB,11-50,Retail/E-commerce,North America,self_serve,2023-10-18,18.1,False
ACC-005048,CO-0058914,SMB,1-10,Education,North America,self_serve,2025-09-15,16.1,False
ACC-005049,CO-0041209,SMB,11-50,Retail/E-commerce,North America,self_serve,2025-10-20,28.0,False
ACC-005050,CO-0049666,SMB,11-50,Manufacturing,APAC,self_serve,2024-01-22,24.8,False
ACC-005051,CO-0110671,Commercial,11-50,Professional Services,North America,self_serve,2025-03-07,17.6,False
ACC-005052,CO-0082289,Commercial,11-50,Retail/E-commerce,EMEA,self_serve,2024-11-28,14.2,False
ACC-005053,CO-0018558,SMB,1-10,Retail/E-commerce,North America,inbound_marketing,2020-05-10,26.4,True
ACC-005054,CO-0007888,SMB,1-10,Logistics/Supply Chain,LATAM,inbound_marketing,2025-05-19,17.3,False
ACC-005055,CO-0021231,SMB,11-50,Technology/SaaS,North America,self_serve,2024-01-21,38.1,False
ACC-005056,CO-0082086,SMB,1-10,Healthcare,North America,self_serve,2025-10-06,15.8,False
ACC-005057,CO-0014985,SMB,1-10,Retail/E-commerce,APAC,inbound_marketing,2020-11-21,16.9,False
ACC-005058,CO-0096178,SMB,11-50,Professional Services,North America,inbound_marketing,2025-09-26,21.3,False
ACC-005059,CO-0088041,SMB,11-50,Healthcare,North America,self_serve,2023-02-17,27.5,False
ACC-005060,CO-0055736,SMB,1-10,Manufacturing,EMEA,inbound_marketing,2025-01-14,19.2,False
ACC-005061,CO-0093974,SMB,11-50,Retail/E-commerce,APAC,self_serve,2023-10-20,17.3,False
ACC-005062,CO-0100379,SMB,1-10,Retail/E-commerce,North America,self_serve,2024-01-19,18.7,False
ACC-005063,CO-0103813,SMB,11-50,Retail/E-commerce,North America,self_serve,2023-11-18,29.5,False
ACC-005064,CO-0070198,SMB,1-10,Technology/SaaS,North America,inbound_marketing,2025-12-02,25.5,False
ACC-005065,CO-0100271,SMB,11-50,Public Sector,APAC,self_serve,2020-01-19,35.2,False
ACC-005066,CO-0111737,SMB,1-10,Healthcare,North America,self_serve,2024-07-06,23.3,False
ACC-005067,CO-0101747,SMB,51-200,Education,North America,inbound_marketing,2024-04-04,35.1,False
ACC-005068,CO-0078897,SMB,1-10,Logistics/Supply Chain,EMEA,self_serve,2023-02-26,26.3,False
ACC-005069,CO-0004994,SMB,1-10,Financial Services,North America,inbound_marketing,2024-08-25,30.0,False
ACC-005070,CO-0016111,SMB,1-10,Healthcare,North America,self_serve,2022-02-24,27.7,False
ACC-005071,CO-0100722,SMB,1-10,Manufacturing,North America,self_serve,2025-08-18,24.4,False
ACC-005072,CO-0013570,SMB,1-10,Financial Services,EMEA,inbound_marketing,2024-08-08,23.8,True
ACC-005073,CO-0030020,SMB,1-10,Manufacturing,EMEA,inbound_marketing,2025-09-07,20.0,False
ACC-005074,CO-0056560,SMB,1-10,Financial Services,North America,inbound_marketing,2024-08-12,36.1,False
ACC-005075,CO-0123029,SMB,11-50,Manufacturing,North America,self_serve,2025-01-24,30.3,False
ACC-005076,CO-0026735,SMB,1-10,Retail/E-commerce,North America,self_serve,2023-03-24,14.0,False
ACC-005077,CO-0031649,SMB,1-10,Manufacturing,North America,self_serve,2024-04-14,30.3,False
ACC-005078,CO-0048038,SMB,1-10,Public Sector,EMEA,self_serve,2025-10-02,15.0,False
ACC-005079,CO-0065792,Enterprise,11-50,Retail/E-commerce,North America,inbound_marketing,2023-10-01,26.4,False
ACC-005080,CO-0046814,SMB,51-200,Media/Entertainment,APAC,self_serve,2023-03-23,26.5,False
ACC-005081,CO-0114082,SMB,11-50,Retail/E-commerce,EMEA,self_serve,2025-01-01,17.5,False
ACC-005082,CO-0002374,SMB,1-10,Retail/E-commerce,North America,inbound_marketing,2024-11-19,19.3,False
ACC-005083,CO-0095078,SMB,1-10,Professional Services,EMEA,inbound_marketing,2025-01-26,2.9,True
ACC-005084,CO-0100960,SMB,1-10,Technology/SaaS,North America,self_serve,2023-08-01,26.3,False
ACC-005085,CO-0039053,SMB,1-10,Logistics/Supply Chain,North America,self_serve,2024-12-08,39.2,False
ACC-005086,CO-0117964,SMB,11-50,Technology/SaaS,North America,self_serve,2024-10-14,38.6,False
ACC-005087,CO-0082029,SMB,1-10,Manufacturing,North America,self_serve,2024-12-03,24.8,False
ACC-005088,CO-0086327,SMB,51-200,Technology/SaaS,EMEA,inbound_marketing,2023-12-06,28.3,False
ACC-005089,CO-0118408,SMB,1-10,Retail/E-commerce,APAC,self_serve,2022-09-04,18.9,False
ACC-005090,CO-0110978,SMB,1-10,Technology/SaaS,North America,self_serve,2025-07-27,19.5,False
ACC-005091,CO-0034676,SMB,51-200,Public Sector,North America,inbound_marketing,2024-12-02,38.1,False
ACC-005092,CO-0005618,SMB,11-50,Professional Services,EMEA,self_serve,2024-07-13,21.1,False
ACC-005093,CO-0067857,SMB,11-50,Professional Services,North America,self_serve,2024-11-28,21.4,False
ACC-005094,CO-0067505,SMB,1-10,Public Sector,EMEA,self_serve,2025-04-02,26.8,True
ACC-005095,CO-0096616,SMB,1-10,Technology/SaaS,APAC,inbound_marketing,2024-10-23,11.8,False
ACC-005096,CO-0016365,SMB,1-10,Logistics/Supply Chain,APAC,inbound_marketing,2021-03-21,24.8,False
ACC-005097,CO-0020604,SMB,1-10,Media/Entertainment,APAC,self_serve,2023-02-06,22.0,True
ACC-005098,CO-0004493,SMB,1-10,Public Sector,North America,inbound_marketing,2023-06-27,19.2,False
ACC-005099,CO-0099287,SMB,11-50,Education,EMEA,self_serve,2022-05-02,23.8,False
ACC-005100,CO-0057532,SMB,1-10,Healthcare,North America,inbound_marketing,2024-04-21,17.7,False
ACC-005101,CO-0061030,Commercial,11-50,Manufacturing,North America,self_serve,2022-12-15,22.7,False
ACC-005102,CO-0118431,SMB,1-10,Professional Services,EMEA,self_serve,2024-03-08,14.4,False
ACC-005103,CO-0094139,SMB,51-200,Professional Services,North America,self_serve,2024-11-17,31.0,False
ACC-005104,CO-0121179,Commercial,51-200,Retail/E-commerce,North America,self_serve,2022-10-03,36.6,False
ACC-005105,CO-0099451,SMB,51-200,Logistics/Supply Chain,EMEA,inbound_marketing,2024-05-25,37.5,False
ACC-005106,CO-0115466,SMB,1-10,Technology/SaaS,North America,self_serve,2025-07-03,32.4,False
ACC-005107,CO-0005336,Commercial,11-50,Technology/SaaS,EMEA,self_serve,2025-05-24,27.8,False
ACC-005108,CO-0111710,SMB,1-10,Manufacturing,EMEA,self_serve,2023-11-14,15.1,True
ACC-005109,CO-0057685,SMB,1-10,Technology/SaaS,North America,self_serve,2021-08-24,20.6,False
ACC-005110,CO-0000076,SMB,11-50,Technology/SaaS,EMEA,self_serve,2024-11-04,32.0,False
ACC-005111,CO-0063900,SMB,11-50,Retail/E-commerce,APAC,self_serve,2025-12-17,23.3,False
ACC-005112,CO-0086659,SMB,11-50,Media/Entertainment,North America,self_serve,2023-04-25,39.4,False
ACC-005113,CO-0033222,SMB,1-10,Professional Services,LATAM,self_serve,2024-11-05,8.9,False
ACC-005114,CO-0073201,SMB,11-50,Logistics/Supply Chain,North America,inbound_marketing,2025-02-27,37.5,False
ACC-005115,CO-0037621,SMB,1-10,Technology/SaaS,North America,self_serve,2022-02-24,17.7,False
ACC-005116,CO-0099859,SMB,11-50,Manufacturing,EMEA,inbound_marketing,2021-12-10,30.2,False
ACC-005117,CO-0083872,SMB,51-200,Professional Services,North America,self_serve,2024-10-22,33.5,False
ACC-005118,CO-0007082,SMB,1-10,Technology/SaaS,North America,inbound_marketing,2023-09-11,18.4,False
ACC-005119,CO-0026186,SMB,51-200,Professional Services,North America,self_serve,2024-09-11,33.0,False
ACC-005120,CO-0052845,SMB,1-10,Education,EMEA,self_serve,2024-04-08,9.4,False
ACC-005121,CO-0051574,SMB,11-50,Healthcare,North America,inbound_marketing,2024-04-22,38.5,False
ACC-005122,CO-0103473,SMB,51-200,Professional Services,EMEA,self_serve,2025-01-09,30.7,False
ACC-005123,CO-0018643,SMB,11-50,Public Sector,EMEA,self_serve,2025-07-03,32.8,False
ACC-005124,CO-0016971,SMB,1-10,Technology/SaaS,North America,inbound_marketing,2025-07-27,26.3,False
ACC-005125,CO-0012945,SMB,11-50,Professional Services,North America,inbound_marketing,2025-03-08,36.2,False
ACC-005126,CO-0114392,Commercial,1-10,Healthcare,APAC,self_serve,2023-05-26,19.2,False
ACC-005127,CO-0032788,SMB,11-50,Retail/E-commerce,EMEA,self_serve,2024-12-28,35.3,False
ACC-005128,CO-0057879,SMB,51-200,Logistics/Supply Chain,North America,inbound_marketing,2023-02-20,38.3,False
ACC-005129,CO-0053690,SMB,51-200,Education,North America,self_serve,2025-09-13,38.4,False
ACC-005130,CO-0032689,SMB,1-10,Technology/SaaS,North America,self_serve,2023-05-10,27.6,False
ACC-005131,CO-0119587,SMB,11-50,Professional Services,EMEA,self_serve,2025-09-24,36.2,False
ACC-005132,CO-0072638,SMB,1-10,Healthcare,EMEA,self_serve,2024-03-23,22.0,False
ACC-005133,CO-0102235,SMB,11-50,Healthcare,EMEA,self_serve,2025-05-23,26.5,False
ACC-005134,CO-0108224,SMB,1-10,Technology/SaaS,EMEA,self_serve,2025-09-12,30.7,True
ACC-005135,CO-0077988,SMB,1-10,Manufacturing,North America,self_serve,2025-11-25,32.3,False
ACC-005136,CO-0100890,Commercial,1-10,Public Sector,EMEA,self_serve,2021-12-04,12.8,False
ACC-005137,CO-0020713,SMB,1-10,Public Sector,North America,self_serve,2025-03-25,22.4,False
ACC-005138,CO-0002724,SMB,11-50,Media/Entertainment,North America,self_serve,2023-02-19,27.5,False
ACC-005139,CO-0119670,SMB,11-50,Technology/SaaS,LATAM,self_serve,2025-07-10,23.0,False
ACC-005140,CO-0028145,SMB,51-200,Professional Services,North America,self_serve,2023-03-10,38.5,False
ACC-005141,CO-0046652,SMB,11-50,Retail/E-commerce,EMEA,self_serve,2023-03-05,35.4,False
ACC-005142,CO-0074666,SMB,1-10,Retail/E-commerce,EMEA,self_serve,2024-07-19,18.6,False
ACC-005143,CO-0050579,SMB,1-10,Manufacturing,North America,self_serve,2025-10-09,21.4,False
ACC-005144,CO-0104429,Commercial,51-200,Healthcare,North America,self_serve,2024-07-22,35.6,False
ACC-005145,CO-0080078,Commercial,51-200,Logistics/Supply Chain,North America,self_serve,2024-02-19,31.6,False
ACC-005146,CO-0092848,SMB,1-10,Healthcare,APAC,self_serve,2023-07-02,27.6,False
ACC-005147,CO-0087502,SMB,1-10,Technology/SaaS,North America,self_serve,2023-01-08,37.6,False
ACC-005148,CO-0045022,SMB,11-50,Healthcare,EMEA,self_serve,2025-11-25,37.2,False
ACC-005149,CO-0088307,Commercial,1-10,Retail/E-commerce,North America,self_serve,2023-10-01,30.5,False
ACC-005150,CO-0072252,SMB,11-50,Professional Services,APAC,self_serve,2025-09-04,29.4,False
ACC-005151,CO-0043848,SMB,11-50,Financial Services,APAC,self_serve,2023-01-16,30.6,False
ACC-005152,CO-0058796,SMB,1-10,Retail/E-commerce,North America,self_serve,2025-03-05,23.9,True
ACC-005153,CO-0051198,SMB,11-50,Healthcare,North America,self_serve,2025-09-13,37.5,False
ACC-005154,CO-0083753,SMB,1-10,Technology/SaaS,EMEA,self_serve,2023-10-26,20.4,False
ACC-005155,CO-0122441,SMB,1-10,Media/Entertainment,North America,self_serve,2020-06-24,16.4,False
ACC-005156,CO-0038586,SMB,11-50,Financial Services,APAC,self_serve,2023-12-09,21.1,False
ACC-005157,CO-0078848,SMB,1-10,Manufacturing,EMEA,self_serve,2023-12-21,26.7,False
ACC-005158,CO-0076016,SMB,1-10,Manufacturing,North America,self_serve,2024-04-16,24.4,False
ACC-005159,CO-0018193,Commercial,1-10,Retail/E-commerce,EMEA,self_serve,2023-07-09,12.7,False
ACC-005160,CO-0105603,SMB,11-50,Logistics/Supply Chain,North America,inbound_marketing,2022-10-24,29.2,False
ACC-005161,CO-0097397,SMB,1-10,Financial Services,APAC,self_serve,2023-09-05,32.9,False
ACC-005162,CO-0110699,SMB,51-200,Retail/E-commerce,North America,self_serve,2024-11-10,39.8,False
ACC-005163,CO-0032634,SMB,51-200,Education,EMEA,self_serve,2025-03-24,29.2,False
ACC-005164,CO-0013781,SMB,1-10,Healthcare,North America,self_serve,2021-07-24,21.7,False
ACC-005165,CO-0061494,SMB,1-10,Professional Services,North America,self_serve,2023-02-09,19.8,False
ACC-005166,CO-0024393,Commercial,1-10,Public Sector,North America,self_serve,2022-11-06,28.3,True
ACC-005167,CO-0121721,SMB,1-10,Logistics/Supply Chain,North America,self_serve,2025-10-04,22.1,False
ACC-005168,CO-0108911,SMB,11-50,Education,North America,self_serve,2024-12-28,14.8,False
ACC-005169,CO-0094718,SMB,1-10,Public Sector,EMEA,inbound_marketing,2023-07-14,15.2,False
ACC-005170,CO-0052984,SMB,1-10,Logistics/Supply Chain,North America,self_serve,2025-02-05,23.2,False
ACC-005171,CO-0080045,SMB,51-200,Professional Services,North America,inbound_marketing,2024-11-20,30.8,False
ACC-005172,CO-0069533,SMB,1-10,Financial Services,North America,inbound_marketing,2025-04-08,35.4,True
ACC-005173,CO-0004392,SMB,11-50,Retail/E-commerce,LATAM,self_serve,2024-04-06,9.4,False
ACC-005174,CO-0078724,SMB,51-200,Education,EMEA,self_serve,2025-08-14,19.8,False
ACC-005175,CO-0011696,SMB,1-10,Technology/SaaS,North America,self_serve,2023-12-05,20.2,False
ACC-005176,CO-0071293,SMB,1-10,Logistics/Supply Chain,North America,self_serve,2023-03-03,22.4,False
ACC-005177,CO-0120846,SMB,11-50,Retail/E-commerce,APAC,self_serve,2024-04-17,21.3,False
ACC-005178,CO-0005522,SMB,1-10,Financial Services,North America,self_serve,2024-02-12,26.3,False
ACC-005179,CO-0056308,SMB,51-200,Healthcare,North America,inbound_marketing,2025-08-15,36.6,False
ACC-005180,CO-0021317,Commercial,11-50,Logistics/Supply Chain,EMEA,self_serve,2022-11-20,29.3,False
ACC-005181,CO-0017457,SMB,1-10,Manufacturing,EMEA,self_serve,2023-02-13,33.7,False
ACC-005182,CO-0041315,SMB,1-10,Media/Entertainment,LATAM,inbound_marketing,2025-10-12,19.4,False
ACC-005183,CO-0033558,SMB,1-10,Manufacturing,EMEA,inbound_marketing,2024-11-10,23.9,False
ACC-005184,CO-0041627,SMB,11-50,Logistics/Supply Chain,APAC,self_serve,2023-05-02,20.4,False
ACC-005185,CO-0108840,SMB,1-10,Financial Services,North America,self_serve,2025-02-08,20.4,False
ACC-005186,CO-0087248,SMB,11-50,Technology/SaaS,North America,self_serve,2024-10-03,32.9,False
ACC-005187,CO-0036096,SMB,1-10,Public Sector,LATAM,inbound_marketing,2025-10-14,18.0,False
ACC-005188,CO-0055251,SMB,1-10,Professional Services,North America,self_serve,2024-03-05,18.9,True
ACC-005189,CO-0115658,SMB,11-50,Retail/E-commerce,North America,self_serve,2022-12-04,19.3,False
ACC-005190,CO-0059112,SMB,1-10,Media/Entertainment,North America,self_serve,2021-02-17,21.7,False
ACC-005191,CO-0015469,Commercial,1-10,Public Sector,North America,self_serve,2024-01-19,25.7,False
ACC-005192,CO-0045250,SMB,1-10,Manufacturing,EMEA,self_serve,2025-08-04,23.5,False
ACC-005193,CO-0103915,SMB,1-10,Education,North America,inbound_marketing,2023-03-14,17.1,False
ACC-005194,CO-0101857,SMB,1-10,Logistics/Supply Chain,North America,self_serve,2025-04-12,20.4,False
ACC-005195,CO-0049572,SMB,1-10,Professional Services,North America,self_serve,2025-08-11,27.6,False
ACC-005196,CO-0078870,SMB,11-50,Public Sector,North America,self_serve,2025-12-06,20.2,False
ACC-005197,CO-0003658,SMB,11-50,Healthcare,North America,self_serve,2025-09-15,32.9,False
ACC-005198,CO-0116034,SMB,1-10,Logistics/Supply Chain,EMEA,self_serve,2025-10-24,19.1,False
ACC-005199,CO-0093646,SMB,1-10,Public Sector,North America,self_serve,2024-01-02,25.8,True
ACC-005200,CO-0016036,Commercial,1-10,Retail/E-commerce,APAC,inbound_marketing,2024-03-23,19.0,False
ACC-005201,CO-0082334,SMB,51-200,Professional Services,APAC,self_serve,2022-09-16,31.7,False
ACC-005202,CO-0047069,SMB,51-200,Education,EMEA,self_serve,2025-11-26,22.9,False
ACC-005203,CO-0040722,SMB,1-10,Technology/SaaS,North America,inbound_marketing,2021-12-30,24.8,False
ACC-005204,CO-0115943,Commercial,51-200,Professional Services,EMEA,self_serve,2025-02-16,35.0,False
ACC-005205,CO-0044212,SMB,1-10,Professional Services,North America,self_serve,2025-10-01,18.2,False
ACC-005206,CO-0085633,SMB,11-50,Media/Entertainment,North America,inbound_marketing,2022-09-12,23.7,False
ACC-005207,CO-0041503,SMB,11-50,Professional Services,North America,inbound_marketing,2024-02-17,21.8,False
ACC-005208,CO-0074372,SMB,11-50,Public Sector,EMEA,inbound_marketing,2023-11-20,22.4,False
ACC-005209,CO-0077383,SMB,11-50,Healthcare,North America,inbound_marketing,2024-11-25,39.2,False
ACC-005210,CO-0092647,SMB,51-200,Public Sector,EMEA,self_serve,2025-09-22,36.8,False
ACC-005211,CO-0077217,SMB,11-50,Logistics/Supply Chain,LATAM,self_serve,2021-04-26,28.3,False
ACC-005212,CO-0067259,SMB,1-10,Media/Entertainment,North America,self_serve,2023-01-03,29.2,False
ACC-005213,CO-0040441,SMB,1-10,Professional Services,North America,self_serve,2024-06-18,37.3,True
ACC-005214,CO-0120575,SMB,1-10,Technology/SaaS,North America,self_serve,2024-10-14,34.7,False
ACC-005215,CO-0109340,SMB,11-50,Retail/E-commerce,EMEA,self_serve,2020-05-20,15.5,False
ACC-005216,CO-0056914,SMB,11-50,Professional Services,EMEA,inbound_marketing,2021-06-24,25.3,False
ACC-005217,CO-0103532,Commercial,11-50,Technology/SaaS,North America,self_serve,2021-03-10,36.5,False
ACC-005218,CO-0118759,SMB,11-50,Healthcare,LATAM,self_serve,2023-07-18,21.0,False
ACC-005219,CO-0048483,SMB,1-10,Technology/SaaS,APAC,self_serve,2021-09-19,30.1,True
ACC-005220,CO-0057188,SMB,1-10,Retail/E-commerce,LATAM,inbound_marketing,2023-12-21,18.3,True
ACC-005221,CO-0107252,SMB,1-10,Healthcare,North America,self_serve,2025-06-09,24.8,False
ACC-005222,CO-0023571,SMB,1-10,Professional Services,North America,self_serve,2024-11-27,7.5,False
ACC-005223,CO-0122984,SMB,11-50,Education,EMEA,self_serve,2024-03-23,32.0,False
ACC-005224,CO-0059346,SMB,11-50,Logistics/Supply Chain,North America,self_serve,2025-06-19,35.0,False
ACC-005225,CO-0060043,SMB,11-50,Education,North America,self_serve,2022-05-01,17.0,False
ACC-005226,CO-0085159,Commercial,1-10,Retail/E-commerce,North America,self_serve,2023-08-18,16.8,False
ACC-005227,CO-0001781,Commercial,1-10,Healthcare,North America,inbound_marketing,2025-06-20,22.4,False
ACC-005228,CO-0039765,SMB,1-10,Logistics/Supply Chain,North America,inbound_marketing,2023-12-15,27.1,False
ACC-005229,CO-0037262,SMB,1-10,Technology/SaaS,North America,self_serve,2025-10-24,29.1,False
ACC-005230,CO-0016152,SMB,1-10,Retail/E-commerce,North America,self_serve,2024-04-22,12.7,False
ACC-005231,CO-0060956,SMB,51-200,Healthcare,EMEA,self_serve,2023-10-27,35.4,False
ACC-005232,CO-0006476,SMB,1-10,Healthcare,North America,self_serve,2024-11-24,48.7,True
ACC-005233,CO-0027489,SMB,1-10,Retail/E-commerce,North America,inbound_marketing,2022-09-02,4.3,True
ACC-005234,CO-0053060,Commercial,1-10,Financial Services,EMEA,self_serve,2023-09-10,30.9,False
ACC-005235,CO-0027086,SMB,11-50,Healthcare,LATAM,self_serve,2020-07-03,22.7,False
ACC-005236,CO-0079986,SMB,11-50,Retail/E-commerce,North America,inbound_marketing,2022-10-15,32.0,False
ACC-005237,CO-0032236,SMB,1-10,Retail/E-commerce,North America,self_serve,2024-06-05,19.6,False
ACC-005238,CO-0030968,SMB,11-50,Retail/E-commerce,North America,self_serve,2025-02-10,20.5,False
ACC-005239,CO-0083456,SMB,1-10,Manufacturing,North America,inbound_marketing,2025-12-06,25.1,False
ACC-005240,CO-0038353,SMB,51-200,Education,EMEA,self_serve,2024-11-06,24.3,False
ACC-005241,CO-0032995,SMB,51-200,Retail/E-commerce,APAC,inbound_marketing,2020-09-14,29.4,False
ACC-005242,CO-0071210,SMB,51-200,Retail/E-commerce,EMEA,self_serve,2021-11-19,30.8,False
ACC-005243,CO-0122530,SMB,11-50,Education,APAC,self_serve,2025-01-25,17.6,False
ACC-005244,CO-0102670,SMB,51-200,Education,North America,self_serve,2020-04-12,33.8,False
ACC-005245,CO-0087430,SMB,11-50,Healthcare,North America,inbound_marketing,2025-09-27,27.5,False
ACC-005246,CO-0117199,SMB,51-200,Logistics/Supply Chain,North America,inbound_marketing,2025-08-26,26.9,False
ACC-005247,CO-0017645,SMB,1-10,Healthcare,EMEA,self_serve,2025-06-19,34.2,True
ACC-005248,CO-0036724,SMB,201-1000,Media/Entertainment,APAC,self_serve,2024-11-02,31.8,False
ACC-005249,CO-0067364,SMB,1-10,Financial Services,APAC,self_serve,2022-04-26,28.5,False
ACC-005250,CO-0017594,SMB,1-10,Financial Services,North America,self_serve,2025-02-13,29.8,True
ACC-005251,CO-0052918,SMB,1-10,Healthcare,North America,self_serve,2024-12-17,32.1,False
ACC-005252,CO-0067325,Commercial,51-200,Professional Services,EMEA,self_serve,2023-10-17,38.1,False
ACC-005253,CO-0085614,SMB,1-10,Retail/E-commerce,North America,self_serve,2025-09-26,17.3,False
ACC-005254,CO-0088744,SMB,1-10,Logistics/Supply Chain,North America,self_serve,2024-04-25,17.6,False
ACC-005255,CO-0094003,SMB,1-10,Education,North America,self_serve,2025-03-06,16.8,False
ACC-005256,CO-0055006,SMB,1-10,Media/Entertainment,EMEA,inbound_marketing,2023-09-26,25.1,False
ACC-005257,CO-0065551,SMB,11-50,Education,North America,self_serve,2025-01-12,32.4,False
ACC-005258,CO-0038813,SMB,1-10,Professional Services,APAC,self_serve,2025-09-17,9.8,True
ACC-005259,CO-0057623,SMB,1-10,Manufacturing,North America,self_serve,2025-07-03,27.1,False
ACC-005260,CO-0121133,SMB,11-50,Professional Services,APAC,self_serve,2024-06-12,24.5,False
ACC-005261,CO-0091895,SMB,11-50,Retail/E-commerce,North America,self_serve,2024-09-01,32.1,False
ACC-005262,CO-0039268,SMB,11-50,Media/Entertainment,EMEA,inbound_marketing,2024-02-11,21.9,False
ACC-005263,CO-0025239,SMB,1-10,Logistics/Supply Chain,EMEA,self_serve,2025-10-01,35.9,False
ACC-005264,CO-0115253,SMB,11-50,Manufacturing,North America,self_serve,2025-05-06,39.1,False
ACC-005265,CO-0041198,SMB,1-10,Retail/E-commerce,North America,self_serve,2025-03-23,23.1,False
ACC-005266,CO-0041059,SMB,11-50,Professional Services,APAC,inbound_marketing,2020-10-31,26.1,False
ACC-005267,CO-0087918,SMB,1-10,Financial Services,EMEA,self_serve,2020-01-22,36.8,False
ACC-005268,CO-0057821,SMB,11-50,Professional Services,North America,self_serve,2023-03-18,17.2,False
ACC-005269,CO-0058229,SMB,11-50,Financial Services,North America,self_serve,2025-04-22,39.3,False
ACC-005270,CO-0070484,SMB,1-10,Media/Entertainment,North America,self_serve,2024-05-25,32.2,False
ACC-005271,CO-0054333,SMB,11-50,Healthcare,North America,self_serve,2023-03-19,38.2,False
ACC-005272,CO-0058864,SMB,1-10,Healthcare,APAC,self_serve,2025-10-21,15.3,True
ACC-005273,CO-0017394,SMB,1-10,Logistics/Supply Chain,EMEA,self_serve,2023-10-15,10.0,False
ACC-005274,CO-0006181,SMB,1-10,Technology/SaaS,North America,self_serve,2024-12-14,21.8,False
ACC-005275,CO-0082053,SMB,11-50,Education,North America,self_serve,2024-08-03,33.6,False
ACC-005276,CO-0066386,SMB,11-50,Professional Services,North America,self_serve,2025-03-20,16.0,False
ACC-005277,CO-0057739,SMB,11-50,Public Sector,EMEA,self_serve,2024-08-19,23.4,False
ACC-005278,CO-0005351,SMB,1-10,Logistics/Supply Chain,APAC,self_serve,2023-04-28,26.0,True
ACC-005279,CO-0059853,SMB,1-10,Healthcare,North America,inbound_marketing,2024-09-23,27.9,True
ACC-005280,CO-0039052,SMB,11-50,Healthcare,EMEA,self_serve,2023-09-14,33.1,False
ACC-005281,CO-0032446,SMB,1-10,Financial Services,LATAM,self_serve,2023-06-01,23.8,True
ACC-005282,CO-0078155,SMB,11-50,Technology/SaaS,EMEA,self_serve,2025-02-05,26.3,False
ACC-005283,CO-0072014,SMB,51-200,Public Sector,North America,self_serve,2023-11-12,36.7,False
ACC-005284,CO-0033890,SMB,1-10,Healthcare,North America,self_serve,2023-04-10,25.5,True
ACC-005285,CO-0005026,SMB,51-200,Media/Entertainment,North America,self_serve,2025-09-28,36.2,False
ACC-005286,CO-0063883,SMB,1-10,Manufacturing,North America,inbound_marketing,2025-12-24,21.2,False
ACC-005287,CO-0067385,SMB,1-10,Logistics/Supply Chain,EMEA,self_serve,2025-09-06,26.3,False
ACC-005288,CO-0119031,SMB,11-50,Professional Services,North America,self_serve,2024-03-17,25.5,False
ACC-005289,CO-0082938,SMB,1-10,Education,North America,self_serve,2025-02-04,22.7,False
ACC-005290,CO-0020470,SMB,11-50,Public Sector,EMEA,self_serve,2021-09-22,28.3,False
ACC-005291,CO-0053932,SMB,51-200,Professional Services,APAC,self_serve,2025-09-11,34.4,False
ACC-005292,CO-0029529,SMB,1-10,Logistics/Supply Chain,North America,self_serve,2025-11-07,33.6,False
ACC-005293,CO-0016148,SMB,51-200,Healthcare,LATAM,self_serve,2023-11-13,39.3,False
ACC-005294,CO-0024527,SMB,11-50,Technology/SaaS,North America,self_serve,2025-12-12,37.7,False
ACC-005295,CO-0100070,SMB,11-50,Logistics/Supply Chain,EMEA,self_serve,2025-05-18,27.1,False
ACC-005296,CO-0009998,SMB,11-50,Public Sector,EMEA,self_serve,2023-03-22,16.3,False
ACC-005297,CO-0039027,SMB,1-10,Retail/E-commerce,North America,inbound_marketing,2024-04-09,16.4,False
ACC-005298,CO-0054341,SMB,51-200,Logistics/Supply Chain,LATAM,self_serve,2024-10-06,29.1,False
ACC-005299,CO-0057751,SMB,51-200,Technology/SaaS,North America,self_serve,2025-09-25,35.3,False
ACC-005300,CO-0109596,SMB,1-10,Healthcare,EMEA,self_serve,2024-10-02,25.8,False
ACC-005301,CO-0076959,SMB,1-10,Retail/E-commerce,North America,inbound_marketing,2024-10-08,16.9,False
ACC-005302,CO-0076443,SMB,51-200,Media/Entertainment,North America,self_serve,2023-08-23,32.6,False
ACC-005303,CO-0004637,SMB,1-10,Technology/SaaS,EMEA,self_serve,2022-02-12,32.3,True
ACC-005304,CO-0036060,SMB,1-10,Logistics/Supply Chain,North America,self_serve,2021-01-18,25.1,False
ACC-005305,CO-0039852,SMB,11-50,Manufacturing,EMEA,inbound_marketing,2024-03-11,31.6,False
ACC-005306,CO-0003441,SMB,201-1000,Retail/E-commerce,North America,self_serve,2025-03-25,38.0,False
ACC-005307,CO-0037529,SMB,51-200,Education,APAC,self_serve,2025-01-12,33.9,False
ACC-005308,CO-0055921,SMB,1-10,Healthcare,North America,self_serve,2024-09-09,27.5,False
ACC-005309,CO-0057510,Commercial,1-10,Technology/SaaS,APAC,self_serve,2023-08-17,38.1,True
ACC-005310,CO-0085160,SMB,11-50,Healthcare,APAC,self_serve,2022-06-11,32.8,False
ACC-005311,CO-0092767,SMB,51-200,Logistics/Supply Chain,APAC,inbound_marketing,2025-02-24,27.5,False
ACC-005312,CO-0010374,SMB,11-50,Logistics/Supply Chain,North America,inbound_marketing,2024-10-28,28.2,False
ACC-005313,CO-0094596,SMB,201-1000,Education,EMEA,self_serve,2025-06-12,31.2,False
ACC-005314,CO-0079881,SMB,1-10,Education,North America,inbound_marketing,2025-12-06,20.5,True
ACC-005315,CO-0114930,SMB,1-10,Professional Services,EMEA,self_serve,2025-12-13,26.5,False
ACC-005316,CO-0116337,SMB,51-200,Media/Entertainment,North America,self_serve,2024-11-01,33.5,False
ACC-005317,CO-0069841,SMB,1-10,Logistics/Supply Chain,EMEA,inbound_marketing,2023-08-13,21.0,False
ACC-005318,CO-0117049,SMB,1-10,Retail/E-commerce,North America,self_serve,2025-07-10,7.2,False
ACC-005319,CO-0117698,SMB,51-200,Retail/E-commerce,LATAM,self_serve,2023-08-07,31.6,False
ACC-005320,CO-0007074,SMB,1-10,Retail/E-commerce,North America,self_serve,2025-02-27,9.5,False
ACC-005321,CO-0026044,SMB,1-10,Professional Services,North America,inbound_marketing,2023-05-11,31.2,False
ACC-005322,CO-0026349,SMB,51-200,Technology/SaaS,APAC,self_serve,2025-09-06,31.8,False
ACC-005323,CO-0025618,SMB,1-10,Retail/E-commerce,North America,inbound_marketing,2025-01-25,13.6,True
ACC-005324,CO-0049488,SMB,1-10,Professional Services,APAC,inbound_marketing,2025-10-16,23.1,False
ACC-005325,CO-0047679,SMB,1-10,Education,North America,self_serve,2024-07-05,15.1,False
ACC-005326,CO-0105251,SMB,11-50,Manufacturing,APAC,inbound_marketing,2025-10-19,33.6,False
ACC-005327,CO-0069628,SMB,51-200,Public Sector,APAC,self_serve,2025-06-05,37.6,False
ACC-005328,CO-0099094,SMB,1-10,Technology/SaaS,North America,self_serve,2023-11-05,34.2,False
ACC-005329,CO-0045674,SMB,1-10,Technology/SaaS,EMEA,self_serve,2025-01-09,28.9,False
ACC-005330,CO-0049426,SMB,51-200,Retail/E-commerce,EMEA,inbound_marketing,2020-06-26,36.7,False
ACC-005331,CO-0092413,SMB,1-10,Professional Services,North America,self_serve,2025-09-05,17.8,False
ACC-005332,CO-0101683,SMB,11-50,Technology/SaaS,North America,self_serve,2024-08-11,39.9,False
ACC-005333,CO-0113851,SMB,11-50,Logistics/Supply Chain,North America,self_serve,2021-11-07,25.3,False
ACC-005334,CO-0082401,SMB,11-50,Technology/SaaS,North America,inbound_marketing,2025-12-24,25.5,False
ACC-005335,CO-0028215,SMB,11-50,Media/Entertainment,North America,inbound_marketing,2024-05-14,14.6,False
ACC-005336,CO-0011624,SMB,11-50,Healthcare,North America,self_serve,2025-04-18,35.7,False
ACC-005337,CO-0097358,SMB,11-50,Healthcare,North America,self_serve,2025-09-20,35.8,False
ACC-005338,CO-0062358,SMB,1-10,Manufacturing,North America,self_serve,2024-11-17,26.9,False
ACC-005339,CO-0045558,SMB,1-10,Technology/SaaS,North America,self_serve,2024-01-19,33.4,True
ACC-005340,CO-0103317,SMB,1-10,Technology/SaaS,North America,self_serve,2025-11-23,30.2,True
ACC-005341,CO-0065271,Commercial,51-200,Professional Services,APAC,inbound_marketing,2023-08-17,30.5,False
ACC-005342,CO-0111678,SMB,1-10,Public Sector,North America,inbound_marketing,2023-06-27,27.5,False
ACC-005343,CO-0109784,SMB,11-50,Public Sector,North America,self_serve,2024-12-25,32.8,False
ACC-005344,CO-0041704,SMB,1-10,Healthcare,North America,inbound_marketing,2020-02-15,22.7,False
ACC-005345,CO-0086851,SMB,1-10,Manufacturing,North America,inbound_marketing,2020-04-05,36.6,False
ACC-005346,CO-0014817,Commercial,51-200,Professional Services,EMEA,self_serve,2024-10-05,33.9,False
ACC-005347,CO-0058483,SMB,11-50,Public Sector,APAC,self_serve,2020-01-17,35.3,False
ACC-005348,CO-0089466,SMB,1-10,Professional Services,North America,self_serve,2023-08-23,14.8,False
ACC-005349,CO-0117653,SMB,1-10,Professional Services,North America,self_serve,2020-08-14,16.9,False
ACC-005350,CO-0025998,SMB,1-10,Professional Services,North America,self_serve,2024-07-11,28.7,False
ACC-005351,CO-0090073,SMB,11-50,Financial Services,EMEA,self_serve,2023-04-12,37.9,False
ACC-005352,CO-0095628,SMB,1-10,Retail/E-commerce,North America,self_serve,2024-09-09,13.7,False
ACC-005353,CO-0009672,SMB,1-10,Retail/E-commerce,North America,inbound_marketing,2021-07-31,16.0,False
ACC-005354,CO-0010769,SMB,1-10,Financial Services,APAC,self_serve,2021-03-25,31.4,False
ACC-005355,CO-0017442,SMB,1-10,Logistics/Supply Chain,EMEA,self_serve,2023-01-23,30.1,False
ACC-005356,CO-0117718,SMB,11-50,Financial Services,EMEA,inbound_marketing,2023-05-20,31.6,False
ACC-005357,CO-0084117,SMB,1-10,Logistics/Supply Chain,EMEA,inbound_marketing,2025-05-26,33.0,True
ACC-005358,CO-0054858,SMB,11-50,Financial Services,North America,self_serve,2024-11-28,38.5,False
ACC-005359,CO-0002292,SMB,1-10,Financial Services,North America,self_serve,2022-06-01,36.2,False
ACC-005360,CO-0119761,SMB,1-10,Media/Entertainment,North America,self_serve,2023-07-05,21.9,False
ACC-005361,CO-0102980,SMB,1-10,Public Sector,North America,self_serve,2025-01-27,24.6,False
ACC-005362,CO-0049046,SMB,1-10,Healthcare,North America,self_serve,2022-04-02,28.5,False
ACC-005363,CO-0043343,SMB,11-50,Professional Services,North America,self_serve,2025-09-24,23.0,False
ACC-005364,CO-0042512,SMB,11-50,Retail/E-commerce,North America,inbound_marketing,2024-07-03,22.1,False
ACC-005365,CO-0065122,SMB,11-50,Manufacturing,APAC,self_serve,2024-10-10,30.3,False
ACC-005366,CO-0089377,SMB,51-200,Technology/SaaS,North America,self_serve,2024-10-24,37.7,False
ACC-005367,CO-0031632,SMB,51-200,Professional Services,LATAM,self_serve,2025-05-19,27.3,False
ACC-005368,CO-0033375,SMB,1-10,Technology/SaaS,North America,self_serve,2025-06-19,30.8,True
ACC-005369,CO-0080647,SMB,1-10,Financial Services,North America,inbound_marketing,2025-02-03,30.3,True
ACC-005370,CO-0057426,SMB,1-10,Financial Services,North America,self_serve,2024-07-02,34.5,False
ACC-005371,CO-0086216,SMB,11-50,Logistics/Supply Chain,EMEA,self_serve,2023-08-12,28.3,False
ACC-005372,CO-0039486,SMB,11-50,Financial Services,North America,inbound_marketing,2020-06-26,31.5,False
ACC-005373,CO-0055358,SMB,51-200,Retail/E-commerce,North America,self_serve,2021-03-16,36.8,False
ACC-005374,CO-0079340,SMB,11-50,Financial Services,APAC,self_serve,2025-04-12,33.5,False
ACC-005375,CO-0046343,SMB,1-10,Retail/E-commerce,EMEA,inbound_marketing,2023-10-26,20.9,False
ACC-005376,CO-0026275,SMB,1-10,Retail/E-commerce,APAC,self_serve,2024-01-05,19.0,False
ACC-005377,CO-0112069,SMB,11-50,Healthcare,North America,inbound_marketing,2025-04-28,21.1,False
ACC-005378,CO-0020770,SMB,11-50,Professional Services,APAC,self_serve,2025-05-01,12.5,False
ACC-005379,CO-0110553,SMB,1-10,Technology/SaaS,North America,self_serve,2025-06-12,23.4,False
ACC-005380,CO-0119321,SMB,51-200,Logistics/Supply Chain,North America,self_serve,2024-11-14,37.5,False
ACC-005381,CO-0112173,SMB,11-50,Retail/E-commerce,APAC,self_serve,2025-11-25,20.3,False
ACC-005382,CO-0117805,SMB,1-10,Logistics/Supply Chain,North America,inbound_marketing,2024-12-17,30.6,False
ACC-005383,CO-0030828,SMB,1-10,Public Sector,North America,self_serve,2025-07-12,37.1,False
ACC-005384,CO-0012551,SMB,1-10,Manufacturing,North America,self_serve,2024-02-05,28.5,False
ACC-005385,CO-0041643,SMB,1-10,Professional Services,APAC,inbound_marketing,2020-02-07,11.3,False
ACC-005386,CO-0016222,SMB,51-200,Media/Entertainment,North America,self_serve,2025-06-12,36.3,False
ACC-005387,CO-0065325,Commercial,1-10,Retail/E-commerce,EMEA,self_serve,2025-06-01,10.3,False
ACC-005388,CO-0034588,SMB,11-50,Retail/E-commerce,APAC,inbound_marketing,2024-01-10,19.5,False
ACC-005389,CO-0038857,SMB,1-10,Technology/SaaS,EMEA,self_serve,2025-12-21,21.5,False
ACC-005390,CO-0101953,SMB,1-10,Professional Services,North America,self_serve,2023-04-08,9.6,False
ACC-005391,CO-0081890,SMB,1-10,Professional Services,EMEA,self_serve,2021-03-24,21.2,False
ACC-005392,CO-0072604,SMB,51-200,Media/Entertainment,APAC,inbound_marketing,2022-11-27,34.4,False
ACC-005393,CO-0024738,SMB,1-10,Retail/E-commerce,APAC,self_serve,2023-08-19,29.3,False
ACC-005394,CO-0094076,SMB,1-10,Manufacturing,EMEA,self_serve,2023-11-07,27.6,False
ACC-005395,CO-0014900,SMB,11-50,Retail/E-commerce,North America,self_serve,2025-10-26,14.7,False
ACC-005396,CO-0053146,SMB,51-200,Professional Services,EMEA,self_serve,2025-02-24,37.1,False
ACC-005397,CO-0104224,SMB,1-10,Technology/SaaS,APAC,self_serve,2024-04-06,37.3,False
ACC-005398,CO-0082038,SMB,1-10,Retail/E-commerce,North America,inbound_marketing,2020-03-01,14.5,False
ACC-005399,CO-0074120,Commercial,1-10,Technology/SaaS,EMEA,inbound_marketing,2023-09-12,22.3,False
ACC-005400,CO-0040591,SMB,1-10,Technology/SaaS,LATAM,inbound_marketing,2022-09-03,15.9,False
ACC-005401,CO-0013609,SMB,51-200,Professional Services,EMEA,inbound_marketing,2022-04-02,22.9,False
ACC-005402,CO-0048633,SMB,11-50,Public Sector,North America,self_serve,2025-06-23,34.7,False
ACC-005403,CO-0029887,SMB,51-200,Healthcare,North America,self_serve,2024-10-02,31.7,False
ACC-005404,CO-0098878,SMB,1-10,Professional Services,North America,self_serve,2024-02-26,10.9,False
ACC-005405,CO-0107260,SMB,11-50,Public Sector,North America,self_serve,2021-05-14,29.0,False
ACC-005406,CO-0085416,SMB,1-10,Healthcare,APAC,self_serve,2023-07-06,27.5,False
ACC-005407,CO-0038432,SMB,11-50,Technology/SaaS,North America,self_serve,2020-03-10,34.1,False
ACC-005408,CO-0106977,SMB,1-10,Public Sector,North America,self_serve,2025-02-26,38.9,False
ACC-005409,CO-0067683,SMB,51-200,Education,North America,self_serve,2024-03-01,30.9,False
ACC-005410,CO-0077587,SMB,51-200,Public Sector,North America,self_serve,2024-02-12,39.5,False
ACC-005411,CO-0084829,SMB,1-10,Financial Services,North America,self_serve,2024-07-04,31.2,False
ACC-005412,CO-0028318,SMB,1-10,Public Sector,North America,self_serve,2020-04-22,27.9,False
ACC-005413,CO-0099622,SMB,11-50,Retail/E-commerce,North America,inbound_marketing,2024-01-10,29.1,False
ACC-005414,CO-0012134,SMB,1-10,Professional Services,North America,self_serve,2025-12-26,21.4,False
ACC-005415,CO-0036996,Commercial,1-10,Public Sector,North America,self_serve,2025-01-15,28.4,False
ACC-005416,CO-0045614,Commercial,11-50,Manufacturing,North America,inbound_marketing,2024-07-07,22.7,False
ACC-005417,CO-0079479,SMB,1-10,Public Sector,North America,self_serve,2024-06-14,31.3,False
ACC-005418,CO-0052743,SMB,11-50,Retail/E-commerce,EMEA,inbound_marketing,2021-12-01,29.5,False
ACC-005419,CO-0093446,Commercial,51-200,Retail/E-commerce,North America,self_serve,2023-02-18,23.3,False
ACC-005420,CO-0004445,SMB,1-10,Healthcare,North America,self_serve,2024-02-08,12.7,False
ACC-005421,CO-0038695,SMB,11-50,Financial Services,North America,self_serve,2021-05-01,29.6,False
ACC-005422,CO-0058993,SMB,51-200,Professional Services,North America,self_serve,2022-02-06,18.3,False
ACC-005423,CO-0096676,SMB,1-10,Retail/E-commerce,APAC,self_serve,2021-05-15,18.8,False
ACC-005424,CO-0092079,SMB,11-50,Healthcare,North America,self_serve,2025-02-13,32.0,False
ACC-005425,CO-0091482,Commercial,11-50,Financial Services,North America,self_serve,2021-08-12,39.5,False
ACC-005426,CO-0080247,SMB,1-10,Financial Services,EMEA,self_serve,2023-09-14,34.4,False
ACC-005427,CO-0098630,SMB,1-10,Retail/E-commerce,North America,self_serve,2025-05-25,24.3,False
ACC-005428,CO-0072077,SMB,1-10,Media/Entertainment,EMEA,self_serve,2023-07-14,15.3,True
ACC-005429,CO-0010304,Commercial,1-10,Healthcare,North America,self_serve,2022-11-25,37.4,False
ACC-005430,CO-0023896,Commercial,51-200,Professional Services,EMEA,self_serve,2023-11-15,35.2,False
ACC-005431,CO-0116247,Commercial,1-10,Manufacturing,EMEA,inbound_marketing,2024-02-22,31.3,True
ACC-005432,CO-0032085,SMB,1-10,Healthcare,North America,self_serve,2025-05-15,30.9,False
ACC-005433,CO-0090053,SMB,11-50,Technology/SaaS,EMEA,self_serve,2020-07-28,34.9,False
ACC-005434,CO-0102171,SMB,11-50,Professional Services,North America,self_serve,2024-08-25,34.5,False
ACC-005435,CO-0036795,SMB,1-10,Financial Services,North America,self_serve,2025-12-19,25.6,False
ACC-005436,CO-0028689,SMB,1-10,Media/Entertainment,EMEA,inbound_marketing,2023-09-17,12.3,False
ACC-005437,CO-0033306,SMB,1-10,Manufacturing,APAC,self_serve,2024-08-01,24.5,False
ACC-005438,CO-0113533,SMB,1-10,Technology/SaaS,North America,self_serve,2024-11-25,42.0,True
ACC-005439,CO-0088959,SMB,11-50,Retail/E-commerce,North America,self_serve,2025-09-26,33.4,False
ACC-005440,CO-0063094,SMB,1-10,Public Sector,North America,self_serve,2024-10-09,16.9,True
ACC-005441,CO-0029647,SMB,51-200,Healthcare,North America,inbound_marketing,2024-11-27,35.9,False
ACC-005442,CO-0048550,SMB,1-10,Technology/SaaS,North America,self_serve,2022-08-23,28.9,False
ACC-005443,CO-0047702,SMB,1-10,Retail/E-commerce,North America,self_serve,2021-05-09,20.1,False
ACC-005444,CO-0002273,SMB,1-10,Media/Entertainment,APAC,self_serve,2025-06-17,11.8,False
ACC-005445,CO-0049300,SMB,51-200,Retail/E-commerce,North America,self_serve,2022-11-05,34.9,False
ACC-005446,CO-0095092,SMB,1-10,Financial Services,APAC,self_serve,2025-09-03,34.6,True
ACC-005447,CO-0010534,SMB,1-10,Professional Services,APAC,self_serve,2024-09-25,26.8,False
ACC-005448,CO-0059248,Commercial,11-50,Retail/E-commerce,North America,self_serve,2024-03-20,25.6,False
ACC-005449,CO-0111772,SMB,11-50,Public Sector,EMEA,self_serve,2025-02-09,39.2,False
ACC-005450,CO-0097158,SMB,1-10,Media/Entertainment,North America,self_serve,2025-12-12,12.3,False
ACC-005451,CO-0055694,SMB,11-50,Manufacturing,North America,self_serve,2025-12-13,28.4,False
ACC-005452,CO-0102158,SMB,201-1000,Education,EMEA,inbound_marketing,2024-04-12,37.5,False
ACC-005453,CO-0101345,SMB,1-10,Financial Services,APAC,self_serve,2025-11-26,39.9,True
ACC-005454,CO-0002353,SMB,11-50,Technology/SaaS,North America,self_serve,2021-07-30,34.7,False
ACC-005455,CO-0061392,SMB,1-10,Public Sector,EMEA,self_serve,2025-08-03,27.7,False
ACC-005456,CO-0065479,SMB,1-10,Logistics/Supply Chain,North America,inbound_marketing,2023-07-22,19.9,False
ACC-005457,CO-0046921,SMB,11-50,Media/Entertainment,North America,inbound_marketing,2021-10-19,27.8,False
ACC-005458,CO-0116531,SMB,11-50,Logistics/Supply Chain,North America,inbound_marketing,2024-01-11,28.5,False
ACC-005459,CO-0079894,SMB,11-50,Media/Entertainment,EMEA,self_serve,2020-02-10,21.3,False
ACC-005460,CO-0048052,SMB,1-10,Media/Entertainment,LATAM,inbound_marketing,2023-01-26,9.3,False
ACC-005461,CO-0049630,Commercial,1-10,Financial Services,North America,inbound_marketing,2022-01-20,29.5,True
ACC-005462,CO-0051099,SMB,51-200,Media/Entertainment,EMEA,inbound_marketing,2023-05-11,34.2,False
ACC-005463,CO-0049051,SMB,1-10,Healthcare,APAC,inbound_marketing,2024-09-26,14.7,False
ACC-005464,CO-0041393,SMB,1-10,Professional Services,North America,self_serve,2025-11-09,26.7,False
ACC-005465,CO-0057902,SMB,11-50,Media/Entertainment,EMEA,self_serve,2025-10-15,14.3,False
ACC-005466,CO-0008125,SMB,11-50,Manufacturing,EMEA,self_serve,2025-01-28,19.1,False
ACC-005467,CO-0049349,SMB,1-10,Manufacturing,North America,inbound_marketing,2025-07-18,25.8,False
ACC-005468,CO-0107746,SMB,11-50,Public Sector,North America,inbound_marketing,2025-09-01,26.8,False
ACC-005469,CO-0058259,SMB,1-10,Media/Entertainment,EMEA,self_serve,2024-05-11,14.9,False
ACC-005470,CO-0063665,Commercial,1-10,Professional Services,North America,self_serve,2024-01-06,14.8,False
ACC-005471,CO-0061581,SMB,1-10,Manufacturing,LATAM,inbound_marketing,2024-04-22,15.6,False
ACC-005472,CO-0112835,SMB,1-10,Manufacturing,EMEA,self_serve,2025-12-03,26.1,False
ACC-005473,CO-0108145,SMB,11-50,Healthcare,EMEA,self_serve,2023-09-07,32.7,False
ACC-005474,CO-0033450,SMB,11-50,Logistics/Supply Chain,APAC,self_serve,2021-02-18,21.0,False
ACC-005475,CO-0073737,SMB,1-10,Professional Services,North America,self_serve,2024-11-07,9.8,False
ACC-005476,CO-0008498,SMB,1-10,Public Sector,North America,self_serve,2025-09-10,19.1,False
ACC-005477,CO-0108154,SMB,1-10,Manufacturing,North America,self_serve,2020-11-03,27.5,False
ACC-005478,CO-0009584,SMB,1-10,Manufacturing,North America,inbound_marketing,2025-02-18,28.1,False
ACC-005479,CO-0034084,SMB,11-50,Technology/SaaS,North America,self_serve,2020-01-05,19.6,False
ACC-005480,CO-0002125,SMB,1-10,Technology/SaaS,APAC,self_serve,2025-09-12,34.2,True
ACC-005481,CO-0046938,SMB,1-10,Logistics/Supply Chain,EMEA,self_serve,2025-05-01,18.0,True
ACC-005482,CO-0071843,SMB,11-50,Financial Services,APAC,inbound_marketing,2021-05-01,39.6,False
ACC-005483,CO-0070020,SMB,1-10,Manufacturing,North America,self_serve,2025-12-12,27.4,True
ACC-005484,CO-0048796,SMB,1-10,Manufacturing,North America,inbound_marketing,2025-05-19,18.0,False
ACC-005485,CO-0016301,SMB,1-10,Manufacturing,North America,self_serve,2025-02-08,18.5,False
ACC-005486,CO-0043053,SMB,51-200,Retail/E-commerce,North America,self_serve,2024-10-08,39.0,False
ACC-005487,CO-0037140,SMB,11-50,Healthcare,North America,self_serve,2023-09-16,25.5,False
ACC-005488,CO-0075623,SMB,1-10,Technology/SaaS,EMEA,self_serve,2021-04-29,24.2,True
ACC-005489,CO-0094321,SMB,11-50,Manufacturing,North America,inbound_marketing,2023-09-13,22.9,False
ACC-005490,CO-0091590,SMB,11-50,Retail/E-commerce,North America,self_serve,2021-12-02,15.2,False
ACC-005491,CO-0003672,Commercial,51-200,Technology/SaaS,North America,self_serve,2024-06-26,37.5,False
ACC-005492,CO-0000297,Commercial,51-200,Healthcare,North America,self_serve,2023-07-02,37.1,False
ACC-005493,CO-0077210,SMB,11-50,Professional Services,North America,self_serve,2025-08-24,21.1,False
ACC-005494,CO-0069080,SMB,11-50,Education,North America,inbound_marketing,2024-08-06,26.6,False
ACC-005495,CO-0025026,SMB,1-10,Professional Services,EMEA,self_serve,2025-09-17,16.4,True
ACC-005496,CO-0109632,SMB,11-50,Logistics/Supply Chain,North America,self_serve,2024-08-22,29.8,False
ACC-005497,CO-0093113,SMB,1-10,Professional Services,North America,self_serve,2025-09-03,23.2,False
ACC-005498,CO-0008520,Enterprise,1-10,Education,APAC,inbound_marketing,2021-06-03,22.7,True
ACC-005499,CO-0110735,SMB,1-10,Technology/SaaS,North America,self_serve,2023-05-01,19.3,False
ACC-005500,CO-0022295,SMB,51-200,Education,APAC,self_serve,2023-03-13,33.9,False
ACC-005501,CO-0037294,SMB,1-10,Public Sector,EMEA,self_serve,2024-12-22,34.5,False
ACC-005502,CO-0093934,SMB,1-10,Manufacturing,North America,inbound_marketing,2023-06-10,27.4,False
ACC-005503,CO-0003908,SMB,11-50,Professional Services,North America,inbound_marketing,2025-01-27,23.7,False
ACC-005504,CO-0046613,SMB,1-10,Media/Entertainment,APAC,self_serve,2025-04-10,10.9,True
ACC-005505,CO-0031525,SMB,11-50,Technology/SaaS,North America,inbound_marketing,2024-08-26,32.2,False
ACC-005506,CO-0049281,SMB,1-10,Manufacturing,EMEA,self_serve,2025-03-12,20.5,True
ACC-005507,CO-0041605,SMB,1-10,Public Sector,EMEA,self_serve,2020-05-09,20.1,True
ACC-005508,CO-0038131,SMB,1-10,Media/Entertainment,North America,self_serve,2025-10-01,17.9,True
ACC-005509,CO-0048886,SMB,11-50,Media/Entertainment,EMEA,self_serve,2022-07-03,29.8,False
ACC-005510,CO-0040889,SMB,11-50,Technology/SaaS,North America,self_serve,2025-06-15,39.9,False
ACC-005511,CO-0072782,SMB,1-10,Retail/E-commerce,APAC,self_serve,2024-08-24,19.4,False
ACC-005512,CO-0054703,Commercial,11-50,Manufacturing,EMEA,self_serve,2023-02-21,22.2,False
ACC-005513,CO-0070199,SMB,11-50,Technology/SaaS,North America,inbound_marketing,2023-11-24,34.7,False
ACC-005514,CO-0041481,SMB,1-10,Media/Entertainment,APAC,self_serve,2025-04-06,29.4,True
ACC-005515,CO-0053504,Commercial,1-10,Retail/E-commerce,North America,inbound_marketing,2022-03-09,35.1,False
ACC-005516,CO-0087806,SMB,51-200,Retail/E-commerce,LATAM,self_serve,2022-01-30,19.2,False
ACC-005517,CO-0101277,SMB,1-10,Technology/SaaS,APAC,self_serve,2023-10-11,30.8,False
ACC-005518,CO-0037361,SMB,1-10,Retail/E-commerce,North America,self_serve,2025-08-13,15.1,False
ACC-005519,CO-0062383,SMB,11-50,Professional Services,EMEA,self_serve,2024-08-19,16.6,False
ACC-005520,CO-0013695,SMB,11-50,Technology/SaaS,North America,self_serve,2025-10-23,28.7,False
ACC-005521,CO-0036082,SMB,1-10,Professional Services,APAC,self_serve,2025-04-23,27.4,False
ACC-005522,CO-0105287,SMB,11-50,Financial Services,APAC,inbound_marketing,2021-09-14,26.1,False
ACC-005523,CO-0119953,SMB,1-10,Financial Services,North America,inbound_marketing,2020-08-03,36.6,False
ACC-005524,CO-0038965,Commercial,11-50,Education,North America,inbound_marketing,2024-11-02,26.0,False
ACC-005525,CO-0088702,Commercial,1-10,Manufacturing,North America,self_serve,2025-06-22,26.8,True
ACC-005526,CO-0100317,SMB,11-50,Public Sector,EMEA,self_serve,2025-05-16,21.9,False
ACC-005527,CO-0034364,SMB,1-10,Technology/SaaS,North America,self_serve,2021-01-22,27.5,True
ACC-005528,CO-0066817,SMB,1-10,Public Sector,EMEA,self_serve,2022-09-25,12.4,False
ACC-005529,CO-0098784,SMB,11-50,Public Sector,EMEA,inbound_marketing,2025-12-28,25.3,False
ACC-005530,CO-0096087,SMB,1-10,Healthcare,North America,self_serve,2024-05-18,19.9,False
ACC-005531,CO-0096102,SMB,1-10,Manufacturing,APAC,self_serve,2024-11-15,34.0,True
ACC-005532,CO-0073473,SMB,1-10,Technology/SaaS,LATAM,inbound_marketing,2025-12-22,17.2,False
ACC-005533,CO-0028846,SMB,51-200,Professional Services,North America,self_serve,2023-01-02,32.7,False
ACC-005534,CO-0095416,SMB,1-10,Retail/E-commerce,North America,self_serve,2023-12-21,19.8,True
ACC-005535,CO-0011630,Commercial,11-50,Professional Services,North America,self_serve,2022-01-18,15.3,False
ACC-005536,CO-0042744,SMB,11-50,Manufacturing,EMEA,self_serve,2024-09-03,36.9,False
ACC-005537,CO-0077938,SMB,1-10,Technology/SaaS,EMEA,self_serve,2025-03-02,27.4,True
ACC-005538,CO-0021137,SMB,11-50,Retail/E-commerce,North America,self_serve,2021-03-23,26.9,False
ACC-005539,CO-0038038,Commercial,1-10,Media/Entertainment,North America,inbound_marketing,2023-02-13,22.4,True
ACC-005540,CO-0085824,SMB,1-10,Financial Services,North America,self_serve,2023-05-02,40.8,True
ACC-005541,CO-0091794,SMB,1-10,Public Sector,North America,self_serve,2024-03-28,32.4,True
ACC-005542,CO-0001191,SMB,1-10,Retail/E-commerce,North America,self_serve,2025-04-24,7.4,True
ACC-005543,CO-0000919,SMB,11-50,Technology/SaaS,North America,inbound_marketing,2020-05-07,26.0,False
ACC-005544,CO-0110613,SMB,1-10,Financial Services,North America,self_serve,2024-07-07,36.1,True
ACC-005545,CO-0079910,SMB,1-10,Manufacturing,APAC,self_serve,2023-05-08,20.7,False
ACC-005546,CO-0005397,SMB,11-50,Education,EMEA,self_serve,2023-03-03,13.2,False
ACC-005547,CO-0044190,SMB,11-50,Public Sector,APAC,self_serve,2025-05-24,35.9,False
ACC-005548,CO-0114994,SMB,11-50,Professional Services,EMEA,self_serve,2025-12-11,16.1,False
ACC-005549,CO-0102175,SMB,11-50,Education,North America,inbound_marketing,2025-02-26,21.7,False
ACC-005550,CO-0088143,SMB,1-10,Technology/SaaS,North America,inbound_marketing,2023-03-20,26.4,False
ACC-005551,CO-0004791,SMB,11-50,Healthcare,North America,self_serve,2023-05-14,26.4,False
ACC-005552,CO-0016162,SMB,1-10,Retail/E-commerce,APAC,inbound_marketing,2024-01-15,22.4,True
ACC-005553,CO-0022779,SMB,1-10,Professional Services,North America,self_serve,2025-05-07,33.4,False
ACC-005554,CO-0040245,SMB,1-10,Healthcare,North America,self_serve,2022-10-13,42.6,True
ACC-005555,CO-0037594,SMB,11-50,Healthcare,EMEA,self_serve,2022-06-23,27.4,False
ACC-005556,CO-0079896,SMB,11-50,Technology/SaaS,North America,inbound_marketing,2025-09-07,30.4,False
ACC-005557,CO-0006269,SMB,1-10,Manufacturing,North America,self_serve,2025-08-27,29.4,False
ACC-005558,CO-0049174,Enterprise,11-50,Education,EMEA,self_serve,2022-11-01,30.9,False
ACC-005559,CO-0086941,SMB,1-10,Healthcare,EMEA,inbound_marketing,2022-08-25,28.8,False
ACC-005560,CO-0039076,SMB,11-50,Healthcare,North America,self_serve,2024-08-21,21.5,False
ACC-005561,CO-0083370,SMB,1-10,Logistics/Supply Chain,North America,self_serve,2023-08-17,27.9,False
ACC-005562,CO-0014582,SMB,51-200,Education,APAC,inbound_marketing,2024-08-19,34.4,False
ACC-005563,CO-0099026,SMB,1-10,Financial Services,North America,self_serve,2023-07-08,28.5,False
ACC-005564,CO-0057562,SMB,51-200,Professional Services,North America,self_serve,2025-10-14,39.7,False
ACC-005565,CO-0025839,SMB,51-200,Professional Services,EMEA,self_serve,2023-10-14,28.1,False
ACC-005566,CO-0121766,SMB,1-10,Media/Entertainment,EMEA,inbound_marketing,2021-08-08,16.3,False
ACC-005567,CO-0081946,SMB,1-10,Manufacturing,North America,self_serve,2023-10-03,30.4,False
ACC-005568,CO-0044354,SMB,11-50,Retail/E-commerce,APAC,self_serve,2024-10-10,19.3,False
ACC-005569,CO-0101529,SMB,1-10,Technology/SaaS,North America,self_serve,2022-01-26,29.7,False
ACC-005570,CO-0052842,SMB,1-10,Financial Services,APAC,inbound_marketing,2020-08-30,22.6,False
ACC-005571,CO-0036844,SMB,11-50,Public Sector,APAC,self_serve,2024-10-13,30.5,False
ACC-005572,CO-0013586,SMB,1-10,Healthcare,EMEA,self_serve,2024-05-28,14.1,False
ACC-005573,CO-0002957,SMB,11-50,Media/Entertainment,EMEA,self_serve,2025-03-19,32.0,False
ACC-005574,CO-0117311,SMB,11-50,Logistics/Supply Chain,North America,self_serve,2025-05-25,20.5,False
ACC-005575,CO-0038451,Commercial,11-50,Financial Services,North America,inbound_marketing,2025-07-10,35.8,False
ACC-005576,CO-0102064,SMB,1-10,Financial Services,North America,inbound_marketing,2023-11-09,25.5,True
ACC-005577,CO-0062602,SMB,1-10,Professional Services,North America,self_serve,2025-11-04,25.6,False
ACC-005578,CO-0085408,SMB,1-10,Technology/SaaS,North America,self_serve,2023-04-27,29.7,True
ACC-005579,CO-0104101,SMB,11-50,Manufacturing,North America,self_serve,2025-06-23,28.8,False
ACC-005580,CO-0107660,SMB,1-10,Technology/SaaS,North America,self_serve,2024-10-01,27.6,False
ACC-005581,CO-0005151,SMB,51-200,Education,North America,self_serve,2020-03-06,32.4,False
ACC-005582,CO-0058414,Commercial,51-200,Public Sector,APAC,self_serve,2024-01-21,38.5,False
ACC-005583,CO-0090606,SMB,11-50,Technology/SaaS,APAC,self_serve,2022-07-26,32.9,False
ACC-005584,CO-0106012,SMB,11-50,Public Sector,LATAM,self_serve,2025-10-19,26.6,False
ACC-005585,CO-0067221,SMB,11-50,Media/Entertainment,APAC,self_serve,2023-10-17,32.1,False
ACC-005586,CO-0073403,SMB,51-200,Manufacturing,APAC,self_serve,2024-11-21,37.8,False
ACC-005587,CO-0010270,SMB,1-10,Financial Services,North America,inbound_marketing,2024-12-22,30.2,False
ACC-005588,CO-0002811,SMB,1-10,Logistics/Supply Chain,EMEA,self_serve,2024-09-03,19.9,False
ACC-005589,CO-0003499,SMB,11-50,Healthcare,APAC,self_serve,2023-06-04,33.8,False
ACC-005590,CO-0022428,SMB,1-10,Manufacturing,North America,inbound_marketing,2025-06-10,35.4,False
ACC-005591,CO-0011105,SMB,1-10,Public Sector,APAC,self_serve,2021-07-17,22.8,False
ACC-005592,CO-0033714,SMB,11-50,Technology/SaaS,North America,self_serve,2024-03-20,31.4,False
ACC-005593,CO-0104645,Commercial,1-10,Healthcare,North America,self_serve,2024-08-14,26.1,False
ACC-005594,CO-0007653,SMB,1-10,Financial Services,North America,inbound_marketing,2025-10-25,21.4,False
ACC-005595,CO-0073535,SMB,1-10,Manufacturing,North America,inbound_marketing,2022-05-19,25.8,False
ACC-005596,CO-0116998,SMB,1-10,Manufacturing,North America,self_serve,2025-03-26,11.5,False
ACC-005597,CO-0047374,SMB,201-1000,Education,LATAM,inbound_marketing,2023-10-22,39.2,False
ACC-005598,CO-0002233,SMB,1-10,Public Sector,EMEA,self_serve,2024-08-25,20.4,False
ACC-005599,CO-0046850,SMB,1-10,Financial Services,APAC,self_serve,2024-09-13,18.5,True
ACC-005600,CO-0079232,SMB,11-50,Public Sector,North America,inbound_marketing,2025-12-15,18.1,False
ACC-005601,CO-0036143,SMB,11-50,Professional Services,North America,inbound_marketing,2020-06-07,17.6,False
ACC-005602,CO-0109561,SMB,11-50,Retail/E-commerce,EMEA,self_serve,2024-07-19,21.6,False
ACC-005603,CO-0013477,SMB,1-10,Technology/SaaS,North America,self_serve,2024-05-12,25.4,False
ACC-005604,CO-0055894,SMB,51-200,Healthcare,EMEA,inbound_marketing,2025-06-14,31.6,False
ACC-005605,CO-0059196,SMB,1-10,Healthcare,North America,self_serve,2023-11-13,22.0,False
ACC-005606,CO-0077838,SMB,1-10,Technology/SaaS,North America,self_serve,2023-08-20,27.5,False
ACC-005607,CO-0057251,SMB,11-50,Financial Services,EMEA,self_serve,2025-03-25,32.8,False
ACC-005608,CO-0045992,SMB,11-50,Professional Services,North America,inbound_marketing,2022-08-14,26.2,False
ACC-005609,CO-0033948,SMB,201-1000,Retail/E-commerce,North America,self_serve,2021-09-18,38.0,False
ACC-005610,CO-0080696,SMB,51-200,Professional Services,North America,self_serve,2025-06-26,33.1,False
ACC-005611,CO-0087484,Commercial,11-50,Professional Services,EMEA,self_serve,2023-09-19,20.6,False
ACC-005612,CO-0044675,Commercial,11-50,Logistics/Supply Chain,North America,inbound_marketing,2025-03-23,31.9,False
ACC-005613,CO-0013368,SMB,1-10,Professional Services,North America,self_serve,2025-01-22,19.6,True
ACC-005614,CO-0094102,SMB,1-10,Logistics/Supply Chain,EMEA,inbound_marketing,2022-07-16,11.1,False
ACC-005615,CO-0071565,SMB,1-10,Financial Services,North America,inbound_marketing,2025-02-06,27.2,False
ACC-005616,CO-0088721,SMB,11-50,Education,North America,inbound_marketing,2020-08-12,31.0,False
ACC-005617,CO-0005503,Commercial,11-50,Retail/E-commerce,LATAM,self_serve,2023-05-25,20.1,False
ACC-005618,CO-0018100,SMB,1-10,Media/Entertainment,North America,self_serve,2025-04-21,23.8,False
ACC-005619,CO-0084753,SMB,1-10,Manufacturing,North America,self_serve,2025-09-25,19.8,False
ACC-005620,CO-0035743,SMB,11-50,Logistics/Supply Chain,EMEA,self_serve,2023-02-26,24.7,False
ACC-005621,CO-0039039,SMB,11-50,Technology/SaaS,North America,inbound_marketing,2024-11-24,31.9,False
ACC-005622,CO-0103712,SMB,51-200,Technology/SaaS,North America,self_serve,2025-07-16,39.3,False
ACC-005623,CO-0039032,Enterprise,51-200,Retail/E-commerce,North America,self_serve,2020-03-12,32.1,False
ACC-005624,CO-0041532,SMB,11-50,Logistics/Supply Chain,North America,self_serve,2024-01-01,34.7,False
ACC-005625,CO-0036041,SMB,51-200,Logistics/Supply Chain,North America,inbound_marketing,2025-12-23,38.4,False
ACC-005626,CO-0089842,SMB,51-200,Retail/E-commerce,North America,inbound_marketing,2024-01-16,34.7,False
ACC-005627,CO-0063957,SMB,1-10,Public Sector,EMEA,self_serve,2020-10-17,26.0,False
ACC-005628,CO-0022835,SMB,51-200,Media/Entertainment,North America,self_serve,2025-10-17,24.7,False
ACC-005629,CO-0113406,SMB,51-200,Professional Services,APAC,inbound_marketing,2025-01-03,38.9,False
ACC-005630,CO-0018899,SMB,11-50,Technology/SaaS,EMEA,self_serve,2021-07-16,38.9,False
ACC-005631,CO-0085389,Commercial,201-1000,Retail/E-commerce,North America,self_serve,2023-02-21,37.8,False
ACC-005632,CO-0049020,SMB,51-200,Public Sector,APAC,inbound_marketing,2025-08-24,40.0,False
ACC-005633,CO-0096670,SMB,11-50,Technology/SaaS,North America,self_serve,2025-07-17,21.6,False
ACC-005634,CO-0086903,SMB,1-10,Financial Services,North America,self_serve,2025-12-15,34.9,False
ACC-005635,CO-0092328,SMB,1-10,Technology/SaaS,North America,self_serve,2023-10-01,19.6,True
ACC-005636,CO-0011843,SMB,1-10,Professional Services,North America,inbound_marketing,2024-04-03,27.8,True
ACC-005637,CO-0101379,Commercial,1-10,Technology/SaaS,North America,self_serve,2025-05-08,29.0,False
ACC-005638,CO-0085577,SMB,11-50,Retail/E-commerce,North America,inbound_marketing,2022-07-10,19.8,False
ACC-005639,CO-0108483,SMB,11-50,Retail/E-commerce,APAC,inbound_marketing,2024-07-18,30.3,False
ACC-005640,CO-0042707,SMB,51-200,Education,North America,self_serve,2025-03-20,25.7,False
ACC-005641,CO-0003138,SMB,51-200,Retail/E-commerce,North America,inbound_marketing,2025-10-02,31.2,False
ACC-005642,CO-0069357,SMB,1-10,Public Sector,North America,inbound_marketing,2022-10-08,20.2,False
ACC-005643,CO-0034946,SMB,1-10,Healthcare,North America,self_serve,2023-09-01,29.4,False
ACC-005644,CO-0067722,SMB,1-10,Education,APAC,self_serve,2025-12-17,11.6,False
ACC-005645,CO-0105373,SMB,51-200,Education,EMEA,self_serve,2024-04-23,32.3,False
ACC-005646,CO-0031309,SMB,11-50,Media/Entertainment,APAC,self_serve,2020-03-21,26.2,False
ACC-005647,CO-0057461,SMB,1-10,Media/Entertainment,APAC,self_serve,2025-10-12,22.3,False
ACC-005648,CO-0025822,Commercial,11-50,Public Sector,North America,inbound_marketing,2022-06-07,21.8,False
ACC-005649,CO-0021725,SMB,1-10,Manufacturing,North America,self_serve,2025-02-03,22.1,True
ACC-005650,CO-0075501,SMB,1-10,Technology/SaaS,North America,self_serve,2025-06-17,33.6,False
ACC-005651,CO-0022471,SMB,11-50,Technology/SaaS,EMEA,inbound_marketing,2025-05-09,39.8,False
ACC-005652,CO-0059448,SMB,1-10,Logistics/Supply Chain,LATAM,inbound_marketing,2024-07-07,18.0,False
ACC-005653,CO-0028319,SMB,11-50,Financial Services,EMEA,inbound_marketing,2025-10-26,26.8,False
ACC-005654,CO-0120092,SMB,1-10,Financial Services,EMEA,self_serve,2025-07-21,20.3,False
ACC-005655,CO-0073622,SMB,51-200,Retail/E-commerce,APAC,self_serve,2025-04-16,39.3,False
ACC-005656,CO-0027779,SMB,11-50,Financial Services,North America,inbound_marketing,2022-10-20,32.4,False
ACC-005657,CO-0041527,SMB,1-10,Healthcare,North America,self_serve,2025-05-13,27.1,False
ACC-005658,CO-0034194,SMB,1-10,Public Sector,EMEA,self_serve,2021-06-10,20.6,False
ACC-005659,CO-0113270,SMB,1-10,Technology/SaaS,EMEA,inbound_marketing,2024-05-27,31.8,False
ACC-005660,CO-0024207,SMB,11-50,Technology/SaaS,North America,self_serve,2021-04-09,27.4,False
ACC-005661,CO-0029868,SMB,1-10,Retail/E-commerce,North America,self_serve,2024-12-18,18.5,False
ACC-005662,CO-0078797,SMB,51-200,Public Sector,LATAM,self_serve,2022-05-25,29.8,False
ACC-005663,CO-0073742,SMB,1-10,Manufacturing,EMEA,self_serve,2024-06-14,20.5,True
ACC-005664,CO-0051262,SMB,11-50,Retail/E-commerce,North America,self_serve,2020-04-05,26.1,False
ACC-005665,CO-0104874,SMB,11-50,Healthcare,North America,inbound_marketing,2021-07-05,29.6,False
ACC-005666,CO-0005018,SMB,1-10,Professional Services,APAC,self_serve,2022-10-13,12.9,False
ACC-005667,CO-0066642,SMB,1-10,Media/Entertainment,EMEA,self_serve,2023-11-03,25.7,False
ACC-005668,CO-0109223,SMB,11-50,Public Sector,North America,inbound_marketing,2024-11-14,21.1,False
ACC-005669,CO-0111987,SMB,11-50,Manufacturing,North America,self_serve,2024-02-03,28.0,False
ACC-005670,CO-0099775,SMB,11-50,Logistics/Supply Chain,APAC,inbound_marketing,2023-08-16,19.3,False
ACC-005671,CO-0093967,SMB,11-50,Manufacturing,North America,self_serve,2023-09-17,33.7,False
ACC-005672,CO-0080324,SMB,11-50,Healthcare,North America,self_serve,2023-09-19,29.4,False
ACC-005673,CO-0056554,SMB,51-200,Professional Services,North America,inbound_marketing,2024-01-17,37.3,False
ACC-005674,CO-0074050,Commercial,1-10,Manufacturing,North America,inbound_marketing,2025-07-01,12.7,False
ACC-005675,CO-0066838,SMB,11-50,Professional Services,North America,self_serve,2020-08-07,19.7,False
ACC-005676,CO-0080071,SMB,1-10,Logistics/Supply Chain,North America,inbound_marketing,2025-02-22,29.4,False
ACC-005677,CO-0109937,SMB,51-200,Retail/E-commerce,North America,self_serve,2024-03-06,39.6,False
ACC-005678,CO-0082369,SMB,51-200,Professional Services,North America,self_serve,2024-09-07,30.9,False
ACC-005679,CO-0027665,SMB,11-50,Education,North America,self_serve,2024-11-27,29.9,False
ACC-005680,CO-0084108,SMB,1-10,Logistics/Supply Chain,North America,self_serve,2025-03-19,12.4,False
ACC-005681,CO-0039048,SMB,51-200,Technology/SaaS,EMEA,self_serve,2024-10-03,38.1,False
ACC-005682,CO-0038721,SMB,11-50,Retail/E-commerce,North America,self_serve,2024-11-15,26.3,False
ACC-005683,CO-0020367,SMB,1-10,Retail/E-commerce,North America,self_serve,2025-04-09,15.5,False
ACC-005684,CO-0094794,SMB,11-50,Professional Services,LATAM,self_serve,2025-10-10,12.3,False
ACC-005685,CO-0087107,SMB,1-10,Professional Services,LATAM,inbound_marketing,2025-09-05,19.2,False
ACC-005686,CO-0091144,SMB,1-10,Public Sector,North America,self_serve,2023-12-18,30.4,False
ACC-005687,CO-0113965,SMB,1-10,Professional Services,North America,self_serve,2023-02-24,19.4,False
ACC-005688,CO-0112457,SMB,1-10,Professional Services,APAC,self_serve,2024-04-25,23.3,False
ACC-005689,CO-0104312,Commercial,1-10,Retail/E-commerce,APAC,inbound_marketing,2024-11-09,25.9,False
ACC-005690,CO-0042087,SMB,11-50,Financial Services,North America,self_serve,2025-05-01,34.1,False
ACC-005691,CO-0054632,SMB,11-50,Technology/SaaS,North America,self_serve,2020-10-12,29.0,False
ACC-005692,CO-0030679,SMB,1-10,Media/Entertainment,APAC,self_serve,2025-11-20,19.5,False
ACC-005693,CO-0092817,SMB,201-1000,Media/Entertainment,North America,self_serve,2024-10-15,34.6,False
ACC-005694,CO-0052357,SMB,11-50,Technology/SaaS,North America,self_serve,2025-10-09,30.8,False
ACC-005695,CO-0073008,SMB,11-50,Manufacturing,EMEA,inbound_marketing,2024-10-27,39.5,False
ACC-005696,CO-0095417,SMB,1-10,Professional Services,APAC,self_serve,2023-01-13,16.5,False
ACC-005697,CO-0010953,SMB,51-200,Retail/E-commerce,EMEA,self_serve,2025-07-19,30.3,False
ACC-005698,CO-0023593,SMB,1-10,Retail/E-commerce,North America,self_serve,2020-04-08,10.1,False
ACC-005699,CO-0064762,SMB,1-10,Public Sector,North America,self_serve,2024-07-11,32.9,False
ACC-005700,CO-0007266,SMB,1-10,Technology/SaaS,North America,inbound_marketing,2024-01-11,23.7,False
ACC-005701,CO-0008383,SMB,1-10,Professional Services,North America,self_serve,2025-10-22,14.6,True
ACC-005702,CO-0093540,SMB,1-10,Professional Services,APAC,self_serve,2025-01-03,10.3,True
ACC-005703,CO-0029490,SMB,11-50,Retail/E-commerce,EMEA,inbound_marketing,2025-05-23,27.2,False
ACC-005704,CO-0017207,SMB,1-10,Healthcare,North America,self_serve,2023-11-04,19.4,True
ACC-005705,CO-0068254,SMB,1-10,Media/Entertainment,North America,self_serve,2023-11-03,31.0,True
ACC-005706,CO-0111946,Commercial,11-50,Professional Services,North America,self_serve,2024-09-13,24.0,False
ACC-005707,CO-0012191,SMB,11-50,Retail/E-commerce,North America,self_serve,2025-10-02,17.8,False
ACC-005708,CO-0109747,SMB,1-10,Manufacturing,North America,inbound_marketing,2022-06-20,34.7,False
ACC-005709,CO-0119494,SMB,11-50,Logistics/Supply Chain,North America,self_serve,2023-02-20,29.7,False
ACC-005710,CO-0052319,SMB,11-50,Public Sector,North America,self_serve,2025-10-11,36.9,False
ACC-005711,CO-0029421,SMB,51-200,Media/Entertainment,LATAM,self_serve,2025-12-03,20.4,False
ACC-005712,CO-0002441,SMB,51-200,Education,North America,self_serve,2021-01-09,27.2,False
ACC-005713,CO-0048144,SMB,51-200,Retail/E-commerce,EMEA,inbound_marketing,2024-10-10,23.8,False
ACC-005714,CO-0022580,SMB,51-200,Professional Services,LATAM,self_serve,2025-07-18,28.9,False
ACC-005715,CO-0091394,SMB,11-50,Technology/SaaS,EMEA,self_serve,2022-11-12,36.4,False
ACC-005716,CO-0099848,SMB,201-1000,Retail/E-commerce,LATAM,self_serve,2025-12-01,39.7,False
ACC-005717,CO-0110279,SMB,51-200,Public Sector,EMEA,self_serve,2025-03-06,32.1,False
ACC-005718,CO-0085513,SMB,11-50,Education,North America,self_serve,2025-09-22,24.9,False
ACC-005719,CO-0110479,SMB,1-10,Financial Services,EMEA,self_serve,2025-11-01,36.1,False
ACC-005720,CO-0061393,SMB,1-10,Financial Services,North America,self_serve,2025-07-07,31.2,False
ACC-005721,CO-0120298,SMB,11-50,Technology/SaaS,North America,self_serve,2024-06-24,25.5,False
ACC-005722,CO-0073673,SMB,1-10,Professional Services,North America,self_serve,2021-03-26,18.9,False
ACC-005723,CO-0120734,SMB,1-10,Media/Entertainment,APAC,self_serve,2025-01-12,27.6,False
ACC-005724,CO-0058509,SMB,1-10,Technology/SaaS,APAC,self_serve,2025-12-17,37.9,True
ACC-005725,CO-0037055,SMB,1-10,Public Sector,EMEA,self_serve,2025-10-11,18.0,False
ACC-005726,CO-0056439,SMB,1-10,Technology/SaaS,APAC,self_serve,2025-10-03,22.9,False
ACC-005727,CO-0078857,SMB,1-10,Professional Services,North America,inbound_marketing,2022-11-15,23.1,False
ACC-005728,CO-0112040,Commercial,11-50,Professional Services,North America,self_serve,2025-01-25,27.2,False
ACC-005729,CO-0015922,SMB,1-10,Retail/E-commerce,North America,self_serve,2025-10-14,23.5,False
ACC-005730,CO-0052456,SMB,11-50,Financial Services,LATAM,self_serve,2023-08-02,35.4,False
ACC-005731,CO-0049487,Commercial,11-50,Retail/E-commerce,North America,inbound_marketing,2022-01-22,23.2,False
ACC-005732,CO-0032443,SMB,11-50,Financial Services,North America,inbound_marketing,2024-11-21,32.1,False
ACC-005733,CO-0003198,Commercial,11-50,Professional Services,North America,inbound_marketing,2024-07-12,21.0,False
ACC-005734,CO-0041719,Commercial,51-200,Healthcare,LATAM,self_serve,2024-05-21,34.7,False
ACC-005735,CO-0122192,SMB,201-1000,Technology/SaaS,APAC,self_serve,2024-08-22,39.9,False
ACC-005736,CO-0024206,SMB,51-200,Logistics/Supply Chain,North America,inbound_marketing,2022-02-26,38.6,False
ACC-005737,CO-0065573,SMB,51-200,Technology/SaaS,North America,self_serve,2025-06-03,38.2,False
ACC-005738,CO-0040907,SMB,1-10,Public Sector,North America,inbound_marketing,2024-09-18,39.1,False
ACC-005739,CO-0011992,SMB,201-1000,Professional Services,North America,self_serve,2025-03-04,37.6,False
ACC-005740,CO-0086842,SMB,11-50,Healthcare,EMEA,inbound_marketing,2020-05-31,34.6,False
ACC-005741,CO-0046277,SMB,1-10,Technology/SaaS,EMEA,self_serve,2022-07-01,34.5,True
ACC-005742,CO-0052630,SMB,11-50,Manufacturing,EMEA,self_serve,2024-12-04,29.2,False
ACC-005743,CO-0115412,SMB,1-10,Professional Services,North America,self_serve,2024-08-11,15.7,False
ACC-005744,CO-0105065,SMB,11-50,Professional Services,North America,self_serve,2021-10-05,33.8,False
ACC-005745,CO-0030861,SMB,11-50,Retail/E-commerce,EMEA,inbound_marketing,2025-07-04,27.7,False
ACC-005746,CO-0021252,SMB,1-10,Financial Services,North America,inbound_marketing,2024-12-23,34.1,True
ACC-005747,CO-0007143,SMB,1-10,Professional Services,EMEA,self_serve,2025-09-28,11.9,False
ACC-005748,CO-0099689,Commercial,51-200,Healthcare,North America,inbound_marketing,2021-04-11,39.6,False
ACC-005749,CO-0074294,SMB,51-200,Education,North America,self_serve,2023-04-28,21.1,False
ACC-005750,CO-0085122,SMB,1-10,Technology/SaaS,North America,self_serve,2024-09-20,36.2,True
ACC-005751,CO-0089117,SMB,1-10,Financial Services,North America,self_serve,2023-03-10,33.5,True
ACC-005752,CO-0093531,SMB,11-50,Financial Services,North America,inbound_marketing,2024-03-22,17.5,False
ACC-005753,CO-0075989,SMB,51-200,Public Sector,APAC,self_serve,2025-03-05,30.5,False
ACC-005754,CO-0100220,Commercial,11-50,Technology/SaaS,EMEA,self_serve,2025-05-27,30.7,False
ACC-005755,CO-0120781,SMB,1-10,Retail/E-commerce,EMEA,self_serve,2020-01-31,23.7,False
ACC-005756,CO-0037399,SMB,11-50,Retail/E-commerce,North America,self_serve,2022-12-02,30.8,False
ACC-005757,CO-0106783,SMB,201-1000,Education,EMEA,inbound_marketing,2021-01-15,38.3,False
ACC-005758,CO-0116109,SMB,11-50,Manufacturing,North America,inbound_marketing,2025-08-20,33.6,False
ACC-005759,CO-0064393,SMB,1-10,Financial Services,North America,self_serve,2022-06-10,32.7,False
ACC-005760,CO-0097454,SMB,11-50,Healthcare,APAC,self_serve,2023-08-11,33.7,False
ACC-005761,CO-0106464,SMB,1-10,Financial Services,North America,self_serve,2024-04-03,24.4,False
ACC-005762,CO-0019814,SMB,1-10,Professional Services,North America,self_serve,2025-10-18,15.1,False
ACC-005763,CO-0071807,Commercial,1-10,Technology/SaaS,North America,self_serve,2023-09-25,18.1,False
ACC-005764,CO-0113442,SMB,1-10,Professional Services,EMEA,self_serve,2025-03-07,19.0,False
ACC-005765,CO-0045127,SMB,1-10,Professional Services,North America,inbound_marketing,2023-03-24,24.2,False
ACC-005766,CO-0109502,SMB,1-10,Public Sector,North America,self_serve,2021-02-10,31.8,False
ACC-005767,CO-0081966,SMB,11-50,Financial Services,EMEA,self_serve,2025-01-09,24.3,False
ACC-005768,CO-0084865,SMB,51-200,Retail/E-commerce,EMEA,inbound_marketing,2025-03-09,38.6,False
ACC-005769,CO-0112794,SMB,11-50,Manufacturing,APAC,self_serve,2022-01-29,39.8,False
ACC-005770,CO-0109964,Commercial,1-10,Manufacturing,North America,self_serve,2024-11-18,29.8,False
ACC-005771,CO-0035282,SMB,11-50,Professional Services,North America,self_serve,2024-03-17,24.2,False
ACC-005772,CO-0041125,SMB,11-50,Professional Services,North America,inbound_marketing,2025-11-01,24.8,False
ACC-005773,CO-0007892,SMB,1-10,Healthcare,North America,inbound_marketing,2022-02-22,28.6,True
ACC-005774,CO-0027561,SMB,1-10,Healthcare,North America,self_serve,2021-09-17,29.1,False
ACC-005775,CO-0092228,Commercial,11-50,Financial Services,APAC,self_serve,2021-12-05,30.6,False
ACC-005776,CO-0038104,SMB,51-200,Professional Services,EMEA,self_serve,2022-12-24,25.2,False
ACC-005777,CO-0045662,SMB,1-10,Financial Services,EMEA,self_serve,2025-12-15,35.3,False
ACC-005778,CO-0093119,SMB,1-10,Manufacturing,North America,self_serve,2025-11-23,35.1,True
ACC-005779,CO-0106599,SMB,1-10,Retail/E-commerce,North America,inbound_marketing,2021-11-01,20.5,False
ACC-005780,CO-0066206,SMB,1-10,Logistics/Supply Chain,APAC,inbound_marketing,2024-07-08,30.8,False
ACC-005781,CO-0006561,SMB,1-10,Media/Entertainment,North America,self_serve,2025-03-25,30.9,False
ACC-005782,CO-0032187,SMB,11-50,Healthcare,APAC,inbound_marketing,2024-08-20,25.9,False
ACC-005783,CO-0041219,SMB,1-10,Professional Services,North America,self_serve,2023-04-15,28.2,True
ACC-005784,CO-0102100,SMB,1-10,Manufacturing,North America,inbound_marketing,2025-05-28,29.9,False
ACC-005785,CO-0002244,SMB,11-50,Media/Entertainment,North America,self_serve,2025-08-02,20.4,False
ACC-005786,CO-0009486,SMB,11-50,Healthcare,APAC,self_serve,2025-04-15,28.2,False
ACC-005787,CO-0073378,SMB,11-50,Professional Services,North America,inbound_marketing,2024-04-01,28.0,False
ACC-005788,CO-0061726,SMB,11-50,Technology/SaaS,APAC,self_serve,2024-05-07,35.9,False
ACC-005789,CO-0050094,SMB,1-10,Healthcare,North America,inbound_marketing,2023-03-09,23.1,False
ACC-005790,CO-0056899,SMB,1-10,Technology/SaaS,APAC,self_serve,2025-02-19,29.7,False
ACC-005791,CO-0085886,SMB,11-50,Technology/SaaS,EMEA,self_serve,2025-12-17,31.2,False
ACC-005792,CO-0022513,SMB,51-200,Retail/E-commerce,North America,self_serve,2025-03-06,24.7,False
ACC-005793,CO-0032431,SMB,201-1000,Retail/E-commerce,APAC,self_serve,2025-05-16,35.3,False
ACC-005794,CO-0018770,SMB,1-10,Logistics/Supply Chain,North America,self_serve,2025-03-24,23.4,False
ACC-005795,CO-0015614,SMB,11-50,Financial Services,North America,inbound_marketing,2025-04-06,35.7,False
ACC-005796,CO-0101546,SMB,51-200,Technology/SaaS,EMEA,self_serve,2022-03-04,31.7,False
ACC-005797,CO-0041294,SMB,11-50,Financial Services,North America,inbound_marketing,2024-03-18,32.0,False
ACC-005798,CO-0000960,SMB,51-200,Professional Services,APAC,self_serve,2024-12-28,33.8,False
ACC-005799,CO-0048769,SMB,1-10,Technology/SaaS,EMEA,self_serve,2022-08-04,16.4,True
ACC-005800,CO-0053055,SMB,51-200,Retail/E-commerce,LATAM,self_serve,2020-02-11,12.7,False
ACC-005801,CO-0099692,SMB,1-10,Professional Services,North America,self_serve,2023-12-24,27.1,False
ACC-005802,CO-0067995,SMB,11-50,Retail/E-commerce,North America,self_serve,2020-06-05,10.6,False
ACC-005803,CO-0027551,SMB,51-200,Professional Services,EMEA,inbound_marketing,2024-06-15,29.9,False
ACC-005804,CO-0057206,SMB,1-10,Financial Services,EMEA,self_serve,2022-05-14,30.6,True
ACC-005805,CO-0122472,SMB,1-10,Public Sector,EMEA,self_serve,2025-11-04,20.6,False
ACC-005806,CO-0087685,SMB,11-50,Education,North America,self_serve,2024-11-07,19.1,False
ACC-005807,CO-0109112,SMB,1-10,Financial Services,North America,inbound_marketing,2024-04-11,32.1,False
ACC-005808,CO-0100939,SMB,11-50,Professional Services,APAC,self_serve,2025-12-16,29.0,False
ACC-005809,CO-0020515,SMB,1-10,Manufacturing,North America,self_serve,2025-10-15,33.7,False
ACC-005810,CO-0059273,Commercial,51-200,Education,North America,inbound_marketing,2023-06-15,31.6,False
ACC-005811,CO-0036529,SMB,1-10,Financial Services,North America,self_serve,2022-02-28,38.7,True
ACC-005812,CO-0036398,Commercial,1-10,Public Sector,North America,self_serve,2025-06-27,30.3,True
ACC-005813,CO-0021464,SMB,1-10,Technology/SaaS,EMEA,self_serve,2025-11-06,27.4,False
ACC-005814,CO-0106605,Commercial,201-1000,Education,APAC,self_serve,2024-07-19,35.2,False
ACC-005815,CO-0121602,Commercial,1-10,Manufacturing,North America,self_serve,2022-09-04,27.9,True
ACC-005816,CO-0020960,SMB,51-200,Manufacturing,North America,self_serve,2025-02-20,39.5,False
ACC-005817,CO-0060395,SMB,1-10,Technology/SaaS,EMEA,self_serve,2020-05-26,30.8,False
ACC-005818,CO-0097946,Commercial,11-50,Technology/SaaS,North America,self_serve,2021-05-11,35.8,False
ACC-005819,CO-0043662,SMB,1-10,Technology/SaaS,EMEA,self_serve,2024-01-03,30.5,False
ACC-005820,CO-0052393,SMB,1-10,Professional Services,North America,inbound_marketing,2020-04-09,24.6,False
ACC-005821,CO-0103438,SMB,11-50,Professional Services,APAC,self_serve,2024-08-04,19.7,False
ACC-005822,CO-0081467,SMB,51-200,Retail/E-commerce,EMEA,self_serve,2024-07-23,35.0,False
ACC-005823,CO-0002979,Commercial,201-1000,Education,North America,self_serve,2023-06-10,38.2,False
ACC-005824,CO-0082102,SMB,11-50,Retail/E-commerce,North America,inbound_marketing,2025-11-04,26.5,False
ACC-005825,CO-0036738,SMB,11-50,Professional Services,EMEA,self_serve,2020-09-21,14.9,False
ACC-005826,CO-0068284,SMB,11-50,Professional Services,North America,inbound_marketing,2025-08-14,26.6,False
ACC-005827,CO-0026616,SMB,11-50,Technology/SaaS,North America,self_serve,2025-12-23,34.3,False
ACC-005828,CO-0094821,SMB,1-10,Manufacturing,North America,self_serve,2025-03-01,27.2,True
ACC-005829,CO-0069194,SMB,11-50,Logistics/Supply Chain,EMEA,self_serve,2024-05-08,21.9,False
ACC-005830,CO-0074159,SMB,1-10,Media/Entertainment,North America,self_serve,2025-09-03,13.4,False
ACC-005831,CO-0096380,SMB,1-10,Retail/E-commerce,EMEA,inbound_marketing,2023-08-04,10.2,False
ACC-005832,CO-0059458,SMB,1-10,Professional Services,North America,self_serve,2020-03-26,24.9,False
ACC-005833,CO-0057968,SMB,1-10,Public Sector,EMEA,self_serve,2022-10-25,10.6,False
ACC-005834,CO-0089544,SMB,1-10,Healthcare,EMEA,self_serve,2023-01-13,23.0,True
ACC-005835,CO-0108710,SMB,1-10,Education,North America,self_serve,2025-01-07,19.5,True
ACC-005836,CO-0103922,SMB,1-10,Technology/SaaS,North America,self_serve,2023-04-17,33.8,False
ACC-005837,CO-0037123,SMB,1-10,Financial Services,North America,self_serve,2024-11-20,31.2,True
ACC-005838,CO-0063237,SMB,11-50,Professional Services,LATAM,inbound_marketing,2021-01-05,6.8,False
ACC-005839,CO-0062924,SMB,1-10,Professional Services,North America,self_serve,2023-03-28,19.4,False
ACC-005840,CO-0065697,SMB,1-10,Retail/E-commerce,LATAM,inbound_marketing,2023-03-25,13.7,False
ACC-005841,CO-0046379,SMB,1-10,Education,North America,inbound_marketing,2023-07-09,26.6,False
ACC-005842,CO-0106667,SMB,1-10,Professional Services,EMEA,self_serve,2023-10-12,14.1,False
ACC-005843,CO-0016288,SMB,51-200,Public Sector,North America,self_serve,2025-01-25,36.6,False
ACC-005844,CO-0117295,SMB,1-10,Financial Services,North America,self_serve,2025-05-28,34.9,False
ACC-005845,CO-0071608,SMB,1-10,Technology/SaaS,North America,self_serve,2025-02-27,23.1,False
ACC-005846,CO-0064094,SMB,1-10,Technology/SaaS,North America,self_serve,2023-12-11,37.6,False
ACC-005847,CO-0079674,SMB,51-200,Logistics/Supply Chain,EMEA,self_serve,2023-05-16,31.7,False
ACC-005848,CO-0010025,SMB,1-10,Logistics/Supply Chain,EMEA,self_serve,2023-10-08,14.8,False
ACC-005849,CO-0104897,SMB,1-10,Healthcare,EMEA,inbound_marketing,2024-12-24,22.8,False
ACC-005850,CO-0014712,SMB,11-50,Education,North America,self_serve,2025-09-23,20.5,False
ACC-005851,CO-0061060,SMB,1-10,Healthcare,EMEA,self_serve,2022-04-03,24.3,False
ACC-005852,CO-0117334,SMB,1-10,Logistics/Supply Chain,North America,self_serve,2022-02-05,41.3,True
ACC-005853,CO-0069172,SMB,1-10,Manufacturing,APAC,self_serve,2024-12-02,22.0,False
ACC-005854,CO-0034519,SMB,1-10,Technology/SaaS,North America,self_serve,2023-07-16,33.3,False
ACC-005855,CO-0019938,SMB,11-50,Public Sector,APAC,inbound_marketing,2024-11-04,24.6,False
ACC-005856,CO-0048284,SMB,1-10,Technology/SaaS,EMEA,self_serve,2020-08-12,25.1,False
ACC-005857,CO-0075850,SMB,1-10,Healthcare,North America,self_serve,2025-10-06,13.9,False
ACC-005858,CO-0014103,SMB,1-10,Professional Services,North America,inbound_marketing,2025-11-07,23.6,False
ACC-005859,CO-0013266,SMB,1-10,Financial Services,APAC,self_serve,2020-08-25,31.3,False
ACC-005860,CO-0048442,SMB,1-10,Public Sector,North America,self_serve,2025-08-28,12.8,False
ACC-005861,CO-0058477,SMB,11-50,Retail/E-commerce,North America,self_serve,2025-02-05,32.5,False
ACC-005862,CO-0097176,SMB,1-10,Financial Services,North America,self_serve,2025-11-15,26.6,True
ACC-005863,CO-0013658,SMB,11-50,Professional Services,North America,self_serve,2024-05-20,28.8,False
ACC-005864,CO-0036906,SMB,51-200,Education,North America,inbound_marketing,2025-01-15,38.7,False
ACC-005865,CO-0058450,SMB,11-50,Retail/E-commerce,EMEA,self_serve,2023-03-13,19.7,False
ACC-005866,CO-0100910,SMB,1-10,Healthcare,EMEA,self_serve,2023-11-09,24.1,False
ACC-005867,CO-0042660,SMB,1-10,Technology/SaaS,North America,inbound_marketing,2025-03-10,34.5,False
ACC-005868,CO-0042488,SMB,1-10,Professional Services,North America,self_serve,2025-05-08,26.8,False
ACC-005869,CO-0010233,SMB,1-10,Education,EMEA,self_serve,2025-04-17,17.5,False
ACC-005870,CO-0094997,Enterprise,1-10,Financial Services,EMEA,self_serve,2024-09-12,26.2,False
ACC-005871,CO-0037770,SMB,1-10,Manufacturing,North America,self_serve,2024-10-21,26.6,False
ACC-005872,CO-0103480,SMB,1-10,Professional Services,North America,inbound_marketing,2021-02-17,30.1,True
ACC-005873,CO-0057407,Commercial,1001-5000,Retail/E-commerce,EMEA,self_serve,2020-07-21,36.9,False
ACC-005874,CO-0083617,SMB,1-10,Financial Services,EMEA,self_serve,2025-09-13,25.6,False
ACC-005875,CO-0074242,SMB,1-10,Healthcare,EMEA,self_serve,2025-10-18,32.7,False
ACC-005876,CO-0037792,SMB,1-10,Education,North America,self_serve,2023-07-12,7.5,False
ACC-005877,CO-0000670,SMB,11-50,Retail/E-commerce,APAC,self_serve,2024-04-17,21.8,False
ACC-005878,CO-0018540,SMB,1-10,Financial Services,APAC,self_serve,2025-06-06,21.9,False
ACC-005879,CO-0089190,SMB,11-50,Technology/SaaS,APAC,self_serve,2023-09-03,31.5,False
ACC-005880,CO-0000507,SMB,1-10,Healthcare,EMEA,self_serve,2022-09-13,19.8,False
ACC-005881,CO-0033003,SMB,11-50,Logistics/Supply Chain,North America,self_serve,2025-09-24,17.9,False
ACC-005882,CO-0045702,SMB,1-10,Education,North America,self_serve,2025-04-03,22.1,False
ACC-005883,CO-0038784,Commercial,11-50,Retail/E-commerce,North America,self_serve,2025-06-26,28.5,False
ACC-005884,CO-0010241,SMB,1-10,Media/Entertainment,North America,self_serve,2020-01-11,22.2,False
ACC-005885,CO-0021209,SMB,51-200,Healthcare,North America,self_serve,2024-04-12,39.7,False
ACC-005886,CO-0006755,SMB,1-10,Technology/SaaS,LATAM,self_serve,2023-02-20,14.7,False
ACC-005887,CO-0030122,SMB,1-10,Retail/E-commerce,APAC,inbound_marketing,2023-12-24,12.2,False
ACC-005888,CO-0059678,SMB,51-200,Professional Services,EMEA,self_serve,2025-02-12,29.5,False
ACC-005889,CO-0076224,SMB,1-10,Healthcare,APAC,self_serve,2023-03-16,20.3,False
ACC-005890,CO-0047269,SMB,1-10,Technology/SaaS,North America,self_serve,2025-03-21,21.1,False
ACC-005891,CO-0101058,SMB,51-200,Logistics/Supply Chain,EMEA,inbound_marketing,2025-04-18,39.2,False
ACC-005892,CO-0102543,SMB,1-10,Professional Services,EMEA,self_serve,2025-07-26,23.6,False
ACC-005893,CO-0003316,SMB,11-50,Healthcare,APAC,self_serve,2023-05-05,30.7,False
ACC-005894,CO-0068255,SMB,1-10,Financial Services,LATAM,self_serve,2025-10-07,26.8,False
ACC-005895,CO-0055268,SMB,1-10,Manufacturing,North America,self_serve,2025-09-21,16.2,False
ACC-005896,CO-0116628,SMB,1-10,Retail/E-commerce,North America,self_serve,2024-03-15,5.5,True
ACC-005897,CO-0049729,SMB,1-10,Retail/E-commerce,EMEA,self_serve,2025-07-06,18.7,False
ACC-005898,CO-0039558,SMB,51-200,Technology/SaaS,North America,self_serve,2025-01-18,34.1,False
ACC-005899,CO-0102919,SMB,1-10,Financial Services,North America,inbound_marketing,2022-06-28,37.5,False
ACC-005900,CO-0068560,SMB,1-10,Technology/SaaS,EMEA,self_serve,2020-03-25,18.8,True
ACC-005901,CO-0031518,SMB,1-10,Healthcare,EMEA,inbound_marketing,2024-08-27,19.6,False
ACC-005902,CO-0024246,Commercial,51-200,Retail/E-commerce,North America,self_serve,2024-08-02,31.6,False
ACC-005903,CO-0095839,SMB,11-50,Manufacturing,EMEA,inbound_marketing,2021-04-21,26.6,False
ACC-005904,CO-0090206,Commercial,1-10,Healthcare,APAC,self_serve,2024-01-08,13.2,False
ACC-005905,CO-0015992,SMB,1-10,Healthcare,EMEA,self_serve,2025-10-18,20.5,False
ACC-005906,CO-0091513,SMB,51-200,Education,North America,self_serve,2024-11-15,30.8,False
ACC-005907,CO-0113455,SMB,1-10,Healthcare,EMEA,self_serve,2025-07-01,11.2,False
ACC-005908,CO-0106941,SMB,51-200,Technology/SaaS,North America,self_serve,2022-01-05,34.5,False
ACC-005909,CO-0023698,SMB,51-200,Professional Services,LATAM,self_serve,2021-04-29,26.1,False
ACC-005910,CO-0022166,SMB,1-10,Technology/SaaS,North America,inbound_marketing,2025-05-18,19.9,True
ACC-005911,CO-0087556,SMB,1-10,Retail/E-commerce,LATAM,self_serve,2023-05-11,9.5,False
ACC-005912,CO-0071909,SMB,1-10,Technology/SaaS,North America,self_serve,2025-09-20,32.7,False
ACC-005913,CO-0024693,SMB,1-10,Professional Services,EMEA,self_serve,2024-06-20,30.5,False
ACC-005914,CO-0071179,SMB,1-10,Public Sector,North America,inbound_marketing,2025-06-17,39.6,False
ACC-005915,CO-0026719,SMB,1-10,Education,EMEA,inbound_marketing,2025-10-02,19.1,True
ACC-005916,CO-0109425,SMB,51-200,Financial Services,EMEA,self_serve,2025-04-12,37.4,False
ACC-005917,CO-0031608,SMB,1-10,Healthcare,North America,self_serve,2025-11-14,17.1,False
ACC-005918,CO-0090667,Commercial,11-50,Professional Services,North America,inbound_marketing,2024-12-07,20.6,False
ACC-005919,CO-0085874,SMB,1-10,Manufacturing,APAC,self_serve,2025-07-21,15.7,False
ACC-005920,CO-0015637,SMB,1-10,Public Sector,EMEA,self_serve,2025-08-14,34.6,False
ACC-005921,CO-0000679,SMB,1-10,Financial Services,North America,inbound_marketing,2020-05-15,35.4,False
ACC-005922,CO-0093330,SMB,1-10,Professional Services,North America,self_serve,2024-02-13,17.8,False
ACC-005923,CO-0046799,SMB,51-200,Media/Entertainment,LATAM,inbound_marketing,2024-01-09,33.8,False
ACC-005924,CO-0030629,SMB,1-10,Retail/E-commerce,LATAM,inbound_marketing,2021-08-10,14.6,False
ACC-005925,CO-0030405,SMB,1-10,Technology/SaaS,APAC,self_serve,2024-05-06,16.4,False
ACC-005926,CO-0080027,SMB,11-50,Technology/SaaS,APAC,self_serve,2024-05-12,35.7,False
ACC-005927,CO-0070042,SMB,1-10,Professional Services,LATAM,self_serve,2025-09-11,18.6,False
ACC-005928,CO-0076357,SMB,11-50,Retail/E-commerce,EMEA,self_serve,2025-08-22,28.4,False
ACC-005929,CO-0042471,SMB,51-200,Healthcare,North America,self_serve,2025-04-12,35.8,False
ACC-005930,CO-0020453,SMB,1-10,Manufacturing,North America,inbound_marketing,2025-10-14,33.9,False
ACC-005931,CO-0033038,SMB,11-50,Media/Entertainment,EMEA,self_serve,2023-09-20,17.0,False
ACC-005932,CO-0030820,SMB,1-10,Professional Services,APAC,self_serve,2025-12-13,24.8,False
ACC-005933,CO-0022167,SMB,11-50,Public Sector,LATAM,self_serve,2020-03-30,23.2,False
ACC-005934,CO-0053008,SMB,51-200,Professional Services,North America,self_serve,2025-07-06,34.6,False
ACC-005935,CO-0018407,SMB,1-10,Logistics/Supply Chain,APAC,inbound_marketing,2025-09-05,13.8,False
ACC-005936,CO-0066675,SMB,51-200,Financial Services,North America,self_serve,2023-10-10,37.3,False
ACC-005937,CO-0021298,Commercial,1-10,Public Sector,North America,inbound_marketing,2023-07-07,27.2,False
ACC-005938,CO-0007546,SMB,1-10,Logistics/Supply Chain,APAC,self_serve,2020-03-26,29.6,False
ACC-005939,CO-0033073,SMB,1-10,Professional Services,North America,inbound_marketing,2020-01-02,16.8,False
ACC-005940,CO-0023580,SMB,1-10,Manufacturing,EMEA,self_serve,2020-07-28,20.2,False
ACC-005941,CO-0021947,Commercial,1-10,Public Sector,APAC,self_serve,2024-03-20,22.4,False
ACC-005942,CO-0099474,Commercial,51-200,Education,APAC,self_serve,2023-02-08,29.6,False
ACC-005943,CO-0010119,SMB,1-10,Healthcare,North America,inbound_marketing,2025-02-02,27.3,False
ACC-005944,CO-0006814,SMB,1-10,Technology/SaaS,North America,self_serve,2025-12-28,30.8,False
ACC-005945,CO-0047569,SMB,11-50,Retail/E-commerce,North America,self_serve,2021-03-01,12.0,False
ACC-005946,CO-0097044,SMB,51-200,Media/Entertainment,North America,self_serve,2025-01-22,38.9,False
ACC-005947,CO-0027121,SMB,11-50,Financial Services,North America,self_serve,2022-05-15,36.1,False
ACC-005948,CO-0017630,SMB,11-50,Education,North America,inbound_marketing,2024-12-03,25.7,False
ACC-005949,CO-0027639,SMB,51-200,Technology/SaaS,APAC,inbound_marketing,2025-10-19,39.1,False
ACC-005950,CO-0101400,SMB,11-50,Technology/SaaS,APAC,inbound_marketing,2023-08-16,29.0,False
ACC-005951,CO-0015536,SMB,1-10,Retail/E-commerce,EMEA,self_serve,2020-11-02,10.0,False
ACC-005952,CO-0067432,SMB,1-10,Retail/E-commerce,North America,inbound_marketing,2021-07-22,24.1,False
ACC-005953,CO-0118740,SMB,51-200,Technology/SaaS,LATAM,self_serve,2022-01-05,37.1,False
ACC-005954,CO-0029932,SMB,11-50,Technology/SaaS,North America,self_serve,2025-09-10,32.2,False
ACC-005955,CO-0002034,SMB,1-10,Financial Services,APAC,self_serve,2024-05-26,33.2,False
ACC-005956,CO-0064793,SMB,51-200,Education,APAC,self_serve,2023-11-21,31.1,False
ACC-005957,CO-0065384,SMB,1-10,Professional Services,APAC,self_serve,2023-09-23,22.3,False
ACC-005958,CO-0076093,SMB,51-200,Retail/E-commerce,North America,self_serve,2025-04-13,38.1,False
ACC-005959,CO-0120654,SMB,11-50,Media/Entertainment,EMEA,self_serve,2025-01-02,33.1,False
ACC-005960,CO-0052151,SMB,1-10,Technology/SaaS,North America,self_serve,2025-10-28,12.4,True
ACC-005961,CO-0002731,SMB,1-10,Professional Services,North America,self_serve,2024-06-14,6.7,False
ACC-005962,CO-0117868,SMB,11-50,Education,EMEA,self_serve,2023-05-18,22.9,False
ACC-005963,CO-0116405,SMB,1-10,Healthcare,EMEA,self_serve,2023-10-23,11.2,False
ACC-005964,CO-0106804,SMB,1-10,Retail/E-commerce,North America,self_serve,2022-09-18,20.4,True
ACC-005965,CO-0024674,SMB,51-200,Manufacturing,North America,inbound_marketing,2024-08-04,37.5,False
ACC-005966,CO-0052233,Commercial,1-10,Healthcare,North America,self_serve,2024-10-18,20.9,False
ACC-005967,CO-0047183,SMB,11-50,Healthcare,APAC,self_serve,2025-03-19,29.4,False
ACC-005968,CO-0023956,SMB,11-50,Technology/SaaS,EMEA,inbound_marketing,2024-05-11,22.4,False
ACC-005969,CO-0041491,SMB,11-50,Retail/E-commerce,North America,self_serve,2021-12-21,23.4,False
ACC-005970,CO-0038389,SMB,11-50,Retail/E-commerce,APAC,inbound_marketing,2024-06-22,24.4,False
ACC-005971,CO-0072189,SMB,1-10,Retail/E-commerce,North America,self_serve,2025-09-25,24.0,False
ACC-005972,CO-0099181,SMB,11-50,Media/Entertainment,APAC,self_serve,2024-05-16,13.3,False
ACC-005973,CO-0057345,SMB,1-10,Public Sector,North America,inbound_marketing,2025-05-03,24.8,False
ACC-005974,CO-0093186,SMB,1-10,Media/Entertainment,North America,self_serve,2025-01-05,16.2,False
ACC-005975,CO-0013147,SMB,11-50,Education,LATAM,inbound_marketing,2022-03-14,23.2,False
ACC-005976,CO-0031348,SMB,51-200,Education,North America,self_serve,2021-01-05,28.1,False
ACC-005977,CO-0086750,SMB,1-10,Financial Services,EMEA,self_serve,2023-03-11,17.7,False
ACC-005978,CO-0080736,SMB,51-200,Technology/SaaS,LATAM,self_serve,2023-08-09,31.3,False
ACC-005979,CO-0005761,SMB,51-200,Retail/E-commerce,North America,inbound_marketing,2025-12-09,35.3,False
ACC-005980,CO-0081652,SMB,11-50,Technology/SaaS,North America,self_serve,2021-02-21,24.7,False
ACC-005981,CO-0015722,SMB,11-50,Public Sector,North America,self_serve,2023-06-10,37.2,False
ACC-005982,CO-0105364,SMB,1-10,Financial Services,LATAM,self_serve,2025-02-21,28.1,True
ACC-005983,CO-0087605,SMB,11-50,Financial Services,North America,self_serve,2022-01-30,39.2,False
ACC-005984,CO-0080860,SMB,11-50,Manufacturing,EMEA,self_serve,2024-12-07,31.5,False
ACC-005985,CO-0111235,SMB,1-10,Professional Services,EMEA,inbound_marketing,2025-11-07,8.0,False
ACC-005986,CO-0066699,SMB,1-10,Logistics/Supply Chain,EMEA,self_serve,2025-02-21,27.0,True
ACC-005987,CO-0018491,SMB,1-10,Logistics/Supply Chain,North America,self_serve,2023-04-19,24.2,False
ACC-005988,CO-0052666,SMB,51-200,Retail/E-commerce,North America,self_serve,2025-01-27,28.7,False
ACC-005989,CO-0121396,SMB,1-10,Public Sector,EMEA,self_serve,2025-09-23,16.0,False
ACC-005990,CO-0091191,SMB,11-50,Public Sector,North America,inbound_marketing,2022-05-10,30.8,False
ACC-005991,CO-0091639,SMB,1-10,Manufacturing,North America,self_serve,2025-04-16,38.8,False
ACC-005992,CO-0118448,SMB,201-1000,Retail/E-commerce,APAC,self_serve,2020-12-02,36.0,False
ACC-005993,CO-0121414,SMB,51-200,Manufacturing,EMEA,self_serve,2024-09-14,39.0,False
ACC-005994,CO-0113407,SMB,11-50,Technology/SaaS,EMEA,self_serve,2023-12-19,37.1,False
ACC-005995,CO-0107490,SMB,11-50,Financial Services,North America,self_serve,2022-01-26,35.5,False
ACC-005996,CO-0011110,SMB,11-50,Technology/SaaS,EMEA,inbound_marketing,2025-03-26,28.2,False
ACC-005997,CO-0101116,SMB,1-10,Manufacturing,EMEA,self_serve,2025-02-08,38.7,False
ACC-005998,CO-0047872,SMB,11-50,Manufacturing,North America,inbound_marketing,2023-02-13,35.6,False
ACC-005999,CO-0089440,SMB,11-50,Retail/E-commerce,North America,self_serve,2024-07-20,27.5,False
ACC-006000,CO-0038604,SMB,1-10,Professional Services,EMEA,self_serve,2025-01-19,17.3,False
ACC-006001,CO-0015010,Commercial,1-10,Manufacturing,North America,self_serve,2025-04-04,31.4,True
ACC-006002,CO-0060310,SMB,1-10,Manufacturing,EMEA,self_serve,2021-09-03,25.5,False
ACC-006003,CO-0018419,SMB,1-10,Manufacturing,APAC,self_serve,2025-04-18,26.5,True
ACC-006004,CO-0073985,SMB,11-50,Financial Services,North America,self_serve,2024-09-18,27.2,False
ACC-006005,CO-0091109,SMB,51-200,Professional Services,North America,inbound_marketing,2022-07-07,30.6,False
ACC-006006,CO-0090482,SMB,11-50,Education,North America,self_serve,2024-01-20,19.4,False
ACC-006007,CO-0032469,SMB,1-10,Technology/SaaS,North America,inbound_marketing,2024-07-11,33.4,False
ACC-006008,CO-0044310,SMB,1-10,Logistics/Supply Chain,North America,self_serve,2025-09-01,26.5,False
ACC-006009,CO-0119368,SMB,11-50,Manufacturing,APAC,self_serve,2024-06-08,25.5,False
ACC-006010,CO-0002283,SMB,1-10,Financial Services,North America,self_serve,2024-08-18,24.8,False
ACC-006011,CO-0055517,SMB,1-10,Healthcare,North America,self_serve,2024-05-26,35.1,True
ACC-006012,CO-0111264,SMB,11-50,Professional Services,North America,self_serve,2024-01-03,23.8,False
ACC-006013,CO-0026697,SMB,51-200,Manufacturing,North America,self_serve,2024-07-03,28.1,False
ACC-006014,CO-0060377,SMB,1-10,Technology/SaaS,North America,self_serve,2024-12-18,23.5,False
ACC-006015,CO-0070874,SMB,1-10,Public Sector,North America,self_serve,2023-11-10,30.3,True
ACC-006016,CO-0120325,SMB,1-10,Retail/E-commerce,EMEA,self_serve,2021-04-30,11.9,True
ACC-006017,CO-0022960,SMB,1-10,Healthcare,North America,self_serve,2024-02-08,29.3,True
ACC-006018,CO-0013619,SMB,11-50,Professional Services,North America,self_serve,2020-09-27,26.5,False
ACC-006019,CO-0014407,SMB,1-10,Retail/E-commerce,EMEA,self_serve,2025-10-19,25.1,False
ACC-006020,CO-0113437,SMB,11-50,Professional Services,North America,self_serve,2025-10-02,25.9,False
ACC-006021,CO-0115118,SMB,11-50,Financial Services,APAC,self_serve,2025-06-16,21.7,False
ACC-006022,CO-0067593,SMB,1-10,Financial Services,EMEA,self_serve,2024-03-13,18.3,False
ACC-006023,CO-0108846,SMB,1-10,Media/Entertainment,North America,self_serve,2025-08-08,15.4,False
ACC-006024,CO-0104659,SMB,11-50,Education,EMEA,inbound_marketing,2025-08-19,20.4,False
ACC-006025,CO-0113458,Commercial,1-10,Manufacturing,North America,self_serve,2024-03-11,21.8,False
ACC-006026,CO-0055426,SMB,1-10,Manufacturing,North America,self_serve,2024-09-10,16.4,False
ACC-006027,CO-0027904,SMB,1-10,Technology/SaaS,EMEA,self_serve,2025-06-19,20.2,True
ACC-006028,CO-0019016,SMB,1-10,Technology/SaaS,EMEA,inbound_marketing,2020-11-09,21.4,False
ACC-006029,CO-0008240,SMB,1-10,Logistics/Supply Chain,EMEA,inbound_marketing,2024-08-04,25.0,False
ACC-006030,CO-0095926,SMB,1-10,Media/Entertainment,North America,self_serve,2020-01-23,25.5,False
ACC-006031,CO-0095036,SMB,1-10,Education,EMEA,self_serve,2025-02-26,12.9,True
ACC-006032,CO-0106642,SMB,1-10,Retail/E-commerce,EMEA,self_serve,2021-10-24,19.1,False
ACC-006033,CO-0103605,SMB,1-10,Manufacturing,EMEA,self_serve,2024-07-05,20.6,True
ACC-006034,CO-0112428,SMB,51-200,Professional Services,LATAM,self_serve,2025-08-24,36.1,False
ACC-006035,CO-0098914,SMB,11-50,Manufacturing,EMEA,inbound_marketing,2024-03-20,30.3,False
ACC-006036,CO-0064643,SMB,11-50,Technology/SaaS,EMEA,inbound_marketing,2025-08-02,33.5,False
ACC-006037,CO-0096683,SMB,201-1000,Education,North America,inbound_marketing,2025-04-28,35.3,False
ACC-006038,CO-0011494,SMB,1-10,Healthcare,EMEA,self_serve,2025-01-01,15.3,True
ACC-006039,CO-0098106,SMB,201-1000,Education,North America,self_serve,2024-08-06,38.9,False
ACC-006040,CO-0022260,SMB,1-10,Media/Entertainment,North America,self_serve,2025-08-17,15.3,False
ACC-006041,CO-0051604,SMB,51-200,Retail/E-commerce,EMEA,self_serve,2025-05-11,37.0,False
ACC-006042,CO-0111915,SMB,11-50,Manufacturing,North America,inbound_marketing,2020-02-11,37.7,False
ACC-006043,CO-0109298,SMB,11-50,Public Sector,North America,inbound_marketing,2025-03-09,36.7,False
ACC-006044,CO-0075115,SMB,1-10,Media/Entertainment,APAC,inbound_marketing,2025-11-26,30.9,True
ACC-006045,CO-0043056,SMB,51-200,Professional Services,APAC,self_serve,2023-06-11,34.6,False
ACC-006046,CO-0056854,SMB,11-50,Technology/SaaS,North America,self_serve,2020-09-07,39.9,False
ACC-006047,CO-0070662,SMB,51-200,Technology/SaaS,North America,inbound_marketing,2020-07-13,39.3,False
ACC-006048,CO-0114489,SMB,1-10,Technology/SaaS,North America,inbound_marketing,2024-09-27,35.0,False
ACC-006049,CO-0081777,Commercial,51-200,Professional Services,North America,self_serve,2024-02-13,31.4,False
ACC-006050,CO-0111790,SMB,11-50,Professional Services,North America,self_serve,2023-08-05,23.8,False
ACC-006051,CO-0090993,Commercial,1-10,Technology/SaaS,EMEA,self_serve,2025-03-11,17.1,False
ACC-006052,CO-0011816,SMB,11-50,Professional Services,EMEA,self_serve,2024-02-03,23.6,False
ACC-006053,CO-0116101,SMB,11-50,Financial Services,EMEA,self_serve,2022-06-19,32.5,False
ACC-006054,CO-0103127,Enterprise,1-10,Manufacturing,EMEA,self_serve,2025-04-04,38.1,False
ACC-006055,CO-0115819,SMB,1-10,Financial Services,EMEA,self_serve,2024-11-25,29.1,False
ACC-006056,CO-0069402,SMB,51-200,Retail/E-commerce,North America,self_serve,2024-01-19,35.8,False
ACC-006057,CO-0081523,SMB,1-10,Education,North America,self_serve,2021-09-27,19.0,False
ACC-006058,CO-0037285,Commercial,51-200,Professional Services,North America,self_serve,2025-02-08,39.5,False
ACC-006059,CO-0098044,SMB,1-10,Professional Services,APAC,self_serve,2023-07-05,11.0,True
ACC-006060,CO-0057640,SMB,51-200,Retail/E-commerce,EMEA,self_serve,2024-03-08,34.2,False
ACC-006061,CO-0022033,SMB,11-50,Professional Services,North America,self_serve,2020-12-01,28.9,False
ACC-006062,CO-0067865,SMB,1-10,Technology/SaaS,North America,self_serve,2024-08-06,32.3,True
ACC-006063,CO-0005620,SMB,11-50,Retail/E-commerce,APAC,inbound_marketing,2025-01-21,28.7,False
ACC-006064,CO-0000061,SMB,1-10,Manufacturing,APAC,self_serve,2024-03-07,32.8,False
ACC-006065,CO-0101302,SMB,1-10,Retail/E-commerce,North America,self_serve,2024-11-22,22.0,False
ACC-006066,CO-0059472,Commercial,11-50,Healthcare,North America,inbound_marketing,2025-06-08,28.0,False
ACC-006067,CO-0028559,SMB,1-10,Healthcare,North America,self_serve,2025-11-20,37.9,False
ACC-006068,CO-0111965,SMB,11-50,Manufacturing,North America,inbound_marketing,2024-01-27,24.8,False
ACC-006069,CO-0105887,SMB,51-200,Media/Entertainment,EMEA,self_serve,2025-01-06,35.3,False
ACC-006070,CO-0018862,SMB,11-50,Media/Entertainment,APAC,inbound_marketing,2025-12-08,20.1,False
ACC-006071,CO-0105747,SMB,51-200,Education,North America,self_serve,2022-04-29,31.3,False
ACC-006072,CO-0069171,SMB,1-10,Financial Services,North America,self_serve,2025-04-23,24.0,False
ACC-006073,CO-0083240,SMB,1-10,Technology/SaaS,North America,self_serve,2025-09-11,30.1,True
ACC-006074,CO-0055555,SMB,11-50,Media/Entertainment,North America,self_serve,2022-07-25,25.0,False
ACC-006075,CO-0015565,SMB,1-10,Logistics/Supply Chain,EMEA,self_serve,2024-09-24,30.0,False
ACC-006076,CO-0051037,SMB,11-50,Public Sector,North America,self_serve,2022-08-31,39.2,False
ACC-006077,CO-0022794,SMB,1-10,Healthcare,EMEA,self_serve,2023-02-04,28.5,False
ACC-006078,CO-0028059,SMB,1-10,Media/Entertainment,North America,inbound_marketing,2025-10-16,31.0,False
ACC-006079,CO-0078177,SMB,1-10,Education,North America,self_serve,2025-08-21,3.9,False
ACC-006080,CO-0039175,SMB,1-10,Manufacturing,North America,inbound_marketing,2024-12-24,30.5,True
ACC-006081,CO-0101859,SMB,1-10,Education,APAC,self_serve,2020-09-30,17.6,False
ACC-006082,CO-0077343,SMB,11-50,Healthcare,North America,self_serve,2024-07-08,31.7,False
ACC-006083,CO-0059829,SMB,1-10,Public Sector,EMEA,inbound_marketing,2025-04-23,36.5,False
ACC-006084,CO-0097362,SMB,1-10,Media/Entertainment,North America,self_serve,2025-05-14,15.5,True
ACC-006085,CO-0091537,SMB,11-50,Manufacturing,EMEA,self_serve,2023-10-19,21.8,False
ACC-006086,CO-0030602,SMB,51-200,Healthcare,APAC,self_serve,2021-03-28,35.7,False
ACC-006087,CO-0102105,Commercial,11-50,Logistics/Supply Chain,North America,inbound_marketing,2024-01-10,32.2,False
ACC-006088,CO-0021604,SMB,51-200,Retail/E-commerce,North America,self_serve,2025-10-24,31.1,False
ACC-006089,CO-0029854,Commercial,51-200,Healthcare,North America,self_serve,2024-04-10,39.2,False
ACC-006090,CO-0021048,SMB,1-10,Technology/SaaS,North America,inbound_marketing,2024-06-26,29.9,False
ACC-006091,CO-0093951,SMB,11-50,Public Sector,EMEA,self_serve,2021-12-25,30.4,False
ACC-006092,CO-0089069,SMB,11-50,Retail/E-commerce,EMEA,self_serve,2021-09-25,16.8,False
ACC-006093,CO-0042966,SMB,1-10,Professional Services,EMEA,self_serve,2024-03-21,19.9,False
ACC-006094,CO-0083054,Commercial,11-50,Healthcare,EMEA,self_serve,2021-01-09,26.3,False
ACC-006095,CO-0056829,SMB,1-10,Technology/SaaS,North America,self_serve,2022-08-12,35.8,False
ACC-006096,CO-0070684,SMB,51-200,Education,North America,self_serve,2024-04-02,37.1,False
ACC-006097,CO-0068586,Commercial,11-50,Education,North America,self_serve,2025-07-26,21.9,False
ACC-006098,CO-0012406,SMB,1-10,Healthcare,LATAM,self_serve,2024-05-08,21.3,False
ACC-006099,CO-0045566,SMB,1-10,Logistics/Supply Chain,EMEA,inbound_marketing,2025-01-13,20.9,False
ACC-006100,CO-0033183,SMB,11-50,Financial Services,North America,self_serve,2024-04-19,37.6,False
ACC-006101,CO-0012288,SMB,11-50,Financial Services,APAC,self_serve,2025-12-22,30.6,False
ACC-006102,CO-0100749,SMB,1-10,Logistics/Supply Chain,EMEA,inbound_marketing,2023-10-18,27.9,False
ACC-006103,CO-0100991,SMB,1-10,Professional Services,EMEA,inbound_marketing,2025-03-02,19.3,True
ACC-006104,CO-0090895,SMB,11-50,Retail/E-commerce,North America,self_serve,2023-03-14,27.9,False
ACC-006105,CO-0092141,SMB,1-10,Professional Services,North America,inbound_marketing,2023-11-28,22.6,False
ACC-006106,CO-0105551,SMB,1-10,Logistics/Supply Chain,EMEA,self_serve,2025-07-20,19.1,True
ACC-006107,CO-0072198,SMB,1-10,Education,North America,inbound_marketing,2024-09-23,22.4,False
ACC-006108,CO-0107448,SMB,1-10,Manufacturing,EMEA,self_serve,2025-06-25,23.6,False
ACC-006109,CO-0084420,SMB,1-10,Manufacturing,North America,self_serve,2020-10-15,32.1,True
ACC-006110,CO-0096996,SMB,11-50,Professional Services,North America,inbound_marketing,2024-08-19,34.9,False
ACC-006111,CO-0122063,SMB,1-10,Retail/E-commerce,APAC,self_serve,2024-07-20,4.2,False
ACC-006112,CO-0013866,SMB,11-50,Financial Services,APAC,self_serve,2025-08-02,35.1,False
ACC-006113,CO-0046610,SMB,11-50,Healthcare,North America,inbound_marketing,2020-10-12,38.7,False
ACC-006114,CO-0014685,SMB,51-200,Healthcare,APAC,inbound_marketing,2023-02-21,31.9,False
ACC-006115,CO-0044617,SMB,11-50,Technology/SaaS,North America,self_serve,2024-01-18,34.5,False
ACC-006116,CO-0047029,SMB,1-10,Technology/SaaS,EMEA,self_serve,2025-02-26,25.5,False
ACC-006117,CO-0006974,SMB,11-50,Financial Services,EMEA,self_serve,2024-11-22,29.6,False
ACC-006118,CO-0009214,SMB,11-50,Technology/SaaS,North America,self_serve,2025-06-04,29.2,False
ACC-006119,CO-0098900,SMB,1-10,Technology/SaaS,APAC,inbound_marketing,2025-12-05,15.6,False
ACC-006120,CO-0041364,SMB,11-50,Education,EMEA,inbound_marketing,2025-09-22,23.7,False
ACC-006121,CO-0028078,SMB,11-50,Healthcare,APAC,self_serve,2023-10-23,33.2,False
ACC-006122,CO-0024613,SMB,1-10,Public Sector,APAC,self_serve,2022-09-09,24.0,False
ACC-006123,CO-0048941,SMB,51-200,Retail/E-commerce,North America,inbound_marketing,2025-04-26,38.4,False
ACC-006124,CO-0119090,SMB,11-50,Healthcare,EMEA,self_serve,2024-07-04,21.7,False
ACC-006125,CO-0018339,SMB,51-200,Media/Entertainment,APAC,self_serve,2024-07-06,38.3,False
ACC-006126,CO-0063240,SMB,1-10,Technology/SaaS,EMEA,self_serve,2025-06-19,28.0,True
ACC-006127,CO-0051698,SMB,1-10,Public Sector,North America,self_serve,2023-03-26,14.6,False
ACC-006128,CO-0050611,Commercial,11-50,Media/Entertainment,North America,self_serve,2021-03-09,12.9,False
ACC-006129,CO-0016146,SMB,51-200,Financial Services,North America,self_serve,2021-04-18,35.9,False
ACC-006130,CO-0031672,SMB,11-50,Logistics/Supply Chain,North America,self_serve,2023-12-18,29.1,False
ACC-006131,CO-0116197,SMB,51-200,Logistics/Supply Chain,EMEA,self_serve,2022-05-16,23.1,False
ACC-006132,CO-0112873,Commercial,1-10,Healthcare,EMEA,self_serve,2025-02-24,26.6,False
ACC-006133,CO-0002404,SMB,11-50,Financial Services,North America,self_serve,2024-10-15,34.8,False
ACC-006134,CO-0089419,SMB,1-10,Professional Services,North America,self_serve,2025-10-16,26.7,False
ACC-006135,CO-0100923,SMB,1-10,Retail/E-commerce,North America,self_serve,2023-10-17,13.2,False
ACC-006136,CO-0020286,SMB,1-10,Retail/E-commerce,North America,self_serve,2023-01-27,21.8,True
ACC-006137,CO-0017423,SMB,51-200,Education,North America,self_serve,2023-12-10,35.2,False
ACC-006138,CO-0078427,Commercial,201-1000,Professional Services,North America,self_serve,2020-04-01,39.6,False
ACC-006139,CO-0051217,SMB,11-50,Financial Services,APAC,self_serve,2025-05-13,29.1,False
ACC-006140,CO-0047505,SMB,1-10,Media/Entertainment,North America,self_serve,2023-01-01,28.1,False
ACC-006141,CO-0088910,SMB,11-50,Public Sector,North America,inbound_marketing,2024-02-10,22.2,False
ACC-006142,CO-0023514,SMB,1-10,Manufacturing,APAC,self_serve,2024-03-13,23.0,False
ACC-006143,CO-0024991,SMB,1-10,Media/Entertainment,North America,self_serve,2022-04-02,20.4,False
ACC-006144,CO-0027599,SMB,11-50,Media/Entertainment,EMEA,self_serve,2025-10-26,23.0,False
ACC-006145,CO-0043485,SMB,1-10,Public Sector,EMEA,self_serve,2025-11-08,30.7,False
ACC-006146,CO-0011445,SMB,11-50,Manufacturing,North America,inbound_marketing,2024-06-13,29.2,False
ACC-006147,CO-0078902,SMB,11-50,Technology/SaaS,APAC,self_serve,2025-04-22,31.4,False
ACC-006148,CO-0082870,SMB,1-10,Technology/SaaS,APAC,inbound_marketing,2022-04-10,31.5,False
ACC-006149,CO-0004758,Commercial,1-10,Healthcare,North America,self_serve,2024-07-07,19.7,False
ACC-006150,CO-0102809,SMB,1-10,Technology/SaaS,North America,self_serve,2024-03-17,31.0,False
ACC-006151,CO-0008231,SMB,1-10,Financial Services,North America,self_serve,2023-05-14,28.7,False
ACC-006152,CO-0036135,SMB,11-50,Education,North America,self_serve,2023-10-07,30.8,False
ACC-006153,CO-0046699,SMB,51-200,Retail/E-commerce,North America,self_serve,2024-05-21,35.7,False
ACC-006154,CO-0037732,SMB,1-10,Professional Services,APAC,self_serve,2025-09-08,21.5,False
ACC-006155,CO-0099728,SMB,1-10,Professional Services,EMEA,self_serve,2023-03-05,11.9,False
ACC-006156,CO-0036760,SMB,11-50,Public Sector,North America,self_serve,2024-11-06,31.6,False
ACC-006157,CO-0114731,SMB,1-10,Healthcare,APAC,self_serve,2023-08-06,26.0,True
ACC-006158,CO-0074136,SMB,51-200,Technology/SaaS,LATAM,self_serve,2024-10-14,36.1,False
ACC-006159,CO-0120882,SMB,1-10,Healthcare,EMEA,self_serve,2024-11-05,25.9,True
ACC-006160,CO-0093804,SMB,51-200,Healthcare,LATAM,self_serve,2024-09-06,34.6,False
ACC-006161,CO-0042847,SMB,51-200,Retail/E-commerce,LATAM,inbound_marketing,2024-08-21,28.5,False
ACC-006162,CO-0020650,Commercial,1-10,Logistics/Supply Chain,North America,inbound_marketing,2024-12-15,14.3,False
ACC-006163,CO-0080564,SMB,11-50,Technology/SaaS,North America,self_serve,2023-01-11,32.3,False
ACC-006164,CO-0022336,SMB,1-10,Public Sector,EMEA,self_serve,2024-06-22,20.6,True
ACC-006165,CO-0067194,SMB,51-200,Professional Services,APAC,inbound_marketing,2020-12-12,29.5,False
ACC-006166,CO-0104294,Commercial,11-50,Education,North America,self_serve,2020-10-10,21.7,False
ACC-006167,CO-0036004,SMB,1-10,Public Sector,North America,self_serve,2025-10-25,33.4,False
ACC-006168,CO-0027062,SMB,1-10,Retail/E-commerce,North America,self_serve,2024-06-18,13.0,False
ACC-006169,CO-0001748,SMB,11-50,Technology/SaaS,North America,inbound_marketing,2025-02-15,27.5,False
ACC-006170,CO-0082367,SMB,51-200,Public Sector,North America,self_serve,2024-03-17,32.0,False
ACC-006171,CO-0039954,SMB,11-50,Professional Services,APAC,inbound_marketing,2025-10-20,34.5,False
ACC-006172,CO-0117756,Commercial,1-10,Professional Services,APAC,self_serve,2022-01-06,14.7,False
ACC-006173,CO-0002718,SMB,11-50,Logistics/Supply Chain,North America,self_serve,2025-10-10,36.6,False
ACC-006174,CO-0044256,SMB,51-200,Public Sector,APAC,self_serve,2024-10-06,37.1,False
ACC-006175,CO-0011265,SMB,1-10,Manufacturing,North America,self_serve,2024-09-24,23.4,False
ACC-006176,CO-0022169,SMB,51-200,Healthcare,EMEA,self_serve,2020-03-25,36.8,False
ACC-006177,CO-0073716,SMB,11-50,Retail/E-commerce,EMEA,self_serve,2021-10-13,18.3,False
ACC-006178,CO-0018702,SMB,1-10,Professional Services,North America,self_serve,2024-11-02,18.2,False
ACC-006179,CO-0032074,SMB,11-50,Retail/E-commerce,North America,inbound_marketing,2021-05-25,20.1,False
ACC-006180,CO-0085715,SMB,51-200,Manufacturing,EMEA,inbound_marketing,2023-04-24,37.5,False
ACC-006181,CO-0093864,SMB,51-200,Retail/E-commerce,EMEA,self_serve,2020-05-12,29.3,False
ACC-006182,CO-0108136,SMB,201-1000,Public Sector,EMEA,self_serve,2022-07-25,38.0,False
ACC-006183,CO-0010204,SMB,1-10,Healthcare,North America,self_serve,2023-12-10,35.3,False
ACC-006184,CO-0122025,SMB,1-10,Media/Entertainment,APAC,self_serve,2025-03-12,20.6,False
ACC-006185,CO-0056384,SMB,11-50,Media/Entertainment,EMEA,inbound_marketing,2024-02-16,22.8,False
ACC-006186,CO-0065163,SMB,51-200,Healthcare,North America,self_serve,2021-10-23,39.8,False
ACC-006187,CO-0096963,SMB,1-10,Technology/SaaS,APAC,self_serve,2025-08-04,28.7,False
ACC-006188,CO-0061597,SMB,51-200,Logistics/Supply Chain,APAC,self_serve,2023-04-25,34.7,False
ACC-006189,CO-0013501,SMB,1-10,Public Sector,LATAM,self_serve,2025-05-04,20.9,False
ACC-006190,CO-0037893,SMB,1-10,Retail/E-commerce,LATAM,inbound_marketing,2021-12-20,23.5,False
ACC-006191,CO-0049934,SMB,11-50,Logistics/Supply Chain,EMEA,self_serve,2025-04-11,32.5,False
ACC-006192,CO-0014919,SMB,1-10,Financial Services,EMEA,self_serve,2025-08-18,22.8,False
ACC-006193,CO-0034537,Commercial,11-50,Technology/SaaS,APAC,self_serve,2024-04-21,30.9,False
ACC-006194,CO-0005665,SMB,1-10,Healthcare,APAC,inbound_marketing,2020-07-01,18.7,False
ACC-006195,CO-0033857,SMB,1-10,Professional Services,North America,self_serve,2025-09-16,20.9,True
ACC-006196,CO-0111270,SMB,1-10,Financial Services,LATAM,inbound_marketing,2024-10-16,39.2,False
ACC-006197,CO-0120852,SMB,1-10,Financial Services,EMEA,self_serve,2021-10-02,34.2,False
ACC-006198,CO-0031236,SMB,1-10,Technology/SaaS,North America,inbound_marketing,2023-03-01,38.7,False
ACC-006199,CO-0057114,Commercial,51-200,Retail/E-commerce,EMEA,self_serve,2024-08-03,38.4,False
ACC-006200,CO-0088714,Commercial,11-50,Education,EMEA,self_serve,2024-12-12,23.1,False
ACC-006201,CO-0037756,SMB,11-50,Healthcare,North America,inbound_marketing,2025-06-09,33.5,False
ACC-006202,CO-0110805,SMB,11-50,Education,North America,self_serve,2025-08-28,22.0,False
ACC-006203,CO-0002122,Commercial,11-50,Manufacturing,North America,inbound_marketing,2021-11-28,39.5,False
ACC-006204,CO-0009966,SMB,1-10,Financial Services,North America,self_serve,2025-09-06,37.3,False
ACC-006205,CO-0089988,Commercial,11-50,Healthcare,EMEA,self_serve,2022-06-28,34.2,False
ACC-006206,CO-0095014,Commercial,1-10,Media/Entertainment,EMEA,self_serve,2023-12-21,19.7,True
ACC-006207,CO-0034981,Commercial,1-10,Financial Services,North America,self_serve,2024-02-18,29.9,False
ACC-006208,CO-0034735,SMB,51-200,Professional Services,EMEA,self_serve,2025-06-08,38.3,False
ACC-006209,CO-0030030,SMB,11-50,Technology/SaaS,EMEA,self_serve,2024-10-28,25.2,False
ACC-006210,CO-0014461,SMB,1-10,Technology/SaaS,North America,self_serve,2020-07-29,34.3,True
ACC-006211,CO-0080526,SMB,11-50,Healthcare,North America,self_serve,2025-01-24,36.0,False
ACC-006212,CO-0037913,SMB,1-10,Professional Services,North America,self_serve,2025-01-16,29.7,False
ACC-006213,CO-0071057,SMB,1-10,Healthcare,EMEA,self_serve,2022-03-19,25.1,False
ACC-006214,CO-0064482,SMB,1-10,Public Sector,North America,self_serve,2023-03-26,30.6,True
ACC-006215,CO-0042178,SMB,11-50,Technology/SaaS,North America,self_serve,2025-09-05,32.3,False
ACC-006216,CO-0031833,SMB,51-200,Retail/E-commerce,APAC,self_serve,2024-06-26,32.1,False
ACC-006217,CO-0063696,SMB,1-10,Retail/E-commerce,LATAM,inbound_marketing,2024-10-18,23.0,False
ACC-006218,CO-0018783,SMB,11-50,Financial Services,North America,self_serve,2024-12-10,19.8,False
ACC-006219,CO-0084705,SMB,51-200,Media/Entertainment,North America,self_serve,2025-11-24,35.5,False
ACC-006220,CO-0079569,Commercial,11-50,Financial Services,EMEA,self_serve,2025-07-05,27.5,False
ACC-006221,CO-0079909,SMB,1-10,Media/Entertainment,North America,self_serve,2021-12-18,14.7,False
ACC-006222,CO-0036098,SMB,51-200,Education,APAC,self_serve,2025-08-09,25.3,False
ACC-006223,CO-0030868,SMB,11-50,Public Sector,EMEA,self_serve,2024-10-28,28.9,False
ACC-006224,CO-0084902,SMB,11-50,Retail/E-commerce,North America,self_serve,2024-12-09,22.9,False
ACC-006225,CO-0081527,SMB,11-50,Media/Entertainment,North America,inbound_marketing,2025-01-05,24.5,False
ACC-006226,CO-0115232,SMB,1-10,Financial Services,North America,self_serve,2024-11-07,40.6,True
ACC-006227,CO-0073852,SMB,11-50,Logistics/Supply Chain,EMEA,self_serve,2024-06-07,19.4,False
ACC-006228,CO-0109991,SMB,1-10,Technology/SaaS,APAC,self_serve,2022-09-14,25.8,False
ACC-006229,CO-0055743,SMB,11-50,Retail/E-commerce,LATAM,self_serve,2024-07-09,23.3,False
ACC-006230,CO-0080491,SMB,11-50,Professional Services,North America,self_serve,2023-11-14,28.3,False
ACC-006231,CO-0081842,Commercial,1-10,Manufacturing,EMEA,inbound_marketing,2023-08-18,9.1,False
ACC-006232,CO-0013903,SMB,1-10,Healthcare,North America,self_serve,2024-02-01,32.4,False
ACC-006233,CO-0054143,SMB,1-10,Technology/SaaS,North America,self_serve,2020-08-28,34.8,False
ACC-006234,CO-0096882,SMB,11-50,Education,North America,self_serve,2025-06-19,13.8,False
ACC-006235,CO-0065371,SMB,51-200,Technology/SaaS,North America,self_serve,2021-05-03,38.0,False
ACC-006236,CO-0106375,SMB,51-200,Education,EMEA,inbound_marketing,2024-11-27,20.7,False
ACC-006237,CO-0028937,SMB,11-50,Professional Services,North America,self_serve,2024-04-01,23.9,False
ACC-006238,CO-0037864,SMB,1-10,Education,EMEA,self_serve,2023-10-14,17.8,False
ACC-006239,CO-0088747,Commercial,201-1000,Retail/E-commerce,APAC,self_serve,2023-01-06,38.7,False
ACC-006240,CO-0070661,SMB,1-10,Healthcare,EMEA,self_serve,2024-02-08,24.0,True
ACC-006241,CO-0009573,SMB,11-50,Professional Services,North America,self_serve,2020-02-03,25.4,False
ACC-006242,CO-0028575,SMB,1-10,Retail/E-commerce,APAC,self_serve,2024-10-18,12.2,False
ACC-006243,CO-0004138,SMB,51-200,Logistics/Supply Chain,North America,inbound_marketing,2025-09-20,37.9,False
ACC-006244,CO-0103982,SMB,11-50,Logistics/Supply Chain,North America,self_serve,2024-05-09,31.8,False
ACC-006245,CO-0102986,Commercial,1-10,Retail/E-commerce,EMEA,self_serve,2023-04-11,19.4,False
ACC-006246,CO-0046723,SMB,1-10,Logistics/Supply Chain,North America,self_serve,2023-10-02,21.4,False
ACC-006247,CO-0111105,SMB,1-10,Retail/E-commerce,North America,self_serve,2025-12-06,7.6,False
ACC-006248,CO-0031490,SMB,1-10,Healthcare,North America,self_serve,2025-08-07,28.2,False
ACC-006249,CO-0058491,SMB,1-10,Healthcare,North America,inbound_marketing,2021-11-03,22.9,True
ACC-006250,CO-0076785,SMB,11-50,Manufacturing,North America,self_serve,2021-01-11,35.0,False
ACC-006251,CO-0028734,SMB,1-10,Manufacturing,North America,inbound_marketing,2021-11-13,28.6,False
ACC-006252,CO-0080704,SMB,1-10,Media/Entertainment,North America,self_serve,2024-05-04,29.1,False
ACC-006253,CO-0014508,SMB,11-50,Education,EMEA,self_serve,2021-05-11,25.3,False
ACC-006254,CO-0048746,SMB,1-10,Financial Services,North America,self_serve,2021-02-08,28.1,False
ACC-006255,CO-0061129,SMB,1-10,Professional Services,LATAM,self_serve,2025-05-15,14.4,False
ACC-006256,CO-0021343,SMB,51-200,Professional Services,North America,inbound_marketing,2021-01-02,33.8,False
ACC-006257,CO-0080079,SMB,51-200,Retail/E-commerce,North America,self_serve,2023-02-18,39.3,False
ACC-006258,CO-0049963,SMB,11-50,Education,APAC,self_serve,2024-11-27,19.0,False
ACC-006259,CO-0021428,SMB,1-10,Retail/E-commerce,EMEA,self_serve,2025-09-23,13.9,False
ACC-006260,CO-0089798,SMB,11-50,Logistics/Supply Chain,North America,self_serve,2022-11-15,31.7,False
ACC-006261,CO-0008482,SMB,11-50,Technology/SaaS,North America,self_serve,2025-09-14,40.0,False
ACC-006262,CO-0041650,SMB,11-50,Professional Services,North America,self_serve,2023-09-27,25.5,False
ACC-006263,CO-0037059,Commercial,1-10,Education,EMEA,self_serve,2024-03-06,13.5,False
ACC-006264,CO-0087877,SMB,1-10,Logistics/Supply Chain,North America,self_serve,2025-07-19,38.1,False
ACC-006265,CO-0009983,SMB,1-10,Retail/E-commerce,EMEA,self_serve,2023-07-19,19.7,False
ACC-006266,CO-0031822,SMB,1-10,Technology/SaaS,North America,self_serve,2022-03-16,32.0,False
ACC-006267,CO-0015517,SMB,1-10,Logistics/Supply Chain,EMEA,self_serve,2023-01-27,25.3,False
ACC-006268,CO-0059527,SMB,1-10,Education,North America,inbound_marketing,2024-10-01,23.6,False
ACC-006269,CO-0084243,SMB,11-50,Media/Entertainment,North America,self_serve,2024-03-04,15.2,False
ACC-006270,CO-0066765,SMB,1-10,Professional Services,EMEA,self_serve,2024-08-18,33.8,False
ACC-006271,CO-0044685,SMB,1-10,Professional Services,North America,self_serve,2025-12-23,18.9,False
ACC-006272,CO-0120116,SMB,1-10,Public Sector,North America,self_serve,2024-11-10,26.9,False
ACC-006273,CO-0054162,SMB,1-10,Manufacturing,North America,self_serve,2025-06-01,17.6,True
ACC-006274,CO-0101303,SMB,11-50,Technology/SaaS,North America,self_serve,2025-01-22,31.1,False
ACC-006275,CO-0072580,Commercial,11-50,Healthcare,APAC,self_serve,2024-07-22,29.9,False
ACC-006276,CO-0110310,SMB,1-10,Retail/E-commerce,North America,inbound_marketing,2025-12-03,12.1,True
ACC-006277,CO-0070611,SMB,1-10,Logistics/Supply Chain,North America,inbound_marketing,2023-02-28,27.7,False
ACC-006278,CO-0083933,SMB,1-10,Healthcare,North America,self_serve,2023-05-18,26.5,False
ACC-006279,CO-0036252,SMB,201-1000,Education,APAC,self_serve,2020-04-30,37.8,False
ACC-006280,CO-0034984,SMB,1-10,Financial Services,EMEA,self_serve,2024-11-02,33.3,False
ACC-006281,CO-0111111,SMB,11-50,Education,North America,inbound_marketing,2023-07-11,20.7,False
ACC-006282,CO-0030813,Commercial,11-50,Technology/SaaS,APAC,self_serve,2025-04-01,34.6,False
ACC-006283,CO-0111215,SMB,1-10,Public Sector,EMEA,self_serve,2023-12-18,20.4,False
ACC-006284,CO-0119531,SMB,1-10,Public Sector,North America,self_serve,2023-08-01,25.4,False
ACC-006285,CO-0026012,SMB,51-200,Education,North America,self_serve,2025-09-21,25.1,False
ACC-006286,CO-0049674,SMB,1-10,Public Sector,APAC,self_serve,2024-12-08,19.4,False
ACC-006287,CO-0072342,SMB,1-10,Technology/SaaS,North America,self_serve,2025-03-01,30.2,True
ACC-006288,CO-0027729,SMB,1-10,Public Sector,EMEA,self_serve,2025-02-21,21.6,False
ACC-006289,CO-0005674,Commercial,51-200,Financial Services,North America,inbound_marketing,2023-02-18,39.4,False
ACC-006290,CO-0119256,SMB,11-50,Manufacturing,North America,self_serve,2023-12-18,39.6,False
ACC-006291,CO-0025436,SMB,11-50,Manufacturing,APAC,self_serve,2025-04-22,15.3,False
ACC-006292,CO-0004246,SMB,11-50,Logistics/Supply Chain,North America,self_serve,2024-06-10,25.2,False
ACC-006293,CO-0064200,SMB,11-50,Retail/E-commerce,North America,self_serve,2024-02-18,25.3,False
ACC-006294,CO-0020552,Commercial,1-10,Professional Services,APAC,self_serve,2025-01-04,16.5,False
ACC-006295,CO-0016073,SMB,51-200,Professional Services,APAC,inbound_marketing,2023-02-24,22.7,False
ACC-006296,CO-0079047,SMB,11-50,Financial Services,North America,inbound_marketing,2025-07-12,31.0,False
ACC-006297,CO-0011215,SMB,1-10,Professional Services,North America,self_serve,2021-03-17,28.6,False
ACC-006298,CO-0086060,SMB,11-50,Professional Services,EMEA,inbound_marketing,2025-02-12,28.0,False
ACC-006299,CO-0064135,SMB,1-10,Media/Entertainment,EMEA,self_serve,2025-01-15,18.5,False
ACC-006300,CO-0108763,SMB,11-50,Logistics/Supply Chain,North America,inbound_marketing,2025-06-11,37.7,False
ACC-006301,CO-0094471,SMB,11-50,Technology/SaaS,EMEA,self_serve,2023-01-18,23.1,False
ACC-006302,CO-0060410,SMB,1-10,Education,North America,inbound_marketing,2024-07-03,16.2,False
ACC-006303,CO-0022107,SMB,1-10,Technology/SaaS,North America,self_serve,2025-12-02,17.4,False
ACC-006304,CO-0096914,SMB,11-50,Retail/E-commerce,North America,self_serve,2025-07-14,16.5,False
ACC-006305,CO-0108476,SMB,1-10,Manufacturing,North America,self_serve,2025-04-21,13.0,False
ACC-006306,CO-0105654,Commercial,11-50,Financial Services,APAC,inbound_marketing,2021-10-02,33.2,False
ACC-006307,CO-0107931,SMB,1-10,Professional Services,North America,self_serve,2024-05-18,31.9,False
ACC-006308,CO-0009638,SMB,51-200,Education,North America,self_serve,2022-12-23,33.6,False
ACC-006309,CO-0102266,SMB,1-10,Technology/SaaS,North America,self_serve,2024-07-03,35.8,False
ACC-006310,CO-0121760,SMB,11-50,Financial Services,LATAM,inbound_marketing,2025-03-24,35.9,False
ACC-006311,CO-0116013,SMB,1-10,Technology/SaaS,EMEA,inbound_marketing,2024-03-13,20.9,False
ACC-006312,CO-0021408,SMB,1-10,Logistics/Supply Chain,EMEA,inbound_marketing,2025-09-26,32.2,False
ACC-006313,CO-0087653,SMB,1-10,Technology/SaaS,EMEA,self_serve,2023-10-13,31.1,False
ACC-006314,CO-0026736,SMB,51-200,Manufacturing,EMEA,self_serve,2024-11-18,36.9,False
ACC-006315,CO-0108083,SMB,11-50,Retail/E-commerce,APAC,inbound_marketing,2024-07-08,20.0,False
ACC-006316,CO-0087287,SMB,11-50,Technology/SaaS,North America,self_serve,2023-04-27,36.1,False
ACC-006317,CO-0005712,SMB,11-50,Retail/E-commerce,EMEA,inbound_marketing,2021-09-08,24.9,False
ACC-006318,CO-0002301,SMB,11-50,Public Sector,EMEA,self_serve,2022-03-27,35.6,False
ACC-006319,CO-0003409,SMB,1-10,Public Sector,North America,self_serve,2024-10-28,35.2,False
ACC-006320,CO-0049409,SMB,1-10,Logistics/Supply Chain,North America,self_serve,2025-12-08,21.4,True
ACC-006321,CO-0089523,SMB,51-200,Healthcare,APAC,self_serve,2024-01-13,36.1,False
ACC-006322,CO-0000771,SMB,1-10,Financial Services,EMEA,self_serve,2025-02-05,22.2,False
ACC-006323,CO-0046173,SMB,11-50,Retail/E-commerce,North America,self_serve,2025-04-27,25.1,False
ACC-006324,CO-0108814,SMB,1-10,Technology/SaaS,EMEA,self_serve,2025-12-17,34.7,True
ACC-006325,CO-0112262,SMB,1-10,Healthcare,EMEA,self_serve,2024-07-12,26.4,True
ACC-006326,CO-0099560,Commercial,1-10,Retail/E-commerce,EMEA,self_serve,2023-02-16,21.2,False
ACC-006327,CO-0008555,SMB,11-50,Technology/SaaS,North America,self_serve,2023-05-24,25.2,False
ACC-006328,CO-0036875,SMB,11-50,Manufacturing,North America,self_serve,2021-02-16,32.7,False
ACC-006329,CO-0038167,SMB,51-200,Professional Services,APAC,self_serve,2021-08-28,38.9,False
ACC-006330,CO-0108737,SMB,11-50,Public Sector,North America,self_serve,2025-03-08,29.3,False
ACC-006331,CO-0102128,SMB,51-200,Retail/E-commerce,North America,inbound_marketing,2025-06-21,35.5,False
ACC-006332,CO-0095848,SMB,1-10,Media/Entertainment,EMEA,self_serve,2023-02-18,16.5,False
ACC-006333,CO-0092393,SMB,11-50,Manufacturing,North America,self_serve,2022-11-29,33.7,False
ACC-006334,CO-0068545,SMB,11-50,Education,LATAM,self_serve,2025-07-01,8.3,False
ACC-006335,CO-0026326,SMB,51-200,Professional Services,North America,self_serve,2025-01-20,26.8,False
ACC-006336,CO-0121752,SMB,51-200,Professional Services,North America,self_serve,2025-01-20,38.8,False
ACC-006337,CO-0021706,SMB,1-10,Manufacturing,North America,self_serve,2024-04-02,14.1,False
ACC-006338,CO-0043778,SMB,201-1000,Education,North America,self_serve,2024-07-03,35.2,False
ACC-006339,CO-0122654,SMB,51-200,Education,APAC,self_serve,2021-07-30,20.1,False
ACC-006340,CO-0097519,SMB,11-50,Professional Services,North America,inbound_marketing,2025-09-04,34.6,False
ACC-006341,CO-0084685,SMB,1-10,Retail/E-commerce,North America,self_serve,2023-08-12,27.0,False
ACC-006342,CO-0094047,SMB,1-10,Media/Entertainment,North America,inbound_marketing,2023-05-15,31.9,True
ACC-006343,CO-0055776,SMB,1-10,Financial Services,EMEA,self_serve,2025-06-16,15.7,True
ACC-006344,CO-0042251,Commercial,11-50,Healthcare,North America,inbound_marketing,2021-01-27,37.4,False
ACC-006345,CO-0052235,SMB,1-10,Technology/SaaS,North America,inbound_marketing,2025-06-28,31.0,False
ACC-006346,CO-0063151,SMB,11-50,Retail/E-commerce,EMEA,inbound_marketing,2024-06-06,26.8,False
ACC-006347,CO-0055966,SMB,1-10,Healthcare,EMEA,self_serve,2023-01-26,27.1,True
ACC-006348,CO-0109237,SMB,11-50,Retail/E-commerce,EMEA,self_serve,2023-11-15,20.8,False
ACC-006349,CO-0043975,SMB,1-10,Technology/SaaS,North America,inbound_marketing,2024-01-13,30.6,False
ACC-006350,CO-0029598,SMB,1-10,Manufacturing,APAC,inbound_marketing,2024-04-17,30.3,False
ACC-006351,CO-0018088,SMB,1-10,Retail/E-commerce,North America,self_serve,2024-12-25,9.0,False
ACC-006352,CO-0111877,SMB,1-10,Logistics/Supply Chain,North America,self_serve,2024-08-12,15.6,False
ACC-006353,CO-0112750,SMB,1-10,Retail/E-commerce,North America,self_serve,2025-02-25,15.2,True
ACC-006354,CO-0020294,SMB,1-10,Healthcare,EMEA,inbound_marketing,2025-12-23,32.2,False
ACC-006355,CO-0007120,SMB,1-10,Healthcare,North America,inbound_marketing,2025-01-17,27.5,False
ACC-006356,CO-0027255,SMB,51-200,Retail/E-commerce,North America,self_serve,2021-01-27,28.1,False
ACC-006357,CO-0017412,SMB,1-10,Retail/E-commerce,EMEA,self_serve,2025-11-14,14.0,False
ACC-006358,CO-0034143,SMB,51-200,Healthcare,North America,self_serve,2024-02-17,39.6,False
ACC-006359,CO-0023967,SMB,1-10,Healthcare,APAC,self_serve,2025-07-14,19.6,False
ACC-006360,CO-0001037,SMB,1-10,Financial Services,North America,self_serve,2025-02-21,17.8,False
ACC-006361,CO-0011058,SMB,11-50,Logistics/Supply Chain,APAC,self_serve,2025-12-08,31.8,False
ACC-006362,CO-0016589,SMB,1-10,Financial Services,LATAM,self_serve,2025-09-16,26.8,True
ACC-006363,CO-0097759,Commercial,51-200,Education,APAC,self_serve,2024-07-23,38.1,False
ACC-006364,CO-0014766,Commercial,1-10,Logistics/Supply Chain,North America,self_serve,2020-12-05,14.9,False
ACC-006365,CO-0090944,SMB,11-50,Media/Entertainment,North America,self_serve,2023-10-22,26.4,False
ACC-006366,CO-0096137,SMB,1-10,Technology/SaaS,APAC,self_serve,2025-07-20,27.1,False
ACC-006367,CO-0027491,SMB,51-200,Logistics/Supply Chain,EMEA,inbound_marketing,2025-07-14,33.7,False
ACC-006368,CO-0053110,SMB,1-10,Retail/E-commerce,APAC,inbound_marketing,2024-03-21,17.0,True
ACC-006369,CO-0064407,SMB,11-50,Professional Services,North America,inbound_marketing,2025-10-21,13.5,False
ACC-006370,CO-0068962,SMB,11-50,Media/Entertainment,EMEA,self_serve,2020-04-03,18.5,False
ACC-006371,CO-0122924,Commercial,1-10,Retail/E-commerce,APAC,self_serve,2025-07-02,15.7,True
ACC-006372,CO-0035067,SMB,1-10,Technology/SaaS,APAC,inbound_marketing,2021-09-15,14.1,False
ACC-006373,CO-0005183,SMB,1-10,Professional Services,LATAM,self_serve,2025-08-25,16.5,False
ACC-006374,CO-0027359,SMB,1-10,Retail/E-commerce,LATAM,self_serve,2024-07-26,24.0,False
ACC-006375,CO-0054139,SMB,11-50,Education,North America,self_serve,2024-05-13,25.7,False
ACC-006376,CO-0035551,SMB,11-50,Professional Services,EMEA,self_serve,2024-09-24,28.4,False
ACC-006377,CO-0088944,SMB,1-10,Logistics/Supply Chain,North America,self_serve,2024-01-11,15.6,False
ACC-006378,CO-0122356,Commercial,11-50,Public Sector,EMEA,self_serve,2025-05-26,37.7,False
ACC-006379,CO-0008818,SMB,51-200,Logistics/Supply Chain,North America,self_serve,2022-12-25,38.1,False
ACC-006380,CO-0080754,SMB,11-50,Media/Entertainment,North America,self_serve,2025-06-21,24.9,False
ACC-006381,CO-0102839,SMB,11-50,Technology/SaaS,North America,self_serve,2025-05-02,32.2,False
ACC-006382,CO-0068302,SMB,11-50,Financial Services,North America,inbound_marketing,2025-09-23,32.9,False
ACC-006383,CO-0107096,SMB,1-10,Financial Services,North America,self_serve,2025-01-06,33.1,False
ACC-006384,CO-0101168,Commercial,51-200,Healthcare,North America,self_serve,2024-04-08,33.9,False
ACC-006385,CO-0113650,Enterprise,11-50,Healthcare,APAC,inbound_marketing,2024-01-25,30.8,False
ACC-006386,CO-0092000,SMB,1-10,Manufacturing,EMEA,inbound_marketing,2023-11-03,29.9,False
ACC-006387,CO-0020634,SMB,1-10,Manufacturing,North America,self_serve,2025-04-18,29.5,False
ACC-006388,CO-0057082,SMB,1-10,Financial Services,EMEA,self_serve,2021-03-31,35.5,False
ACC-006389,CO-0026420,SMB,1-10,Education,North America,self_serve,2024-07-19,15.0,False
ACC-006390,CO-0018020,SMB,1-10,Financial Services,North America,self_serve,2025-06-16,37.3,False
ACC-006391,CO-0100644,SMB,1-10,Retail/E-commerce,North America,self_serve,2025-03-15,8.2,False
ACC-006392,CO-0105338,SMB,11-50,Education,EMEA,self_serve,2025-03-10,15.2,False
ACC-006393,CO-0077315,SMB,1-10,Retail/E-commerce,North America,self_serve,2023-12-10,12.0,True
ACC-006394,CO-0012954,SMB,51-200,Retail/E-commerce,North America,inbound_marketing,2025-10-18,36.3,False
ACC-006395,CO-0056929,SMB,11-50,Manufacturing,EMEA,self_serve,2023-02-21,24.4,False
ACC-006396,CO-0046771,SMB,11-50,Technology/SaaS,APAC,self_serve,2021-03-27,28.0,False
ACC-006397,CO-0038847,SMB,11-50,Retail/E-commerce,APAC,inbound_marketing,2020-06-08,24.8,False
ACC-006398,CO-0089705,SMB,1-10,Manufacturing,North America,self_serve,2022-01-07,34.1,False
ACC-006399,CO-0114493,SMB,51-200,Logistics/Supply Chain,EMEA,self_serve,2021-09-15,39.4,False
ACC-006400,CO-0024938,SMB,1-10,Professional Services,APAC,self_serve,2024-11-10,33.0,False
ACC-006401,CO-0005750,Commercial,11-50,Professional Services,LATAM,self_serve,2023-07-14,21.4,False
ACC-006402,CO-0051615,SMB,1-10,Media/Entertainment,North America,inbound_marketing,2023-12-14,35.6,False
ACC-006403,CO-0084185,SMB,1-10,Technology/SaaS,APAC,self_serve,2025-04-25,17.4,False
ACC-006404,CO-0014094,SMB,11-50,Retail/E-commerce,APAC,inbound_marketing,2025-01-21,23.0,False
ACC-006405,CO-0090636,SMB,11-50,Professional Services,APAC,inbound_marketing,2024-11-14,14.7,False
ACC-006406,CO-0047281,SMB,1-10,Professional Services,North America,self_serve,2024-07-10,26.5,False
ACC-006407,CO-0047190,SMB,1-10,Financial Services,North America,inbound_marketing,2020-10-09,21.1,True
ACC-006408,CO-0115426,SMB,1-10,Financial Services,North America,self_serve,2025-11-10,19.4,False
ACC-006409,CO-0085222,SMB,1-10,Public Sector,LATAM,inbound_marketing,2025-04-10,29.0,True
ACC-006410,CO-0037155,SMB,1-10,Financial Services,EMEA,self_serve,2025-12-03,20.6,False
ACC-006411,CO-0043048,SMB,1-10,Public Sector,North America,self_serve,2022-06-11,12.1,False
ACC-006412,CO-0121908,SMB,11-50,Financial Services,North America,inbound_marketing,2020-02-19,31.5,False
ACC-006413,CO-0039110,SMB,51-200,Healthcare,EMEA,self_serve,2024-12-09,34.9,False
ACC-006414,CO-0033621,SMB,1-10,Media/Entertainment,APAC,self_serve,2020-06-19,14.5,False
ACC-006415,CO-0069808,Commercial,51-200,Retail/E-commerce,North America,self_serve,2020-06-09,38.0,False
ACC-006416,CO-0062198,SMB,1-10,Professional Services,EMEA,self_serve,2025-07-11,27.2,False
ACC-006417,CO-0078931,SMB,1-10,Technology/SaaS,North America,inbound_marketing,2024-06-19,25.5,False
ACC-006418,CO-0021144,SMB,11-50,Logistics/Supply Chain,North America,self_serve,2025-08-16,30.4,False
ACC-006419,CO-0059912,SMB,51-200,Financial Services,North America,self_serve,2023-12-18,26.6,False
ACC-006420,CO-0110960,SMB,1-10,Education,EMEA,inbound_marketing,2020-09-15,14.7,True
ACC-006421,CO-0025157,SMB,11-50,Healthcare,LATAM,self_serve,2025-04-21,21.2,False
ACC-006422,CO-0090057,SMB,1-10,Manufacturing,North America,inbound_marketing,2022-05-18,32.3,False
ACC-006423,CO-0099486,SMB,11-50,Professional Services,EMEA,inbound_marketing,2020-04-20,28.2,False
ACC-006424,CO-0111925,SMB,51-200,Technology/SaaS,North America,self_serve,2022-01-18,37.9,False
ACC-006425,CO-0091044,SMB,11-50,Financial Services,EMEA,self_serve,2024-07-09,34.7,False
ACC-006426,CO-0049104,SMB,51-200,Retail/E-commerce,APAC,inbound_marketing,2023-01-08,18.0,False
ACC-006427,CO-0070210,SMB,1-10,Education,LATAM,self_serve,2024-07-17,12.3,True
ACC-006428,CO-0064052,SMB,1-10,Financial Services,APAC,self_serve,2023-12-03,36.7,False
ACC-006429,CO-0063485,SMB,1-10,Financial Services,APAC,inbound_marketing,2023-04-07,18.0,True
ACC-006430,CO-0069898,SMB,1-10,Logistics/Supply Chain,APAC,self_serve,2025-05-10,23.5,False
ACC-006431,CO-0120199,SMB,11-50,Logistics/Supply Chain,North America,self_serve,2025-12-03,24.0,False
ACC-006432,CO-0010924,SMB,1-10,Logistics/Supply Chain,EMEA,inbound_marketing,2020-07-03,25.4,False
ACC-006433,CO-0123198,SMB,1-10,Professional Services,EMEA,self_serve,2025-03-26,26.9,False
ACC-006434,CO-0018409,SMB,11-50,Professional Services,North America,self_serve,2025-05-21,32.0,False
ACC-006435,CO-0084874,SMB,1-10,Technology/SaaS,North America,self_serve,2023-03-23,30.2,False
ACC-006436,CO-0057838,SMB,11-50,Logistics/Supply Chain,North America,inbound_marketing,2023-05-01,34.4,False
ACC-006437,CO-0102438,SMB,51-200,Media/Entertainment,EMEA,self_serve,2021-12-22,23.5,False
ACC-006438,CO-0121432,SMB,1-10,Professional Services,North America,self_serve,2023-04-13,19.6,False
ACC-006439,CO-0117248,Commercial,11-50,Education,North America,self_serve,2023-10-15,31.9,False
ACC-006440,CO-0045709,SMB,51-200,Logistics/Supply Chain,EMEA,self_serve,2025-01-03,37.8,False
ACC-006441,CO-0048704,SMB,1-10,Retail/E-commerce,North America,self_serve,2025-02-16,21.6,True
ACC-006442,CO-0108332,SMB,1-10,Healthcare,EMEA,self_serve,2024-03-15,31.0,False
ACC-006443,CO-0047731,SMB,11-50,Retail/E-commerce,EMEA,self_serve,2025-08-06,23.2,False
ACC-006444,CO-0056189,SMB,11-50,Media/Entertainment,North America,self_serve,2025-12-27,29.7,False
ACC-006445,CO-0121922,SMB,11-50,Logistics/Supply Chain,North America,self_serve,2023-12-09,20.3,False
ACC-006446,CO-0019537,SMB,11-50,Healthcare,North America,self_serve,2024-12-12,24.4,False
ACC-006447,CO-0033457,SMB,11-50,Logistics/Supply Chain,APAC,inbound_marketing,2021-11-25,25.8,False
ACC-006448,CO-0119530,SMB,51-200,Media/Entertainment,North America,self_serve,2025-08-19,40.0,False
ACC-006449,CO-0093933,SMB,1-10,Professional Services,North America,self_serve,2023-04-12,6.3,False
ACC-006450,CO-0052772,SMB,11-50,Media/Entertainment,EMEA,self_serve,2021-08-01,27.0,False
ACC-006451,CO-0086802,SMB,1-10,Technology/SaaS,North America,self_serve,2025-05-05,29.1,False
ACC-006452,CO-0031844,SMB,11-50,Public Sector,EMEA,self_serve,2021-03-28,35.2,False
ACC-006453,CO-0049392,SMB,11-50,Professional Services,North America,inbound_marketing,2025-07-04,34.0,False
ACC-006454,CO-0015411,SMB,1-10,Manufacturing,North America,self_serve,2023-07-06,27.2,True
ACC-006455,CO-0054461,Commercial,1-10,Professional Services,North America,inbound_marketing,2025-07-01,23.1,False
ACC-006456,CO-0048848,SMB,11-50,Financial Services,APAC,inbound_marketing,2025-09-02,16.9,False
ACC-006457,CO-0014556,SMB,1-10,Education,North America,self_serve,2025-06-23,14.0,False
ACC-006458,CO-0075484,SMB,1-10,Media/Entertainment,North America,self_serve,2023-11-04,22.5,False
ACC-006459,CO-0052204,SMB,11-50,Logistics/Supply Chain,EMEA,self_serve,2024-11-04,19.5,False
ACC-006460,CO-0026003,Commercial,1-10,Financial Services,North America,self_serve,2024-08-23,32.9,False
ACC-006461,CO-0102853,SMB,1-10,Technology/SaaS,North America,self_serve,2024-01-24,27.8,True
ACC-006462,CO-0058625,SMB,51-200,Retail/E-commerce,North America,self_serve,2023-09-10,38.3,False
ACC-006463,CO-0043839,SMB,11-50,Manufacturing,EMEA,self_serve,2024-08-27,32.4,False
ACC-006464,CO-0096901,SMB,51-200,Retail/E-commerce,EMEA,self_serve,2022-10-09,38.9,False
ACC-006465,CO-0059270,SMB,1-10,Education,North America,self_serve,2023-08-16,20.7,True
ACC-006466,CO-0020013,SMB,51-200,Healthcare,North America,self_serve,2023-08-21,35.7,False
ACC-006467,CO-0087637,SMB,1-10,Media/Entertainment,LATAM,self_serve,2022-03-09,8.6,False
ACC-006468,CO-0057090,SMB,11-50,Healthcare,North America,self_serve,2024-11-03,24.3,False
ACC-006469,CO-0079791,SMB,11-50,Healthcare,EMEA,inbound_marketing,2025-01-10,29.5,False
ACC-006470,CO-0037058,Enterprise,1-10,Technology/SaaS,North America,self_serve,2024-05-14,21.3,True
ACC-006471,CO-0054257,SMB,11-50,Public Sector,EMEA,self_serve,2024-07-17,20.5,False
ACC-006472,CO-0088955,SMB,1-10,Media/Entertainment,North America,self_serve,2023-03-14,24.2,False
ACC-006473,CO-0084179,SMB,1-10,Public Sector,EMEA,inbound_marketing,2025-11-21,38.3,True
ACC-006474,CO-0043815,SMB,11-50,Media/Entertainment,APAC,self_serve,2025-09-27,4.3,False
ACC-006475,CO-0064016,Enterprise,1-10,Manufacturing,North America,self_serve,2024-12-28,12.6,False
ACC-006476,CO-0115561,SMB,11-50,Retail/E-commerce,North America,self_serve,2023-01-01,19.6,False
ACC-006477,CO-0003736,SMB,1-10,Media/Entertainment,North America,inbound_marketing,2024-05-18,16.3,False
ACC-006478,CO-0115114,SMB,11-50,Technology/SaaS,North America,inbound_marketing,2024-10-01,29.9,False
ACC-006479,CO-0001035,SMB,1-10,Media/Entertainment,North America,self_serve,2021-09-23,12.1,False
ACC-006480,CO-0085506,SMB,51-200,Manufacturing,North America,inbound_marketing,2023-10-24,34.7,False
ACC-006481,CO-0052345,SMB,51-200,Retail/E-commerce,EMEA,inbound_marketing,2024-12-20,38.4,False
ACC-006482,CO-0054423,Commercial,11-50,Manufacturing,North America,self_serve,2025-04-25,39.4,False
ACC-006483,CO-0091535,SMB,1-10,Technology/SaaS,North America,inbound_marketing,2023-11-01,38.8,False
ACC-006484,CO-0110102,SMB,11-50,Retail/E-commerce,North America,self_serve,2024-03-23,19.8,False
ACC-006485,CO-0072628,SMB,51-200,Manufacturing,EMEA,self_serve,2025-12-13,36.7,False
ACC-006486,CO-0039648,SMB,51-200,Professional Services,APAC,self_serve,2023-01-23,22.8,False
ACC-006487,CO-0102234,SMB,1-10,Financial Services,APAC,inbound_marketing,2024-05-23,34.4,False
ACC-006488,CO-0087102,SMB,1-10,Manufacturing,North America,inbound_marketing,2025-01-08,22.0,True
ACC-006489,CO-0001140,SMB,1-10,Logistics/Supply Chain,North America,self_serve,2025-09-19,29.1,True
ACC-006490,CO-0078407,SMB,11-50,Healthcare,North America,inbound_marketing,2025-01-13,25.9,False
ACC-006491,CO-0011038,SMB,1-10,Professional Services,North America,self_serve,2020-05-31,17.2,False
ACC-006492,CO-0055108,SMB,51-200,Professional Services,EMEA,self_serve,2020-01-26,36.3,False
ACC-006493,CO-0111393,SMB,1-10,Financial Services,LATAM,self_serve,2023-03-28,21.2,False
ACC-006494,CO-0082836,SMB,51-200,Education,EMEA,inbound_marketing,2024-01-25,33.9,False
ACC-006495,CO-0044166,SMB,1-10,Retail/E-commerce,LATAM,self_serve,2025-09-28,12.6,False
ACC-006496,CO-0040524,Commercial,1-10,Logistics/Supply Chain,North America,self_serve,2021-09-01,27.4,False
ACC-006497,CO-0062816,SMB,11-50,Media/Entertainment,EMEA,inbound_marketing,2021-04-27,24.7,False
ACC-006498,CO-0112118,SMB,1-10,Financial Services,LATAM,self_serve,2024-07-02,32.6,False
ACC-006499,CO-0122860,SMB,11-50,Technology/SaaS,North America,self_serve,2025-03-16,36.1,False
ACC-006500,CO-0000391,SMB,11-50,Education,North America,self_serve,2024-06-20,10.7,False
ACC-006501,CO-0085918,SMB,1-10,Retail/E-commerce,North America,self_serve,2021-07-25,26.2,True
ACC-006502,CO-0041998,SMB,1-10,Retail/E-commerce,EMEA,self_serve,2024-09-26,11.7,False
ACC-006503,CO-0021995,Commercial,11-50,Retail/E-commerce,EMEA,self_serve,2024-04-01,14.5,False
ACC-006504,CO-0012967,SMB,1-10,Retail/E-commerce,North America,self_serve,2024-03-17,15.3,False
ACC-006505,CO-0037490,SMB,11-50,Financial Services,North America,self_serve,2024-11-05,33.5,False
ACC-006506,CO-0089366,SMB,1-10,Public Sector,EMEA,self_serve,2024-03-07,21.8,True
ACC-006507,CO-0076674,SMB,11-50,Retail/E-commerce,APAC,inbound_marketing,2021-12-15,13.3,False
ACC-006508,CO-0005242,SMB,1-10,Manufacturing,North America,self_serve,2023-02-23,29.8,False
ACC-006509,CO-0008432,SMB,1-10,Manufacturing,EMEA,self_serve,2024-01-06,27.3,False
ACC-006510,CO-0104865,SMB,1-10,Healthcare,North America,self_serve,2025-10-17,20.7,False
ACC-006511,CO-0112121,SMB,1-10,Manufacturing,APAC,self_serve,2025-12-18,23.5,True
ACC-006512,CO-0121885,SMB,11-50,Manufacturing,North America,self_serve,2025-08-09,31.7,False
ACC-006513,CO-0019020,SMB,51-200,Healthcare,North America,inbound_marketing,2024-01-17,33.8,False
ACC-006514,CO-0055896,SMB,51-200,Media/Entertainment,North America,self_serve,2025-06-14,36.8,False
ACC-006515,CO-0017704,SMB,1-10,Financial Services,EMEA,self_serve,2025-07-11,23.9,False
ACC-006516,CO-0104536,SMB,11-50,Technology/SaaS,North America,inbound_marketing,2024-10-06,35.6,False
ACC-006517,CO-0010701,SMB,201-1000,Professional Services,North America,self_serve,2023-03-24,38.8,False
ACC-006518,CO-0089002,SMB,11-50,Professional Services,EMEA,self_serve,2025-08-21,30.8,False
ACC-006519,CO-0028982,SMB,1-10,Technology/SaaS,North America,self_serve,2023-08-21,24.3,False
ACC-006520,CO-0104815,SMB,1-10,Retail/E-commerce,North America,inbound_marketing,2023-06-04,15.0,False
ACC-006521,CO-0072753,SMB,1-10,Education,EMEA,self_serve,2025-03-13,27.0,True
ACC-006522,CO-0081647,SMB,1-10,Manufacturing,North America,self_serve,2023-10-14,28.9,True
ACC-006523,CO-0060369,SMB,1-10,Financial Services,North America,self_serve,2025-08-23,34.5,False
ACC-006524,CO-0021505,Commercial,1-10,Healthcare,North America,self_serve,2022-01-25,22.8,False
ACC-006525,CO-0118704,SMB,1-10,Financial Services,North America,self_serve,2024-08-15,39.0,False
ACC-006526,CO-0063625,SMB,1-10,Financial Services,North America,self_serve,2024-06-17,37.5,True
ACC-006527,CO-0039483,SMB,1-10,Education,North America,self_serve,2024-01-02,16.7,False
ACC-006528,CO-0003429,SMB,1-10,Healthcare,APAC,inbound_marketing,2025-02-28,24.4,False
ACC-006529,CO-0076358,SMB,51-200,Financial Services,North America,self_serve,2025-09-19,38.2,False
ACC-006530,CO-0050366,SMB,51-200,Retail/E-commerce,EMEA,self_serve,2023-02-17,34.7,False
ACC-006531,CO-0088312,SMB,1-10,Healthcare,APAC,self_serve,2025-07-27,25.3,False
ACC-006532,CO-0115968,SMB,1-10,Logistics/Supply Chain,EMEA,inbound_marketing,2025-08-15,17.5,False
ACC-006533,CO-0073731,Commercial,1-10,Logistics/Supply Chain,North America,inbound_marketing,2025-03-26,10.7,True
ACC-006534,CO-0048605,SMB,11-50,Technology/SaaS,North America,self_serve,2024-02-04,37.3,False
ACC-006535,CO-0095974,SMB,11-50,Professional Services,APAC,self_serve,2023-01-25,34.4,False
ACC-006536,CO-0040028,SMB,51-200,Professional Services,North America,self_serve,2021-08-17,25.5,False
ACC-006537,CO-0073346,SMB,1-10,Media/Entertainment,North America,inbound_marketing,2020-07-19,15.1,False
ACC-006538,CO-0035418,SMB,11-50,Technology/SaaS,EMEA,self_serve,2024-08-25,34.5,False
ACC-006539,CO-0099069,SMB,1-10,Technology/SaaS,North America,self_serve,2024-07-20,20.2,False
ACC-006540,CO-0083878,SMB,1-10,Technology/SaaS,North America,self_serve,2024-06-26,38.9,False
ACC-006541,CO-0030644,SMB,201-1000,Retail/E-commerce,EMEA,self_serve,2024-12-25,39.5,False
ACC-006542,CO-0079733,SMB,11-50,Logistics/Supply Chain,North America,inbound_marketing,2025-10-15,19.1,False
ACC-006543,CO-0029586,SMB,11-50,Logistics/Supply Chain,EMEA,self_serve,2025-08-17,27.7,False
ACC-006544,CO-0000296,SMB,11-50,Media/Entertainment,APAC,self_serve,2024-03-07,19.7,False
ACC-006545,CO-0049840,SMB,11-50,Professional Services,North America,self_serve,2025-07-25,17.2,False
ACC-006546,CO-0091299,SMB,1-10,Technology/SaaS,APAC,inbound_marketing,2025-12-13,16.0,True
ACC-006547,CO-0016696,SMB,1-10,Financial Services,North America,self_serve,2024-02-08,41.1,True
ACC-006548,CO-0055732,SMB,11-50,Logistics/Supply Chain,North America,self_serve,2022-10-03,39.1,False
ACC-006549,CO-0087530,SMB,1-10,Manufacturing,North America,self_serve,2025-02-03,23.5,False
ACC-006550,CO-0008168,SMB,51-200,Healthcare,EMEA,inbound_marketing,2025-06-23,39.9,False
ACC-006551,CO-0033120,SMB,51-200,Technology/SaaS,APAC,self_serve,2025-05-21,28.1,False
ACC-006552,CO-0055773,SMB,1-10,Manufacturing,APAC,self_serve,2025-03-25,9.7,False
ACC-006553,CO-0045441,SMB,1-10,Media/Entertainment,North America,inbound_marketing,2025-10-08,24.7,True
ACC-006554,CO-0021737,SMB,51-200,Retail/E-commerce,North America,self_serve,2025-12-17,31.3,False
ACC-006555,CO-0072084,Commercial,1-10,Financial Services,EMEA,inbound_marketing,2023-04-02,26.2,False
ACC-006556,CO-0114215,SMB,11-50,Technology/SaaS,APAC,self_serve,2025-04-19,31.0,False
ACC-006557,CO-0015970,SMB,1-10,Financial Services,APAC,self_serve,2023-04-21,32.5,False
ACC-006558,CO-0094959,SMB,1-10,Logistics/Supply Chain,North America,self_serve,2024-06-17,23.6,True
ACC-006559,CO-0090566,SMB,1-10,Education,North America,self_serve,2025-12-10,12.1,False
ACC-006560,CO-0020997,SMB,11-50,Professional Services,EMEA,inbound_marketing,2024-03-08,22.9,False
ACC-006561,CO-0106064,Commercial,1-10,Manufacturing,North America,inbound_marketing,2023-05-10,24.8,False
ACC-006562,CO-0067083,SMB,11-50,Public Sector,EMEA,inbound_marketing,2020-02-18,18.8,False
ACC-006563,CO-0018368,Enterprise,11-50,Healthcare,North America,self_serve,2024-03-21,29.1,False
ACC-006564,CO-0103672,SMB,1-10,Logistics/Supply Chain,North America,self_serve,2023-12-13,31.5,False
ACC-006565,CO-0121689,SMB,51-200,Healthcare,EMEA,self_serve,2025-10-27,37.2,False
ACC-006566,CO-0096456,Enterprise,1-10,Education,North America,self_serve,2024-12-16,10.9,True
ACC-006567,CO-0046800,Commercial,11-50,Healthcare,EMEA,self_serve,2024-10-04,30.1,False
ACC-006568,CO-0035766,SMB,1-10,Logistics/Supply Chain,EMEA,self_serve,2020-06-03,35.6,False
ACC-006569,CO-0006608,Commercial,11-50,Media/Entertainment,EMEA,inbound_marketing,2025-03-11,15.0,False
ACC-006570,CO-0047732,Commercial,1-10,Financial Services,North America,self_serve,2024-05-21,33.3,False
ACC-006571,CO-0024724,Commercial,1-10,Manufacturing,North America,self_serve,2025-03-12,10.1,False
ACC-006572,CO-0019494,SMB,11-50,Logistics/Supply Chain,North America,self_serve,2025-01-05,23.4,False
ACC-006573,CO-0046787,SMB,11-50,Manufacturing,APAC,inbound_marketing,2025-12-13,32.7,False
ACC-006574,CO-0103092,SMB,11-50,Retail/E-commerce,North America,self_serve,2024-03-16,35.7,False
ACC-006575,CO-0000700,SMB,1-10,Technology/SaaS,APAC,self_serve,2025-05-24,28.1,False
ACC-006576,CO-0044039,SMB,1-10,Technology/SaaS,North America,self_serve,2020-07-30,31.5,False
ACC-006577,CO-0026399,Commercial,11-50,Logistics/Supply Chain,EMEA,self_serve,2020-05-08,23.7,False
ACC-006578,CO-0030044,SMB,1-10,Media/Entertainment,North America,inbound_marketing,2024-01-24,12.9,False
ACC-006579,CO-0067873,SMB,1-10,Retail/E-commerce,North America,self_serve,2020-04-20,23.4,False
ACC-006580,CO-0057875,SMB,11-50,Public Sector,EMEA,self_serve,2023-12-26,28.3,False
ACC-006581,CO-0040056,SMB,201-1000,Professional Services,APAC,self_serve,2023-08-20,28.8,False
ACC-006582,CO-0121383,SMB,1-10,Professional Services,EMEA,self_serve,2025-06-17,9.7,False
ACC-006583,CO-0033759,SMB,1-10,Retail/E-commerce,APAC,self_serve,2025-11-01,14.1,False
ACC-006584,CO-0018097,SMB,51-200,Healthcare,North America,self_serve,2025-06-26,35.5,False
ACC-006585,CO-0039735,SMB,1-10,Manufacturing,EMEA,self_serve,2023-10-11,27.8,True
ACC-006586,CO-0030722,SMB,1-10,Education,North America,self_serve,2020-05-19,14.0,False
ACC-006587,CO-0108624,SMB,1-10,Retail/E-commerce,APAC,self_serve,2023-03-07,26.2,True
ACC-006588,CO-0024889,SMB,1-10,Technology/SaaS,North America,self_serve,2024-01-04,28.7,False
ACC-006589,CO-0122361,SMB,1-10,Professional Services,North America,inbound_marketing,2024-08-26,17.5,True
ACC-006590,CO-0070675,SMB,51-200,Logistics/Supply Chain,EMEA,self_serve,2024-08-09,39.5,False
ACC-006591,CO-0053452,SMB,51-200,Media/Entertainment,EMEA,self_serve,2025-08-18,39.5,False
ACC-006592,CO-0010006,Commercial,51-200,Education,North America,inbound_marketing,2023-08-17,35.0,False
ACC-006593,CO-0113888,SMB,1-10,Technology/SaaS,North America,self_serve,2025-04-06,17.3,False
ACC-006594,CO-0058584,SMB,11-50,Retail/E-commerce,North America,self_serve,2024-06-21,22.6,False
ACC-006595,CO-0037074,SMB,11-50,Retail/E-commerce,APAC,self_serve,2023-09-02,27.5,False
ACC-006596,CO-0013393,SMB,1-10,Professional Services,North America,inbound_marketing,2024-07-22,32.6,False
ACC-006597,CO-0010522,Enterprise,11-50,Healthcare,APAC,self_serve,2020-05-11,36.8,False
ACC-006598,CO-0018121,SMB,1-10,Logistics/Supply Chain,APAC,self_serve,2023-12-06,18.3,False
ACC-006599,CO-0092299,SMB,1-10,Technology/SaaS,North America,self_serve,2021-02-06,18.2,False
ACC-006600,CO-0064023,SMB,11-50,Public Sector,North America,self_serve,2024-08-28,39.3,False
ACC-006601,CO-0009051,SMB,1-10,Education,North America,self_serve,2025-01-16,31.1,True
ACC-006602,CO-0024338,SMB,1-10,Manufacturing,North America,self_serve,2024-07-25,20.9,False
ACC-006603,CO-0110828,SMB,51-200,Professional Services,North America,inbound_marketing,2024-04-20,32.4,False
ACC-006604,CO-0103556,SMB,1-10,Logistics/Supply Chain,North America,self_serve,2025-08-06,22.1,False
ACC-006605,CO-0111966,SMB,1-10,Manufacturing,LATAM,self_serve,2020-07-31,25.8,True
ACC-006606,CO-0077880,SMB,1-10,Financial Services,North America,self_serve,2023-10-15,27.8,False
ACC-006607,CO-0059057,SMB,1-10,Public Sector,North America,self_serve,2023-06-01,21.1,False
ACC-006608,CO-0098612,SMB,1-10,Technology/SaaS,EMEA,inbound_marketing,2024-08-26,26.1,False
ACC-006609,CO-0069404,SMB,1-10,Media/Entertainment,North America,self_serve,2024-08-08,20.1,False
ACC-006610,CO-0077225,SMB,1-10,Financial Services,North America,inbound_marketing,2025-04-19,37.4,False
ACC-006611,CO-0069018,SMB,1-10,Healthcare,APAC,inbound_marketing,2022-04-04,30.5,False
ACC-006612,CO-0056411,SMB,1-10,Financial Services,North America,self_serve,2024-04-05,37.2,True
ACC-006613,CO-0056457,SMB,51-200,Media/Entertainment,EMEA,self_serve,2025-03-17,31.1,False
ACC-006614,CO-0044879,SMB,51-200,Education,APAC,self_serve,2021-03-28,15.6,False
ACC-006615,CO-0008869,SMB,11-50,Education,North America,inbound_marketing,2025-07-27,9.9,False
ACC-006616,CO-0001170,SMB,11-50,Healthcare,North America,inbound_marketing,2024-12-20,26.5,False
ACC-006617,CO-0022399,SMB,201-1000,Retail/E-commerce,EMEA,self_serve,2021-09-03,38.7,False
ACC-006618,CO-0076712,SMB,201-1000,Education,EMEA,inbound_marketing,2025-01-15,27.1,False
ACC-006619,CO-0083221,SMB,11-50,Technology/SaaS,LATAM,self_serve,2020-03-21,37.2,False
ACC-006620,CO-0056725,SMB,11-50,Manufacturing,APAC,self_serve,2023-05-04,34.0,False
ACC-006621,CO-0109446,SMB,1-10,Financial Services,EMEA,self_serve,2024-12-28,28.4,False
ACC-006622,CO-0007808,SMB,51-200,Retail/E-commerce,North America,self_serve,2025-10-27,31.7,False
ACC-006623,CO-0095135,SMB,1-10,Logistics/Supply Chain,North America,self_serve,2025-11-11,35.1,True
ACC-006624,CO-0040324,SMB,201-1000,Retail/E-commerce,North America,self_serve,2025-05-18,34.6,False
ACC-006625,CO-0016126,SMB,51-200,Retail/E-commerce,North America,self_serve,2021-11-06,38.3,False
ACC-006626,CO-0040537,SMB,1-10,Financial Services,APAC,inbound_marketing,2023-05-24,32.1,False
ACC-006627,CO-0036863,SMB,11-50,Financial Services,North America,self_serve,2023-04-03,31.9,False
ACC-006628,CO-0086065,SMB,1-10,Manufacturing,EMEA,self_serve,2025-10-09,14.5,False
ACC-006629,CO-0026693,SMB,11-50,Professional Services,North America,self_serve,2025-11-20,30.6,False
ACC-006630,CO-0024038,SMB,11-50,Retail/E-commerce,North America,self_serve,2023-03-02,29.6,False
ACC-006631,CO-0030048,SMB,201-1000,Professional Services,North America,self_serve,2024-02-19,36.1,False
ACC-006632,CO-0002084,SMB,11-50,Technology/SaaS,LATAM,self_serve,2024-01-21,27.9,False
ACC-006633,CO-0057313,SMB,1-10,Technology/SaaS,North America,inbound_marketing,2021-09-23,30.8,False
ACC-006634,CO-0105546,Commercial,11-50,Media/Entertainment,APAC,self_serve,2023-07-04,24.0,False
ACC-006635,CO-0064960,SMB,1-10,Financial Services,EMEA,self_serve,2023-11-14,35.8,False
ACC-006636,CO-0029268,SMB,1-10,Retail/E-commerce,North America,self_serve,2023-05-12,26.6,False
ACC-006637,CO-0114701,SMB,51-200,Professional Services,EMEA,self_serve,2025-04-18,32.6,False
ACC-006638,CO-0037176,SMB,11-50,Media/Entertainment,North America,self_serve,2023-09-20,14.8,False
ACC-006639,CO-0081738,SMB,1-10,Healthcare,North America,inbound_marketing,2025-02-05,30.2,True
ACC-006640,CO-0044363,SMB,11-50,Media/Entertainment,North America,inbound_marketing,2025-08-24,33.0,False
ACC-006641,CO-0036899,SMB,1-10,Public Sector,North America,self_serve,2022-03-12,19.3,False
ACC-006642,CO-0066018,SMB,51-200,Manufacturing,EMEA,self_serve,2025-07-24,39.6,False
ACC-006643,CO-0033084,SMB,1-10,Technology/SaaS,North America,self_serve,2025-03-11,33.9,False
ACC-006644,CO-0023677,SMB,11-50,Public Sector,EMEA,self_serve,2023-01-19,24.9,False
ACC-006645,CO-0093199,SMB,1-10,Professional Services,North America,inbound_marketing,2025-10-18,35.0,False
ACC-006646,CO-0105496,SMB,11-50,Healthcare,APAC,inbound_marketing,2024-07-21,30.3,False
ACC-006647,CO-0085817,SMB,51-200,Public Sector,EMEA,self_serve,2024-09-08,35.4,False
ACC-006648,CO-0090239,SMB,1-10,Technology/SaaS,LATAM,self_serve,2025-07-12,32.9,False
ACC-006649,CO-0064419,SMB,1-10,Healthcare,LATAM,inbound_marketing,2024-10-09,20.3,False
ACC-006650,CO-0065487,SMB,11-50,Healthcare,APAC,self_serve,2024-01-13,28.8,False
ACC-006651,CO-0081156,SMB,1-10,Professional Services,North America,self_serve,2024-08-27,22.3,False
ACC-006652,CO-0083501,SMB,1-10,Financial Services,EMEA,inbound_marketing,2025-12-27,23.5,False
ACC-006653,CO-0086696,SMB,11-50,Retail/E-commerce,North America,self_serve,2021-01-11,21.3,False
ACC-006654,CO-0018575,SMB,1-10,Healthcare,EMEA,self_serve,2024-08-13,37.6,False
ACC-006655,CO-0059405,Commercial,11-50,Professional Services,EMEA,self_serve,2023-03-28,20.4,False
ACC-006656,CO-0092177,SMB,1-10,Retail/E-commerce,North America,self_serve,2021-11-26,21.3,False
ACC-006657,CO-0109286,SMB,1-10,Professional Services,North America,inbound_marketing,2024-08-26,22.0,False
ACC-006658,CO-0060486,SMB,51-200,Retail/E-commerce,APAC,self_serve,2021-12-23,29.6,False
ACC-006659,CO-0000372,SMB,11-50,Manufacturing,EMEA,inbound_marketing,2024-10-09,22.1,False
ACC-006660,CO-0064351,SMB,1-10,Technology/SaaS,North America,self_serve,2025-04-05,38.8,False
ACC-006661,CO-0117262,Commercial,11-50,Healthcare,North America,inbound_marketing,2025-03-12,28.5,False
ACC-006662,CO-0077825,SMB,1-10,Healthcare,LATAM,self_serve,2025-08-12,23.9,False
ACC-006663,CO-0020629,SMB,11-50,Professional Services,EMEA,inbound_marketing,2025-10-13,28.8,False
ACC-006664,CO-0035729,SMB,11-50,Healthcare,North America,self_serve,2024-10-24,22.9,False
ACC-006665,CO-0094462,SMB,1-10,Public Sector,North America,self_serve,2024-12-07,34.6,False
ACC-006666,CO-0071381,SMB,1-10,Financial Services,North America,inbound_marketing,2021-07-10,29.4,False
ACC-006667,CO-0040582,SMB,11-50,Retail/E-commerce,North America,self_serve,2025-05-21,22.5,False
ACC-006668,CO-0028096,Commercial,11-50,Professional Services,North America,self_serve,2024-01-10,20.1,False
ACC-006669,CO-0078590,SMB,11-50,Public Sector,North America,self_serve,2024-09-15,28.3,False
ACC-006670,CO-0031784,SMB,11-50,Technology/SaaS,North America,self_serve,2023-03-12,37.1,False
ACC-006671,CO-0103428,SMB,1-10,Professional Services,EMEA,self_serve,2025-01-16,23.4,False
ACC-006672,CO-0120666,SMB,11-50,Healthcare,North America,self_serve,2025-06-06,15.1,False
ACC-006673,CO-0052721,SMB,1-10,Professional Services,North America,self_serve,2025-10-03,18.2,False
ACC-006674,CO-0119392,SMB,11-50,Technology/SaaS,North America,self_serve,2023-08-26,38.8,False
ACC-006675,CO-0064414,SMB,1-10,Retail/E-commerce,North America,self_serve,2025-12-24,20.5,True
ACC-006676,CO-0024824,SMB,11-50,Financial Services,North America,self_serve,2025-11-02,36.5,False
ACC-006677,CO-0088108,SMB,51-200,Professional Services,North America,self_serve,2024-03-23,39.5,False
ACC-006678,CO-0065120,SMB,1-10,Financial Services,APAC,inbound_marketing,2023-12-16,21.6,False
ACC-006679,CO-0058408,SMB,1-10,Manufacturing,APAC,self_serve,2023-04-06,31.9,False
ACC-006680,CO-0117249,SMB,11-50,Education,APAC,self_serve,2025-06-08,22.0,False
ACC-006681,CO-0075527,SMB,1-10,Professional Services,North America,inbound_marketing,2020-09-03,23.7,False
ACC-006682,CO-0003509,SMB,51-200,Professional Services,EMEA,self_serve,2024-03-03,37.8,False
ACC-006683,CO-0086787,SMB,1-10,Professional Services,North America,self_serve,2023-06-04,33.4,False
ACC-006684,CO-0095415,SMB,1-10,Financial Services,APAC,self_serve,2024-11-23,32.0,True
ACC-006685,CO-0047242,SMB,1-10,Professional Services,EMEA,self_serve,2023-06-21,10.5,False
ACC-006686,CO-0056874,SMB,1-10,Healthcare,North America,self_serve,2025-01-05,38.3,False
ACC-006687,CO-0098205,SMB,1-10,Manufacturing,North America,self_serve,2024-07-20,27.2,False
ACC-006688,CO-0111498,SMB,1-10,Technology/SaaS,North America,inbound_marketing,2025-12-10,28.9,False
ACC-006689,CO-0003468,SMB,1-10,Technology/SaaS,North America,self_serve,2023-12-19,22.5,False
ACC-006690,CO-0033009,SMB,11-50,Education,North America,inbound_marketing,2025-12-03,23.6,False
ACC-006691,CO-0086966,SMB,51-200,Education,North America,self_serve,2021-02-02,29.1,False
ACC-006692,CO-0090901,SMB,1-10,Education,North America,self_serve,2024-06-28,26.2,False
ACC-006693,CO-0048509,SMB,11-50,Healthcare,APAC,self_serve,2025-08-13,28.9,False
ACC-006694,CO-0070931,SMB,11-50,Logistics/Supply Chain,North America,self_serve,2020-03-10,22.1,False
ACC-006695,CO-0001801,SMB,11-50,Healthcare,EMEA,inbound_marketing,2022-02-21,25.2,False
ACC-006696,CO-0111124,SMB,1-10,Manufacturing,North America,self_serve,2025-12-14,24.8,False
ACC-006697,CO-0007410,SMB,51-200,Healthcare,North America,self_serve,2022-03-16,34.8,False
ACC-006698,CO-0051360,SMB,1-10,Retail/E-commerce,North America,inbound_marketing,2024-09-20,15.4,False
ACC-006699,CO-0112318,SMB,11-50,Professional Services,APAC,self_serve,2025-09-08,29.1,False
ACC-006700,CO-0076850,SMB,11-50,Retail/E-commerce,North America,self_serve,2025-01-08,31.7,False
ACC-006701,CO-0059331,Commercial,51-200,Education,North America,self_serve,2020-01-11,30.9,False
ACC-006702,CO-0113559,Commercial,11-50,Technology/SaaS,EMEA,self_serve,2024-02-06,28.8,False
ACC-006703,CO-0096964,SMB,1-10,Education,APAC,self_serve,2023-03-11,16.9,False
ACC-006704,CO-0121273,SMB,11-50,Technology/SaaS,EMEA,self_serve,2024-07-26,31.9,False
ACC-006705,CO-0078279,SMB,51-200,Logistics/Supply Chain,North America,self_serve,2023-04-14,33.9,False
ACC-006706,CO-0085035,SMB,51-200,Retail/E-commerce,LATAM,self_serve,2023-02-12,27.1,False
ACC-006707,CO-0089658,SMB,1-10,Retail/E-commerce,North America,self_serve,2025-03-21,19.6,False
ACC-006708,CO-0043967,Commercial,201-1000,Manufacturing,North America,self_serve,2023-08-04,39.5,False
ACC-006709,CO-0042919,SMB,51-200,Logistics/Supply Chain,North America,self_serve,2024-09-07,32.7,False
ACC-006710,CO-0014751,SMB,1-10,Financial Services,North America,self_serve,2020-08-07,20.6,False
ACC-006711,CO-0063508,SMB,1-10,Manufacturing,LATAM,self_serve,2023-03-25,23.7,True
ACC-006712,CO-0066358,SMB,11-50,Public Sector,EMEA,self_serve,2025-08-05,29.3,False
ACC-006713,CO-0103102,Commercial,51-200,Public Sector,North America,inbound_marketing,2020-09-22,36.9,False
ACC-006714,CO-0026243,SMB,201-1000,Public Sector,North America,self_serve,2024-09-22,40.0,False
ACC-006715,CO-0039386,SMB,11-50,Retail/E-commerce,North America,self_serve,2024-02-24,28.8,False
ACC-006716,CO-0074027,SMB,11-50,Professional Services,LATAM,inbound_marketing,2024-02-12,14.7,False
ACC-006717,CO-0041653,SMB,1-10,Professional Services,EMEA,self_serve,2024-01-24,27.5,False
ACC-006718,CO-0097255,SMB,51-200,Logistics/Supply Chain,North America,self_serve,2025-09-08,28.7,False
ACC-006719,CO-0017461,SMB,11-50,Professional Services,North America,self_serve,2025-11-02,38.7,False
ACC-006720,CO-0014415,SMB,51-200,Professional Services,APAC,self_serve,2025-04-21,17.1,False
ACC-006721,CO-0011567,SMB,1-10,Manufacturing,EMEA,inbound_marketing,2025-09-13,28.9,False
ACC-006722,CO-0105192,SMB,1-10,Public Sector,EMEA,self_serve,2025-05-10,27.4,False
ACC-006723,CO-0026408,SMB,11-50,Logistics/Supply Chain,APAC,self_serve,2023-08-14,23.5,False
ACC-006724,CO-0098228,SMB,1-10,Public Sector,North America,self_serve,2025-06-17,31.7,False
ACC-006725,CO-0019798,SMB,11-50,Healthcare,APAC,self_serve,2024-11-04,33.7,False
ACC-006726,CO-0121737,Commercial,11-50,Healthcare,North America,self_serve,2024-12-12,35.7,False
ACC-006727,CO-0013546,SMB,1-10,Financial Services,North America,self_serve,2020-01-23,26.3,False
ACC-006728,CO-0053385,Commercial,1-10,Healthcare,North America,self_serve,2025-01-07,26.9,False
ACC-006729,CO-0022095,SMB,11-50,Media/Entertainment,EMEA,self_serve,2025-11-01,33.2,False
ACC-006730,CO-0035533,SMB,11-50,Healthcare,North America,self_serve,2020-11-21,31.9,False
ACC-006731,CO-0023636,SMB,1-10,Public Sector,EMEA,inbound_marketing,2024-12-25,32.4,False
ACC-006732,CO-0029096,SMB,1-10,Retail/E-commerce,EMEA,inbound_marketing,2020-04-15,28.9,False
ACC-006733,CO-0075432,SMB,1-10,Logistics/Supply Chain,North America,self_serve,2021-11-04,28.3,False
ACC-006734,CO-0102664,SMB,1-10,Financial Services,EMEA,self_serve,2021-01-21,19.2,False
ACC-006735,CO-0118285,SMB,1-10,Logistics/Supply Chain,North America,self_serve,2024-12-17,16.7,False
ACC-006736,CO-0104539,SMB,51-200,Manufacturing,EMEA,self_serve,2023-03-19,37.9,False
ACC-006737,CO-0043844,SMB,11-50,Retail/E-commerce,APAC,self_serve,2025-04-19,21.4,False
ACC-006738,CO-0096412,Commercial,1-10,Logistics/Supply Chain,EMEA,self_serve,2023-11-07,19.8,False
ACC-006739,CO-0023934,SMB,51-200,Public Sector,North America,self_serve,2023-11-07,35.7,False
ACC-006740,CO-0116630,SMB,1-10,Retail/E-commerce,North America,self_serve,2023-12-16,13.1,True
ACC-006741,CO-0086157,SMB,11-50,Manufacturing,North America,self_serve,2024-04-20,31.1,False
ACC-006742,CO-0107850,SMB,1-10,Technology/SaaS,APAC,self_serve,2025-09-16,19.6,False
ACC-006743,CO-0111637,SMB,51-200,Retail/E-commerce,LATAM,self_serve,2025-02-04,39.0,False
ACC-006744,CO-0048199,SMB,1-10,Logistics/Supply Chain,EMEA,self_serve,2025-12-23,20.1,True
ACC-006745,CO-0034363,SMB,1-10,Manufacturing,North America,self_serve,2025-09-01,23.1,False
ACC-006746,CO-0007996,SMB,1-10,Professional Services,North America,self_serve,2023-08-11,14.1,False
ACC-006747,CO-0062835,SMB,1-10,Logistics/Supply Chain,APAC,self_serve,2024-06-22,15.8,True
ACC-006748,CO-0030215,SMB,1-10,Education,North America,self_serve,2025-11-20,37.3,False
ACC-006749,CO-0102739,Commercial,1-10,Media/Entertainment,EMEA,self_serve,2023-11-05,16.1,False
ACC-006750,CO-0002644,SMB,51-200,Retail/E-commerce,North America,self_serve,2025-08-19,27.3,False
ACC-006751,CO-0018842,SMB,1-10,Professional Services,EMEA,inbound_marketing,2025-09-20,18.1,False
ACC-006752,CO-0011769,SMB,11-50,Logistics/Supply Chain,APAC,self_serve,2022-07-30,19.4,False
ACC-006753,CO-0048660,SMB,11-50,Technology/SaaS,North America,self_serve,2025-07-11,22.5,False
ACC-006754,CO-0098669,Enterprise,51-200,Media/Entertainment,North America,inbound_marketing,2025-05-26,31.2,False
ACC-006755,CO-0077034,SMB,11-50,Professional Services,EMEA,self_serve,2025-11-12,28.8,False
ACC-006756,CO-0096508,SMB,11-50,Professional Services,North America,inbound_marketing,2023-11-11,31.1,False
ACC-006757,CO-0014344,Commercial,1-10,Professional Services,North America,self_serve,2024-07-09,26.6,False
ACC-006758,CO-0025825,SMB,11-50,Public Sector,North America,self_serve,2024-02-21,37.0,False
ACC-006759,CO-0083163,SMB,51-200,Professional Services,North America,self_serve,2022-01-20,35.4,False
ACC-006760,CO-0079402,SMB,1-10,Manufacturing,North America,self_serve,2025-09-16,26.0,False
ACC-006761,CO-0016908,SMB,1-10,Media/Entertainment,EMEA,self_serve,2020-02-04,17.5,True
ACC-006762,CO-0059033,SMB,1-10,Healthcare,North America,self_serve,2021-03-02,25.2,True
ACC-006763,CO-0000153,SMB,1-10,Technology/SaaS,EMEA,self_serve,2024-11-04,29.0,True
ACC-006764,CO-0095858,SMB,1-10,Professional Services,North America,self_serve,2021-03-02,21.4,False
ACC-006765,CO-0061805,SMB,11-50,Technology/SaaS,EMEA,inbound_marketing,2025-02-06,32.3,False
ACC-006766,CO-0026129,Commercial,11-50,Financial Services,LATAM,self_serve,2025-02-13,29.5,False
ACC-006767,CO-0083250,SMB,51-200,Professional Services,EMEA,self_serve,2025-01-18,29.5,False
ACC-006768,CO-0112466,SMB,51-200,Media/Entertainment,APAC,inbound_marketing,2025-07-08,38.8,False
ACC-006769,CO-0001813,SMB,1-10,Manufacturing,North America,self_serve,2024-11-27,21.9,False
ACC-006770,CO-0009497,SMB,1-10,Financial Services,North America,self_serve,2020-03-22,35.8,False
ACC-006771,CO-0072650,Commercial,11-50,Retail/E-commerce,North America,self_serve,2025-05-13,18.3,False
ACC-006772,CO-0106266,SMB,11-50,Manufacturing,North America,inbound_marketing,2025-08-27,26.2,False
ACC-006773,CO-0108416,SMB,11-50,Financial Services,North America,self_serve,2025-09-13,30.1,False
ACC-006774,CO-0041807,SMB,11-50,Education,North America,self_serve,2021-02-27,19.8,False
ACC-006775,CO-0113413,SMB,11-50,Logistics/Supply Chain,North America,inbound_marketing,2023-08-10,18.5,False
ACC-006776,CO-0035648,SMB,11-50,Professional Services,North America,self_serve,2023-01-07,27.7,False
ACC-006777,CO-0000717,SMB,1-10,Logistics/Supply Chain,EMEA,inbound_marketing,2024-09-17,12.5,False
ACC-006778,CO-0017515,SMB,1-10,Retail/E-commerce,EMEA,inbound_marketing,2023-08-01,23.4,False
ACC-006779,CO-0123053,SMB,11-50,Manufacturing,EMEA,self_serve,2023-12-14,32.6,False
ACC-006780,CO-0103780,SMB,11-50,Manufacturing,LATAM,self_serve,2025-08-23,9.8,False
ACC-006781,CO-0121435,SMB,1-10,Financial Services,EMEA,self_serve,2022-07-01,30.5,False
ACC-006782,CO-0031775,SMB,51-200,Manufacturing,North America,inbound_marketing,2023-05-23,37.1,False
ACC-006783,CO-0072499,SMB,1-10,Manufacturing,North America,self_serve,2021-03-28,23.8,True
ACC-006784,CO-0098454,SMB,11-50,Retail/E-commerce,North America,self_serve,2025-07-04,19.1,False
ACC-006785,CO-0074246,SMB,1-10,Financial Services,North America,self_serve,2023-11-01,25.7,False
ACC-006786,CO-0040606,SMB,11-50,Financial Services,North America,self_serve,2022-08-11,35.6,False
ACC-006787,CO-0041177,SMB,51-200,Technology/SaaS,North America,self_serve,2025-03-17,33.4,False
ACC-006788,CO-0076071,SMB,51-200,Professional Services,APAC,self_serve,2024-03-05,29.3,False
ACC-006789,CO-0073156,SMB,51-200,Technology/SaaS,North America,inbound_marketing,2024-03-16,36.7,False
ACC-006790,CO-0104803,SMB,11-50,Manufacturing,North America,self_serve,2024-06-09,37.0,False
ACC-006791,CO-0101913,SMB,11-50,Retail/E-commerce,North America,self_serve,2024-02-13,24.7,False
ACC-006792,CO-0100391,Commercial,1-10,Healthcare,North America,self_serve,2020-03-17,26.4,False
ACC-006793,CO-0043859,SMB,1-10,Financial Services,North America,self_serve,2024-09-09,24.2,False
ACC-006794,CO-0004034,SMB,11-50,Retail/E-commerce,EMEA,self_serve,2025-10-07,32.1,False
ACC-006795,CO-0040016,SMB,11-50,Education,EMEA,inbound_marketing,2023-10-11,10.7,False
ACC-006796,CO-0109451,SMB,1-10,Logistics/Supply Chain,North America,self_serve,2025-03-10,14.1,False
ACC-006797,CO-0037531,SMB,11-50,Public Sector,North America,self_serve,2024-09-24,32.1,False
ACC-006798,CO-0065223,SMB,1-10,Financial Services,APAC,self_serve,2025-12-07,9.5,True
ACC-006799,CO-0058605,SMB,51-200,Retail/E-commerce,EMEA,self_serve,2025-11-07,33.2,False
ACC-006800,CO-0057337,SMB,11-50,Retail/E-commerce,APAC,self_serve,2024-10-27,20.8,False
ACC-006801,CO-0023603,SMB,51-200,Financial Services,APAC,self_serve,2022-09-26,37.4,False
ACC-006802,CO-0102439,SMB,51-200,Professional Services,North America,inbound_marketing,2023-05-21,34.4,False
ACC-006803,CO-0071296,SMB,1-10,Manufacturing,North America,inbound_marketing,2025-10-05,29.0,False
ACC-006804,CO-0013358,SMB,1-10,Retail/E-commerce,North America,self_serve,2024-02-14,17.7,False
ACC-006805,CO-0023374,SMB,1-10,Technology/SaaS,EMEA,self_serve,2020-05-08,18.3,False
ACC-006806,CO-0040171,SMB,1-10,Media/Entertainment,North America,self_serve,2020-10-21,32.2,False
ACC-006807,CO-0009305,SMB,51-200,Public Sector,North America,self_serve,2025-03-15,25.1,False
ACC-006808,CO-0042825,SMB,51-200,Retail/E-commerce,North America,self_serve,2023-11-16,33.3,False
ACC-006809,CO-0033778,SMB,51-200,Logistics/Supply Chain,North America,self_serve,2025-02-07,34.2,False
ACC-006810,CO-0015249,SMB,1-10,Technology/SaaS,EMEA,self_serve,2025-10-08,16.3,False
ACC-006811,CO-0098292,SMB,1-10,Technology/SaaS,North America,self_serve,2024-08-18,35.5,False
ACC-006812,CO-0092150,SMB,11-50,Education,North America,inbound_marketing,2024-05-11,31.0,False
ACC-006813,CO-0074006,SMB,1-10,Retail/E-commerce,North America,self_serve,2024-09-21,13.8,False
ACC-006814,CO-0049696,SMB,1-10,Logistics/Supply Chain,North America,self_serve,2025-10-15,7.3,False
ACC-006815,CO-0079556,SMB,1-10,Financial Services,North America,self_serve,2025-02-04,34.3,False
ACC-006816,CO-0086936,SMB,51-200,Retail/E-commerce,APAC,inbound_marketing,2025-05-09,27.8,False
ACC-006817,CO-0031603,SMB,51-200,Professional Services,North America,self_serve,2024-03-20,33.5,False
ACC-006818,CO-0105839,Commercial,51-200,Education,North America,self_serve,2020-10-09,20.3,False
ACC-006819,CO-0117816,SMB,1-10,Manufacturing,North America,self_serve,2025-03-08,30.8,False
ACC-006820,CO-0096003,SMB,51-200,Retail/E-commerce,North America,self_serve,2025-12-21,27.9,False
ACC-006821,CO-0045145,SMB,1-10,Media/Entertainment,North America,inbound_marketing,2025-06-10,17.4,False
ACC-006822,CO-0045729,SMB,11-50,Professional Services,North America,self_serve,2023-05-08,24.8,False
ACC-006823,CO-0104193,SMB,11-50,Financial Services,North America,inbound_marketing,2024-05-20,32.0,False
ACC-006824,CO-0056630,SMB,11-50,Healthcare,North America,self_serve,2025-12-24,18.0,False
ACC-006825,CO-0005013,SMB,11-50,Technology/SaaS,EMEA,self_serve,2025-08-09,26.3,False
ACC-006826,CO-0098864,SMB,1-10,Professional Services,North America,self_serve,2024-09-25,13.4,False
ACC-006827,CO-0019691,SMB,1-10,Financial Services,North America,self_serve,2024-12-24,31.7,True
ACC-006828,CO-0066943,SMB,11-50,Technology/SaaS,EMEA,self_serve,2022-08-23,30.3,False
ACC-006829,CO-0106849,SMB,1-10,Professional Services,LATAM,self_serve,2024-06-17,14.0,True
ACC-006830,CO-0007217,SMB,1-10,Professional Services,APAC,inbound_marketing,2022-05-17,17.5,False
ACC-006831,CO-0064185,SMB,1-10,Public Sector,North America,self_serve,2025-03-25,20.8,False
ACC-006832,CO-0099358,SMB,11-50,Manufacturing,North America,self_serve,2022-09-12,31.7,False
ACC-006833,CO-0086627,SMB,1-10,Manufacturing,EMEA,self_serve,2025-02-12,22.4,True
ACC-006834,CO-0040775,SMB,51-200,Professional Services,North America,self_serve,2023-05-26,35.1,False
ACC-006835,CO-0036876,SMB,11-50,Healthcare,North America,self_serve,2023-07-13,36.1,False
ACC-006836,CO-0080052,SMB,1-10,Professional Services,North America,self_serve,2025-10-11,25.0,False
ACC-006837,CO-0018350,SMB,1-10,Financial Services,EMEA,self_serve,2025-08-23,37.9,False
ACC-006838,CO-0084720,SMB,1-10,Logistics/Supply Chain,North America,self_serve,2025-11-09,28.8,False
ACC-006839,CO-0074883,SMB,11-50,Retail/E-commerce,APAC,self_serve,2021-01-12,35.1,False
ACC-006840,CO-0121579,Commercial,1-10,Professional Services,North America,self_serve,2025-07-19,29.8,False
ACC-006841,CO-0003511,SMB,11-50,Media/Entertainment,EMEA,self_serve,2025-12-21,29.3,False
ACC-006842,CO-0119536,SMB,1-10,Financial Services,EMEA,self_serve,2023-12-25,36.7,False
ACC-006843,CO-0024678,Commercial,11-50,Media/Entertainment,North America,self_serve,2020-05-27,26.1,False
ACC-006844,CO-0041978,Commercial,1-10,Technology/SaaS,North America,self_serve,2024-09-03,19.5,False
ACC-006845,CO-0022150,SMB,11-50,Education,North America,self_serve,2023-11-07,12.5,False
ACC-006846,CO-0111321,SMB,1-10,Media/Entertainment,EMEA,inbound_marketing,2025-05-13,13.7,True
ACC-006847,CO-0011606,SMB,11-50,Professional Services,North America,self_serve,2024-09-14,11.8,False
ACC-006848,CO-0110529,SMB,1-10,Technology/SaaS,North America,self_serve,2020-01-05,27.6,False
ACC-006849,CO-0094397,SMB,1-10,Media/Entertainment,APAC,inbound_marketing,2022-01-25,24.6,False
ACC-006850,CO-0088480,Commercial,1-10,Financial Services,EMEA,self_serve,2024-12-23,34.2,True
ACC-006851,CO-0030478,SMB,1-10,Technology/SaaS,North America,self_serve,2022-06-08,12.0,True
ACC-006852,CO-0008291,SMB,1-10,Professional Services,North America,self_serve,2023-09-12,19.9,False
ACC-006853,CO-0082743,SMB,11-50,Retail/E-commerce,EMEA,self_serve,2024-08-14,26.7,False
ACC-006854,CO-0111809,SMB,1-10,Financial Services,APAC,self_serve,2020-12-20,29.8,False
ACC-006855,CO-0043064,SMB,11-50,Financial Services,APAC,self_serve,2025-04-27,26.7,False
ACC-006856,CO-0004826,SMB,11-50,Financial Services,APAC,self_serve,2025-09-10,37.1,False
ACC-006857,CO-0088526,SMB,1-10,Financial Services,APAC,self_serve,2025-09-06,13.6,True
ACC-006858,CO-0034153,SMB,1-10,Logistics/Supply Chain,LATAM,self_serve,2025-04-13,9.5,False
ACC-006859,CO-0039426,SMB,11-50,Retail/E-commerce,EMEA,self_serve,2025-02-12,13.3,False
ACC-006860,CO-0078574,SMB,11-50,Manufacturing,APAC,self_serve,2024-01-17,21.0,False
ACC-006861,CO-0015795,SMB,1-10,Logistics/Supply Chain,LATAM,inbound_marketing,2022-02-02,19.1,False
ACC-006862,CO-0101075,SMB,11-50,Healthcare,North America,self_serve,2023-11-18,37.0,False
ACC-006863,CO-0100351,SMB,11-50,Financial Services,EMEA,self_serve,2023-03-01,32.1,False
ACC-006864,CO-0076086,SMB,11-50,Technology/SaaS,EMEA,self_serve,2025-12-10,37.3,False
ACC-006865,CO-0036730,SMB,11-50,Retail/E-commerce,EMEA,inbound_marketing,2023-08-06,39.2,False
ACC-006866,CO-0091547,SMB,51-200,Media/Entertainment,North America,self_serve,2021-04-24,39.5,False
ACC-006867,CO-0020646,SMB,11-50,Logistics/Supply Chain,North America,self_serve,2020-12-27,34.6,False
ACC-006868,CO-0019492,SMB,1-10,Healthcare,North America,self_serve,2024-01-15,21.7,False
ACC-006869,CO-0115015,SMB,1-10,Retail/E-commerce,North America,self_serve,2021-08-06,21.5,False
ACC-006870,CO-0063640,SMB,1-10,Professional Services,North America,inbound_marketing,2024-07-10,31.4,False
ACC-006871,CO-0021092,SMB,1-10,Education,North America,inbound_marketing,2024-05-21,23.1,False
ACC-006872,CO-0030435,Commercial,51-200,Professional Services,North America,self_serve,2022-05-21,39.3,False
ACC-006873,CO-0075442,SMB,1-10,Logistics/Supply Chain,North America,inbound_marketing,2021-05-15,16.4,False
ACC-006874,CO-0021892,SMB,51-200,Retail/E-commerce,North America,inbound_marketing,2025-12-10,39.2,False
ACC-006875,CO-0009832,SMB,1-10,Professional Services,APAC,self_serve,2025-11-06,25.2,False
ACC-006876,CO-0073122,SMB,1-10,Manufacturing,EMEA,inbound_marketing,2024-10-26,24.9,False
ACC-006877,CO-0102343,SMB,1-10,Financial Services,APAC,self_serve,2023-06-23,33.4,True
ACC-006878,CO-0022216,SMB,51-200,Financial Services,EMEA,self_serve,2025-06-19,36.7,False
ACC-006879,CO-0062489,SMB,1-10,Manufacturing,EMEA,inbound_marketing,2025-02-17,31.5,False
ACC-006880,CO-0017585,SMB,1-10,Healthcare,North America,inbound_marketing,2023-01-13,32.0,True
ACC-006881,CO-0116004,SMB,51-200,Professional Services,APAC,self_serve,2021-01-19,34.2,False
ACC-006882,CO-0120150,SMB,51-200,Technology/SaaS,North America,self_serve,2025-12-05,39.0,False
ACC-006883,CO-0107222,SMB,11-50,Technology/SaaS,North America,inbound_marketing,2024-08-22,27.1,False
ACC-006884,CO-0112499,SMB,51-200,Logistics/Supply Chain,EMEA,self_serve,2023-10-13,39.9,False
ACC-006885,CO-0043463,SMB,1-10,Manufacturing,EMEA,inbound_marketing,2024-08-11,24.1,False
ACC-006886,CO-0097222,SMB,11-50,Technology/SaaS,North America,self_serve,2025-11-27,38.8,False
ACC-006887,CO-0000049,SMB,1-10,Professional Services,North America,self_serve,2025-07-01,13.1,False
ACC-006888,CO-0075011,SMB,11-50,Education,North America,inbound_marketing,2024-12-13,17.7,False
ACC-006889,CO-0097324,SMB,11-50,Financial Services,EMEA,self_serve,2024-11-13,29.6,False
ACC-006890,CO-0017910,SMB,1-10,Financial Services,LATAM,inbound_marketing,2024-07-26,15.7,False
ACC-006891,CO-0054134,SMB,1-10,Logistics/Supply Chain,North America,inbound_marketing,2025-03-08,28.4,False
ACC-006892,CO-0095846,SMB,51-200,Public Sector,North America,inbound_marketing,2025-03-25,40.0,False
ACC-006893,CO-0036282,Commercial,11-50,Media/Entertainment,EMEA,self_serve,2025-03-18,31.9,False
ACC-006894,CO-0109326,SMB,11-50,Financial Services,North America,self_serve,2021-11-01,24.7,False
ACC-006895,CO-0057240,SMB,1-10,Healthcare,North America,inbound_marketing,2025-06-13,28.8,False
ACC-006896,CO-0111194,Commercial,1-10,Public Sector,North America,inbound_marketing,2022-03-26,32.0,False
ACC-006897,CO-0088267,SMB,11-50,Retail/E-commerce,North America,inbound_marketing,2025-03-18,20.8,False
ACC-006898,CO-0112075,SMB,11-50,Manufacturing,North America,self_serve,2025-11-20,33.2,False
ACC-006899,CO-0000157,SMB,1-10,Manufacturing,EMEA,self_serve,2024-04-25,23.3,True
ACC-006900,CO-0055628,SMB,1-10,Healthcare,APAC,inbound_marketing,2024-08-17,25.4,False
ACC-006901,CO-0119062,SMB,51-200,Public Sector,EMEA,self_serve,2025-12-26,36.4,False
ACC-006902,CO-0045963,SMB,1-10,Professional Services,EMEA,self_serve,2025-12-28,21.0,True
ACC-006903,CO-0067975,SMB,11-50,Manufacturing,North America,self_serve,2024-04-25,27.6,False
ACC-006904,CO-0068454,SMB,1-10,Manufacturing,EMEA,self_serve,2025-07-19,24.1,False
ACC-006905,CO-0111909,SMB,11-50,Media/Entertainment,North America,inbound_marketing,2025-07-03,37.3,False
ACC-006906,CO-0023645,SMB,1-10,Healthcare,North America,self_serve,2025-07-23,28.5,False
ACC-006907,CO-0007572,SMB,51-200,Professional Services,North America,self_serve,2025-05-02,26.7,False
ACC-006908,CO-0118402,SMB,1-10,Healthcare,North America,inbound_marketing,2025-05-23,26.4,False
ACC-006909,CO-0003177,SMB,11-50,Retail/E-commerce,EMEA,inbound_marketing,2021-11-18,19.4,False
ACC-006910,CO-0001421,Commercial,1-10,Public Sector,North America,self_serve,2023-11-19,32.5,False
ACC-006911,CO-0062236,SMB,11-50,Manufacturing,EMEA,self_serve,2022-08-12,25.7,False
ACC-006912,CO-0109353,SMB,11-50,Technology/SaaS,North America,self_serve,2021-07-29,26.4,False
ACC-006913,CO-0041419,SMB,51-200,Retail/E-commerce,North America,self_serve,2025-10-04,38.6,False
ACC-006914,CO-0051754,Commercial,1-10,Professional Services,North America,self_serve,2025-05-19,10.1,False
ACC-006915,CO-0099782,SMB,1-10,Professional Services,APAC,inbound_marketing,2025-01-18,20.8,False
ACC-006916,CO-0011016,Commercial,1-10,Healthcare,APAC,inbound_marketing,2023-11-27,13.0,True
ACC-006917,CO-0028955,SMB,11-50,Financial Services,North America,inbound_marketing,2024-09-17,36.7,False
ACC-006918,CO-0093287,SMB,1-10,Logistics/Supply Chain,EMEA,self_serve,2024-02-15,21.2,True
ACC-006919,CO-0029489,SMB,51-200,Logistics/Supply Chain,EMEA,inbound_marketing,2025-04-07,38.9,False
ACC-006920,CO-0022641,SMB,11-50,Education,North America,inbound_marketing,2024-09-13,15.5,False
ACC-006921,CO-0118326,SMB,201-1000,Retail/E-commerce,EMEA,self_serve,2020-04-18,39.7,False
ACC-006922,CO-0016158,SMB,1-10,Retail/E-commerce,EMEA,inbound_marketing,2021-09-24,14.8,False
ACC-006923,CO-0093158,SMB,11-50,Manufacturing,APAC,inbound_marketing,2025-09-01,37.8,False
ACC-006924,CO-0083214,SMB,51-200,Public Sector,APAC,self_serve,2024-08-04,36.8,False
ACC-006925,CO-0058812,SMB,11-50,Manufacturing,North America,inbound_marketing,2024-08-08,30.5,False
ACC-006926,CO-0003880,SMB,1-10,Financial Services,North America,self_serve,2024-02-20,28.7,False
ACC-006927,CO-0060766,SMB,1-10,Financial Services,LATAM,self_serve,2024-12-10,20.8,False
ACC-006928,CO-0030225,SMB,11-50,Logistics/Supply Chain,APAC,self_serve,2025-03-28,33.7,False
ACC-006929,CO-0102808,SMB,51-200,Media/Entertainment,North America,self_serve,2025-10-11,32.1,False
ACC-006930,CO-0019940,SMB,1-10,Education,APAC,self_serve,2024-12-25,13.9,False
ACC-006931,CO-0060749,Commercial,11-50,Healthcare,EMEA,self_serve,2025-05-01,23.2,False
ACC-006932,CO-0107017,Commercial,51-200,Logistics/Supply Chain,North America,self_serve,2025-07-01,31.9,False
ACC-006933,CO-0041613,SMB,1-10,Technology/SaaS,North America,self_serve,2024-06-23,29.2,False
ACC-006934,CO-0002778,SMB,1-10,Media/Entertainment,North America,inbound_marketing,2023-10-07,29.0,False
ACC-006935,CO-0005495,Commercial,51-200,Logistics/Supply Chain,North America,self_serve,2025-01-08,39.3,False
ACC-006936,CO-0114532,SMB,11-50,Professional Services,North America,self_serve,2024-09-21,32.2,False
ACC-006937,CO-0093742,SMB,11-50,Technology/SaaS,North America,inbound_marketing,2023-03-25,25.5,False
ACC-006938,CO-0085169,SMB,1-10,Logistics/Supply Chain,APAC,self_serve,2021-07-28,19.4,False
ACC-006939,CO-0046751,SMB,51-200,Retail/E-commerce,EMEA,inbound_marketing,2023-06-04,30.7,False
ACC-006940,CO-0071920,SMB,1-10,Professional Services,North America,self_serve,2025-07-24,21.9,False
ACC-006941,CO-0028956,Commercial,1-10,Public Sector,North America,self_serve,2024-10-08,32.5,False
ACC-006942,CO-0059756,Commercial,1-10,Public Sector,North America,inbound_marketing,2024-01-23,20.0,True
ACC-006943,CO-0015962,SMB,51-200,Retail/E-commerce,EMEA,self_serve,2025-05-15,36.9,False
ACC-006944,CO-0117482,SMB,51-200,Logistics/Supply Chain,APAC,self_serve,2022-06-21,31.7,False
ACC-006945,CO-0058490,SMB,11-50,Healthcare,North America,self_serve,2025-01-07,36.2,False
ACC-006946,CO-0028273,SMB,51-200,Technology/SaaS,APAC,self_serve,2022-10-11,38.2,False
ACC-006947,CO-0116944,SMB,11-50,Media/Entertainment,North America,self_serve,2021-10-23,24.1,False
ACC-006948,CO-0086398,SMB,1-10,Healthcare,North America,inbound_marketing,2024-03-11,22.7,False
ACC-006949,CO-0101279,SMB,1-10,Healthcare,APAC,inbound_marketing,2024-04-12,28.9,False
ACC-006950,CO-0035405,SMB,51-200,Professional Services,EMEA,self_serve,2024-08-22,31.7,False
ACC-006951,CO-0050746,SMB,1-10,Professional Services,LATAM,self_serve,2025-09-05,19.0,False
ACC-006952,CO-0096466,SMB,1-10,Technology/SaaS,LATAM,self_serve,2025-09-05,13.2,True
ACC-006953,CO-0064380,SMB,1-10,Media/Entertainment,EMEA,inbound_marketing,2022-07-25,29.3,False
ACC-006954,CO-0051548,SMB,1-10,Technology/SaaS,EMEA,self_serve,2021-01-21,25.1,True
ACC-006955,CO-0068541,SMB,1-10,Retail/E-commerce,North America,self_serve,2023-08-20,10.8,False
ACC-006956,CO-0070512,SMB,11-50,Professional Services,EMEA,self_serve,2025-06-13,30.4,False
ACC-006957,CO-0060069,Commercial,11-50,Retail/E-commerce,EMEA,self_serve,2024-06-25,18.7,False
ACC-006958,CO-0019176,SMB,1-10,Public Sector,LATAM,inbound_marketing,2024-09-26,15.5,True
ACC-006959,CO-0046196,SMB,1-10,Manufacturing,North America,inbound_marketing,2025-10-01,19.7,False
ACC-006960,CO-0002343,SMB,11-50,Manufacturing,North America,self_serve,2024-06-27,31.8,False
ACC-006961,CO-0092792,Commercial,1-10,Professional Services,North America,self_serve,2023-04-17,20.2,True
ACC-006962,CO-0093338,SMB,51-200,Professional Services,EMEA,self_serve,2024-08-25,37.5,False
ACC-006963,CO-0106006,Commercial,1-10,Technology/SaaS,North America,inbound_marketing,2025-03-12,32.2,False
ACC-006964,CO-0038409,SMB,1-10,Technology/SaaS,EMEA,inbound_marketing,2023-11-23,33.7,False
ACC-006965,CO-0061098,SMB,1-10,Media/Entertainment,LATAM,self_serve,2023-10-27,16.0,False
ACC-006966,CO-0029961,SMB,11-50,Retail/E-commerce,North America,inbound_marketing,2024-05-18,22.4,False
ACC-006967,CO-0012978,Commercial,1-10,Financial Services,North America,self_serve,2024-07-09,30.6,False
ACC-006968,CO-0062333,SMB,201-1000,Professional Services,EMEA,self_serve,2024-11-24,36.1,False
ACC-006969,CO-0082861,SMB,1-10,Professional Services,APAC,self_serve,2025-05-15,21.0,False
ACC-006970,CO-0053499,SMB,1-10,Professional Services,APAC,inbound_marketing,2023-12-13,28.9,False
ACC-006971,CO-0035751,SMB,11-50,Technology/SaaS,APAC,self_serve,2021-10-08,16.3,False
ACC-006972,CO-0081215,SMB,51-200,Manufacturing,North America,inbound_marketing,2020-06-14,39.6,False
ACC-006973,CO-0068642,SMB,11-50,Education,EMEA,self_serve,2025-12-06,13.5,False
ACC-006974,CO-0046863,Commercial,11-50,Financial Services,EMEA,self_serve,2024-02-16,39.0,False
ACC-006975,CO-0080914,SMB,1-10,Public Sector,APAC,self_serve,2023-07-02,25.3,False
ACC-006976,CO-0033696,SMB,1-10,Education,North America,inbound_marketing,2022-11-11,13.1,False
ACC-006977,CO-0098188,SMB,1-10,Retail/E-commerce,EMEA,self_serve,2025-02-18,8.3,False
ACC-006978,CO-0099565,SMB,51-200,Healthcare,North America,self_serve,2025-01-07,33.2,False
ACC-006979,CO-0050240,SMB,1-10,Manufacturing,APAC,self_serve,2023-12-17,27.2,False
ACC-006980,CO-0095246,SMB,1-10,Media/Entertainment,North America,inbound_marketing,2025-09-24,26.1,False
ACC-006981,CO-0059824,SMB,1-10,Financial Services,North America,self_serve,2024-07-01,15.5,False
ACC-006982,CO-0029269,SMB,1-10,Manufacturing,North America,inbound_marketing,2024-10-27,27.2,True
ACC-006983,CO-0008059,SMB,1-10,Financial Services,North America,self_serve,2025-05-04,28.4,False
ACC-006984,CO-0015781,SMB,11-50,Manufacturing,EMEA,inbound_marketing,2024-07-23,32.9,False
ACC-006985,CO-0114436,SMB,1-10,Public Sector,EMEA,self_serve,2025-12-10,19.2,False
ACC-006986,CO-0059173,SMB,51-200,Healthcare,EMEA,self_serve,2025-04-25,38.4,False
ACC-006987,CO-0086205,SMB,11-50,Retail/E-commerce,North America,self_serve,2025-06-05,23.7,False
ACC-006988,CO-0029811,SMB,11-50,Logistics/Supply Chain,North America,self_serve,2024-12-09,30.0,False
ACC-006989,CO-0109595,Commercial,11-50,Financial Services,North America,inbound_marketing,2025-04-14,39.5,False
ACC-006990,CO-0001241,SMB,1-10,Healthcare,APAC,self_serve,2021-03-13,25.0,False
ACC-006991,CO-0015097,SMB,11-50,Media/Entertainment,EMEA,self_serve,2022-10-20,25.1,False
ACC-006992,CO-0043251,SMB,1-10,Retail/E-commerce,North America,inbound_marketing,2024-05-06,11.3,False
ACC-006993,CO-0034271,SMB,1-10,Education,APAC,self_serve,2023-07-23,8.6,True
ACC-006994,CO-0030804,SMB,1-10,Media/Entertainment,APAC,self_serve,2024-04-18,9.2,True
ACC-006995,CO-0113022,SMB,11-50,Financial Services,North America,self_serve,2024-03-19,30.4,False
ACC-006996,CO-0004125,SMB,11-50,Public Sector,North America,self_serve,2025-08-03,37.0,False
ACC-006997,CO-0067145,SMB,1-10,Retail/E-commerce,North America,self_serve,2023-03-05,12.9,True
ACC-006998,CO-0071983,SMB,1-10,Logistics/Supply Chain,APAC,self_serve,2021-06-19,30.1,False
ACC-006999,CO-0018173,SMB,1-10,Public Sector,EMEA,inbound_marketing,2025-04-09,24.2,False
ACC-007000,CO-0016916,SMB,1-10,Manufacturing,North America,inbound_marketing,2023-11-06,23.0,False
ACC-007001,CO-0027182,SMB,51-200,Media/Entertainment,North America,self_serve,2025-12-11,34.3,False
ACC-007002,CO-0037245,SMB,11-50,Public Sector,North America,self_serve,2020-09-24,35.6,False
ACC-007003,CO-0118348,SMB,11-50,Manufacturing,LATAM,self_serve,2024-04-23,24.0,False
ACC-007004,CO-0106026,SMB,11-50,Healthcare,EMEA,self_serve,2023-10-01,33.2,False
ACC-007005,CO-0098346,SMB,1-10,Financial Services,North America,self_serve,2023-07-11,29.1,True
ACC-007006,CO-0010228,SMB,1-10,Public Sector,North America,inbound_marketing,2023-12-14,23.4,False
ACC-007007,CO-0031485,SMB,1-10,Financial Services,North America,self_serve,2025-01-09,23.5,False
ACC-007008,CO-0109612,SMB,1-10,Manufacturing,APAC,self_serve,2025-02-14,12.5,False
ACC-007009,CO-0086766,SMB,51-200,Public Sector,EMEA,inbound_marketing,2025-09-05,37.7,False
ACC-007010,CO-0009541,SMB,1-10,Manufacturing,North America,inbound_marketing,2020-07-20,26.2,False
ACC-007011,CO-0101247,SMB,1-10,Technology/SaaS,North America,self_serve,2023-06-15,31.8,True
ACC-007012,CO-0038030,SMB,11-50,Manufacturing,LATAM,self_serve,2023-11-07,28.2,False
ACC-007013,CO-0043424,SMB,51-200,Manufacturing,LATAM,self_serve,2025-04-19,39.7,False
ACC-007014,CO-0093060,SMB,11-50,Manufacturing,North America,self_serve,2023-06-13,29.5,False
ACC-007015,CO-0057580,SMB,1-10,Manufacturing,LATAM,inbound_marketing,2023-04-14,35.8,False
ACC-007016,CO-0026552,SMB,11-50,Retail/E-commerce,North America,inbound_marketing,2025-01-04,19.7,False
ACC-007017,CO-0010423,SMB,1-10,Financial Services,EMEA,inbound_marketing,2025-07-06,35.2,False
ACC-007018,CO-0048506,SMB,11-50,Manufacturing,EMEA,self_serve,2023-11-01,39.5,False
ACC-007019,CO-0033619,SMB,11-50,Public Sector,North America,self_serve,2023-09-25,27.1,False
ACC-007020,CO-0063808,Commercial,51-200,Logistics/Supply Chain,North America,inbound_marketing,2024-06-02,38.0,False
ACC-007021,CO-0109044,SMB,1-10,Public Sector,North America,self_serve,2024-03-11,22.3,True
ACC-007022,CO-0066535,SMB,11-50,Manufacturing,North America,self_serve,2024-03-11,36.3,False
ACC-007023,CO-0064085,Commercial,11-50,Financial Services,North America,self_serve,2025-04-07,39.7,False
ACC-007024,CO-0037187,SMB,11-50,Manufacturing,EMEA,self_serve,2025-04-05,29.9,False
ACC-007025,CO-0099872,SMB,1-10,Manufacturing,EMEA,self_serve,2022-02-20,30.9,False
ACC-007026,CO-0115567,SMB,11-50,Technology/SaaS,EMEA,self_serve,2024-06-19,39.3,False
ACC-007027,CO-0103460,SMB,51-200,Healthcare,North America,self_serve,2025-03-24,33.5,False
ACC-007028,CO-0078946,SMB,11-50,Professional Services,North America,self_serve,2025-03-09,32.3,False
ACC-007029,CO-0005822,SMB,1-10,Retail/E-commerce,APAC,self_serve,2025-03-20,17.1,False
ACC-007030,CO-0100911,SMB,1-10,Technology/SaaS,North America,self_serve,2025-02-12,25.8,False
ACC-007031,CO-0026224,SMB,1-10,Public Sector,APAC,inbound_marketing,2024-03-28,20.5,False
ACC-007032,CO-0070724,SMB,1-10,Technology/SaaS,North America,inbound_marketing,2022-03-11,28.1,False
ACC-007033,CO-0082200,SMB,1-10,Financial Services,North America,self_serve,2025-11-02,38.3,True
ACC-007034,CO-0119301,Commercial,51-200,Media/Entertainment,North America,self_serve,2024-01-07,36.8,False
ACC-007035,CO-0047997,SMB,1-10,Public Sector,North America,self_serve,2020-03-29,19.4,False
ACC-007036,CO-0122413,Commercial,51-200,Retail/E-commerce,North America,self_serve,2025-01-22,37.0,False
ACC-007037,CO-0016823,SMB,1-10,Financial Services,North America,self_serve,2022-08-05,27.1,True
ACC-007038,CO-0006617,SMB,11-50,Healthcare,North America,self_serve,2023-01-14,33.2,False
ACC-007039,CO-0036773,SMB,11-50,Retail/E-commerce,APAC,self_serve,2025-02-17,27.2,False
ACC-007040,CO-0026070,SMB,51-200,Professional Services,EMEA,inbound_marketing,2024-08-25,35.6,False
ACC-007041,CO-0017812,SMB,201-1000,Media/Entertainment,North America,self_serve,2024-09-01,39.3,False
ACC-007042,CO-0113647,SMB,1-10,Financial Services,EMEA,inbound_marketing,2021-05-29,35.7,False
ACC-007043,CO-0021318,SMB,1-10,Financial Services,North America,self_serve,2025-12-01,32.5,False
ACC-007044,CO-0032426,SMB,1-10,Technology/SaaS,APAC,inbound_marketing,2024-12-16,32.9,False
ACC-007045,CO-0080892,SMB,51-200,Retail/E-commerce,North America,self_serve,2021-06-11,36.0,False
ACC-007046,CO-0100385,SMB,11-50,Logistics/Supply Chain,EMEA,self_serve,2020-02-15,27.1,False
ACC-007047,CO-0063656,SMB,51-200,Financial Services,APAC,self_serve,2024-04-23,38.8,False
ACC-007048,CO-0084611,SMB,1-10,Retail/E-commerce,EMEA,inbound_marketing,2025-12-15,19.6,False
ACC-007049,CO-0059810,SMB,11-50,Professional Services,EMEA,self_serve,2024-05-03,20.0,False
ACC-007050,CO-0011369,SMB,1-10,Healthcare,North America,self_serve,2024-02-05,9.4,False
ACC-007051,CO-0037225,SMB,1-10,Retail/E-commerce,North America,self_serve,2023-04-18,22.8,False
ACC-007052,CO-0071866,SMB,11-50,Technology/SaaS,North America,self_serve,2021-10-13,37.1,False
ACC-007053,CO-0021574,SMB,11-50,Public Sector,APAC,self_serve,2023-11-19,17.9,False
ACC-007054,CO-0050447,SMB,1-10,Manufacturing,North America,self_serve,2025-04-04,25.7,False
ACC-007055,CO-0061994,SMB,1-10,Media/Entertainment,North America,self_serve,2020-11-21,19.2,False
ACC-007056,CO-0073252,SMB,51-200,Media/Entertainment,EMEA,inbound_marketing,2024-05-05,32.4,False
ACC-007057,CO-0053585,Commercial,1-10,Logistics/Supply Chain,EMEA,self_serve,2022-01-17,20.2,False
ACC-007058,CO-0114514,SMB,1-10,Financial Services,North America,self_serve,2024-08-27,30.6,False
ACC-007059,CO-0087415,SMB,1-10,Media/Entertainment,North America,self_serve,2025-05-22,21.6,False
ACC-007060,CO-0050657,SMB,1-10,Professional Services,APAC,inbound_marketing,2025-06-27,19.3,False
ACC-007061,CO-0100108,SMB,1-10,Logistics/Supply Chain,EMEA,self_serve,2021-09-18,15.7,False
ACC-007062,CO-0017311,SMB,51-200,Professional Services,APAC,inbound_marketing,2022-12-21,31.2,False
ACC-007063,CO-0115448,SMB,1-10,Retail/E-commerce,APAC,self_serve,2025-02-26,19.6,False
ACC-007064,CO-0025773,SMB,11-50,Logistics/Supply Chain,North America,self_serve,2021-08-06,28.5,False
ACC-007065,CO-0097709,Enterprise,51-200,Retail/E-commerce,North America,self_serve,2021-12-09,37.9,False
ACC-007066,CO-0060579,SMB,11-50,Education,North America,inbound_marketing,2024-11-06,15.4,False
ACC-007067,CO-0094949,SMB,1-10,Professional Services,EMEA,inbound_marketing,2025-10-15,18.2,False
ACC-007068,CO-0022420,Commercial,1-10,Healthcare,North America,self_serve,2022-02-12,32.7,True
ACC-007069,CO-0040815,SMB,51-200,Retail/E-commerce,North America,self_serve,2024-07-08,21.4,False
ACC-007070,CO-0086933,SMB,1-10,Public Sector,EMEA,self_serve,2025-04-04,27.2,False
ACC-007071,CO-0093319,SMB,1-10,Financial Services,LATAM,self_serve,2025-11-16,37.8,False
ACC-007072,CO-0117137,SMB,1-10,Logistics/Supply Chain,North America,inbound_marketing,2024-02-21,23.8,True
ACC-007073,CO-0081608,SMB,1-10,Logistics/Supply Chain,North America,self_serve,2025-04-22,24.5,False
ACC-007074,CO-0068398,SMB,1-10,Technology/SaaS,APAC,self_serve,2025-11-23,31.3,False
ACC-007075,CO-0083757,SMB,51-200,Technology/SaaS,EMEA,self_serve,2023-08-04,39.7,False
ACC-007076,CO-0058374,SMB,1-10,Professional Services,North America,self_serve,2025-11-21,22.0,True
ACC-007077,CO-0045061,Commercial,51-200,Media/Entertainment,APAC,self_serve,2023-04-25,29.0,False
ACC-007078,CO-0113877,SMB,11-50,Logistics/Supply Chain,North America,self_serve,2024-04-06,35.8,False
ACC-007079,CO-0075794,SMB,1-10,Professional Services,North America,inbound_marketing,2025-07-11,19.6,False
ACC-007080,CO-0061493,SMB,11-50,Manufacturing,APAC,self_serve,2025-01-15,29.9,False
ACC-007081,CO-0097839,Commercial,11-50,Public Sector,EMEA,self_serve,2025-06-26,28.4,False
ACC-007082,CO-0006335,SMB,11-50,Public Sector,North America,inbound_marketing,2025-07-07,39.4,False
ACC-007083,CO-0112303,SMB,1-10,Financial Services,North America,self_serve,2023-11-09,33.8,False
ACC-007084,CO-0076186,SMB,1-10,Healthcare,North America,self_serve,2023-01-11,11.8,False
ACC-007085,CO-0111961,SMB,51-200,Logistics/Supply Chain,North America,self_serve,2024-05-10,29.0,False
ACC-007086,CO-0062868,SMB,11-50,Logistics/Supply Chain,EMEA,self_serve,2021-10-11,24.7,False
ACC-007087,CO-0110001,SMB,1-10,Education,APAC,inbound_marketing,2022-05-23,11.4,False
ACC-007088,CO-0047365,SMB,11-50,Financial Services,North America,self_serve,2022-04-17,33.5,False
ACC-007089,CO-0016214,SMB,11-50,Professional Services,North America,inbound_marketing,2024-03-04,33.7,False
ACC-007090,CO-0032093,SMB,1-10,Retail/E-commerce,North America,self_serve,2023-09-13,29.1,False
ACC-007091,CO-0002822,SMB,51-200,Education,North America,inbound_marketing,2023-08-18,33.5,False
ACC-007092,CO-0107652,SMB,1-10,Manufacturing,North America,self_serve,2024-05-17,19.2,True
ACC-007093,CO-0075263,SMB,1-10,Logistics/Supply Chain,North America,self_serve,2023-08-18,22.8,False
ACC-007094,CO-0087468,SMB,11-50,Technology/SaaS,North America,self_serve,2023-10-25,35.3,False
ACC-007095,CO-0052810,SMB,1-10,Retail/E-commerce,North America,self_serve,2023-08-07,15.0,False
ACC-007096,CO-0081800,SMB,11-50,Financial Services,EMEA,self_serve,2020-02-09,31.0,False
ACC-007097,CO-0078733,SMB,1-10,Financial Services,North America,self_serve,2023-09-24,28.8,False
ACC-007098,CO-0050631,SMB,11-50,Professional Services,North America,self_serve,2024-07-17,30.9,False
ACC-007099,CO-0095524,SMB,51-200,Professional Services,North America,inbound_marketing,2025-08-04,38.9,False
ACC-007100,CO-0014496,SMB,1-10,Retail/E-commerce,North America,inbound_marketing,2024-06-12,23.6,True
ACC-007101,CO-0103250,SMB,11-50,Technology/SaaS,North America,self_serve,2024-06-08,38.9,False
ACC-007102,CO-0030242,SMB,1-10,Logistics/Supply Chain,North America,self_serve,2024-01-07,34.0,False
ACC-007103,CO-0069974,SMB,11-50,Healthcare,APAC,inbound_marketing,2024-05-11,37.8,False
ACC-007104,CO-0094124,SMB,11-50,Healthcare,EMEA,self_serve,2025-12-02,26.7,False
ACC-007105,CO-0027811,SMB,11-50,Manufacturing,EMEA,self_serve,2025-10-08,28.4,False
ACC-007106,CO-0029784,SMB,11-50,Logistics/Supply Chain,North America,inbound_marketing,2022-09-20,26.1,False
ACC-007107,CO-0031450,SMB,1-10,Healthcare,North America,inbound_marketing,2023-09-25,20.6,False
ACC-007108,CO-0108340,SMB,11-50,Professional Services,North America,self_serve,2025-12-20,19.7,False
ACC-007109,CO-0115643,SMB,1-10,Manufacturing,EMEA,self_serve,2023-09-12,36.8,False
ACC-007110,CO-0019369,SMB,11-50,Technology/SaaS,North America,self_serve,2023-05-10,27.9,False
ACC-007111,CO-0017253,SMB,1-10,Healthcare,North America,self_serve,2023-10-06,32.9,False
ACC-007112,CO-0022269,SMB,11-50,Retail/E-commerce,North America,inbound_marketing,2021-11-19,24.7,False
ACC-007113,CO-0089956,SMB,11-50,Technology/SaaS,North America,self_serve,2023-08-05,26.2,False
ACC-007114,CO-0018062,SMB,1-10,Healthcare,EMEA,self_serve,2023-08-10,20.4,True
ACC-007115,CO-0085373,SMB,1-10,Technology/SaaS,North America,self_serve,2025-12-05,32.1,False
ACC-007116,CO-0095519,SMB,11-50,Logistics/Supply Chain,North America,self_serve,2024-05-09,26.6,False
ACC-007117,CO-0078258,SMB,201-1000,Professional Services,North America,self_serve,2024-10-10,39.8,False
ACC-007118,CO-0116033,Commercial,51-200,Logistics/Supply Chain,APAC,self_serve,2023-11-16,39.4,False
ACC-007119,CO-0047783,SMB,1-10,Financial Services,North America,inbound_marketing,2024-12-21,29.0,False
ACC-007120,CO-0048845,SMB,1-10,Financial Services,APAC,self_serve,2023-03-26,26.6,False
ACC-007121,CO-0096024,SMB,51-200,Manufacturing,North America,self_serve,2025-06-20,28.8,False
ACC-007122,CO-0092355,SMB,1-10,Public Sector,North America,self_serve,2024-07-03,24.2,False
ACC-007123,CO-0000395,SMB,51-200,Education,North America,self_serve,2025-01-24,38.5,False
ACC-007124,CO-0027900,SMB,11-50,Financial Services,North America,self_serve,2024-12-26,33.1,False
ACC-007125,CO-0031728,SMB,11-50,Technology/SaaS,APAC,inbound_marketing,2025-03-11,32.5,False
ACC-007126,CO-0026580,SMB,1-10,Financial Services,North America,inbound_marketing,2023-10-12,30.4,False
ACC-007127,CO-0072827,Commercial,11-50,Technology/SaaS,North America,self_serve,2025-01-18,29.2,False
ACC-007128,CO-0087033,Commercial,1-10,Education,North America,inbound_marketing,2025-02-04,23.6,True
ACC-007129,CO-0058300,SMB,1-10,Financial Services,APAC,inbound_marketing,2024-01-12,32.8,False
ACC-007130,CO-0033916,SMB,11-50,Manufacturing,North America,self_serve,2023-06-27,36.0,False
ACC-007131,CO-0122229,SMB,1-10,Logistics/Supply Chain,EMEA,self_serve,2025-02-27,32.3,True
ACC-007132,CO-0117348,SMB,1-10,Financial Services,EMEA,self_serve,2025-09-23,15.8,False
ACC-007133,CO-0123156,SMB,11-50,Healthcare,North America,inbound_marketing,2023-05-21,29.9,False
ACC-007134,CO-0058009,SMB,11-50,Healthcare,North America,self_serve,2025-04-27,27.8,False
ACC-007135,CO-0028077,SMB,1-10,Technology/SaaS,North America,inbound_marketing,2022-07-09,27.4,False
ACC-007136,CO-0036000,SMB,11-50,Retail/E-commerce,EMEA,self_serve,2025-10-09,27.0,False
ACC-007137,CO-0016774,SMB,1-10,Technology/SaaS,North America,self_serve,2020-11-04,31.8,False
ACC-007138,CO-0106575,Commercial,51-200,Professional Services,APAC,self_serve,2023-06-27,25.1,False
ACC-007139,CO-0076728,SMB,1-10,Education,LATAM,self_serve,2022-03-06,23.8,True
ACC-007140,CO-0051430,SMB,1-10,Professional Services,EMEA,self_serve,2025-12-19,23.1,False
ACC-007141,CO-0098264,SMB,1-10,Technology/SaaS,North America,inbound_marketing,2024-02-22,21.0,True
ACC-007142,CO-0108055,SMB,11-50,Public Sector,EMEA,self_serve,2025-04-03,38.0,False
ACC-007143,CO-0070834,SMB,11-50,Manufacturing,North America,self_serve,2022-07-06,28.8,False
ACC-007144,CO-0064473,SMB,1-10,Media/Entertainment,EMEA,self_serve,2022-12-31,28.4,False
ACC-007145,CO-0094157,SMB,51-200,Retail/E-commerce,APAC,self_serve,2025-09-17,38.1,False
ACC-007146,CO-0033996,SMB,1-10,Education,North America,self_serve,2022-04-10,22.9,False
ACC-007147,CO-0020509,SMB,51-200,Retail/E-commerce,APAC,self_serve,2024-08-08,17.8,False
ACC-007148,CO-0086345,SMB,1-10,Manufacturing,APAC,self_serve,2024-11-20,37.4,False
ACC-007149,CO-0073477,SMB,51-200,Financial Services,EMEA,inbound_marketing,2024-05-05,38.3,False
ACC-007150,CO-0035037,SMB,1-10,Professional Services,APAC,self_serve,2020-10-24,2.8,False
ACC-007151,CO-0042742,SMB,11-50,Manufacturing,North America,self_serve,2025-10-24,36.5,False
ACC-007152,CO-0007456,SMB,1-10,Healthcare,North America,self_serve,2022-07-29,31.7,False
ACC-007153,CO-0024846,SMB,1-10,Manufacturing,North America,self_serve,2025-12-27,30.4,False
ACC-007154,CO-0059482,SMB,51-200,Technology/SaaS,North America,self_serve,2021-01-22,34.9,False
ACC-007155,CO-0000229,SMB,11-50,Manufacturing,EMEA,self_serve,2025-04-02,33.6,False
ACC-007156,CO-0040312,SMB,51-200,Manufacturing,North America,self_serve,2023-08-28,34.4,False
ACC-007157,CO-0077683,SMB,11-50,Manufacturing,LATAM,self_serve,2024-10-17,21.1,False
ACC-007158,CO-0011210,SMB,51-200,Professional Services,North America,self_serve,2023-01-11,26.4,False
ACC-007159,CO-0036972,SMB,1-10,Media/Entertainment,LATAM,self_serve,2024-12-21,10.4,False
ACC-007160,CO-0042058,Commercial,51-200,Professional Services,LATAM,self_serve,2023-07-09,32.3,False
ACC-007161,CO-0015773,SMB,1-10,Education,EMEA,inbound_marketing,2025-02-27,14.9,False
ACC-007162,CO-0034666,SMB,11-50,Retail/E-commerce,North America,self_serve,2024-05-11,13.8,False
ACC-007163,CO-0113417,SMB,1-10,Manufacturing,North America,self_serve,2025-03-02,23.9,True
ACC-007164,CO-0053147,SMB,1-10,Logistics/Supply Chain,North America,self_serve,2025-04-19,21.5,False
ACC-007165,CO-0026374,SMB,1-10,Media/Entertainment,North America,self_serve,2023-04-18,41.1,True
ACC-007166,CO-0062918,SMB,51-200,Public Sector,North America,self_serve,2025-06-21,31.7,False
ACC-007167,CO-0006152,SMB,1-10,Public Sector,APAC,inbound_marketing,2021-11-12,23.2,False
ACC-007168,CO-0090039,SMB,1-10,Logistics/Supply Chain,North America,inbound_marketing,2024-02-11,19.7,False
ACC-007169,CO-0082275,SMB,1-10,Technology/SaaS,North America,inbound_marketing,2025-01-06,22.1,True
ACC-007170,CO-0032340,SMB,11-50,Healthcare,North America,self_serve,2025-05-13,25.4,False
ACC-007171,CO-0003670,SMB,1-10,Financial Services,EMEA,self_serve,2021-10-02,27.8,False
ACC-007172,CO-0019472,SMB,1-10,Logistics/Supply Chain,EMEA,self_serve,2025-08-24,16.5,False
ACC-007173,CO-0109817,SMB,51-200,Retail/E-commerce,North America,inbound_marketing,2025-09-13,32.4,False
ACC-007174,CO-0078061,SMB,1-10,Healthcare,North America,self_serve,2025-10-20,24.2,False
ACC-007175,CO-0003756,SMB,1-10,Technology/SaaS,APAC,self_serve,2024-10-02,15.0,False
ACC-007176,CO-0100366,SMB,11-50,Financial Services,North America,self_serve,2024-09-23,33.3,False
ACC-007177,CO-0075235,SMB,1-10,Education,North America,self_serve,2020-06-14,13.6,False
ACC-007178,CO-0095577,SMB,1-10,Logistics/Supply Chain,North America,self_serve,2025-12-26,30.6,False
ACC-007179,CO-0030937,SMB,1-10,Education,LATAM,self_serve,2023-08-04,8.9,False
ACC-007180,CO-0090066,Commercial,1-10,Healthcare,North America,inbound_marketing,2022-06-07,14.6,False
ACC-007181,CO-0076318,SMB,1-10,Financial Services,LATAM,inbound_marketing,2024-02-26,27.1,False
ACC-007182,CO-0029345,SMB,11-50,Healthcare,North America,self_serve,2020-06-08,19.7,False
ACC-007183,CO-0103658,Commercial,11-50,Retail/E-commerce,North America,inbound_marketing,2023-05-07,15.6,False
ACC-007184,CO-0046550,SMB,1-10,Healthcare,North America,self_serve,2025-05-10,32.3,False
ACC-007185,CO-0004815,SMB,11-50,Retail/E-commerce,North America,self_serve,2025-01-25,34.1,False
ACC-007186,CO-0012183,SMB,11-50,Financial Services,EMEA,self_serve,2024-03-08,38.1,False
ACC-007187,CO-0014790,SMB,1-10,Financial Services,EMEA,self_serve,2022-09-10,34.3,True
ACC-007188,CO-0105729,Commercial,51-200,Healthcare,APAC,self_serve,2023-12-27,35.6,False
ACC-007189,CO-0011920,Commercial,1-10,Education,EMEA,self_serve,2024-11-01,10.1,True
ACC-007190,CO-0028831,SMB,1-10,Healthcare,EMEA,inbound_marketing,2025-08-20,12.7,False
ACC-007191,CO-0032688,SMB,1-10,Education,North America,self_serve,2025-03-22,19.0,False
ACC-007192,CO-0115568,SMB,51-200,Retail/E-commerce,APAC,inbound_marketing,2023-11-12,36.2,False
ACC-007193,CO-0059473,SMB,1-10,Professional Services,North America,self_serve,2025-12-19,30.8,False
ACC-007194,CO-0015707,SMB,1-10,Media/Entertainment,North America,self_serve,2023-10-10,30.3,False
ACC-007195,CO-0038770,SMB,1-10,Professional Services,North America,self_serve,2020-02-05,18.5,False
ACC-007196,CO-0067666,SMB,1-10,Financial Services,North America,inbound_marketing,2025-10-06,24.5,False
ACC-007197,CO-0049182,SMB,1-10,Professional Services,North America,self_serve,2025-06-25,17.8,False
ACC-007198,CO-0101596,SMB,1-10,Logistics/Supply Chain,North America,self_serve,2025-09-22,27.2,False
ACC-007199,CO-0035665,Commercial,1-10,Professional Services,North America,self_serve,2021-08-11,21.8,True
ACC-007200,CO-0008541,SMB,11-50,Financial Services,North America,self_serve,2025-09-28,29.7,False
ACC-007201,CO-0020360,SMB,11-50,Professional Services,North America,inbound_marketing,2025-10-07,25.1,False
ACC-007202,CO-0079224,SMB,11-50,Technology/SaaS,LATAM,self_serve,2024-09-09,31.0,False
ACC-007203,CO-0092474,SMB,1-10,Public Sector,EMEA,inbound_marketing,2023-04-01,19.1,False
ACC-007204,CO-0056797,SMB,1-10,Technology/SaaS,EMEA,self_serve,2025-06-26,32.1,False
ACC-007205,CO-0018597,SMB,11-50,Public Sector,North America,self_serve,2023-05-03,31.4,False
ACC-007206,CO-0028690,SMB,1-10,Technology/SaaS,North America,self_serve,2023-01-27,25.6,False
ACC-007207,CO-0097689,SMB,11-50,Retail/E-commerce,North America,self_serve,2024-02-14,21.0,False
ACC-007208,CO-0113091,SMB,11-50,Media/Entertainment,EMEA,self_serve,2023-09-19,14.8,False
ACC-007209,CO-0087097,Commercial,1-10,Healthcare,LATAM,inbound_marketing,2024-02-07,10.8,False
ACC-007210,CO-0069047,SMB,11-50,Professional Services,North America,self_serve,2024-09-22,25.6,False
ACC-007211,CO-0076238,Commercial,1-10,Healthcare,North America,self_serve,2022-04-18,26.3,False
ACC-007212,CO-0069196,SMB,51-200,Manufacturing,APAC,self_serve,2025-07-21,38.7,False
ACC-007213,CO-0120682,SMB,11-50,Logistics/Supply Chain,North America,self_serve,2023-04-22,30.6,False
ACC-007214,CO-0117646,SMB,51-200,Logistics/Supply Chain,North America,inbound_marketing,2025-05-24,39.4,False
ACC-007215,CO-0021978,Commercial,1-10,Healthcare,North America,self_serve,2020-04-16,22.6,False
ACC-007216,CO-0062683,SMB,1-10,Technology/SaaS,APAC,self_serve,2025-01-20,25.5,True
ACC-007217,CO-0036325,SMB,1-10,Technology/SaaS,APAC,self_serve,2025-04-04,27.1,False
ACC-007218,CO-0076320,SMB,1-10,Technology/SaaS,North America,self_serve,2021-03-09,28.7,True
ACC-007219,CO-0103068,SMB,11-50,Manufacturing,North America,inbound_marketing,2025-02-27,33.9,False
ACC-007220,CO-0103609,SMB,1-10,Retail/E-commerce,North America,self_serve,2020-07-21,19.5,False
ACC-007221,CO-0029044,SMB,11-50,Public Sector,North America,self_serve,2025-11-01,35.1,False
ACC-007222,CO-0068736,SMB,1-10,Technology/SaaS,North America,inbound_marketing,2025-09-19,36.9,False
ACC-007223,CO-0118568,SMB,51-200,Media/Entertainment,North America,self_serve,2023-01-14,30.2,False
ACC-007224,CO-0079197,SMB,11-50,Professional Services,EMEA,self_serve,2020-02-05,30.6,False
ACC-007225,CO-0076341,Enterprise,1-10,Technology/SaaS,EMEA,self_serve,2022-05-17,35.1,False
ACC-007226,CO-0102597,SMB,11-50,Media/Entertainment,EMEA,self_serve,2024-04-04,33.4,False
ACC-007227,CO-0029482,Commercial,1-10,Logistics/Supply Chain,EMEA,self_serve,2023-05-19,18.5,False
ACC-007228,CO-0007166,Commercial,11-50,Professional Services,EMEA,self_serve,2020-03-30,33.3,False
ACC-007229,CO-0037172,SMB,51-200,Professional Services,North America,self_serve,2025-07-07,28.7,False
ACC-007230,CO-0056782,SMB,11-50,Education,North America,self_serve,2024-11-03,36.9,False
ACC-007231,CO-0014771,SMB,11-50,Media/Entertainment,EMEA,self_serve,2025-12-02,15.6,False
ACC-007232,CO-0032971,SMB,1-10,Education,LATAM,self_serve,2025-12-04,18.5,True
ACC-007233,CO-0031244,SMB,11-50,Technology/SaaS,LATAM,self_serve,2024-01-27,34.0,False
ACC-007234,CO-0063798,SMB,1-10,Public Sector,EMEA,self_serve,2025-10-25,17.3,False
ACC-007235,CO-0088413,SMB,51-200,Retail/E-commerce,North America,inbound_marketing,2025-08-10,39.6,False
ACC-007236,CO-0043027,SMB,1-10,Technology/SaaS,EMEA,self_serve,2024-01-15,22.7,False
ACC-007237,CO-0003506,SMB,201-1000,Professional Services,APAC,self_serve,2021-03-20,36.4,False
ACC-007238,CO-0091127,SMB,11-50,Public Sector,North America,self_serve,2022-10-16,20.3,False
ACC-007239,CO-0002177,SMB,51-200,Media/Entertainment,EMEA,self_serve,2023-10-10,28.3,False
ACC-007240,CO-0112782,SMB,1-10,Retail/E-commerce,EMEA,self_serve,2023-07-14,13.4,False
ACC-007241,CO-0061327,SMB,201-1000,Media/Entertainment,North America,self_serve,2020-11-15,35.8,False
ACC-007242,CO-0037014,SMB,11-50,Healthcare,North America,inbound_marketing,2024-07-16,30.1,False
ACC-007243,CO-0056298,SMB,1-10,Public Sector,North America,self_serve,2024-11-07,30.0,False
ACC-007244,CO-0100257,SMB,1-10,Professional Services,North America,self_serve,2025-07-16,25.7,False
ACC-007245,CO-0044163,SMB,1-10,Logistics/Supply Chain,North America,self_serve,2021-07-19,21.7,False
ACC-007246,CO-0007245,SMB,11-50,Professional Services,North America,inbound_marketing,2025-02-21,29.2,False
ACC-007247,CO-0031710,SMB,11-50,Technology/SaaS,North America,self_serve,2025-03-10,31.4,False
ACC-007248,CO-0100313,SMB,1-10,Retail/E-commerce,North America,self_serve,2020-05-18,17.2,False
ACC-007249,CO-0059031,SMB,11-50,Technology/SaaS,APAC,inbound_marketing,2025-06-17,35.2,False
ACC-007250,CO-0116934,Commercial,1-10,Financial Services,North America,inbound_marketing,2024-06-15,13.3,False
ACC-007251,CO-0112113,SMB,1-10,Healthcare,North America,self_serve,2025-05-25,26.7,False
ACC-007252,CO-0043524,Commercial,1-10,Media/Entertainment,North America,self_serve,2023-06-05,20.0,True
ACC-007253,CO-0112393,SMB,51-200,Media/Entertainment,North America,self_serve,2020-09-07,35.4,False
ACC-007254,CO-0025860,SMB,1-10,Professional Services,EMEA,self_serve,2023-09-05,19.1,True
ACC-007255,CO-0104357,SMB,1-10,Technology/SaaS,EMEA,self_serve,2024-12-09,19.5,False
ACC-007256,CO-0105980,SMB,1-10,Logistics/Supply Chain,EMEA,self_serve,2023-12-04,24.6,False
ACC-007257,CO-0043338,SMB,1-10,Retail/E-commerce,North America,self_serve,2024-11-24,16.8,False
ACC-007258,CO-0103049,SMB,1-10,Education,North America,self_serve,2020-05-25,24.7,False
ACC-007259,CO-0030964,SMB,1-10,Media/Entertainment,EMEA,self_serve,2025-11-21,26.6,False
ACC-007260,CO-0111697,SMB,1-10,Financial Services,North America,self_serve,2020-02-06,22.9,False
ACC-007261,CO-0031558,Commercial,11-50,Education,North America,self_serve,2024-12-27,12.3,False
ACC-007262,CO-0024783,SMB,51-200,Manufacturing,North America,self_serve,2023-04-25,38.2,False
ACC-007263,CO-0080830,SMB,1-10,Media/Entertainment,North America,self_serve,2025-02-02,25.4,True
ACC-007264,CO-0065388,SMB,11-50,Retail/E-commerce,North America,self_serve,2024-08-26,13.7,False
ACC-007265,CO-0001718,SMB,1-10,Education,North America,self_serve,2022-03-03,11.2,False
ACC-007266,CO-0056001,SMB,11-50,Media/Entertainment,North America,inbound_marketing,2023-06-09,17.4,False
ACC-007267,CO-0105269,SMB,1-10,Technology/SaaS,North America,self_serve,2022-08-15,24.0,False
ACC-007268,CO-0094927,SMB,51-200,Education,EMEA,self_serve,2024-06-01,21.7,False
ACC-007269,CO-0100836,SMB,1-10,Financial Services,North America,self_serve,2024-05-22,30.5,True
ACC-007270,CO-0035376,SMB,1-10,Manufacturing,North America,self_serve,2021-06-18,22.8,False
ACC-007271,CO-0110809,SMB,1-10,Technology/SaaS,APAC,self_serve,2023-11-17,22.7,True
ACC-007272,CO-0024600,SMB,1-10,Education,EMEA,self_serve,2025-06-21,14.7,False
ACC-007273,CO-0014928,SMB,1-10,Public Sector,EMEA,self_serve,2023-08-02,26.2,False
ACC-007274,CO-0082451,Commercial,1-10,Retail/E-commerce,North America,inbound_marketing,2022-12-18,19.9,False
ACC-007275,CO-0056977,SMB,51-200,Healthcare,North America,self_serve,2021-06-21,38.2,False
ACC-007276,CO-0085954,SMB,1-10,Media/Entertainment,North America,self_serve,2023-11-28,10.5,True
ACC-007277,CO-0102977,SMB,1-10,Professional Services,EMEA,self_serve,2025-08-20,16.6,True
ACC-007278,CO-0100109,SMB,1-10,Education,EMEA,self_serve,2023-02-17,12.8,False
ACC-007279,CO-0040593,SMB,1-10,Logistics/Supply Chain,EMEA,self_serve,2025-11-01,20.7,False
ACC-007280,CO-0093252,SMB,1-10,Professional Services,North America,inbound_marketing,2025-05-07,18.6,False
ACC-007281,CO-0120054,SMB,11-50,Logistics/Supply Chain,APAC,self_serve,2025-11-20,29.6,False
ACC-007282,CO-0007906,SMB,1-10,Financial Services,EMEA,inbound_marketing,2022-03-01,34.8,False
ACC-007283,CO-0082260,SMB,1-10,Technology/SaaS,North America,inbound_marketing,2023-02-09,29.9,False
ACC-007284,CO-0004130,SMB,11-50,Manufacturing,North America,self_serve,2021-12-26,25.9,False
ACC-007285,CO-0100471,SMB,1-10,Technology/SaaS,EMEA,self_serve,2023-11-14,26.7,False
ACC-007286,CO-0020121,SMB,51-200,Retail/E-commerce,EMEA,inbound_marketing,2025-04-19,37.9,False
ACC-007287,CO-0105894,SMB,1-10,Logistics/Supply Chain,North America,self_serve,2025-02-12,14.8,False
ACC-007288,CO-0056309,SMB,1-10,Technology/SaaS,North America,self_serve,2025-10-08,21.9,False
ACC-007289,CO-0082871,SMB,1-10,Healthcare,North America,self_serve,2023-07-19,26.8,False
ACC-007290,CO-0014136,SMB,1-10,Retail/E-commerce,APAC,self_serve,2021-05-02,18.2,False
ACC-007291,CO-0101179,SMB,11-50,Professional Services,EMEA,self_serve,2025-06-22,25.7,False
ACC-007292,CO-0060637,SMB,11-50,Manufacturing,EMEA,self_serve,2025-12-15,33.7,False
ACC-007293,CO-0007258,SMB,1-10,Retail/E-commerce,EMEA,self_serve,2023-02-02,24.1,False
ACC-007294,CO-0076801,SMB,1-10,Logistics/Supply Chain,North America,self_serve,2020-06-11,27.8,True
ACC-007295,CO-0050914,Commercial,1-10,Healthcare,North America,self_serve,2020-12-29,30.0,False
ACC-007296,CO-0080304,SMB,51-200,Professional Services,North America,self_serve,2024-09-12,26.4,False
ACC-007297,CO-0093248,Enterprise,1-10,Technology/SaaS,North America,self_serve,2023-03-17,33.9,True
ACC-007298,CO-0029546,SMB,1-10,Professional Services,EMEA,self_serve,2025-05-22,25.6,False
ACC-007299,CO-0005484,SMB,11-50,Financial Services,APAC,self_serve,2024-12-10,32.3,False
ACC-007300,CO-0105337,SMB,1-10,Professional Services,EMEA,inbound_marketing,2025-10-17,13.8,False
ACC-007301,CO-0038079,Commercial,11-50,Technology/SaaS,EMEA,self_serve,2022-07-17,29.0,False
ACC-007302,CO-0074020,Commercial,11-50,Education,North America,inbound_marketing,2025-05-09,24.8,False
ACC-007303,CO-0037563,SMB,1-10,Manufacturing,North America,self_serve,2025-10-10,32.1,True
ACC-007304,CO-0020369,SMB,11-50,Retail/E-commerce,North America,self_serve,2025-04-28,21.6,False
ACC-007305,CO-0049327,Commercial,1-10,Public Sector,LATAM,self_serve,2023-05-11,15.7,False
ACC-007306,CO-0054037,SMB,11-50,Public Sector,North America,self_serve,2023-12-24,29.1,False
ACC-007307,CO-0109719,SMB,1-10,Logistics/Supply Chain,North America,self_serve,2021-04-25,23.0,True
ACC-007308,CO-0018547,SMB,11-50,Technology/SaaS,North America,self_serve,2025-11-04,32.4,False
ACC-007309,CO-0018181,SMB,51-200,Technology/SaaS,APAC,self_serve,2021-09-18,32.1,False
ACC-007310,CO-0010597,SMB,11-50,Public Sector,APAC,self_serve,2023-09-20,32.5,False
ACC-007311,CO-0043171,SMB,1-10,Logistics/Supply Chain,North America,self_serve,2025-07-14,21.6,False
ACC-007312,CO-0050546,SMB,1-10,Professional Services,North America,self_serve,2025-03-16,10.4,False
ACC-007313,CO-0012928,SMB,1-10,Financial Services,APAC,inbound_marketing,2025-07-03,36.7,False
ACC-007314,CO-0012366,SMB,11-50,Healthcare,North America,self_serve,2025-06-27,30.7,False
ACC-007315,CO-0112006,SMB,1-10,Professional Services,North America,self_serve,2023-06-21,15.6,True
ACC-007316,CO-0078139,SMB,1-10,Professional Services,North America,self_serve,2024-03-22,18.2,False
ACC-007317,CO-0112434,SMB,1-10,Manufacturing,North America,self_serve,2025-02-22,14.5,False
ACC-007318,CO-0069897,SMB,11-50,Professional Services,North America,self_serve,2025-02-01,27.4,False
ACC-007319,CO-0079994,SMB,1-10,Education,North America,inbound_marketing,2025-08-13,23.8,True
ACC-007320,CO-0073856,Commercial,1-10,Retail/E-commerce,North America,inbound_marketing,2025-03-19,21.5,False
ACC-007321,CO-0041964,SMB,11-50,Manufacturing,APAC,self_serve,2022-03-04,31.5,False
ACC-007322,CO-0014070,SMB,11-50,Logistics/Supply Chain,EMEA,inbound_marketing,2024-02-20,32.4,False
ACC-007323,CO-0004600,Commercial,1-10,Financial Services,North America,self_serve,2024-05-03,21.9,False
ACC-007324,CO-0055023,SMB,51-200,Healthcare,EMEA,self_serve,2024-08-23,36.9,False
ACC-007325,CO-0061716,SMB,201-1000,Education,LATAM,self_serve,2023-11-24,32.7,False
ACC-007326,CO-0085730,SMB,1-10,Logistics/Supply Chain,North America,self_serve,2023-07-21,23.4,False
ACC-007327,CO-0040835,Commercial,11-50,Media/Entertainment,North America,inbound_marketing,2023-09-16,25.3,False
ACC-007328,CO-0080376,SMB,51-200,Media/Entertainment,LATAM,self_serve,2023-05-14,35.9,False
ACC-007329,CO-0023630,SMB,11-50,Media/Entertainment,North America,self_serve,2024-07-07,25.4,False
ACC-007330,CO-0030377,Enterprise,1-10,Retail/E-commerce,North America,self_serve,2024-03-05,20.7,False
ACC-007331,CO-0037091,SMB,1-10,Healthcare,APAC,inbound_marketing,2025-11-19,34.3,False
ACC-007332,CO-0095671,SMB,11-50,Financial Services,EMEA,self_serve,2020-08-04,33.8,False
ACC-007333,CO-0079817,SMB,1-10,Retail/E-commerce,North America,self_serve,2022-04-28,0.0,False
ACC-007334,CO-0030393,SMB,51-200,Manufacturing,North America,inbound_marketing,2025-12-12,34.7,False
ACC-007335,CO-0050672,SMB,11-50,Retail/E-commerce,North America,self_serve,2024-01-22,21.7,False
ACC-007336,CO-0009186,SMB,51-200,Media/Entertainment,APAC,self_serve,2025-03-08,29.3,False
ACC-007337,CO-0090933,SMB,11-50,Financial Services,North America,self_serve,2023-05-22,30.5,False
ACC-007338,CO-0017997,SMB,1-10,Technology/SaaS,EMEA,self_serve,2021-07-25,29.1,True
ACC-007339,CO-0094898,SMB,201-1000,Retail/E-commerce,LATAM,self_serve,2023-12-22,39.5,False
ACC-007340,CO-0083989,SMB,1-10,Media/Entertainment,EMEA,inbound_marketing,2021-09-04,31.0,False
ACC-007341,CO-0059506,SMB,1-10,Media/Entertainment,EMEA,self_serve,2022-04-01,31.8,True
ACC-007342,CO-0112880,SMB,11-50,Professional Services,North America,self_serve,2025-10-01,14.9,False
ACC-007343,CO-0083886,SMB,11-50,Logistics/Supply Chain,APAC,self_serve,2025-10-11,33.1,False
ACC-007344,CO-0123072,SMB,1-10,Technology/SaaS,North America,self_serve,2024-09-23,21.4,False
ACC-007345,CO-0069852,SMB,51-200,Technology/SaaS,APAC,inbound_marketing,2025-12-11,37.1,False
ACC-007346,CO-0022138,SMB,51-200,Retail/E-commerce,North America,self_serve,2025-07-10,37.6,False
ACC-007347,CO-0104117,SMB,51-200,Retail/E-commerce,North America,self_serve,2023-06-09,33.9,False
ACC-007348,CO-0001396,Commercial,1-10,Logistics/Supply Chain,EMEA,self_serve,2024-02-07,27.5,False
ACC-007349,CO-0040979,SMB,51-200,Education,North America,self_serve,2025-12-12,28.1,False
ACC-007350,CO-0018648,SMB,11-50,Media/Entertainment,APAC,self_serve,2021-12-04,23.2,False
ACC-007351,CO-0045093,SMB,1-10,Retail/E-commerce,EMEA,self_serve,2025-04-15,18.4,False
ACC-007352,CO-0029398,SMB,1-10,Education,APAC,inbound_marketing,2025-11-09,19.1,True
ACC-007353,CO-0095025,SMB,11-50,Professional Services,North America,self_serve,2022-08-17,28.9,False
ACC-007354,CO-0018337,SMB,11-50,Public Sector,North America,inbound_marketing,2024-11-23,36.3,False
ACC-007355,CO-0122688,SMB,1-10,Manufacturing,LATAM,self_serve,2025-07-16,25.9,False
ACC-007356,CO-0034726,SMB,1-10,Financial Services,APAC,inbound_marketing,2024-02-15,31.9,False
ACC-007357,CO-0042477,SMB,1-10,Manufacturing,EMEA,self_serve,2025-10-23,30.1,True
ACC-007358,CO-0028002,Commercial,1-10,Technology/SaaS,APAC,self_serve,2024-07-02,33.8,False
ACC-007359,CO-0120913,SMB,51-200,Professional Services,North America,self_serve,2024-01-17,34.9,False
ACC-007360,CO-0065916,SMB,1-10,Financial Services,North America,self_serve,2021-05-07,39.5,False
ACC-007361,CO-0114640,SMB,1-10,Healthcare,North America,self_serve,2025-04-04,33.9,False
ACC-007362,CO-0102022,SMB,1-10,Public Sector,EMEA,self_serve,2025-03-11,19.2,False
ACC-007363,CO-0044054,SMB,11-50,Technology/SaaS,EMEA,self_serve,2024-09-19,33.5,False
ACC-007364,CO-0108153,SMB,1-10,Public Sector,North America,self_serve,2025-07-16,13.7,False
ACC-007365,CO-0034814,SMB,11-50,Retail/E-commerce,EMEA,inbound_marketing,2023-07-27,6.6,False
ACC-007366,CO-0065933,SMB,11-50,Financial Services,APAC,inbound_marketing,2025-09-12,34.4,False
ACC-007367,CO-0013075,SMB,1-10,Retail/E-commerce,North America,self_serve,2020-06-21,19.8,True
ACC-007368,CO-0102859,SMB,51-200,Media/Entertainment,EMEA,self_serve,2024-08-05,29.7,False
ACC-007369,CO-0108824,SMB,1-10,Media/Entertainment,APAC,self_serve,2021-01-23,19.5,False
ACC-007370,CO-0039172,SMB,51-200,Technology/SaaS,North America,self_serve,2023-05-04,36.1,False
ACC-007371,CO-0060899,SMB,1-10,Manufacturing,APAC,inbound_marketing,2021-10-19,29.2,False
ACC-007372,CO-0083955,SMB,11-50,Professional Services,North America,self_serve,2025-02-05,34.0,False
ACC-007373,CO-0080478,SMB,11-50,Retail/E-commerce,APAC,inbound_marketing,2024-02-15,20.9,False
ACC-007374,CO-0048179,SMB,11-50,Logistics/Supply Chain,North America,inbound_marketing,2024-09-20,29.1,False
ACC-007375,CO-0032432,SMB,1-10,Public Sector,North America,inbound_marketing,2021-04-03,33.9,False
ACC-007376,CO-0030935,Commercial,1-10,Public Sector,North America,self_serve,2023-10-03,28.3,True
ACC-007377,CO-0042233,SMB,1-10,Retail/E-commerce,North America,self_serve,2025-12-24,14.9,False
ACC-007378,CO-0035323,SMB,11-50,Professional Services,North America,self_serve,2020-10-23,30.8,False
ACC-007379,CO-0000959,Commercial,11-50,Professional Services,North America,self_serve,2021-08-09,28.8,False
ACC-007380,CO-0070631,SMB,11-50,Manufacturing,North America,self_serve,2025-08-01,29.0,False
ACC-007381,CO-0066904,SMB,1-10,Professional Services,North America,self_serve,2023-06-24,20.8,False
ACC-007382,CO-0047500,Commercial,1-10,Manufacturing,North America,inbound_marketing,2021-01-10,29.1,False
ACC-007383,CO-0105179,SMB,1-10,Education,APAC,self_serve,2024-12-19,1.3,False
ACC-007384,CO-0040534,SMB,11-50,Healthcare,EMEA,self_serve,2025-04-23,37.7,False
ACC-007385,CO-0045060,SMB,1-10,Education,North America,self_serve,2023-10-22,4.4,False
ACC-007386,CO-0089844,SMB,1-10,Media/Entertainment,EMEA,self_serve,2023-01-15,21.2,False
ACC-007387,CO-0102948,SMB,51-200,Professional Services,North America,self_serve,2024-05-17,29.2,False
ACC-007388,CO-0108679,Commercial,11-50,Technology/SaaS,APAC,self_serve,2023-10-01,33.0,False
ACC-007389,CO-0102625,SMB,1-10,Manufacturing,APAC,self_serve,2025-06-09,25.2,False
ACC-007390,CO-0121642,SMB,1-10,Logistics/Supply Chain,North America,self_serve,2021-08-03,33.1,False
ACC-007391,CO-0088769,SMB,1-10,Healthcare,North America,self_serve,2025-08-01,24.7,False
ACC-007392,CO-0064964,SMB,1-10,Technology/SaaS,North America,self_serve,2024-01-02,26.5,False
ACC-007393,CO-0078505,SMB,1-10,Retail/E-commerce,North America,self_serve,2024-07-18,11.8,False
ACC-007394,CO-0026116,SMB,51-200,Public Sector,North America,self_serve,2025-07-04,33.4,False
ACC-007395,CO-0052111,SMB,1-10,Professional Services,North America,inbound_marketing,2025-02-14,11.5,False
ACC-007396,CO-0011847,SMB,11-50,Logistics/Supply Chain,APAC,self_serve,2022-12-03,25.8,False
ACC-007397,CO-0010237,SMB,1-10,Financial Services,North America,self_serve,2024-01-12,29.2,False
ACC-007398,CO-0101800,SMB,51-200,Public Sector,North America,inbound_marketing,2022-06-27,28.8,False
ACC-007399,CO-0032189,SMB,1-10,Technology/SaaS,EMEA,inbound_marketing,2024-01-04,30.8,True
ACC-007400,CO-0047002,SMB,1-10,Retail/E-commerce,APAC,self_serve,2025-12-06,6.0,False
ACC-007401,CO-0107105,SMB,1-10,Education,APAC,inbound_marketing,2024-09-27,19.6,False
ACC-007402,CO-0064741,SMB,51-200,Manufacturing,APAC,self_serve,2023-09-19,20.5,False
ACC-007403,CO-0087416,SMB,1-10,Technology/SaaS,North America,self_serve,2024-03-10,32.9,False
ACC-007404,CO-0107853,SMB,11-50,Professional Services,North America,self_serve,2024-12-11,26.1,False
ACC-007405,CO-0107385,SMB,1-10,Professional Services,North America,inbound_marketing,2025-12-01,23.4,True
ACC-007406,CO-0096418,SMB,11-50,Education,North America,inbound_marketing,2025-12-03,26.4,False
ACC-007407,CO-0088939,SMB,51-200,Media/Entertainment,North America,self_serve,2025-02-12,31.5,False
ACC-007408,CO-0094775,SMB,1-10,Education,North America,self_serve,2024-08-22,9.5,False
ACC-007409,CO-0101889,SMB,1-10,Technology/SaaS,North America,inbound_marketing,2025-10-13,24.6,False
ACC-007410,CO-0061426,SMB,1-10,Manufacturing,North America,self_serve,2020-05-12,24.3,False
ACC-007411,CO-0038864,SMB,11-50,Financial Services,North America,self_serve,2024-07-26,33.6,False
ACC-007412,CO-0002484,Commercial,201-1000,Education,EMEA,self_serve,2025-02-12,37.1,False
ACC-007413,CO-0042627,SMB,11-50,Public Sector,North America,self_serve,2024-09-09,21.6,False
ACC-007414,CO-0020970,SMB,1-10,Technology/SaaS,EMEA,self_serve,2020-05-23,34.9,False
ACC-007415,CO-0122722,SMB,1-10,Media/Entertainment,APAC,self_serve,2023-11-21,13.2,False
ACC-007416,CO-0108900,SMB,11-50,Media/Entertainment,North America,inbound_marketing,2023-09-10,25.0,False
ACC-007417,CO-0004499,Commercial,1-10,Media/Entertainment,EMEA,inbound_marketing,2021-07-02,13.7,False
ACC-007418,CO-0106594,SMB,51-200,Technology/SaaS,EMEA,self_serve,2024-06-15,35.0,False
ACC-007419,CO-0054877,Commercial,1-10,Retail/E-commerce,North America,self_serve,2024-10-27,20.8,True
ACC-007420,CO-0113451,SMB,1-10,Education,EMEA,inbound_marketing,2025-06-05,20.8,False
ACC-007421,CO-0101409,SMB,51-200,Education,North America,self_serve,2025-04-11,19.9,False
ACC-007422,CO-0043599,SMB,11-50,Retail/E-commerce,North America,self_serve,2022-05-28,20.9,False
ACC-007423,CO-0067092,Commercial,1-10,Retail/E-commerce,EMEA,inbound_marketing,2020-12-31,28.0,True
ACC-007424,CO-0087776,SMB,1-10,Manufacturing,North America,self_serve,2025-09-12,23.3,False
ACC-007425,CO-0106765,SMB,51-200,Education,North America,self_serve,2025-01-15,37.0,False
ACC-007426,CO-0080505,SMB,1-10,Public Sector,APAC,self_serve,2024-12-21,25.8,False
ACC-007427,CO-0001358,SMB,1-10,Logistics/Supply Chain,EMEA,inbound_marketing,2023-08-26,20.5,True
ACC-007428,CO-0021900,SMB,51-200,Retail/E-commerce,North America,self_serve,2022-02-05,34.9,False
ACC-007429,CO-0039067,SMB,1-10,Technology/SaaS,North America,self_serve,2025-09-16,26.6,False
ACC-007430,CO-0049092,SMB,1-10,Financial Services,EMEA,self_serve,2020-09-02,40.1,True
ACC-007431,CO-0011280,SMB,1-10,Technology/SaaS,APAC,inbound_marketing,2020-12-16,26.4,False
ACC-007432,CO-0070572,SMB,51-200,Retail/E-commerce,EMEA,inbound_marketing,2023-03-13,34.5,False
ACC-007433,CO-0038769,SMB,1-10,Financial Services,North America,self_serve,2023-05-04,37.4,True
ACC-007434,CO-0043316,SMB,51-200,Logistics/Supply Chain,APAC,inbound_marketing,2025-07-15,34.4,False
ACC-007435,CO-0115593,SMB,11-50,Healthcare,EMEA,self_serve,2025-03-24,25.5,False
ACC-007436,CO-0113110,SMB,1-10,Technology/SaaS,North America,self_serve,2024-10-02,23.0,False
ACC-007437,CO-0028819,SMB,1-10,Professional Services,EMEA,self_serve,2025-08-14,16.7,True
ACC-007438,CO-0042448,SMB,11-50,Media/Entertainment,LATAM,inbound_marketing,2024-08-13,18.2,False
ACC-007439,CO-0029222,SMB,1-10,Retail/E-commerce,EMEA,self_serve,2025-08-07,26.2,False
ACC-007440,CO-0115284,SMB,1-10,Financial Services,North America,self_serve,2023-09-09,28.2,False
ACC-007441,CO-0004538,SMB,1-10,Professional Services,EMEA,self_serve,2025-01-15,19.0,False
ACC-007442,CO-0081077,SMB,11-50,Education,North America,self_serve,2021-07-06,22.1,False
ACC-007443,CO-0080314,SMB,11-50,Retail/E-commerce,North America,self_serve,2023-10-28,33.8,False
ACC-007444,CO-0080236,SMB,11-50,Logistics/Supply Chain,North America,self_serve,2025-09-13,25.1,False
ACC-007445,CO-0114780,SMB,1-10,Media/Entertainment,North America,self_serve,2025-04-27,22.7,False
ACC-007446,CO-0047952,SMB,1-10,Healthcare,EMEA,self_serve,2025-12-26,28.5,True
ACC-007447,CO-0030926,SMB,11-50,Retail/E-commerce,North America,self_serve,2020-09-11,35.2,False
ACC-007448,CO-0116220,SMB,1-10,Technology/SaaS,EMEA,self_serve,2024-05-18,17.5,False
ACC-007449,CO-0016864,Commercial,1-10,Financial Services,North America,inbound_marketing,2023-04-22,36.9,True
ACC-007450,CO-0073359,SMB,1-10,Professional Services,APAC,self_serve,2025-06-17,13.1,False
ACC-007451,CO-0019208,SMB,11-50,Professional Services,North America,inbound_marketing,2025-08-19,26.9,False
ACC-007452,CO-0091439,SMB,51-200,Media/Entertainment,North America,inbound_marketing,2023-12-06,31.7,False
ACC-007453,CO-0010468,SMB,11-50,Logistics/Supply Chain,North America,self_serve,2025-05-21,33.6,False
ACC-007454,CO-0118167,SMB,11-50,Education,North America,inbound_marketing,2024-06-18,19.8,False
ACC-007455,CO-0013191,SMB,1-10,Professional Services,North America,self_serve,2025-05-18,12.0,False
ACC-007456,CO-0101997,SMB,51-200,Media/Entertainment,North America,inbound_marketing,2024-04-21,39.6,False
ACC-007457,CO-0083212,SMB,11-50,Professional Services,APAC,self_serve,2023-04-10,27.3,False
ACC-007458,CO-0075279,Commercial,11-50,Financial Services,APAC,inbound_marketing,2022-08-16,29.4,False
ACC-007459,CO-0035944,SMB,11-50,Professional Services,EMEA,self_serve,2025-04-02,26.8,False
ACC-007460,CO-0015893,SMB,11-50,Technology/SaaS,APAC,self_serve,2025-01-24,29.8,False
ACC-007461,CO-0099504,SMB,11-50,Retail/E-commerce,LATAM,self_serve,2024-03-27,19.8,False
ACC-007462,CO-0110206,SMB,51-200,Healthcare,North America,self_serve,2024-10-17,36.0,False
ACC-007463,CO-0045868,Commercial,11-50,Professional Services,APAC,inbound_marketing,2023-04-22,18.6,False
ACC-007464,CO-0106444,SMB,1-10,Technology/SaaS,APAC,self_serve,2025-10-11,18.0,False
ACC-007465,CO-0040763,SMB,1-10,Manufacturing,EMEA,self_serve,2021-08-21,25.5,False
ACC-007466,CO-0021160,SMB,1-10,Manufacturing,North America,inbound_marketing,2024-07-03,23.0,False
ACC-007467,CO-0063355,SMB,11-50,Healthcare,North America,self_serve,2025-02-23,22.6,False
ACC-007468,CO-0000091,SMB,11-50,Retail/E-commerce,North America,self_serve,2024-03-03,21.5,False
ACC-007469,CO-0007663,SMB,1-10,Technology/SaaS,APAC,self_serve,2025-09-15,21.5,False
ACC-007470,CO-0088475,SMB,1-10,Logistics/Supply Chain,North America,self_serve,2020-02-05,23.8,False
ACC-007471,CO-0098662,SMB,1-10,Technology/SaaS,North America,self_serve,2025-10-13,32.1,False
ACC-007472,CO-0042462,Enterprise,11-50,Logistics/Supply Chain,EMEA,self_serve,2025-03-28,26.0,False
ACC-007473,CO-0093031,SMB,201-1000,Education,EMEA,self_serve,2025-08-21,37.9,False
ACC-007474,CO-0093343,SMB,1-10,Retail/E-commerce,North America,self_serve,2023-04-12,19.4,False
ACC-007475,CO-0031925,Enterprise,1-10,Education,LATAM,self_serve,2024-02-20,12.0,False
ACC-007476,CO-0013927,SMB,11-50,Manufacturing,North America,self_serve,2025-12-27,34.1,False
ACC-007477,CO-0033730,SMB,11-50,Manufacturing,LATAM,self_serve,2025-09-11,28.0,False
ACC-007478,CO-0029754,SMB,1-10,Healthcare,North America,self_serve,2024-04-11,31.1,False
ACC-007479,CO-0102515,SMB,51-200,Media/Entertainment,North America,self_serve,2024-03-23,34.8,False
ACC-007480,CO-0046896,SMB,51-200,Technology/SaaS,North America,self_serve,2020-06-10,35.2,False
ACC-007481,CO-0013784,SMB,11-50,Professional Services,LATAM,inbound_marketing,2023-08-12,23.7,False
ACC-007482,CO-0120992,SMB,11-50,Professional Services,North America,inbound_marketing,2025-04-18,31.6,False
ACC-007483,CO-0073787,SMB,11-50,Financial Services,EMEA,inbound_marketing,2024-07-06,29.5,False
ACC-007484,CO-0003056,SMB,1-10,Logistics/Supply Chain,APAC,self_serve,2025-03-28,12.5,False
ACC-007485,CO-0048156,SMB,51-200,Professional Services,North America,inbound_marketing,2023-08-10,38.9,False
ACC-007486,CO-0035202,SMB,11-50,Retail/E-commerce,North America,self_serve,2025-06-04,28.7,False
ACC-007487,CO-0056235,SMB,1-10,Technology/SaaS,LATAM,self_serve,2024-06-09,21.1,False
ACC-007488,CO-0045095,Commercial,11-50,Financial Services,North America,inbound_marketing,2025-03-21,31.8,False
ACC-007489,CO-0069118,SMB,11-50,Healthcare,North America,self_serve,2020-11-13,24.5,False
ACC-007490,CO-0044765,SMB,11-50,Media/Entertainment,North America,self_serve,2023-04-24,23.3,False
ACC-007491,CO-0109484,SMB,51-200,Manufacturing,APAC,inbound_marketing,2024-05-19,30.0,False
ACC-007492,CO-0103002,SMB,51-200,Media/Entertainment,North America,inbound_marketing,2025-07-23,35.0,False
ACC-007493,CO-0068199,Commercial,1-10,Technology/SaaS,APAC,self_serve,2020-09-21,22.4,False
ACC-007494,CO-0112634,SMB,11-50,Public Sector,EMEA,self_serve,2025-07-15,30.8,False
ACC-007495,CO-0023844,SMB,11-50,Professional Services,APAC,inbound_marketing,2020-04-11,17.4,False
ACC-007496,CO-0089178,SMB,1-10,Healthcare,North America,self_serve,2024-09-18,23.5,True
ACC-007497,CO-0105021,Commercial,1-10,Technology/SaaS,EMEA,self_serve,2024-01-18,34.3,False
ACC-007498,CO-0043622,SMB,51-200,Healthcare,North America,inbound_marketing,2025-07-03,35.8,False
ACC-007499,CO-0027813,SMB,11-50,Technology/SaaS,North America,inbound_marketing,2023-08-13,29.5,False
ACC-007500,CO-0103702,SMB,1-10,Healthcare,EMEA,self_serve,2022-05-13,16.7,False
ACC-007501,CO-0084869,Commercial,1-10,Media/Entertainment,North America,inbound_marketing,2025-01-05,25.4,False
ACC-007502,CO-0074579,SMB,1-10,Logistics/Supply Chain,North America,self_serve,2025-09-07,22.3,False
ACC-007503,CO-0119832,SMB,51-200,Professional Services,North America,inbound_marketing,2023-06-14,30.8,False
ACC-007504,CO-0076610,SMB,11-50,Manufacturing,North America,self_serve,2025-08-23,27.5,False
ACC-007505,CO-0032852,SMB,1-10,Retail/E-commerce,EMEA,self_serve,2024-01-18,16.7,False
ACC-007506,CO-0012304,Commercial,1-10,Technology/SaaS,North America,self_serve,2020-10-27,34.1,False
ACC-007507,CO-0118693,SMB,1-10,Healthcare,North America,self_serve,2025-05-02,29.4,False
ACC-007508,CO-0061315,Commercial,11-50,Media/Entertainment,EMEA,inbound_marketing,2025-07-20,21.1,False
ACC-007509,CO-0111210,SMB,1-10,Media/Entertainment,North America,inbound_marketing,2025-11-18,27.5,True
ACC-007510,CO-0084571,SMB,1-10,Retail/E-commerce,APAC,inbound_marketing,2025-12-22,27.7,False
ACC-007511,CO-0053185,SMB,51-200,Education,APAC,self_serve,2025-04-08,23.4,False
ACC-007512,CO-0080150,SMB,1-10,Retail/E-commerce,APAC,self_serve,2023-04-02,14.4,True
ACC-007513,CO-0050852,SMB,1-10,Healthcare,North America,self_serve,2023-02-26,21.8,False
ACC-007514,CO-0072737,SMB,1-10,Healthcare,North America,self_serve,2025-07-24,21.7,False
ACC-007515,CO-0075096,SMB,11-50,Technology/SaaS,North America,self_serve,2024-10-06,30.3,False
ACC-007516,CO-0061240,SMB,11-50,Media/Entertainment,North America,self_serve,2024-11-08,26.5,False
ACC-007517,CO-0118583,SMB,1-10,Retail/E-commerce,North America,inbound_marketing,2020-01-21,21.4,False
ACC-007518,CO-0090679,SMB,11-50,Professional Services,North America,inbound_marketing,2025-12-18,21.2,False
ACC-007519,CO-0052832,SMB,1-10,Professional Services,North America,self_serve,2023-01-21,12.5,True
ACC-007520,CO-0122618,SMB,1-10,Technology/SaaS,North America,self_serve,2025-02-11,33.9,False
ACC-007521,CO-0065930,SMB,1-10,Public Sector,North America,inbound_marketing,2024-04-19,36.9,False
ACC-007522,CO-0060031,SMB,1-10,Professional Services,North America,self_serve,2021-04-18,24.5,False
ACC-007523,CO-0081627,SMB,11-50,Education,APAC,inbound_marketing,2025-01-09,22.1,False
ACC-007524,CO-0116708,Commercial,1-10,Financial Services,North America,self_serve,2025-05-10,41.2,True
ACC-007525,CO-0032217,SMB,1-10,Healthcare,North America,inbound_marketing,2023-11-22,11.3,True
ACC-007526,CO-0109059,SMB,51-200,Professional Services,APAC,self_serve,2025-03-17,34.7,False
ACC-007527,CO-0031180,SMB,1-10,Public Sector,North America,self_serve,2025-12-25,27.7,False
ACC-007528,CO-0058238,SMB,1-10,Retail/E-commerce,North America,self_serve,2021-10-26,18.5,False
ACC-007529,CO-0113490,SMB,1-10,Manufacturing,North America,inbound_marketing,2023-09-10,22.8,False
ACC-007530,CO-0104600,SMB,51-200,Media/Entertainment,EMEA,self_serve,2021-08-22,32.8,False
ACC-007531,CO-0102390,SMB,1-10,Healthcare,North America,self_serve,2024-05-13,26.1,False
ACC-007532,CO-0006756,SMB,1-10,Logistics/Supply Chain,North America,self_serve,2021-07-06,36.1,False
ACC-007533,CO-0026670,Commercial,1-10,Logistics/Supply Chain,North America,inbound_marketing,2023-10-01,27.4,False
ACC-007534,CO-0076145,SMB,1-10,Technology/SaaS,North America,self_serve,2024-02-10,44.2,True
ACC-007535,CO-0016311,SMB,11-50,Logistics/Supply Chain,EMEA,inbound_marketing,2020-03-28,27.7,False
ACC-007536,CO-0032829,SMB,1-10,Logistics/Supply Chain,North America,inbound_marketing,2025-12-17,26.6,False
ACC-007537,CO-0010263,SMB,11-50,Retail/E-commerce,North America,inbound_marketing,2025-10-25,26.2,False
ACC-007538,CO-0083300,SMB,11-50,Manufacturing,APAC,self_serve,2025-03-13,32.8,False
ACC-007539,CO-0077143,Commercial,1-10,Media/Entertainment,North America,inbound_marketing,2024-05-11,23.8,True
ACC-007540,CO-0053624,SMB,1-10,Healthcare,North America,self_serve,2020-06-17,18.1,False
ACC-007541,CO-0054954,SMB,1-10,Healthcare,EMEA,self_serve,2025-12-02,34.1,False
ACC-007542,CO-0017826,SMB,1-10,Manufacturing,North America,inbound_marketing,2021-01-17,12.5,False
ACC-007543,CO-0085507,SMB,1-10,Technology/SaaS,EMEA,self_serve,2024-05-21,26.9,False
ACC-007544,CO-0092418,SMB,1-10,Manufacturing,EMEA,self_serve,2024-01-09,19.7,False
ACC-007545,CO-0045945,Commercial,11-50,Healthcare,LATAM,self_serve,2025-07-01,24.9,False
ACC-007546,CO-0011194,SMB,1-10,Retail/E-commerce,North America,inbound_marketing,2025-04-03,9.0,False
ACC-007547,CO-0044738,SMB,1-10,Logistics/Supply Chain,EMEA,inbound_marketing,2023-08-27,17.8,True
ACC-007548,CO-0100477,SMB,1-10,Technology/SaaS,EMEA,self_serve,2025-09-22,30.9,False
ACC-007549,CO-0033832,SMB,1-10,Education,EMEA,self_serve,2025-12-06,6.2,False
ACC-007550,CO-0084268,SMB,11-50,Manufacturing,EMEA,self_serve,2022-06-11,35.9,False
ACC-007551,CO-0064934,SMB,1-10,Technology/SaaS,North America,self_serve,2025-07-25,27.3,False
ACC-007552,CO-0084367,SMB,11-50,Retail/E-commerce,EMEA,inbound_marketing,2024-07-10,25.7,False
ACC-007553,CO-0014724,SMB,51-200,Healthcare,North America,inbound_marketing,2020-10-22,31.8,False
ACC-007554,CO-0022358,SMB,1-10,Technology/SaaS,EMEA,inbound_marketing,2023-07-02,22.5,False
ACC-007555,CO-0028971,SMB,11-50,Professional Services,EMEA,self_serve,2024-08-02,24.3,False
ACC-007556,CO-0101309,SMB,11-50,Public Sector,APAC,self_serve,2025-11-16,21.3,False
ACC-007557,CO-0020373,SMB,11-50,Retail/E-commerce,North America,self_serve,2025-07-01,18.5,False
ACC-007558,CO-0096392,SMB,11-50,Technology/SaaS,North America,inbound_marketing,2024-12-12,26.0,False
ACC-007559,CO-0050551,SMB,11-50,Retail/E-commerce,APAC,inbound_marketing,2025-12-14,25.4,False
ACC-007560,CO-0026788,SMB,11-50,Technology/SaaS,North America,inbound_marketing,2025-03-05,38.5,False
ACC-007561,CO-0016835,SMB,1-10,Media/Entertainment,APAC,self_serve,2022-07-07,25.9,False
ACC-007562,CO-0042316,SMB,51-200,Healthcare,North America,self_serve,2025-04-09,38.1,False
ACC-007563,CO-0062253,Commercial,11-50,Retail/E-commerce,EMEA,self_serve,2024-06-28,19.0,False
ACC-007564,CO-0045251,SMB,1-10,Healthcare,North America,self_serve,2025-10-07,37.4,False
ACC-007565,CO-0000555,SMB,1-10,Financial Services,North America,self_serve,2025-09-18,28.3,False
ACC-007566,CO-0030949,SMB,1-10,Logistics/Supply Chain,EMEA,self_serve,2020-11-17,23.7,False
ACC-007567,CO-0024369,SMB,1-10,Education,North America,self_serve,2023-11-21,11.8,True
ACC-007568,CO-0010808,SMB,11-50,Retail/E-commerce,APAC,self_serve,2023-01-26,13.4,False
ACC-007569,CO-0063945,SMB,11-50,Manufacturing,North America,self_serve,2024-12-27,30.5,False
ACC-007570,CO-0018923,SMB,51-200,Logistics/Supply Chain,EMEA,self_serve,2020-04-28,33.2,False
ACC-007571,CO-0114460,SMB,51-200,Logistics/Supply Chain,LATAM,self_serve,2025-09-15,36.9,False
ACC-007572,CO-0039367,SMB,1-10,Education,North America,self_serve,2020-12-05,13.7,False
ACC-007573,CO-0088161,SMB,11-50,Technology/SaaS,EMEA,self_serve,2025-11-05,38.3,False
ACC-007574,CO-0117764,SMB,1-10,Healthcare,EMEA,self_serve,2023-07-13,17.1,True
ACC-007575,CO-0097440,SMB,11-50,Technology/SaaS,North America,self_serve,2025-04-26,24.4,False
ACC-007576,CO-0036822,SMB,1-10,Professional Services,APAC,inbound_marketing,2023-08-16,23.1,False
ACC-007577,CO-0084129,SMB,11-50,Professional Services,EMEA,self_serve,2024-12-26,20.4,False
ACC-007578,CO-0073958,SMB,1-10,Logistics/Supply Chain,North America,inbound_marketing,2025-04-26,23.4,False
ACC-007579,CO-0038490,SMB,1-10,Education,EMEA,self_serve,2023-11-01,17.0,True
ACC-007580,CO-0035871,SMB,11-50,Technology/SaaS,North America,self_serve,2022-09-13,39.4,False
ACC-007581,CO-0023884,SMB,11-50,Healthcare,North America,inbound_marketing,2025-02-21,35.9,False
ACC-007582,CO-0046016,Commercial,1-10,Manufacturing,EMEA,self_serve,2025-03-05,25.3,False
ACC-007583,CO-0093911,SMB,11-50,Financial Services,North America,self_serve,2020-08-14,28.3,False
ACC-007584,CO-0045426,SMB,51-200,Professional Services,North America,inbound_marketing,2021-09-09,20.2,False
ACC-007585,CO-0033324,SMB,1-10,Public Sector,North America,self_serve,2025-12-18,34.0,False
ACC-007586,CO-0086240,SMB,11-50,Technology/SaaS,EMEA,self_serve,2025-09-08,27.0,False
ACC-007587,CO-0103122,Commercial,1-10,Media/Entertainment,APAC,self_serve,2022-07-21,18.9,False
ACC-007588,CO-0112198,SMB,11-50,Retail/E-commerce,LATAM,inbound_marketing,2024-09-20,19.8,False
ACC-007589,CO-0117949,SMB,1-10,Logistics/Supply Chain,North America,self_serve,2023-06-13,20.0,False
ACC-007590,CO-0012127,SMB,11-50,Professional Services,North America,self_serve,2021-03-31,18.2,False
ACC-007591,CO-0115452,SMB,1-10,Education,North America,inbound_marketing,2022-07-05,12.4,True
ACC-007592,CO-0008502,SMB,51-200,Financial Services,LATAM,self_serve,2024-02-10,36.8,False
ACC-007593,CO-0034018,SMB,51-200,Retail/E-commerce,North America,inbound_marketing,2025-08-03,40.0,False
ACC-007594,CO-0119464,SMB,1-10,Healthcare,North America,self_serve,2023-06-07,35.0,False
ACC-007595,CO-0086709,SMB,11-50,Technology/SaaS,LATAM,self_serve,2024-11-07,31.3,False
ACC-007596,CO-0102129,SMB,1-10,Media/Entertainment,EMEA,self_serve,2024-12-20,24.0,False
ACC-007597,CO-0094416,SMB,11-50,Manufacturing,North America,self_serve,2024-08-27,25.1,False
ACC-007598,CO-0118078,SMB,11-50,Financial Services,North America,self_serve,2022-01-12,36.0,False
ACC-007599,CO-0071820,SMB,1-10,Professional Services,North America,inbound_marketing,2024-03-17,15.3,False
ACC-007600,CO-0019558,SMB,1-10,Retail/E-commerce,North America,self_serve,2020-01-07,21.3,False
ACC-007601,CO-0044729,SMB,1-10,Public Sector,North America,inbound_marketing,2020-07-05,30.8,False
ACC-007602,CO-0121206,SMB,1-10,Logistics/Supply Chain,EMEA,self_serve,2025-04-13,31.3,False
ACC-007603,CO-0036183,SMB,11-50,Logistics/Supply Chain,North America,self_serve,2021-04-28,20.4,False
ACC-007604,CO-0022877,SMB,1-10,Media/Entertainment,APAC,inbound_marketing,2020-10-15,16.7,False
ACC-007605,CO-0084710,SMB,51-200,Healthcare,EMEA,self_serve,2024-06-07,34.3,False
ACC-007606,CO-0086100,SMB,1-10,Education,North America,inbound_marketing,2022-11-24,15.2,False
ACC-007607,CO-0097681,SMB,11-50,Professional Services,LATAM,self_serve,2023-08-10,30.5,False
ACC-007608,CO-0074002,SMB,51-200,Healthcare,APAC,self_serve,2024-06-25,30.0,False
ACC-007609,CO-0039010,SMB,1-10,Technology/SaaS,North America,self_serve,2024-02-11,18.0,False
ACC-007610,CO-0052900,SMB,11-50,Media/Entertainment,North America,self_serve,2025-11-05,19.3,False
ACC-007611,CO-0072242,SMB,11-50,Public Sector,APAC,self_serve,2023-01-13,19.5,False
ACC-007612,CO-0050739,SMB,1-10,Media/Entertainment,North America,inbound_marketing,2025-12-13,15.9,False
ACC-007613,CO-0052464,SMB,1-10,Retail/E-commerce,North America,inbound_marketing,2025-04-25,21.4,False
ACC-007614,CO-0094324,SMB,51-200,Professional Services,EMEA,self_serve,2025-04-07,35.3,False
ACC-007615,CO-0029157,SMB,1-10,Technology/SaaS,North America,self_serve,2022-06-20,35.5,False
ACC-007616,CO-0096479,SMB,1-10,Professional Services,North America,self_serve,2020-09-07,12.3,False
ACC-007617,CO-0103580,SMB,1-10,Healthcare,EMEA,self_serve,2020-10-19,32.6,False
ACC-007618,CO-0122181,SMB,11-50,Healthcare,APAC,self_serve,2023-01-17,33.3,False
ACC-007619,CO-0074031,SMB,51-200,Professional Services,North America,self_serve,2025-07-26,35.5,False
ACC-007620,CO-0006064,SMB,11-50,Technology/SaaS,EMEA,inbound_marketing,2021-10-31,33.2,False
ACC-007621,CO-0061566,SMB,51-200,Retail/E-commerce,EMEA,inbound_marketing,2024-05-12,29.5,False
ACC-007622,CO-0108244,SMB,1-10,Manufacturing,North America,inbound_marketing,2025-12-04,27.4,False
ACC-007623,CO-0107131,SMB,11-50,Media/Entertainment,APAC,self_serve,2025-02-10,32.0,False
ACC-007624,CO-0115722,SMB,11-50,Media/Entertainment,North America,inbound_marketing,2021-06-03,29.0,False
ACC-007625,CO-0101757,SMB,1-10,Technology/SaaS,North America,self_serve,2023-06-02,33.2,False
ACC-007626,CO-0074678,SMB,11-50,Retail/E-commerce,North America,inbound_marketing,2020-05-10,28.2,False
ACC-007627,CO-0099332,SMB,11-50,Retail/E-commerce,North America,self_serve,2025-12-16,27.6,False
ACC-007628,CO-0010327,SMB,1-10,Financial Services,EMEA,inbound_marketing,2023-09-14,28.1,False
ACC-007629,CO-0120128,Commercial,1-10,Professional Services,North America,self_serve,2024-03-06,20.6,False
ACC-007630,CO-0112807,Commercial,1-10,Retail/E-commerce,EMEA,self_serve,2025-07-15,19.6,False
ACC-007631,CO-0094159,SMB,11-50,Education,North America,self_serve,2020-09-18,17.3,False
ACC-007632,CO-0099313,SMB,1-10,Financial Services,North America,self_serve,2024-04-20,25.5,True
ACC-007633,CO-0081910,SMB,1-10,Public Sector,North America,self_serve,2025-09-08,22.6,False
ACC-007634,CO-0083604,SMB,11-50,Technology/SaaS,North America,inbound_marketing,2024-08-05,31.3,False
ACC-007635,CO-0006247,SMB,51-200,Media/Entertainment,North America,self_serve,2025-03-23,34.8,False
ACC-007636,CO-0117401,SMB,51-200,Technology/SaaS,North America,self_serve,2025-11-10,34.8,False
ACC-007637,CO-0021903,SMB,51-200,Technology/SaaS,North America,inbound_marketing,2024-08-06,38.3,False
ACC-007638,CO-0083930,Commercial,1-10,Healthcare,North America,inbound_marketing,2021-07-09,24.0,False
ACC-007639,CO-0100448,SMB,51-200,Professional Services,North America,self_serve,2023-12-18,39.7,False
ACC-007640,CO-0031511,Commercial,11-50,Technology/SaaS,North America,self_serve,2024-07-11,27.3,False
ACC-007641,CO-0038274,SMB,1-10,Media/Entertainment,North America,self_serve,2025-12-02,20.4,False
ACC-007642,CO-0089361,SMB,1-10,Education,APAC,self_serve,2025-08-19,16.6,True
ACC-007643,CO-0065436,SMB,11-50,Education,North America,self_serve,2023-06-06,11.8,False
ACC-007644,CO-0119420,SMB,1-10,Financial Services,APAC,self_serve,2023-06-10,39.0,True
ACC-007645,CO-0094074,SMB,1-10,Technology/SaaS,North America,self_serve,2020-07-24,20.9,True
ACC-007646,CO-0101010,Commercial,1-10,Manufacturing,North America,self_serve,2024-04-04,38.3,True
ACC-007647,CO-0116446,Commercial,11-50,Technology/SaaS,North America,self_serve,2025-05-05,30.2,False
ACC-007648,CO-0024534,SMB,51-200,Healthcare,APAC,self_serve,2024-08-19,31.4,False
ACC-007649,CO-0054767,SMB,51-200,Professional Services,APAC,inbound_marketing,2025-12-08,35.2,False
ACC-007650,CO-0095054,SMB,1-10,Technology/SaaS,EMEA,self_serve,2025-11-26,30.5,False
ACC-007651,CO-0107217,SMB,1-10,Manufacturing,APAC,inbound_marketing,2022-05-29,26.3,False
ACC-007652,CO-0087744,SMB,1-10,Financial Services,North America,self_serve,2025-06-15,16.7,False
ACC-007653,CO-0005980,SMB,11-50,Public Sector,EMEA,self_serve,2021-10-17,32.7,False
ACC-007654,CO-0038767,SMB,51-200,Professional Services,APAC,self_serve,2024-11-20,28.5,False
ACC-007655,CO-0090553,SMB,11-50,Healthcare,North America,self_serve,2023-10-17,26.1,False
ACC-007656,CO-0086786,SMB,11-50,Technology/SaaS,APAC,self_serve,2025-11-13,24.6,False
ACC-007657,CO-0049517,Commercial,51-200,Healthcare,North America,self_serve,2023-05-07,36.8,False
ACC-007658,CO-0056428,SMB,11-50,Education,North America,self_serve,2023-08-14,11.1,False
ACC-007659,CO-0057983,SMB,11-50,Technology/SaaS,North America,inbound_marketing,2025-10-06,32.1,False
ACC-007660,CO-0001171,SMB,1-10,Logistics/Supply Chain,North America,self_serve,2025-06-04,27.2,False
ACC-007661,CO-0045574,SMB,11-50,Technology/SaaS,North America,inbound_marketing,2025-06-20,39.3,False
ACC-007662,CO-0035517,SMB,1-10,Financial Services,APAC,self_serve,2025-04-11,21.8,False
ACC-007663,CO-0027515,SMB,1-10,Retail/E-commerce,North America,self_serve,2023-12-02,21.1,False
ACC-007664,CO-0055075,SMB,1-10,Public Sector,EMEA,self_serve,2022-09-17,14.8,False
ACC-007665,CO-0066311,SMB,11-50,Logistics/Supply Chain,EMEA,self_serve,2023-10-27,24.4,False
ACC-007666,CO-0049172,SMB,1-10,Manufacturing,LATAM,self_serve,2024-01-06,29.6,False
ACC-007667,CO-0097763,SMB,1-10,Healthcare,APAC,inbound_marketing,2025-04-24,18.0,True
ACC-007668,CO-0034879,SMB,51-200,Retail/E-commerce,North America,self_serve,2024-09-28,36.5,False
ACC-007669,CO-0060772,SMB,1-10,Media/Entertainment,EMEA,self_serve,2025-04-10,21.0,False
ACC-007670,CO-0041136,Commercial,1-10,Professional Services,North America,inbound_marketing,2020-05-15,13.1,False
ACC-007671,CO-0014934,SMB,1-10,Logistics/Supply Chain,North America,self_serve,2023-09-19,38.9,False
ACC-007672,CO-0103909,SMB,1-10,Professional Services,APAC,self_serve,2025-10-04,13.7,True
ACC-007673,CO-0044542,SMB,11-50,Education,North America,self_serve,2022-11-03,27.7,False
ACC-007674,CO-0080349,SMB,11-50,Manufacturing,North America,self_serve,2025-11-12,26.6,False
ACC-007675,CO-0112136,SMB,11-50,Manufacturing,North America,inbound_marketing,2021-03-19,38.2,False
ACC-007676,CO-0035361,SMB,201-1000,Professional Services,EMEA,inbound_marketing,2025-07-03,35.4,False
ACC-007677,CO-0013032,Commercial,1-10,Professional Services,LATAM,self_serve,2020-12-18,9.2,False
ACC-007678,CO-0025153,SMB,11-50,Retail/E-commerce,North America,self_serve,2025-07-10,31.8,False
ACC-007679,CO-0022469,SMB,1-10,Healthcare,EMEA,self_serve,2025-12-24,25.3,True
ACC-007680,CO-0083654,SMB,11-50,Financial Services,North America,self_serve,2023-10-15,35.4,False
ACC-007681,CO-0063891,SMB,51-200,Education,North America,self_serve,2025-06-15,38.7,False
ACC-007682,CO-0114505,SMB,1-10,Logistics/Supply Chain,EMEA,self_serve,2021-12-11,15.1,False
ACC-007683,CO-0108864,SMB,1-10,Logistics/Supply Chain,EMEA,self_serve,2021-06-02,27.2,True
ACC-007684,CO-0058461,SMB,1-10,Logistics/Supply Chain,North America,inbound_marketing,2024-08-18,11.2,False
ACC-007685,CO-0091889,SMB,1-10,Media/Entertainment,North America,self_serve,2025-03-27,25.0,False
ACC-007686,CO-0051281,SMB,1-10,Technology/SaaS,APAC,self_serve,2024-06-19,30.8,True
ACC-007687,CO-0027717,SMB,1-10,Technology/SaaS,EMEA,self_serve,2025-11-25,21.9,False
ACC-007688,CO-0057857,SMB,11-50,Retail/E-commerce,North America,inbound_marketing,2023-06-03,27.4,False
ACC-007689,CO-0043944,SMB,11-50,Media/Entertainment,EMEA,self_serve,2022-01-19,29.6,False
ACC-007690,CO-0063055,SMB,11-50,Retail/E-commerce,North America,inbound_marketing,2021-03-15,26.9,False
ACC-007691,CO-0002828,SMB,11-50,Healthcare,North America,self_serve,2024-07-12,13.8,False
ACC-007692,CO-0085153,SMB,1-10,Public Sector,EMEA,self_serve,2023-12-11,9.2,False
ACC-007693,CO-0048385,SMB,11-50,Healthcare,APAC,inbound_marketing,2025-11-05,26.4,False
ACC-007694,CO-0119683,SMB,1-10,Healthcare,North America,inbound_marketing,2025-01-16,18.1,False
ACC-007695,CO-0011015,SMB,11-50,Manufacturing,North America,self_serve,2025-05-21,29.2,False
ACC-007696,CO-0112828,SMB,1-10,Manufacturing,EMEA,self_serve,2023-05-25,27.9,False
ACC-007697,CO-0028241,Commercial,11-50,Technology/SaaS,North America,self_serve,2021-10-15,37.9,False
ACC-007698,CO-0108691,SMB,51-200,Education,North America,inbound_marketing,2025-12-28,37.4,False
ACC-007699,CO-0015083,SMB,1-10,Technology/SaaS,APAC,inbound_marketing,2025-09-04,27.9,False
