account_id,segment,effective_date,trigger_reason
ACC-000000,Enterprise,2024-03-26,initial_firmographic
ACC-000001,Enterprise,2021-06-06,initial_firmographic
ACC-000002,Enterprise,2025-10-06,initial_firmographic
ACC-000003,Enterprise,2024-01-20,initial_firmographic
ACC-000004,Enterprise,2025-10-15,initial_firmographic
ACC-000005,Enterprise,2023-11-16,initial_firmographic
ACC-000006,Enterprise,2024-12-21,initial_firmographic
ACC-000007,Enterprise,2024-08-23,initial_firmographic
ACC-000008,Enterprise,2024-03-22,initial_firmographic
ACC-000009,Enterprise,2021-09-20,initial_firmographic
ACC-000010,Enterprise,2020-12-28,initial_firmographic
ACC-000011,Enterprise,2022-02-28,initial_firmographic
ACC-000012,Enterprise,2023-03-06,initial_firmographic
ACC-000013,Enterprise,2025-01-09,initial_firmographic
ACC-000014,Enterprise,2024-10-16,initial_firmographic
ACC-000015,Enterprise,2024-05-13,initial_firmographic
ACC-000016,Enterprise,2025-11-19,initial_firmographic
ACC-000017,Enterprise,2021-03-20,initial_firmographic
ACC-000018,Enterprise,2024-11-17,initial_firmographic
ACC-000019,Enterprise,2023-02-05,initial_firmographic
ACC-000020,Enterprise,2020-11-16,initial_firmographic
ACC-000021,Enterprise,2024-05-25,initial_firmographic
ACC-000022,Enterprise,2021-06-03,initial_firmographic
ACC-000023,Enterprise,2024-04-06,initial_firmographic
ACC-000024,Enterprise,2024-07-20,initial_firmographic
ACC-000025,Enterprise,2024-04-05,initial_firmographic
ACC-000026,Enterprise,2024-07-25,initial_firmographic
ACC-000027,Enterprise,2024-11-05,initial_firmographic
ACC-000028,Enterprise,2022-09-17,initial_firmographic
ACC-000029,Enterprise,2024-10-18,initial_firmographic
ACC-000030,Enterprise,2023-09-06,initial_firmographic
ACC-000031,Enterprise,2023-08-23,initial_firmographic
ACC-000032,Enterprise,2025-01-20,initial_firmographic
ACC-000033,Enterprise,2020-12-03,initial_firmographic
ACC-000034,Enterprise,2024-03-09,initial_firmographic
ACC-000035,Enterprise,2024-04-06,initial_firmographic
ACC-000036,Enterprise,2025-08-04,initial_firmographic
ACC-000037,Enterprise,2024-05-25,initial_firmographic
ACC-000038,Enterprise,2022-06-08,initial_firmographic
ACC-000039,Enterprise,2022-02-04,initial_firmographic
ACC-000040,Enterprise,2023-11-03,initial_firmographic
ACC-000041,Enterprise,2022-08-19,initial_firmographic
ACC-000042,Enterprise,2022-05-12,initial_firmographic
ACC-000043,Enterprise,2025-08-17,initial_firmographic
ACC-000044,Enterprise,2025-10-18,initial_firmographic
ACC-000045,Enterprise,2025-04-06,initial_firmographic
ACC-000046,Enterprise,2025-11-15,initial_firmographic
ACC-000047,Enterprise,2024-10-12,initial_firmographic
ACC-000048,Enterprise,2024-04-18,initial_firmographic
ACC-000049,Enterprise,2025-08-14,initial_firmographic
ACC-000050,Enterprise,2024-03-25,initial_firmographic
ACC-000051,Enterprise,2023-11-21,initial_firmographic
ACC-000052,Enterprise,2025-06-17,initial_firmographic
ACC-000053,Enterprise,2025-07-06,initial_firmographic
ACC-000054,Enterprise,2025-10-16,initial_firmographic
ACC-000055,Enterprise,2023-02-15,initial_firmographic
ACC-000056,Enterprise,2025-11-03,initial_firmographic
ACC-000057,Enterprise,2023-04-08,initial_firmographic
ACC-000058,Enterprise,2022-09-21,initial_firmographic
ACC-000059,Enterprise,2024-04-08,initial_firmographic
ACC-000060,Enterprise,2025-08-09,initial_firmographic
ACC-000061,Enterprise,2023-05-06,initial_firmographic
ACC-000062,Enterprise,2023-08-21,initial_firmographic
ACC-000063,Enterprise,2025-04-08,initial_firmographic
ACC-000064,Enterprise,2024-05-12,initial_firmographic
ACC-000065,Enterprise,2024-11-27,initial_firmographic
ACC-000066,Enterprise,2024-07-08,initial_firmographic
ACC-000067,Enterprise,2021-09-07,initial_firmographic
ACC-000068,Enterprise,2025-11-01,initial_firmographic
ACC-000069,Enterprise,2024-06-10,initial_firmographic
ACC-000070,Enterprise,2025-09-06,initial_firmographic
ACC-000071,Enterprise,2025-11-08,initial_firmographic
ACC-000072,Enterprise,2025-08-13,initial_firmographic
ACC-000073,Enterprise,2020-10-23,initial_firmographic
ACC-000074,Enterprise,2024-04-21,initial_firmographic
ACC-000075,Enterprise,2025-04-04,initial_firmographic
ACC-000076,Enterprise,2025-03-01,initial_firmographic
ACC-000077,Enterprise,2023-10-27,initial_firmographic
ACC-000078,Enterprise,2022-06-10,initial_firmographic
ACC-000079,Enterprise,2023-02-08,initial_firmographic
ACC-000080,Enterprise,2020-09-19,initial_firmographic
ACC-000081,Enterprise,2024-04-26,initial_firmographic
ACC-000082,Enterprise,2024-11-12,initial_firmographic
ACC-000083,Enterprise,2023-11-28,initial_firmographic
ACC-000084,Enterprise,2025-07-22,initial_firmographic
ACC-000085,Enterprise,2024-08-19,initial_firmographic
ACC-000086,Enterprise,2025-04-02,initial_firmographic
ACC-000087,Enterprise,2025-08-25,initial_firmographic
ACC-000088,Enterprise,2024-01-09,initial_firmographic
ACC-000089,Enterprise,2024-02-17,initial_firmographic
ACC-000090,Enterprise,2024-04-13,initial_firmographic
ACC-000091,Enterprise,2024-09-22,initial_firmographic
ACC-000092,Enterprise,2023-10-14,initial_firmographic
ACC-000093,Enterprise,2025-11-10,initial_firmographic
ACC-000094,Enterprise,2024-01-27,initial_firmographic
ACC-000095,Enterprise,2024-01-10,initial_firmographic
ACC-000096,Enterprise,2023-08-20,initial_firmographic
ACC-000097,Enterprise,2025-07-01,initial_firmographic
ACC-000098,Enterprise,2025-10-24,initial_firmographic
ACC-000099,Enterprise,2021-03-12,initial_firmographic
ACC-000100,Enterprise,2021-03-14,initial_firmographic
ACC-000101,Enterprise,2024-04-24,initial_firmographic
ACC-000102,Enterprise,2025-11-16,initial_firmographic
ACC-000103,Enterprise,2025-06-12,initial_firmographic
ACC-000104,Enterprise,2024-05-27,initial_firmographic
ACC-000105,Enterprise,2022-07-14,initial_firmographic
ACC-000106,Enterprise,2020-07-08,initial_firmographic
ACC-000107,Enterprise,2023-03-12,initial_firmographic
ACC-000108,Enterprise,2025-06-27,initial_firmographic
ACC-000109,Enterprise,2024-09-05,initial_firmographic
ACC-000110,Enterprise,2024-09-15,initial_firmographic
ACC-000111,Enterprise,2021-03-21,initial_firmographic
ACC-000112,Enterprise,2025-11-06,initial_firmographic
ACC-000113,Commercial,2024-07-18,initial_firmographic
ACC-000114,Commercial,2024-02-11,initial_firmographic
ACC-000115,Commercial,2025-10-03,initial_firmographic
ACC-000116,Commercial,2021-07-03,initial_firmographic
ACC-000117,Commercial,2024-12-20,initial_firmographic
ACC-000118,Commercial,2023-03-08,initial_firmographic
ACC-000119,Commercial,2025-03-27,initial_firmographic
ACC-000120,Commercial,2025-09-07,initial_firmographic
ACC-000121,Commercial,2024-06-17,initial_firmographic
ACC-000122,Commercial,2024-03-22,initial_firmographic
ACC-000123,Commercial,2025-12-03,initial_firmographic
ACC-000124,Commercial,2025-09-08,initial_firmographic
ACC-000125,Commercial,2021-07-24,initial_firmographic
ACC-000126,Commercial,2024-08-05,initial_firmographic
ACC-000127,Commercial,2025-02-20,initial_firmographic
ACC-000128,Commercial,2024-06-21,initial_firmographic
ACC-000129,Commercial,2024-08-01,initial_firmographic
ACC-000130,Commercial,2025-11-06,initial_firmographic
ACC-000131,Commercial,2024-05-13,initial_firmographic
ACC-000132,Commercial,2025-12-19,initial_firmographic
ACC-000133,Commercial,2025-08-12,initial_firmographic
ACC-000134,Commercial,2024-03-10,initial_firmographic
ACC-000135,Commercial,2025-01-09,initial_firmographic
ACC-000135,Enterprise,2025-09-01,usage_threshold
ACC-000136,Commercial,2025-12-01,initial_firmographic
ACC-000137,Commercial,2025-06-19,initial_firmographic
ACC-000138,Commercial,2024-04-11,initial_firmographic
ACC-000139,Commercial,2023-06-12,initial_firmographic
ACC-000140,Commercial,2025-08-14,initial_firmographic
ACC-000141,Commercial,2025-03-11,initial_firmographic
ACC-000142,Commercial,2021-01-13,initial_firmographic
ACC-000143,Commercial,2025-03-13,initial_firmographic
ACC-000143,Enterprise,2025-09-01,usage_threshold
ACC-000144,Commercial,2024-06-05,initial_firmographic
ACC-000145,Commercial,2023-07-08,initial_firmographic
ACC-000145,Enterprise,2024-02-01,firmographic_rescore
ACC-000146,Commercial,2023-08-01,initial_firmographic
ACC-000147,Commercial,2025-01-17,initial_firmographic
ACC-000148,Commercial,2024-07-15,initial_firmographic
ACC-000149,Commercial,2024-09-21,initial_firmographic
ACC-000150,Commercial,2023-03-27,initial_firmographic
ACC-000151,Commercial,2025-06-17,initial_firmographic
ACC-000152,Commercial,2025-01-08,initial_firmographic
ACC-000153,Commercial,2020-10-30,initial_firmographic
ACC-000154,Commercial,2025-12-23,initial_firmographic
ACC-000155,Commercial,2025-09-12,initial_firmographic
ACC-000156,Commercial,2021-02-03,initial_firmographic
ACC-000157,Commercial,2025-06-13,initial_firmographic
ACC-000158,Commercial,2023-04-09,initial_firmographic
ACC-000159,Commercial,2025-07-24,initial_firmographic
ACC-000160,Commercial,2022-07-21,initial_firmographic
ACC-000160,Enterprise,2024-06-01,firmographic_rescore
ACC-000161,Commercial,2024-08-16,initial_firmographic
ACC-000162,Commercial,2020-07-29,initial_firmographic
ACC-000163,Commercial,2024-09-24,initial_firmographic
ACC-000164,Commercial,2021-12-11,initial_firmographic
ACC-000165,Commercial,2023-12-14,initial_firmographic
ACC-000166,Commercial,2024-12-19,initial_firmographic
ACC-000167,Commercial,2024-10-25,initial_firmographic
ACC-000167,Enterprise,2025-07-01,usage_threshold
ACC-000168,Commercial,2025-06-04,initial_firmographic
ACC-000169,Commercial,2024-05-03,initial_firmographic
ACC-000170,Commercial,2025-12-14,initial_firmographic
ACC-000171,Commercial,2024-01-09,initial_firmographic
ACC-000172,Commercial,2023-07-02,initial_firmographic
ACC-000173,Commercial,2024-07-10,initial_firmographic
ACC-000174,Commercial,2025-11-11,initial_firmographic
ACC-000175,Commercial,2021-09-09,initial_firmographic
ACC-000176,Commercial,2024-09-20,initial_firmographic
ACC-000177,Commercial,2023-07-28,initial_firmographic
ACC-000178,Commercial,2023-03-09,initial_firmographic
ACC-000178,Enterprise,2025-07-01,usage_threshold
ACC-000179,Commercial,2021-09-06,initial_firmographic
ACC-000180,Commercial,2025-02-14,initial_firmographic
ACC-000181,Commercial,2025-03-22,initial_firmographic
ACC-000182,Commercial,2024-11-15,initial_firmographic
ACC-000183,Commercial,2025-02-03,initial_firmographic
ACC-000184,Commercial,2024-03-26,initial_firmographic
ACC-000185,Commercial,2020-08-10,initial_firmographic
ACC-000185,Enterprise,2025-04-01,firmographic_rescore
ACC-000186,Commercial,2024-06-01,initial_firmographic
ACC-000187,Commercial,2025-08-23,initial_firmographic
ACC-000188,Commercial,2023-08-23,initial_firmographic
ACC-000189,Commercial,2024-05-27,initial_firmographic
ACC-000190,Commercial,2024-10-20,initial_firmographic
ACC-000191,Commercial,2024-02-14,initial_firmographic
ACC-000192,Commercial,2025-07-02,initial_firmographic
ACC-000193,Commercial,2024-04-13,initial_firmographic
ACC-000194,Commercial,2025-07-04,initial_firmographic
ACC-000195,Commercial,2025-05-09,initial_firmographic
ACC-000196,Commercial,2024-06-11,initial_firmographic
ACC-000197,Commercial,2025-08-11,initial_firmographic
ACC-000198,Commercial,2023-11-06,initial_firmographic
ACC-000199,Commercial,2025-01-03,initial_firmographic
ACC-000200,Commercial,2020-10-05,initial_firmographic
ACC-000201,Commercial,2025-04-05,initial_firmographic
ACC-000202,Commercial,2025-01-04,initial_firmographic
ACC-000203,Commercial,2021-07-31,initial_firmographic
ACC-000204,Commercial,2025-07-26,initial_firmographic
ACC-000205,Commercial,2024-04-25,initial_firmographic
ACC-000206,Commercial,2023-03-08,initial_firmographic
ACC-000207,Commercial,2023-09-01,initial_firmographic
ACC-000208,Commercial,2021-11-05,initial_firmographic
ACC-000209,Commercial,2024-10-11,initial_firmographic
ACC-000209,Enterprise,2025-08-01,firmographic_rescore
ACC-000210,Commercial,2025-05-08,initial_firmographic
ACC-000211,Commercial,2025-07-05,initial_firmographic
ACC-000212,Commercial,2022-08-13,initial_firmographic
ACC-000213,Commercial,2023-10-11,initial_firmographic
ACC-000213,Enterprise,2024-02-01,firmographic_rescore
ACC-000214,Commercial,2025-06-06,initial_firmographic
ACC-000215,Commercial,2020-07-31,initial_firmographic
ACC-000216,Commercial,2024-10-28,initial_firmographic
ACC-000217,Commercial,2023-11-25,initial_firmographic
ACC-000218,Commercial,2024-08-22,initial_firmographic
ACC-000219,Commercial,2025-01-14,initial_firmographic
ACC-000220,Commercial,2022-06-18,initial_firmographic
ACC-000221,Commercial,2020-01-13,initial_firmographic
ACC-000222,Commercial,2025-06-13,initial_firmographic
ACC-000223,Commercial,2025-07-19,initial_firmographic
ACC-000224,Commercial,2025-06-11,initial_firmographic
ACC-000225,Commercial,2022-08-03,initial_firmographic
ACC-000226,Commercial,2025-01-07,initial_firmographic
ACC-000227,Commercial,2025-08-08,initial_firmographic
ACC-000228,Commercial,2022-11-20,initial_firmographic
ACC-000229,Commercial,2024-06-23,initial_firmographic
ACC-000230,Commercial,2023-01-02,initial_firmographic
ACC-000231,Commercial,2025-05-28,initial_firmographic
ACC-000231,Enterprise,2025-12-01,firmographic_rescore
ACC-000232,Commercial,2022-08-21,initial_firmographic
ACC-000233,Commercial,2021-11-04,initial_firmographic
ACC-000233,Enterprise,2024-12-01,firmographic_rescore
ACC-000234,Commercial,2022-01-22,initial_firmographic
ACC-000235,Commercial,2023-02-05,initial_firmographic
ACC-000235,Enterprise,2024-11-01,usage_threshold
ACC-000236,Commercial,2025-06-02,initial_firmographic
ACC-000237,Commercial,2025-01-17,initial_firmographic
ACC-000238,Commercial,2024-09-28,initial_firmographic
ACC-000238,Enterprise,2025-07-01,firmographic_rescore
ACC-000239,Commercial,2023-02-19,initial_firmographic
ACC-000240,Commercial,2025-06-18,initial_firmographic
ACC-000241,Commercial,2024-07-23,initial_firmographic
ACC-000242,Commercial,2024-11-23,initial_firmographic
ACC-000243,Commercial,2020-12-29,initial_firmographic
ACC-000244,Commercial,2025-12-07,initial_firmographic
ACC-000245,Commercial,2025-09-03,initial_firmographic
ACC-000246,Commercial,2025-02-27,initial_firmographic
ACC-000247,Commercial,2024-04-08,initial_firmographic
ACC-000248,Commercial,2025-12-15,initial_firmographic
ACC-000249,Commercial,2025-08-16,initial_firmographic
ACC-000250,Commercial,2023-02-20,initial_firmographic
ACC-000251,Commercial,2025-06-21,initial_firmographic
ACC-000252,Commercial,2020-12-20,initial_firmographic
ACC-000253,Commercial,2020-10-27,initial_firmographic
ACC-000254,Commercial,2020-05-29,initial_firmographic
ACC-000255,Commercial,2025-10-21,initial_firmographic
ACC-000256,Commercial,2024-04-26,initial_firmographic
ACC-000257,Commercial,2023-07-10,initial_firmographic
ACC-000258,Commercial,2024-09-21,initial_firmographic
ACC-000259,Commercial,2024-08-02,initial_firmographic
ACC-000260,Commercial,2025-08-06,initial_firmographic
ACC-000261,Commercial,2025-10-24,initial_firmographic
ACC-000262,Commercial,2025-10-14,initial_firmographic
ACC-000263,Commercial,2022-03-29,initial_firmographic
ACC-000263,Enterprise,2024-02-01,usage_threshold
ACC-000264,Commercial,2024-02-23,initial_firmographic
ACC-000265,Commercial,2025-09-23,initial_firmographic
ACC-000266,Commercial,2024-07-26,initial_firmographic
ACC-000267,Commercial,2020-06-02,initial_firmographic
ACC-000268,Commercial,2021-05-10,initial_firmographic
ACC-000269,Commercial,2021-06-04,initial_firmographic
ACC-000270,Commercial,2025-01-26,initial_firmographic
ACC-000271,Commercial,2023-04-07,initial_firmographic
ACC-000272,Commercial,2021-12-13,initial_firmographic
ACC-000273,Commercial,2025-01-09,initial_firmographic
ACC-000274,Commercial,2023-04-25,initial_firmographic
ACC-000275,Commercial,2025-04-11,initial_firmographic
ACC-000276,Commercial,2025-11-03,initial_firmographic
ACC-000277,Commercial,2025-10-25,initial_firmographic
ACC-000278,Commercial,2024-05-15,initial_firmographic
ACC-000279,Commercial,2025-10-18,initial_firmographic
ACC-000280,Commercial,2023-06-27,initial_firmographic
ACC-000281,Commercial,2024-12-25,initial_firmographic
ACC-000282,Commercial,2025-12-09,initial_firmographic
ACC-000283,Commercial,2022-08-20,initial_firmographic
ACC-000284,Commercial,2023-05-01,initial_firmographic
ACC-000285,Commercial,2024-02-12,initial_firmographic
ACC-000285,Enterprise,2024-10-01,firmographic_rescore
ACC-000286,Commercial,2025-08-04,initial_firmographic
ACC-000287,Commercial,2024-10-08,initial_firmographic
ACC-000287,Enterprise,2025-05-01,usage_threshold
ACC-000288,Commercial,2020-01-30,initial_firmographic
ACC-000289,Commercial,2023-07-25,initial_firmographic
ACC-000290,Commercial,2023-05-01,initial_firmographic
ACC-000291,Commercial,2024-12-03,initial_firmographic
ACC-000292,Commercial,2020-04-17,initial_firmographic
ACC-000293,Commercial,2025-06-05,initial_firmographic
ACC-000294,Commercial,2025-01-13,initial_firmographic
ACC-000294,Enterprise,2025-07-01,firmographic_rescore
ACC-000295,Commercial,2025-05-02,initial_firmographic
ACC-000296,Commercial,2025-09-07,initial_firmographic
ACC-000297,Commercial,2024-11-11,initial_firmographic
ACC-000298,Commercial,2020-08-11,initial_firmographic
ACC-000298,Enterprise,2021-07-01,firmographic_rescore
ACC-000299,Commercial,2025-09-27,initial_firmographic
ACC-000300,Commercial,2024-10-11,initial_firmographic
ACC-000301,Commercial,2025-05-02,initial_firmographic
ACC-000302,Commercial,2024-11-06,initial_firmographic
ACC-000302,Enterprise,2025-07-01,usage_threshold
ACC-000303,Commercial,2024-08-24,initial_firmographic
ACC-000304,Commercial,2024-07-16,initial_firmographic
ACC-000305,Commercial,2025-11-25,initial_firmographic
ACC-000306,Commercial,2024-10-10,initial_firmographic
ACC-000307,Commercial,2025-10-18,initial_firmographic
ACC-000308,Commercial,2025-02-01,initial_firmographic
ACC-000308,Enterprise,2025-05-01,usage_threshold
ACC-000309,Commercial,2024-04-22,initial_firmographic
ACC-000310,Commercial,2025-01-02,initial_firmographic
ACC-000311,Commercial,2023-11-21,initial_firmographic
ACC-000312,Commercial,2025-11-18,initial_firmographic
ACC-000313,Commercial,2023-01-15,initial_firmographic
ACC-000314,Commercial,2021-01-30,initial_firmographic
ACC-000315,Commercial,2023-01-02,initial_firmographic
ACC-000315,Enterprise,2024-06-01,firmographic_rescore
ACC-000316,Commercial,2023-02-01,initial_firmographic
ACC-000317,Commercial,2022-06-23,initial_firmographic
ACC-000318,Commercial,2021-03-25,initial_firmographic
ACC-000319,Commercial,2025-10-18,initial_firmographic
ACC-000320,Commercial,2021-02-21,initial_firmographic
ACC-000321,Commercial,2023-04-28,initial_firmographic
ACC-000322,Commercial,2020-12-30,initial_firmographic
ACC-000323,Commercial,2024-10-06,initial_firmographic
ACC-000324,Commercial,2024-01-26,initial_firmographic
ACC-000325,Commercial,2023-02-18,initial_firmographic
ACC-000326,Commercial,2025-01-26,initial_firmographic
ACC-000326,Enterprise,2025-07-01,firmographic_rescore
ACC-000327,Commercial,2024-12-15,initial_firmographic
ACC-000328,Commercial,2025-08-25,initial_firmographic
ACC-000328,Enterprise,2025-12-01,usage_threshold
ACC-000329,Commercial,2021-08-13,initial_firmographic
ACC-000330,Commercial,2020-10-19,initial_firmographic
ACC-000330,Enterprise,2022-03-01,usage_threshold
ACC-000331,Commercial,2023-10-01,initial_firmographic
ACC-000332,Commercial,2025-08-23,initial_firmographic
ACC-000333,Commercial,2025-01-17,initial_firmographic
ACC-000334,Commercial,2025-08-26,initial_firmographic
ACC-000334,Enterprise,2025-11-01,usage_threshold
ACC-000335,Commercial,2024-10-15,initial_firmographic
ACC-000336,Commercial,2023-09-19,initial_firmographic
ACC-000336,Enterprise,2024-01-01,usage_threshold
ACC-000337,Commercial,2022-03-13,initial_firmographic
ACC-000338,Commercial,2020-11-19,initial_firmographic
ACC-000339,Commercial,2020-02-12,initial_firmographic
ACC-000340,Commercial,2025-04-10,initial_firmographic
ACC-000341,Commercial,2023-02-04,initial_firmographic
ACC-000342,Commercial,2022-03-27,initial_firmographic
ACC-000343,Commercial,2023-07-24,initial_firmographic
ACC-000344,Commercial,2025-10-12,initial_firmographic
ACC-000345,Commercial,2024-10-07,initial_firmographic
ACC-000346,Commercial,2022-07-17,initial_firmographic
ACC-000347,Commercial,2024-07-02,initial_firmographic
ACC-000348,Commercial,2025-01-15,initial_firmographic
ACC-000348,Enterprise,2025-04-01,firmographic_rescore
ACC-000349,Commercial,2025-09-12,initial_firmographic
ACC-000350,Commercial,2024-06-06,initial_firmographic
ACC-000351,Commercial,2024-06-17,initial_firmographic
ACC-000352,Commercial,2024-06-21,initial_firmographic
ACC-000352,Enterprise,2025-01-01,usage_threshold
ACC-000353,Commercial,2024-03-01,initial_firmographic
ACC-000354,Commercial,2025-11-27,initial_firmographic
ACC-000355,Commercial,2025-07-28,initial_firmographic
ACC-000356,Commercial,2023-07-09,initial_firmographic
ACC-000357,Commercial,2023-05-18,initial_firmographic
ACC-000358,Commercial,2025-09-17,initial_firmographic
ACC-000359,Commercial,2025-08-15,initial_firmographic
ACC-000360,Commercial,2022-07-14,initial_firmographic
ACC-000361,Commercial,2024-12-17,initial_firmographic
ACC-000362,Commercial,2025-07-03,initial_firmographic
ACC-000362,Enterprise,2025-10-01,usage_threshold
ACC-000363,Commercial,2023-02-03,initial_firmographic
ACC-000364,Commercial,2024-03-18,initial_firmographic
ACC-000365,Commercial,2023-07-14,initial_firmographic
ACC-000366,Commercial,2022-07-10,initial_firmographic
ACC-000366,Enterprise,2023-11-01,usage_threshold
ACC-000367,Commercial,2025-08-27,initial_firmographic
ACC-000368,Commercial,2024-01-07,initial_firmographic
ACC-000369,Commercial,2025-08-23,initial_firmographic
ACC-000370,Commercial,2025-11-20,initial_firmographic
ACC-000371,Commercial,2025-01-06,initial_firmographic
ACC-000372,Commercial,2025-09-18,initial_firmographic
ACC-000373,Commercial,2025-11-20,initial_firmographic
ACC-000374,Commercial,2023-08-25,initial_firmographic
ACC-000375,Commercial,2025-04-25,initial_firmographic
ACC-000376,Commercial,2024-11-02,initial_firmographic
ACC-000377,Commercial,2023-06-23,initial_firmographic
ACC-000377,Enterprise,2025-04-01,usage_threshold
ACC-000378,Commercial,2025-08-05,initial_firmographic
ACC-000379,Commercial,2025-11-03,initial_firmographic
ACC-000380,Commercial,2024-08-20,initial_firmographic
ACC-000381,Commercial,2025-06-06,initial_firmographic
ACC-000382,Commercial,2020-07-14,initial_firmographic
ACC-000383,Commercial,2024-03-13,initial_firmographic
ACC-000384,Commercial,2024-11-02,initial_firmographic
ACC-000385,Commercial,2024-06-17,initial_firmographic
ACC-000385,Enterprise,2024-12-01,firmographic_rescore
ACC-000386,Commercial,2024-12-01,initial_firmographic
ACC-000387,Commercial,2025-10-14,initial_firmographic
ACC-000388,Commercial,2023-04-16,initial_firmographic
ACC-000389,Commercial,2024-08-01,initial_firmographic
ACC-000390,Commercial,2025-06-06,initial_firmographic
ACC-000391,Commercial,2024-07-19,initial_firmographic
ACC-000392,Commercial,2022-06-16,initial_firmographic
ACC-000393,Commercial,2025-02-01,initial_firmographic
ACC-000394,Commercial,2025-01-15,initial_firmographic
ACC-000395,Commercial,2023-07-19,initial_firmographic
ACC-000396,Commercial,2025-04-12,initial_firmographic
ACC-000396,Enterprise,2025-07-01,firmographic_rescore
ACC-000397,Commercial,2023-09-12,initial_firmographic
ACC-000398,Commercial,2024-10-02,initial_firmographic
ACC-000399,Commercial,2022-01-23,initial_firmographic
ACC-000400,Commercial,2024-04-12,initial_firmographic
ACC-000401,Commercial,2025-09-27,initial_firmographic
ACC-000402,Commercial,2021-11-15,initial_firmographic
ACC-000403,Commercial,2023-06-02,initial_firmographic
ACC-000404,Commercial,2025-05-05,initial_firmographic
ACC-000405,Commercial,2023-11-08,initial_firmographic
ACC-000406,Commercial,2025-09-05,initial_firmographic
ACC-000407,Commercial,2025-01-03,initial_firmographic
ACC-000408,Commercial,2023-09-19,initial_firmographic
ACC-000409,Commercial,2025-04-03,initial_firmographic
ACC-000410,Commercial,2024-09-01,initial_firmographic
ACC-000411,Commercial,2021-11-17,initial_firmographic
ACC-000412,Commercial,2023-10-17,initial_firmographic
ACC-000412,Enterprise,2024-06-01,usage_threshold
ACC-000413,Commercial,2020-09-15,initial_firmographic
ACC-000414,Commercial,2025-01-24,initial_firmographic
ACC-000415,Commercial,2024-01-19,initial_firmographic
ACC-000416,Commercial,2025-09-10,initial_firmographic
ACC-000417,Commercial,2024-12-20,initial_firmographic
ACC-000418,Commercial,2024-01-23,initial_firmographic
ACC-000419,Commercial,2025-11-15,initial_firmographic
ACC-000420,Commercial,2024-05-12,initial_firmographic
ACC-000420,Enterprise,2025-11-01,usage_threshold
ACC-000421,Commercial,2024-03-07,initial_firmographic
ACC-000422,Commercial,2025-05-11,initial_firmographic
ACC-000423,Commercial,2024-03-28,initial_firmographic
ACC-000423,Enterprise,2025-03-01,usage_threshold
ACC-000424,Commercial,2022-10-08,initial_firmographic
ACC-000425,Commercial,2023-11-16,initial_firmographic
ACC-000426,Commercial,2024-10-22,initial_firmographic
ACC-000427,Commercial,2025-11-22,initial_firmographic
ACC-000428,Commercial,2021-09-07,initial_firmographic
ACC-000429,Commercial,2021-05-28,initial_firmographic
ACC-000430,Commercial,2022-04-22,initial_firmographic
ACC-000431,Commercial,2025-05-02,initial_firmographic
ACC-000432,Commercial,2024-08-16,initial_firmographic
ACC-000433,Commercial,2023-08-17,initial_firmographic
ACC-000434,Commercial,2025-10-07,initial_firmographic
ACC-000435,Commercial,2021-08-18,initial_firmographic
ACC-000436,Commercial,2024-08-23,initial_firmographic
ACC-000437,Commercial,2020-07-12,initial_firmographic
ACC-000438,Commercial,2023-09-24,initial_firmographic
ACC-000439,Commercial,2025-11-01,initial_firmographic
ACC-000440,Commercial,2021-08-10,initial_firmographic
ACC-000441,Commercial,2025-06-12,initial_firmographic
ACC-000442,Commercial,2023-12-08,initial_firmographic
ACC-000443,Commercial,2024-07-05,initial_firmographic
ACC-000444,Commercial,2025-07-11,initial_firmographic
ACC-000445,Commercial,2023-10-01,initial_firmographic
ACC-000446,Commercial,2021-04-14,initial_firmographic
ACC-000447,Commercial,2024-09-09,initial_firmographic
ACC-000448,Commercial,2023-10-05,initial_firmographic
ACC-000449,Commercial,2020-10-25,initial_firmographic
ACC-000450,Commercial,2025-03-13,initial_firmographic
ACC-000451,Commercial,2024-12-28,initial_firmographic
ACC-000452,Commercial,2024-11-11,initial_firmographic
ACC-000452,Enterprise,2025-04-01,usage_threshold
ACC-000453,Commercial,2021-04-12,initial_firmographic
ACC-000454,Commercial,2024-09-27,initial_firmographic
ACC-000455,Commercial,2023-04-27,initial_firmographic
ACC-000456,Commercial,2023-03-28,initial_firmographic
ACC-000457,Commercial,2023-06-09,initial_firmographic
ACC-000458,Commercial,2025-02-10,initial_firmographic
ACC-000459,Commercial,2025-02-11,initial_firmographic
ACC-000460,Commercial,2024-08-09,initial_firmographic
ACC-000461,Commercial,2024-11-07,initial_firmographic
ACC-000462,Commercial,2023-07-27,initial_firmographic
ACC-000463,Commercial,2025-02-18,initial_firmographic
ACC-000464,Commercial,2021-01-04,initial_firmographic
ACC-000465,Commercial,2024-03-19,initial_firmographic
ACC-000466,Commercial,2025-08-24,initial_firmographic
ACC-000467,Commercial,2023-12-18,initial_firmographic
ACC-000467,Enterprise,2024-04-01,firmographic_rescore
ACC-000468,Commercial,2025-01-08,initial_firmographic
ACC-000469,Commercial,2023-09-07,initial_firmographic
ACC-000470,Commercial,2025-10-22,initial_firmographic
ACC-000471,Commercial,2024-11-03,initial_firmographic
ACC-000472,Commercial,2022-08-08,initial_firmographic
ACC-000473,Commercial,2024-05-21,initial_firmographic
ACC-000474,Commercial,2025-08-06,initial_firmographic
ACC-000475,Commercial,2023-08-19,initial_firmographic
ACC-000476,Commercial,2024-04-07,initial_firmographic
ACC-000477,Commercial,2025-04-15,initial_firmographic
ACC-000478,SMB,2021-10-31,initial_default
ACC-000478,Commercial,2022-03-01,usage_threshold
ACC-000479,SMB,2025-07-09,initial_default
ACC-000480,SMB,2025-12-01,initial_default
ACC-000481,SMB,2022-12-25,initial_default
ACC-000482,SMB,2025-05-01,initial_default
ACC-000483,SMB,2020-10-18,initial_default
ACC-000484,SMB,2022-07-27,initial_default
ACC-000485,SMB,2025-11-18,initial_default
ACC-000486,SMB,2024-10-15,initial_default
ACC-000487,SMB,2025-08-09,initial_default
ACC-000488,SMB,2025-12-07,initial_default
ACC-000489,SMB,2024-12-17,initial_default
ACC-000490,SMB,2025-09-10,initial_default
ACC-000491,SMB,2024-02-22,initial_default
ACC-000492,SMB,2024-03-10,initial_default
ACC-000493,SMB,2024-10-15,initial_default
ACC-000494,SMB,2024-11-24,initial_default
ACC-000495,SMB,2025-06-01,initial_default
ACC-000496,SMB,2025-10-25,initial_default
ACC-000497,SMB,2023-06-20,initial_default
ACC-000498,SMB,2025-10-18,initial_default
ACC-000499,SMB,2025-05-27,initial_default
ACC-000500,SMB,2025-09-13,initial_default
ACC-000501,SMB,2025-01-04,initial_default
ACC-000502,SMB,2024-11-19,initial_default
ACC-000503,SMB,2024-08-17,initial_default
ACC-000504,SMB,2024-03-10,initial_default
ACC-000505,SMB,2024-08-02,initial_default
ACC-000506,SMB,2023-05-21,initial_default
ACC-000507,SMB,2023-01-22,initial_default
ACC-000508,SMB,2022-03-31,initial_default
ACC-000509,SMB,2024-08-24,initial_default
ACC-000510,SMB,2024-08-06,initial_default
ACC-000511,SMB,2025-10-09,initial_default
ACC-000512,SMB,2025-06-19,initial_default
ACC-000513,SMB,2025-01-11,initial_default
ACC-000514,SMB,2024-03-26,initial_default
ACC-000514,Commercial,2024-06-01,usage_threshold
ACC-000515,SMB,2023-01-25,initial_default
ACC-000516,SMB,2024-10-02,initial_default
ACC-000517,SMB,2024-04-09,initial_default
ACC-000518,SMB,2024-04-01,initial_default
ACC-000519,SMB,2022-01-09,initial_default
ACC-000520,SMB,2024-08-12,initial_default
ACC-000521,SMB,2025-02-05,initial_default
ACC-000522,SMB,2024-02-24,initial_default
ACC-000523,SMB,2023-07-24,initial_default
ACC-000524,SMB,2023-12-27,initial_default
ACC-000525,SMB,2024-10-12,initial_default
ACC-000526,SMB,2024-01-09,initial_default
ACC-000527,SMB,2022-02-24,initial_default
ACC-000528,SMB,2025-06-28,initial_default
ACC-000528,Commercial,2025-10-01,usage_threshold
ACC-000529,SMB,2024-11-10,initial_default
ACC-000529,Commercial,2025-03-01,usage_threshold
ACC-000530,SMB,2025-04-09,initial_default
ACC-000531,SMB,2025-01-11,initial_default
ACC-000532,SMB,2023-12-25,initial_default
ACC-000533,SMB,2025-02-06,initial_default
ACC-000534,SMB,2023-01-08,initial_default
ACC-000535,SMB,2025-10-26,initial_default
ACC-000536,SMB,2020-12-22,initial_default
ACC-000537,SMB,2024-09-10,initial_default
ACC-000538,SMB,2025-04-16,initial_default
ACC-000539,SMB,2024-03-22,initial_default
ACC-000540,SMB,2023-05-19,initial_default
ACC-000541,SMB,2021-01-01,initial_default
ACC-000542,SMB,2021-09-13,initial_default
ACC-000543,SMB,2024-03-15,initial_default
ACC-000544,SMB,2020-08-11,initial_default
ACC-000545,SMB,2020-09-14,initial_default
ACC-000545,Commercial,2025-07-01,usage_threshold
ACC-000546,SMB,2024-06-27,initial_default
ACC-000547,SMB,2024-01-05,initial_default
ACC-000548,SMB,2024-01-24,initial_default
ACC-000549,SMB,2020-04-28,initial_default
ACC-000550,SMB,2025-07-16,initial_default
ACC-000551,SMB,2025-01-07,initial_default
ACC-000552,SMB,2023-11-21,initial_default
ACC-000553,SMB,2023-03-19,initial_default
ACC-000554,SMB,2025-04-10,initial_default
ACC-000555,SMB,2025-12-20,initial_default
ACC-000556,SMB,2025-09-01,initial_default
ACC-000557,SMB,2024-04-15,initial_default
ACC-000557,Commercial,2024-07-01,usage_threshold
ACC-000558,SMB,2023-11-20,initial_default
ACC-000558,Commercial,2024-03-01,usage_threshold
ACC-000559,SMB,2022-12-31,initial_default
ACC-000560,SMB,2021-03-29,initial_default
ACC-000561,SMB,2020-03-21,initial_default
ACC-000562,SMB,2025-04-27,initial_default
ACC-000563,SMB,2023-05-20,initial_default
ACC-000564,SMB,2023-07-27,initial_default
ACC-000565,SMB,2025-11-16,initial_default
ACC-000566,SMB,2025-12-07,initial_default
ACC-000567,SMB,2021-08-28,initial_default
ACC-000568,SMB,2025-03-02,initial_default
ACC-000569,SMB,2025-09-23,initial_default
ACC-000570,SMB,2025-11-05,initial_default
ACC-000571,SMB,2025-06-17,initial_default
ACC-000572,SMB,2024-02-04,initial_default
ACC-000573,SMB,2025-03-26,initial_default
ACC-000573,Commercial,2025-06-01,firmographic_rescore
ACC-000574,SMB,2020-01-08,initial_default
ACC-000575,SMB,2025-05-28,initial_default
ACC-000576,SMB,2023-04-21,initial_default
ACC-000576,Commercial,2024-10-01,firmographic_rescore
ACC-000577,SMB,2022-06-30,initial_default
ACC-000578,SMB,2025-09-23,initial_default
ACC-000579,SMB,2025-03-18,initial_default
ACC-000580,SMB,2020-06-06,initial_default
ACC-000581,SMB,2023-08-06,initial_default
ACC-000582,SMB,2021-01-21,initial_default
ACC-000583,SMB,2021-10-29,initial_default
ACC-000584,SMB,2024-11-04,initial_default
ACC-000585,SMB,2022-01-04,initial_default
ACC-000586,SMB,2023-08-06,initial_default
ACC-000587,SMB,2025-10-19,initial_default
ACC-000588,SMB,2022-05-29,initial_default
ACC-000589,SMB,2025-08-16,initial_default
ACC-000590,SMB,2025-03-07,initial_default
ACC-000591,SMB,2021-06-18,initial_default
ACC-000592,SMB,2024-01-16,initial_default
ACC-000593,SMB,2024-09-06,initial_default
ACC-000594,SMB,2022-02-09,initial_default
ACC-000595,SMB,2024-07-15,initial_default
ACC-000596,SMB,2024-05-09,initial_default
ACC-000597,SMB,2020-05-23,initial_default
ACC-000598,SMB,2025-02-01,initial_default
ACC-000599,SMB,2023-10-01,initial_default
ACC-000600,SMB,2024-11-01,initial_default
ACC-000600,Commercial,2025-08-01,usage_threshold
ACC-000601,SMB,2022-09-13,initial_default
ACC-000602,SMB,2023-05-01,initial_default
ACC-000603,SMB,2024-03-09,initial_default
ACC-000604,SMB,2025-07-27,initial_default
ACC-000605,SMB,2025-06-16,initial_default
ACC-000605,Commercial,2025-11-01,usage_threshold
ACC-000606,SMB,2025-09-28,initial_default
ACC-000607,SMB,2025-04-28,initial_default
ACC-000608,SMB,2020-08-17,initial_default
ACC-000609,SMB,2025-10-06,initial_default
ACC-000610,SMB,2025-12-15,initial_default
ACC-000611,SMB,2024-12-15,initial_default
ACC-000612,SMB,2024-08-01,initial_default
ACC-000612,Commercial,2025-06-01,usage_threshold
ACC-000613,SMB,2024-09-14,initial_default
ACC-000614,SMB,2024-03-06,initial_default
ACC-000614,Commercial,2025-01-01,usage_threshold
ACC-000615,SMB,2023-07-13,initial_default
ACC-000616,SMB,2025-09-04,initial_default
ACC-000617,SMB,2024-02-08,initial_default
ACC-000618,SMB,2025-04-27,initial_default
ACC-000618,Commercial,2025-08-01,usage_threshold
ACC-000619,SMB,2024-06-26,initial_default
ACC-000620,SMB,2023-03-16,initial_default
ACC-000621,SMB,2023-12-13,initial_default
ACC-000622,SMB,2025-08-18,initial_default
ACC-000623,SMB,2024-10-26,initial_default
ACC-000624,SMB,2025-09-24,initial_default
ACC-000625,SMB,2020-06-03,initial_default
ACC-000626,SMB,2025-04-23,initial_default
ACC-000627,SMB,2024-01-26,initial_default
ACC-000628,SMB,2024-06-16,initial_default
ACC-000629,SMB,2024-03-15,initial_default
ACC-000630,SMB,2022-03-09,initial_default
ACC-000631,SMB,2021-02-06,initial_default
ACC-000631,Commercial,2021-12-01,firmographic_rescore
ACC-000632,SMB,2024-03-15,initial_default
ACC-000633,SMB,2025-03-17,initial_default
ACC-000634,SMB,2023-02-11,initial_default
ACC-000635,SMB,2025-05-20,initial_default
ACC-000636,SMB,2025-11-06,initial_default
ACC-000637,SMB,2025-10-18,initial_default
ACC-000638,SMB,2025-01-08,initial_default
ACC-000639,SMB,2024-08-16,initial_default
ACC-000640,SMB,2024-07-03,initial_default
ACC-000641,SMB,2024-11-07,initial_default
ACC-000642,SMB,2024-03-22,initial_default
ACC-000643,SMB,2025-11-24,initial_default
ACC-000644,SMB,2025-01-09,initial_default
ACC-000645,SMB,2022-06-25,initial_default
ACC-000646,SMB,2025-12-14,initial_default
ACC-000647,SMB,2024-06-11,initial_default
ACC-000648,SMB,2023-10-22,initial_default
ACC-000648,Commercial,2025-08-01,firmographic_rescore
ACC-000649,SMB,2025-09-12,initial_default
ACC-000650,SMB,2024-12-05,initial_default
ACC-000651,SMB,2024-02-18,initial_default
ACC-000652,SMB,2025-10-03,initial_default
ACC-000653,SMB,2025-09-23,initial_default
ACC-000654,SMB,2024-10-10,initial_default
ACC-000655,SMB,2022-05-11,initial_default
ACC-000655,Commercial,2023-08-01,usage_threshold
ACC-000656,SMB,2022-10-10,initial_default
ACC-000657,SMB,2025-04-15,initial_default
ACC-000658,SMB,2023-06-26,initial_default
ACC-000659,SMB,2025-11-10,initial_default
ACC-000660,SMB,2023-12-07,initial_default
ACC-000661,SMB,2023-05-06,initial_default
ACC-000662,SMB,2021-11-27,initial_default
ACC-000663,SMB,2024-06-06,initial_default
ACC-000664,SMB,2025-04-24,initial_default
ACC-000665,SMB,2022-03-25,initial_default
ACC-000665,Commercial,2022-12-01,firmographic_rescore
ACC-000666,SMB,2025-08-02,initial_default
ACC-000667,SMB,2021-03-24,initial_default
ACC-000668,SMB,2025-11-28,initial_default
ACC-000669,SMB,2024-05-06,initial_default
ACC-000670,SMB,2024-11-17,initial_default
ACC-000671,SMB,2022-12-18,initial_default
ACC-000672,SMB,2025-06-12,initial_default
ACC-000673,SMB,2023-10-10,initial_default
ACC-000674,SMB,2025-06-28,initial_default
ACC-000675,SMB,2025-06-08,initial_default
ACC-000676,SMB,2024-12-28,initial_default
ACC-000677,SMB,2024-03-21,initial_default
ACC-000678,SMB,2022-06-04,initial_default
ACC-000679,SMB,2024-04-21,initial_default
ACC-000679,Commercial,2025-03-01,usage_threshold
ACC-000680,SMB,2022-02-14,initial_default
ACC-000681,SMB,2024-10-16,initial_default
ACC-000682,SMB,2025-06-10,initial_default
ACC-000683,SMB,2024-10-03,initial_default
ACC-000683,Commercial,2025-07-01,usage_threshold
ACC-000684,SMB,2024-02-22,initial_default
ACC-000684,Commercial,2025-08-01,usage_threshold
ACC-000685,SMB,2024-12-04,initial_default
ACC-000686,SMB,2025-01-01,initial_default
ACC-000687,SMB,2023-05-13,initial_default
ACC-000688,SMB,2025-11-27,initial_default
ACC-000689,SMB,2025-07-02,initial_default
ACC-000690,SMB,2023-12-08,initial_default
ACC-000691,SMB,2020-03-25,initial_default
ACC-000692,SMB,2025-03-22,initial_default
ACC-000693,SMB,2025-07-23,initial_default
ACC-000694,SMB,2023-04-16,initial_default
ACC-000695,SMB,2025-01-15,initial_default
ACC-000696,SMB,2024-12-02,initial_default
ACC-000697,SMB,2023-01-18,initial_default
ACC-000698,SMB,2024-07-13,initial_default
ACC-000698,Commercial,2024-11-01,usage_threshold
ACC-000699,SMB,2025-07-09,initial_default
ACC-000700,SMB,2025-12-12,initial_default
ACC-000701,SMB,2024-03-14,initial_default
ACC-000702,SMB,2025-12-09,initial_default
ACC-000703,SMB,2024-10-07,initial_default
ACC-000704,SMB,2023-06-10,initial_default
ACC-000705,SMB,2022-11-28,initial_default
ACC-000706,SMB,2023-05-27,initial_default
ACC-000707,SMB,2023-08-24,initial_default
ACC-000707,Commercial,2024-04-01,firmographic_rescore
ACC-000707,Enterprise,2025-10-01,firmographic_rescore
ACC-000708,SMB,2024-01-07,initial_default
ACC-000709,SMB,2023-02-06,initial_default
ACC-000710,SMB,2025-04-20,initial_default
ACC-000711,SMB,2025-08-13,initial_default
ACC-000712,SMB,2024-06-21,initial_default
ACC-000713,SMB,2020-10-04,initial_default
ACC-000714,SMB,2024-10-26,initial_default
ACC-000715,SMB,2024-11-12,initial_default
ACC-000716,SMB,2025-12-09,initial_default
ACC-000717,SMB,2023-06-12,initial_default
ACC-000718,SMB,2024-05-19,initial_default
ACC-000719,SMB,2025-06-09,initial_default
ACC-000720,SMB,2023-08-27,initial_default
ACC-000720,Commercial,2025-06-01,firmographic_rescore
ACC-000721,SMB,2025-12-24,initial_default
ACC-000722,SMB,2025-06-28,initial_default
ACC-000723,SMB,2024-03-04,initial_default
ACC-000724,SMB,2025-03-15,initial_default
ACC-000725,SMB,2025-08-18,initial_default
ACC-000726,SMB,2025-05-20,initial_default
ACC-000727,SMB,2020-08-30,initial_default
ACC-000728,SMB,2025-02-23,initial_default
ACC-000729,SMB,2024-02-21,initial_default
ACC-000729,Commercial,2025-04-01,usage_threshold
ACC-000730,SMB,2025-10-11,initial_default
ACC-000731,SMB,2022-12-20,initial_default
ACC-000731,Commercial,2023-07-01,usage_threshold
ACC-000732,SMB,2022-02-04,initial_default
ACC-000733,SMB,2023-10-05,initial_default
ACC-000734,SMB,2024-04-06,initial_default
ACC-000735,SMB,2025-12-26,initial_default
ACC-000736,SMB,2025-12-04,initial_default
ACC-000737,SMB,2025-08-22,initial_default
ACC-000738,SMB,2023-11-18,initial_default
ACC-000739,SMB,2025-06-10,initial_default
ACC-000740,SMB,2025-05-11,initial_default
ACC-000740,Commercial,2025-09-01,firmographic_rescore
ACC-000741,SMB,2025-01-23,initial_default
ACC-000742,SMB,2025-07-04,initial_default
ACC-000743,SMB,2023-08-13,initial_default
ACC-000743,Commercial,2025-06-01,usage_threshold
ACC-000744,SMB,2023-07-04,initial_default
ACC-000745,SMB,2025-07-20,initial_default
ACC-000746,SMB,2020-01-16,initial_default
ACC-000747,SMB,2025-07-22,initial_default
ACC-000748,SMB,2022-05-22,initial_default
ACC-000749,SMB,2025-08-13,initial_default
ACC-000750,SMB,2025-11-10,initial_default
ACC-000751,SMB,2024-05-10,initial_default
ACC-000752,SMB,2025-10-27,initial_default
ACC-000753,SMB,2020-11-27,initial_default
ACC-000754,SMB,2022-12-13,initial_default
ACC-000754,Commercial,2024-07-01,firmographic_rescore
ACC-000755,SMB,2025-08-01,initial_default
ACC-000756,SMB,2024-10-21,initial_default
ACC-000757,SMB,2023-04-25,initial_default
ACC-000758,SMB,2021-04-09,initial_default
ACC-000759,SMB,2025-03-07,initial_default
ACC-000760,SMB,2025-08-01,initial_default
ACC-000761,SMB,2025-04-04,initial_default
ACC-000762,SMB,2025-10-10,initial_default
ACC-000763,SMB,2023-06-10,initial_default
ACC-000764,SMB,2024-01-22,initial_default
ACC-000765,SMB,2024-12-22,initial_default
ACC-000765,Commercial,2025-02-01,usage_threshold
ACC-000766,SMB,2023-10-13,initial_default
ACC-000767,SMB,2024-05-22,initial_default
ACC-000768,SMB,2025-03-27,initial_default
ACC-000768,Commercial,2025-11-01,usage_threshold
ACC-000769,SMB,2025-11-02,initial_default
ACC-000770,SMB,2020-01-20,initial_default
ACC-000770,Commercial,2022-09-01,firmographic_rescore
ACC-000771,SMB,2024-12-21,initial_default
ACC-000772,SMB,2025-06-15,initial_default
ACC-000773,SMB,2021-08-02,initial_default
ACC-000773,Commercial,2023-12-01,usage_threshold
ACC-000774,SMB,2025-01-11,initial_default
ACC-000775,SMB,2024-01-02,initial_default
ACC-000776,SMB,2025-09-19,initial_default
ACC-000777,SMB,2020-01-11,initial_default
ACC-000778,SMB,2023-03-09,initial_default
ACC-000779,SMB,2025-11-02,initial_default
ACC-000780,SMB,2025-07-10,initial_default
ACC-000781,SMB,2025-10-17,initial_default
ACC-000782,SMB,2020-09-22,initial_default
ACC-000783,SMB,2025-10-18,initial_default
ACC-000784,SMB,2024-11-19,initial_default
ACC-000785,SMB,2023-09-01,initial_default
ACC-000786,SMB,2024-02-24,initial_default
ACC-000787,SMB,2020-12-27,initial_default
ACC-000787,Commercial,2025-02-01,usage_threshold
ACC-000788,SMB,2025-11-15,initial_default
ACC-000789,SMB,2024-07-07,initial_default
ACC-000790,SMB,2024-04-23,initial_default
ACC-000791,SMB,2025-02-10,initial_default
ACC-000792,SMB,2025-07-13,initial_default
ACC-000793,SMB,2025-04-07,initial_default
ACC-000794,SMB,2024-07-19,initial_default
ACC-000795,SMB,2025-03-19,initial_default
ACC-000796,SMB,2021-03-11,initial_default
ACC-000796,Commercial,2024-01-01,usage_threshold
ACC-000797,SMB,2023-11-12,initial_default
ACC-000798,SMB,2022-02-18,initial_default
ACC-000799,SMB,2020-12-27,initial_default
ACC-000800,SMB,2025-01-16,initial_default
ACC-000801,SMB,2023-11-25,initial_default
ACC-000802,SMB,2025-05-21,initial_default
ACC-000803,SMB,2025-05-20,initial_default
ACC-000804,SMB,2023-02-14,initial_default
ACC-000805,SMB,2024-01-05,initial_default
ACC-000806,SMB,2025-09-01,initial_default
ACC-000807,SMB,2023-09-22,initial_default
ACC-000808,SMB,2025-02-07,initial_default
ACC-000809,SMB,2021-08-09,initial_default
ACC-000809,Commercial,2023-05-01,firmographic_rescore
ACC-000809,Enterprise,2025-01-01,usage_threshold
ACC-000810,SMB,2024-07-28,initial_default
ACC-000811,SMB,2023-02-17,initial_default
ACC-000812,SMB,2025-01-14,initial_default
ACC-000813,SMB,2022-05-02,initial_default
ACC-000814,SMB,2024-10-21,initial_default
ACC-000815,SMB,2021-08-08,initial_default
ACC-000816,SMB,2025-10-04,initial_default
ACC-000817,SMB,2025-03-10,initial_default
ACC-000818,SMB,2020-01-21,initial_default
ACC-000818,Commercial,2021-05-01,usage_threshold
ACC-000819,SMB,2020-12-31,initial_default
ACC-000819,Commercial,2024-08-01,usage_threshold
ACC-000819,Enterprise,2025-09-01,usage_threshold
ACC-000820,SMB,2025-01-01,initial_default
ACC-000821,SMB,2023-02-19,initial_default
ACC-000822,SMB,2024-11-15,initial_default
ACC-000823,SMB,2024-05-15,initial_default
ACC-000824,SMB,2024-01-13,initial_default
ACC-000825,SMB,2023-06-17,initial_default
ACC-000826,SMB,2025-11-26,initial_default
ACC-000827,SMB,2023-03-23,initial_default
ACC-000828,SMB,2025-12-18,initial_default
ACC-000829,SMB,2020-01-26,initial_default
ACC-000829,Commercial,2024-07-01,firmographic_rescore
ACC-000830,SMB,2020-03-14,initial_default
ACC-000831,SMB,2025-01-08,initial_default
ACC-000832,SMB,2024-03-27,initial_default
ACC-000833,SMB,2022-07-30,initial_default
ACC-000834,SMB,2024-06-24,initial_default
ACC-000835,SMB,2023-07-10,initial_default
ACC-000836,SMB,2023-08-12,initial_default
ACC-000837,SMB,2025-01-26,initial_default
ACC-000838,SMB,2025-07-06,initial_default
ACC-000838,Commercial,2025-11-01,usage_threshold
ACC-000839,SMB,2025-04-02,initial_default
ACC-000840,SMB,2024-06-07,initial_default
ACC-000841,SMB,2025-11-11,initial_default
ACC-000842,SMB,2024-08-18,initial_default
ACC-000843,SMB,2024-02-15,initial_default
ACC-000844,SMB,2025-09-02,initial_default
ACC-000845,SMB,2025-11-22,initial_default
ACC-000846,SMB,2020-11-29,initial_default
ACC-000847,SMB,2024-11-15,initial_default
ACC-000848,SMB,2023-02-23,initial_default
ACC-000849,SMB,2024-05-16,initial_default
ACC-000850,SMB,2024-03-07,initial_default
ACC-000851,SMB,2024-04-28,initial_default
ACC-000852,SMB,2024-12-02,initial_default
ACC-000853,SMB,2025-12-07,initial_default
ACC-000854,SMB,2024-06-25,initial_default
ACC-000855,SMB,2023-07-20,initial_default
ACC-000856,SMB,2023-11-17,initial_default
ACC-000857,SMB,2024-10-15,initial_default
ACC-000858,SMB,2022-09-27,initial_default
ACC-000859,SMB,2023-09-18,initial_default
ACC-000860,SMB,2023-11-21,initial_default
ACC-000861,SMB,2023-05-15,initial_default
ACC-000862,SMB,2023-08-28,initial_default
ACC-000863,SMB,2025-07-08,initial_default
ACC-000864,SMB,2024-06-05,initial_default
ACC-000865,SMB,2025-08-15,initial_default
ACC-000866,SMB,2024-04-08,initial_default
ACC-000866,Commercial,2024-10-01,usage_threshold
ACC-000867,SMB,2024-12-24,initial_default
ACC-000868,SMB,2024-12-13,initial_default
ACC-000869,SMB,2024-04-18,initial_default
ACC-000870,SMB,2023-05-22,initial_default
ACC-000871,SMB,2022-08-17,initial_default
ACC-000872,SMB,2025-01-02,initial_default
ACC-000873,SMB,2022-12-24,initial_default
ACC-000874,SMB,2024-04-09,initial_default
ACC-000875,SMB,2022-07-15,initial_default
ACC-000876,SMB,2024-04-28,initial_default
ACC-000877,SMB,2023-12-15,initial_default
ACC-000878,SMB,2024-07-12,initial_default
ACC-000879,SMB,2025-10-16,initial_default
ACC-000880,SMB,2025-04-27,initial_default
ACC-000881,SMB,2024-12-08,initial_default
ACC-000882,SMB,2023-11-15,initial_default
ACC-000883,SMB,2025-01-10,initial_default
ACC-000884,SMB,2025-07-24,initial_default
ACC-000885,SMB,2024-01-21,initial_default
ACC-000886,SMB,2023-12-26,initial_default
ACC-000887,SMB,2025-09-16,initial_default
ACC-000888,SMB,2025-02-24,initial_default
ACC-000889,SMB,2024-02-01,initial_default
ACC-000890,SMB,2024-12-26,initial_default
ACC-000891,SMB,2020-06-29,initial_default
ACC-000892,SMB,2023-04-20,initial_default
ACC-000893,SMB,2022-11-26,initial_default
ACC-000894,SMB,2022-10-12,initial_default
ACC-000895,SMB,2024-04-28,initial_default
ACC-000896,SMB,2021-07-03,initial_default
ACC-000897,SMB,2022-10-07,initial_default
ACC-000897,Commercial,2025-10-01,usage_threshold
ACC-000898,SMB,2023-01-08,initial_default
ACC-000899,SMB,2025-09-12,initial_default
ACC-000900,SMB,2023-08-22,initial_default
ACC-000901,SMB,2025-10-24,initial_default
ACC-000902,SMB,2021-05-10,initial_default
ACC-000903,SMB,2025-12-15,initial_default
ACC-000904,SMB,2024-04-18,initial_default
ACC-000905,SMB,2023-07-28,initial_default
ACC-000906,SMB,2023-09-07,initial_default
ACC-000907,SMB,2025-11-05,initial_default
ACC-000908,SMB,2022-09-11,initial_default
ACC-000909,SMB,2025-10-20,initial_default
ACC-000910,SMB,2024-11-28,initial_default
ACC-000911,SMB,2024-06-03,initial_default
ACC-000912,SMB,2025-03-06,initial_default
ACC-000913,SMB,2023-06-23,initial_default
ACC-000913,Commercial,2024-03-01,firmographic_rescore
ACC-000914,SMB,2020-07-03,initial_default
ACC-000915,SMB,2020-06-09,initial_default
ACC-000916,SMB,2023-01-26,initial_default
ACC-000917,SMB,2021-08-31,initial_default
ACC-000918,SMB,2025-05-12,initial_default
ACC-000918,Commercial,2025-10-01,usage_threshold
ACC-000919,SMB,2024-06-16,initial_default
ACC-000920,SMB,2022-04-30,initial_default
ACC-000921,SMB,2020-01-11,initial_default
ACC-000922,SMB,2024-03-11,initial_default
ACC-000923,SMB,2025-10-26,initial_default
ACC-000924,SMB,2023-10-19,initial_default
ACC-000925,SMB,2020-03-05,initial_default
ACC-000925,Commercial,2022-07-01,usage_threshold
ACC-000926,SMB,2025-07-18,initial_default
ACC-000927,SMB,2023-11-17,initial_default
ACC-000928,SMB,2022-10-13,initial_default
ACC-000928,Commercial,2025-10-01,usage_threshold
ACC-000929,SMB,2021-11-18,initial_default
ACC-000930,SMB,2025-07-13,initial_default
ACC-000931,SMB,2020-10-17,initial_default
ACC-000931,Commercial,2023-02-01,usage_threshold
ACC-000932,SMB,2023-01-03,initial_default
ACC-000933,SMB,2024-03-27,initial_default
ACC-000934,SMB,2024-08-12,initial_default
ACC-000935,SMB,2024-11-26,initial_default
ACC-000935,Commercial,2025-02-01,usage_threshold
ACC-000936,SMB,2025-07-14,initial_default
ACC-000937,SMB,2023-12-13,initial_default
ACC-000937,Commercial,2025-11-01,usage_threshold
ACC-000938,SMB,2022-10-26,initial_default
ACC-000939,SMB,2024-10-09,initial_default
ACC-000940,SMB,2023-12-11,initial_default
ACC-000941,SMB,2024-01-15,initial_default
ACC-000942,SMB,2025-07-02,initial_default
ACC-000942,Commercial,2025-10-01,firmographic_rescore
ACC-000943,SMB,2025-11-23,initial_default
ACC-000944,SMB,2024-09-11,initial_default
ACC-000945,SMB,2022-06-18,initial_default
ACC-000946,SMB,2025-07-19,initial_default
ACC-000947,SMB,2023-07-21,initial_default
ACC-000948,SMB,2022-04-13,initial_default
ACC-000949,SMB,2025-09-12,initial_default
ACC-000950,SMB,2023-02-20,initial_default
ACC-000951,SMB,2022-04-06,initial_default
ACC-000952,SMB,2025-04-20,initial_default
ACC-000953,SMB,2025-12-13,initial_default
ACC-000954,SMB,2024-05-05,initial_default
ACC-000955,SMB,2025-07-27,initial_default
ACC-000956,SMB,2024-09-12,initial_default
ACC-000957,SMB,2023-02-19,initial_default
ACC-000958,SMB,2021-10-02,initial_default
ACC-000958,Commercial,2023-02-01,usage_threshold
ACC-000959,SMB,2020-04-30,initial_default
ACC-000959,Commercial,2020-09-01,usage_threshold
ACC-000960,SMB,2021-09-17,initial_default
ACC-000961,SMB,2025-10-02,initial_default
ACC-000962,SMB,2023-08-28,initial_default
ACC-000963,SMB,2025-10-26,initial_default
ACC-000964,SMB,2025-01-14,initial_default
ACC-000965,SMB,2024-09-04,initial_default
ACC-000966,SMB,2022-02-19,initial_default
ACC-000967,SMB,2025-02-05,initial_default
ACC-000968,SMB,2025-01-04,initial_default
ACC-000969,SMB,2025-02-03,initial_default
ACC-000970,SMB,2024-08-27,initial_default
ACC-000970,Commercial,2025-06-01,firmographic_rescore
ACC-000970,Enterprise,2025-10-01,usage_threshold
ACC-000971,SMB,2024-11-04,initial_default
ACC-000972,SMB,2025-07-27,initial_default
ACC-000973,SMB,2024-01-11,initial_default
ACC-000973,Commercial,2025-11-01,usage_threshold
ACC-000974,SMB,2022-08-18,initial_default
ACC-000975,SMB,2023-04-08,initial_default
ACC-000976,SMB,2024-01-23,initial_default
ACC-000977,SMB,2025-02-09,initial_default
ACC-000978,SMB,2025-10-23,initial_default
ACC-000979,SMB,2023-07-15,initial_default
ACC-000980,SMB,2024-12-14,initial_default
ACC-000981,SMB,2021-07-13,initial_default
ACC-000982,SMB,2024-11-19,initial_default
ACC-000983,SMB,2025-06-09,initial_default
ACC-000984,SMB,2023-03-13,initial_default
ACC-000985,SMB,2020-04-05,initial_default
ACC-000986,SMB,2024-03-14,initial_default
ACC-000987,SMB,2024-01-06,initial_default
ACC-000988,SMB,2023-04-07,initial_default
ACC-000989,SMB,2022-04-08,initial_default
ACC-000990,SMB,2025-09-26,initial_default
ACC-000991,SMB,2021-06-01,initial_default
ACC-000992,SMB,2020-11-10,initial_default
ACC-000993,SMB,2024-11-26,initial_default
ACC-000994,SMB,2024-10-18,initial_default
ACC-000995,SMB,2024-07-13,initial_default
ACC-000996,SMB,2020-09-02,initial_default
ACC-000996,Commercial,2025-06-01,usage_threshold
ACC-000997,SMB,2024-08-27,initial_default
ACC-000998,SMB,2021-03-01,initial_default
ACC-000999,SMB,2022-06-23,initial_default
ACC-001000,SMB,2025-01-01,initial_default
ACC-001001,SMB,2025-07-14,initial_default
ACC-001002,SMB,2024-12-15,initial_default
ACC-001003,SMB,2024-04-23,initial_default
ACC-001004,SMB,2020-02-21,initial_default
ACC-001005,SMB,2025-08-01,initial_default
ACC-001006,SMB,2025-12-07,initial_default
ACC-001007,SMB,2024-08-05,initial_default
ACC-001008,SMB,2025-03-05,initial_default
ACC-001009,SMB,2025-12-01,initial_default
ACC-001010,SMB,2023-11-09,initial_default
ACC-001011,SMB,2025-12-24,initial_default
ACC-001012,SMB,2024-09-18,initial_default
ACC-001013,SMB,2022-12-17,initial_default
ACC-001014,SMB,2025-03-04,initial_default
ACC-001015,SMB,2024-08-11,initial_default
ACC-001016,SMB,2023-05-19,initial_default
ACC-001017,SMB,2025-08-06,initial_default
ACC-001018,SMB,2024-07-28,initial_default
ACC-001019,SMB,2025-10-10,initial_default
ACC-001020,SMB,2024-06-21,initial_default
ACC-001021,SMB,2024-12-09,initial_default
ACC-001022,SMB,2023-02-09,initial_default
ACC-001023,SMB,2025-01-10,initial_default
ACC-001024,SMB,2024-12-20,initial_default
ACC-001024,Commercial,2025-11-01,usage_threshold
ACC-001025,SMB,2025-03-11,initial_default
ACC-001026,SMB,2023-12-16,initial_default
ACC-001027,SMB,2023-01-25,initial_default
ACC-001028,SMB,2023-04-09,initial_default
ACC-001029,SMB,2024-09-05,initial_default
ACC-001030,SMB,2023-09-22,initial_default
ACC-001031,SMB,2023-02-03,initial_default
ACC-001032,SMB,2024-01-01,initial_default
ACC-001033,SMB,2025-02-21,initial_default
ACC-001034,SMB,2024-08-25,initial_default
ACC-001035,SMB,2024-05-22,initial_default
ACC-001036,SMB,2024-11-07,initial_default
ACC-001037,SMB,2024-12-23,initial_default
ACC-001038,SMB,2025-01-25,initial_default
ACC-001039,SMB,2025-03-06,initial_default
ACC-001039,Commercial,2025-12-01,usage_threshold
ACC-001040,SMB,2021-03-15,initial_default
ACC-001041,SMB,2024-01-06,initial_default
ACC-001042,SMB,2024-12-09,initial_default
ACC-001043,SMB,2024-12-27,initial_default
ACC-001044,SMB,2025-04-17,initial_default
ACC-001045,SMB,2025-07-12,initial_default
ACC-001046,SMB,2024-11-14,initial_default
ACC-001047,SMB,2021-11-13,initial_default
ACC-001048,SMB,2022-12-16,initial_default
ACC-001049,SMB,2023-12-04,initial_default
ACC-001050,SMB,2024-10-11,initial_default
ACC-001051,SMB,2025-05-18,initial_default
ACC-001052,SMB,2021-03-31,initial_default
ACC-001053,SMB,2025-06-04,initial_default
ACC-001054,SMB,2025-07-02,initial_default
ACC-001055,SMB,2024-12-16,initial_default
ACC-001056,SMB,2024-10-26,initial_default
ACC-001056,Commercial,2025-10-01,usage_threshold
ACC-001057,SMB,2025-07-15,initial_default
ACC-001058,SMB,2024-10-12,initial_default
ACC-001058,Commercial,2025-04-01,usage_threshold
ACC-001059,SMB,2023-09-24,initial_default
ACC-001060,SMB,2024-06-01,initial_default
ACC-001061,SMB,2025-05-23,initial_default
ACC-001062,SMB,2025-12-08,initial_default
ACC-001063,SMB,2025-03-26,initial_default
ACC-001063,Commercial,2025-09-01,firmographic_rescore
ACC-001064,SMB,2023-12-12,initial_default
ACC-001064,Commercial,2024-07-01,usage_threshold
ACC-001065,SMB,2025-07-13,initial_default
ACC-001066,SMB,2025-11-03,initial_default
ACC-001067,SMB,2025-11-13,initial_default
ACC-001068,SMB,2025-12-19,initial_default
ACC-001069,SMB,2025-06-09,initial_default
ACC-001070,SMB,2025-12-14,initial_default
ACC-001071,SMB,2023-07-02,initial_default
ACC-001072,SMB,2023-09-11,initial_default
ACC-001073,SMB,2024-04-01,initial_default
ACC-001074,SMB,2024-12-23,initial_default
ACC-001075,SMB,2025-06-14,initial_default
ACC-001076,SMB,2023-01-20,initial_default
ACC-001077,SMB,2024-04-23,initial_default
ACC-001078,SMB,2021-02-21,initial_default
ACC-001079,SMB,2023-01-28,initial_default
ACC-001079,Commercial,2025-02-01,firmographic_rescore
ACC-001080,SMB,2025-09-06,initial_default
ACC-001081,SMB,2023-12-19,initial_default
ACC-001082,SMB,2024-04-21,initial_default
ACC-001083,SMB,2025-03-21,initial_default
ACC-001084,SMB,2024-03-10,initial_default
ACC-001084,Commercial,2025-04-01,firmographic_rescore
ACC-001085,SMB,2025-05-26,initial_default
ACC-001086,SMB,2023-06-28,initial_default
ACC-001087,SMB,2025-05-17,initial_default
ACC-001088,SMB,2025-07-27,initial_default
ACC-001088,Commercial,2025-12-01,usage_threshold
ACC-001089,SMB,2020-11-24,initial_default
ACC-001090,SMB,2024-01-14,initial_default
ACC-001091,SMB,2022-02-03,initial_default
ACC-001092,SMB,2024-09-26,initial_default
ACC-001093,SMB,2023-11-20,initial_default
ACC-001094,SMB,2025-05-10,initial_default
ACC-001095,SMB,2024-03-24,initial_default
ACC-001096,SMB,2025-12-20,initial_default
ACC-001097,SMB,2023-08-12,initial_default
ACC-001098,SMB,2025-04-27,initial_default
ACC-001099,SMB,2023-10-14,initial_default
ACC-001099,Commercial,2025-12-01,firmographic_rescore
ACC-001100,SMB,2024-12-08,initial_default
ACC-001101,SMB,2024-07-24,initial_default
ACC-001101,Commercial,2025-09-01,usage_threshold
ACC-001102,SMB,2025-10-16,initial_default
ACC-001103,SMB,2022-09-14,initial_default
ACC-001104,SMB,2024-04-06,initial_default
ACC-001105,SMB,2024-05-16,initial_default
ACC-001106,SMB,2024-03-23,initial_default
ACC-001107,SMB,2024-02-21,initial_default
ACC-001108,SMB,2025-04-10,initial_default
ACC-001109,SMB,2025-02-20,initial_default
ACC-001110,SMB,2025-07-20,initial_default
ACC-001111,SMB,2025-06-14,initial_default
ACC-001112,SMB,2025-06-16,initial_default
ACC-001113,SMB,2024-09-17,initial_default
ACC-001114,SMB,2020-04-26,initial_default
ACC-001114,Commercial,2025-09-01,usage_threshold
ACC-001115,SMB,2023-11-05,initial_default
ACC-001116,SMB,2021-09-04,initial_default
ACC-001117,SMB,2023-02-05,initial_default
ACC-001118,SMB,2024-11-28,initial_default
ACC-001119,SMB,2023-05-03,initial_default
ACC-001120,SMB,2025-08-26,initial_default
ACC-001121,SMB,2021-01-18,initial_default
ACC-001122,SMB,2025-10-03,initial_default
ACC-001123,SMB,2023-11-19,initial_default
ACC-001124,SMB,2024-08-14,initial_default
ACC-001125,SMB,2025-09-25,initial_default
ACC-001126,SMB,2023-09-11,initial_default
ACC-001127,SMB,2024-03-17,initial_default
ACC-001128,SMB,2024-07-14,initial_default
ACC-001129,SMB,2023-05-25,initial_default
ACC-001130,SMB,2025-01-18,initial_default
ACC-001131,SMB,2025-02-21,initial_default
ACC-001132,SMB,2025-10-14,initial_default
ACC-001133,SMB,2025-12-24,initial_default
ACC-001134,SMB,2023-07-07,initial_default
ACC-001135,SMB,2024-12-20,initial_default
ACC-001136,SMB,2025-05-21,initial_default
ACC-001137,SMB,2025-05-11,initial_default
ACC-001138,SMB,2025-11-20,initial_default
ACC-001139,SMB,2024-01-15,initial_default
ACC-001139,Commercial,2024-03-01,usage_threshold
ACC-001140,SMB,2024-10-05,initial_default
ACC-001141,SMB,2025-05-07,initial_default
ACC-001142,SMB,2024-01-05,initial_default
ACC-001143,SMB,2025-07-22,initial_default
ACC-001144,SMB,2023-01-27,initial_default
ACC-001145,SMB,2023-02-09,initial_default
ACC-001146,SMB,2024-09-01,initial_default
ACC-001147,SMB,2025-07-26,initial_default
ACC-001148,SMB,2025-07-06,initial_default
ACC-001149,SMB,2022-02-02,initial_default
ACC-001150,SMB,2025-01-09,initial_default
ACC-001151,SMB,2023-06-23,initial_default
ACC-001152,SMB,2025-02-15,initial_default
ACC-001153,SMB,2022-10-06,initial_default
ACC-001154,SMB,2024-07-07,initial_default
ACC-001155,SMB,2021-10-14,initial_default
ACC-001156,SMB,2024-04-07,initial_default
ACC-001157,SMB,2023-07-12,initial_default
ACC-001158,SMB,2025-06-14,initial_default
ACC-001159,SMB,2024-01-26,initial_default
ACC-001160,SMB,2023-06-05,initial_default
ACC-001161,SMB,2023-10-15,initial_default
ACC-001162,SMB,2025-07-04,initial_default
ACC-001163,SMB,2025-06-23,initial_default
ACC-001163,Commercial,2025-08-01,firmographic_rescore
ACC-001164,SMB,2025-06-27,initial_default
ACC-001165,SMB,2023-08-10,initial_default
ACC-001166,SMB,2023-11-06,initial_default
ACC-001167,SMB,2021-10-21,initial_default
ACC-001168,SMB,2025-12-10,initial_default
ACC-001169,SMB,2024-10-04,initial_default
ACC-001170,SMB,2024-03-01,initial_default
ACC-001171,SMB,2023-08-04,initial_default
ACC-001171,Commercial,2024-12-01,usage_threshold
ACC-001172,SMB,2023-04-20,initial_default
ACC-001173,SMB,2021-08-27,initial_default
ACC-001174,SMB,2025-04-02,initial_default
ACC-001175,SMB,2024-12-18,initial_default
ACC-001176,SMB,2025-09-19,initial_default
ACC-001177,SMB,2025-06-17,initial_default
ACC-001178,SMB,2024-10-06,initial_default
ACC-001179,SMB,2025-12-20,initial_default
ACC-001180,SMB,2023-05-19,initial_default
ACC-001181,SMB,2025-06-26,initial_default
ACC-001182,SMB,2024-11-19,initial_default
ACC-001183,SMB,2023-06-15,initial_default
ACC-001183,Commercial,2025-11-01,usage_threshold
ACC-001184,SMB,2025-07-09,initial_default
ACC-001185,SMB,2025-03-02,initial_default
ACC-001186,SMB,2025-09-16,initial_default
ACC-001187,SMB,2024-11-18,initial_default
ACC-001188,SMB,2022-01-02,initial_default
ACC-001189,SMB,2021-04-07,initial_default
ACC-001190,SMB,2023-06-26,initial_default
ACC-001191,SMB,2024-07-05,initial_default
ACC-001192,SMB,2020-01-13,initial_default
ACC-001193,SMB,2022-04-05,initial_default
ACC-001194,SMB,2025-10-22,initial_default
ACC-001195,SMB,2020-08-14,initial_default
ACC-001196,SMB,2025-04-22,initial_default
ACC-001196,Commercial,2025-08-01,usage_threshold
ACC-001197,SMB,2024-01-25,initial_default
ACC-001197,Commercial,2025-01-01,firmographic_rescore
ACC-001198,SMB,2023-09-05,initial_default
ACC-001199,SMB,2024-03-20,initial_default
ACC-001200,SMB,2024-06-09,initial_default
ACC-001201,SMB,2025-06-23,initial_default
ACC-001202,SMB,2024-09-15,initial_default
ACC-001203,SMB,2025-07-13,initial_default
ACC-001204,SMB,2024-01-28,initial_default
ACC-001205,SMB,2025-12-08,initial_default
ACC-001206,SMB,2024-07-25,initial_default
ACC-001207,SMB,2021-05-11,initial_default
ACC-001208,SMB,2025-02-15,initial_default
ACC-001209,SMB,2024-12-24,initial_default
ACC-001210,SMB,2023-03-20,initial_default
ACC-001211,SMB,2025-06-16,initial_default
ACC-001212,SMB,2025-02-15,initial_default
ACC-001213,SMB,2023-09-11,initial_default
ACC-001214,SMB,2025-02-18,initial_default
ACC-001215,SMB,2023-03-15,initial_default
ACC-001215,Commercial,2025-09-01,usage_threshold
ACC-001216,SMB,2022-10-05,initial_default
ACC-001216,Commercial,2023-12-01,firmographic_rescore
ACC-001217,SMB,2023-09-13,initial_default
ACC-001218,SMB,2024-01-21,initial_default
ACC-001219,SMB,2025-04-17,initial_default
ACC-001219,Commercial,2025-08-01,usage_threshold
ACC-001220,SMB,2024-05-28,initial_default
ACC-001221,SMB,2021-05-18,initial_default
ACC-001222,SMB,2021-06-20,initial_default
ACC-001222,Commercial,2022-05-01,usage_threshold
ACC-001223,SMB,2023-05-25,initial_default
ACC-001224,SMB,2020-03-06,initial_default
ACC-001225,SMB,2025-11-11,initial_default
ACC-001226,SMB,2025-07-14,initial_default
ACC-001227,SMB,2023-09-02,initial_default
ACC-001228,SMB,2025-03-17,initial_default
ACC-001229,SMB,2021-05-19,initial_default
ACC-001230,SMB,2021-07-26,initial_default
ACC-001231,SMB,2025-05-10,initial_default
ACC-001232,SMB,2023-05-11,initial_default
ACC-001233,SMB,2023-06-27,initial_default
ACC-001234,SMB,2024-09-11,initial_default
ACC-001234,Commercial,2025-10-01,usage_threshold
ACC-001235,SMB,2025-07-25,initial_default
ACC-001236,SMB,2024-09-18,initial_default
ACC-001237,SMB,2020-06-16,initial_default
ACC-001238,SMB,2025-12-17,initial_default
ACC-001239,SMB,2025-02-28,initial_default
ACC-001240,SMB,2020-12-23,initial_default
ACC-001241,SMB,2025-10-23,initial_default
ACC-001242,SMB,2023-10-06,initial_default
ACC-001243,SMB,2025-12-23,initial_default
ACC-001244,SMB,2025-02-19,initial_default
ACC-001245,SMB,2025-11-23,initial_default
ACC-001246,SMB,2024-09-21,initial_default
ACC-001247,SMB,2025-04-20,initial_default
ACC-001248,SMB,2024-03-12,initial_default
ACC-001249,SMB,2023-03-23,initial_default
ACC-001250,SMB,2023-05-06,initial_default
ACC-001251,SMB,2024-05-07,initial_default
ACC-001252,SMB,2024-03-03,initial_default
ACC-001253,SMB,2025-04-01,initial_default
ACC-001254,SMB,2024-09-08,initial_default
ACC-001255,SMB,2022-08-18,initial_default
ACC-001256,SMB,2023-11-08,initial_default
ACC-001257,SMB,2024-12-16,initial_default
ACC-001258,SMB,2020-05-19,initial_default
ACC-001259,SMB,2024-04-02,initial_default
ACC-001260,SMB,2024-04-05,initial_default
ACC-001261,SMB,2025-08-20,initial_default
ACC-001262,SMB,2020-11-12,initial_default
ACC-001263,SMB,2024-10-18,initial_default
ACC-001263,Commercial,2025-07-01,usage_threshold
ACC-001264,SMB,2024-07-17,initial_default
ACC-001265,SMB,2024-11-17,initial_default
ACC-001266,SMB,2025-09-23,initial_default
ACC-001267,SMB,2024-08-09,initial_default
ACC-001268,SMB,2024-12-23,initial_default
ACC-001269,SMB,2023-10-11,initial_default
ACC-001270,SMB,2024-09-28,initial_default
ACC-001271,SMB,2024-06-01,initial_default
ACC-001272,SMB,2023-04-19,initial_default
ACC-001273,SMB,2025-08-15,initial_default
ACC-001274,SMB,2022-07-16,initial_default
ACC-001275,SMB,2025-10-01,initial_default
ACC-001276,SMB,2024-06-25,initial_default
ACC-001277,SMB,2023-01-03,initial_default
ACC-001278,SMB,2023-02-08,initial_default
ACC-001279,SMB,2024-05-17,initial_default
ACC-001279,Commercial,2025-01-01,usage_threshold
ACC-001280,SMB,2024-08-27,initial_default
ACC-001281,SMB,2025-08-22,initial_default
ACC-001282,SMB,2024-03-18,initial_default
ACC-001283,SMB,2022-11-07,initial_default
ACC-001283,Commercial,2025-10-01,usage_threshold
ACC-001284,SMB,2025-06-05,initial_default
ACC-001285,SMB,2025-11-15,initial_default
ACC-001286,SMB,2024-08-26,initial_default
ACC-001287,SMB,2025-01-16,initial_default
ACC-001288,SMB,2023-08-03,initial_default
ACC-001289,SMB,2025-01-13,initial_default
ACC-001290,SMB,2023-08-19,initial_default
ACC-001290,Commercial,2024-04-01,firmographic_rescore
ACC-001291,SMB,2025-08-20,initial_default
ACC-001292,SMB,2021-09-24,initial_default
ACC-001292,Commercial,2023-06-01,usage_threshold
ACC-001293,SMB,2025-04-12,initial_default
ACC-001294,SMB,2023-12-02,initial_default
ACC-001295,SMB,2024-08-13,initial_default
ACC-001296,SMB,2020-05-30,initial_default
ACC-001297,SMB,2025-07-22,initial_default
ACC-001298,SMB,2020-12-23,initial_default
ACC-001298,Commercial,2021-05-01,usage_threshold
ACC-001299,SMB,2022-05-16,initial_default
ACC-001300,SMB,2024-12-10,initial_default
ACC-001301,SMB,2025-02-27,initial_default
ACC-001302,SMB,2025-06-22,initial_default
ACC-001303,SMB,2024-11-12,initial_default
ACC-001304,SMB,2023-05-04,initial_default
ACC-001305,SMB,2024-04-10,initial_default
ACC-001306,SMB,2024-12-13,initial_default
ACC-001307,SMB,2024-05-14,initial_default
ACC-001308,SMB,2024-04-17,initial_default
ACC-001309,SMB,2024-04-17,initial_default
ACC-001310,SMB,2025-03-06,initial_default
ACC-001311,SMB,2020-11-02,initial_default
ACC-001312,SMB,2024-05-23,initial_default
ACC-001313,SMB,2025-02-10,initial_default
ACC-001313,Commercial,2025-12-01,usage_threshold
ACC-001314,SMB,2025-01-11,initial_default
ACC-001315,SMB,2025-02-14,initial_default
ACC-001316,SMB,2021-05-23,initial_default
ACC-001317,SMB,2023-06-01,initial_default
ACC-001317,Commercial,2025-07-01,usage_threshold
ACC-001318,SMB,2023-12-04,initial_default
ACC-001319,SMB,2025-02-27,initial_default
ACC-001320,SMB,2024-01-18,initial_default
ACC-001321,SMB,2023-08-04,initial_default
ACC-001322,SMB,2025-02-02,initial_default
ACC-001323,SMB,2021-04-06,initial_default
ACC-001324,SMB,2024-05-27,initial_default
ACC-001325,SMB,2025-09-23,initial_default
ACC-001326,SMB,2023-12-16,initial_default
ACC-001327,SMB,2024-12-18,initial_default
ACC-001328,SMB,2024-04-21,initial_default
ACC-001329,SMB,2023-10-10,initial_default
ACC-001330,SMB,2025-02-01,initial_default
ACC-001331,SMB,2024-03-10,initial_default
ACC-001332,SMB,2023-11-15,initial_default
ACC-001333,SMB,2024-07-26,initial_default
ACC-001334,SMB,2023-06-22,initial_default
ACC-001334,Commercial,2024-04-01,firmographic_rescore
ACC-001335,SMB,2025-08-24,initial_default
ACC-001336,SMB,2024-11-25,initial_default
ACC-001337,SMB,2025-01-19,initial_default
ACC-001338,SMB,2022-07-07,initial_default
ACC-001339,SMB,2025-08-01,initial_default
ACC-001340,SMB,2025-06-13,initial_default
ACC-001341,SMB,2021-03-05,initial_default
ACC-001342,SMB,2021-08-18,initial_default
ACC-001343,SMB,2025-08-16,initial_default
ACC-001344,SMB,2025-02-19,initial_default
ACC-001345,SMB,2024-06-09,initial_default
ACC-001346,SMB,2025-03-18,initial_default
ACC-001347,SMB,2020-10-26,initial_default
ACC-001348,SMB,2023-08-08,initial_default
ACC-001349,SMB,2025-07-19,initial_default
ACC-001350,SMB,2025-12-24,initial_default
ACC-001351,SMB,2025-09-01,initial_default
ACC-001352,SMB,2024-06-03,initial_default
ACC-001353,SMB,2025-02-10,initial_default
ACC-001354,SMB,2024-08-07,initial_default
ACC-001354,Commercial,2025-08-01,usage_threshold
ACC-001355,SMB,2025-12-19,initial_default
ACC-001356,SMB,2023-10-09,initial_default
ACC-001356,Commercial,2025-09-01,usage_threshold
ACC-001357,SMB,2020-08-03,initial_default
ACC-001357,Commercial,2022-06-01,firmographic_rescore
ACC-001358,SMB,2023-12-21,initial_default
ACC-001359,SMB,2023-04-16,initial_default
ACC-001360,SMB,2020-05-25,initial_default
ACC-001361,SMB,2023-03-15,initial_default
ACC-001362,SMB,2021-12-25,initial_default
ACC-001363,SMB,2022-10-10,initial_default
ACC-001364,SMB,2025-07-11,initial_default
ACC-001365,SMB,2025-11-07,initial_default
ACC-001366,SMB,2025-11-15,initial_default
ACC-001367,SMB,2023-05-08,initial_default
ACC-001368,SMB,2025-07-16,initial_default
ACC-001369,SMB,2023-09-05,initial_default
ACC-001370,SMB,2025-02-10,initial_default
ACC-001370,Commercial,2025-04-01,usage_threshold
ACC-001371,SMB,2025-04-19,initial_default
ACC-001372,SMB,2025-11-09,initial_default
ACC-001373,SMB,2020-10-23,initial_default
ACC-001374,SMB,2025-12-07,initial_default
ACC-001375,SMB,2025-12-26,initial_default
ACC-001376,SMB,2025-04-22,initial_default
ACC-001377,SMB,2025-06-08,initial_default
ACC-001378,SMB,2025-10-15,initial_default
ACC-001379,SMB,2025-11-16,initial_default
ACC-001380,SMB,2025-12-28,initial_default
ACC-001381,SMB,2021-02-07,initial_default
ACC-001382,SMB,2025-01-09,initial_default
ACC-001383,SMB,2025-06-25,initial_default
ACC-001384,SMB,2025-04-21,initial_default
ACC-001385,SMB,2025-04-06,initial_default
ACC-001386,SMB,2024-09-04,initial_default
ACC-001387,SMB,2023-07-15,initial_default
ACC-001388,SMB,2025-10-22,initial_default
ACC-001389,SMB,2024-11-22,initial_default
ACC-001390,SMB,2024-06-14,initial_default
ACC-001391,SMB,2025-02-22,initial_default
ACC-001392,SMB,2025-06-23,initial_default
ACC-001393,SMB,2023-12-07,initial_default
ACC-001394,SMB,2023-05-08,initial_default
ACC-001395,SMB,2025-04-07,initial_default
ACC-001396,SMB,2025-11-13,initial_default
ACC-001397,SMB,2024-06-17,initial_default
ACC-001398,SMB,2025-02-21,initial_default
ACC-001399,SMB,2025-01-23,initial_default
ACC-001400,SMB,2025-05-15,initial_default
ACC-001401,SMB,2024-05-23,initial_default
ACC-001402,SMB,2022-05-05,initial_default
ACC-001403,SMB,2024-03-28,initial_default
ACC-001404,SMB,2024-02-09,initial_default
ACC-001405,SMB,2023-03-26,initial_default
ACC-001406,SMB,2024-04-27,initial_default
ACC-001407,SMB,2025-08-23,initial_default
ACC-001408,SMB,2021-05-07,initial_default
ACC-001409,SMB,2024-05-24,initial_default
ACC-001410,SMB,2023-10-20,initial_default
ACC-001411,SMB,2025-05-02,initial_default
ACC-001412,SMB,2023-08-01,initial_default
ACC-001413,SMB,2021-08-30,initial_default
ACC-001414,SMB,2025-01-22,initial_default
ACC-001415,SMB,2025-05-25,initial_default
ACC-001415,Commercial,2025-09-01,usage_threshold
ACC-001416,SMB,2025-03-12,initial_default
ACC-001417,SMB,2025-12-13,initial_default
ACC-001418,SMB,2025-04-26,initial_default
ACC-001419,SMB,2023-09-15,initial_default
ACC-001420,SMB,2024-07-06,initial_default
ACC-001421,SMB,2023-07-27,initial_default
ACC-001422,SMB,2025-11-16,initial_default
ACC-001423,SMB,2024-08-02,initial_default
ACC-001424,SMB,2022-06-24,initial_default
ACC-001425,SMB,2024-09-27,initial_default
ACC-001426,SMB,2025-06-10,initial_default
ACC-001427,SMB,2024-04-01,initial_default
ACC-001428,SMB,2020-11-17,initial_default
ACC-001429,SMB,2024-04-10,initial_default
ACC-001429,Commercial,2025-03-01,usage_threshold
ACC-001430,SMB,2020-04-03,initial_default
ACC-001430,Commercial,2025-02-01,firmographic_rescore
ACC-001431,SMB,2025-04-09,initial_default
ACC-001432,SMB,2023-12-07,initial_default
ACC-001433,SMB,2023-05-19,initial_default
ACC-001434,SMB,2025-12-04,initial_default
ACC-001435,SMB,2024-08-11,initial_default
ACC-001436,SMB,2025-09-28,initial_default
ACC-001437,SMB,2025-10-18,initial_default
ACC-001438,SMB,2024-09-13,initial_default
ACC-001439,SMB,2024-09-04,initial_default
ACC-001440,SMB,2025-05-28,initial_default
ACC-001441,SMB,2022-11-14,initial_default
ACC-001442,SMB,2020-04-25,initial_default
ACC-001443,SMB,2024-08-28,initial_default
ACC-001444,SMB,2022-04-07,initial_default
ACC-001445,SMB,2025-12-17,initial_default
ACC-001446,SMB,2023-12-12,initial_default
ACC-001447,SMB,2024-06-21,initial_default
ACC-001448,SMB,2020-09-05,initial_default
ACC-001449,SMB,2021-05-17,initial_default
ACC-001450,SMB,2025-08-13,initial_default
ACC-001451,SMB,2025-05-16,initial_default
ACC-001452,SMB,2021-12-15,initial_default
ACC-001453,SMB,2024-09-02,initial_default
ACC-001454,SMB,2025-07-20,initial_default
ACC-001455,SMB,2023-05-10,initial_default
ACC-001456,SMB,2024-05-01,initial_default
ACC-001457,SMB,2025-02-05,initial_default
ACC-001458,SMB,2023-11-17,initial_default
ACC-001458,Commercial,2024-05-01,usage_threshold
ACC-001459,SMB,2024-07-25,initial_default
ACC-001459,Commercial,2025-09-01,usage_threshold
ACC-001460,SMB,2024-07-02,initial_default
ACC-001461,SMB,2023-11-19,initial_default
ACC-001462,SMB,2025-01-19,initial_default
ACC-001463,SMB,2024-07-06,initial_default
ACC-001464,SMB,2024-04-23,initial_default
ACC-001465,SMB,2025-10-26,initial_default
ACC-001466,SMB,2024-10-23,initial_default
ACC-001467,SMB,2020-07-02,initial_default
ACC-001468,SMB,2024-12-10,initial_default
ACC-001469,SMB,2025-07-14,initial_default
ACC-001470,SMB,2021-01-06,initial_default
ACC-001471,SMB,2020-02-29,initial_default
ACC-001472,SMB,2024-03-24,initial_default
ACC-001473,SMB,2025-10-17,initial_default
ACC-001474,SMB,2024-11-04,initial_default
ACC-001475,SMB,2020-02-20,initial_default
ACC-001476,SMB,2025-02-22,initial_default
ACC-001477,SMB,2022-07-21,initial_default
ACC-001478,SMB,2025-10-27,initial_default
ACC-001479,SMB,2025-08-14,initial_default
ACC-001480,SMB,2025-11-06,initial_default
ACC-001481,SMB,2025-02-06,initial_default
ACC-001482,SMB,2025-12-25,initial_default
ACC-001483,SMB,2024-02-14,initial_default
ACC-001484,SMB,2020-09-06,initial_default
ACC-001485,SMB,2024-08-10,initial_default
ACC-001486,SMB,2025-07-20,initial_default
ACC-001487,SMB,2025-08-01,initial_default
ACC-001488,SMB,2025-07-02,initial_default
ACC-001488,Commercial,2025-11-01,firmographic_rescore
ACC-001489,SMB,2024-04-01,initial_default
ACC-001490,SMB,2024-06-09,initial_default
ACC-001491,SMB,2023-09-02,initial_default
ACC-001492,SMB,2024-06-03,initial_default
ACC-001493,SMB,2024-09-02,initial_default
ACC-001494,SMB,2023-01-02,initial_default
ACC-001495,SMB,2025-05-28,initial_default
ACC-001496,SMB,2024-02-23,initial_default
ACC-001497,SMB,2024-12-10,initial_default
ACC-001498,SMB,2024-04-16,initial_default
ACC-001499,SMB,2024-05-27,initial_default
ACC-001500,SMB,2023-11-18,initial_default
ACC-001501,SMB,2025-10-28,initial_default
ACC-001502,SMB,2025-02-12,initial_default
ACC-001503,SMB,2023-04-04,initial_default
ACC-001504,SMB,2024-07-08,initial_default
ACC-001505,SMB,2022-07-10,initial_default
ACC-001506,SMB,2024-10-13,initial_default
ACC-001507,SMB,2024-02-27,initial_default
ACC-001508,SMB,2022-12-02,initial_default
ACC-001509,SMB,2024-05-07,initial_default
ACC-001510,SMB,2022-10-15,initial_default
ACC-001511,SMB,2024-07-05,initial_default
ACC-001512,SMB,2025-04-22,initial_default
ACC-001513,SMB,2024-01-27,initial_default
ACC-001514,SMB,2023-12-22,initial_default
ACC-001515,SMB,2022-04-03,initial_default
ACC-001516,SMB,2021-06-02,initial_default
ACC-001517,SMB,2025-03-05,initial_default
ACC-001517,Commercial,2025-10-01,firmographic_rescore
ACC-001518,SMB,2025-03-25,initial_default
ACC-001519,SMB,2023-09-28,initial_default
ACC-001520,SMB,2024-10-07,initial_default
ACC-001521,SMB,2025-02-23,initial_default
ACC-001522,SMB,2025-03-05,initial_default
ACC-001523,SMB,2021-05-28,initial_default
ACC-001524,SMB,2025-11-07,initial_default
ACC-001525,SMB,2024-02-18,initial_default
ACC-001526,SMB,2025-03-15,initial_default
ACC-001527,SMB,2023-01-12,initial_default
ACC-001528,SMB,2025-06-25,initial_default
ACC-001529,SMB,2025-07-26,initial_default
ACC-001530,SMB,2022-12-09,initial_default
ACC-001531,SMB,2023-04-12,initial_default
ACC-001531,Commercial,2025-11-01,usage_threshold
ACC-001532,SMB,2025-10-14,initial_default
ACC-001533,SMB,2024-02-14,initial_default
ACC-001534,SMB,2023-12-12,initial_default
ACC-001535,SMB,2024-07-26,initial_default
ACC-001536,SMB,2025-05-14,initial_default
ACC-001537,SMB,2024-01-12,initial_default
ACC-001538,SMB,2024-06-07,initial_default
ACC-001539,SMB,2023-08-03,initial_default
ACC-001540,SMB,2023-12-21,initial_default
ACC-001541,SMB,2025-02-16,initial_default
ACC-001542,SMB,2023-05-20,initial_default
ACC-001543,SMB,2023-08-07,initial_default
ACC-001543,Commercial,2025-01-01,usage_threshold
ACC-001544,SMB,2022-07-23,initial_default
ACC-001545,SMB,2024-02-17,initial_default
ACC-001546,SMB,2024-10-03,initial_default
ACC-001547,SMB,2025-05-26,initial_default
ACC-001548,SMB,2024-06-13,initial_default
ACC-001549,SMB,2023-12-14,initial_default
ACC-001549,Commercial,2025-08-01,firmographic_rescore
ACC-001550,SMB,2020-06-17,initial_default
ACC-001551,SMB,2024-10-15,initial_default
ACC-001552,SMB,2025-10-12,initial_default
ACC-001553,SMB,2023-03-27,initial_default
ACC-001553,Commercial,2025-01-01,usage_threshold
ACC-001554,SMB,2023-11-14,initial_default
ACC-001555,SMB,2023-08-03,initial_default
ACC-001556,SMB,2023-06-16,initial_default
ACC-001557,SMB,2024-07-18,initial_default
ACC-001558,SMB,2025-04-28,initial_default
ACC-001559,SMB,2025-04-17,initial_default
ACC-001560,SMB,2022-11-02,initial_default
ACC-001561,SMB,2024-01-03,initial_default
ACC-001562,SMB,2020-07-16,initial_default
ACC-001563,SMB,2024-02-28,initial_default
ACC-001563,Commercial,2024-08-01,usage_threshold
ACC-001564,SMB,2022-03-23,initial_default
ACC-001565,SMB,2020-06-08,initial_default
ACC-001566,SMB,2023-06-01,initial_default
ACC-001567,SMB,2024-08-05,initial_default
ACC-001568,SMB,2025-09-12,initial_default
ACC-001569,SMB,2025-08-18,initial_default
ACC-001570,SMB,2024-02-12,initial_default
ACC-001571,SMB,2023-06-11,initial_default
ACC-001571,Commercial,2025-03-01,usage_threshold
ACC-001572,SMB,2022-08-24,initial_default
ACC-001573,SMB,2025-08-02,initial_default
ACC-001574,SMB,2023-12-01,initial_default
ACC-001575,SMB,2025-12-08,initial_default
ACC-001576,SMB,2021-04-06,initial_default
ACC-001577,SMB,2022-03-11,initial_default
ACC-001578,SMB,2021-01-11,initial_default
ACC-001579,SMB,2024-04-06,initial_default
ACC-001580,SMB,2024-04-05,initial_default
ACC-001581,SMB,2024-09-19,initial_default
ACC-001582,SMB,2024-02-15,initial_default
ACC-001583,SMB,2024-10-13,initial_default
ACC-001584,SMB,2023-12-14,initial_default
ACC-001585,SMB,2025-12-20,initial_default
ACC-001586,SMB,2023-07-05,initial_default
ACC-001587,SMB,2023-11-11,initial_default
ACC-001587,Commercial,2024-11-01,usage_threshold
ACC-001588,SMB,2024-02-13,initial_default
ACC-001589,SMB,2025-07-03,initial_default
ACC-001589,Commercial,2025-09-01,firmographic_rescore
ACC-001590,SMB,2025-09-14,initial_default
ACC-001591,SMB,2025-04-26,initial_default
ACC-001592,SMB,2024-09-05,initial_default
ACC-001593,SMB,2024-11-28,initial_default
ACC-001594,SMB,2025-02-21,initial_default
ACC-001595,SMB,2025-08-11,initial_default
ACC-001596,SMB,2025-08-03,initial_default
ACC-001597,SMB,2025-03-21,initial_default
ACC-001598,SMB,2025-07-25,initial_default
ACC-001599,SMB,2020-02-27,initial_default
ACC-001600,SMB,2021-09-28,initial_default
ACC-001601,SMB,2023-10-28,initial_default
ACC-001602,SMB,2020-03-05,initial_default
ACC-001603,SMB,2020-10-05,initial_default
ACC-001603,Commercial,2022-05-01,usage_threshold
ACC-001604,SMB,2021-10-14,initial_default
ACC-001605,SMB,2025-10-15,initial_default
ACC-001606,SMB,2025-01-08,initial_default
ACC-001607,SMB,2024-08-22,initial_default
ACC-001608,SMB,2025-06-15,initial_default
ACC-001609,SMB,2024-01-04,initial_default
ACC-001610,SMB,2024-09-23,initial_default
ACC-001611,SMB,2025-06-24,initial_default
ACC-001612,SMB,2024-11-18,initial_default
ACC-001613,SMB,2025-09-21,initial_default
ACC-001614,SMB,2024-06-17,initial_default
ACC-001614,Commercial,2025-03-01,usage_threshold
ACC-001615,SMB,2024-07-24,initial_default
ACC-001616,SMB,2024-11-16,initial_default
ACC-001617,SMB,2023-07-28,initial_default
ACC-001618,SMB,2025-01-13,initial_default
ACC-001619,SMB,2025-12-16,initial_default
ACC-001620,SMB,2024-09-18,initial_default
ACC-001621,SMB,2025-04-14,initial_default
ACC-001622,SMB,2023-05-07,initial_default
ACC-001623,SMB,2024-10-04,initial_default
ACC-001624,SMB,2024-01-27,initial_default
ACC-001625,SMB,2024-01-11,initial_default
ACC-001625,Commercial,2024-11-01,firmographic_rescore
ACC-001626,SMB,2022-09-13,initial_default
ACC-001627,SMB,2020-08-26,initial_default
ACC-001628,SMB,2024-03-17,initial_default
ACC-001629,SMB,2025-11-25,initial_default
ACC-001630,SMB,2024-11-25,initial_default
ACC-001631,SMB,2021-03-06,initial_default
ACC-001632,SMB,2020-09-07,initial_default
ACC-001633,SMB,2025-04-15,initial_default
ACC-001634,SMB,2025-08-04,initial_default
ACC-001635,SMB,2022-04-19,initial_default
ACC-001636,SMB,2020-02-20,initial_default
ACC-001637,SMB,2022-03-08,initial_default
ACC-001638,SMB,2023-07-07,initial_default
ACC-001639,SMB,2025-01-15,initial_default
ACC-001640,SMB,2022-09-16,initial_default
ACC-001641,SMB,2025-04-24,initial_default
ACC-001642,SMB,2024-12-15,initial_default
ACC-001643,SMB,2023-05-20,initial_default
ACC-001644,SMB,2023-06-23,initial_default
ACC-001645,SMB,2025-09-09,initial_default
ACC-001646,SMB,2024-04-14,initial_default
ACC-001647,SMB,2023-04-07,initial_default
ACC-001648,SMB,2024-03-19,initial_default
ACC-001649,SMB,2024-06-22,initial_default
ACC-001650,SMB,2023-09-20,initial_default
ACC-001651,SMB,2025-01-23,initial_default
ACC-001652,SMB,2024-11-08,initial_default
ACC-001653,SMB,2025-11-26,initial_default
ACC-001654,SMB,2023-10-24,initial_default
ACC-001655,SMB,2025-05-07,initial_default
ACC-001656,SMB,2025-11-12,initial_default
ACC-001657,SMB,2024-01-26,initial_default
ACC-001658,SMB,2022-09-02,initial_default
ACC-001659,SMB,2020-09-25,initial_default
ACC-001659,Commercial,2022-08-01,usage_threshold
ACC-001660,SMB,2025-11-22,initial_default
ACC-001661,SMB,2025-02-06,initial_default
ACC-001662,SMB,2024-02-26,initial_default
ACC-001663,SMB,2024-05-20,initial_default
ACC-001664,SMB,2025-02-10,initial_default
ACC-001665,SMB,2024-09-26,initial_default
ACC-001666,SMB,2024-12-16,initial_default
ACC-001667,SMB,2024-12-22,initial_default
ACC-001668,SMB,2025-11-16,initial_default
ACC-001669,SMB,2025-12-16,initial_default
ACC-001670,SMB,2025-06-17,initial_default
ACC-001671,SMB,2025-10-18,initial_default
ACC-001672,SMB,2021-03-29,initial_default
ACC-001673,SMB,2025-05-16,initial_default
ACC-001673,Commercial,2025-10-01,usage_threshold
ACC-001674,SMB,2023-10-01,initial_default
ACC-001675,SMB,2023-02-22,initial_default
ACC-001676,SMB,2025-10-10,initial_default
ACC-001677,SMB,2025-10-26,initial_default
ACC-001678,SMB,2023-09-10,initial_default
ACC-001679,SMB,2024-10-15,initial_default
ACC-001680,SMB,2023-02-23,initial_default
ACC-001681,SMB,2024-11-08,initial_default
ACC-001682,SMB,2023-08-18,initial_default
ACC-001683,SMB,2024-02-17,initial_default
ACC-001684,SMB,2024-10-03,initial_default
ACC-001685,SMB,2023-11-26,initial_default
ACC-001686,SMB,2020-06-19,initial_default
ACC-001686,Commercial,2025-01-01,usage_threshold
ACC-001687,SMB,2024-10-19,initial_default
ACC-001687,Commercial,2025-10-01,firmographic_rescore
ACC-001688,SMB,2025-02-03,initial_default
ACC-001689,SMB,2023-12-06,initial_default
ACC-001689,Commercial,2024-11-01,firmographic_rescore
ACC-001690,SMB,2023-09-02,initial_default
ACC-001691,SMB,2025-06-04,initial_default
ACC-001692,SMB,2025-01-06,initial_default
ACC-001692,Commercial,2025-12-01,usage_threshold
ACC-001693,SMB,2024-12-20,initial_default
ACC-001694,SMB,2024-03-16,initial_default
ACC-001695,SMB,2020-03-19,initial_default
ACC-001696,SMB,2025-08-10,initial_default
ACC-001697,SMB,2023-04-01,initial_default
ACC-001698,SMB,2022-12-22,initial_default
ACC-001699,SMB,2025-03-06,initial_default
ACC-001700,SMB,2025-01-03,initial_default
ACC-001701,SMB,2025-06-08,initial_default
ACC-001702,SMB,2022-03-20,initial_default
ACC-001703,SMB,2023-03-02,initial_default
ACC-001704,SMB,2022-02-02,initial_default
ACC-001705,SMB,2025-07-24,initial_default
ACC-001706,SMB,2021-04-17,initial_default
ACC-001707,SMB,2024-03-12,initial_default
ACC-001708,SMB,2023-09-12,initial_default
ACC-001709,SMB,2025-06-07,initial_default
ACC-001710,SMB,2025-12-14,initial_default
ACC-001711,SMB,2023-10-02,initial_default
ACC-001712,SMB,2023-06-15,initial_default
ACC-001713,SMB,2022-04-19,initial_default
ACC-001714,SMB,2024-11-22,initial_default
ACC-001714,Commercial,2025-12-01,usage_threshold
ACC-001715,SMB,2021-09-21,initial_default
ACC-001716,SMB,2020-01-18,initial_default
ACC-001717,SMB,2020-12-04,initial_default
ACC-001718,SMB,2024-07-18,initial_default
ACC-001719,SMB,2025-12-26,initial_default
ACC-001720,SMB,2023-09-07,initial_default
ACC-001721,SMB,2025-01-21,initial_default
ACC-001722,SMB,2024-06-06,initial_default
ACC-001722,Commercial,2024-08-01,usage_threshold
ACC-001723,SMB,2020-09-26,initial_default
ACC-001724,SMB,2025-03-18,initial_default
ACC-001725,SMB,2025-06-14,initial_default
ACC-001726,SMB,2024-04-05,initial_default
ACC-001726,Commercial,2025-02-01,usage_threshold
ACC-001726,Enterprise,2025-12-01,firmographic_rescore
ACC-001727,SMB,2024-11-08,initial_default
ACC-001727,Commercial,2025-04-01,usage_threshold
ACC-001728,SMB,2024-04-14,initial_default
ACC-001729,SMB,2023-05-24,initial_default
ACC-001730,SMB,2025-04-14,initial_default
ACC-001731,SMB,2025-10-24,initial_default
ACC-001732,SMB,2024-05-11,initial_default
ACC-001733,SMB,2023-07-14,initial_default
ACC-001734,SMB,2023-08-13,initial_default
ACC-001735,SMB,2025-09-25,initial_default
ACC-001736,SMB,2025-10-13,initial_default
ACC-001737,SMB,2023-07-16,initial_default
ACC-001738,SMB,2025-04-03,initial_default
ACC-001739,SMB,2024-10-21,initial_default
ACC-001740,SMB,2025-11-26,initial_default
ACC-001741,SMB,2025-11-08,initial_default
ACC-001742,SMB,2021-02-07,initial_default
ACC-001743,SMB,2025-10-02,initial_default
ACC-001744,SMB,2025-06-17,initial_default
ACC-001745,SMB,2025-04-25,initial_default
ACC-001746,SMB,2025-02-21,initial_default
ACC-001747,SMB,2024-12-22,initial_default
ACC-001748,SMB,2024-04-27,initial_default
ACC-001749,SMB,2021-10-26,initial_default
ACC-001750,SMB,2024-09-03,initial_default
ACC-001751,SMB,2025-03-26,initial_default
ACC-001751,Commercial,2025-05-01,firmographic_rescore
ACC-001752,SMB,2025-11-09,initial_default
ACC-001753,SMB,2024-09-06,initial_default
ACC-001754,SMB,2024-12-11,initial_default
ACC-001755,SMB,2025-05-18,initial_default
ACC-001756,SMB,2025-07-21,initial_default
ACC-001757,SMB,2024-03-23,initial_default
ACC-001758,SMB,2025-11-03,initial_default
ACC-001759,SMB,2024-11-03,initial_default
ACC-001760,SMB,2025-06-27,initial_default
ACC-001761,SMB,2024-06-17,initial_default
ACC-001762,SMB,2024-04-16,initial_default
ACC-001762,Commercial,2025-10-01,usage_threshold
ACC-001763,SMB,2025-09-01,initial_default
ACC-001764,SMB,2024-06-19,initial_default
ACC-001764,Commercial,2025-11-01,usage_threshold
ACC-001765,SMB,2025-01-02,initial_default
ACC-001766,SMB,2023-11-18,initial_default
ACC-001767,SMB,2023-07-02,initial_default
ACC-001768,SMB,2023-02-25,initial_default
ACC-001769,SMB,2025-08-26,initial_default
ACC-001770,SMB,2024-09-05,initial_default
ACC-001771,SMB,2025-02-17,initial_default
ACC-001772,SMB,2025-02-27,initial_default
ACC-001773,SMB,2025-09-12,initial_default
ACC-001774,SMB,2025-08-07,initial_default
ACC-001775,SMB,2022-10-18,initial_default
ACC-001776,SMB,2022-08-31,initial_default
ACC-001777,SMB,2022-06-24,initial_default
ACC-001778,SMB,2023-10-04,initial_default
ACC-001778,Commercial,2024-12-01,usage_threshold
ACC-001779,SMB,2025-10-17,initial_default
ACC-001780,SMB,2024-12-26,initial_default
ACC-001781,SMB,2025-09-15,initial_default
ACC-001782,SMB,2021-03-25,initial_default
ACC-001783,SMB,2020-07-15,initial_default
ACC-001784,SMB,2023-09-21,initial_default
ACC-001785,SMB,2025-05-14,initial_default
ACC-001786,SMB,2020-02-15,initial_default
ACC-001787,SMB,2022-03-17,initial_default
ACC-001788,SMB,2025-06-28,initial_default
ACC-001789,SMB,2025-03-16,initial_default
ACC-001789,Commercial,2025-05-01,usage_threshold
ACC-001790,SMB,2024-01-18,initial_default
ACC-001791,SMB,2022-11-12,initial_default
ACC-001792,SMB,2023-11-02,initial_default
ACC-001793,SMB,2022-12-18,initial_default
ACC-001793,Commercial,2025-04-01,usage_threshold
ACC-001794,SMB,2023-08-22,initial_default
ACC-001795,SMB,2023-03-03,initial_default
ACC-001796,SMB,2025-05-23,initial_default
ACC-001797,SMB,2025-09-10,initial_default
ACC-001798,SMB,2024-09-17,initial_default
ACC-001799,SMB,2024-08-18,initial_default
ACC-001800,SMB,2023-04-08,initial_default
ACC-001801,SMB,2023-03-25,initial_default
ACC-001801,Commercial,2024-11-01,firmographic_rescore
ACC-001802,SMB,2024-02-17,initial_default
ACC-001803,SMB,2025-12-05,initial_default
ACC-001804,SMB,2023-04-27,initial_default
ACC-001805,SMB,2025-04-06,initial_default
ACC-001805,Commercial,2025-07-01,usage_threshold
ACC-001806,SMB,2025-02-26,initial_default
ACC-001807,SMB,2021-02-20,initial_default
ACC-001808,SMB,2025-02-22,initial_default
ACC-001809,SMB,2025-07-09,initial_default
ACC-001810,SMB,2025-04-25,initial_default
ACC-001810,Commercial,2025-09-01,usage_threshold
ACC-001811,SMB,2024-12-02,initial_default
ACC-001812,SMB,2022-11-28,initial_default
ACC-001812,Commercial,2024-05-01,usage_threshold
ACC-001813,SMB,2021-04-24,initial_default
ACC-001814,SMB,2025-12-21,initial_default
ACC-001815,SMB,2025-12-18,initial_default
ACC-001816,SMB,2023-08-13,initial_default
ACC-001817,SMB,2024-12-18,initial_default
ACC-001818,SMB,2025-09-13,initial_default
ACC-001819,SMB,2025-09-25,initial_default
ACC-001820,SMB,2024-10-20,initial_default
ACC-001821,SMB,2023-07-15,initial_default
ACC-001822,SMB,2025-05-02,initial_default
ACC-001823,SMB,2025-12-13,initial_default
ACC-001824,SMB,2024-08-28,initial_default
ACC-001825,SMB,2024-10-21,initial_default
ACC-001826,SMB,2023-08-23,initial_default
ACC-001827,SMB,2025-05-21,initial_default
ACC-001828,SMB,2024-08-26,initial_default
ACC-001829,SMB,2025-10-15,initial_default
ACC-001830,SMB,2025-02-11,initial_default
ACC-001831,SMB,2022-02-11,initial_default
ACC-001832,SMB,2024-03-26,initial_default
ACC-001833,SMB,2025-11-20,initial_default
ACC-001834,SMB,2023-05-28,initial_default
ACC-001835,SMB,2020-04-27,initial_default
ACC-001836,SMB,2023-06-26,initial_default
ACC-001837,SMB,2022-08-10,initial_default
ACC-001838,SMB,2024-05-11,initial_default
ACC-001839,SMB,2025-11-20,initial_default
ACC-001840,SMB,2025-08-15,initial_default
ACC-001841,SMB,2025-04-06,initial_default
ACC-001842,SMB,2022-07-05,initial_default
ACC-001843,SMB,2021-08-05,initial_default
ACC-001844,SMB,2025-02-24,initial_default
ACC-001845,SMB,2023-02-02,initial_default
ACC-001846,SMB,2025-12-07,initial_default
ACC-001847,SMB,2022-01-17,initial_default
ACC-001848,SMB,2024-06-24,initial_default
ACC-001849,SMB,2025-09-14,initial_default
ACC-001850,SMB,2024-03-05,initial_default
ACC-001851,SMB,2022-04-08,initial_default
ACC-001852,SMB,2025-11-17,initial_default
ACC-001853,SMB,2025-07-17,initial_default
ACC-001854,SMB,2025-01-02,initial_default
ACC-001855,SMB,2020-12-04,initial_default
ACC-001856,SMB,2025-05-17,initial_default
ACC-001857,SMB,2025-01-14,initial_default
ACC-001858,SMB,2025-05-13,initial_default
ACC-001859,SMB,2025-07-16,initial_default
ACC-001860,SMB,2025-10-18,initial_default
ACC-001861,SMB,2024-03-09,initial_default
ACC-001862,SMB,2025-03-03,initial_default
ACC-001863,SMB,2020-05-08,initial_default
ACC-001864,SMB,2024-03-21,initial_default
ACC-001865,SMB,2021-09-24,initial_default
ACC-001866,SMB,2024-09-16,initial_default
ACC-001867,SMB,2020-02-25,initial_default
ACC-001868,SMB,2021-01-26,initial_default
ACC-001869,SMB,2025-11-21,initial_default
ACC-001870,SMB,2024-09-21,initial_default
ACC-001871,SMB,2025-10-10,initial_default
ACC-001872,SMB,2023-08-14,initial_default
ACC-001873,SMB,2021-06-27,initial_default
ACC-001874,SMB,2023-02-23,initial_default
ACC-001875,SMB,2025-07-24,initial_default
ACC-001876,SMB,2025-09-17,initial_default
ACC-001877,SMB,2025-11-26,initial_default
ACC-001878,SMB,2020-11-23,initial_default
ACC-001878,Commercial,2023-02-01,usage_threshold
ACC-001879,SMB,2024-07-12,initial_default
ACC-001880,SMB,2025-01-02,initial_default
ACC-001881,SMB,2020-03-05,initial_default
ACC-001881,Commercial,2021-08-01,usage_threshold
ACC-001882,SMB,2023-02-11,initial_default
ACC-001883,SMB,2025-12-14,initial_default
ACC-001884,SMB,2025-06-20,initial_default
ACC-001885,SMB,2022-01-10,initial_default
ACC-001885,Commercial,2024-12-01,usage_threshold
ACC-001886,SMB,2021-11-07,initial_default
ACC-001887,SMB,2025-03-02,initial_default
ACC-001888,SMB,2023-10-06,initial_default
ACC-001889,SMB,2025-01-19,initial_default
ACC-001890,SMB,2023-02-18,initial_default
ACC-001891,SMB,2023-05-15,initial_default
ACC-001892,SMB,2025-05-12,initial_default
ACC-001893,SMB,2023-02-24,initial_default
ACC-001894,SMB,2024-07-21,initial_default
ACC-001895,SMB,2025-08-17,initial_default
ACC-001896,SMB,2025-12-11,initial_default
ACC-001897,SMB,2022-03-19,initial_default
ACC-001897,Commercial,2024-05-01,usage_threshold
ACC-001898,SMB,2025-11-26,initial_default
ACC-001899,SMB,2025-02-28,initial_default
ACC-001900,SMB,2025-10-02,initial_default
ACC-001901,SMB,2024-10-16,initial_default
ACC-001901,Commercial,2025-02-01,usage_threshold
ACC-001902,SMB,2020-01-25,initial_default
ACC-001903,SMB,2023-05-24,initial_default
ACC-001904,SMB,2024-06-21,initial_default
ACC-001904,Commercial,2024-09-01,firmographic_rescore
ACC-001905,SMB,2025-12-08,initial_default
ACC-001906,SMB,2024-02-24,initial_default
ACC-001907,SMB,2024-01-05,initial_default
ACC-001908,SMB,2023-07-13,initial_default
ACC-001909,SMB,2024-09-10,initial_default
ACC-001910,SMB,2022-04-30,initial_default
ACC-001911,SMB,2023-01-12,initial_default
ACC-001912,SMB,2024-09-16,initial_default
ACC-001913,SMB,2025-04-22,initial_default
ACC-001913,Commercial,2025-11-01,usage_threshold
ACC-001914,SMB,2024-04-14,initial_default
ACC-001915,SMB,2024-05-08,initial_default
ACC-001916,SMB,2025-06-26,initial_default
ACC-001917,SMB,2022-06-01,initial_default
ACC-001918,SMB,2021-12-26,initial_default
ACC-001919,SMB,2025-09-25,initial_default
ACC-001920,SMB,2023-08-23,initial_default
ACC-001921,SMB,2020-04-28,initial_default
ACC-001922,SMB,2021-02-10,initial_default
ACC-001923,SMB,2025-10-05,initial_default
ACC-001924,SMB,2025-12-14,initial_default
ACC-001925,SMB,2024-09-12,initial_default
ACC-001926,SMB,2021-08-02,initial_default
ACC-001927,SMB,2025-07-20,initial_default
ACC-001928,SMB,2022-12-04,initial_default
ACC-001929,SMB,2024-04-14,initial_default
ACC-001930,SMB,2025-04-19,initial_default
ACC-001931,SMB,2023-05-02,initial_default
ACC-001932,SMB,2023-04-16,initial_default
ACC-001933,SMB,2025-08-03,initial_default
ACC-001934,SMB,2025-09-08,initial_default
ACC-001935,SMB,2025-04-25,initial_default
ACC-001936,SMB,2023-03-17,initial_default
ACC-001937,SMB,2022-04-02,initial_default
ACC-001938,SMB,2020-03-03,initial_default
ACC-001939,SMB,2024-02-09,initial_default
ACC-001940,SMB,2025-07-24,initial_default
ACC-001941,SMB,2025-01-02,initial_default
ACC-001942,SMB,2022-04-18,initial_default
ACC-001943,SMB,2025-01-06,initial_default
ACC-001944,SMB,2023-10-12,initial_default
ACC-001944,Commercial,2024-06-01,usage_threshold
ACC-001945,SMB,2022-07-28,initial_default
ACC-001946,SMB,2025-04-03,initial_default
ACC-001947,SMB,2025-09-16,initial_default
ACC-001948,SMB,2024-12-16,initial_default
ACC-001949,SMB,2025-05-08,initial_default
ACC-001950,SMB,2024-11-20,initial_default
ACC-001951,SMB,2025-05-08,initial_default
ACC-001952,SMB,2024-07-26,initial_default
ACC-001953,SMB,2025-03-05,initial_default
ACC-001954,SMB,2025-10-15,initial_default
ACC-001955,SMB,2022-05-23,initial_default
ACC-001956,SMB,2024-04-23,initial_default
ACC-001957,SMB,2025-04-19,initial_default
ACC-001957,Commercial,2025-12-01,firmographic_rescore
ACC-001958,SMB,2025-05-27,initial_default
ACC-001959,SMB,2024-12-15,initial_default
ACC-001960,SMB,2021-10-26,initial_default
ACC-001961,SMB,2023-02-07,initial_default
ACC-001962,SMB,2025-12-19,initial_default
ACC-001963,SMB,2024-07-05,initial_default
ACC-001964,SMB,2025-10-23,initial_default
ACC-001965,SMB,2025-04-12,initial_default
ACC-001966,SMB,2025-05-14,initial_default
ACC-001967,SMB,2023-12-10,initial_default
ACC-001968,SMB,2024-04-20,initial_default
ACC-001969,SMB,2020-01-15,initial_default
ACC-001970,SMB,2024-05-17,initial_default
ACC-001971,SMB,2024-03-11,initial_default
ACC-001972,SMB,2023-10-25,initial_default
ACC-001973,SMB,2022-04-07,initial_default
ACC-001974,SMB,2021-10-28,initial_default
ACC-001975,SMB,2025-05-01,initial_default
ACC-001976,SMB,2025-05-02,initial_default
ACC-001976,Commercial,2025-10-01,usage_threshold
ACC-001977,SMB,2022-12-01,initial_default
ACC-001978,SMB,2024-10-21,initial_default
ACC-001979,SMB,2025-06-10,initial_default
ACC-001980,SMB,2024-01-13,initial_default
ACC-001981,SMB,2022-02-20,initial_default
ACC-001982,SMB,2023-05-18,initial_default
ACC-001983,SMB,2023-09-17,initial_default
ACC-001984,SMB,2024-10-05,initial_default
ACC-001985,SMB,2025-07-24,initial_default
ACC-001986,SMB,2024-03-25,initial_default
ACC-001987,SMB,2022-06-25,initial_default
ACC-001988,SMB,2024-11-16,initial_default
ACC-001989,SMB,2021-04-11,initial_default
ACC-001990,SMB,2021-08-24,initial_default
ACC-001991,SMB,2025-10-10,initial_default
ACC-001992,SMB,2025-10-20,initial_default
ACC-001993,SMB,2024-08-09,initial_default
ACC-001993,Commercial,2025-05-01,usage_threshold
ACC-001994,SMB,2025-02-12,initial_default
ACC-001995,SMB,2025-02-25,initial_default
ACC-001996,SMB,2025-07-09,initial_default
ACC-001997,SMB,2023-11-21,initial_default
ACC-001998,SMB,2024-08-22,initial_default
ACC-001999,SMB,2025-10-04,initial_default
ACC-002000,SMB,2020-11-23,initial_default
ACC-002001,SMB,2024-10-07,initial_default
ACC-002002,SMB,2024-07-26,initial_default
ACC-002003,SMB,2025-03-27,initial_default
ACC-002003,Commercial,2025-06-01,firmographic_rescore
ACC-002003,Enterprise,2025-11-01,usage_threshold
ACC-002004,SMB,2024-02-05,initial_default
ACC-002004,Commercial,2025-08-01,usage_threshold
ACC-002004,Enterprise,2025-11-01,usage_threshold
ACC-002005,SMB,2024-07-10,initial_default
ACC-002006,SMB,2024-05-12,initial_default
ACC-002007,SMB,2023-09-25,initial_default
ACC-002008,SMB,2025-07-24,initial_default
ACC-002009,SMB,2024-10-19,initial_default
ACC-002010,SMB,2025-12-26,initial_default
ACC-002011,SMB,2021-08-15,initial_default
ACC-002012,SMB,2024-09-03,initial_default
ACC-002012,Commercial,2025-02-01,usage_threshold
ACC-002013,SMB,2021-10-26,initial_default
ACC-002014,SMB,2023-02-06,initial_default
ACC-002015,SMB,2024-11-16,initial_default
ACC-002016,SMB,2025-11-01,initial_default
ACC-002017,SMB,2022-07-07,initial_default
ACC-002018,SMB,2025-07-19,initial_default
ACC-002019,SMB,2025-03-17,initial_default
ACC-002020,SMB,2024-07-14,initial_default
ACC-002021,SMB,2025-12-20,initial_default
ACC-002022,SMB,2022-07-06,initial_default
ACC-002023,SMB,2025-06-25,initial_default
ACC-002024,SMB,2025-11-12,initial_default
ACC-002025,SMB,2025-09-12,initial_default
ACC-002026,SMB,2024-06-27,initial_default
ACC-002027,SMB,2025-07-20,initial_default
ACC-002028,SMB,2022-08-03,initial_default
ACC-002029,SMB,2024-10-04,initial_default
ACC-002030,SMB,2024-05-21,initial_default
ACC-002031,SMB,2024-07-09,initial_default
ACC-002032,SMB,2024-03-13,initial_default
ACC-002033,SMB,2024-04-05,initial_default
ACC-002034,SMB,2023-04-26,initial_default
ACC-002035,SMB,2021-11-10,initial_default
ACC-002036,SMB,2023-10-03,initial_default
ACC-002037,SMB,2024-10-19,initial_default
ACC-002038,SMB,2025-01-24,initial_default
ACC-002039,SMB,2024-11-15,initial_default
ACC-002040,SMB,2025-05-11,initial_default
ACC-002041,SMB,2025-08-21,initial_default
ACC-002042,SMB,2025-06-16,initial_default
ACC-002043,SMB,2021-05-26,initial_default
ACC-002044,SMB,2024-12-02,initial_default
ACC-002045,SMB,2025-04-12,initial_default
ACC-002046,SMB,2021-12-07,initial_default
ACC-002047,SMB,2025-11-26,initial_default
ACC-002048,SMB,2025-05-27,initial_default
ACC-002049,SMB,2025-12-15,initial_default
ACC-002050,SMB,2024-02-08,initial_default
ACC-002051,SMB,2020-01-21,initial_default
ACC-002052,SMB,2025-12-03,initial_default
ACC-002053,SMB,2023-09-12,initial_default
ACC-002054,SMB,2025-09-25,initial_default
ACC-002055,SMB,2025-05-10,initial_default
ACC-002056,SMB,2025-07-19,initial_default
ACC-002057,SMB,2021-07-02,initial_default
ACC-002058,SMB,2024-08-09,initial_default
ACC-002059,SMB,2020-11-16,initial_default
ACC-002059,Commercial,2024-11-01,usage_threshold
ACC-002060,SMB,2022-10-24,initial_default
ACC-002061,SMB,2025-10-18,initial_default
ACC-002062,SMB,2023-06-04,initial_default
ACC-002063,SMB,2022-06-03,initial_default
ACC-002064,SMB,2021-10-17,initial_default
ACC-002065,SMB,2024-05-01,initial_default
ACC-002066,SMB,2024-02-07,initial_default
ACC-002067,SMB,2025-05-03,initial_default
ACC-002068,SMB,2023-07-20,initial_default
ACC-002069,SMB,2024-08-21,initial_default
ACC-002070,SMB,2025-06-23,initial_default
ACC-002071,SMB,2024-08-04,initial_default
ACC-002072,SMB,2024-06-03,initial_default
ACC-002073,SMB,2024-10-04,initial_default
ACC-002073,Commercial,2025-10-01,usage_threshold
ACC-002074,SMB,2023-03-25,initial_default
ACC-002075,SMB,2020-11-13,initial_default
ACC-002076,SMB,2025-01-26,initial_default
ACC-002077,SMB,2024-10-26,initial_default
ACC-002078,SMB,2023-10-11,initial_default
ACC-002079,SMB,2020-11-09,initial_default
ACC-002080,SMB,2023-11-25,initial_default
ACC-002081,SMB,2024-11-06,initial_default
ACC-002082,SMB,2022-10-09,initial_default
ACC-002083,SMB,2025-11-14,initial_default
ACC-002084,SMB,2020-10-18,initial_default
ACC-002085,SMB,2023-12-14,initial_default
ACC-002086,SMB,2024-04-01,initial_default
ACC-002087,SMB,2023-12-28,initial_default
ACC-002087,Commercial,2025-11-01,usage_threshold
ACC-002088,SMB,2022-11-15,initial_default
ACC-002089,SMB,2025-09-23,initial_default
ACC-002090,SMB,2025-11-12,initial_default
ACC-002091,SMB,2025-07-03,initial_default
ACC-002092,SMB,2023-10-28,initial_default
ACC-002093,SMB,2025-03-22,initial_default
ACC-002094,SMB,2021-05-16,initial_default
ACC-002095,SMB,2023-06-15,initial_default
ACC-002096,SMB,2024-11-07,initial_default
ACC-002097,SMB,2023-03-19,initial_default
ACC-002098,SMB,2020-07-07,initial_default
ACC-002099,SMB,2025-06-09,initial_default
ACC-002100,SMB,2025-04-15,initial_default
ACC-002101,SMB,2023-09-23,initial_default
ACC-002102,SMB,2023-09-02,initial_default
ACC-002103,SMB,2022-03-18,initial_default
ACC-002103,Commercial,2023-03-01,firmographic_rescore
ACC-002104,SMB,2025-08-05,initial_default
ACC-002105,SMB,2021-12-11,initial_default
ACC-002106,SMB,2024-02-02,initial_default
ACC-002107,SMB,2022-08-25,initial_default
ACC-002108,SMB,2020-08-27,initial_default
ACC-002109,SMB,2023-07-01,initial_default
ACC-002110,SMB,2025-04-26,initial_default
ACC-002111,SMB,2025-06-01,initial_default
ACC-002112,SMB,2023-02-15,initial_default
ACC-002112,Commercial,2023-09-01,usage_threshold
ACC-002113,SMB,2024-01-12,initial_default
ACC-002114,SMB,2020-11-12,initial_default
ACC-002115,SMB,2025-08-07,initial_default
ACC-002116,SMB,2024-03-28,initial_default
ACC-002117,SMB,2023-08-02,initial_default
ACC-002118,SMB,2023-08-24,initial_default
ACC-002119,SMB,2024-08-05,initial_default
ACC-002120,SMB,2024-12-02,initial_default
ACC-002121,SMB,2024-02-04,initial_default
ACC-002122,SMB,2020-07-19,initial_default
ACC-002123,SMB,2022-07-30,initial_default
ACC-002124,SMB,2023-04-25,initial_default
ACC-002125,SMB,2025-03-10,initial_default
ACC-002126,SMB,2022-08-01,initial_default
ACC-002127,SMB,2025-09-17,initial_default
ACC-002128,SMB,2024-11-01,initial_default
ACC-002129,SMB,2023-10-27,initial_default
ACC-002130,SMB,2022-04-04,initial_default
ACC-002131,SMB,2024-07-20,initial_default
ACC-002132,SMB,2024-09-26,initial_default
ACC-002132,Commercial,2025-07-01,usage_threshold
ACC-002133,SMB,2020-02-21,initial_default
ACC-002134,SMB,2022-05-13,initial_default
ACC-002135,SMB,2023-03-22,initial_default
ACC-002135,Commercial,2024-08-01,usage_threshold
ACC-002136,SMB,2020-06-01,initial_default
ACC-002137,SMB,2025-07-24,initial_default
ACC-002137,Commercial,2025-12-01,firmographic_rescore
ACC-002138,SMB,2024-05-13,initial_default
ACC-002139,SMB,2025-05-01,initial_default
ACC-002140,SMB,2023-05-14,initial_default
ACC-002141,SMB,2022-02-19,initial_default
ACC-002142,SMB,2024-04-05,initial_default
ACC-002143,SMB,2024-11-28,initial_default
ACC-002144,SMB,2025-11-10,initial_default
ACC-002145,SMB,2025-08-05,initial_default
ACC-002146,SMB,2024-04-13,initial_default
ACC-002147,SMB,2025-12-10,initial_default
ACC-002148,SMB,2024-03-12,initial_default
ACC-002149,SMB,2023-12-02,initial_default
ACC-002150,SMB,2025-12-03,initial_default
ACC-002151,SMB,2024-12-03,initial_default
ACC-002152,SMB,2024-03-13,initial_default
ACC-002153,SMB,2023-11-19,initial_default
ACC-002154,SMB,2021-11-24,initial_default
ACC-002155,SMB,2023-02-21,initial_default
ACC-002156,SMB,2025-09-12,initial_default
ACC-002157,SMB,2021-08-27,initial_default
ACC-002158,SMB,2023-01-15,initial_default
ACC-002159,SMB,2024-02-15,initial_default
ACC-002160,SMB,2024-02-24,initial_default
ACC-002161,SMB,2025-01-18,initial_default
ACC-002162,SMB,2025-01-04,initial_default
ACC-002163,SMB,2025-03-03,initial_default
ACC-002163,Commercial,2025-10-01,usage_threshold
ACC-002164,SMB,2025-06-09,initial_default
ACC-002165,SMB,2020-10-17,initial_default
ACC-002166,SMB,2020-09-10,initial_default
ACC-002166,Commercial,2025-02-01,usage_threshold
ACC-002167,SMB,2021-08-18,initial_default
ACC-002168,SMB,2025-03-03,initial_default
ACC-002169,SMB,2023-09-21,initial_default
ACC-002170,SMB,2025-03-01,initial_default
ACC-002171,SMB,2024-01-28,initial_default
ACC-002172,SMB,2024-10-13,initial_default
ACC-002172,Commercial,2024-12-01,usage_threshold
ACC-002173,SMB,2023-03-07,initial_default
ACC-002174,SMB,2024-02-16,initial_default
ACC-002175,SMB,2022-05-19,initial_default
ACC-002176,SMB,2024-05-17,initial_default
ACC-002177,SMB,2025-03-16,initial_default
ACC-002178,SMB,2024-09-17,initial_default
ACC-002179,SMB,2024-07-15,initial_default
ACC-002180,SMB,2025-05-20,initial_default
ACC-002181,SMB,2024-12-21,initial_default
ACC-002182,SMB,2025-10-20,initial_default
ACC-002183,SMB,2023-08-24,initial_default
ACC-002184,SMB,2025-07-24,initial_default
ACC-002185,SMB,2021-05-15,initial_default
ACC-002186,SMB,2024-11-20,initial_default
ACC-002187,SMB,2024-09-15,initial_default
ACC-002187,Commercial,2024-12-01,usage_threshold
ACC-002188,SMB,2024-11-28,initial_default
ACC-002189,SMB,2025-09-25,initial_default
ACC-002190,SMB,2020-03-27,initial_default
ACC-002190,Commercial,2024-10-01,firmographic_rescore
ACC-002191,SMB,2025-02-23,initial_default
ACC-002191,Commercial,2025-06-01,usage_threshold
ACC-002192,SMB,2025-01-01,initial_default
ACC-002193,SMB,2025-10-05,initial_default
ACC-002194,SMB,2025-09-19,initial_default
ACC-002195,SMB,2025-05-15,initial_default
ACC-002196,SMB,2024-01-22,initial_default
ACC-002197,SMB,2023-08-15,initial_default
ACC-002198,SMB,2024-08-17,initial_default
ACC-002199,SMB,2020-11-15,initial_default
ACC-002200,SMB,2024-01-06,initial_default
ACC-002201,SMB,2025-09-28,initial_default
ACC-002202,SMB,2025-06-23,initial_default
ACC-002203,SMB,2025-09-26,initial_default
ACC-002204,SMB,2023-03-26,initial_default
ACC-002205,SMB,2024-10-03,initial_default
ACC-002206,SMB,2025-04-09,initial_default
ACC-002207,SMB,2025-07-17,initial_default
ACC-002208,SMB,2025-02-17,initial_default
ACC-002209,SMB,2023-10-06,initial_default
ACC-002210,SMB,2021-09-07,initial_default
ACC-002210,Commercial,2024-06-01,usage_threshold
ACC-002210,Enterprise,2025-03-01,usage_threshold
ACC-002211,SMB,2021-10-07,initial_default
ACC-002212,SMB,2025-05-28,initial_default
ACC-002212,Commercial,2025-12-01,usage_threshold
ACC-002213,SMB,2025-11-13,initial_default
ACC-002214,SMB,2020-10-18,initial_default
ACC-002215,SMB,2021-12-05,initial_default
ACC-002215,Commercial,2023-08-01,usage_threshold
ACC-002216,SMB,2023-09-08,initial_default
ACC-002217,SMB,2025-06-02,initial_default
ACC-002218,SMB,2024-12-11,initial_default
ACC-002219,SMB,2023-12-27,initial_default
ACC-002220,SMB,2021-01-19,initial_default
ACC-002220,Commercial,2023-10-01,firmographic_rescore
ACC-002221,SMB,2024-12-19,initial_default
ACC-002221,Commercial,2025-09-01,usage_threshold
ACC-002222,SMB,2024-04-09,initial_default
ACC-002223,SMB,2025-03-04,initial_default
ACC-002224,SMB,2023-11-25,initial_default
ACC-002225,SMB,2022-05-15,initial_default
ACC-002226,SMB,2025-10-27,initial_default
ACC-002227,SMB,2023-09-23,initial_default
ACC-002228,SMB,2025-09-04,initial_default
ACC-002229,SMB,2024-01-05,initial_default
ACC-002230,SMB,2025-06-26,initial_default
ACC-002231,SMB,2023-12-03,initial_default
ACC-002232,SMB,2022-04-01,initial_default
ACC-002233,SMB,2025-08-04,initial_default
ACC-002234,SMB,2025-04-15,initial_default
ACC-002235,SMB,2020-03-21,initial_default
ACC-002236,SMB,2025-09-12,initial_default
ACC-002237,SMB,2024-08-26,initial_default
ACC-002237,Commercial,2024-12-01,usage_threshold
ACC-002238,SMB,2025-02-23,initial_default
ACC-002239,SMB,2023-01-16,initial_default
ACC-002239,Commercial,2025-04-01,firmographic_rescore
ACC-002240,SMB,2024-06-12,initial_default
ACC-002241,SMB,2023-07-19,initial_default
ACC-002242,SMB,2021-03-07,initial_default
ACC-002243,SMB,2025-03-27,initial_default
ACC-002244,SMB,2024-09-28,initial_default
ACC-002245,SMB,2024-09-15,initial_default
ACC-002246,SMB,2023-06-15,initial_default
ACC-002247,SMB,2025-08-22,initial_default
ACC-002248,SMB,2025-08-05,initial_default
ACC-002249,SMB,2025-09-01,initial_default
ACC-002250,SMB,2025-06-02,initial_default
ACC-002251,SMB,2024-06-18,initial_default
ACC-002252,SMB,2025-10-02,initial_default
ACC-002253,SMB,2025-04-27,initial_default
ACC-002254,SMB,2025-08-13,initial_default
ACC-002255,SMB,2025-04-14,initial_default
ACC-002256,SMB,2024-05-23,initial_default
ACC-002257,SMB,2024-06-24,initial_default
ACC-002258,SMB,2024-07-22,initial_default
ACC-002259,SMB,2025-12-01,initial_default
ACC-002260,SMB,2024-07-28,initial_default
ACC-002261,SMB,2025-01-21,initial_default
ACC-002262,SMB,2025-12-26,initial_default
ACC-002263,SMB,2024-09-07,initial_default
ACC-002263,Commercial,2025-07-01,usage_threshold
ACC-002263,Enterprise,2025-10-01,usage_threshold
ACC-002264,SMB,2024-03-18,initial_default
ACC-002265,SMB,2025-12-14,initial_default
ACC-002266,SMB,2025-08-13,initial_default
ACC-002267,SMB,2020-06-25,initial_default
ACC-002267,Commercial,2020-10-01,firmographic_rescore
ACC-002268,SMB,2023-11-03,initial_default
ACC-002269,SMB,2025-03-27,initial_default
ACC-002270,SMB,2025-04-18,initial_default
ACC-002270,Commercial,2025-06-01,usage_threshold
ACC-002271,SMB,2022-05-04,initial_default
ACC-002272,SMB,2025-09-11,initial_default
ACC-002273,SMB,2024-06-05,initial_default
ACC-002274,SMB,2025-10-25,initial_default
ACC-002275,SMB,2023-04-10,initial_default
ACC-002275,Commercial,2024-12-01,usage_threshold
ACC-002276,SMB,2021-10-03,initial_default
ACC-002277,SMB,2024-05-17,initial_default
ACC-002278,SMB,2023-03-07,initial_default
ACC-002279,SMB,2021-03-12,initial_default
ACC-002280,SMB,2025-09-13,initial_default
ACC-002281,SMB,2024-08-08,initial_default
ACC-002282,SMB,2023-11-22,initial_default
ACC-002283,SMB,2025-04-16,initial_default
ACC-002283,Commercial,2025-09-01,usage_threshold
ACC-002284,SMB,2025-02-09,initial_default
ACC-002284,Commercial,2025-04-01,usage_threshold
ACC-002285,SMB,2022-01-23,initial_default
ACC-002286,SMB,2021-12-04,initial_default
ACC-002287,SMB,2024-09-18,initial_default
ACC-002287,Commercial,2025-12-01,usage_threshold
ACC-002288,SMB,2024-03-03,initial_default
ACC-002289,SMB,2024-07-07,initial_default
ACC-002290,SMB,2025-03-07,initial_default
ACC-002291,SMB,2025-07-17,initial_default
ACC-002292,SMB,2025-02-28,initial_default
ACC-002293,SMB,2023-10-25,initial_default
ACC-002294,SMB,2025-01-07,initial_default
ACC-002295,SMB,2025-06-13,initial_default
ACC-002296,SMB,2021-09-07,initial_default
ACC-002297,SMB,2023-04-16,initial_default
ACC-002298,SMB,2025-11-22,initial_default
ACC-002299,SMB,2025-09-18,initial_default
ACC-002300,SMB,2025-04-12,initial_default
ACC-002301,SMB,2024-09-18,initial_default
ACC-002301,Commercial,2025-02-01,usage_threshold
ACC-002301,Enterprise,2025-09-01,usage_threshold
ACC-002302,SMB,2024-10-25,initial_default
ACC-002303,SMB,2024-07-03,initial_default
ACC-002304,SMB,2025-10-08,initial_default
ACC-002305,SMB,2024-01-14,initial_default
ACC-002306,SMB,2025-09-17,initial_default
ACC-002307,SMB,2025-07-03,initial_default
ACC-002308,SMB,2025-04-27,initial_default
ACC-002309,SMB,2022-09-14,initial_default
ACC-002310,SMB,2024-08-10,initial_default
ACC-002311,SMB,2020-11-23,initial_default
ACC-002312,SMB,2021-02-01,initial_default
ACC-002313,SMB,2025-05-21,initial_default
ACC-002314,SMB,2025-05-21,initial_default
ACC-002315,SMB,2025-03-04,initial_default
ACC-002316,SMB,2020-04-08,initial_default
ACC-002316,Commercial,2023-10-01,firmographic_rescore
ACC-002317,SMB,2024-10-13,initial_default
ACC-002318,SMB,2025-08-10,initial_default
ACC-002319,SMB,2025-12-24,initial_default
ACC-002320,SMB,2025-06-10,initial_default
ACC-002321,SMB,2024-09-15,initial_default
ACC-002322,SMB,2024-07-27,initial_default
ACC-002322,Commercial,2025-08-01,usage_threshold
ACC-002323,SMB,2025-03-04,initial_default
ACC-002324,SMB,2020-08-23,initial_default
ACC-002325,SMB,2025-11-12,initial_default
ACC-002326,SMB,2024-03-21,initial_default
ACC-002327,SMB,2025-10-07,initial_default
ACC-002328,SMB,2025-04-08,initial_default
ACC-002329,SMB,2023-08-17,initial_default
ACC-002330,SMB,2021-08-23,initial_default
ACC-002331,SMB,2022-07-08,initial_default
ACC-002332,SMB,2023-05-13,initial_default
ACC-002333,SMB,2023-06-27,initial_default
ACC-002334,SMB,2024-01-12,initial_default
ACC-002335,SMB,2025-12-02,initial_default
ACC-002336,SMB,2023-08-15,initial_default
ACC-002336,Commercial,2024-07-01,firmographic_rescore
ACC-002336,Enterprise,2024-09-01,firmographic_rescore
ACC-002337,SMB,2025-03-25,initial_default
ACC-002338,SMB,2025-09-23,initial_default
ACC-002339,SMB,2023-06-06,initial_default
ACC-002340,SMB,2024-01-25,initial_default
ACC-002341,SMB,2024-02-15,initial_default
ACC-002342,SMB,2025-07-05,initial_default
ACC-002343,SMB,2023-12-20,initial_default
ACC-002344,SMB,2024-01-03,initial_default
ACC-002345,SMB,2025-01-05,initial_default
ACC-002345,Commercial,2025-06-01,usage_threshold
ACC-002346,SMB,2025-07-14,initial_default
ACC-002347,SMB,2025-11-08,initial_default
ACC-002348,SMB,2025-01-08,initial_default
ACC-002349,SMB,2024-08-01,initial_default
ACC-002349,Commercial,2024-12-01,usage_threshold
ACC-002350,SMB,2025-05-23,initial_default
ACC-002351,SMB,2021-06-25,initial_default
ACC-002352,SMB,2023-11-19,initial_default
ACC-002352,Commercial,2025-11-01,firmographic_rescore
ACC-002353,SMB,2023-12-01,initial_default
ACC-002353,Commercial,2025-11-01,usage_threshold
ACC-002354,SMB,2024-08-27,initial_default
ACC-002355,SMB,2021-07-23,initial_default
ACC-002356,SMB,2025-05-10,initial_default
ACC-002357,SMB,2020-11-06,initial_default
ACC-002358,SMB,2023-02-26,initial_default
ACC-002359,SMB,2024-05-03,initial_default
ACC-002360,SMB,2020-11-10,initial_default
ACC-002361,SMB,2022-11-30,initial_default
ACC-002362,SMB,2024-12-21,initial_default
ACC-002363,SMB,2021-01-23,initial_default
ACC-002364,SMB,2024-01-23,initial_default
ACC-002365,SMB,2024-05-16,initial_default
ACC-002366,SMB,2025-01-03,initial_default
ACC-002367,SMB,2025-04-17,initial_default
ACC-002368,SMB,2023-09-06,initial_default
ACC-002369,SMB,2023-12-06,initial_default
ACC-002370,SMB,2023-08-10,initial_default
ACC-002371,SMB,2020-09-09,initial_default
ACC-002372,SMB,2020-04-12,initial_default
ACC-002373,SMB,2022-09-19,initial_default
ACC-002374,SMB,2025-08-19,initial_default
ACC-002375,SMB,2025-03-14,initial_default
ACC-002375,Commercial,2025-09-01,firmographic_rescore
ACC-002376,SMB,2025-04-16,initial_default
ACC-002377,SMB,2025-02-15,initial_default
ACC-002378,SMB,2023-11-24,initial_default
ACC-002379,SMB,2024-11-06,initial_default
ACC-002380,SMB,2025-12-06,initial_default
ACC-002381,SMB,2025-07-21,initial_default
ACC-002382,SMB,2024-08-02,initial_default
ACC-002383,SMB,2024-03-22,initial_default
ACC-002384,SMB,2025-04-18,initial_default
ACC-002385,SMB,2023-12-28,initial_default
ACC-002386,SMB,2025-12-03,initial_default
ACC-002387,SMB,2025-01-12,initial_default
ACC-002388,SMB,2025-05-21,initial_default
ACC-002389,SMB,2025-12-16,initial_default
ACC-002390,SMB,2025-10-16,initial_default
ACC-002391,SMB,2024-08-10,initial_default
ACC-002392,SMB,2025-02-05,initial_default
ACC-002393,SMB,2021-07-30,initial_default
ACC-002394,SMB,2025-09-27,initial_default
ACC-002395,SMB,2025-12-28,initial_default
ACC-002396,SMB,2023-01-01,initial_default
ACC-002397,SMB,2025-04-02,initial_default
ACC-002398,SMB,2025-07-02,initial_default
ACC-002399,SMB,2023-03-06,initial_default
ACC-002400,SMB,2025-12-08,initial_default
ACC-002401,SMB,2025-09-15,initial_default
ACC-002402,SMB,2024-06-14,initial_default
ACC-002403,SMB,2020-08-08,initial_default
ACC-002404,SMB,2024-08-20,initial_default
ACC-002405,SMB,2025-07-02,initial_default
ACC-002406,SMB,2020-06-30,initial_default
ACC-002407,SMB,2025-12-10,initial_default
ACC-002408,SMB,2025-09-19,initial_default
ACC-002409,SMB,2024-04-15,initial_default
ACC-002410,SMB,2022-06-28,initial_default
ACC-002411,SMB,2024-09-05,initial_default
ACC-002412,SMB,2024-02-26,initial_default
ACC-002413,SMB,2021-05-01,initial_default
ACC-002414,SMB,2025-05-06,initial_default
ACC-002415,SMB,2020-02-13,initial_default
ACC-002416,SMB,2025-06-02,initial_default
ACC-002417,SMB,2025-10-22,initial_default
ACC-002418,SMB,2024-09-21,initial_default
ACC-002419,SMB,2021-11-18,initial_default
ACC-002419,Commercial,2023-03-01,firmographic_rescore
ACC-002420,SMB,2024-01-25,initial_default
ACC-002421,SMB,2025-09-21,initial_default
ACC-002422,SMB,2025-10-23,initial_default
ACC-002423,SMB,2023-12-27,initial_default
ACC-002424,SMB,2021-10-16,initial_default
ACC-002425,SMB,2021-12-13,initial_default
ACC-002426,SMB,2024-11-03,initial_default
ACC-002427,SMB,2024-08-25,initial_default
ACC-002428,SMB,2025-01-20,initial_default
ACC-002429,SMB,2025-01-01,initial_default
ACC-002430,SMB,2023-11-28,initial_default
ACC-002431,SMB,2025-08-05,initial_default
ACC-002432,SMB,2024-10-23,initial_default
ACC-002433,SMB,2025-08-12,initial_default
ACC-002434,SMB,2024-12-25,initial_default
ACC-002435,SMB,2025-04-25,initial_default
ACC-002436,SMB,2022-11-28,initial_default
ACC-002437,SMB,2024-12-08,initial_default
ACC-002438,SMB,2024-11-22,initial_default
ACC-002439,SMB,2025-07-17,initial_default
ACC-002440,SMB,2025-05-26,initial_default
ACC-002440,Commercial,2025-09-01,usage_threshold
ACC-002441,SMB,2021-03-19,initial_default
ACC-002442,SMB,2024-10-15,initial_default
ACC-002443,SMB,2020-08-20,initial_default
ACC-002443,Commercial,2024-06-01,usage_threshold
ACC-002444,SMB,2025-08-16,initial_default
ACC-002445,SMB,2024-12-05,initial_default
ACC-002446,SMB,2024-07-15,initial_default
ACC-002447,SMB,2024-03-16,initial_default
ACC-002448,SMB,2022-11-19,initial_default
ACC-002449,SMB,2024-05-20,initial_default
ACC-002450,SMB,2023-09-21,initial_default
ACC-002451,SMB,2025-08-07,initial_default
ACC-002452,SMB,2023-06-17,initial_default
ACC-002452,Commercial,2025-02-01,firmographic_rescore
ACC-002453,SMB,2023-09-24,initial_default
ACC-002454,SMB,2023-06-24,initial_default
ACC-002455,SMB,2024-10-28,initial_default
ACC-002456,SMB,2025-11-05,initial_default
ACC-002457,SMB,2025-12-09,initial_default
ACC-002458,SMB,2021-07-10,initial_default
ACC-002459,SMB,2024-03-06,initial_default
ACC-002459,Commercial,2025-07-01,usage_threshold
ACC-002460,SMB,2022-12-31,initial_default
ACC-002461,SMB,2023-08-26,initial_default
ACC-002462,SMB,2024-06-24,initial_default
ACC-002463,SMB,2025-02-05,initial_default
ACC-002464,SMB,2023-08-07,initial_default
ACC-002465,SMB,2025-12-14,initial_default
ACC-002466,SMB,2024-07-08,initial_default
ACC-002467,SMB,2023-06-10,initial_default
ACC-002468,SMB,2024-08-13,initial_default
ACC-002469,SMB,2025-03-05,initial_default
ACC-002470,SMB,2025-08-24,initial_default
ACC-002471,SMB,2023-07-26,initial_default
ACC-002472,SMB,2025-11-15,initial_default
ACC-002473,SMB,2022-09-22,initial_default
ACC-002474,SMB,2024-08-27,initial_default
ACC-002475,SMB,2024-04-22,initial_default
ACC-002476,SMB,2023-05-19,initial_default
ACC-002477,SMB,2023-06-06,initial_default
ACC-002477,Commercial,2023-09-01,usage_threshold
ACC-002478,SMB,2022-01-23,initial_default
ACC-002479,SMB,2025-07-21,initial_default
ACC-002480,SMB,2023-11-15,initial_default
ACC-002481,SMB,2024-07-19,initial_default
ACC-002482,SMB,2025-04-28,initial_default
ACC-002483,SMB,2022-05-18,initial_default
ACC-002484,SMB,2023-01-02,initial_default
ACC-002485,SMB,2021-05-23,initial_default
ACC-002486,SMB,2023-05-08,initial_default
ACC-002487,SMB,2024-05-21,initial_default
ACC-002488,SMB,2025-08-27,initial_default
ACC-002489,SMB,2025-10-18,initial_default
ACC-002490,SMB,2024-07-04,initial_default
ACC-002491,SMB,2024-02-03,initial_default
ACC-002492,SMB,2022-07-08,initial_default
ACC-002493,SMB,2023-04-28,initial_default
ACC-002493,Commercial,2023-11-01,usage_threshold
ACC-002494,SMB,2020-12-25,initial_default
ACC-002495,SMB,2021-03-08,initial_default
ACC-002495,Commercial,2021-08-01,usage_threshold
ACC-002496,SMB,2021-04-05,initial_default
ACC-002497,SMB,2025-10-04,initial_default
ACC-002498,SMB,2025-01-06,initial_default
ACC-002499,SMB,2025-08-25,initial_default
ACC-002500,SMB,2022-05-21,initial_default
ACC-002501,SMB,2022-10-14,initial_default
ACC-002501,Commercial,2023-04-01,firmographic_rescore
ACC-002501,Enterprise,2024-07-01,firmographic_rescore
ACC-002502,SMB,2022-12-18,initial_default
ACC-002503,SMB,2025-01-08,initial_default
ACC-002504,SMB,2024-06-10,initial_default
ACC-002505,SMB,2020-10-11,initial_default
ACC-002506,SMB,2024-11-19,initial_default
ACC-002507,SMB,2025-01-10,initial_default
ACC-002508,SMB,2023-12-24,initial_default
ACC-002509,SMB,2023-02-10,initial_default
ACC-002510,SMB,2024-03-19,initial_default
ACC-002511,SMB,2023-12-07,initial_default
ACC-002512,SMB,2023-03-10,initial_default
ACC-002513,SMB,2025-05-07,initial_default
ACC-002514,SMB,2024-11-02,initial_default
ACC-002515,SMB,2024-04-08,initial_default
ACC-002516,SMB,2025-06-20,initial_default
ACC-002517,SMB,2021-03-17,initial_default
ACC-002517,Commercial,2023-02-01,firmographic_rescore
ACC-002518,SMB,2024-02-09,initial_default
ACC-002518,Commercial,2025-10-01,usage_threshold
ACC-002519,SMB,2024-08-03,initial_default
ACC-002520,SMB,2025-03-24,initial_default
ACC-002521,SMB,2023-06-03,initial_default
ACC-002522,SMB,2025-06-16,initial_default
ACC-002523,SMB,2023-06-08,initial_default
ACC-002524,SMB,2024-03-26,initial_default
ACC-002525,SMB,2024-11-26,initial_default
ACC-002526,SMB,2025-05-01,initial_default
ACC-002527,SMB,2022-07-25,initial_default
ACC-002528,SMB,2024-12-17,initial_default
ACC-002529,SMB,2023-05-21,initial_default
ACC-002530,SMB,2025-12-07,initial_default
ACC-002531,SMB,2025-09-19,initial_default
ACC-002532,SMB,2025-05-23,initial_default
ACC-002532,Commercial,2025-07-01,usage_threshold
ACC-002533,SMB,2025-01-28,initial_default
ACC-002534,SMB,2025-06-05,initial_default
ACC-002535,SMB,2025-06-14,initial_default
ACC-002536,SMB,2022-07-30,initial_default
ACC-002537,SMB,2025-12-22,initial_default
ACC-002538,SMB,2024-03-20,initial_default
ACC-002539,SMB,2025-11-21,initial_default
ACC-002540,SMB,2024-07-09,initial_default
ACC-002541,SMB,2024-03-18,initial_default
ACC-002542,SMB,2024-07-03,initial_default
ACC-002543,SMB,2023-10-04,initial_default
ACC-002544,SMB,2023-01-26,initial_default
ACC-002545,SMB,2025-08-26,initial_default
ACC-002546,SMB,2025-03-20,initial_default
ACC-002547,SMB,2021-09-23,initial_default
ACC-002548,SMB,2024-05-28,initial_default
ACC-002549,SMB,2021-03-06,initial_default
ACC-002550,SMB,2020-12-18,initial_default
ACC-002551,SMB,2024-11-09,initial_default
ACC-002552,SMB,2022-12-26,initial_default
ACC-002553,SMB,2025-08-15,initial_default
ACC-002554,SMB,2024-05-02,initial_default
ACC-002554,Commercial,2024-07-01,usage_threshold
ACC-002555,SMB,2022-03-24,initial_default
ACC-002556,SMB,2025-03-21,initial_default
ACC-002557,SMB,2025-01-19,initial_default
ACC-002558,SMB,2025-02-15,initial_default
ACC-002559,SMB,2025-08-09,initial_default
ACC-002560,SMB,2021-01-29,initial_default
ACC-002561,SMB,2025-04-16,initial_default
ACC-002562,SMB,2025-11-02,initial_default
ACC-002563,SMB,2023-01-20,initial_default
ACC-002564,SMB,2025-01-07,initial_default
ACC-002565,SMB,2025-06-17,initial_default
ACC-002566,SMB,2021-12-28,initial_default
ACC-002567,SMB,2024-04-23,initial_default
ACC-002568,SMB,2025-04-27,initial_default
ACC-002569,SMB,2023-06-21,initial_default
ACC-002570,SMB,2024-08-04,initial_default
ACC-002571,SMB,2024-01-12,initial_default
ACC-002572,SMB,2024-08-18,initial_default
ACC-002573,SMB,2023-05-19,initial_default
ACC-002574,SMB,2025-10-24,initial_default
ACC-002575,SMB,2020-08-31,initial_default
ACC-002576,SMB,2025-06-09,initial_default
ACC-002577,SMB,2022-07-04,initial_default
ACC-002578,SMB,2023-04-02,initial_default
ACC-002579,SMB,2022-08-16,initial_default
ACC-002580,SMB,2024-08-03,initial_default
ACC-002580,Commercial,2025-10-01,usage_threshold
ACC-002581,SMB,2023-12-17,initial_default
ACC-002582,SMB,2022-01-18,initial_default
ACC-002583,SMB,2024-07-08,initial_default
ACC-002584,SMB,2025-06-17,initial_default
ACC-002585,SMB,2022-07-14,initial_default
ACC-002586,SMB,2023-05-15,initial_default
ACC-002587,SMB,2025-08-28,initial_default
ACC-002588,SMB,2024-08-19,initial_default
ACC-002588,Commercial,2025-11-01,usage_threshold
ACC-002589,SMB,2025-08-19,initial_default
ACC-002590,SMB,2025-12-26,initial_default
ACC-002591,SMB,2024-12-25,initial_default
ACC-002592,SMB,2024-06-05,initial_default
ACC-002592,Commercial,2024-09-01,firmographic_rescore
ACC-002592,Enterprise,2025-11-01,firmographic_rescore
ACC-002593,SMB,2025-03-14,initial_default
ACC-002594,SMB,2023-01-10,initial_default
ACC-002595,SMB,2024-06-28,initial_default
ACC-002595,Commercial,2025-06-01,usage_threshold
ACC-002596,SMB,2025-11-16,initial_default
ACC-002597,SMB,2025-09-17,initial_default
ACC-002598,SMB,2022-08-09,initial_default
ACC-002599,SMB,2020-05-16,initial_default
ACC-002600,SMB,2025-02-04,initial_default
ACC-002601,SMB,2025-04-02,initial_default
ACC-002602,SMB,2021-11-24,initial_default
ACC-002603,SMB,2024-01-20,initial_default
ACC-002604,SMB,2025-07-20,initial_default
ACC-002605,SMB,2025-03-16,initial_default
ACC-002606,SMB,2025-12-24,initial_default
ACC-002607,SMB,2023-08-16,initial_default
ACC-002608,SMB,2025-02-22,initial_default
ACC-002609,SMB,2023-10-06,initial_default
ACC-002610,SMB,2025-05-27,initial_default
ACC-002611,SMB,2025-07-07,initial_default
ACC-002612,SMB,2024-12-18,initial_default
ACC-002613,SMB,2020-06-22,initial_default
ACC-002614,SMB,2025-07-19,initial_default
ACC-002615,SMB,2024-07-07,initial_default
ACC-002616,SMB,2023-10-19,initial_default
ACC-002617,SMB,2025-10-12,initial_default
ACC-002618,SMB,2025-06-27,initial_default
ACC-002619,SMB,2025-05-19,initial_default
ACC-002620,SMB,2024-09-26,initial_default
ACC-002621,SMB,2025-10-07,initial_default
ACC-002622,SMB,2024-09-23,initial_default
ACC-002623,SMB,2025-08-15,initial_default
ACC-002624,SMB,2024-07-03,initial_default
ACC-002625,SMB,2023-07-15,initial_default
ACC-002626,SMB,2024-11-15,initial_default
ACC-002627,SMB,2023-12-20,initial_default
ACC-002628,SMB,2024-11-03,initial_default
ACC-002629,SMB,2025-06-28,initial_default
ACC-002630,SMB,2022-09-15,initial_default
ACC-002631,SMB,2024-10-22,initial_default
ACC-002632,SMB,2025-12-24,initial_default
ACC-002633,SMB,2025-12-08,initial_default
ACC-002634,SMB,2024-01-23,initial_default
ACC-002635,SMB,2024-10-13,initial_default
ACC-002636,SMB,2024-11-17,initial_default
ACC-002637,SMB,2025-05-11,initial_default
ACC-002638,SMB,2020-11-15,initial_default
ACC-002639,SMB,2025-07-13,initial_default
ACC-002640,SMB,2024-12-11,initial_default
ACC-002641,SMB,2020-11-15,initial_default
ACC-002641,Commercial,2025-11-01,firmographic_rescore
ACC-002642,SMB,2024-07-14,initial_default
ACC-002643,SMB,2024-06-24,initial_default
ACC-002644,SMB,2023-01-25,initial_default
ACC-002645,SMB,2023-03-21,initial_default
ACC-002646,SMB,2025-08-18,initial_default
ACC-002647,SMB,2020-06-26,initial_default
ACC-002648,SMB,2025-11-07,initial_default
ACC-002649,SMB,2020-06-22,initial_default
ACC-002650,SMB,2024-05-23,initial_default
ACC-002650,Commercial,2025-11-01,usage_threshold
ACC-002651,SMB,2025-09-16,initial_default
ACC-002652,SMB,2020-10-14,initial_default
ACC-002653,SMB,2022-04-03,initial_default
ACC-002654,SMB,2025-08-25,initial_default
ACC-002655,SMB,2023-03-16,initial_default
ACC-002656,SMB,2025-12-01,initial_default
ACC-002657,SMB,2020-02-15,initial_default
ACC-002658,SMB,2023-11-22,initial_default
ACC-002659,SMB,2025-10-22,initial_default
ACC-002660,SMB,2024-12-25,initial_default
ACC-002661,SMB,2025-10-11,initial_default
ACC-002662,SMB,2025-01-21,initial_default
ACC-002663,SMB,2025-01-13,initial_default
ACC-002664,SMB,2024-02-24,initial_default
ACC-002665,SMB,2025-05-09,initial_default
ACC-002665,Commercial,2025-12-01,usage_threshold
ACC-002666,SMB,2024-10-12,initial_default
ACC-002667,SMB,2025-04-23,initial_default
ACC-002668,SMB,2024-10-12,initial_default
ACC-002669,SMB,2023-01-27,initial_default
ACC-002670,SMB,2025-04-07,initial_default
ACC-002671,SMB,2025-07-08,initial_default
ACC-002672,SMB,2024-05-18,initial_default
ACC-002673,SMB,2025-02-09,initial_default
ACC-002674,SMB,2020-07-08,initial_default
ACC-002675,SMB,2023-12-14,initial_default
ACC-002676,SMB,2020-11-29,initial_default
ACC-002676,Commercial,2023-01-01,usage_threshold
ACC-002677,SMB,2025-12-02,initial_default
ACC-002678,SMB,2025-07-14,initial_default
ACC-002679,SMB,2024-11-06,initial_default
ACC-002680,SMB,2022-06-14,initial_default
ACC-002681,SMB,2025-01-28,initial_default
ACC-002682,SMB,2024-04-15,initial_default
ACC-002683,SMB,2024-12-27,initial_default
ACC-002684,SMB,2025-03-09,initial_default
ACC-002685,SMB,2022-02-12,initial_default
ACC-002686,SMB,2024-10-11,initial_default
ACC-002687,SMB,2020-06-03,initial_default
ACC-002688,SMB,2023-03-22,initial_default
ACC-002689,SMB,2025-10-14,initial_default
ACC-002690,SMB,2021-04-15,initial_default
ACC-002691,SMB,2025-04-14,initial_default
ACC-002692,SMB,2024-11-22,initial_default
ACC-002692,Commercial,2025-03-01,usage_threshold
ACC-002693,SMB,2025-09-27,initial_default
ACC-002694,SMB,2022-07-25,initial_default
ACC-002695,SMB,2020-10-07,initial_default
ACC-002696,SMB,2024-09-17,initial_default
ACC-002697,SMB,2020-03-24,initial_default
ACC-002698,SMB,2023-05-04,initial_default
ACC-002699,SMB,2024-07-06,initial_default
ACC-002700,SMB,2025-12-10,initial_default
ACC-002701,SMB,2023-02-05,initial_default
ACC-002702,SMB,2022-09-17,initial_default
ACC-002703,SMB,2024-07-06,initial_default
ACC-002704,SMB,2025-09-26,initial_default
ACC-002705,SMB,2025-09-19,initial_default
ACC-002706,SMB,2024-08-19,initial_default
ACC-002706,Commercial,2025-06-01,firmographic_rescore
ACC-002707,SMB,2024-06-11,initial_default
ACC-002708,SMB,2023-02-11,initial_default
ACC-002709,SMB,2025-09-09,initial_default
ACC-002710,SMB,2025-10-04,initial_default
ACC-002711,SMB,2023-04-11,initial_default
ACC-002712,SMB,2022-08-20,initial_default
ACC-002713,SMB,2025-04-04,initial_default
ACC-002714,SMB,2023-11-08,initial_default
ACC-002715,SMB,2024-09-17,initial_default
ACC-002716,SMB,2021-09-14,initial_default
ACC-002717,SMB,2024-10-22,initial_default
ACC-002717,Commercial,2025-01-01,firmographic_rescore
ACC-002718,SMB,2024-06-11,initial_default
ACC-002718,Commercial,2025-07-01,usage_threshold
ACC-002719,SMB,2025-04-24,initial_default
ACC-002720,SMB,2024-09-11,initial_default
ACC-002721,SMB,2025-01-06,initial_default
ACC-002722,SMB,2024-03-27,initial_default
ACC-002723,SMB,2024-01-18,initial_default
ACC-002724,SMB,2020-01-19,initial_default
ACC-002724,Commercial,2024-06-01,usage_threshold
ACC-002725,SMB,2023-12-14,initial_default
ACC-002726,SMB,2021-06-24,initial_default
ACC-002727,SMB,2023-06-01,initial_default
ACC-002728,SMB,2023-12-04,initial_default
ACC-002729,SMB,2025-12-20,initial_default
ACC-002730,SMB,2023-10-25,initial_default
ACC-002731,SMB,2024-07-04,initial_default
ACC-002732,SMB,2025-07-15,initial_default
ACC-002733,SMB,2024-12-25,initial_default
ACC-002734,SMB,2022-05-17,initial_default
ACC-002735,SMB,2023-05-14,initial_default
ACC-002736,SMB,2025-05-06,initial_default
ACC-002737,SMB,2025-06-25,initial_default
ACC-002737,Commercial,2025-09-01,usage_threshold
ACC-002738,SMB,2021-03-06,initial_default
ACC-002739,SMB,2025-05-23,initial_default
ACC-002740,SMB,2023-10-05,initial_default
ACC-002741,SMB,2023-10-28,initial_default
ACC-002742,SMB,2020-06-04,initial_default
ACC-002743,SMB,2023-09-06,initial_default
ACC-002744,SMB,2024-02-23,initial_default
ACC-002745,SMB,2024-02-04,initial_default
ACC-002746,SMB,2023-09-02,initial_default
ACC-002747,SMB,2021-12-24,initial_default
ACC-002748,SMB,2025-09-05,initial_default
ACC-002749,SMB,2024-12-06,initial_default
ACC-002750,SMB,2023-12-02,initial_default
ACC-002751,SMB,2025-12-17,initial_default
ACC-002752,SMB,2025-08-10,initial_default
ACC-002753,SMB,2024-03-07,initial_default
ACC-002754,SMB,2023-06-04,initial_default
ACC-002754,Commercial,2024-11-01,firmographic_rescore
ACC-002755,SMB,2021-08-11,initial_default
ACC-002756,SMB,2025-02-21,initial_default
ACC-002757,SMB,2025-01-06,initial_default
ACC-002758,SMB,2024-12-20,initial_default
ACC-002759,SMB,2024-09-01,initial_default
ACC-002760,SMB,2024-09-06,initial_default
ACC-002761,SMB,2025-07-15,initial_default
ACC-002761,Commercial,2025-09-01,usage_threshold
ACC-002762,SMB,2022-03-06,initial_default
ACC-002763,SMB,2024-11-08,initial_default
ACC-002764,SMB,2024-02-15,initial_default
ACC-002765,SMB,2025-07-04,initial_default
ACC-002766,SMB,2025-10-27,initial_default
ACC-002767,SMB,2024-04-09,initial_default
ACC-002768,SMB,2021-04-22,initial_default
ACC-002769,SMB,2020-09-28,initial_default
ACC-002770,SMB,2020-08-26,initial_default
ACC-002771,SMB,2023-08-15,initial_default
ACC-002772,SMB,2023-12-25,initial_default
ACC-002773,SMB,2022-09-25,initial_default
ACC-002774,SMB,2025-12-19,initial_default
ACC-002775,SMB,2025-05-11,initial_default
ACC-002776,SMB,2020-03-26,initial_default
ACC-002776,Commercial,2020-07-01,firmographic_rescore
ACC-002777,SMB,2021-11-25,initial_default
ACC-002778,SMB,2024-04-24,initial_default
ACC-002779,SMB,2020-03-29,initial_default
ACC-002780,SMB,2025-03-08,initial_default
ACC-002781,SMB,2024-09-24,initial_default
ACC-002782,SMB,2022-10-21,initial_default
ACC-002783,SMB,2025-05-16,initial_default
ACC-002784,SMB,2025-10-06,initial_default
ACC-002785,SMB,2025-06-13,initial_default
ACC-002785,Commercial,2025-10-01,usage_threshold
ACC-002786,SMB,2024-10-06,initial_default
ACC-002787,SMB,2023-11-06,initial_default
ACC-002788,SMB,2021-03-01,initial_default
ACC-002789,SMB,2023-11-20,initial_default
ACC-002790,SMB,2023-05-11,initial_default
ACC-002791,SMB,2025-01-12,initial_default
ACC-002791,Commercial,2025-06-01,usage_threshold
ACC-002792,SMB,2024-03-01,initial_default
ACC-002793,SMB,2023-02-16,initial_default
ACC-002794,SMB,2023-09-18,initial_default
ACC-002795,SMB,2024-05-11,initial_default
ACC-002796,SMB,2025-11-16,initial_default
ACC-002797,SMB,2020-08-29,initial_default
ACC-002798,SMB,2025-02-05,initial_default
ACC-002799,SMB,2024-01-26,initial_default
ACC-002800,SMB,2025-07-16,initial_default
ACC-002801,SMB,2023-01-14,initial_default
ACC-002802,SMB,2025-09-04,initial_default
ACC-002803,SMB,2025-05-09,initial_default
ACC-002804,SMB,2025-10-03,initial_default
ACC-002805,SMB,2024-01-09,initial_default
ACC-002806,SMB,2022-12-31,initial_default
ACC-002807,SMB,2024-12-27,initial_default
ACC-002808,SMB,2025-04-09,initial_default
ACC-002809,SMB,2025-03-24,initial_default
ACC-002810,SMB,2025-12-03,initial_default
ACC-002811,SMB,2022-12-03,initial_default
ACC-002812,SMB,2025-11-01,initial_default
ACC-002813,SMB,2024-12-10,initial_default
ACC-002814,SMB,2023-09-18,initial_default
ACC-002815,SMB,2020-12-24,initial_default
ACC-002815,Commercial,2024-10-01,usage_threshold
ACC-002816,SMB,2025-04-10,initial_default
ACC-002816,Commercial,2025-12-01,firmographic_rescore
ACC-002817,SMB,2023-10-02,initial_default
ACC-002818,SMB,2025-11-24,initial_default
ACC-002819,SMB,2024-09-20,initial_default
ACC-002820,SMB,2021-06-03,initial_default
ACC-002821,SMB,2024-06-17,initial_default
ACC-002822,SMB,2023-06-19,initial_default
ACC-002823,SMB,2020-12-21,initial_default
ACC-002824,SMB,2025-12-08,initial_default
ACC-002825,SMB,2025-10-28,initial_default
ACC-002826,SMB,2022-08-17,initial_default
ACC-002826,Commercial,2025-12-01,usage_threshold
ACC-002827,SMB,2024-07-28,initial_default
ACC-002828,SMB,2024-10-11,initial_default
ACC-002829,SMB,2023-12-27,initial_default
ACC-002829,Commercial,2025-03-01,usage_threshold
ACC-002830,SMB,2024-06-17,initial_default
ACC-002831,SMB,2025-09-08,initial_default
ACC-002832,SMB,2023-01-28,initial_default
ACC-002833,SMB,2024-10-03,initial_default
ACC-002833,Commercial,2025-04-01,firmographic_rescore
ACC-002833,Enterprise,2025-08-01,firmographic_rescore
ACC-002834,SMB,2024-04-03,initial_default
ACC-002835,SMB,2024-05-10,initial_default
ACC-002836,SMB,2025-05-19,initial_default
ACC-002837,SMB,2025-09-16,initial_default
ACC-002838,SMB,2023-11-01,initial_default
ACC-002839,SMB,2020-04-27,initial_default
ACC-002840,SMB,2024-10-08,initial_default
ACC-002841,SMB,2024-09-02,initial_default
ACC-002842,SMB,2023-04-04,initial_default
ACC-002842,Commercial,2024-07-01,usage_threshold
ACC-002843,SMB,2025-06-01,initial_default
ACC-002844,SMB,2023-12-25,initial_default
ACC-002845,SMB,2023-09-19,initial_default
ACC-002846,SMB,2023-07-13,initial_default
ACC-002847,SMB,2024-04-28,initial_default
ACC-002848,SMB,2024-10-20,initial_default
ACC-002849,SMB,2025-04-23,initial_default
ACC-002850,SMB,2024-05-17,initial_default
ACC-002851,SMB,2024-05-12,initial_default
ACC-002852,SMB,2021-08-23,initial_default
ACC-002853,SMB,2025-02-05,initial_default
ACC-002854,SMB,2025-02-28,initial_default
ACC-002854,Commercial,2025-08-01,firmographic_rescore
ACC-002855,SMB,2024-11-25,initial_default
ACC-002856,SMB,2020-03-04,initial_default
ACC-002857,SMB,2025-05-06,initial_default
ACC-002858,SMB,2023-11-10,initial_default
ACC-002859,SMB,2025-10-23,initial_default
ACC-002860,SMB,2025-11-06,initial_default
ACC-002861,SMB,2025-10-25,initial_default
ACC-002862,SMB,2024-05-11,initial_default
ACC-002862,Commercial,2024-07-01,firmographic_rescore
ACC-002863,SMB,2025-09-05,initial_default
ACC-002864,SMB,2025-12-28,initial_default
ACC-002865,SMB,2020-04-30,initial_default
ACC-002866,SMB,2025-08-24,initial_default
ACC-002867,SMB,2025-06-23,initial_default
ACC-002868,SMB,2024-09-04,initial_default
ACC-002868,Commercial,2025-08-01,usage_threshold
ACC-002869,SMB,2023-12-06,initial_default
ACC-002870,SMB,2025-11-20,initial_default
ACC-002871,SMB,2025-05-06,initial_default
ACC-002872,SMB,2021-04-26,initial_default
ACC-002873,SMB,2025-06-11,initial_default
ACC-002874,SMB,2025-04-03,initial_default
ACC-002874,Commercial,2025-10-01,usage_threshold
ACC-002875,SMB,2025-06-15,initial_default
ACC-002876,SMB,2023-08-15,initial_default
ACC-002877,SMB,2025-10-04,initial_default
ACC-002878,SMB,2024-05-09,initial_default
ACC-002879,SMB,2025-07-09,initial_default
ACC-002880,SMB,2025-07-25,initial_default
ACC-002881,SMB,2025-04-17,initial_default
ACC-002882,SMB,2025-12-10,initial_default
ACC-002883,SMB,2025-10-22,initial_default
ACC-002884,SMB,2025-01-09,initial_default
ACC-002885,SMB,2024-10-06,initial_default
ACC-002886,SMB,2025-11-19,initial_default
ACC-002887,SMB,2023-08-04,initial_default
ACC-002888,SMB,2024-05-12,initial_default
ACC-002889,SMB,2022-12-10,initial_default
ACC-002890,SMB,2021-11-02,initial_default
ACC-002891,SMB,2023-04-28,initial_default
ACC-002892,SMB,2021-11-04,initial_default
ACC-002892,Commercial,2024-05-01,firmographic_rescore
ACC-002893,SMB,2024-03-01,initial_default
ACC-002894,SMB,2025-10-14,initial_default
ACC-002895,SMB,2025-11-14,initial_default
ACC-002896,SMB,2023-02-10,initial_default
ACC-002897,SMB,2025-07-06,initial_default
ACC-002898,SMB,2025-12-08,initial_default
ACC-002899,SMB,2025-10-20,initial_default
ACC-002900,SMB,2020-07-06,initial_default
ACC-002901,SMB,2020-12-18,initial_default
ACC-002902,SMB,2021-02-16,initial_default
ACC-002903,SMB,2024-10-07,initial_default
ACC-002904,SMB,2025-01-08,initial_default
ACC-002905,SMB,2024-12-02,initial_default
ACC-002905,Commercial,2025-07-01,firmographic_rescore
ACC-002906,SMB,2024-11-26,initial_default
ACC-002907,SMB,2023-11-20,initial_default
ACC-002908,SMB,2023-03-04,initial_default
ACC-002909,SMB,2020-01-24,initial_default
ACC-002910,SMB,2023-04-15,initial_default
ACC-002911,SMB,2021-08-16,initial_default
ACC-002912,SMB,2024-11-09,initial_default
ACC-002913,SMB,2024-05-08,initial_default
ACC-002913,Commercial,2025-05-01,usage_threshold
ACC-002914,SMB,2025-09-26,initial_default
ACC-002915,SMB,2023-10-25,initial_default
ACC-002916,SMB,2025-06-01,initial_default
ACC-002917,SMB,2024-08-21,initial_default
ACC-002918,SMB,2025-10-15,initial_default
ACC-002919,SMB,2025-03-23,initial_default
ACC-002920,SMB,2024-05-11,initial_default
ACC-002921,SMB,2023-03-27,initial_default
ACC-002921,Commercial,2024-09-01,usage_threshold
ACC-002922,SMB,2025-06-19,initial_default
ACC-002922,Commercial,2025-11-01,firmographic_rescore
ACC-002923,SMB,2025-07-11,initial_default
ACC-002924,SMB,2024-12-11,initial_default
ACC-002925,SMB,2025-08-02,initial_default
ACC-002926,SMB,2022-10-01,initial_default
ACC-002926,Commercial,2023-04-01,usage_threshold
ACC-002927,SMB,2024-06-07,initial_default
ACC-002928,SMB,2024-04-26,initial_default
ACC-002928,Commercial,2025-09-01,firmographic_rescore
ACC-002929,SMB,2025-02-26,initial_default
ACC-002930,SMB,2025-02-03,initial_default
ACC-002930,Commercial,2025-09-01,firmographic_rescore
ACC-002931,SMB,2020-02-24,initial_default
ACC-002932,SMB,2025-08-22,initial_default
ACC-002933,SMB,2025-10-12,initial_default
ACC-002934,SMB,2024-02-26,initial_default
ACC-002935,SMB,2022-10-14,initial_default
ACC-002936,SMB,2025-08-04,initial_default
ACC-002937,SMB,2021-12-25,initial_default
ACC-002938,SMB,2020-01-25,initial_default
ACC-002939,SMB,2024-08-26,initial_default
ACC-002939,Commercial,2025-02-01,usage_threshold
ACC-002940,SMB,2024-10-09,initial_default
ACC-002941,SMB,2022-02-18,initial_default
ACC-002942,SMB,2025-08-23,initial_default
ACC-002943,SMB,2024-06-22,initial_default
ACC-002944,SMB,2021-12-21,initial_default
ACC-002944,Commercial,2022-07-01,usage_threshold
ACC-002945,SMB,2023-09-02,initial_default
ACC-002946,SMB,2024-01-05,initial_default
ACC-002947,SMB,2025-06-08,initial_default
ACC-002947,Commercial,2025-10-01,usage_threshold
ACC-002948,SMB,2024-10-23,initial_default
ACC-002948,Commercial,2025-06-01,usage_threshold
ACC-002949,SMB,2024-10-22,initial_default
ACC-002950,SMB,2025-11-24,initial_default
ACC-002951,SMB,2025-09-05,initial_default
ACC-002952,SMB,2024-01-20,initial_default
ACC-002953,SMB,2023-04-04,initial_default
ACC-002954,SMB,2020-02-08,initial_default
ACC-002955,SMB,2024-02-11,initial_default
ACC-002956,SMB,2025-01-12,initial_default
ACC-002957,SMB,2025-01-15,initial_default
ACC-002958,SMB,2024-06-01,initial_default
ACC-002959,SMB,2025-03-18,initial_default
ACC-002960,SMB,2022-01-04,initial_default
ACC-002960,Commercial,2023-05-01,usage_threshold
ACC-002961,SMB,2020-11-07,initial_default
ACC-002961,Commercial,2024-12-01,firmographic_rescore
ACC-002962,SMB,2024-05-16,initial_default
ACC-002963,SMB,2025-04-28,initial_default
ACC-002963,Commercial,2025-12-01,usage_threshold
ACC-002964,SMB,2024-11-01,initial_default
ACC-002964,Commercial,2025-03-01,firmographic_rescore
ACC-002965,SMB,2024-03-18,initial_default
ACC-002966,SMB,2023-11-20,initial_default
ACC-002966,Commercial,2024-08-01,firmographic_rescore
ACC-002967,SMB,2024-01-12,initial_default
ACC-002968,SMB,2025-06-17,initial_default
ACC-002968,Commercial,2025-12-01,usage_threshold
ACC-002969,SMB,2025-12-04,initial_default
ACC-002970,SMB,2025-05-28,initial_default
ACC-002970,Commercial,2025-10-01,usage_threshold
ACC-002971,SMB,2023-10-11,initial_default
ACC-002972,SMB,2024-04-10,initial_default
ACC-002973,SMB,2021-03-27,initial_default
ACC-002974,SMB,2025-02-21,initial_default
ACC-002975,SMB,2022-06-24,initial_default
ACC-002976,SMB,2025-06-17,initial_default
ACC-002977,SMB,2025-05-13,initial_default
ACC-002978,SMB,2024-12-06,initial_default
ACC-002979,SMB,2021-02-07,initial_default
ACC-002980,SMB,2023-06-23,initial_default
ACC-002981,SMB,2023-09-25,initial_default
ACC-002982,SMB,2025-10-03,initial_default
ACC-002983,SMB,2024-07-19,initial_default
ACC-002984,SMB,2025-06-24,initial_default
ACC-002985,SMB,2023-08-26,initial_default
ACC-002986,SMB,2025-02-01,initial_default
ACC-002987,SMB,2022-09-23,initial_default
ACC-002988,SMB,2022-05-07,initial_default
ACC-002989,SMB,2024-09-20,initial_default
ACC-002990,SMB,2025-07-18,initial_default
ACC-002990,Commercial,2025-11-01,firmographic_rescore
ACC-002991,SMB,2023-11-13,initial_default
ACC-002992,SMB,2022-04-07,initial_default
ACC-002993,SMB,2024-11-25,initial_default
ACC-002994,SMB,2025-12-28,initial_default
ACC-002995,SMB,2024-02-08,initial_default
ACC-002996,SMB,2025-03-04,initial_default
ACC-002997,SMB,2025-04-09,initial_default
ACC-002998,SMB,2025-06-22,initial_default
ACC-002999,SMB,2024-07-02,initial_default
ACC-003000,SMB,2022-12-21,initial_default
ACC-003000,Commercial,2025-06-01,usage_threshold
ACC-003001,SMB,2025-07-08,initial_default
ACC-003002,SMB,2025-08-14,initial_default
ACC-003003,SMB,2024-02-03,initial_default
ACC-003004,SMB,2025-10-04,initial_default
ACC-003005,SMB,2023-02-01,initial_default
ACC-003006,SMB,2025-10-17,initial_default
ACC-003007,SMB,2025-07-04,initial_default
ACC-003008,SMB,2025-12-03,initial_default
ACC-003009,SMB,2020-06-02,initial_default
ACC-003010,SMB,2024-11-21,initial_default
ACC-003011,SMB,2025-09-14,initial_default
ACC-003012,SMB,2025-07-16,initial_default
ACC-003013,SMB,2025-05-24,initial_default
ACC-003014,SMB,2024-02-01,initial_default
ACC-003015,SMB,2025-01-07,initial_default
ACC-003016,SMB,2025-04-28,initial_default
ACC-003017,SMB,2021-02-22,initial_default
ACC-003017,Commercial,2022-02-01,usage_threshold
ACC-003018,SMB,2023-11-06,initial_default
ACC-003018,Commercial,2025-10-01,usage_threshold
ACC-003019,SMB,2022-07-31,initial_default
ACC-003020,SMB,2025-02-17,initial_default
ACC-003020,Commercial,2025-07-01,usage_threshold
ACC-003021,SMB,2023-01-16,initial_default
ACC-003022,SMB,2024-08-01,initial_default
ACC-003022,Commercial,2025-05-01,usage_threshold
ACC-003023,SMB,2025-05-28,initial_default
ACC-003024,SMB,2024-12-24,initial_default
ACC-003025,SMB,2024-11-27,initial_default
ACC-003026,SMB,2025-04-19,initial_default
ACC-003026,Commercial,2025-11-01,firmographic_rescore
ACC-003027,SMB,2025-09-07,initial_default
ACC-003028,SMB,2025-08-09,initial_default
ACC-003029,SMB,2025-03-20,initial_default
ACC-003030,SMB,2025-01-09,initial_default
ACC-003031,SMB,2024-11-07,initial_default
ACC-003032,SMB,2020-08-02,initial_default
ACC-003033,SMB,2024-06-19,initial_default
ACC-003034,SMB,2021-09-30,initial_default
ACC-003035,SMB,2024-06-10,initial_default
ACC-003036,SMB,2024-10-25,initial_default
ACC-003037,SMB,2024-08-01,initial_default
ACC-003038,SMB,2022-04-21,initial_default
ACC-003039,SMB,2022-07-19,initial_default
ACC-003040,SMB,2024-04-13,initial_default
ACC-003040,Commercial,2025-10-01,usage_threshold
ACC-003041,SMB,2024-04-02,initial_default
ACC-003041,Commercial,2025-09-01,usage_threshold
ACC-003042,SMB,2023-08-27,initial_default
ACC-003043,SMB,2024-10-28,initial_default
ACC-003044,SMB,2024-10-16,initial_default
ACC-003045,SMB,2024-12-12,initial_default
ACC-003046,SMB,2023-08-01,initial_default
ACC-003047,SMB,2025-03-13,initial_default
ACC-003048,SMB,2024-09-17,initial_default
ACC-003049,SMB,2023-12-11,initial_default
ACC-003050,SMB,2023-03-04,initial_default
ACC-003051,SMB,2021-10-08,initial_default
ACC-003051,Commercial,2025-05-01,firmographic_rescore
ACC-003052,SMB,2024-11-06,initial_default
ACC-003053,SMB,2024-07-15,initial_default
ACC-003054,SMB,2025-02-12,initial_default
ACC-003055,SMB,2022-08-25,initial_default
ACC-003056,SMB,2025-09-10,initial_default
ACC-003057,SMB,2025-04-25,initial_default
ACC-003058,SMB,2023-03-23,initial_default
ACC-003059,SMB,2025-10-13,initial_default
ACC-003060,SMB,2024-07-14,initial_default
ACC-003061,SMB,2020-06-21,initial_default
ACC-003062,SMB,2024-11-17,initial_default
ACC-003063,SMB,2023-11-04,initial_default
ACC-003064,SMB,2025-09-21,initial_default
ACC-003065,SMB,2022-10-14,initial_default
ACC-003066,SMB,2020-09-19,initial_default
ACC-003067,SMB,2022-08-31,initial_default
ACC-003068,SMB,2024-01-28,initial_default
ACC-003069,SMB,2023-10-17,initial_default
ACC-003070,SMB,2024-12-06,initial_default
ACC-003071,SMB,2023-10-22,initial_default
ACC-003072,SMB,2024-04-12,initial_default
ACC-003073,SMB,2023-08-11,initial_default
ACC-003074,SMB,2025-10-17,initial_default
ACC-003075,SMB,2024-10-12,initial_default
ACC-003076,SMB,2025-06-16,initial_default
ACC-003077,SMB,2024-11-18,initial_default
ACC-003078,SMB,2022-09-17,initial_default
ACC-003078,Commercial,2023-10-01,usage_threshold
ACC-003079,SMB,2025-10-17,initial_default
ACC-003080,SMB,2022-11-30,initial_default
ACC-003081,SMB,2024-02-24,initial_default
ACC-003082,SMB,2023-05-10,initial_default
ACC-003083,SMB,2025-12-27,initial_default
ACC-003084,SMB,2025-02-04,initial_default
ACC-003085,SMB,2025-06-22,initial_default
ACC-003086,SMB,2023-09-03,initial_default
ACC-003087,SMB,2024-11-03,initial_default
ACC-003088,SMB,2022-03-21,initial_default
ACC-003089,SMB,2024-10-07,initial_default
ACC-003090,SMB,2020-03-03,initial_default
ACC-003091,SMB,2025-11-09,initial_default
ACC-003092,SMB,2023-01-25,initial_default
ACC-003093,SMB,2024-05-06,initial_default
ACC-003094,SMB,2024-06-05,initial_default
ACC-003094,Commercial,2025-06-01,usage_threshold
ACC-003095,SMB,2021-02-10,initial_default
ACC-003096,SMB,2023-11-20,initial_default
ACC-003097,SMB,2021-06-28,initial_default
ACC-003098,SMB,2020-03-17,initial_default
ACC-003099,SMB,2024-12-10,initial_default
ACC-003099,Commercial,2025-12-01,firmographic_rescore
ACC-003100,SMB,2025-10-06,initial_default
ACC-003101,SMB,2025-02-10,initial_default
ACC-003102,SMB,2025-05-08,initial_default
ACC-003103,SMB,2025-05-04,initial_default
ACC-003104,SMB,2025-12-02,initial_default
ACC-003105,SMB,2025-10-16,initial_default
ACC-003106,SMB,2024-09-02,initial_default
ACC-003107,SMB,2025-10-16,initial_default
ACC-003108,SMB,2025-06-26,initial_default
ACC-003109,SMB,2024-03-28,initial_default
ACC-003110,SMB,2025-11-10,initial_default
ACC-003111,SMB,2024-01-13,initial_default
ACC-003112,SMB,2025-03-07,initial_default
ACC-003113,SMB,2021-11-02,initial_default
ACC-003114,SMB,2024-04-25,initial_default
ACC-003115,SMB,2024-04-21,initial_default
ACC-003115,Commercial,2024-12-01,usage_threshold
ACC-003116,SMB,2025-01-06,initial_default
ACC-003117,SMB,2025-07-24,initial_default
ACC-003118,SMB,2025-11-09,initial_default
ACC-003119,SMB,2025-05-16,initial_default
ACC-003120,SMB,2023-03-09,initial_default
ACC-003121,SMB,2025-07-23,initial_default
ACC-003122,SMB,2023-12-18,initial_default
ACC-003123,SMB,2025-08-14,initial_default
ACC-003124,SMB,2022-08-25,initial_default
ACC-003125,SMB,2024-12-11,initial_default
ACC-003125,Commercial,2025-08-01,usage_threshold
ACC-003126,SMB,2025-06-07,initial_default
ACC-003127,SMB,2024-05-19,initial_default
ACC-003128,SMB,2025-09-09,initial_default
ACC-003129,SMB,2024-10-03,initial_default
ACC-003130,SMB,2020-08-03,initial_default
ACC-003131,SMB,2023-07-10,initial_default
ACC-003132,SMB,2024-02-26,initial_default
ACC-003133,SMB,2025-04-24,initial_default
ACC-003134,SMB,2025-03-27,initial_default
ACC-003135,SMB,2020-07-18,initial_default
ACC-003136,SMB,2020-11-06,initial_default
ACC-003137,SMB,2022-06-25,initial_default
ACC-003138,SMB,2024-06-08,initial_default
ACC-003139,SMB,2020-05-12,initial_default
ACC-003140,SMB,2025-02-15,initial_default
ACC-003141,SMB,2023-09-09,initial_default
ACC-003141,Commercial,2025-09-01,usage_threshold
ACC-003142,SMB,2025-07-24,initial_default
ACC-003143,SMB,2024-07-01,initial_default
ACC-003144,SMB,2021-02-12,initial_default
ACC-003145,SMB,2021-12-22,initial_default
ACC-003146,SMB,2024-02-28,initial_default
ACC-003147,SMB,2024-08-03,initial_default
ACC-003148,SMB,2025-01-14,initial_default
ACC-003149,SMB,2022-04-27,initial_default
ACC-003150,SMB,2025-10-17,initial_default
ACC-003151,SMB,2024-12-04,initial_default
ACC-003152,SMB,2024-06-15,initial_default
ACC-003152,Commercial,2024-11-01,usage_threshold
ACC-003153,SMB,2024-11-24,initial_default
ACC-003154,SMB,2025-10-01,initial_default
ACC-003155,SMB,2023-11-23,initial_default
ACC-003156,SMB,2025-09-13,initial_default
ACC-003157,SMB,2024-03-04,initial_default
ACC-003158,SMB,2023-09-25,initial_default
ACC-003159,SMB,2024-04-06,initial_default
ACC-003160,SMB,2024-05-18,initial_default
ACC-003161,SMB,2025-07-03,initial_default
ACC-003162,SMB,2024-07-19,initial_default
ACC-003163,SMB,2022-11-12,initial_default
ACC-003163,Commercial,2023-11-01,usage_threshold
ACC-003164,SMB,2024-12-12,initial_default
ACC-003165,SMB,2025-06-12,initial_default
ACC-003166,SMB,2023-12-27,initial_default
ACC-003167,SMB,2024-02-04,initial_default
ACC-003168,SMB,2024-05-14,initial_default
ACC-003169,SMB,2023-11-15,initial_default
ACC-003170,SMB,2023-11-15,initial_default
ACC-003171,SMB,2024-11-05,initial_default
ACC-003172,SMB,2025-03-25,initial_default
ACC-003172,Commercial,2025-07-01,usage_threshold
ACC-003173,SMB,2020-02-12,initial_default
ACC-003174,SMB,2024-06-25,initial_default
ACC-003174,Commercial,2024-08-01,usage_threshold
ACC-003175,SMB,2024-10-01,initial_default
ACC-003176,SMB,2021-04-15,initial_default
ACC-003177,SMB,2023-01-06,initial_default
ACC-003177,Commercial,2025-06-01,firmographic_rescore
ACC-003178,SMB,2020-09-16,initial_default
ACC-003178,Commercial,2025-12-01,usage_threshold
ACC-003179,SMB,2024-01-16,initial_default
ACC-003179,Commercial,2024-09-01,usage_threshold
ACC-003180,SMB,2025-06-03,initial_default
ACC-003181,SMB,2025-11-22,initial_default
ACC-003182,SMB,2021-11-23,initial_default
ACC-003183,SMB,2024-10-08,initial_default
ACC-003184,SMB,2025-01-08,initial_default
ACC-003185,SMB,2023-08-03,initial_default
ACC-003186,SMB,2023-12-15,initial_default
ACC-003186,Commercial,2025-08-01,usage_threshold
ACC-003186,Enterprise,2025-12-01,firmographic_rescore
ACC-003187,SMB,2024-10-08,initial_default
ACC-003188,SMB,2022-05-31,initial_default
ACC-003189,SMB,2022-03-23,initial_default
ACC-003190,SMB,2023-05-26,initial_default
ACC-003191,SMB,2025-09-22,initial_default
ACC-003192,SMB,2025-05-18,initial_default
ACC-003193,SMB,2023-07-08,initial_default
ACC-003194,SMB,2024-09-28,initial_default
ACC-003195,SMB,2024-03-16,initial_default
ACC-003196,SMB,2023-04-28,initial_default
ACC-003197,SMB,2022-03-30,initial_default
ACC-003198,SMB,2024-09-20,initial_default
ACC-003198,Commercial,2025-12-01,usage_threshold
ACC-003199,SMB,2023-03-26,initial_default
ACC-003200,SMB,2023-12-07,initial_default
ACC-003200,Commercial,2025-08-01,firmographic_rescore
ACC-003201,SMB,2024-09-11,initial_default
ACC-003202,SMB,2024-10-25,initial_default
ACC-003202,Commercial,2025-01-01,firmographic_rescore
ACC-003203,SMB,2024-11-22,initial_default
ACC-003204,SMB,2023-04-27,initial_default
ACC-003205,SMB,2025-02-10,initial_default
ACC-003206,SMB,2023-06-04,initial_default
ACC-003206,Commercial,2025-04-01,usage_threshold
ACC-003207,SMB,2025-04-25,initial_default
ACC-003208,SMB,2025-01-27,initial_default
ACC-003209,SMB,2025-06-04,initial_default
ACC-003210,SMB,2023-08-12,initial_default
ACC-003210,Commercial,2024-01-01,firmographic_rescore
ACC-003211,SMB,2023-12-15,initial_default
ACC-003212,SMB,2020-01-27,initial_default
ACC-003213,SMB,2025-05-04,initial_default
ACC-003214,SMB,2024-03-14,initial_default
ACC-003215,SMB,2021-05-05,initial_default
ACC-003216,SMB,2021-02-03,initial_default
ACC-003217,SMB,2024-04-02,initial_default
ACC-003218,SMB,2023-04-24,initial_default
ACC-003218,Commercial,2025-08-01,firmographic_rescore
ACC-003218,Enterprise,2025-11-01,firmographic_rescore
ACC-003219,SMB,2024-06-14,initial_default
ACC-003220,SMB,2023-06-20,initial_default
ACC-003221,SMB,2025-01-10,initial_default
ACC-003222,SMB,2022-03-18,initial_default
ACC-003223,SMB,2024-02-10,initial_default
ACC-003224,SMB,2023-01-27,initial_default
ACC-003225,SMB,2021-02-25,initial_default
ACC-003226,SMB,2025-05-12,initial_default
ACC-003227,SMB,2024-12-04,initial_default
ACC-003228,SMB,2024-03-05,initial_default
ACC-003229,SMB,2024-03-13,initial_default
ACC-003230,SMB,2021-03-22,initial_default
ACC-003231,SMB,2025-12-10,initial_default
ACC-003232,SMB,2024-12-21,initial_default
ACC-003233,SMB,2020-06-21,initial_default
ACC-003234,SMB,2024-08-04,initial_default
ACC-003235,SMB,2025-04-10,initial_default
ACC-003236,SMB,2021-05-14,initial_default
ACC-003236,Commercial,2021-09-01,usage_threshold
ACC-003236,Enterprise,2024-12-01,firmographic_rescore
ACC-003237,SMB,2024-10-12,initial_default
ACC-003238,SMB,2024-02-11,initial_default
ACC-003239,SMB,2025-08-08,initial_default
ACC-003240,SMB,2025-02-26,initial_default
ACC-003240,Commercial,2025-08-01,usage_threshold
ACC-003241,SMB,2025-07-02,initial_default
ACC-003242,SMB,2024-03-19,initial_default
ACC-003243,SMB,2024-11-11,initial_default
ACC-003244,SMB,2025-04-19,initial_default
ACC-003245,SMB,2024-07-28,initial_default
ACC-003246,SMB,2024-12-11,initial_default
ACC-003247,SMB,2025-09-14,initial_default
ACC-003248,SMB,2025-02-27,initial_default
ACC-003249,SMB,2025-07-28,initial_default
ACC-003250,SMB,2025-07-28,initial_default
ACC-003251,SMB,2024-12-18,initial_default
ACC-003252,SMB,2025-10-02,initial_default
ACC-003253,SMB,2023-02-18,initial_default
ACC-003254,SMB,2024-12-28,initial_default
ACC-003255,SMB,2020-08-20,initial_default
ACC-003256,SMB,2023-01-26,initial_default
ACC-003256,Commercial,2024-07-01,firmographic_rescore
ACC-003257,SMB,2023-12-19,initial_default
ACC-003258,SMB,2025-12-09,initial_default
ACC-003259,SMB,2025-12-11,initial_default
ACC-003260,SMB,2023-05-09,initial_default
ACC-003261,SMB,2022-04-05,initial_default
ACC-003262,SMB,2023-05-28,initial_default
ACC-003263,SMB,2025-07-27,initial_default
ACC-003263,Commercial,2025-09-01,usage_threshold
ACC-003264,SMB,2025-12-07,initial_default
ACC-003265,SMB,2023-04-14,initial_default
ACC-003266,SMB,2024-11-12,initial_default
ACC-003266,Commercial,2025-04-01,usage_threshold
ACC-003267,SMB,2023-11-02,initial_default
ACC-003267,Commercial,2025-11-01,usage_threshold
ACC-003268,SMB,2025-04-08,initial_default
ACC-003269,SMB,2024-10-27,initial_default
ACC-003269,Commercial,2025-03-01,usage_threshold
ACC-003270,SMB,2023-03-02,initial_default
ACC-003271,SMB,2024-07-11,initial_default
ACC-003272,SMB,2023-12-08,initial_default
ACC-003273,SMB,2022-12-17,initial_default
ACC-003274,SMB,2024-05-21,initial_default
ACC-003275,SMB,2021-12-05,initial_default
ACC-003276,SMB,2024-04-22,initial_default
ACC-003277,SMB,2022-03-13,initial_default
ACC-003278,SMB,2025-06-27,initial_default
ACC-003279,SMB,2022-12-12,initial_default
ACC-003280,SMB,2023-11-19,initial_default
ACC-003281,SMB,2024-02-12,initial_default
ACC-003282,SMB,2025-02-13,initial_default
ACC-003283,SMB,2025-06-26,initial_default
ACC-003284,SMB,2023-05-08,initial_default
ACC-003285,SMB,2025-03-19,initial_default
ACC-003286,SMB,2024-06-09,initial_default
ACC-003286,Commercial,2025-12-01,usage_threshold
ACC-003287,SMB,2024-09-14,initial_default
ACC-003288,SMB,2021-10-03,initial_default
ACC-003289,SMB,2021-03-10,initial_default
ACC-003290,SMB,2022-08-11,initial_default
ACC-003291,SMB,2020-10-22,initial_default
ACC-003292,SMB,2022-11-13,initial_default
ACC-003293,SMB,2023-02-10,initial_default
ACC-003293,Commercial,2023-04-01,firmographic_rescore
ACC-003294,SMB,2025-09-11,initial_default
ACC-003295,SMB,2024-09-24,initial_default
ACC-003296,SMB,2020-08-01,initial_default
ACC-003297,SMB,2025-04-09,initial_default
ACC-003298,SMB,2025-12-25,initial_default
ACC-003299,SMB,2024-11-09,initial_default
ACC-003300,SMB,2024-07-03,initial_default
ACC-003301,SMB,2023-12-08,initial_default
ACC-003301,Commercial,2025-08-01,firmographic_rescore
ACC-003302,SMB,2025-12-27,initial_default
ACC-003303,SMB,2023-10-04,initial_default
ACC-003304,SMB,2023-10-08,initial_default
ACC-003305,SMB,2025-11-22,initial_default
ACC-003306,SMB,2025-02-22,initial_default
ACC-003307,SMB,2025-08-25,initial_default
ACC-003308,SMB,2025-06-14,initial_default
ACC-003309,SMB,2025-01-18,initial_default
ACC-003310,SMB,2020-07-16,initial_default
ACC-003311,SMB,2023-12-15,initial_default
ACC-003312,SMB,2021-09-30,initial_default
ACC-003313,SMB,2024-09-26,initial_default
ACC-003314,SMB,2025-02-06,initial_default
ACC-003315,SMB,2023-08-02,initial_default
ACC-003316,SMB,2024-03-08,initial_default
ACC-003317,SMB,2023-03-04,initial_default
ACC-003318,SMB,2025-12-18,initial_default
ACC-003319,SMB,2024-12-16,initial_default
ACC-003319,Commercial,2025-04-01,usage_threshold
ACC-003320,SMB,2023-05-09,initial_default
ACC-003321,SMB,2024-11-06,initial_default
ACC-003322,SMB,2020-11-21,initial_default
ACC-003322,Commercial,2024-09-01,firmographic_rescore
ACC-003323,SMB,2025-10-08,initial_default
ACC-003324,SMB,2024-05-25,initial_default
ACC-003325,SMB,2024-07-09,initial_default
ACC-003326,SMB,2022-11-14,initial_default
ACC-003327,SMB,2023-07-17,initial_default
ACC-003328,SMB,2024-10-17,initial_default
ACC-003329,SMB,2025-09-08,initial_default
ACC-003330,SMB,2024-09-12,initial_default
ACC-003331,SMB,2024-02-02,initial_default
ACC-003332,SMB,2024-11-16,initial_default
ACC-003333,SMB,2025-04-04,initial_default
ACC-003334,SMB,2025-08-04,initial_default
ACC-003335,SMB,2025-04-06,initial_default
ACC-003335,Commercial,2025-06-01,firmographic_rescore
ACC-003336,SMB,2024-10-24,initial_default
ACC-003337,SMB,2021-07-30,initial_default
ACC-003338,SMB,2025-12-27,initial_default
ACC-003339,SMB,2025-08-12,initial_default
ACC-003340,SMB,2025-07-21,initial_default
ACC-003341,SMB,2025-07-27,initial_default
ACC-003342,SMB,2025-07-24,initial_default
ACC-003343,SMB,2025-05-11,initial_default
ACC-003344,SMB,2020-05-07,initial_default
ACC-003345,SMB,2024-04-16,initial_default
ACC-003346,SMB,2023-02-24,initial_default
ACC-003347,SMB,2025-09-04,initial_default
ACC-003348,SMB,2025-01-01,initial_default
ACC-003349,SMB,2023-02-05,initial_default
ACC-003350,SMB,2024-11-25,initial_default
ACC-003351,SMB,2025-09-01,initial_default
ACC-003352,SMB,2023-05-26,initial_default
ACC-003353,SMB,2021-05-06,initial_default
ACC-003354,SMB,2025-01-27,initial_default
ACC-003354,Commercial,2025-08-01,firmographic_rescore
ACC-003355,SMB,2021-09-19,initial_default
ACC-003356,SMB,2025-10-09,initial_default
ACC-003357,SMB,2025-01-18,initial_default
ACC-003358,SMB,2025-05-12,initial_default
ACC-003359,SMB,2022-02-18,initial_default
ACC-003360,SMB,2023-06-08,initial_default
ACC-003361,SMB,2024-02-12,initial_default
ACC-003362,SMB,2025-10-04,initial_default
ACC-003363,SMB,2020-08-21,initial_default
ACC-003363,Commercial,2023-05-01,firmographic_rescore
ACC-003364,SMB,2023-01-06,initial_default
ACC-003365,SMB,2023-02-03,initial_default
ACC-003365,Commercial,2025-02-01,usage_threshold
ACC-003366,SMB,2020-12-28,initial_default
ACC-003367,SMB,2024-02-10,initial_default
ACC-003368,SMB,2025-07-20,initial_default
ACC-003369,SMB,2025-07-12,initial_default
ACC-003370,SMB,2024-12-02,initial_default
ACC-003371,SMB,2024-11-27,initial_default
ACC-003371,Commercial,2025-03-01,usage_threshold
ACC-003372,SMB,2020-03-27,initial_default
ACC-003372,Commercial,2025-11-01,usage_threshold
ACC-003373,SMB,2023-11-28,initial_default
ACC-003374,SMB,2025-11-06,initial_default
ACC-003375,SMB,2024-11-15,initial_default
ACC-003376,SMB,2025-12-22,initial_default
ACC-003377,SMB,2020-05-28,initial_default
ACC-003378,SMB,2023-12-24,initial_default
ACC-003379,SMB,2023-10-02,initial_default
ACC-003379,Commercial,2024-02-01,usage_threshold
ACC-003380,SMB,2023-11-25,initial_default
ACC-003381,SMB,2024-12-28,initial_default
ACC-003382,SMB,2025-07-01,initial_default
ACC-003383,SMB,2021-09-18,initial_default
ACC-003384,SMB,2024-12-17,initial_default
ACC-003385,SMB,2020-12-27,initial_default
ACC-003386,SMB,2024-12-09,initial_default
ACC-003387,SMB,2024-12-27,initial_default
ACC-003388,SMB,2024-04-24,initial_default
ACC-003389,SMB,2022-04-14,initial_default
ACC-003390,SMB,2025-04-25,initial_default
ACC-003391,SMB,2025-05-11,initial_default
ACC-003392,SMB,2025-11-09,initial_default
ACC-003393,SMB,2024-06-24,initial_default
ACC-003394,SMB,2023-07-16,initial_default
ACC-003394,Commercial,2025-07-01,firmographic_rescore
ACC-003395,SMB,2021-05-01,initial_default
ACC-003396,SMB,2024-08-22,initial_default
ACC-003397,SMB,2025-12-22,initial_default
ACC-003398,SMB,2025-05-10,initial_default
ACC-003399,SMB,2024-05-26,initial_default
ACC-003400,SMB,2020-04-30,initial_default
ACC-003401,SMB,2024-10-12,initial_default
ACC-003402,SMB,2025-04-27,initial_default
ACC-003403,SMB,2021-10-30,initial_default
ACC-003404,SMB,2023-05-08,initial_default
ACC-003405,SMB,2025-02-16,initial_default
ACC-003405,Commercial,2025-09-01,usage_threshold
ACC-003406,SMB,2025-10-12,initial_default
ACC-003407,SMB,2025-08-26,initial_default
ACC-003408,SMB,2023-11-21,initial_default
ACC-003409,SMB,2023-05-22,initial_default
ACC-003410,SMB,2024-07-21,initial_default
ACC-003410,Commercial,2024-09-01,usage_threshold
ACC-003411,SMB,2025-10-07,initial_default
ACC-003412,SMB,2023-03-19,initial_default
ACC-003413,SMB,2025-02-25,initial_default
ACC-003414,SMB,2020-09-15,initial_default
ACC-003415,SMB,2021-02-19,initial_default
ACC-003416,SMB,2025-11-26,initial_default
ACC-003417,SMB,2025-02-01,initial_default
ACC-003418,SMB,2023-05-26,initial_default
ACC-003419,SMB,2020-06-10,initial_default
ACC-003420,SMB,2024-02-06,initial_default
ACC-003421,SMB,2022-03-10,initial_default
ACC-003422,SMB,2023-06-18,initial_default
ACC-003423,SMB,2023-03-27,initial_default
ACC-003424,SMB,2024-05-26,initial_default
ACC-003424,Commercial,2025-08-01,usage_threshold
ACC-003424,Enterprise,2025-12-01,firmographic_rescore
ACC-003425,SMB,2020-02-12,initial_default
ACC-003426,SMB,2023-05-01,initial_default
ACC-003427,SMB,2022-01-17,initial_default
ACC-003427,Commercial,2023-09-01,usage_threshold
ACC-003428,SMB,2020-03-20,initial_default
ACC-003428,Commercial,2022-01-01,firmographic_rescore
ACC-003429,SMB,2025-08-19,initial_default
ACC-003430,SMB,2023-11-28,initial_default
ACC-003431,SMB,2025-01-07,initial_default
ACC-003432,SMB,2025-09-22,initial_default
ACC-003433,SMB,2021-10-18,initial_default
ACC-003434,SMB,2025-04-09,initial_default
ACC-003434,Commercial,2025-11-01,firmographic_rescore
ACC-003435,SMB,2025-03-07,initial_default
ACC-003436,SMB,2021-03-13,initial_default
ACC-003437,SMB,2025-09-20,initial_default
ACC-003438,SMB,2023-03-02,initial_default
ACC-003439,SMB,2023-05-16,initial_default
ACC-003440,SMB,2024-10-02,initial_default
ACC-003441,SMB,2023-03-03,initial_default
ACC-003442,SMB,2020-04-12,initial_default
ACC-003443,SMB,2024-02-17,initial_default
ACC-003444,SMB,2020-08-18,initial_default
ACC-003445,SMB,2024-06-16,initial_default
ACC-003446,SMB,2023-08-13,initial_default
ACC-003447,SMB,2025-12-27,initial_default
ACC-003448,SMB,2025-08-21,initial_default
ACC-003449,SMB,2024-06-11,initial_default
ACC-003450,SMB,2025-03-13,initial_default
ACC-003451,SMB,2022-11-20,initial_default
ACC-003452,SMB,2025-09-03,initial_default
ACC-003453,SMB,2023-08-16,initial_default
ACC-003454,SMB,2020-10-19,initial_default
ACC-003455,SMB,2020-09-11,initial_default
ACC-003456,SMB,2025-08-03,initial_default
ACC-003457,SMB,2020-03-05,initial_default
ACC-003458,SMB,2025-12-13,initial_default
ACC-003459,SMB,2023-01-27,initial_default
ACC-003460,SMB,2024-09-18,initial_default
ACC-003461,SMB,2024-05-06,initial_default
ACC-003462,SMB,2024-06-07,initial_default
ACC-003463,SMB,2022-12-12,initial_default
ACC-003464,SMB,2024-11-01,initial_default
ACC-003465,SMB,2023-07-18,initial_default
ACC-003466,SMB,2023-01-21,initial_default
ACC-003467,SMB,2025-01-23,initial_default
ACC-003468,SMB,2024-07-09,initial_default
ACC-003469,SMB,2025-03-04,initial_default
ACC-003470,SMB,2025-03-20,initial_default
ACC-003471,SMB,2023-10-20,initial_default
ACC-003472,SMB,2023-10-05,initial_default
ACC-003473,SMB,2021-03-17,initial_default
ACC-003474,SMB,2020-01-15,initial_default
ACC-003475,SMB,2024-04-01,initial_default
ACC-003476,SMB,2025-03-24,initial_default
ACC-003477,SMB,2025-03-06,initial_default
ACC-003478,SMB,2024-04-25,initial_default
ACC-003479,SMB,2023-11-17,initial_default
ACC-003480,SMB,2022-05-26,initial_default
ACC-003481,SMB,2025-11-16,initial_default
ACC-003482,SMB,2024-11-07,initial_default
ACC-003483,SMB,2025-10-08,initial_default
ACC-003484,SMB,2025-10-17,initial_default
ACC-003485,SMB,2023-06-26,initial_default
ACC-003486,SMB,2023-12-26,initial_default
ACC-003487,SMB,2024-06-25,initial_default
ACC-003488,SMB,2025-02-17,initial_default
ACC-003489,SMB,2022-07-06,initial_default
ACC-003490,SMB,2023-11-21,initial_default
ACC-003490,Commercial,2024-11-01,usage_threshold
ACC-003490,Enterprise,2025-06-01,usage_threshold
ACC-003491,SMB,2020-08-27,initial_default
ACC-003491,Commercial,2022-06-01,usage_threshold
ACC-003492,SMB,2024-07-22,initial_default
ACC-003493,SMB,2025-04-03,initial_default
ACC-003494,SMB,2023-04-24,initial_default
ACC-003495,SMB,2023-10-21,initial_default
ACC-003496,SMB,2024-04-15,initial_default
ACC-003496,Commercial,2025-09-01,firmographic_rescore
ACC-003497,SMB,2020-01-02,initial_default
ACC-003498,SMB,2023-12-27,initial_default
ACC-003499,SMB,2023-01-09,initial_default
ACC-003499,Commercial,2024-04-01,usage_threshold
ACC-003499,Enterprise,2025-03-01,firmographic_rescore
ACC-003500,SMB,2023-09-08,initial_default
ACC-003501,SMB,2020-01-21,initial_default
ACC-003502,SMB,2024-05-21,initial_default
ACC-003503,SMB,2022-06-06,initial_default
ACC-003504,SMB,2025-07-09,initial_default
ACC-003505,SMB,2025-06-16,initial_default
ACC-003506,SMB,2023-05-10,initial_default
ACC-003507,SMB,2022-05-11,initial_default
ACC-003508,SMB,2024-02-18,initial_default
ACC-003509,SMB,2024-05-02,initial_default
ACC-003510,SMB,2025-01-01,initial_default
ACC-003511,SMB,2025-07-17,initial_default
ACC-003512,SMB,2024-02-04,initial_default
ACC-003513,SMB,2023-07-22,initial_default
ACC-003514,SMB,2025-06-26,initial_default
ACC-003515,SMB,2023-12-21,initial_default
ACC-003515,Commercial,2025-09-01,usage_threshold
ACC-003516,SMB,2023-11-21,initial_default
ACC-003516,Commercial,2024-11-01,usage_threshold
ACC-003517,SMB,2024-08-23,initial_default
ACC-003517,Commercial,2025-10-01,usage_threshold
ACC-003518,SMB,2024-03-13,initial_default
ACC-003519,SMB,2024-10-06,initial_default
ACC-003520,SMB,2023-12-03,initial_default
ACC-003521,SMB,2024-09-01,initial_default
ACC-003522,SMB,2025-04-24,initial_default
ACC-003523,SMB,2025-11-08,initial_default
ACC-003524,SMB,2025-05-11,initial_default
ACC-003524,Commercial,2025-07-01,usage_threshold
ACC-003525,SMB,2025-09-23,initial_default
ACC-003526,SMB,2025-09-22,initial_default
ACC-003527,SMB,2024-05-11,initial_default
ACC-003528,SMB,2021-02-27,initial_default
ACC-003529,SMB,2023-05-07,initial_default
ACC-003530,SMB,2025-04-13,initial_default
ACC-003531,SMB,2024-12-03,initial_default
ACC-003532,SMB,2025-05-08,initial_default
ACC-003533,SMB,2023-06-18,initial_default
ACC-003534,SMB,2025-12-13,initial_default
ACC-003535,SMB,2024-05-14,initial_default
ACC-003536,SMB,2024-11-03,initial_default
ACC-003536,Commercial,2025-06-01,usage_threshold
ACC-003537,SMB,2024-11-02,initial_default
ACC-003538,SMB,2024-05-04,initial_default
ACC-003539,SMB,2024-09-12,initial_default
ACC-003540,SMB,2021-11-06,initial_default
ACC-003541,SMB,2025-07-19,initial_default
ACC-003542,SMB,2025-04-27,initial_default
ACC-003543,SMB,2023-10-01,initial_default
ACC-003544,SMB,2025-07-14,initial_default
ACC-003545,SMB,2025-03-19,initial_default
ACC-003546,SMB,2023-09-05,initial_default
ACC-003546,Commercial,2025-06-01,firmographic_rescore
ACC-003546,Enterprise,2025-10-01,usage_threshold
ACC-003547,SMB,2023-11-14,initial_default
ACC-003548,SMB,2025-09-15,initial_default
ACC-003549,SMB,2025-02-26,initial_default
ACC-003550,SMB,2025-12-05,initial_default
ACC-003551,SMB,2025-12-18,initial_default
ACC-003552,SMB,2022-09-02,initial_default
ACC-003552,Commercial,2024-03-01,usage_threshold
ACC-003552,Enterprise,2025-10-01,firmographic_rescore
ACC-003553,SMB,2020-11-25,initial_default
ACC-003554,SMB,2025-06-08,initial_default
ACC-003554,Commercial,2025-09-01,firmographic_rescore
ACC-003555,SMB,2023-08-01,initial_default
ACC-003556,SMB,2023-10-03,initial_default
ACC-003557,SMB,2021-10-26,initial_default
ACC-003558,SMB,2022-03-12,initial_default
ACC-003559,SMB,2025-09-04,initial_default
ACC-003560,SMB,2025-02-21,initial_default
ACC-003561,SMB,2023-12-28,initial_default
ACC-003562,SMB,2024-12-04,initial_default
ACC-003563,SMB,2025-03-23,initial_default
ACC-003564,SMB,2025-10-09,initial_default
ACC-003565,SMB,2020-12-22,initial_default
ACC-003566,SMB,2025-05-14,initial_default
ACC-003567,SMB,2025-06-14,initial_default
ACC-003568,SMB,2025-08-01,initial_default
ACC-003569,SMB,2025-03-01,initial_default
ACC-003570,SMB,2024-09-14,initial_default
ACC-003571,SMB,2025-11-13,initial_default
ACC-003572,SMB,2023-06-19,initial_default
ACC-003573,SMB,2025-11-15,initial_default
ACC-003574,SMB,2025-12-01,initial_default
ACC-003575,SMB,2024-10-09,initial_default
ACC-003576,SMB,2021-05-25,initial_default
ACC-003577,SMB,2022-05-11,initial_default
ACC-003578,SMB,2024-11-19,initial_default
ACC-003579,SMB,2024-08-25,initial_default
ACC-003580,SMB,2024-12-04,initial_default
ACC-003581,SMB,2024-11-04,initial_default
ACC-003582,SMB,2022-08-17,initial_default
ACC-003583,SMB,2024-11-09,initial_default
ACC-003584,SMB,2024-07-06,initial_default
ACC-003585,SMB,2025-04-16,initial_default
ACC-003586,SMB,2025-10-08,initial_default
ACC-003587,SMB,2025-06-01,initial_default
ACC-003588,SMB,2024-12-18,initial_default
ACC-003588,Commercial,2025-10-01,usage_threshold
ACC-003589,SMB,2022-02-07,initial_default
ACC-003590,SMB,2020-01-28,initial_default
ACC-003591,SMB,2024-05-06,initial_default
ACC-003592,SMB,2024-11-14,initial_default
ACC-003593,SMB,2025-07-13,initial_default
ACC-003594,SMB,2025-10-23,initial_default
ACC-003595,SMB,2023-08-15,initial_default
ACC-003595,Commercial,2025-03-01,usage_threshold
ACC-003596,SMB,2024-10-09,initial_default
ACC-003597,SMB,2025-01-05,initial_default
ACC-003598,SMB,2023-03-18,initial_default
ACC-003599,SMB,2025-06-03,initial_default
ACC-003600,SMB,2020-09-06,initial_default
ACC-003601,SMB,2022-02-26,initial_default
ACC-003602,SMB,2020-02-06,initial_default
ACC-003603,SMB,2025-05-08,initial_default
ACC-003604,SMB,2025-04-22,initial_default
ACC-003605,SMB,2025-12-03,initial_default
ACC-003606,SMB,2024-06-04,initial_default
ACC-003607,SMB,2023-11-15,initial_default
ACC-003608,SMB,2021-01-10,initial_default
ACC-003609,SMB,2023-12-16,initial_default
ACC-003610,SMB,2024-06-24,initial_default
ACC-003611,SMB,2024-01-20,initial_default
ACC-003612,SMB,2021-02-07,initial_default
ACC-003613,SMB,2023-08-10,initial_default
ACC-003614,SMB,2023-10-14,initial_default
ACC-003615,SMB,2025-08-06,initial_default
ACC-003616,SMB,2024-05-24,initial_default
ACC-003617,SMB,2025-02-17,initial_default
ACC-003618,SMB,2023-12-13,initial_default
ACC-003619,SMB,2021-03-07,initial_default
ACC-003620,SMB,2024-02-28,initial_default
ACC-003621,SMB,2024-05-02,initial_default
ACC-003621,Commercial,2025-09-01,usage_threshold
ACC-003622,SMB,2023-12-02,initial_default
ACC-003623,SMB,2025-01-03,initial_default
ACC-003624,SMB,2025-12-22,initial_default
ACC-003625,SMB,2025-07-19,initial_default
ACC-003626,SMB,2020-06-30,initial_default
ACC-003627,SMB,2023-07-02,initial_default
ACC-003628,SMB,2023-06-02,initial_default
ACC-003629,SMB,2025-02-18,initial_default
ACC-003630,SMB,2024-08-27,initial_default
ACC-003631,SMB,2020-05-27,initial_default
ACC-003632,SMB,2021-03-06,initial_default
ACC-003633,SMB,2024-11-24,initial_default
ACC-003634,SMB,2024-03-08,initial_default
ACC-003635,SMB,2023-09-22,initial_default
ACC-003636,SMB,2025-01-22,initial_default
ACC-003637,SMB,2023-08-09,initial_default
ACC-003638,SMB,2024-01-07,initial_default
ACC-003639,SMB,2025-11-16,initial_default
ACC-003640,SMB,2021-01-22,initial_default
ACC-003641,SMB,2022-06-14,initial_default
ACC-003642,SMB,2025-04-18,initial_default
ACC-003643,SMB,2022-08-09,initial_default
ACC-003644,SMB,2023-02-02,initial_default
ACC-003645,SMB,2024-05-04,initial_default
ACC-003646,SMB,2023-08-19,initial_default
ACC-003647,SMB,2025-07-15,initial_default
ACC-003647,Commercial,2025-10-01,usage_threshold
ACC-003648,SMB,2024-08-12,initial_default
ACC-003649,SMB,2024-11-15,initial_default
ACC-003650,SMB,2023-08-28,initial_default
ACC-003651,SMB,2023-12-19,initial_default
ACC-003652,SMB,2023-10-12,initial_default
ACC-003653,SMB,2025-05-16,initial_default
ACC-003654,SMB,2025-06-16,initial_default
ACC-003655,SMB,2023-03-27,initial_default
ACC-003656,SMB,2021-11-05,initial_default
ACC-003657,SMB,2025-11-23,initial_default
ACC-003658,SMB,2024-06-27,initial_default
ACC-003659,SMB,2021-05-10,initial_default
ACC-003660,SMB,2024-03-14,initial_default
ACC-003661,SMB,2025-12-21,initial_default
ACC-003662,SMB,2025-09-13,initial_default
ACC-003663,SMB,2023-12-17,initial_default
ACC-003664,SMB,2025-10-07,initial_default
ACC-003665,SMB,2025-06-05,initial_default
ACC-003666,SMB,2020-02-21,initial_default
ACC-003667,SMB,2024-03-05,initial_default
ACC-003668,SMB,2024-05-23,initial_default
ACC-003669,SMB,2023-07-05,initial_default
ACC-003670,SMB,2025-09-01,initial_default
ACC-003671,SMB,2022-04-16,initial_default
ACC-003672,SMB,2023-04-13,initial_default
ACC-003673,SMB,2024-05-07,initial_default
ACC-003674,SMB,2024-11-10,initial_default
ACC-003675,SMB,2022-11-25,initial_default
ACC-003676,SMB,2023-10-08,initial_default
ACC-003677,SMB,2025-11-26,initial_default
ACC-003678,SMB,2021-11-19,initial_default
ACC-003679,SMB,2023-12-05,initial_default
ACC-003680,SMB,2020-10-22,initial_default
ACC-003681,SMB,2024-11-02,initial_default
ACC-003682,SMB,2025-05-04,initial_default
ACC-003683,SMB,2024-12-03,initial_default
ACC-003684,SMB,2024-08-14,initial_default
ACC-003684,Commercial,2025-06-01,firmographic_rescore
ACC-003685,SMB,2022-10-20,initial_default
ACC-003686,SMB,2025-06-12,initial_default
ACC-003687,SMB,2025-06-19,initial_default
ACC-003687,Commercial,2025-08-01,firmographic_rescore
ACC-003688,SMB,2020-04-14,initial_default
ACC-003689,SMB,2025-02-15,initial_default
ACC-003690,SMB,2025-10-18,initial_default
ACC-003691,SMB,2023-08-02,initial_default
ACC-003692,SMB,2025-01-08,initial_default
ACC-003693,SMB,2025-08-28,initial_default
ACC-003694,SMB,2023-06-06,initial_default
ACC-003695,SMB,2025-06-17,initial_default
ACC-003696,SMB,2024-02-06,initial_default
ACC-003697,SMB,2025-11-26,initial_default
ACC-003698,SMB,2024-10-27,initial_default
ACC-003699,SMB,2024-02-01,initial_default
ACC-003699,Commercial,2024-07-01,usage_threshold
ACC-003700,SMB,2024-02-11,initial_default
ACC-003701,SMB,2022-08-20,initial_default
ACC-003702,SMB,2025-10-06,initial_default
ACC-003703,SMB,2024-09-19,initial_default
ACC-003703,Commercial,2025-05-01,usage_threshold
ACC-003704,SMB,2021-11-21,initial_default
ACC-003705,SMB,2021-06-30,initial_default
ACC-003706,SMB,2025-12-19,initial_default
ACC-003707,SMB,2025-07-15,initial_default
ACC-003708,SMB,2025-12-04,initial_default
ACC-003709,SMB,2022-05-17,initial_default
ACC-003710,SMB,2024-11-04,initial_default
ACC-003711,SMB,2024-12-13,initial_default
ACC-003712,SMB,2023-05-28,initial_default
ACC-003713,SMB,2025-06-05,initial_default
ACC-003714,SMB,2022-12-14,initial_default
ACC-003715,SMB,2024-05-23,initial_default
ACC-003715,Commercial,2024-09-01,firmographic_rescore
ACC-003716,SMB,2021-05-17,initial_default
ACC-003717,SMB,2023-06-14,initial_default
ACC-003718,SMB,2024-05-22,initial_default
ACC-003719,SMB,2022-07-14,initial_default
ACC-003720,SMB,2025-03-28,initial_default
ACC-003721,SMB,2025-03-22,initial_default
ACC-003722,SMB,2024-05-19,initial_default
ACC-003723,SMB,2024-02-12,initial_default
ACC-003724,SMB,2025-05-18,initial_default
ACC-003725,SMB,2022-10-01,initial_default
ACC-003726,SMB,2021-08-28,initial_default
ACC-003727,SMB,2022-09-11,initial_default
ACC-003728,SMB,2025-08-19,initial_default
ACC-003729,SMB,2024-06-24,initial_default
ACC-003730,SMB,2025-06-20,initial_default
ACC-003730,Commercial,2025-12-01,usage_threshold
ACC-003731,SMB,2020-06-15,initial_default
ACC-003732,SMB,2025-12-06,initial_default
ACC-003733,SMB,2025-06-13,initial_default
ACC-003734,SMB,2024-12-09,initial_default
ACC-003735,SMB,2021-05-01,initial_default
ACC-003736,SMB,2023-12-06,initial_default
ACC-003737,SMB,2025-10-12,initial_default
ACC-003738,SMB,2023-09-20,initial_default
ACC-003738,Commercial,2024-01-01,usage_threshold
ACC-003739,SMB,2024-01-02,initial_default
ACC-003740,SMB,2025-01-24,initial_default
ACC-003741,SMB,2024-01-27,initial_default
ACC-003742,SMB,2023-11-06,initial_default
ACC-003743,SMB,2024-07-20,initial_default
ACC-003744,SMB,2025-11-21,initial_default
ACC-003745,SMB,2025-11-03,initial_default
ACC-003746,SMB,2022-02-09,initial_default
ACC-003747,SMB,2025-10-25,initial_default
ACC-003748,SMB,2025-09-07,initial_default
ACC-003749,SMB,2020-06-14,initial_default
ACC-003750,SMB,2025-01-11,initial_default
ACC-003751,SMB,2025-05-14,initial_default
ACC-003752,SMB,2025-10-20,initial_default
ACC-003753,SMB,2023-09-21,initial_default
ACC-003754,SMB,2025-05-06,initial_default
ACC-003755,SMB,2025-02-01,initial_default
ACC-003756,SMB,2022-12-10,initial_default
ACC-003757,SMB,2025-07-27,initial_default
ACC-003758,SMB,2024-04-03,initial_default
ACC-003758,Commercial,2024-08-01,usage_threshold
ACC-003759,SMB,2022-03-15,initial_default
ACC-003760,SMB,2023-04-03,initial_default
ACC-003761,SMB,2020-09-19,initial_default
ACC-003762,SMB,2023-11-06,initial_default
ACC-003763,SMB,2023-05-12,initial_default
ACC-003764,SMB,2025-01-06,initial_default
ACC-003765,SMB,2021-09-19,initial_default
ACC-003765,Commercial,2024-05-01,usage_threshold
ACC-003766,SMB,2025-08-01,initial_default
ACC-003767,SMB,2023-10-03,initial_default
ACC-003768,SMB,2025-08-01,initial_default
ACC-003769,SMB,2024-05-11,initial_default
ACC-003770,SMB,2024-12-25,initial_default
ACC-003771,SMB,2024-03-25,initial_default
ACC-003772,SMB,2023-06-05,initial_default
ACC-003773,SMB,2024-12-10,initial_default
ACC-003774,SMB,2025-09-10,initial_default
ACC-003775,SMB,2025-01-13,initial_default
ACC-003776,SMB,2024-02-14,initial_default
ACC-003777,SMB,2025-08-02,initial_default
ACC-003778,SMB,2020-11-12,initial_default
ACC-003779,SMB,2024-07-19,initial_default
ACC-003780,SMB,2025-08-26,initial_default
ACC-003781,SMB,2023-04-18,initial_default
ACC-003782,SMB,2025-10-28,initial_default
ACC-003783,SMB,2023-01-06,initial_default
ACC-003784,SMB,2021-04-04,initial_default
ACC-003785,SMB,2020-05-18,initial_default
ACC-003786,SMB,2024-08-16,initial_default
ACC-003787,SMB,2024-09-02,initial_default
ACC-003788,SMB,2024-05-09,initial_default
ACC-003789,SMB,2023-10-06,initial_default
ACC-003789,Commercial,2024-01-01,firmographic_rescore
ACC-003790,SMB,2024-05-28,initial_default
ACC-003791,SMB,2020-01-08,initial_default
ACC-003792,SMB,2024-12-15,initial_default
ACC-003793,SMB,2025-09-07,initial_default
ACC-003794,SMB,2020-05-20,initial_default
ACC-003794,Commercial,2025-01-01,firmographic_rescore
ACC-003795,SMB,2020-04-06,initial_default
ACC-003796,SMB,2024-10-13,initial_default
ACC-003797,SMB,2021-08-20,initial_default
ACC-003798,SMB,2025-09-12,initial_default
ACC-003799,SMB,2023-11-20,initial_default
ACC-003800,SMB,2023-11-14,initial_default
ACC-003801,SMB,2025-06-23,initial_default
ACC-003802,SMB,2022-12-28,initial_default
ACC-003803,SMB,2024-11-06,initial_default
ACC-003804,SMB,2021-06-30,initial_default
ACC-003805,SMB,2020-10-17,initial_default
ACC-003806,SMB,2022-12-24,initial_default
ACC-003807,SMB,2020-01-10,initial_default
ACC-003808,SMB,2023-11-20,initial_default
ACC-003809,SMB,2021-07-09,initial_default
ACC-003810,SMB,2022-07-17,initial_default
ACC-003811,SMB,2025-08-12,initial_default
ACC-003812,SMB,2025-10-21,initial_default
ACC-003813,SMB,2025-04-23,initial_default
ACC-003813,Commercial,2025-09-01,firmographic_rescore
ACC-003814,SMB,2025-02-25,initial_default
ACC-003815,SMB,2025-01-17,initial_default
ACC-003816,SMB,2020-12-14,initial_default
ACC-003817,SMB,2024-09-13,initial_default
ACC-003818,SMB,2025-06-01,initial_default
ACC-003819,SMB,2025-06-13,initial_default
ACC-003820,SMB,2025-07-23,initial_default
ACC-003821,SMB,2025-11-17,initial_default
ACC-003822,SMB,2023-07-18,initial_default
ACC-003822,Commercial,2024-08-01,usage_threshold
ACC-003823,SMB,2020-08-15,initial_default
ACC-003824,SMB,2025-01-06,initial_default
ACC-003825,SMB,2025-11-10,initial_default
ACC-003826,SMB,2025-03-18,initial_default
ACC-003827,SMB,2025-04-06,initial_default
ACC-003828,SMB,2022-09-04,initial_default
ACC-003829,SMB,2023-12-24,initial_default
ACC-003830,SMB,2025-07-10,initial_default
ACC-003831,SMB,2025-06-20,initial_default
ACC-003832,SMB,2020-12-30,initial_default
ACC-003833,SMB,2025-12-22,initial_default
ACC-003834,SMB,2025-05-01,initial_default
ACC-003835,SMB,2024-10-16,initial_default
ACC-003836,SMB,2024-11-24,initial_default
ACC-003837,SMB,2023-12-08,initial_default
ACC-003838,SMB,2025-02-19,initial_default
ACC-003839,SMB,2021-05-31,initial_default
ACC-003840,SMB,2020-08-04,initial_default
ACC-003841,SMB,2025-10-11,initial_default
ACC-003842,SMB,2023-06-10,initial_default
ACC-003843,SMB,2020-07-20,initial_default
ACC-003844,SMB,2024-01-26,initial_default
ACC-003845,SMB,2023-12-14,initial_default
ACC-003846,SMB,2020-08-29,initial_default
ACC-003847,SMB,2024-05-07,initial_default
ACC-003848,SMB,2025-12-04,initial_default
ACC-003849,SMB,2020-10-21,initial_default
ACC-003850,SMB,2022-11-23,initial_default
ACC-003850,Commercial,2025-12-01,usage_threshold
ACC-003851,SMB,2024-11-19,initial_default
ACC-003852,SMB,2020-11-05,initial_default
ACC-003853,SMB,2024-02-02,initial_default
ACC-003854,SMB,2023-04-08,initial_default
ACC-003855,SMB,2024-10-15,initial_default
ACC-003856,SMB,2024-01-23,initial_default
ACC-003857,SMB,2021-03-01,initial_default
ACC-003858,SMB,2023-12-24,initial_default
ACC-003859,SMB,2025-01-27,initial_default
ACC-003860,SMB,2025-10-27,initial_default
ACC-003861,SMB,2023-11-05,initial_default
ACC-003862,SMB,2025-06-17,initial_default
ACC-003863,SMB,2025-09-25,initial_default
ACC-003864,SMB,2025-06-07,initial_default
ACC-003865,SMB,2023-09-06,initial_default
ACC-003866,SMB,2022-04-07,initial_default
ACC-003867,SMB,2022-09-23,initial_default
ACC-003868,SMB,2022-12-08,initial_default
ACC-003869,SMB,2024-10-10,initial_default
ACC-003870,SMB,2024-08-11,initial_default
ACC-003870,Commercial,2024-12-01,usage_threshold
ACC-003871,SMB,2025-04-27,initial_default
ACC-003872,SMB,2024-10-07,initial_default
ACC-003872,Commercial,2025-02-01,firmographic_rescore
ACC-003873,SMB,2025-05-24,initial_default
ACC-003874,SMB,2023-12-05,initial_default
ACC-003875,SMB,2022-10-08,initial_default
ACC-003876,SMB,2024-07-25,initial_default
ACC-003877,SMB,2024-06-04,initial_default
ACC-003878,SMB,2025-09-10,initial_default
ACC-003879,SMB,2023-12-28,initial_default
ACC-003880,SMB,2022-10-07,initial_default
ACC-003881,SMB,2025-09-08,initial_default
ACC-003882,SMB,2024-01-12,initial_default
ACC-003883,SMB,2025-03-10,initial_default
ACC-003884,SMB,2025-12-11,initial_default
ACC-003885,SMB,2025-02-14,initial_default
ACC-003886,SMB,2025-08-13,initial_default
ACC-003887,SMB,2023-10-09,initial_default
ACC-003888,SMB,2024-01-16,initial_default
ACC-003889,SMB,2024-11-11,initial_default
ACC-003889,Commercial,2025-05-01,usage_threshold
ACC-003890,SMB,2020-11-02,initial_default
ACC-003891,SMB,2020-11-28,initial_default
ACC-003892,SMB,2024-02-17,initial_default
ACC-003893,SMB,2021-07-24,initial_default
ACC-003894,SMB,2025-07-08,initial_default
ACC-003895,SMB,2024-10-08,initial_default
ACC-003896,SMB,2023-10-22,initial_default
ACC-003897,SMB,2024-01-02,initial_default
ACC-003898,SMB,2025-10-05,initial_default
ACC-003899,SMB,2022-10-04,initial_default
ACC-003899,Commercial,2023-09-01,usage_threshold
ACC-003900,SMB,2025-05-08,initial_default
ACC-003901,SMB,2024-05-02,initial_default
ACC-003902,SMB,2025-04-09,initial_default
ACC-003903,SMB,2024-06-11,initial_default
ACC-003903,Commercial,2025-10-01,usage_threshold
ACC-003904,SMB,2024-12-25,initial_default
ACC-003905,SMB,2020-10-14,initial_default
ACC-003906,SMB,2023-05-20,initial_default
ACC-003907,SMB,2025-12-10,initial_default
ACC-003908,SMB,2025-02-22,initial_default
ACC-003909,SMB,2023-01-23,initial_default
ACC-003910,SMB,2024-11-04,initial_default
ACC-003911,SMB,2025-07-25,initial_default
ACC-003912,SMB,2025-08-15,initial_default
ACC-003913,SMB,2024-04-24,initial_default
ACC-003914,SMB,2022-10-24,initial_default
ACC-003915,SMB,2023-10-21,initial_default
ACC-003916,SMB,2020-01-03,initial_default
ACC-003917,SMB,2024-01-07,initial_default
ACC-003918,SMB,2025-12-12,initial_default
ACC-003919,SMB,2023-02-01,initial_default
ACC-003920,SMB,2025-03-21,initial_default
ACC-003920,Commercial,2025-07-01,usage_threshold
ACC-003921,SMB,2025-10-06,initial_default
ACC-003922,SMB,2024-12-19,initial_default
ACC-003923,SMB,2025-08-06,initial_default
ACC-003924,SMB,2025-05-17,initial_default
ACC-003925,SMB,2025-10-20,initial_default
ACC-003926,SMB,2023-07-26,initial_default
ACC-003927,SMB,2025-11-28,initial_default
ACC-003928,SMB,2025-11-23,initial_default
ACC-003929,SMB,2024-03-13,initial_default
ACC-003930,SMB,2021-04-20,initial_default
ACC-003931,SMB,2024-06-15,initial_default
ACC-003931,Commercial,2025-10-01,usage_threshold
ACC-003932,SMB,2023-08-24,initial_default
ACC-003933,SMB,2024-12-08,initial_default
ACC-003933,Commercial,2025-10-01,usage_threshold
ACC-003934,SMB,2025-04-25,initial_default
ACC-003935,SMB,2024-03-17,initial_default
ACC-003936,SMB,2025-06-03,initial_default
ACC-003937,SMB,2024-12-17,initial_default
ACC-003938,SMB,2024-08-21,initial_default
ACC-003939,SMB,2025-01-05,initial_default
ACC-003940,SMB,2023-10-04,initial_default
ACC-003941,SMB,2025-09-25,initial_default
ACC-003942,SMB,2024-12-02,initial_default
ACC-003943,SMB,2025-08-05,initial_default
ACC-003944,SMB,2024-06-20,initial_default
ACC-003944,Commercial,2025-08-01,firmographic_rescore
ACC-003945,SMB,2023-06-12,initial_default
ACC-003946,SMB,2024-10-03,initial_default
ACC-003946,Commercial,2025-07-01,firmographic_rescore
ACC-003947,SMB,2024-11-28,initial_default
ACC-003948,SMB,2025-03-28,initial_default
ACC-003948,Commercial,2025-07-01,usage_threshold
ACC-003949,SMB,2023-10-26,initial_default
ACC-003950,SMB,2023-02-05,initial_default
ACC-003951,SMB,2025-05-24,initial_default
ACC-003952,SMB,2024-10-01,initial_default
ACC-003953,SMB,2025-04-05,initial_default
ACC-003954,SMB,2025-11-20,initial_default
ACC-003955,SMB,2023-12-07,initial_default
ACC-003955,Commercial,2025-05-01,firmographic_rescore
ACC-003956,SMB,2023-10-20,initial_default
ACC-003957,SMB,2024-12-22,initial_default
ACC-003957,Commercial,2025-12-01,usage_threshold
ACC-003958,SMB,2025-11-07,initial_default
ACC-003959,SMB,2024-09-23,initial_default
ACC-003960,SMB,2025-04-22,initial_default
ACC-003961,SMB,2025-10-09,initial_default
ACC-003962,SMB,2025-12-23,initial_default
ACC-003963,SMB,2022-02-09,initial_default
ACC-003964,SMB,2021-12-02,initial_default
ACC-003965,SMB,2025-03-25,initial_default
ACC-003966,SMB,2025-05-25,initial_default
ACC-003967,SMB,2023-04-28,initial_default
ACC-003968,SMB,2023-11-26,initial_default
ACC-003969,SMB,2021-06-17,initial_default
ACC-003970,SMB,2024-12-19,initial_default
ACC-003970,Commercial,2025-08-01,firmographic_rescore
ACC-003971,SMB,2024-03-21,initial_default
ACC-003972,SMB,2025-10-17,initial_default
ACC-003973,SMB,2025-12-11,initial_default
ACC-003974,SMB,2023-09-17,initial_default
ACC-003975,SMB,2022-10-17,initial_default
ACC-003976,SMB,2024-08-08,initial_default
ACC-003977,SMB,2023-12-04,initial_default
ACC-003977,Commercial,2025-11-01,usage_threshold
ACC-003978,SMB,2025-05-14,initial_default
ACC-003979,SMB,2024-06-04,initial_default
ACC-003979,Commercial,2025-03-01,usage_threshold
ACC-003980,SMB,2023-06-18,initial_default
ACC-003981,SMB,2023-09-07,initial_default
ACC-003982,SMB,2025-07-12,initial_default
ACC-003983,SMB,2023-09-14,initial_default
ACC-003984,SMB,2023-09-10,initial_default
ACC-003985,SMB,2021-10-13,initial_default
ACC-003986,SMB,2021-08-16,initial_default
ACC-003987,SMB,2025-08-09,initial_default
ACC-003988,SMB,2024-12-12,initial_default
ACC-003989,SMB,2025-08-07,initial_default
ACC-003990,SMB,2023-04-17,initial_default
ACC-003990,Commercial,2025-12-01,firmographic_rescore
ACC-003991,SMB,2022-08-29,initial_default
ACC-003992,SMB,2022-08-22,initial_default
ACC-003993,SMB,2025-11-23,initial_default
ACC-003994,SMB,2025-09-04,initial_default
ACC-003995,SMB,2025-10-07,initial_default
ACC-003996,SMB,2024-01-17,initial_default
ACC-003997,SMB,2023-12-11,initial_default
ACC-003998,SMB,2024-02-27,initial_default
ACC-003999,SMB,2023-08-13,initial_default
ACC-004000,SMB,2024-04-02,initial_default
ACC-004001,SMB,2023-11-03,initial_default
ACC-004002,SMB,2024-06-05,initial_default
ACC-004003,SMB,2021-09-30,initial_default
ACC-004004,SMB,2023-09-13,initial_default
ACC-004005,SMB,2023-07-28,initial_default
ACC-004005,Commercial,2023-11-01,usage_threshold
ACC-004006,SMB,2024-03-18,initial_default
ACC-004007,SMB,2025-04-01,initial_default
ACC-004008,SMB,2025-10-10,initial_default
ACC-004009,SMB,2024-10-16,initial_default
ACC-004010,SMB,2023-11-19,initial_default
ACC-004011,SMB,2022-03-29,initial_default
ACC-004012,SMB,2020-10-06,initial_default
ACC-004013,SMB,2025-10-01,initial_default
ACC-004014,SMB,2025-03-13,initial_default
ACC-004015,SMB,2024-04-15,initial_default
ACC-004016,SMB,2025-01-10,initial_default
ACC-004017,SMB,2025-02-25,initial_default
ACC-004018,SMB,2022-02-25,initial_default
ACC-004019,SMB,2025-05-06,initial_default
ACC-004019,Commercial,2025-07-01,usage_threshold
ACC-004019,Enterprise,2025-12-01,usage_threshold
ACC-004020,SMB,2023-04-19,initial_default
ACC-004021,SMB,2024-11-10,initial_default
ACC-004022,SMB,2025-01-28,initial_default
ACC-004023,SMB,2021-05-16,initial_default
ACC-004023,Commercial,2024-05-01,usage_threshold
ACC-004024,SMB,2020-05-16,initial_default
ACC-004025,SMB,2024-01-21,initial_default
ACC-004026,SMB,2024-09-12,initial_default
ACC-004027,SMB,2023-11-18,initial_default
ACC-004028,SMB,2023-06-19,initial_default
ACC-004028,Commercial,2024-07-01,usage_threshold
ACC-004029,SMB,2023-10-04,initial_default
ACC-004030,SMB,2024-09-01,initial_default
ACC-004031,SMB,2025-05-04,initial_default
ACC-004032,SMB,2025-09-10,initial_default
ACC-004033,SMB,2023-08-06,initial_default
ACC-004034,SMB,2025-09-24,initial_default
ACC-004035,SMB,2023-10-28,initial_default
ACC-004036,SMB,2024-05-26,initial_default
ACC-004037,SMB,2024-03-17,initial_default
ACC-004038,SMB,2023-12-01,initial_default
ACC-004039,SMB,2025-01-17,initial_default
ACC-004040,SMB,2024-08-19,initial_default
ACC-004041,SMB,2025-11-27,initial_default
ACC-004042,SMB,2021-02-17,initial_default
ACC-004042,Commercial,2024-01-01,usage_threshold
ACC-004043,SMB,2024-11-01,initial_default
ACC-004044,SMB,2025-12-14,initial_default
ACC-004045,SMB,2022-09-24,initial_default
ACC-004046,SMB,2024-03-06,initial_default
ACC-004047,SMB,2022-12-24,initial_default
ACC-004047,Commercial,2024-12-01,usage_threshold
ACC-004048,SMB,2022-06-05,initial_default
ACC-004049,SMB,2025-09-03,initial_default
ACC-004050,SMB,2022-06-13,initial_default
ACC-004051,SMB,2025-02-27,initial_default
ACC-004052,SMB,2024-09-22,initial_default
ACC-004052,Commercial,2025-12-01,usage_threshold
ACC-004053,SMB,2020-12-12,initial_default
ACC-004054,SMB,2024-11-06,initial_default
ACC-004055,SMB,2023-03-28,initial_default
ACC-004055,Commercial,2025-04-01,usage_threshold
ACC-004056,SMB,2025-11-23,initial_default
ACC-004057,SMB,2025-10-19,initial_default
ACC-004058,SMB,2024-02-23,initial_default
ACC-004059,SMB,2023-08-14,initial_default
ACC-004059,Commercial,2024-03-01,usage_threshold
ACC-004060,SMB,2025-11-20,initial_default
ACC-004061,SMB,2023-06-05,initial_default
ACC-004062,SMB,2024-11-12,initial_default
ACC-004063,SMB,2025-08-18,initial_default
ACC-004064,SMB,2023-01-12,initial_default
ACC-004065,SMB,2025-06-19,initial_default
ACC-004065,Commercial,2025-11-01,usage_threshold
ACC-004066,SMB,2024-07-26,initial_default
ACC-004067,SMB,2021-09-08,initial_default
ACC-004068,SMB,2025-01-20,initial_default
ACC-004069,SMB,2024-08-18,initial_default
ACC-004070,SMB,2021-08-22,initial_default
ACC-004071,SMB,2025-12-16,initial_default
ACC-004072,SMB,2023-06-01,initial_default
ACC-004073,SMB,2023-08-21,initial_default
ACC-004074,SMB,2020-08-10,initial_default
ACC-004075,SMB,2024-12-19,initial_default
ACC-004075,Commercial,2025-11-01,usage_threshold
ACC-004076,SMB,2021-06-25,initial_default
ACC-004077,SMB,2025-10-19,initial_default
ACC-004078,SMB,2023-11-13,initial_default
ACC-004079,SMB,2025-03-18,initial_default
ACC-004080,SMB,2024-07-27,initial_default
ACC-004081,SMB,2023-02-14,initial_default
ACC-004082,SMB,2025-07-02,initial_default
ACC-004083,SMB,2024-05-20,initial_default
ACC-004084,SMB,2021-11-13,initial_default
ACC-004085,SMB,2023-12-02,initial_default
ACC-004086,SMB,2023-01-02,initial_default
ACC-004087,SMB,2023-09-10,initial_default
ACC-004087,Commercial,2023-11-01,usage_threshold
ACC-004088,SMB,2024-01-06,initial_default
ACC-004089,SMB,2023-10-09,initial_default
ACC-004090,SMB,2022-02-26,initial_default
ACC-004091,SMB,2025-08-04,initial_default
ACC-004092,SMB,2025-03-15,initial_default
ACC-004093,SMB,2025-01-12,initial_default
ACC-004094,SMB,2022-07-01,initial_default
ACC-004095,SMB,2024-05-26,initial_default
ACC-004096,SMB,2025-10-13,initial_default
ACC-004097,SMB,2024-10-17,initial_default
ACC-004098,SMB,2025-01-22,initial_default
ACC-004099,SMB,2024-10-07,initial_default
ACC-004100,SMB,2020-09-26,initial_default
ACC-004101,SMB,2020-01-07,initial_default
ACC-004101,Commercial,2021-05-01,usage_threshold
ACC-004102,SMB,2022-03-19,initial_default
ACC-004103,SMB,2025-06-01,initial_default
ACC-004104,SMB,2025-08-26,initial_default
ACC-004105,SMB,2024-04-01,initial_default
ACC-004106,SMB,2023-10-09,initial_default
ACC-004107,SMB,2021-03-28,initial_default
ACC-004108,SMB,2024-12-09,initial_default
ACC-004108,Commercial,2025-08-01,usage_threshold
ACC-004108,Enterprise,2025-12-01,firmographic_rescore
ACC-004109,SMB,2020-02-18,initial_default
ACC-004110,SMB,2025-04-24,initial_default
ACC-004111,SMB,2025-12-01,initial_default
ACC-004112,SMB,2024-12-11,initial_default
ACC-004113,SMB,2020-03-14,initial_default
ACC-004114,SMB,2025-01-27,initial_default
ACC-004115,SMB,2025-11-21,initial_default
ACC-004116,SMB,2025-05-13,initial_default
ACC-004117,SMB,2024-12-10,initial_default
ACC-004118,SMB,2024-03-12,initial_default
ACC-004119,SMB,2025-01-05,initial_default
ACC-004120,SMB,2023-09-16,initial_default
ACC-004120,Commercial,2024-06-01,usage_threshold
ACC-004121,SMB,2025-06-19,initial_default
ACC-004122,SMB,2020-04-01,initial_default
ACC-004123,SMB,2020-07-09,initial_default
ACC-004124,SMB,2025-05-23,initial_default
ACC-004125,SMB,2023-05-14,initial_default
ACC-004126,SMB,2024-06-09,initial_default
ACC-004127,SMB,2023-09-26,initial_default
ACC-004128,SMB,2022-08-02,initial_default
ACC-004129,SMB,2025-12-24,initial_default
ACC-004130,SMB,2025-05-17,initial_default
ACC-004131,SMB,2020-08-21,initial_default
ACC-004132,SMB,2020-06-18,initial_default
ACC-004133,SMB,2023-05-12,initial_default
ACC-004134,SMB,2025-12-18,initial_default
ACC-004135,SMB,2022-01-13,initial_default
ACC-004136,SMB,2023-03-08,initial_default
ACC-004137,SMB,2025-08-26,initial_default
ACC-004138,SMB,2025-10-15,initial_default
ACC-004139,SMB,2024-10-01,initial_default
ACC-004140,SMB,2024-08-27,initial_default
ACC-004141,SMB,2025-06-11,initial_default
ACC-004142,SMB,2023-06-10,initial_default
ACC-004143,SMB,2024-09-04,initial_default
ACC-004143,Commercial,2025-03-01,usage_threshold
ACC-004144,SMB,2024-09-03,initial_default
ACC-004145,SMB,2020-09-02,initial_default
ACC-004146,SMB,2025-02-19,initial_default
ACC-004147,SMB,2023-06-17,initial_default
ACC-004148,SMB,2025-01-17,initial_default
ACC-004149,SMB,2025-06-25,initial_default
ACC-004150,SMB,2023-09-26,initial_default
ACC-004151,SMB,2024-01-13,initial_default
ACC-004151,Commercial,2025-05-01,firmographic_rescore
ACC-004152,SMB,2021-07-28,initial_default
ACC-004153,SMB,2024-02-27,initial_default
ACC-004154,SMB,2020-10-26,initial_default
ACC-004155,SMB,2023-01-10,initial_default
ACC-004156,SMB,2024-08-25,initial_default
ACC-004157,SMB,2025-07-16,initial_default
ACC-004158,SMB,2024-09-13,initial_default
ACC-004159,SMB,2025-06-14,initial_default
ACC-004160,SMB,2024-10-04,initial_default
ACC-004161,SMB,2024-09-03,initial_default
ACC-004162,SMB,2025-07-20,initial_default
ACC-004163,SMB,2023-01-10,initial_default
ACC-004164,SMB,2021-01-02,initial_default
ACC-004165,SMB,2022-01-29,initial_default
ACC-004166,SMB,2024-08-13,initial_default
ACC-004167,SMB,2025-06-28,initial_default
ACC-004168,SMB,2020-08-16,initial_default
ACC-004169,SMB,2024-06-01,initial_default
ACC-004170,SMB,2023-09-15,initial_default
ACC-004171,SMB,2021-10-23,initial_default
ACC-004172,SMB,2020-09-22,initial_default
ACC-004173,SMB,2024-01-17,initial_default
ACC-004174,SMB,2024-02-14,initial_default
ACC-004174,Commercial,2024-11-01,firmographic_rescore
ACC-004175,SMB,2020-04-13,initial_default
ACC-004176,SMB,2024-04-17,initial_default
ACC-004177,SMB,2024-03-08,initial_default
ACC-004178,SMB,2025-03-14,initial_default
ACC-004178,Commercial,2025-06-01,usage_threshold
ACC-004179,SMB,2024-12-11,initial_default
ACC-004180,SMB,2024-02-25,initial_default
ACC-004181,SMB,2024-11-04,initial_default
ACC-004181,Commercial,2025-11-01,usage_threshold
ACC-004182,SMB,2024-06-14,initial_default
ACC-004183,SMB,2023-12-06,initial_default
ACC-004184,SMB,2024-05-16,initial_default
ACC-004185,SMB,2024-06-03,initial_default
ACC-004186,SMB,2020-02-29,initial_default
ACC-004187,SMB,2024-08-22,initial_default
ACC-004187,Commercial,2025-07-01,usage_threshold
ACC-004188,SMB,2025-06-02,initial_default
ACC-004189,SMB,2025-07-22,initial_default
ACC-004190,SMB,2023-04-03,initial_default
ACC-004191,SMB,2024-09-12,initial_default
ACC-004192,SMB,2025-01-02,initial_default
ACC-004192,Commercial,2025-03-01,usage_threshold
ACC-004193,SMB,2025-05-08,initial_default
ACC-004194,SMB,2025-09-20,initial_default
ACC-004195,SMB,2021-03-23,initial_default
ACC-004196,SMB,2020-02-16,initial_default
ACC-004197,SMB,2022-03-26,initial_default
ACC-004198,SMB,2025-06-27,initial_default
ACC-004199,SMB,2025-11-17,initial_default
ACC-004200,SMB,2023-12-24,initial_default
ACC-004201,SMB,2023-11-15,initial_default
ACC-004202,SMB,2024-09-07,initial_default
ACC-004203,SMB,2025-08-13,initial_default
ACC-004204,SMB,2025-08-06,initial_default
ACC-004205,SMB,2022-01-09,initial_default
ACC-004206,SMB,2025-03-13,initial_default
ACC-004207,SMB,2025-01-13,initial_default
ACC-004208,SMB,2025-11-18,initial_default
ACC-004209,SMB,2025-11-22,initial_default
ACC-004210,SMB,2024-07-07,initial_default
ACC-004211,SMB,2024-12-21,initial_default
ACC-004212,SMB,2024-11-03,initial_default
ACC-004213,SMB,2022-04-23,initial_default
ACC-004214,SMB,2025-12-28,initial_default
ACC-004215,SMB,2025-12-26,initial_default
ACC-004216,SMB,2023-05-05,initial_default
ACC-004217,SMB,2024-07-16,initial_default
ACC-004218,SMB,2025-11-09,initial_default
ACC-004219,SMB,2023-02-17,initial_default
ACC-004219,Commercial,2024-10-01,usage_threshold
ACC-004220,SMB,2020-01-24,initial_default
ACC-004221,SMB,2025-02-12,initial_default
ACC-004222,SMB,2023-06-18,initial_default
ACC-004223,SMB,2023-12-09,initial_default
ACC-004224,SMB,2024-03-11,initial_default
ACC-004225,SMB,2024-11-25,initial_default
ACC-004225,Commercial,2025-05-01,firmographic_rescore
ACC-004226,SMB,2024-04-04,initial_default
ACC-004227,SMB,2025-04-10,initial_default
ACC-004228,SMB,2025-07-13,initial_default
ACC-004229,SMB,2023-07-06,initial_default
ACC-004230,SMB,2024-10-13,initial_default
ACC-004231,SMB,2022-04-05,initial_default
ACC-004232,SMB,2025-02-25,initial_default
ACC-004233,SMB,2021-11-24,initial_default
ACC-004234,SMB,2025-11-14,initial_default
ACC-004235,SMB,2020-04-01,initial_default
ACC-004236,SMB,2025-01-23,initial_default
ACC-004237,SMB,2023-09-09,initial_default
ACC-004238,SMB,2023-01-03,initial_default
ACC-004238,Commercial,2023-11-01,usage_threshold
ACC-004239,SMB,2025-10-05,initial_default
ACC-004240,SMB,2025-02-19,initial_default
ACC-004241,SMB,2023-06-26,initial_default
ACC-004242,SMB,2024-01-03,initial_default
ACC-004243,SMB,2025-10-13,initial_default
ACC-004244,SMB,2024-03-26,initial_default
ACC-004245,SMB,2024-10-01,initial_default
ACC-004246,SMB,2022-03-22,initial_default
ACC-004247,SMB,2025-03-20,initial_default
ACC-004248,SMB,2023-04-13,initial_default
ACC-004249,SMB,2025-08-26,initial_default
ACC-004250,SMB,2024-05-05,initial_default
ACC-004251,SMB,2024-12-17,initial_default
ACC-004252,SMB,2023-08-13,initial_default
ACC-004253,SMB,2024-10-24,initial_default
ACC-004254,SMB,2025-12-11,initial_default
ACC-004255,SMB,2024-12-12,initial_default
ACC-004256,SMB,2025-02-16,initial_default
ACC-004257,SMB,2025-11-06,initial_default
ACC-004258,SMB,2023-07-23,initial_default
ACC-004259,SMB,2025-11-16,initial_default
ACC-004260,SMB,2024-07-07,initial_default
ACC-004260,Commercial,2025-07-01,usage_threshold
ACC-004261,SMB,2025-02-24,initial_default
ACC-004262,SMB,2024-05-10,initial_default
ACC-004263,SMB,2020-05-10,initial_default
ACC-004264,SMB,2025-12-07,initial_default
ACC-004265,SMB,2024-08-15,initial_default
ACC-004266,SMB,2021-10-30,initial_default
ACC-004266,Commercial,2025-03-01,usage_threshold
ACC-004267,SMB,2024-12-10,initial_default
ACC-004268,SMB,2025-12-06,initial_default
ACC-004269,SMB,2025-08-11,initial_default
ACC-004270,SMB,2025-01-05,initial_default
ACC-004271,SMB,2022-11-29,initial_default
ACC-004271,Commercial,2023-11-01,usage_threshold
ACC-004272,SMB,2024-10-24,initial_default
ACC-004273,SMB,2025-06-25,initial_default
ACC-004274,SMB,2024-06-27,initial_default
ACC-004275,SMB,2025-04-24,initial_default
ACC-004276,SMB,2021-10-12,initial_default
ACC-004276,Commercial,2024-10-01,usage_threshold
ACC-004277,SMB,2020-06-14,initial_default
ACC-004278,SMB,2023-07-27,initial_default
ACC-004278,Commercial,2025-11-01,firmographic_rescore
ACC-004279,SMB,2024-11-07,initial_default
ACC-004280,SMB,2025-10-24,initial_default
ACC-004281,SMB,2020-12-30,initial_default
ACC-004282,SMB,2021-03-05,initial_default
ACC-004283,SMB,2024-04-16,initial_default
ACC-004284,SMB,2025-12-21,initial_default
ACC-004285,SMB,2024-05-05,initial_default
ACC-004286,SMB,2020-06-06,initial_default
ACC-004287,SMB,2020-06-04,initial_default
ACC-004288,SMB,2022-12-08,initial_default
ACC-004289,SMB,2023-09-01,initial_default
ACC-004290,SMB,2023-04-13,initial_default
ACC-004291,SMB,2024-08-04,initial_default
ACC-004291,Commercial,2025-06-01,usage_threshold
ACC-004292,SMB,2025-09-11,initial_default
ACC-004293,SMB,2024-04-12,initial_default
ACC-004294,SMB,2025-05-20,initial_default
ACC-004295,SMB,2020-05-17,initial_default
ACC-004296,SMB,2025-11-17,initial_default
ACC-004297,SMB,2025-09-26,initial_default
ACC-004298,SMB,2024-11-07,initial_default
ACC-004299,SMB,2021-05-09,initial_default
ACC-004300,SMB,2025-09-08,initial_default
ACC-004301,SMB,2022-04-20,initial_default
ACC-004302,SMB,2020-05-29,initial_default
ACC-004303,SMB,2025-05-25,initial_default
ACC-004304,SMB,2023-06-09,initial_default
ACC-004305,SMB,2022-11-20,initial_default
ACC-004306,SMB,2025-12-09,initial_default
ACC-004307,SMB,2023-07-19,initial_default
ACC-004308,SMB,2023-03-25,initial_default
ACC-004309,SMB,2025-10-18,initial_default
ACC-004310,SMB,2025-12-21,initial_default
ACC-004311,SMB,2025-05-03,initial_default
ACC-004312,SMB,2025-10-09,initial_default
ACC-004313,SMB,2025-03-20,initial_default
ACC-004314,SMB,2025-10-28,initial_default
ACC-004315,SMB,2020-10-26,initial_default
ACC-004316,SMB,2024-10-09,initial_default
ACC-004317,SMB,2025-04-16,initial_default
ACC-004318,SMB,2025-11-25,initial_default
ACC-004319,SMB,2020-12-30,initial_default
ACC-004320,SMB,2024-08-08,initial_default
ACC-004321,SMB,2025-12-27,initial_default
ACC-004322,SMB,2025-04-25,initial_default
ACC-004323,SMB,2023-03-12,initial_default
ACC-004324,SMB,2024-12-14,initial_default
ACC-004325,SMB,2025-11-03,initial_default
ACC-004326,SMB,2025-07-26,initial_default
ACC-004326,Commercial,2025-11-01,usage_threshold
ACC-004327,SMB,2021-05-02,initial_default
ACC-004328,SMB,2024-05-14,initial_default
ACC-004329,SMB,2025-10-14,initial_default
ACC-004330,SMB,2024-06-05,initial_default
ACC-004331,SMB,2021-12-26,initial_default
ACC-004332,SMB,2025-12-02,initial_default
ACC-004333,SMB,2024-05-04,initial_default
ACC-004334,SMB,2021-07-10,initial_default
ACC-004334,Commercial,2024-02-01,usage_threshold
ACC-004335,SMB,2024-01-15,initial_default
ACC-004336,SMB,2024-06-19,initial_default
ACC-004337,SMB,2025-06-06,initial_default
ACC-004338,SMB,2025-01-07,initial_default
ACC-004339,SMB,2025-01-18,initial_default
ACC-004340,SMB,2025-03-16,initial_default
ACC-004341,SMB,2024-10-24,initial_default
ACC-004341,Commercial,2025-11-01,firmographic_rescore
ACC-004342,SMB,2025-07-18,initial_default
ACC-004343,SMB,2024-11-14,initial_default
ACC-004344,SMB,2021-06-01,initial_default
ACC-004345,SMB,2025-02-01,initial_default
ACC-004346,SMB,2025-04-06,initial_default
ACC-004347,SMB,2023-07-11,initial_default
ACC-004348,SMB,2024-11-16,initial_default
ACC-004349,SMB,2021-01-04,initial_default
ACC-004350,SMB,2020-12-07,initial_default
ACC-004351,SMB,2024-01-07,initial_default
ACC-004352,SMB,2025-12-27,initial_default
ACC-004353,SMB,2023-09-22,initial_default
ACC-004354,SMB,2025-10-13,initial_default
ACC-004355,SMB,2023-02-12,initial_default
ACC-004356,SMB,2023-07-14,initial_default
ACC-004357,SMB,2024-03-24,initial_default
ACC-004358,SMB,2020-10-10,initial_default
ACC-004359,SMB,2024-03-03,initial_default
ACC-004360,SMB,2024-01-12,initial_default
ACC-004361,SMB,2024-06-01,initial_default
ACC-004361,Commercial,2025-02-01,firmographic_rescore
ACC-004362,SMB,2025-05-19,initial_default
ACC-004362,Commercial,2025-08-01,usage_threshold
ACC-004363,SMB,2023-10-20,initial_default
ACC-004364,SMB,2025-03-12,initial_default
ACC-004365,SMB,2022-04-14,initial_default
ACC-004366,SMB,2024-07-05,initial_default
ACC-004367,SMB,2022-11-27,initial_default
ACC-004367,Commercial,2025-06-01,usage_threshold
ACC-004368,SMB,2025-02-26,initial_default
ACC-004369,SMB,2025-07-04,initial_default
ACC-004370,SMB,2022-05-29,initial_default
ACC-004371,SMB,2023-11-22,initial_default
ACC-004372,SMB,2025-10-09,initial_default
ACC-004373,SMB,2024-02-22,initial_default
ACC-004374,SMB,2021-05-17,initial_default
ACC-004375,SMB,2025-10-08,initial_default
ACC-004376,SMB,2021-07-19,initial_default
ACC-004377,SMB,2020-09-09,initial_default
ACC-004378,SMB,2021-12-06,initial_default
ACC-004379,SMB,2020-03-03,initial_default
ACC-004380,SMB,2024-02-11,initial_default
ACC-004381,SMB,2025-06-08,initial_default
ACC-004382,SMB,2025-10-20,initial_default
ACC-004383,SMB,2023-12-14,initial_default
ACC-004384,SMB,2025-05-24,initial_default
ACC-004385,SMB,2021-09-07,initial_default
ACC-004386,SMB,2022-06-25,initial_default
ACC-004387,SMB,2024-05-03,initial_default
ACC-004387,Commercial,2024-08-01,usage_threshold
ACC-004388,SMB,2023-09-17,initial_default
ACC-004389,SMB,2025-05-23,initial_default
ACC-004390,SMB,2020-05-20,initial_default
ACC-004391,SMB,2025-01-12,initial_default
ACC-004392,SMB,2024-08-24,initial_default
ACC-004393,SMB,2025-04-28,initial_default
ACC-004394,SMB,2022-03-11,initial_default
ACC-004395,SMB,2024-11-11,initial_default
ACC-004396,SMB,2025-04-08,initial_default
ACC-004397,SMB,2024-10-05,initial_default
ACC-004398,SMB,2025-02-13,initial_default
ACC-004398,Commercial,2025-08-01,usage_threshold
ACC-004398,Enterprise,2025-10-01,firmographic_rescore
ACC-004399,SMB,2024-10-27,initial_default
ACC-004400,SMB,2025-07-06,initial_default
ACC-004400,Commercial,2025-12-01,usage_threshold
ACC-004401,SMB,2025-07-22,initial_default
ACC-004402,SMB,2024-05-08,initial_default
ACC-004403,SMB,2024-08-16,initial_default
ACC-004404,SMB,2024-07-28,initial_default
ACC-004404,Commercial,2025-12-01,firmographic_rescore
ACC-004405,SMB,2024-04-16,initial_default
ACC-004406,SMB,2024-10-02,initial_default
ACC-004407,SMB,2025-11-23,initial_default
ACC-004408,SMB,2024-11-23,initial_default
ACC-004409,SMB,2023-10-18,initial_default
ACC-004410,SMB,2025-06-16,initial_default
ACC-004411,SMB,2024-07-28,initial_default
ACC-004412,SMB,2025-02-16,initial_default
ACC-004413,SMB,2024-06-05,initial_default
ACC-004414,SMB,2024-10-19,initial_default
ACC-004415,SMB,2023-11-02,initial_default
ACC-004415,Commercial,2024-09-01,usage_threshold
ACC-004416,SMB,2024-06-08,initial_default
ACC-004417,SMB,2024-04-04,initial_default
ACC-004418,SMB,2024-10-07,initial_default
ACC-004419,SMB,2020-07-14,initial_default
ACC-004420,SMB,2023-03-14,initial_default
ACC-004421,SMB,2021-06-12,initial_default
ACC-004421,Commercial,2024-05-01,usage_threshold
ACC-004422,SMB,2025-12-18,initial_default
ACC-004423,SMB,2025-09-09,initial_default
ACC-004424,SMB,2023-03-08,initial_default
ACC-004425,SMB,2020-10-03,initial_default
ACC-004426,SMB,2024-12-25,initial_default
ACC-004427,SMB,2023-10-28,initial_default
ACC-004428,SMB,2024-04-10,initial_default
ACC-004428,Commercial,2025-11-01,usage_threshold
ACC-004429,SMB,2021-04-02,initial_default
ACC-004430,SMB,2021-09-24,initial_default
ACC-004431,SMB,2025-09-19,initial_default
ACC-004432,SMB,2020-09-12,initial_default
ACC-004433,SMB,2023-08-04,initial_default
ACC-004434,SMB,2021-05-01,initial_default
ACC-004435,SMB,2025-01-10,initial_default
ACC-004436,SMB,2025-10-09,initial_default
ACC-004437,SMB,2025-12-06,initial_default
ACC-004438,SMB,2025-01-13,initial_default
ACC-004439,SMB,2024-12-24,initial_default
ACC-004439,Commercial,2025-09-01,usage_threshold
ACC-004440,SMB,2024-01-27,initial_default
ACC-004441,SMB,2025-11-24,initial_default
ACC-004442,SMB,2023-06-12,initial_default
ACC-004443,SMB,2023-11-01,initial_default
ACC-004443,Commercial,2024-10-01,firmographic_rescore
ACC-004443,Enterprise,2025-07-01,firmographic_rescore
ACC-004444,SMB,2024-09-28,initial_default
ACC-004444,Commercial,2025-10-01,usage_threshold
ACC-004445,SMB,2024-12-20,initial_default
ACC-004446,SMB,2020-11-09,initial_default
ACC-004447,SMB,2025-02-15,initial_default
ACC-004448,SMB,2023-03-04,initial_default
ACC-004449,SMB,2025-01-21,initial_default
ACC-004450,SMB,2025-07-23,initial_default
ACC-004451,SMB,2021-10-24,initial_default
ACC-004452,SMB,2023-11-20,initial_default
ACC-004452,Commercial,2024-04-01,firmographic_rescore
ACC-004453,SMB,2022-02-24,initial_default
ACC-004454,SMB,2021-02-23,initial_default
ACC-004455,SMB,2023-06-23,initial_default
ACC-004456,SMB,2024-04-10,initial_default
ACC-004456,Commercial,2025-07-01,firmographic_rescore
ACC-004457,SMB,2025-02-01,initial_default
ACC-004457,Commercial,2025-09-01,usage_threshold
ACC-004458,SMB,2025-12-14,initial_default
ACC-004459,SMB,2021-01-22,initial_default
ACC-004460,SMB,2025-06-09,initial_default
ACC-004461,SMB,2021-05-18,initial_default
ACC-004462,SMB,2024-09-15,initial_default
ACC-004463,SMB,2024-07-07,initial_default
ACC-004464,SMB,2025-05-24,initial_default
ACC-004465,SMB,2025-08-17,initial_default
ACC-004466,SMB,2025-08-23,initial_default
ACC-004467,SMB,2025-08-15,initial_default
ACC-004468,SMB,2025-06-24,initial_default
ACC-004469,SMB,2025-08-03,initial_default
ACC-004470,SMB,2022-06-11,initial_default
ACC-004471,SMB,2025-05-24,initial_default
ACC-004472,SMB,2024-11-18,initial_default
ACC-004473,SMB,2025-12-07,initial_default
ACC-004474,SMB,2024-11-19,initial_default
ACC-004474,Commercial,2025-11-01,usage_threshold
ACC-004475,SMB,2025-11-08,initial_default
ACC-004476,SMB,2023-06-14,initial_default
ACC-004477,SMB,2025-02-24,initial_default
ACC-004478,SMB,2025-07-02,initial_default
ACC-004479,SMB,2025-03-07,initial_default
ACC-004480,SMB,2025-12-07,initial_default
ACC-004481,SMB,2023-02-22,initial_default
ACC-004481,Commercial,2025-06-01,usage_threshold
ACC-004482,SMB,2025-12-07,initial_default
ACC-004483,SMB,2024-02-25,initial_default
ACC-004484,SMB,2024-06-27,initial_default
ACC-004485,SMB,2025-10-28,initial_default
ACC-004486,SMB,2020-04-07,initial_default
ACC-004487,SMB,2025-06-02,initial_default
ACC-004488,SMB,2021-12-17,initial_default
ACC-004489,SMB,2024-09-10,initial_default
ACC-004490,SMB,2024-10-25,initial_default
ACC-004491,SMB,2023-03-28,initial_default
ACC-004492,SMB,2025-03-07,initial_default
ACC-004493,SMB,2023-05-10,initial_default
ACC-004494,SMB,2025-03-08,initial_default
ACC-004495,SMB,2023-11-16,initial_default
ACC-004496,SMB,2024-11-22,initial_default
ACC-004497,SMB,2023-10-14,initial_default
ACC-004498,SMB,2024-07-15,initial_default
ACC-004499,SMB,2025-04-20,initial_default
ACC-004500,SMB,2025-04-19,initial_default
ACC-004501,SMB,2023-07-21,initial_default
ACC-004502,SMB,2022-06-30,initial_default
ACC-004503,SMB,2022-08-05,initial_default
ACC-004504,SMB,2024-08-07,initial_default
ACC-004505,SMB,2025-01-10,initial_default
ACC-004506,SMB,2024-06-12,initial_default
ACC-004507,SMB,2024-01-04,initial_default
ACC-004508,SMB,2025-09-06,initial_default
ACC-004509,SMB,2024-12-02,initial_default
ACC-004510,SMB,2024-01-04,initial_default
ACC-004511,SMB,2025-11-10,initial_default
ACC-004512,SMB,2025-11-08,initial_default
ACC-004513,SMB,2025-04-18,initial_default
ACC-004514,SMB,2025-10-24,initial_default
ACC-004515,SMB,2020-08-27,initial_default
ACC-004516,SMB,2025-05-05,initial_default
ACC-004517,SMB,2025-10-28,initial_default
ACC-004518,SMB,2022-08-12,initial_default
ACC-004519,SMB,2025-02-04,initial_default
ACC-004520,SMB,2021-06-21,initial_default
ACC-004521,SMB,2025-03-23,initial_default
ACC-004522,SMB,2023-05-21,initial_default
ACC-004523,SMB,2025-09-04,initial_default
ACC-004524,SMB,2025-08-09,initial_default
ACC-004525,SMB,2020-10-15,initial_default
ACC-004526,SMB,2025-07-26,initial_default
ACC-004527,SMB,2024-03-12,initial_default
ACC-004527,Commercial,2024-07-01,usage_threshold
ACC-004528,SMB,2023-07-20,initial_default
ACC-004529,SMB,2023-03-04,initial_default
ACC-004530,SMB,2022-07-22,initial_default
ACC-004531,SMB,2024-07-28,initial_default
ACC-004531,Commercial,2025-10-01,usage_threshold
ACC-004532,SMB,2023-07-22,initial_default
ACC-004533,SMB,2020-07-07,initial_default
ACC-004534,SMB,2025-02-08,initial_default
ACC-004535,SMB,2023-01-27,initial_default
ACC-004536,SMB,2025-09-05,initial_default
ACC-004537,SMB,2020-01-20,initial_default
ACC-004538,SMB,2024-05-04,initial_default
ACC-004539,SMB,2024-06-07,initial_default
ACC-004540,SMB,2020-09-18,initial_default
ACC-004541,SMB,2020-03-22,initial_default
ACC-004542,SMB,2025-06-11,initial_default
ACC-004543,SMB,2025-10-15,initial_default
ACC-004544,SMB,2021-06-20,initial_default
ACC-004545,SMB,2025-11-14,initial_default
ACC-004546,SMB,2024-04-19,initial_default
ACC-004547,SMB,2021-08-23,initial_default
ACC-004548,SMB,2023-08-13,initial_default
ACC-004549,SMB,2024-08-11,initial_default
ACC-004550,SMB,2024-07-28,initial_default
ACC-004551,SMB,2023-06-18,initial_default
ACC-004552,SMB,2023-04-23,initial_default
ACC-004553,SMB,2022-02-07,initial_default
ACC-004554,SMB,2024-09-25,initial_default
ACC-004555,SMB,2024-12-18,initial_default
ACC-004555,Commercial,2025-09-01,usage_threshold
ACC-004556,SMB,2023-01-20,initial_default
ACC-004557,SMB,2023-03-23,initial_default
ACC-004558,SMB,2021-07-18,initial_default
ACC-004559,SMB,2020-06-06,initial_default
ACC-004560,SMB,2025-05-18,initial_default
ACC-004561,SMB,2022-04-11,initial_default
ACC-004562,SMB,2024-08-08,initial_default
ACC-004563,SMB,2024-07-07,initial_default
ACC-004564,SMB,2024-12-14,initial_default
ACC-004565,SMB,2022-08-15,initial_default
ACC-004566,SMB,2024-12-16,initial_default
ACC-004567,SMB,2024-08-24,initial_default
ACC-004568,SMB,2024-05-23,initial_default
ACC-004569,SMB,2025-12-21,initial_default
ACC-004570,SMB,2024-08-21,initial_default
ACC-004571,SMB,2024-07-14,initial_default
ACC-004572,SMB,2025-05-06,initial_default
ACC-004573,SMB,2024-07-05,initial_default
ACC-004574,SMB,2025-09-27,initial_default
ACC-004575,SMB,2025-02-07,initial_default
ACC-004576,SMB,2024-05-22,initial_default
ACC-004577,SMB,2025-01-14,initial_default
ACC-004578,SMB,2023-08-28,initial_default
ACC-004579,SMB,2024-06-22,initial_default
ACC-004579,Commercial,2024-12-01,usage_threshold
ACC-004580,SMB,2025-09-01,initial_default
ACC-004581,SMB,2025-05-12,initial_default
ACC-004581,Commercial,2025-07-01,usage_threshold
ACC-004582,SMB,2025-11-10,initial_default
ACC-004583,SMB,2023-07-27,initial_default
ACC-004584,SMB,2024-10-17,initial_default
ACC-004585,SMB,2025-12-23,initial_default
ACC-004586,SMB,2023-06-21,initial_default
ACC-004587,SMB,2023-01-10,initial_default
ACC-004587,Commercial,2023-04-01,usage_threshold
ACC-004588,SMB,2022-10-14,initial_default
ACC-004588,Commercial,2023-09-01,usage_threshold
ACC-004589,SMB,2025-09-03,initial_default
ACC-004590,SMB,2025-05-20,initial_default
ACC-004591,SMB,2021-10-14,initial_default
ACC-004592,SMB,2025-06-16,initial_default
ACC-004592,Commercial,2025-08-01,usage_threshold
ACC-004593,SMB,2025-06-21,initial_default
ACC-004594,SMB,2025-07-05,initial_default
ACC-004595,SMB,2024-09-12,initial_default
ACC-004596,SMB,2025-03-19,initial_default
ACC-004597,SMB,2025-12-14,initial_default
ACC-004598,SMB,2024-08-06,initial_default
ACC-004599,SMB,2025-05-02,initial_default
ACC-004600,SMB,2020-05-12,initial_default
ACC-004601,SMB,2025-05-07,initial_default
ACC-004601,Commercial,2025-12-01,usage_threshold
ACC-004602,SMB,2020-02-12,initial_default
ACC-004603,SMB,2024-11-27,initial_default
ACC-004604,SMB,2025-03-02,initial_default
ACC-004605,SMB,2020-04-28,initial_default
ACC-004605,Commercial,2025-09-01,firmographic_rescore
ACC-004605,Enterprise,2025-12-01,usage_threshold
ACC-004606,SMB,2020-02-22,initial_default
ACC-004607,SMB,2024-08-27,initial_default
ACC-004608,SMB,2024-07-25,initial_default
ACC-004609,SMB,2022-10-10,initial_default
ACC-004610,SMB,2025-07-10,initial_default
ACC-004611,SMB,2025-08-01,initial_default
ACC-004611,Commercial,2025-12-01,firmographic_rescore
ACC-004612,SMB,2025-07-02,initial_default
ACC-004613,SMB,2025-11-08,initial_default
ACC-004614,SMB,2024-04-06,initial_default
ACC-004614,Commercial,2025-04-01,usage_threshold
ACC-004615,SMB,2024-02-06,initial_default
ACC-004616,SMB,2024-01-17,initial_default
ACC-004616,Commercial,2025-01-01,firmographic_rescore
ACC-004617,SMB,2025-08-12,initial_default
ACC-004618,SMB,2025-06-01,initial_default
ACC-004619,SMB,2025-12-27,initial_default
ACC-004620,SMB,2024-03-16,initial_default
ACC-004621,SMB,2024-11-25,initial_default
ACC-004622,SMB,2025-04-22,initial_default
ACC-004623,SMB,2021-10-28,initial_default
ACC-004624,SMB,2024-09-17,initial_default
ACC-004625,SMB,2025-07-22,initial_default
ACC-004626,SMB,2021-11-27,initial_default
ACC-004627,SMB,2025-10-21,initial_default
ACC-004628,SMB,2025-11-02,initial_default
ACC-004629,SMB,2024-06-26,initial_default
ACC-004629,Commercial,2024-09-01,usage_threshold
ACC-004630,SMB,2022-06-20,initial_default
ACC-004631,SMB,2023-08-14,initial_default
ACC-004632,SMB,2025-08-11,initial_default
ACC-004633,SMB,2025-12-09,initial_default
ACC-004634,SMB,2023-11-17,initial_default
ACC-004634,Commercial,2024-08-01,usage_threshold
ACC-004635,SMB,2024-03-15,initial_default
ACC-004636,SMB,2025-09-09,initial_default
ACC-004637,SMB,2021-11-19,initial_default
ACC-004638,SMB,2025-05-24,initial_default
ACC-004639,SMB,2024-02-23,initial_default
ACC-004640,SMB,2021-06-22,initial_default
ACC-004641,SMB,2024-07-01,initial_default
ACC-004642,SMB,2025-08-06,initial_default
ACC-004643,SMB,2024-03-24,initial_default
ACC-004644,SMB,2021-08-07,initial_default
ACC-004645,SMB,2025-07-12,initial_default
ACC-004646,SMB,2025-12-19,initial_default
ACC-004647,SMB,2022-10-29,initial_default
ACC-004648,SMB,2024-06-21,initial_default
ACC-004649,SMB,2025-05-14,initial_default
ACC-004650,SMB,2025-12-20,initial_default
ACC-004651,SMB,2023-09-20,initial_default
ACC-004652,SMB,2025-02-22,initial_default
ACC-004653,SMB,2025-05-12,initial_default
ACC-004654,SMB,2020-02-03,initial_default
ACC-004655,SMB,2022-04-12,initial_default
ACC-004656,SMB,2022-06-02,initial_default
ACC-004657,SMB,2025-05-20,initial_default
ACC-004658,SMB,2020-10-06,initial_default
ACC-004659,SMB,2024-11-18,initial_default
ACC-004660,SMB,2023-11-22,initial_default
ACC-004661,SMB,2025-12-02,initial_default
ACC-004662,SMB,2024-10-09,initial_default
ACC-004663,SMB,2025-03-18,initial_default
ACC-004664,SMB,2024-11-22,initial_default
ACC-004664,Commercial,2025-03-01,usage_threshold
ACC-004665,SMB,2020-08-07,initial_default
ACC-004666,SMB,2024-11-06,initial_default
ACC-004667,SMB,2024-11-28,initial_default
ACC-004668,SMB,2021-03-08,initial_default
ACC-004669,SMB,2022-12-19,initial_default
ACC-004670,SMB,2021-07-18,initial_default
ACC-004671,SMB,2024-07-12,initial_default
ACC-004672,SMB,2020-11-30,initial_default
ACC-004673,SMB,2020-12-12,initial_default
ACC-004674,SMB,2025-05-08,initial_default
ACC-004675,SMB,2025-05-21,initial_default
ACC-004676,SMB,2025-12-15,initial_default
ACC-004677,SMB,2020-01-14,initial_default
ACC-004678,SMB,2025-10-21,initial_default
ACC-004679,SMB,2025-09-26,initial_default
ACC-004680,SMB,2024-01-23,initial_default
ACC-004680,Commercial,2025-07-01,usage_threshold
ACC-004681,SMB,2020-08-10,initial_default
ACC-004682,SMB,2025-04-05,initial_default
ACC-004683,SMB,2021-07-19,initial_default
ACC-004683,Commercial,2024-11-01,usage_threshold
ACC-004683,Enterprise,2025-08-01,usage_threshold
ACC-004684,SMB,2023-02-19,initial_default
ACC-004685,SMB,2024-05-04,initial_default
ACC-004686,SMB,2025-11-19,initial_default
ACC-004687,SMB,2022-02-10,initial_default
ACC-004688,SMB,2025-08-11,initial_default
ACC-004689,SMB,2024-08-13,initial_default
ACC-004690,SMB,2025-05-25,initial_default
ACC-004691,SMB,2024-05-21,initial_default
ACC-004692,SMB,2025-09-01,initial_default
ACC-004693,SMB,2025-08-26,initial_default
ACC-004694,SMB,2024-12-04,initial_default
ACC-004695,SMB,2024-07-02,initial_default
ACC-004696,SMB,2020-06-19,initial_default
ACC-004696,Commercial,2023-05-01,usage_threshold
ACC-004697,SMB,2024-06-21,initial_default
ACC-004698,SMB,2024-02-01,initial_default
ACC-004699,SMB,2025-08-03,initial_default
ACC-004700,SMB,2025-05-27,initial_default
ACC-004701,SMB,2024-01-16,initial_default
ACC-004701,Commercial,2025-05-01,usage_threshold
ACC-004702,SMB,2020-06-07,initial_default
ACC-004703,SMB,2025-08-08,initial_default
ACC-004704,SMB,2023-09-11,initial_default
ACC-004705,SMB,2021-05-05,initial_default
ACC-004706,SMB,2023-02-12,initial_default
ACC-004707,SMB,2023-04-25,initial_default
ACC-004708,SMB,2024-05-11,initial_default
ACC-004709,SMB,2025-08-05,initial_default
ACC-004710,SMB,2024-12-02,initial_default
ACC-004710,Commercial,2025-12-01,usage_threshold
ACC-004711,SMB,2025-09-25,initial_default
ACC-004712,SMB,2025-10-19,initial_default
ACC-004713,SMB,2025-02-24,initial_default
ACC-004714,SMB,2024-09-25,initial_default
ACC-004714,Commercial,2025-09-01,usage_threshold
ACC-004715,SMB,2024-02-03,initial_default
ACC-004716,SMB,2025-05-01,initial_default
ACC-004717,SMB,2021-04-12,initial_default
ACC-004718,SMB,2021-04-17,initial_default
ACC-004718,Commercial,2021-08-01,usage_threshold
ACC-004719,SMB,2024-11-18,initial_default
ACC-004720,SMB,2020-08-25,initial_default
ACC-004721,SMB,2020-06-01,initial_default
ACC-004722,SMB,2025-08-12,initial_default
ACC-004723,SMB,2025-07-05,initial_default
ACC-004724,SMB,2021-09-30,initial_default
ACC-004724,Commercial,2025-09-01,usage_threshold
ACC-004725,SMB,2025-11-12,initial_default
ACC-004726,SMB,2022-06-16,initial_default
ACC-004727,SMB,2024-06-02,initial_default
ACC-004728,SMB,2024-10-17,initial_default
ACC-004729,SMB,2022-07-28,initial_default
ACC-004730,SMB,2025-10-27,initial_default
ACC-004731,SMB,2023-04-09,initial_default
ACC-004732,SMB,2020-01-11,initial_default
ACC-004733,SMB,2025-01-08,initial_default
ACC-004733,Commercial,2025-07-01,usage_threshold
ACC-004734,SMB,2020-09-29,initial_default
ACC-004735,SMB,2024-03-06,initial_default
ACC-004736,SMB,2023-09-28,initial_default
ACC-004736,Commercial,2025-02-01,usage_threshold
ACC-004737,SMB,2025-08-26,initial_default
ACC-004738,SMB,2025-07-05,initial_default
ACC-004739,SMB,2022-12-05,initial_default
ACC-004739,Commercial,2024-05-01,usage_threshold
ACC-004740,SMB,2023-11-20,initial_default
ACC-004741,SMB,2024-10-16,initial_default
ACC-004742,SMB,2023-08-16,initial_default
ACC-004743,SMB,2022-12-07,initial_default
ACC-004744,SMB,2022-06-13,initial_default
ACC-004744,Commercial,2024-06-01,usage_threshold
ACC-004745,SMB,2025-01-16,initial_default
ACC-004746,SMB,2024-05-03,initial_default
ACC-004747,SMB,2024-12-01,initial_default
ACC-004748,SMB,2025-06-12,initial_default
ACC-004749,SMB,2024-04-12,initial_default
ACC-004750,SMB,2024-04-22,initial_default
ACC-004751,SMB,2023-08-03,initial_default
ACC-004752,SMB,2024-06-21,initial_default
ACC-004753,SMB,2022-12-09,initial_default
ACC-004754,SMB,2023-10-08,initial_default
ACC-004755,SMB,2023-04-13,initial_default
ACC-004756,SMB,2021-07-14,initial_default
ACC-004757,SMB,2025-04-07,initial_default
ACC-004758,SMB,2025-11-20,initial_default
ACC-004759,SMB,2022-08-14,initial_default
ACC-004760,SMB,2022-04-24,initial_default
ACC-004761,SMB,2024-10-23,initial_default
ACC-004762,SMB,2023-10-14,initial_default
ACC-004763,SMB,2025-10-10,initial_default
ACC-004764,SMB,2025-05-05,initial_default
ACC-004765,SMB,2023-12-04,initial_default
ACC-004766,SMB,2022-01-03,initial_default
ACC-004767,SMB,2023-09-13,initial_default
ACC-004768,SMB,2023-03-26,initial_default
ACC-004769,SMB,2025-07-14,initial_default
ACC-004770,SMB,2021-07-23,initial_default
ACC-004771,SMB,2025-11-19,initial_default
ACC-004772,SMB,2020-11-17,initial_default
ACC-004773,SMB,2024-02-18,initial_default
ACC-004774,SMB,2023-09-21,initial_default
ACC-004775,SMB,2024-12-27,initial_default
ACC-004776,SMB,2025-03-02,initial_default
ACC-004777,SMB,2021-10-15,initial_default
ACC-004778,SMB,2020-02-14,initial_default
ACC-004779,SMB,2025-05-14,initial_default
ACC-004780,SMB,2024-09-11,initial_default
ACC-004781,SMB,2025-05-07,initial_default
ACC-004782,SMB,2022-01-19,initial_default
ACC-004783,SMB,2024-02-21,initial_default
ACC-004784,SMB,2025-11-27,initial_default
ACC-004785,SMB,2024-06-27,initial_default
ACC-004786,SMB,2020-12-15,initial_default
ACC-004786,Commercial,2023-06-01,usage_threshold
ACC-004787,SMB,2025-05-08,initial_default
ACC-004788,SMB,2025-01-09,initial_default
ACC-004789,SMB,2021-08-24,initial_default
ACC-004790,SMB,2022-02-15,initial_default
ACC-004791,SMB,2023-01-02,initial_default
ACC-004792,SMB,2024-03-11,initial_default
ACC-004793,SMB,2022-04-24,initial_default
ACC-004794,SMB,2025-08-24,initial_default
ACC-004795,SMB,2025-08-13,initial_default
ACC-004796,SMB,2023-10-19,initial_default
ACC-004797,SMB,2021-10-16,initial_default
ACC-004798,SMB,2025-09-18,initial_default
ACC-004799,SMB,2025-02-13,initial_default
ACC-004800,SMB,2023-03-04,initial_default
ACC-004801,SMB,2025-05-26,initial_default
ACC-004802,SMB,2023-08-25,initial_default
ACC-004803,SMB,2024-08-24,initial_default
ACC-004804,SMB,2023-03-17,initial_default
ACC-004805,SMB,2025-07-04,initial_default
ACC-004806,SMB,2023-12-16,initial_default
ACC-004807,SMB,2023-08-26,initial_default
ACC-004808,SMB,2024-07-16,initial_default
ACC-004809,SMB,2020-10-23,initial_default
ACC-004810,SMB,2025-01-16,initial_default
ACC-004811,SMB,2025-03-07,initial_default
ACC-004812,SMB,2020-07-22,initial_default
ACC-004813,SMB,2025-06-15,initial_default
ACC-004814,SMB,2025-05-21,initial_default
ACC-004815,SMB,2025-10-06,initial_default
ACC-004816,SMB,2025-12-16,initial_default
ACC-004817,SMB,2025-11-03,initial_default
ACC-004818,SMB,2025-07-12,initial_default
ACC-004819,SMB,2025-05-17,initial_default
ACC-004820,SMB,2021-04-22,initial_default
ACC-004821,SMB,2022-02-13,initial_default
ACC-004821,Commercial,2025-02-01,usage_threshold
ACC-004821,Enterprise,2025-07-01,usage_threshold
ACC-004822,SMB,2023-08-26,initial_default
ACC-004823,SMB,2023-03-09,initial_default
ACC-004823,Commercial,2024-04-01,firmographic_rescore
ACC-004824,SMB,2022-06-24,initial_default
ACC-004825,SMB,2025-03-18,initial_default
ACC-004826,SMB,2024-06-19,initial_default
ACC-004827,SMB,2023-03-16,initial_default
ACC-004827,Commercial,2025-01-01,usage_threshold
ACC-004828,SMB,2023-05-02,initial_default
ACC-004829,SMB,2023-02-17,initial_default
ACC-004830,SMB,2023-03-24,initial_default
ACC-004831,SMB,2022-08-09,initial_default
ACC-004832,SMB,2025-02-03,initial_default
ACC-004833,SMB,2024-03-26,initial_default
ACC-004834,SMB,2024-11-08,initial_default
ACC-004835,SMB,2021-06-09,initial_default
ACC-004836,SMB,2024-08-08,initial_default
ACC-004837,SMB,2023-10-06,initial_default
ACC-004837,Commercial,2024-03-01,usage_threshold
ACC-004838,SMB,2020-04-19,initial_default
ACC-004839,SMB,2021-07-20,initial_default
ACC-004839,Commercial,2021-12-01,usage_threshold
ACC-004840,SMB,2025-10-07,initial_default
ACC-004841,SMB,2023-07-17,initial_default
ACC-004842,SMB,2020-12-18,initial_default
ACC-004843,SMB,2025-11-22,initial_default
ACC-004844,SMB,2022-12-06,initial_default
ACC-004845,SMB,2020-08-19,initial_default
ACC-004846,SMB,2025-02-16,initial_default
ACC-004847,SMB,2024-05-11,initial_default
ACC-004848,SMB,2025-07-07,initial_default
ACC-004848,Commercial,2025-09-01,firmographic_rescore
ACC-004849,SMB,2025-12-09,initial_default
ACC-004850,SMB,2025-03-14,initial_default
ACC-004851,SMB,2025-07-03,initial_default
ACC-004852,SMB,2024-11-05,initial_default
ACC-004853,SMB,2022-07-23,initial_default
ACC-004853,Commercial,2023-09-01,firmographic_rescore
ACC-004854,SMB,2025-07-27,initial_default
ACC-004854,Commercial,2025-11-01,firmographic_rescore
ACC-004855,SMB,2023-10-04,initial_default
ACC-004856,SMB,2024-06-05,initial_default
ACC-004857,SMB,2025-02-03,initial_default
ACC-004858,SMB,2023-01-03,initial_default
ACC-004859,SMB,2023-11-09,initial_default
ACC-004860,SMB,2023-08-08,initial_default
ACC-004861,SMB,2021-04-10,initial_default
ACC-004862,SMB,2024-09-05,initial_default
ACC-004863,SMB,2025-11-27,initial_default
ACC-004864,SMB,2024-02-19,initial_default
ACC-004865,SMB,2023-09-02,initial_default
ACC-004866,SMB,2022-06-07,initial_default
ACC-004867,SMB,2025-09-10,initial_default
ACC-004868,SMB,2025-06-12,initial_default
ACC-004869,SMB,2020-08-17,initial_default
ACC-004870,SMB,2023-11-27,initial_default
ACC-004870,Commercial,2024-03-01,usage_threshold
ACC-004871,SMB,2024-11-03,initial_default
ACC-004872,SMB,2020-05-24,initial_default
ACC-004873,SMB,2023-09-09,initial_default
ACC-004873,Commercial,2024-09-01,firmographic_rescore
ACC-004874,SMB,2024-12-16,initial_default
ACC-004874,Commercial,2025-09-01,firmographic_rescore
ACC-004875,SMB,2025-07-08,initial_default
ACC-004876,SMB,2023-11-28,initial_default
ACC-004877,SMB,2022-04-10,initial_default
ACC-004878,SMB,2025-12-04,initial_default
ACC-004879,SMB,2025-12-24,initial_default
ACC-004880,SMB,2024-01-15,initial_default
ACC-004881,SMB,2024-09-26,initial_default
ACC-004881,Commercial,2025-07-01,usage_threshold
ACC-004882,SMB,2025-05-12,initial_default
ACC-004883,SMB,2024-06-02,initial_default
ACC-004884,SMB,2024-10-14,initial_default
ACC-004884,Commercial,2025-03-01,usage_threshold
ACC-004885,SMB,2024-08-20,initial_default
ACC-004886,SMB,2025-09-19,initial_default
ACC-004887,SMB,2024-09-06,initial_default
ACC-004888,SMB,2023-10-07,initial_default
ACC-004889,SMB,2024-05-27,initial_default
ACC-004890,SMB,2023-05-06,initial_default
ACC-004891,SMB,2022-03-01,initial_default
ACC-004892,SMB,2025-09-05,initial_default
ACC-004893,SMB,2025-04-19,initial_default
ACC-004894,SMB,2024-08-06,initial_default
ACC-004895,SMB,2025-05-04,initial_default
ACC-004896,SMB,2025-06-13,initial_default
ACC-004897,SMB,2023-11-26,initial_default
ACC-004897,Commercial,2024-02-01,usage_threshold
ACC-004898,SMB,2025-03-06,initial_default
ACC-004899,SMB,2025-09-03,initial_default
ACC-004900,SMB,2024-05-08,initial_default
ACC-004901,SMB,2024-11-21,initial_default
ACC-004901,Commercial,2025-12-01,usage_threshold
ACC-004902,SMB,2024-02-23,initial_default
ACC-004903,SMB,2024-12-24,initial_default
ACC-004904,SMB,2023-05-17,initial_default
ACC-004904,Commercial,2025-02-01,usage_threshold
ACC-004905,SMB,2025-12-26,initial_default
ACC-004906,SMB,2024-08-02,initial_default
ACC-004907,SMB,2024-04-17,initial_default
ACC-004907,Commercial,2025-11-01,usage_threshold
ACC-004908,SMB,2025-01-20,initial_default
ACC-004908,Commercial,2025-09-01,usage_threshold
ACC-004909,SMB,2022-10-23,initial_default
ACC-004910,SMB,2025-05-27,initial_default
ACC-004911,SMB,2022-02-24,initial_default
ACC-004912,SMB,2025-06-22,initial_default
ACC-004912,Commercial,2025-09-01,usage_threshold
ACC-004913,SMB,2025-10-05,initial_default
ACC-004914,SMB,2025-02-27,initial_default
ACC-004915,SMB,2021-05-30,initial_default
ACC-004916,SMB,2023-09-22,initial_default
ACC-004917,SMB,2025-03-18,initial_default
ACC-004918,SMB,2024-11-16,initial_default
ACC-004919,SMB,2025-03-13,initial_default
ACC-004920,SMB,2024-01-13,initial_default
ACC-004921,SMB,2022-08-25,initial_default
ACC-004922,SMB,2025-03-28,initial_default
ACC-004923,SMB,2025-09-21,initial_default
ACC-004924,SMB,2022-07-11,initial_default
ACC-004925,SMB,2024-01-10,initial_default
ACC-004926,SMB,2025-08-01,initial_default
ACC-004927,SMB,2023-09-25,initial_default
ACC-004928,SMB,2020-07-06,initial_default
ACC-004929,SMB,2024-09-22,initial_default
ACC-004930,SMB,2024-01-06,initial_default
ACC-004931,SMB,2025-01-14,initial_default
ACC-004932,SMB,2024-03-21,initial_default
ACC-004933,SMB,2024-01-25,initial_default
ACC-004934,SMB,2021-02-24,initial_default
ACC-004935,SMB,2022-03-05,initial_default
ACC-004936,SMB,2023-01-11,initial_default
ACC-004936,Commercial,2023-09-01,usage_threshold
ACC-004937,SMB,2024-08-04,initial_default
ACC-004938,SMB,2021-05-29,initial_default
ACC-004939,SMB,2025-04-20,initial_default
ACC-004940,SMB,2025-09-16,initial_default
ACC-004941,SMB,2024-02-27,initial_default
ACC-004942,SMB,2024-01-11,initial_default
ACC-004943,SMB,2021-12-02,initial_default
ACC-004944,SMB,2020-01-27,initial_default
ACC-004945,SMB,2023-12-02,initial_default
ACC-004946,SMB,2021-12-26,initial_default
ACC-004947,SMB,2025-05-16,initial_default
ACC-004948,SMB,2022-09-19,initial_default
ACC-004949,SMB,2025-12-10,initial_default
ACC-004950,SMB,2025-10-14,initial_default
ACC-004951,SMB,2024-01-19,initial_default
ACC-004952,SMB,2024-05-10,initial_default
ACC-004953,SMB,2023-06-26,initial_default
ACC-004954,SMB,2024-07-07,initial_default
ACC-004955,SMB,2025-12-01,initial_default
ACC-004956,SMB,2024-04-18,initial_default
ACC-004957,SMB,2025-03-23,initial_default
ACC-004958,SMB,2025-06-19,initial_default
ACC-004959,SMB,2025-10-10,initial_default
ACC-004960,SMB,2024-11-08,initial_default
ACC-004961,SMB,2021-09-10,initial_default
ACC-004962,SMB,2020-02-03,initial_default
ACC-004963,SMB,2022-06-30,initial_default
ACC-004964,SMB,2023-02-05,initial_default
ACC-004965,SMB,2021-10-08,initial_default
ACC-004966,SMB,2021-10-10,initial_default
ACC-004967,SMB,2025-08-25,initial_default
ACC-004968,SMB,2022-02-15,initial_default
ACC-004969,SMB,2024-09-18,initial_default
ACC-004970,SMB,2023-09-27,initial_default
ACC-004971,SMB,2024-02-02,initial_default
ACC-004972,SMB,2023-04-04,initial_default
ACC-004973,SMB,2024-12-01,initial_default
ACC-004974,SMB,2024-05-02,initial_default
ACC-004975,SMB,2023-10-11,initial_default
ACC-004976,SMB,2025-08-05,initial_default
ACC-004977,SMB,2023-10-03,initial_default
ACC-004977,Commercial,2025-11-01,usage_threshold
ACC-004978,SMB,2025-09-25,initial_default
ACC-004979,SMB,2024-09-20,initial_default
ACC-004980,SMB,2022-04-12,initial_default
ACC-004980,Commercial,2025-04-01,usage_threshold
ACC-004981,SMB,2021-08-20,initial_default
ACC-004982,SMB,2025-02-05,initial_default
ACC-004983,SMB,2024-08-22,initial_default
ACC-004984,SMB,2024-10-20,initial_default
ACC-004985,SMB,2024-11-19,initial_default
ACC-004986,SMB,2023-12-05,initial_default
ACC-004987,SMB,2025-01-12,initial_default
ACC-004988,SMB,2025-07-27,initial_default
ACC-004989,SMB,2022-10-02,initial_default
ACC-004990,SMB,2025-10-04,initial_default
ACC-004991,SMB,2025-05-27,initial_default
ACC-004992,SMB,2023-09-17,initial_default
ACC-004993,SMB,2025-05-27,initial_default
ACC-004994,SMB,2021-11-07,initial_default
ACC-004995,SMB,2021-12-11,initial_default
ACC-004996,SMB,2020-07-29,initial_default
ACC-004996,Commercial,2022-12-01,usage_threshold
ACC-004997,SMB,2025-11-14,initial_default
ACC-004998,SMB,2025-08-07,initial_default
ACC-004999,SMB,2021-04-19,initial_default
ACC-005000,SMB,2024-10-26,initial_default
ACC-005001,SMB,2024-05-12,initial_default
ACC-005002,SMB,2024-04-19,initial_default
ACC-005003,SMB,2020-05-05,initial_default
ACC-005004,SMB,2024-12-17,initial_default
ACC-005005,SMB,2025-07-25,initial_default
ACC-005006,SMB,2023-06-15,initial_default
ACC-005006,Commercial,2024-02-01,usage_threshold
ACC-005007,SMB,2021-05-10,initial_default
ACC-005008,SMB,2024-10-08,initial_default
ACC-005009,SMB,2023-12-15,initial_default
ACC-005009,Commercial,2025-05-01,usage_threshold
ACC-005010,SMB,2025-11-19,initial_default
ACC-005011,SMB,2021-06-09,initial_default
ACC-005012,SMB,2025-05-08,initial_default
ACC-005013,SMB,2025-09-19,initial_default
ACC-005014,SMB,2025-11-07,initial_default
ACC-005015,SMB,2022-06-04,initial_default
ACC-005015,Commercial,2024-10-01,usage_threshold
ACC-005016,SMB,2025-04-24,initial_default
ACC-005017,SMB,2025-06-04,initial_default
ACC-005018,SMB,2025-11-12,initial_default
ACC-005019,SMB,2025-08-23,initial_default
ACC-005020,SMB,2023-10-05,initial_default
ACC-005021,SMB,2023-06-01,initial_default
ACC-005022,SMB,2022-03-24,initial_default
ACC-005023,SMB,2022-03-30,initial_default
ACC-005024,SMB,2020-08-03,initial_default
ACC-005025,SMB,2020-01-20,initial_default
ACC-005026,SMB,2023-07-10,initial_default
ACC-005027,SMB,2023-03-21,initial_default
ACC-005027,Commercial,2024-06-01,usage_threshold
ACC-005028,SMB,2023-11-21,initial_default
ACC-005029,SMB,2021-06-08,initial_default
ACC-005030,SMB,2023-09-28,initial_default
ACC-005031,SMB,2023-03-14,initial_default
ACC-005032,SMB,2024-05-21,initial_default
ACC-005033,SMB,2024-09-15,initial_default
ACC-005034,SMB,2020-10-30,initial_default
ACC-005035,SMB,2024-10-26,initial_default
ACC-005035,Commercial,2025-06-01,usage_threshold
ACC-005036,SMB,2024-12-17,initial_default
ACC-005037,SMB,2021-01-23,initial_default
ACC-005037,Commercial,2023-02-01,usage_threshold
ACC-005037,Enterprise,2023-06-01,usage_threshold
ACC-005038,SMB,2025-07-08,initial_default
ACC-005039,SMB,2025-03-03,initial_default
ACC-005040,SMB,2024-11-05,initial_default
ACC-005041,SMB,2023-03-17,initial_default
ACC-005042,SMB,2023-05-24,initial_default
ACC-005042,Commercial,2024-10-01,firmographic_rescore
ACC-005043,SMB,2024-03-17,initial_default
ACC-005044,SMB,2024-10-18,initial_default
ACC-005044,Commercial,2025-11-01,firmographic_rescore
ACC-005045,SMB,2024-03-04,initial_default
ACC-005046,SMB,2022-12-20,initial_default
ACC-005047,SMB,2023-10-18,initial_default
ACC-005048,SMB,2025-09-15,initial_default
ACC-005049,SMB,2025-10-20,initial_default
ACC-005050,SMB,2024-01-22,initial_default
ACC-005051,SMB,2025-03-07,initial_default
ACC-005051,Commercial,2025-10-01,firmographic_rescore
ACC-005052,SMB,2024-11-28,initial_default
ACC-005052,Commercial,2025-03-01,firmographic_rescore
ACC-005053,SMB,2020-05-10,initial_default
ACC-005054,SMB,2025-05-19,initial_default
ACC-005055,SMB,2024-01-21,initial_default
ACC-005056,SMB,2025-10-06,initial_default
ACC-005057,SMB,2020-11-21,initial_default
ACC-005058,SMB,2025-09-26,initial_default
ACC-005059,SMB,2023-02-17,initial_default
ACC-005060,SMB,2025-01-14,initial_default
ACC-005061,SMB,2023-10-20,initial_default
ACC-005062,SMB,2024-01-19,initial_default
ACC-005063,SMB,2023-11-18,initial_default
ACC-005064,SMB,2025-12-02,initial_default
ACC-005065,SMB,2020-01-19,initial_default
ACC-005066,SMB,2024-07-06,initial_default
ACC-005067,SMB,2024-04-04,initial_default
ACC-005068,SMB,2023-02-26,initial_default
ACC-005069,SMB,2024-08-25,initial_default
ACC-005070,SMB,2022-02-24,initial_default
ACC-005071,SMB,2025-08-18,initial_default
ACC-005072,SMB,2024-08-08,initial_default
ACC-005073,SMB,2025-09-07,initial_default
ACC-005074,SMB,2024-08-12,initial_default
ACC-005075,SMB,2025-01-24,initial_default
ACC-005076,SMB,2023-03-24,initial_default
ACC-005077,SMB,2024-04-14,initial_default
ACC-005078,SMB,2025-10-02,initial_default
ACC-005079,SMB,2023-10-01,initial_default
ACC-005079,Commercial,2025-01-01,usage_threshold
ACC-005079,Enterprise,2025-12-01,usage_threshold
ACC-005080,SMB,2023-03-23,initial_default
ACC-005081,SMB,2025-01-01,initial_default
ACC-005082,SMB,2024-11-19,initial_default
ACC-005083,SMB,2025-01-26,initial_default
ACC-005084,SMB,2023-08-01,initial_default
ACC-005085,SMB,2024-12-08,initial_default
ACC-005086,SMB,2024-10-14,initial_default
ACC-005087,SMB,2024-12-03,initial_default
ACC-005088,SMB,2023-12-06,initial_default
ACC-005089,SMB,2022-09-04,initial_default
ACC-005090,SMB,2025-07-27,initial_default
ACC-005091,SMB,2024-12-02,initial_default
ACC-005092,SMB,2024-07-13,initial_default
ACC-005093,SMB,2024-11-28,initial_default
ACC-005094,SMB,2025-04-02,initial_default
ACC-005095,SMB,2024-10-23,initial_default
ACC-005096,SMB,2021-03-21,initial_default
ACC-005097,SMB,2023-02-06,initial_default
ACC-005098,SMB,2023-06-27,initial_default
ACC-005099,SMB,2022-05-02,initial_default
ACC-005100,SMB,2024-04-21,initial_default
ACC-005101,SMB,2022-12-15,initial_default
ACC-005101,Commercial,2024-09-01,usage_threshold
ACC-005102,SMB,2024-03-08,initial_default
ACC-005103,SMB,2024-11-17,initial_default
ACC-005104,SMB,2022-10-03,initial_default
ACC-005104,Commercial,2023-11-01,firmographic_rescore
ACC-005105,SMB,2024-05-25,initial_default
ACC-005106,SMB,2025-07-03,initial_default
ACC-005107,SMB,2025-05-24,initial_default
ACC-005107,Commercial,2025-08-01,usage_threshold
ACC-005108,SMB,2023-11-14,initial_default
ACC-005109,SMB,2021-08-24,initial_default
ACC-005110,SMB,2024-11-04,initial_default
ACC-005111,SMB,2025-12-17,initial_default
ACC-005112,SMB,2023-04-25,initial_default
ACC-005113,SMB,2024-11-05,initial_default
ACC-005114,SMB,2025-02-27,initial_default
ACC-005115,SMB,2022-02-24,initial_default
ACC-005116,SMB,2021-12-10,initial_default
ACC-005117,SMB,2024-10-22,initial_default
ACC-005118,SMB,2023-09-11,initial_default
ACC-005119,SMB,2024-09-11,initial_default
ACC-005120,SMB,2024-04-08,initial_default
ACC-005121,SMB,2024-04-22,initial_default
ACC-005122,SMB,2025-01-09,initial_default
ACC-005123,SMB,2025-07-03,initial_default
ACC-005124,SMB,2025-07-27,initial_default
ACC-005125,SMB,2025-03-08,initial_default
ACC-005126,SMB,2023-05-26,initial_default
ACC-005126,Commercial,2024-12-01,firmographic_rescore
ACC-005127,SMB,2024-12-28,initial_default
ACC-005128,SMB,2023-02-20,initial_default
ACC-005129,SMB,2025-09-13,initial_default
ACC-005130,SMB,2023-05-10,initial_default
ACC-005131,SMB,2025-09-24,initial_default
ACC-005132,SMB,2024-03-23,initial_default
ACC-005133,SMB,2025-05-23,initial_default
ACC-005134,SMB,2025-09-12,initial_default
ACC-005135,SMB,2025-11-25,initial_default
ACC-005136,SMB,2021-12-04,initial_default
ACC-005136,Commercial,2022-06-01,usage_threshold
ACC-005137,SMB,2025-03-25,initial_default
ACC-005138,SMB,2023-02-19,initial_default
ACC-005139,SMB,2025-07-10,initial_default
ACC-005140,SMB,2023-03-10,initial_default
ACC-005141,SMB,2023-03-05,initial_default
ACC-005142,SMB,2024-07-19,initial_default
ACC-005143,SMB,2025-10-09,initial_default
ACC-005144,SMB,2024-07-22,initial_default
ACC-005144,Commercial,2025-06-01,usage_threshold
ACC-005145,SMB,2024-02-19,initial_default
ACC-005145,Commercial,2025-10-01,usage_threshold
ACC-005146,SMB,2023-07-02,initial_default
ACC-005147,SMB,2023-01-08,initial_default
ACC-005148,SMB,2025-11-25,initial_default
ACC-005149,SMB,2023-10-01,initial_default
ACC-005149,Commercial,2025-10-01,firmographic_rescore
ACC-005150,SMB,2025-09-04,initial_default
ACC-005151,SMB,2023-01-16,initial_default
ACC-005152,SMB,2025-03-05,initial_default
ACC-005153,SMB,2025-09-13,initial_default
ACC-005154,SMB,2023-10-26,initial_default
ACC-005155,SMB,2020-06-24,initial_default
ACC-005156,SMB,2023-12-09,initial_default
ACC-005157,SMB,2023-12-21,initial_default
ACC-005158,SMB,2024-04-16,initial_default
ACC-005159,SMB,2023-07-09,initial_default
ACC-005159,Commercial,2024-06-01,usage_threshold
ACC-005160,SMB,2022-10-24,initial_default
ACC-005161,SMB,2023-09-05,initial_default
ACC-005162,SMB,2024-11-10,initial_default
ACC-005163,SMB,2025-03-24,initial_default
ACC-005164,SMB,2021-07-24,initial_default
ACC-005165,SMB,2023-02-09,initial_default
ACC-005166,SMB,2022-11-06,initial_default
ACC-005166,Commercial,2024-11-01,firmographic_rescore
ACC-005167,SMB,2025-10-04,initial_default
ACC-005168,SMB,2024-12-28,initial_default
ACC-005169,SMB,2023-07-14,initial_default
ACC-005170,SMB,2025-02-05,initial_default
ACC-005171,SMB,2024-11-20,initial_default
ACC-005172,SMB,2025-04-08,initial_default
ACC-005173,SMB,2024-04-06,initial_default
ACC-005174,SMB,2025-08-14,initial_default
ACC-005175,SMB,2023-12-05,initial_default
ACC-005176,SMB,2023-03-03,initial_default
ACC-005177,SMB,2024-04-17,initial_default
ACC-005178,SMB,2024-02-12,initial_default
ACC-005179,SMB,2025-08-15,initial_default
ACC-005180,SMB,2022-11-20,initial_default
ACC-005180,Commercial,2023-08-01,firmographic_rescore
ACC-005181,SMB,2023-02-13,initial_default
ACC-005182,SMB,2025-10-12,initial_default
ACC-005183,SMB,2024-11-10,initial_default
ACC-005184,SMB,2023-05-02,initial_default
ACC-005185,SMB,2025-02-08,initial_default
ACC-005186,SMB,2024-10-03,initial_default
ACC-005187,SMB,2025-10-14,initial_default
ACC-005188,SMB,2024-03-05,initial_default
ACC-005189,SMB,2022-12-04,initial_default
ACC-005190,SMB,2021-02-17,initial_default
ACC-005191,SMB,2024-01-19,initial_default
ACC-005191,Commercial,2024-11-01,firmographic_rescore
ACC-005192,SMB,2025-08-04,initial_default
ACC-005193,SMB,2023-03-14,initial_default
ACC-005194,SMB,2025-04-12,initial_default
ACC-005195,SMB,2025-08-11,initial_default
ACC-005196,SMB,2025-12-06,initial_default
ACC-005197,SMB,2025-09-15,initial_default
ACC-005198,SMB,2025-10-24,initial_default
ACC-005199,SMB,2024-01-02,initial_default
ACC-005200,SMB,2024-03-23,initial_default
ACC-005200,Commercial,2024-12-01,usage_threshold
ACC-005201,SMB,2022-09-16,initial_default
ACC-005202,SMB,2025-11-26,initial_default
ACC-005203,SMB,2021-12-30,initial_default
ACC-005204,SMB,2025-02-16,initial_default
ACC-005204,Commercial,2025-10-01,usage_threshold
ACC-005205,SMB,2025-10-01,initial_default
ACC-005206,SMB,2022-09-12,initial_default
ACC-005207,SMB,2024-02-17,initial_default
ACC-005208,SMB,2023-11-20,initial_default
ACC-005209,SMB,2024-11-25,initial_default
ACC-005210,SMB,2025-09-22,initial_default
ACC-005211,SMB,2021-04-26,initial_default
ACC-005212,SMB,2023-01-03,initial_default
ACC-005213,SMB,2024-06-18,initial_default
ACC-005214,SMB,2024-10-14,initial_default
ACC-005215,SMB,2020-05-20,initial_default
ACC-005216,SMB,2021-06-24,initial_default
ACC-005217,SMB,2021-03-10,initial_default
ACC-005217,Commercial,2023-11-01,firmographic_rescore
ACC-005218,SMB,2023-07-18,initial_default
ACC-005219,SMB,2021-09-19,initial_default
ACC-005220,SMB,2023-12-21,initial_default
ACC-005221,SMB,2025-06-09,initial_default
ACC-005222,SMB,2024-11-27,initial_default
ACC-005223,SMB,2024-03-23,initial_default
ACC-005224,SMB,2025-06-19,initial_default
ACC-005225,SMB,2022-05-01,initial_default
ACC-005226,SMB,2023-08-18,initial_default
ACC-005226,Commercial,2025-06-01,firmographic_rescore
ACC-005227,SMB,2025-06-20,initial_default
ACC-005227,Commercial,2025-09-01,usage_threshold
ACC-005228,SMB,2023-12-15,initial_default
ACC-005229,SMB,2025-10-24,initial_default
ACC-005230,SMB,2024-04-22,initial_default
ACC-005231,SMB,2023-10-27,initial_default
ACC-005232,SMB,2024-11-24,initial_default
ACC-005233,SMB,2022-09-02,initial_default
ACC-005234,SMB,2023-09-10,initial_default
ACC-005234,Commercial,2025-02-01,usage_threshold
ACC-005235,SMB,2020-07-03,initial_default
ACC-005236,SMB,2022-10-15,initial_default
ACC-005237,SMB,2024-06-05,initial_default
ACC-005238,SMB,2025-02-10,initial_default
ACC-005239,SMB,2025-12-06,initial_default
ACC-005240,SMB,2024-11-06,initial_default
ACC-005241,SMB,2020-09-14,initial_default
ACC-005242,SMB,2021-11-19,initial_default
ACC-005243,SMB,2025-01-25,initial_default
ACC-005244,SMB,2020-04-12,initial_default
ACC-005245,SMB,2025-09-27,initial_default
ACC-005246,SMB,2025-08-26,initial_default
ACC-005247,SMB,2025-06-19,initial_default
ACC-005248,SMB,2024-11-02,initial_default
ACC-005249,SMB,2022-04-26,initial_default
ACC-005250,SMB,2025-02-13,initial_default
ACC-005251,SMB,2024-12-17,initial_default
ACC-005252,SMB,2023-10-17,initial_default
ACC-005252,Commercial,2024-06-01,usage_threshold
ACC-005253,SMB,2025-09-26,initial_default
ACC-005254,SMB,2024-04-25,initial_default
ACC-005255,SMB,2025-03-06,initial_default
ACC-005256,SMB,2023-09-26,initial_default
ACC-005257,SMB,2025-01-12,initial_default
ACC-005258,SMB,2025-09-17,initial_default
ACC-005259,SMB,2025-07-03,initial_default
ACC-005260,SMB,2024-06-12,initial_default
ACC-005261,SMB,2024-09-01,initial_default
ACC-005262,SMB,2024-02-11,initial_default
ACC-005263,SMB,2025-10-01,initial_default
ACC-005264,SMB,2025-05-06,initial_default
ACC-005265,SMB,2025-03-23,initial_default
ACC-005266,SMB,2020-10-31,initial_default
ACC-005267,SMB,2020-01-22,initial_default
ACC-005268,SMB,2023-03-18,initial_default
ACC-005269,SMB,2025-04-22,initial_default
ACC-005270,SMB,2024-05-25,initial_default
ACC-005271,SMB,2023-03-19,initial_default
ACC-005272,SMB,2025-10-21,initial_default
ACC-005273,SMB,2023-10-15,initial_default
ACC-005274,SMB,2024-12-14,initial_default
ACC-005275,SMB,2024-08-03,initial_default
ACC-005276,SMB,2025-03-20,initial_default
ACC-005277,SMB,2024-08-19,initial_default
ACC-005278,SMB,2023-04-28,initial_default
ACC-005279,SMB,2024-09-23,initial_default
ACC-005280,SMB,2023-09-14,initial_default
ACC-005281,SMB,2023-06-01,initial_default
ACC-005282,SMB,2025-02-05,initial_default
ACC-005283,SMB,2023-11-12,initial_default
ACC-005284,SMB,2023-04-10,initial_default
ACC-005285,SMB,2025-09-28,initial_default
ACC-005286,SMB,2025-12-24,initial_default
ACC-005287,SMB,2025-09-06,initial_default
ACC-005288,SMB,2024-03-17,initial_default
ACC-005289,SMB,2025-02-04,initial_default
ACC-005290,SMB,2021-09-22,initial_default
ACC-005291,SMB,2025-09-11,initial_default
ACC-005292,SMB,2025-11-07,initial_default
ACC-005293,SMB,2023-11-13,initial_default
ACC-005294,SMB,2025-12-12,initial_default
ACC-005295,SMB,2025-05-18,initial_default
ACC-005296,SMB,2023-03-22,initial_default
ACC-005297,SMB,2024-04-09,initial_default
ACC-005298,SMB,2024-10-06,initial_default
ACC-005299,SMB,2025-09-25,initial_default
ACC-005300,SMB,2024-10-02,initial_default
ACC-005301,SMB,2024-10-08,initial_default
ACC-005302,SMB,2023-08-23,initial_default
ACC-005303,SMB,2022-02-12,initial_default
ACC-005304,SMB,2021-01-18,initial_default
ACC-005305,SMB,2024-03-11,initial_default
ACC-005306,SMB,2025-03-25,initial_default
ACC-005307,SMB,2025-01-12,initial_default
ACC-005308,SMB,2024-09-09,initial_default
ACC-005309,SMB,2023-08-17,initial_default
ACC-005309,Commercial,2025-10-01,usage_threshold
ACC-005310,SMB,2022-06-11,initial_default
ACC-005311,SMB,2025-02-24,initial_default
ACC-005312,SMB,2024-10-28,initial_default
ACC-005313,SMB,2025-06-12,initial_default
ACC-005314,SMB,2025-12-06,initial_default
ACC-005315,SMB,2025-12-13,initial_default
ACC-005316,SMB,2024-11-01,initial_default
ACC-005317,SMB,2023-08-13,initial_default
ACC-005318,SMB,2025-07-10,initial_default
ACC-005319,SMB,2023-08-07,initial_default
ACC-005320,SMB,2025-02-27,initial_default
ACC-005321,SMB,2023-05-11,initial_default
ACC-005322,SMB,2025-09-06,initial_default
ACC-005323,SMB,2025-01-25,initial_default
ACC-005324,SMB,2025-10-16,initial_default
ACC-005325,SMB,2024-07-05,initial_default
ACC-005326,SMB,2025-10-19,initial_default
ACC-005327,SMB,2025-06-05,initial_default
ACC-005328,SMB,2023-11-05,initial_default
ACC-005329,SMB,2025-01-09,initial_default
ACC-005330,SMB,2020-06-26,initial_default
ACC-005331,SMB,2025-09-05,initial_default
ACC-005332,SMB,2024-08-11,initial_default
ACC-005333,SMB,2021-11-07,initial_default
ACC-005334,SMB,2025-12-24,initial_default
ACC-005335,SMB,2024-05-14,initial_default
ACC-005336,SMB,2025-04-18,initial_default
ACC-005337,SMB,2025-09-20,initial_default
ACC-005338,SMB,2024-11-17,initial_default
ACC-005339,SMB,2024-01-19,initial_default
ACC-005340,SMB,2025-11-23,initial_default
ACC-005341,SMB,2023-08-17,initial_default
ACC-005341,Commercial,2025-04-01,firmographic_rescore
ACC-005342,SMB,2023-06-27,initial_default
ACC-005343,SMB,2024-12-25,initial_default
ACC-005344,SMB,2020-02-15,initial_default
ACC-005345,SMB,2020-04-05,initial_default
ACC-005346,SMB,2024-10-05,initial_default
ACC-005346,Commercial,2025-07-01,usage_threshold
ACC-005347,SMB,2020-01-17,initial_default
ACC-005348,SMB,2023-08-23,initial_default
ACC-005349,SMB,2020-08-14,initial_default
ACC-005350,SMB,2024-07-11,initial_default
ACC-005351,SMB,2023-04-12,initial_default
ACC-005352,SMB,2024-09-09,initial_default
ACC-005353,SMB,2021-07-31,initial_default
ACC-005354,SMB,2021-03-25,initial_default
ACC-005355,SMB,2023-01-23,initial_default
ACC-005356,SMB,2023-05-20,initial_default
ACC-005357,SMB,2025-05-26,initial_default
ACC-005358,SMB,2024-11-28,initial_default
ACC-005359,SMB,2022-06-01,initial_default
ACC-005360,SMB,2023-07-05,initial_default
ACC-005361,SMB,2025-01-27,initial_default
ACC-005362,SMB,2022-04-02,initial_default
ACC-005363,SMB,2025-09-24,initial_default
ACC-005364,SMB,2024-07-03,initial_default
ACC-005365,SMB,2024-10-10,initial_default
ACC-005366,SMB,2024-10-24,initial_default
ACC-005367,SMB,2025-05-19,initial_default
ACC-005368,SMB,2025-06-19,initial_default
ACC-005369,SMB,2025-02-03,initial_default
ACC-005370,SMB,2024-07-02,initial_default
ACC-005371,SMB,2023-08-12,initial_default
ACC-005372,SMB,2020-06-26,initial_default
ACC-005373,SMB,2021-03-16,initial_default
ACC-005374,SMB,2025-04-12,initial_default
ACC-005375,SMB,2023-10-26,initial_default
ACC-005376,SMB,2024-01-05,initial_default
ACC-005377,SMB,2025-04-28,initial_default
ACC-005378,SMB,2025-05-01,initial_default
ACC-005379,SMB,2025-06-12,initial_default
ACC-005380,SMB,2024-11-14,initial_default
ACC-005381,SMB,2025-11-25,initial_default
ACC-005382,SMB,2024-12-17,initial_default
ACC-005383,SMB,2025-07-12,initial_default
ACC-005384,SMB,2024-02-05,initial_default
ACC-005385,SMB,2020-02-07,initial_default
ACC-005386,SMB,2025-06-12,initial_default
ACC-005387,SMB,2025-06-01,initial_default
ACC-005387,Commercial,2025-12-01,firmographic_rescore
ACC-005388,SMB,2024-01-10,initial_default
ACC-005389,SMB,2025-12-21,initial_default
ACC-005390,SMB,2023-04-08,initial_default
ACC-005391,SMB,2021-03-24,initial_default
ACC-005392,SMB,2022-11-27,initial_default
ACC-005393,SMB,2023-08-19,initial_default
ACC-005394,SMB,2023-11-07,initial_default
ACC-005395,SMB,2025-10-26,initial_default
ACC-005396,SMB,2025-02-24,initial_default
ACC-005397,SMB,2024-04-06,initial_default
ACC-005398,SMB,2020-03-01,initial_default
ACC-005399,SMB,2023-09-12,initial_default
ACC-005399,Commercial,2024-02-01,usage_threshold
ACC-005400,SMB,2022-09-03,initial_default
ACC-005401,SMB,2022-04-02,initial_default
ACC-005402,SMB,2025-06-23,initial_default
ACC-005403,SMB,2024-10-02,initial_default
ACC-005404,SMB,2024-02-26,initial_default
ACC-005405,SMB,2021-05-14,initial_default
ACC-005406,SMB,2023-07-06,initial_default
ACC-005407,SMB,2020-03-10,initial_default
ACC-005408,SMB,2025-02-26,initial_default
ACC-005409,SMB,2024-03-01,initial_default
ACC-005410,SMB,2024-02-12,initial_default
ACC-005411,SMB,2024-07-04,initial_default
ACC-005412,SMB,2020-04-22,initial_default
ACC-005413,SMB,2024-01-10,initial_default
ACC-005414,SMB,2025-12-26,initial_default
ACC-005415,SMB,2025-01-15,initial_default
ACC-005415,Commercial,2025-08-01,firmographic_rescore
ACC-005416,SMB,2024-07-07,initial_default
ACC-005416,Commercial,2025-02-01,usage_threshold
ACC-005417,SMB,2024-06-14,initial_default
ACC-005418,SMB,2021-12-01,initial_default
ACC-005419,SMB,2023-02-18,initial_default
ACC-005419,Commercial,2024-12-01,firmographic_rescore
ACC-005420,SMB,2024-02-08,initial_default
ACC-005421,SMB,2021-05-01,initial_default
ACC-005422,SMB,2022-02-06,initial_default
ACC-005423,SMB,2021-05-15,initial_default
ACC-005424,SMB,2025-02-13,initial_default
ACC-005425,SMB,2021-08-12,initial_default
ACC-005425,Commercial,2022-04-01,usage_threshold
ACC-005426,SMB,2023-09-14,initial_default
ACC-005427,SMB,2025-05-25,initial_default
ACC-005428,SMB,2023-07-14,initial_default
ACC-005429,SMB,2022-11-25,initial_default
ACC-005429,Commercial,2025-04-01,usage_threshold
ACC-005430,SMB,2023-11-15,initial_default
ACC-005430,Commercial,2025-01-01,usage_threshold
ACC-005431,SMB,2024-02-22,initial_default
ACC-005431,Commercial,2024-10-01,usage_threshold
ACC-005432,SMB,2025-05-15,initial_default
ACC-005433,SMB,2020-07-28,initial_default
ACC-005434,SMB,2024-08-25,initial_default
ACC-005435,SMB,2025-12-19,initial_default
ACC-005436,SMB,2023-09-17,initial_default
ACC-005437,SMB,2024-08-01,initial_default
ACC-005438,SMB,2024-11-25,initial_default
ACC-005439,SMB,2025-09-26,initial_default
ACC-005440,SMB,2024-10-09,initial_default
ACC-005441,SMB,2024-11-27,initial_default
ACC-005442,SMB,2022-08-23,initial_default
ACC-005443,SMB,2021-05-09,initial_default
ACC-005444,SMB,2025-06-17,initial_default
ACC-005445,SMB,2022-11-05,initial_default
ACC-005446,SMB,2025-09-03,initial_default
ACC-005447,SMB,2024-09-25,initial_default
ACC-005448,SMB,2024-03-20,initial_default
ACC-005448,Commercial,2024-07-01,usage_threshold
ACC-005449,SMB,2025-02-09,initial_default
ACC-005450,SMB,2025-12-12,initial_default
ACC-005451,SMB,2025-12-13,initial_default
ACC-005452,SMB,2024-04-12,initial_default
ACC-005453,SMB,2025-11-26,initial_default
ACC-005454,SMB,2021-07-30,initial_default
ACC-005455,SMB,2025-08-03,initial_default
ACC-005456,SMB,2023-07-22,initial_default
ACC-005457,SMB,2021-10-19,initial_default
ACC-005458,SMB,2024-01-11,initial_default
ACC-005459,SMB,2020-02-10,initial_default
ACC-005460,SMB,2023-01-26,initial_default
ACC-005461,SMB,2022-01-20,initial_default
ACC-005461,Commercial,2022-03-01,usage_threshold
ACC-005462,SMB,2023-05-11,initial_default
ACC-005463,SMB,2024-09-26,initial_default
ACC-005464,SMB,2025-11-09,initial_default
ACC-005465,SMB,2025-10-15,initial_default
ACC-005466,SMB,2025-01-28,initial_default
ACC-005467,SMB,2025-07-18,initial_default
ACC-005468,SMB,2025-09-01,initial_default
ACC-005469,SMB,2024-05-11,initial_default
ACC-005470,SMB,2024-01-06,initial_default
ACC-005470,Commercial,2025-08-01,firmographic_rescore
ACC-005471,SMB,2024-04-22,initial_default
ACC-005472,SMB,2025-12-03,initial_default
ACC-005473,SMB,2023-09-07,initial_default
ACC-005474,SMB,2021-02-18,initial_default
ACC-005475,SMB,2024-11-07,initial_default
ACC-005476,SMB,2025-09-10,initial_default
ACC-005477,SMB,2020-11-03,initial_default
ACC-005478,SMB,2025-02-18,initial_default
ACC-005479,SMB,2020-01-05,initial_default
ACC-005480,SMB,2025-09-12,initial_default
ACC-005481,SMB,2025-05-01,initial_default
ACC-005482,SMB,2021-05-01,initial_default
ACC-005483,SMB,2025-12-12,initial_default
ACC-005484,SMB,2025-05-19,initial_default
ACC-005485,SMB,2025-02-08,initial_default
ACC-005486,SMB,2024-10-08,initial_default
ACC-005487,SMB,2023-09-16,initial_default
ACC-005488,SMB,2021-04-29,initial_default
ACC-005489,SMB,2023-09-13,initial_default
ACC-005490,SMB,2021-12-02,initial_default
ACC-005491,SMB,2024-06-26,initial_default
ACC-005491,Commercial,2025-10-01,usage_threshold
ACC-005492,SMB,2023-07-02,initial_default
ACC-005492,Commercial,2025-12-01,usage_threshold
ACC-005493,SMB,2025-08-24,initial_default
ACC-005494,SMB,2024-08-06,initial_default
ACC-005495,SMB,2025-09-17,initial_default
ACC-005496,SMB,2024-08-22,initial_default
ACC-005497,SMB,2025-09-03,initial_default
ACC-005498,SMB,2021-06-03,initial_default
ACC-005498,Commercial,2022-10-01,usage_threshold
ACC-005498,Enterprise,2025-07-01,usage_threshold
ACC-005499,SMB,2023-05-01,initial_default
ACC-005500,SMB,2023-03-13,initial_default
ACC-005501,SMB,2024-12-22,initial_default
ACC-005502,SMB,2023-06-10,initial_default
ACC-005503,SMB,2025-01-27,initial_default
ACC-005504,SMB,2025-04-10,initial_default
ACC-005505,SMB,2024-08-26,initial_default
ACC-005506,SMB,2025-03-12,initial_default
ACC-005507,SMB,2020-05-09,initial_default
ACC-005508,SMB,2025-10-01,initial_default
ACC-005509,SMB,2022-07-03,initial_default
ACC-005510,SMB,2025-06-15,initial_default
ACC-005511,SMB,2024-08-24,initial_default
ACC-005512,SMB,2023-02-21,initial_default
ACC-005512,Commercial,2023-12-01,usage_threshold
ACC-005513,SMB,2023-11-24,initial_default
ACC-005514,SMB,2025-04-06,initial_default
ACC-005515,SMB,2022-03-09,initial_default
ACC-005515,Commercial,2023-04-01,firmographic_rescore
ACC-005516,SMB,2022-01-30,initial_default
ACC-005517,SMB,2023-10-11,initial_default
ACC-005518,SMB,2025-08-13,initial_default
ACC-005519,SMB,2024-08-19,initial_default
ACC-005520,SMB,2025-10-23,initial_default
ACC-005521,SMB,2025-04-23,initial_default
ACC-005522,SMB,2021-09-14,initial_default
ACC-005523,SMB,2020-08-03,initial_default
ACC-005524,SMB,2024-11-02,initial_default
ACC-005524,Commercial,2025-08-01,usage_threshold
ACC-005525,SMB,2025-06-22,initial_default
ACC-005525,Commercial,2025-12-01,firmographic_rescore
ACC-005526,SMB,2025-05-16,initial_default
ACC-005527,SMB,2021-01-22,initial_default
ACC-005528,SMB,2022-09-25,initial_default
ACC-005529,SMB,2025-12-28,initial_default
ACC-005530,SMB,2024-05-18,initial_default
ACC-005531,SMB,2024-11-15,initial_default
ACC-005532,SMB,2025-12-22,initial_default
ACC-005533,SMB,2023-01-02,initial_default
ACC-005534,SMB,2023-12-21,initial_default
ACC-005535,SMB,2022-01-18,initial_default
ACC-005535,Commercial,2024-02-01,firmographic_rescore
ACC-005536,SMB,2024-09-03,initial_default
ACC-005537,SMB,2025-03-02,initial_default
ACC-005538,SMB,2021-03-23,initial_default
ACC-005539,SMB,2023-02-13,initial_default
ACC-005539,Commercial,2023-11-01,usage_threshold
ACC-005540,SMB,2023-05-02,initial_default
ACC-005541,SMB,2024-03-28,initial_default
ACC-005542,SMB,2025-04-24,initial_default
ACC-005543,SMB,2020-05-07,initial_default
ACC-005544,SMB,2024-07-07,initial_default
ACC-005545,SMB,2023-05-08,initial_default
ACC-005546,SMB,2023-03-03,initial_default
ACC-005547,SMB,2025-05-24,initial_default
ACC-005548,SMB,2025-12-11,initial_default
ACC-005549,SMB,2025-02-26,initial_default
ACC-005550,SMB,2023-03-20,initial_default
ACC-005551,SMB,2023-05-14,initial_default
ACC-005552,SMB,2024-01-15,initial_default
ACC-005553,SMB,2025-05-07,initial_default
ACC-005554,SMB,2022-10-13,initial_default
ACC-005555,SMB,2022-06-23,initial_default
ACC-005556,SMB,2025-09-07,initial_default
ACC-005557,SMB,2025-08-27,initial_default
ACC-005558,SMB,2022-11-01,initial_default
ACC-005558,Commercial,2024-08-01,firmographic_rescore
ACC-005558,Enterprise,2025-11-01,firmographic_rescore
ACC-005559,SMB,2022-08-25,initial_default
ACC-005560,SMB,2024-08-21,initial_default
ACC-005561,SMB,2023-08-17,initial_default
ACC-005562,SMB,2024-08-19,initial_default
ACC-005563,SMB,2023-07-08,initial_default
ACC-005564,SMB,2025-10-14,initial_default
ACC-005565,SMB,2023-10-14,initial_default
ACC-005566,SMB,2021-08-08,initial_default
ACC-005567,SMB,2023-10-03,initial_default
ACC-005568,SMB,2024-10-10,initial_default
ACC-005569,SMB,2022-01-26,initial_default
ACC-005570,SMB,2020-08-30,initial_default
ACC-005571,SMB,2024-10-13,initial_default
ACC-005572,SMB,2024-05-28,initial_default
ACC-005573,SMB,2025-03-19,initial_default
ACC-005574,SMB,2025-05-25,initial_default
ACC-005575,SMB,2025-07-10,initial_default
ACC-005575,Commercial,2025-10-01,usage_threshold
ACC-005576,SMB,2023-11-09,initial_default
ACC-005577,SMB,2025-11-04,initial_default
ACC-005578,SMB,2023-04-27,initial_default
ACC-005579,SMB,2025-06-23,initial_default
ACC-005580,SMB,2024-10-01,initial_default
ACC-005581,SMB,2020-03-06,initial_default
ACC-005582,SMB,2024-01-21,initial_default
ACC-005582,Commercial,2024-04-01,usage_threshold
ACC-005583,SMB,2022-07-26,initial_default
ACC-005584,SMB,2025-10-19,initial_default
ACC-005585,SMB,2023-10-17,initial_default
ACC-005586,SMB,2024-11-21,initial_default
ACC-005587,SMB,2024-12-22,initial_default
ACC-005588,SMB,2024-09-03,initial_default
ACC-005589,SMB,2023-06-04,initial_default
ACC-005590,SMB,2025-06-10,initial_default
ACC-005591,SMB,2021-07-17,initial_default
ACC-005592,SMB,2024-03-20,initial_default
ACC-005593,SMB,2024-08-14,initial_default
ACC-005593,Commercial,2024-11-01,usage_threshold
ACC-005594,SMB,2025-10-25,initial_default
ACC-005595,SMB,2022-05-19,initial_default
ACC-005596,SMB,2025-03-26,initial_default
ACC-005597,SMB,2023-10-22,initial_default
ACC-005598,SMB,2024-08-25,initial_default
ACC-005599,SMB,2024-09-13,initial_default
ACC-005600,SMB,2025-12-15,initial_default
ACC-005601,SMB,2020-06-07,initial_default
ACC-005602,SMB,2024-07-19,initial_default
ACC-005603,SMB,2024-05-12,initial_default
ACC-005604,SMB,2025-06-14,initial_default
ACC-005605,SMB,2023-11-13,initial_default
ACC-005606,SMB,2023-08-20,initial_default
ACC-005607,SMB,2025-03-25,initial_default
ACC-005608,SMB,2022-08-14,initial_default
ACC-005609,SMB,2021-09-18,initial_default
ACC-005610,SMB,2025-06-26,initial_default
ACC-005611,SMB,2023-09-19,initial_default
ACC-005611,Commercial,2024-06-01,firmographic_rescore
ACC-005612,SMB,2025-03-23,initial_default
ACC-005612,Commercial,2025-07-01,usage_threshold
ACC-005613,SMB,2025-01-22,initial_default
ACC-005614,SMB,2022-07-16,initial_default
ACC-005615,SMB,2025-02-06,initial_default
ACC-005616,SMB,2020-08-12,initial_default
ACC-005617,SMB,2023-05-25,initial_default
ACC-005617,Commercial,2023-11-01,usage_threshold
ACC-005618,SMB,2025-04-21,initial_default
ACC-005619,SMB,2025-09-25,initial_default
ACC-005620,SMB,2023-02-26,initial_default
ACC-005621,SMB,2024-11-24,initial_default
ACC-005622,SMB,2025-07-16,initial_default
ACC-005623,SMB,2020-03-12,initial_default
ACC-005623,Commercial,2023-01-01,firmographic_rescore
ACC-005623,Enterprise,2023-09-01,firmographic_rescore
ACC-005624,SMB,2024-01-01,initial_default
ACC-005625,SMB,2025-12-23,initial_default
ACC-005626,SMB,2024-01-16,initial_default
ACC-005627,SMB,2020-10-17,initial_default
ACC-005628,SMB,2025-10-17,initial_default
ACC-005629,SMB,2025-01-03,initial_default
ACC-005630,SMB,2021-07-16,initial_default
ACC-005631,SMB,2023-02-21,initial_default
ACC-005631,Commercial,2024-05-01,usage_threshold
ACC-005632,SMB,2025-08-24,initial_default
ACC-005633,SMB,2025-07-17,initial_default
ACC-005634,SMB,2025-12-15,initial_default
ACC-005635,SMB,2023-10-01,initial_default
ACC-005636,SMB,2024-04-03,initial_default
ACC-005637,SMB,2025-05-08,initial_default
ACC-005637,Commercial,2025-11-01,usage_threshold
ACC-005638,SMB,2022-07-10,initial_default
ACC-005639,SMB,2024-07-18,initial_default
ACC-005640,SMB,2025-03-20,initial_default
ACC-005641,SMB,2025-10-02,initial_default
ACC-005642,SMB,2022-10-08,initial_default
ACC-005643,SMB,2023-09-01,initial_default
ACC-005644,SMB,2025-12-17,initial_default
ACC-005645,SMB,2024-04-23,initial_default
ACC-005646,SMB,2020-03-21,initial_default
ACC-005647,SMB,2025-10-12,initial_default
ACC-005648,SMB,2022-06-07,initial_default
ACC-005648,Commercial,2024-03-01,usage_threshold
ACC-005649,SMB,2025-02-03,initial_default
ACC-005650,SMB,2025-06-17,initial_default
ACC-005651,SMB,2025-05-09,initial_default
ACC-005652,SMB,2024-07-07,initial_default
ACC-005653,SMB,2025-10-26,initial_default
ACC-005654,SMB,2025-07-21,initial_default
ACC-005655,SMB,2025-04-16,initial_default
ACC-005656,SMB,2022-10-20,initial_default
ACC-005657,SMB,2025-05-13,initial_default
ACC-005658,SMB,2021-06-10,initial_default
ACC-005659,SMB,2024-05-27,initial_default
ACC-005660,SMB,2021-04-09,initial_default
ACC-005661,SMB,2024-12-18,initial_default
ACC-005662,SMB,2022-05-25,initial_default
ACC-005663,SMB,2024-06-14,initial_default
ACC-005664,SMB,2020-04-05,initial_default
ACC-005665,SMB,2021-07-05,initial_default
ACC-005666,SMB,2022-10-13,initial_default
ACC-005667,SMB,2023-11-03,initial_default
ACC-005668,SMB,2024-11-14,initial_default
ACC-005669,SMB,2024-02-03,initial_default
ACC-005670,SMB,2023-08-16,initial_default
ACC-005671,SMB,2023-09-17,initial_default
ACC-005672,SMB,2023-09-19,initial_default
ACC-005673,SMB,2024-01-17,initial_default
ACC-005674,SMB,2025-07-01,initial_default
ACC-005674,Commercial,2025-10-01,usage_threshold
ACC-005675,SMB,2020-08-07,initial_default
ACC-005676,SMB,2025-02-22,initial_default
ACC-005677,SMB,2024-03-06,initial_default
ACC-005678,SMB,2024-09-07,initial_default
ACC-005679,SMB,2024-11-27,initial_default
ACC-005680,SMB,2025-03-19,initial_default
ACC-005681,SMB,2024-10-03,initial_default
ACC-005682,SMB,2024-11-15,initial_default
ACC-005683,SMB,2025-04-09,initial_default
ACC-005684,SMB,2025-10-10,initial_default
ACC-005685,SMB,2025-09-05,initial_default
ACC-005686,SMB,2023-12-18,initial_default
ACC-005687,SMB,2023-02-24,initial_default
ACC-005688,SMB,2024-04-25,initial_default
ACC-005689,SMB,2024-11-09,initial_default
ACC-005689,Commercial,2025-12-01,firmographic_rescore
ACC-005690,SMB,2025-05-01,initial_default
ACC-005691,SMB,2020-10-12,initial_default
ACC-005692,SMB,2025-11-20,initial_default
ACC-005693,SMB,2024-10-15,initial_default
ACC-005694,SMB,2025-10-09,initial_default
ACC-005695,SMB,2024-10-27,initial_default
ACC-005696,SMB,2023-01-13,initial_default
ACC-005697,SMB,2025-07-19,initial_default
ACC-005698,SMB,2020-04-08,initial_default
ACC-005699,SMB,2024-07-11,initial_default
ACC-005700,SMB,2024-01-11,initial_default
ACC-005701,SMB,2025-10-22,initial_default
ACC-005702,SMB,2025-01-03,initial_default
ACC-005703,SMB,2025-05-23,initial_default
ACC-005704,SMB,2023-11-04,initial_default
ACC-005705,SMB,2023-11-03,initial_default
ACC-005706,SMB,2024-09-13,initial_default
ACC-005706,Commercial,2025-03-01,usage_threshold
ACC-005707,SMB,2025-10-02,initial_default
ACC-005708,SMB,2022-06-20,initial_default
ACC-005709,SMB,2023-02-20,initial_default
ACC-005710,SMB,2025-10-11,initial_default
ACC-005711,SMB,2025-12-03,initial_default
ACC-005712,SMB,2021-01-09,initial_default
ACC-005713,SMB,2024-10-10,initial_default
ACC-005714,SMB,2025-07-18,initial_default
ACC-005715,SMB,2022-11-12,initial_default
ACC-005716,SMB,2025-12-01,initial_default
ACC-005717,SMB,2025-03-06,initial_default
ACC-005718,SMB,2025-09-22,initial_default
ACC-005719,SMB,2025-11-01,initial_default
ACC-005720,SMB,2025-07-07,initial_default
ACC-005721,SMB,2024-06-24,initial_default
ACC-005722,SMB,2021-03-26,initial_default
ACC-005723,SMB,2025-01-12,initial_default
ACC-005724,SMB,2025-12-17,initial_default
ACC-005725,SMB,2025-10-11,initial_default
ACC-005726,SMB,2025-10-03,initial_default
ACC-005727,SMB,2022-11-15,initial_default
ACC-005728,SMB,2025-01-25,initial_default
ACC-005728,Commercial,2025-11-01,usage_threshold
ACC-005729,SMB,2025-10-14,initial_default
ACC-005730,SMB,2023-08-02,initial_default
ACC-005731,SMB,2022-01-22,initial_default
ACC-005731,Commercial,2022-08-01,usage_threshold
ACC-005732,SMB,2024-11-21,initial_default
ACC-005733,SMB,2024-07-12,initial_default
ACC-005733,Commercial,2025-10-01,usage_threshold
ACC-005734,SMB,2024-05-21,initial_default
ACC-005734,Commercial,2024-11-01,usage_threshold
ACC-005735,SMB,2024-08-22,initial_default
ACC-005736,SMB,2022-02-26,initial_default
ACC-005737,SMB,2025-06-03,initial_default
ACC-005738,SMB,2024-09-18,initial_default
ACC-005739,SMB,2025-03-04,initial_default
ACC-005740,SMB,2020-05-31,initial_default
ACC-005741,SMB,2022-07-01,initial_default
ACC-005742,SMB,2024-12-04,initial_default
ACC-005743,SMB,2024-08-11,initial_default
ACC-005744,SMB,2021-10-05,initial_default
ACC-005745,SMB,2025-07-04,initial_default
ACC-005746,SMB,2024-12-23,initial_default
ACC-005747,SMB,2025-09-28,initial_default
ACC-005748,SMB,2021-04-11,initial_default
ACC-005748,Commercial,2021-07-01,usage_threshold
ACC-005749,SMB,2023-04-28,initial_default
ACC-005750,SMB,2024-09-20,initial_default
ACC-005751,SMB,2023-03-10,initial_default
ACC-005752,SMB,2024-03-22,initial_default
ACC-005753,SMB,2025-03-05,initial_default
ACC-005754,SMB,2025-05-27,initial_default
ACC-005754,Commercial,2025-11-01,firmographic_rescore
ACC-005755,SMB,2020-01-31,initial_default
ACC-005756,SMB,2022-12-02,initial_default
ACC-005757,SMB,2021-01-15,initial_default
ACC-005758,SMB,2025-08-20,initial_default
ACC-005759,SMB,2022-06-10,initial_default
ACC-005760,SMB,2023-08-11,initial_default
ACC-005761,SMB,2024-04-03,initial_default
ACC-005762,SMB,2025-10-18,initial_default
ACC-005763,SMB,2023-09-25,initial_default
ACC-005763,Commercial,2024-04-01,usage_threshold
ACC-005764,SMB,2025-03-07,initial_default
ACC-005765,SMB,2023-03-24,initial_default
ACC-005766,SMB,2021-02-10,initial_default
ACC-005767,SMB,2025-01-09,initial_default
ACC-005768,SMB,2025-03-09,initial_default
ACC-005769,SMB,2022-01-29,initial_default
ACC-005770,SMB,2024-11-18,initial_default
ACC-005770,Commercial,2025-02-01,usage_threshold
ACC-005771,SMB,2024-03-17,initial_default
ACC-005772,SMB,2025-11-01,initial_default
ACC-005773,SMB,2022-02-22,initial_default
ACC-005774,SMB,2021-09-17,initial_default
ACC-005775,SMB,2021-12-05,initial_default
ACC-005775,Commercial,2024-01-01,usage_threshold
ACC-005776,SMB,2022-12-24,initial_default
ACC-005777,SMB,2025-12-15,initial_default
ACC-005778,SMB,2025-11-23,initial_default
ACC-005779,SMB,2021-11-01,initial_default
ACC-005780,SMB,2024-07-08,initial_default
ACC-005781,SMB,2025-03-25,initial_default
ACC-005782,SMB,2024-08-20,initial_default
ACC-005783,SMB,2023-04-15,initial_default
ACC-005784,SMB,2025-05-28,initial_default
ACC-005785,SMB,2025-08-02,initial_default
ACC-005786,SMB,2025-04-15,initial_default
ACC-005787,SMB,2024-04-01,initial_default
ACC-005788,SMB,2024-05-07,initial_default
ACC-005789,SMB,2023-03-09,initial_default
ACC-005790,SMB,2025-02-19,initial_default
ACC-005791,SMB,2025-12-17,initial_default
ACC-005792,SMB,2025-03-06,initial_default
ACC-005793,SMB,2025-05-16,initial_default
ACC-005794,SMB,2025-03-24,initial_default
ACC-005795,SMB,2025-04-06,initial_default
ACC-005796,SMB,2022-03-04,initial_default
ACC-005797,SMB,2024-03-18,initial_default
ACC-005798,SMB,2024-12-28,initial_default
ACC-005799,SMB,2022-08-04,initial_default
ACC-005800,SMB,2020-02-11,initial_default
ACC-005801,SMB,2023-12-24,initial_default
ACC-005802,SMB,2020-06-05,initial_default
ACC-005803,SMB,2024-06-15,initial_default
ACC-005804,SMB,2022-05-14,initial_default
ACC-005805,SMB,2025-11-04,initial_default
ACC-005806,SMB,2024-11-07,initial_default
ACC-005807,SMB,2024-04-11,initial_default
ACC-005808,SMB,2025-12-16,initial_default
ACC-005809,SMB,2025-10-15,initial_default
ACC-005810,SMB,2023-06-15,initial_default
ACC-005810,Commercial,2024-05-01,firmographic_rescore
ACC-005811,SMB,2022-02-28,initial_default
ACC-005812,SMB,2025-06-27,initial_default
ACC-005812,Commercial,2025-12-01,usage_threshold
ACC-005813,SMB,2025-11-06,initial_default
ACC-005814,SMB,2024-07-19,initial_default
ACC-005814,Commercial,2025-01-01,usage_threshold
ACC-005815,SMB,2022-09-04,initial_default
ACC-005815,Commercial,2023-04-01,usage_threshold
ACC-005816,SMB,2025-02-20,initial_default
ACC-005817,SMB,2020-05-26,initial_default
ACC-005818,SMB,2021-05-11,initial_default
ACC-005818,Commercial,2024-02-01,usage_threshold
ACC-005819,SMB,2024-01-03,initial_default
ACC-005820,SMB,2020-04-09,initial_default
ACC-005821,SMB,2024-08-04,initial_default
ACC-005822,SMB,2024-07-23,initial_default
ACC-005823,SMB,2023-06-10,initial_default
ACC-005823,Commercial,2023-12-01,firmographic_rescore
ACC-005824,SMB,2025-11-04,initial_default
ACC-005825,SMB,2020-09-21,initial_default
ACC-005826,SMB,2025-08-14,initial_default
ACC-005827,SMB,2025-12-23,initial_default
ACC-005828,SMB,2025-03-01,initial_default
ACC-005829,SMB,2024-05-08,initial_default
ACC-005830,SMB,2025-09-03,initial_default
ACC-005831,SMB,2023-08-04,initial_default
ACC-005832,SMB,2020-03-26,initial_default
ACC-005833,SMB,2022-10-25,initial_default
ACC-005834,SMB,2023-01-13,initial_default
ACC-005835,SMB,2025-01-07,initial_default
ACC-005836,SMB,2023-04-17,initial_default
ACC-005837,SMB,2024-11-20,initial_default
ACC-005838,SMB,2021-01-05,initial_default
ACC-005839,SMB,2023-03-28,initial_default
ACC-005840,SMB,2023-03-25,initial_default
ACC-005841,SMB,2023-07-09,initial_default
ACC-005842,SMB,2023-10-12,initial_default
ACC-005843,SMB,2025-01-25,initial_default
ACC-005844,SMB,2025-05-28,initial_default
ACC-005845,SMB,2025-02-27,initial_default
ACC-005846,SMB,2023-12-11,initial_default
ACC-005847,SMB,2023-05-16,initial_default
ACC-005848,SMB,2023-10-08,initial_default
ACC-005849,SMB,2024-12-24,initial_default
ACC-005850,SMB,2025-09-23,initial_default
ACC-005851,SMB,2022-04-03,initial_default
ACC-005852,SMB,2022-02-05,initial_default
ACC-005853,SMB,2024-12-02,initial_default
ACC-005854,SMB,2023-07-16,initial_default
ACC-005855,SMB,2024-11-04,initial_default
ACC-005856,SMB,2020-08-12,initial_default
ACC-005857,SMB,2025-10-06,initial_default
ACC-005858,SMB,2025-11-07,initial_default
ACC-005859,SMB,2020-08-25,initial_default
ACC-005860,SMB,2025-08-28,initial_default
ACC-005861,SMB,2025-02-05,initial_default
ACC-005862,SMB,2025-11-15,initial_default
ACC-005863,SMB,2024-05-20,initial_default
ACC-005864,SMB,2025-01-15,initial_default
ACC-005865,SMB,2023-03-13,initial_default
ACC-005866,SMB,2023-11-09,initial_default
ACC-005867,SMB,2025-03-10,initial_default
ACC-005868,SMB,2025-05-08,initial_default
ACC-005869,SMB,2025-04-17,initial_default
ACC-005870,SMB,2024-09-12,initial_default
ACC-005870,Commercial,2025-05-01,firmographic_rescore
ACC-005870,Enterprise,2025-10-01,usage_threshold
ACC-005871,SMB,2024-10-21,initial_default
ACC-005872,SMB,2021-02-17,initial_default
ACC-005873,SMB,2020-07-21,initial_default
ACC-005873,Commercial,2020-10-01,usage_threshold
ACC-005874,SMB,2025-09-13,initial_default
ACC-005875,SMB,2025-10-18,initial_default
ACC-005876,SMB,2023-07-12,initial_default
ACC-005877,SMB,2024-04-17,initial_default
ACC-005878,SMB,2025-06-06,initial_default
ACC-005879,SMB,2023-09-03,initial_default
ACC-005880,SMB,2022-09-13,initial_default
ACC-005881,SMB,2025-09-24,initial_default
ACC-005882,SMB,2025-04-03,initial_default
ACC-005883,SMB,2025-06-26,initial_default
ACC-005883,Commercial,2025-12-01,usage_threshold
ACC-005884,SMB,2020-01-11,initial_default
ACC-005885,SMB,2024-04-12,initial_default
ACC-005886,SMB,2023-02-20,initial_default
ACC-005887,SMB,2023-12-24,initial_default
ACC-005888,SMB,2025-02-12,initial_default
ACC-005889,SMB,2023-03-16,initial_default
ACC-005890,SMB,2025-03-21,initial_default
ACC-005891,SMB,2025-04-18,initial_default
ACC-005892,SMB,2025-07-26,initial_default
ACC-005893,SMB,2023-05-05,initial_default
ACC-005894,SMB,2025-10-07,initial_default
ACC-005895,SMB,2025-09-21,initial_default
ACC-005896,SMB,2024-03-15,initial_default
ACC-005897,SMB,2025-07-06,initial_default
ACC-005898,SMB,2025-01-18,initial_default
ACC-005899,SMB,2022-06-28,initial_default
ACC-005900,SMB,2020-03-25,initial_default
ACC-005901,SMB,2024-08-27,initial_default
ACC-005902,SMB,2024-08-02,initial_default
ACC-005902,Commercial,2025-07-01,usage_threshold
ACC-005903,SMB,2021-04-21,initial_default
ACC-005904,SMB,2024-01-08,initial_default
ACC-005904,Commercial,2025-01-01,usage_threshold
ACC-005905,SMB,2025-10-18,initial_default
ACC-005906,SMB,2024-11-15,initial_default
ACC-005907,SMB,2025-07-01,initial_default
ACC-005908,SMB,2022-01-05,initial_default
ACC-005909,SMB,2021-04-29,initial_default
ACC-005910,SMB,2025-05-18,initial_default
ACC-005911,SMB,2023-05-11,initial_default
ACC-005912,SMB,2025-09-20,initial_default
ACC-005913,SMB,2024-06-20,initial_default
ACC-005914,SMB,2025-06-17,initial_default
ACC-005915,SMB,2025-10-02,initial_default
ACC-005916,SMB,2025-04-12,initial_default
ACC-005917,SMB,2025-11-14,initial_default
ACC-005918,SMB,2024-12-07,initial_default
ACC-005918,Commercial,2025-06-01,usage_threshold
ACC-005919,SMB,2025-07-21,initial_default
ACC-005920,SMB,2025-08-14,initial_default
ACC-005921,SMB,2020-05-15,initial_default
ACC-005922,SMB,2024-02-13,initial_default
ACC-005923,SMB,2024-01-09,initial_default
ACC-005924,SMB,2021-08-10,initial_default
ACC-005925,SMB,2024-05-06,initial_default
ACC-005926,SMB,2024-05-12,initial_default
ACC-005927,SMB,2025-09-11,initial_default
ACC-005928,SMB,2025-08-22,initial_default
ACC-005929,SMB,2025-04-12,initial_default
ACC-005930,SMB,2025-10-14,initial_default
ACC-005931,SMB,2023-09-20,initial_default
ACC-005932,SMB,2025-12-13,initial_default
ACC-005933,SMB,2020-03-30,initial_default
ACC-005934,SMB,2025-07-06,initial_default
ACC-005935,SMB,2025-09-05,initial_default
ACC-005936,SMB,2023-10-10,initial_default
ACC-005937,SMB,2023-07-07,initial_default
ACC-005937,Commercial,2025-01-01,usage_threshold
ACC-005938,SMB,2020-03-26,initial_default
ACC-005939,SMB,2020-01-02,initial_default
ACC-005940,SMB,2020-07-28,initial_default
ACC-005941,SMB,2024-03-20,initial_default
ACC-005941,Commercial,2025-03-01,usage_threshold
ACC-005942,SMB,2023-02-08,initial_default
ACC-005942,Commercial,2025-06-01,usage_threshold
ACC-005943,SMB,2025-02-02,initial_default
ACC-005944,SMB,2025-12-28,initial_default
ACC-005945,SMB,2021-03-01,initial_default
ACC-005946,SMB,2025-01-22,initial_default
ACC-005947,SMB,2022-05-15,initial_default
ACC-005948,SMB,2024-12-03,initial_default
ACC-005949,SMB,2025-10-19,initial_default
ACC-005950,SMB,2023-08-16,initial_default
ACC-005951,SMB,2020-11-02,initial_default
ACC-005952,SMB,2021-07-22,initial_default
ACC-005953,SMB,2022-01-05,initial_default
ACC-005954,SMB,2025-09-10,initial_default
ACC-005955,SMB,2024-05-26,initial_default
ACC-005956,SMB,2023-11-21,initial_default
ACC-005957,SMB,2023-09-23,initial_default
ACC-005958,SMB,2025-04-13,initial_default
ACC-005959,SMB,2025-01-02,initial_default
ACC-005960,SMB,2025-10-28,initial_default
ACC-005961,SMB,2024-06-14,initial_default
ACC-005962,SMB,2023-05-18,initial_default
ACC-005963,SMB,2023-10-23,initial_default
ACC-005964,SMB,2022-09-18,initial_default
ACC-005965,SMB,2024-08-04,initial_default
ACC-005966,SMB,2024-10-18,initial_default
ACC-005966,Commercial,2025-06-01,usage_threshold
ACC-005967,SMB,2025-03-19,initial_default
ACC-005968,SMB,2024-05-11,initial_default
ACC-005969,SMB,2021-12-21,initial_default
ACC-005970,SMB,2024-06-22,initial_default
ACC-005971,SMB,2025-09-25,initial_default
ACC-005972,SMB,2024-05-16,initial_default
ACC-005973,SMB,2025-05-03,initial_default
ACC-005974,SMB,2025-01-05,initial_default
ACC-005975,SMB,2022-03-14,initial_default
ACC-005976,SMB,2021-01-05,initial_default
ACC-005977,SMB,2023-03-11,initial_default
ACC-005978,SMB,2023-08-09,initial_default
ACC-005979,SMB,2025-12-09,initial_default
ACC-005980,SMB,2021-02-21,initial_default
ACC-005981,SMB,2023-06-10,initial_default
ACC-005982,SMB,2025-02-21,initial_default
ACC-005983,SMB,2022-01-30,initial_default
ACC-005984,SMB,2024-12-07,initial_default
ACC-005985,SMB,2025-11-07,initial_default
ACC-005986,SMB,2025-02-21,initial_default
ACC-005987,SMB,2023-04-19,initial_default
ACC-005988,SMB,2025-01-27,initial_default
ACC-005989,SMB,2025-09-23,initial_default
ACC-005990,SMB,2022-05-10,initial_default
ACC-005991,SMB,2025-04-16,initial_default
ACC-005992,SMB,2020-12-02,initial_default
ACC-005993,SMB,2024-09-14,initial_default
ACC-005994,SMB,2023-12-19,initial_default
ACC-005995,SMB,2022-01-26,initial_default
ACC-005996,SMB,2025-03-26,initial_default
ACC-005997,SMB,2025-02-08,initial_default
ACC-005998,SMB,2023-02-13,initial_default
ACC-005999,SMB,2024-07-20,initial_default
ACC-006000,SMB,2025-01-19,initial_default
ACC-006001,SMB,2025-04-04,initial_default
ACC-006001,Commercial,2025-10-01,usage_threshold
ACC-006002,SMB,2021-09-03,initial_default
ACC-006003,SMB,2025-04-18,initial_default
ACC-006004,SMB,2024-09-18,initial_default
ACC-006005,SMB,2022-07-07,initial_default
ACC-006006,SMB,2024-01-20,initial_default
ACC-006007,SMB,2024-07-11,initial_default
ACC-006008,SMB,2025-09-01,initial_default
ACC-006009,SMB,2024-06-08,initial_default
ACC-006010,SMB,2024-08-18,initial_default
ACC-006011,SMB,2024-05-26,initial_default
ACC-006012,SMB,2024-01-03,initial_default
ACC-006013,SMB,2024-07-03,initial_default
ACC-006014,SMB,2024-12-18,initial_default
ACC-006015,SMB,2023-11-10,initial_default
ACC-006016,SMB,2021-04-30,initial_default
ACC-006017,SMB,2024-02-08,initial_default
ACC-006018,SMB,2020-09-27,initial_default
ACC-006019,SMB,2025-10-19,initial_default
ACC-006020,SMB,2025-10-02,initial_default
ACC-006021,SMB,2025-06-16,initial_default
ACC-006022,SMB,2024-03-13,initial_default
ACC-006023,SMB,2025-08-08,initial_default
ACC-006024,SMB,2025-08-19,initial_default
ACC-006025,SMB,2024-03-11,initial_default
ACC-006025,Commercial,2024-05-01,usage_threshold
ACC-006026,SMB,2024-09-10,initial_default
ACC-006027,SMB,2025-06-19,initial_default
ACC-006028,SMB,2020-11-09,initial_default
ACC-006029,SMB,2024-08-04,initial_default
ACC-006030,SMB,2020-01-23,initial_default
ACC-006031,SMB,2025-02-26,initial_default
ACC-006032,SMB,2021-10-24,initial_default
ACC-006033,SMB,2024-07-05,initial_default
ACC-006034,SMB,2025-08-24,initial_default
ACC-006035,SMB,2024-03-20,initial_default
ACC-006036,SMB,2025-08-02,initial_default
ACC-006037,SMB,2025-04-28,initial_default
ACC-006038,SMB,2025-01-01,initial_default
ACC-006039,SMB,2024-08-06,initial_default
ACC-006040,SMB,2025-08-17,initial_default
ACC-006041,SMB,2025-05-11,initial_default
ACC-006042,SMB,2020-02-11,initial_default
ACC-006043,SMB,2025-03-09,initial_default
ACC-006044,SMB,2025-11-26,initial_default
ACC-006045,SMB,2023-06-11,initial_default
ACC-006046,SMB,2020-09-07,initial_default
ACC-006047,SMB,2020-07-13,initial_default
ACC-006048,SMB,2024-09-27,initial_default
ACC-006049,SMB,2024-02-13,initial_default
ACC-006049,Commercial,2025-04-01,usage_threshold
ACC-006050,SMB,2023-08-05,initial_default
ACC-006051,SMB,2025-03-11,initial_default
ACC-006051,Commercial,2025-07-01,usage_threshold
ACC-006052,SMB,2024-02-03,initial_default
ACC-006053,SMB,2022-06-19,initial_default
ACC-006054,SMB,2025-04-04,initial_default
ACC-006054,Commercial,2025-09-01,firmographic_rescore
ACC-006054,Enterprise,2025-12-01,usage_threshold
ACC-006055,SMB,2024-11-25,initial_default
ACC-006056,SMB,2024-01-19,initial_default
ACC-006057,SMB,2021-09-27,initial_default
ACC-006058,SMB,2025-02-08,initial_default
ACC-006058,Commercial,2025-10-01,usage_threshold
ACC-006059,SMB,2023-07-05,initial_default
ACC-006060,SMB,2024-03-08,initial_default
ACC-006061,SMB,2020-12-01,initial_default
ACC-006062,SMB,2024-08-06,initial_default
ACC-006063,SMB,2025-01-21,initial_default
ACC-006064,SMB,2024-03-07,initial_default
ACC-006065,SMB,2024-11-22,initial_default
ACC-006066,SMB,2025-06-08,initial_default
ACC-006066,Commercial,2025-10-01,usage_threshold
ACC-006067,SMB,2025-11-20,initial_default
ACC-006068,SMB,2024-01-27,initial_default
ACC-006069,SMB,2025-01-06,initial_default
ACC-006070,SMB,2025-12-08,initial_default
ACC-006071,SMB,2022-04-29,initial_default
ACC-006072,SMB,2025-04-23,initial_default
ACC-006073,SMB,2025-09-11,initial_default
ACC-006074,SMB,2022-07-25,initial_default
ACC-006075,SMB,2024-09-24,initial_default
ACC-006076,SMB,2022-08-31,initial_default
ACC-006077,SMB,2023-02-04,initial_default
ACC-006078,SMB,2025-10-16,initial_default
ACC-006079,SMB,2025-08-21,initial_default
ACC-006080,SMB,2024-12-24,initial_default
ACC-006081,SMB,2020-09-30,initial_default
ACC-006082,SMB,2024-07-08,initial_default
ACC-006083,SMB,2025-04-23,initial_default
ACC-006084,SMB,2025-05-14,initial_default
ACC-006085,SMB,2023-10-19,initial_default
ACC-006086,SMB,2021-03-28,initial_default
ACC-006087,SMB,2024-01-10,initial_default
ACC-006087,Commercial,2025-09-01,firmographic_rescore
ACC-006088,SMB,2025-10-24,initial_default
ACC-006089,SMB,2024-04-10,initial_default
ACC-006089,Commercial,2025-08-01,firmographic_rescore
ACC-006090,SMB,2024-06-26,initial_default
ACC-006091,SMB,2021-12-25,initial_default
ACC-006092,SMB,2021-09-25,initial_default
ACC-006093,SMB,2024-03-21,initial_default
ACC-006094,SMB,2021-01-09,initial_default
ACC-006094,Commercial,2025-02-01,usage_threshold
ACC-006095,SMB,2022-08-12,initial_default
ACC-006096,SMB,2024-04-02,initial_default
ACC-006097,SMB,2025-07-26,initial_default
ACC-006097,Commercial,2025-10-01,usage_threshold
ACC-006098,SMB,2024-05-08,initial_default
ACC-006099,SMB,2025-01-13,initial_default
ACC-006100,SMB,2024-04-19,initial_default
ACC-006101,SMB,2025-12-22,initial_default
ACC-006102,SMB,2023-10-18,initial_default
ACC-006103,SMB,2025-03-02,initial_default
ACC-006104,SMB,2023-03-14,initial_default
ACC-006105,SMB,2023-11-28,initial_default
ACC-006106,SMB,2025-07-20,initial_default
ACC-006107,SMB,2024-09-23,initial_default
ACC-006108,SMB,2025-06-25,initial_default
ACC-006109,SMB,2020-10-15,initial_default
ACC-006110,SMB,2024-08-19,initial_default
ACC-006111,SMB,2024-07-20,initial_default
ACC-006112,SMB,2025-08-02,initial_default
ACC-006113,SMB,2020-10-12,initial_default
ACC-006114,SMB,2023-02-21,initial_default
ACC-006115,SMB,2024-01-18,initial_default
ACC-006116,SMB,2025-02-26,initial_default
ACC-006117,SMB,2024-11-22,initial_default
ACC-006118,SMB,2025-06-04,initial_default
ACC-006119,SMB,2025-12-05,initial_default
ACC-006120,SMB,2025-09-22,initial_default
ACC-006121,SMB,2023-10-23,initial_default
ACC-006122,SMB,2022-09-09,initial_default
ACC-006123,SMB,2025-04-26,initial_default
ACC-006124,SMB,2024-07-04,initial_default
ACC-006125,SMB,2024-07-06,initial_default
ACC-006126,SMB,2025-06-19,initial_default
ACC-006127,SMB,2023-03-26,initial_default
ACC-006128,SMB,2021-03-09,initial_default
ACC-006128,Commercial,2022-10-01,firmographic_rescore
ACC-006129,SMB,2021-04-18,initial_default
ACC-006130,SMB,2023-12-18,initial_default
ACC-006131,SMB,2022-05-16,initial_default
ACC-006132,SMB,2025-02-24,initial_default
ACC-006132,Commercial,2025-09-01,usage_threshold
ACC-006133,SMB,2024-10-15,initial_default
ACC-006134,SMB,2025-10-16,initial_default
ACC-006135,SMB,2023-10-17,initial_default
ACC-006136,SMB,2023-01-27,initial_default
ACC-006137,SMB,2023-12-10,initial_default
ACC-006138,SMB,2020-04-01,initial_default
ACC-006138,Commercial,2023-07-01,firmographic_rescore
ACC-006139,SMB,2025-05-13,initial_default
ACC-006140,SMB,2023-01-01,initial_default
ACC-006141,SMB,2024-02-10,initial_default
ACC-006142,SMB,2024-03-13,initial_default
ACC-006143,SMB,2022-04-02,initial_default
ACC-006144,SMB,2025-10-26,initial_default
ACC-006145,SMB,2025-11-08,initial_default
ACC-006146,SMB,2024-06-13,initial_default
ACC-006147,SMB,2025-04-22,initial_default
ACC-006148,SMB,2022-04-10,initial_default
ACC-006149,SMB,2024-07-07,initial_default
ACC-006149,Commercial,2025-10-01,usage_threshold
ACC-006150,SMB,2024-03-17,initial_default
ACC-006151,SMB,2023-05-14,initial_default
ACC-006152,SMB,2023-10-07,initial_default
ACC-006153,SMB,2024-05-21,initial_default
ACC-006154,SMB,2025-09-08,initial_default
ACC-006155,SMB,2023-03-05,initial_default
ACC-006156,SMB,2024-11-06,initial_default
ACC-006157,SMB,2023-08-06,initial_default
ACC-006158,SMB,2024-10-14,initial_default
ACC-006159,SMB,2024-11-05,initial_default
ACC-006160,SMB,2024-09-06,initial_default
ACC-006161,SMB,2024-08-21,initial_default
ACC-006162,SMB,2024-12-15,initial_default
ACC-006162,Commercial,2025-08-01,firmographic_rescore
ACC-006163,SMB,2023-01-11,initial_default
ACC-006164,SMB,2024-06-22,initial_default
ACC-006165,SMB,2020-12-12,initial_default
ACC-006166,SMB,2020-10-10,initial_default
ACC-006166,Commercial,2023-03-01,usage_threshold
ACC-006167,SMB,2025-10-25,initial_default
ACC-006168,SMB,2024-06-18,initial_default
ACC-006169,SMB,2025-02-15,initial_default
ACC-006170,SMB,2024-03-17,initial_default
ACC-006171,SMB,2025-10-20,initial_default
ACC-006172,SMB,2022-01-06,initial_default
ACC-006172,Commercial,2024-02-01,usage_threshold
ACC-006173,SMB,2025-10-10,initial_default
ACC-006174,SMB,2024-10-06,initial_default
ACC-006175,SMB,2024-09-24,initial_default
ACC-006176,SMB,2020-03-25,initial_default
ACC-006177,SMB,2021-10-13,initial_default
ACC-006178,SMB,2024-11-02,initial_default
ACC-006179,SMB,2021-05-25,initial_default
ACC-006180,SMB,2023-04-24,initial_default
ACC-006181,SMB,2020-05-12,initial_default
ACC-006182,SMB,2022-07-25,initial_default
ACC-006183,SMB,2023-12-10,initial_default
ACC-006184,SMB,2025-03-12,initial_default
ACC-006185,SMB,2024-02-16,initial_default
ACC-006186,SMB,2021-10-23,initial_default
ACC-006187,SMB,2025-08-04,initial_default
ACC-006188,SMB,2023-04-25,initial_default
ACC-006189,SMB,2025-05-04,initial_default
ACC-006190,SMB,2021-12-20,initial_default
ACC-006191,SMB,2025-04-11,initial_default
ACC-006192,SMB,2025-08-18,initial_default
ACC-006193,SMB,2024-04-21,initial_default
ACC-006193,Commercial,2024-09-01,usage_threshold
ACC-006194,SMB,2020-07-01,initial_default
ACC-006195,SMB,2025-09-16,initial_default
ACC-006196,SMB,2024-10-16,initial_default
ACC-006197,SMB,2021-10-02,initial_default
ACC-006198,SMB,2023-03-01,initial_default
ACC-006199,SMB,2024-08-03,initial_default
ACC-006199,Commercial,2025-11-01,usage_threshold
ACC-006200,SMB,2024-12-12,initial_default
ACC-006200,Commercial,2025-07-01,usage_threshold
ACC-006201,SMB,2025-06-09,initial_default
ACC-006202,SMB,2025-08-28,initial_default
ACC-006203,SMB,2021-11-28,initial_default
ACC-006203,Commercial,2022-12-01,usage_threshold
ACC-006204,SMB,2025-09-06,initial_default
ACC-006205,SMB,2022-06-28,initial_default
ACC-006205,Commercial,2022-11-01,usage_threshold
ACC-006206,SMB,2023-12-21,initial_default
ACC-006206,Commercial,2024-09-01,firmographic_rescore
ACC-006207,SMB,2024-02-18,initial_default
ACC-006207,Commercial,2025-11-01,usage_threshold
ACC-006208,SMB,2025-06-08,initial_default
ACC-006209,SMB,2024-10-28,initial_default
ACC-006210,SMB,2020-07-29,initial_default
ACC-006211,SMB,2025-01-24,initial_default
ACC-006212,SMB,2025-01-16,initial_default
ACC-006213,SMB,2022-03-19,initial_default
ACC-006214,SMB,2023-03-26,initial_default
ACC-006215,SMB,2025-09-05,initial_default
ACC-006216,SMB,2024-06-26,initial_default
ACC-006217,SMB,2024-10-18,initial_default
ACC-006218,SMB,2024-12-10,initial_default
ACC-006219,SMB,2025-11-24,initial_default
ACC-006220,SMB,2025-07-05,initial_default
ACC-006220,Commercial,2025-10-01,usage_threshold
ACC-006221,SMB,2021-12-18,initial_default
ACC-006222,SMB,2025-08-09,initial_default
ACC-006223,SMB,2024-10-28,initial_default
ACC-006224,SMB,2024-12-09,initial_default
ACC-006225,SMB,2025-01-05,initial_default
ACC-006226,SMB,2024-11-07,initial_default
ACC-006227,SMB,2024-06-07,initial_default
ACC-006228,SMB,2022-09-14,initial_default
ACC-006229,SMB,2024-07-09,initial_default
ACC-006230,SMB,2023-11-14,initial_default
ACC-006231,SMB,2023-08-18,initial_default
ACC-006231,Commercial,2024-12-01,usage_threshold
ACC-006232,SMB,2024-02-01,initial_default
ACC-006233,SMB,2020-08-28,initial_default
ACC-006234,SMB,2025-06-19,initial_default
ACC-006235,SMB,2021-05-03,initial_default
ACC-006236,SMB,2024-11-27,initial_default
ACC-006237,SMB,2024-04-01,initial_default
ACC-006238,SMB,2023-10-14,initial_default
ACC-006239,SMB,2023-01-06,initial_default
ACC-006239,Commercial,2024-05-01,usage_threshold
ACC-006240,SMB,2024-02-08,initial_default
ACC-006241,SMB,2020-02-03,initial_default
ACC-006242,SMB,2024-10-18,initial_default
ACC-006243,SMB,2025-09-20,initial_default
ACC-006244,SMB,2024-05-09,initial_default
ACC-006245,SMB,2023-04-11,initial_default
ACC-006245,Commercial,2023-07-01,firmographic_rescore
ACC-006246,SMB,2023-10-02,initial_default
ACC-006247,SMB,2025-12-06,initial_default
ACC-006248,SMB,2025-08-07,initial_default
ACC-006249,SMB,2021-11-03,initial_default
ACC-006250,SMB,2021-01-11,initial_default
ACC-006251,SMB,2021-11-13,initial_default
ACC-006252,SMB,2024-05-04,initial_default
ACC-006253,SMB,2021-05-11,initial_default
ACC-006254,SMB,2021-02-08,initial_default
ACC-006255,SMB,2025-05-15,initial_default
ACC-006256,SMB,2021-01-02,initial_default
ACC-006257,SMB,2023-02-18,initial_default
ACC-006258,SMB,2024-11-27,initial_default
ACC-006259,SMB,2025-09-23,initial_default
ACC-006260,SMB,2022-11-15,initial_default
ACC-006261,SMB,2025-09-14,initial_default
ACC-006262,SMB,2023-09-27,initial_default
ACC-006263,SMB,2024-03-06,initial_default
ACC-006263,Commercial,2025-09-01,usage_threshold
ACC-006264,SMB,2025-07-19,initial_default
ACC-006265,SMB,2023-07-19,initial_default
ACC-006266,SMB,2022-03-16,initial_default
ACC-006267,SMB,2023-01-27,initial_default
ACC-006268,SMB,2024-10-01,initial_default
ACC-006269,SMB,2024-03-04,initial_default
ACC-006270,SMB,2024-08-18,initial_default
ACC-006271,SMB,2025-12-23,initial_default
ACC-006272,SMB,2024-11-10,initial_default
ACC-006273,SMB,2025-06-01,initial_default
ACC-006274,SMB,2025-01-22,initial_default
ACC-006275,SMB,2024-07-22,initial_default
ACC-006275,Commercial,2025-02-01,firmographic_rescore
ACC-006276,SMB,2025-12-03,initial_default
ACC-006277,SMB,2023-02-28,initial_default
ACC-006278,SMB,2023-05-18,initial_default
ACC-006279,SMB,2020-04-30,initial_default
ACC-006280,SMB,2024-11-02,initial_default
ACC-006281,SMB,2023-07-11,initial_default
ACC-006282,SMB,2025-04-01,initial_default
ACC-006282,Commercial,2025-10-01,firmographic_rescore
ACC-006283,SMB,2023-12-18,initial_default
ACC-006284,SMB,2023-08-01,initial_default
ACC-006285,SMB,2025-09-21,initial_default
ACC-006286,SMB,2024-12-08,initial_default
ACC-006287,SMB,2025-03-01,initial_default
ACC-006288,SMB,2025-02-21,initial_default
ACC-006289,SMB,2023-02-18,initial_default
ACC-006289,Commercial,2023-06-01,usage_threshold
ACC-006290,SMB,2023-12-18,initial_default
ACC-006291,SMB,2025-04-22,initial_default
ACC-006292,SMB,2024-06-10,initial_default
ACC-006293,SMB,2024-02-18,initial_default
ACC-006294,SMB,2025-01-04,initial_default
ACC-006294,Commercial,2025-12-01,usage_threshold
ACC-006295,SMB,2023-02-24,initial_default
ACC-006296,SMB,2025-07-12,initial_default
ACC-006297,SMB,2021-03-17,initial_default
ACC-006298,SMB,2025-02-12,initial_default
ACC-006299,SMB,2025-01-15,initial_default
ACC-006300,SMB,2025-06-11,initial_default
ACC-006301,SMB,2023-01-18,initial_default
ACC-006302,SMB,2024-07-03,initial_default
ACC-006303,SMB,2025-12-02,initial_default
ACC-006304,SMB,2025-07-14,initial_default
ACC-006305,SMB,2025-04-21,initial_default
ACC-006306,SMB,2021-10-02,initial_default
ACC-006306,Commercial,2024-11-01,usage_threshold
ACC-006307,SMB,2024-05-18,initial_default
ACC-006308,SMB,2022-12-23,initial_default
ACC-006309,SMB,2024-07-03,initial_default
ACC-006310,SMB,2025-03-24,initial_default
ACC-006311,SMB,2024-03-13,initial_default
ACC-006312,SMB,2025-09-26,initial_default
ACC-006313,SMB,2023-10-13,initial_default
ACC-006314,SMB,2024-11-18,initial_default
ACC-006315,SMB,2024-07-08,initial_default
ACC-006316,SMB,2023-04-27,initial_default
ACC-006317,SMB,2021-09-08,initial_default
ACC-006318,SMB,2022-03-27,initial_default
ACC-006319,SMB,2024-10-28,initial_default
ACC-006320,SMB,2025-12-08,initial_default
ACC-006321,SMB,2024-01-13,initial_default
ACC-006322,SMB,2025-02-05,initial_default
ACC-006323,SMB,2025-04-27,initial_default
ACC-006324,SMB,2025-12-17,initial_default
ACC-006325,SMB,2024-07-12,initial_default
ACC-006326,SMB,2023-02-16,initial_default
ACC-006326,Commercial,2023-11-01,usage_threshold
ACC-006327,SMB,2023-05-24,initial_default
ACC-006328,SMB,2021-02-16,initial_default
ACC-006329,SMB,2021-08-28,initial_default
ACC-006330,SMB,2025-03-08,initial_default
ACC-006331,SMB,2025-06-21,initial_default
ACC-006332,SMB,2023-02-18,initial_default
ACC-006333,SMB,2022-11-29,initial_default
ACC-006334,SMB,2025-07-01,initial_default
ACC-006335,SMB,2025-01-20,initial_default
ACC-006336,SMB,2025-01-20,initial_default
ACC-006337,SMB,2024-04-02,initial_default
ACC-006338,SMB,2024-07-03,initial_default
ACC-006339,SMB,2021-07-30,initial_default
ACC-006340,SMB,2025-09-04,initial_default
ACC-006341,SMB,2023-08-12,initial_default
ACC-006342,SMB,2023-05-15,initial_default
ACC-006343,SMB,2025-06-16,initial_default
ACC-006344,SMB,2021-01-27,initial_default
ACC-006344,Commercial,2023-10-01,usage_threshold
ACC-006345,SMB,2025-06-28,initial_default
ACC-006346,SMB,2024-06-06,initial_default
ACC-006347,SMB,2023-01-26,initial_default
ACC-006348,SMB,2023-11-15,initial_default
ACC-006349,SMB,2024-01-13,initial_default
ACC-006350,SMB,2024-04-17,initial_default
ACC-006351,SMB,2024-12-25,initial_default
ACC-006352,SMB,2024-08-12,initial_default
ACC-006353,SMB,2025-02-25,initial_default
ACC-006354,SMB,2025-12-23,initial_default
ACC-006355,SMB,2025-01-17,initial_default
ACC-006356,SMB,2021-01-27,initial_default
ACC-006357,SMB,2025-11-14,initial_default
ACC-006358,SMB,2024-02-17,initial_default
ACC-006359,SMB,2025-07-14,initial_default
ACC-006360,SMB,2025-02-21,initial_default
ACC-006361,SMB,2025-12-08,initial_default
ACC-006362,SMB,2025-09-16,initial_default
ACC-006363,SMB,2024-07-23,initial_default
ACC-006363,Commercial,2025-01-01,usage_threshold
ACC-006364,SMB,2020-12-05,initial_default
ACC-006364,Commercial,2021-07-01,usage_threshold
ACC-006365,SMB,2023-10-22,initial_default
ACC-006366,SMB,2025-07-20,initial_default
ACC-006367,SMB,2025-07-14,initial_default
ACC-006368,SMB,2024-03-21,initial_default
ACC-006369,SMB,2025-10-21,initial_default
ACC-006370,SMB,2020-04-03,initial_default
ACC-006371,SMB,2025-07-02,initial_default
ACC-006371,Commercial,2025-10-01,usage_threshold
ACC-006372,SMB,2021-09-15,initial_default
ACC-006373,SMB,2025-08-25,initial_default
ACC-006374,SMB,2024-07-26,initial_default
ACC-006375,SMB,2024-05-13,initial_default
ACC-006376,SMB,2024-09-24,initial_default
ACC-006377,SMB,2024-01-11,initial_default
ACC-006378,SMB,2025-05-26,initial_default
ACC-006378,Commercial,2025-09-01,firmographic_rescore
ACC-006379,SMB,2022-12-25,initial_default
ACC-006380,SMB,2025-06-21,initial_default
ACC-006381,SMB,2025-05-02,initial_default
ACC-006382,SMB,2025-09-23,initial_default
ACC-006383,SMB,2025-01-06,initial_default
ACC-006384,SMB,2024-04-08,initial_default
ACC-006384,Commercial,2024-12-01,usage_threshold
ACC-006385,SMB,2024-01-25,initial_default
ACC-006385,Commercial,2025-06-01,usage_threshold
ACC-006385,Enterprise,2025-11-01,firmographic_rescore
ACC-006386,SMB,2023-11-03,initial_default
ACC-006387,SMB,2025-04-18,initial_default
ACC-006388,SMB,2021-03-31,initial_default
ACC-006389,SMB,2024-07-19,initial_default
ACC-006390,SMB,2025-06-16,initial_default
ACC-006391,SMB,2025-03-15,initial_default
ACC-006392,SMB,2025-03-10,initial_default
ACC-006393,SMB,2023-12-10,initial_default
ACC-006394,SMB,2025-10-18,initial_default
ACC-006395,SMB,2023-02-21,initial_default
ACC-006396,SMB,2021-03-27,initial_default
ACC-006397,SMB,2020-06-08,initial_default
ACC-006398,SMB,2022-01-07,initial_default
ACC-006399,SMB,2021-09-15,initial_default
ACC-006400,SMB,2024-11-10,initial_default
ACC-006401,SMB,2023-07-14,initial_default
ACC-006401,Commercial,2025-03-01,usage_threshold
ACC-006402,SMB,2023-12-14,initial_default
ACC-006403,SMB,2025-04-25,initial_default
ACC-006404,SMB,2025-01-21,initial_default
ACC-006405,SMB,2024-11-14,initial_default
ACC-006406,SMB,2024-07-10,initial_default
ACC-006407,SMB,2020-10-09,initial_default
ACC-006408,SMB,2025-11-10,initial_default
ACC-006409,SMB,2025-04-10,initial_default
ACC-006410,SMB,2025-12-03,initial_default
ACC-006411,SMB,2022-06-11,initial_default
ACC-006412,SMB,2020-02-19,initial_default
ACC-006413,SMB,2024-12-09,initial_default
ACC-006414,SMB,2020-06-19,initial_default
ACC-006415,SMB,2020-06-09,initial_default
ACC-006415,Commercial,2022-06-01,firmographic_rescore
ACC-006416,SMB,2025-07-11,initial_default
ACC-006417,SMB,2024-06-19,initial_default
ACC-006418,SMB,2025-08-16,initial_default
ACC-006419,SMB,2023-12-18,initial_default
ACC-006420,SMB,2020-09-15,initial_default
ACC-006421,SMB,2025-04-21,initial_default
ACC-006422,SMB,2022-05-18,initial_default
ACC-006423,SMB,2020-04-20,initial_default
ACC-006424,SMB,2022-01-18,initial_default
ACC-006425,SMB,2024-07-09,initial_default
ACC-006426,SMB,2023-01-08,initial_default
ACC-006427,SMB,2024-07-17,initial_default
ACC-006428,SMB,2023-12-03,initial_default
ACC-006429,SMB,2023-04-07,initial_default
ACC-006430,SMB,2025-05-10,initial_default
ACC-006431,SMB,2025-12-03,initial_default
ACC-006432,SMB,2020-07-03,initial_default
ACC-006433,SMB,2025-03-26,initial_default
ACC-006434,SMB,2025-05-21,initial_default
ACC-006435,SMB,2023-03-23,initial_default
ACC-006436,SMB,2023-05-01,initial_default
ACC-006437,SMB,2021-12-22,initial_default
ACC-006438,SMB,2023-04-13,initial_default
ACC-006439,SMB,2023-10-15,initial_default
ACC-006439,Commercial,2024-10-01,usage_threshold
ACC-006440,SMB,2025-01-03,initial_default
ACC-006441,SMB,2025-02-16,initial_default
ACC-006442,SMB,2024-03-15,initial_default
ACC-006443,SMB,2025-08-06,initial_default
ACC-006444,SMB,2025-12-27,initial_default
ACC-006445,SMB,2023-12-09,initial_default
ACC-006446,SMB,2024-12-12,initial_default
ACC-006447,SMB,2021-11-25,initial_default
ACC-006448,SMB,2025-08-19,initial_default
ACC-006449,SMB,2023-04-12,initial_default
ACC-006450,SMB,2021-08-01,initial_default
ACC-006451,SMB,2025-05-05,initial_default
ACC-006452,SMB,2021-03-28,initial_default
ACC-006453,SMB,2025-07-04,initial_default
ACC-006454,SMB,2023-07-06,initial_default
ACC-006455,SMB,2025-07-01,initial_default
ACC-006455,Commercial,2025-09-01,usage_threshold
ACC-006456,SMB,2025-09-02,initial_default
ACC-006457,SMB,2025-06-23,initial_default
ACC-006458,SMB,2023-11-04,initial_default
ACC-006459,SMB,2024-11-04,initial_default
ACC-006460,SMB,2024-08-23,initial_default
ACC-006460,Commercial,2025-10-01,firmographic_rescore
ACC-006461,SMB,2024-01-24,initial_default
ACC-006462,SMB,2023-09-10,initial_default
ACC-006463,SMB,2024-08-27,initial_default
ACC-006464,SMB,2022-10-09,initial_default
ACC-006465,SMB,2023-08-16,initial_default
ACC-006466,SMB,2023-08-21,initial_default
ACC-006467,SMB,2022-03-09,initial_default
ACC-006468,SMB,2024-11-03,initial_default
ACC-006469,SMB,2025-01-10,initial_default
ACC-006470,SMB,2024-05-14,initial_default
ACC-006470,Commercial,2024-07-01,firmographic_rescore
ACC-006470,Enterprise,2025-08-01,usage_threshold
ACC-006471,SMB,2024-07-17,initial_default
ACC-006472,SMB,2023-03-14,initial_default
ACC-006473,SMB,2025-11-21,initial_default
ACC-006474,SMB,2025-09-27,initial_default
ACC-006475,SMB,2024-12-28,initial_default
ACC-006475,Commercial,2025-02-01,usage_threshold
ACC-006475,Enterprise,2025-10-01,usage_threshold
ACC-006476,SMB,2023-01-01,initial_default
ACC-006477,SMB,2024-05-18,initial_default
ACC-006478,SMB,2024-10-01,initial_default
ACC-006479,SMB,2021-09-23,initial_default
ACC-006480,SMB,2023-10-24,initial_default
ACC-006481,SMB,2024-12-20,initial_default
ACC-006482,SMB,2025-04-25,initial_default
ACC-006482,Commercial,2025-11-01,usage_threshold
ACC-006483,SMB,2023-11-01,initial_default
ACC-006484,SMB,2024-03-23,initial_default
ACC-006485,SMB,2025-12-13,initial_default
ACC-006486,SMB,2023-01-23,initial_default
ACC-006487,SMB,2024-05-23,initial_default
ACC-006488,SMB,2025-01-08,initial_default
ACC-006489,SMB,2025-09-19,initial_default
ACC-006490,SMB,2025-01-13,initial_default
ACC-006491,SMB,2020-05-31,initial_default
ACC-006492,SMB,2020-01-26,initial_default
ACC-006493,SMB,2023-03-28,initial_default
ACC-006494,SMB,2024-01-25,initial_default
ACC-006495,SMB,2025-09-28,initial_default
ACC-006496,SMB,2021-09-01,initial_default
ACC-006496,Commercial,2024-01-01,usage_threshold
ACC-006497,SMB,2021-04-27,initial_default
ACC-006498,SMB,2024-07-02,initial_default
ACC-006499,SMB,2025-03-16,initial_default
ACC-006500,SMB,2024-06-20,initial_default
ACC-006501,SMB,2021-07-25,initial_default
ACC-006502,SMB,2024-09-26,initial_default
ACC-006503,SMB,2024-04-01,initial_default
ACC-006503,Commercial,2025-11-01,usage_threshold
ACC-006504,SMB,2024-03-17,initial_default
ACC-006505,SMB,2024-11-05,initial_default
ACC-006506,SMB,2024-03-07,initial_default
ACC-006507,SMB,2021-12-15,initial_default
ACC-006508,SMB,2023-02-23,initial_default
ACC-006509,SMB,2024-01-06,initial_default
ACC-006510,SMB,2025-10-17,initial_default
ACC-006511,SMB,2025-12-18,initial_default
ACC-006512,SMB,2025-08-09,initial_default
ACC-006513,SMB,2024-01-17,initial_default
ACC-006514,SMB,2025-06-14,initial_default
ACC-006515,SMB,2025-07-11,initial_default
ACC-006516,SMB,2024-10-06,initial_default
ACC-006517,SMB,2023-03-24,initial_default
ACC-006518,SMB,2025-08-21,initial_default
ACC-006519,SMB,2023-08-21,initial_default
ACC-006520,SMB,2023-06-04,initial_default
ACC-006521,SMB,2025-03-13,initial_default
ACC-006522,SMB,2023-10-14,initial_default
ACC-006523,SMB,2025-08-23,initial_default
ACC-006524,SMB,2022-01-25,initial_default
ACC-006524,Commercial,2023-12-01,usage_threshold
ACC-006525,SMB,2024-08-15,initial_default
ACC-006526,SMB,2024-06-17,initial_default
ACC-006527,SMB,2024-01-02,initial_default
ACC-006528,SMB,2025-02-28,initial_default
ACC-006529,SMB,2025-09-19,initial_default
ACC-006530,SMB,2023-02-17,initial_default
ACC-006531,SMB,2025-07-27,initial_default
ACC-006532,SMB,2025-08-15,initial_default
ACC-006533,SMB,2025-03-26,initial_default
ACC-006533,Commercial,2025-05-01,usage_threshold
ACC-006534,SMB,2024-02-04,initial_default
ACC-006535,SMB,2023-01-25,initial_default
ACC-006536,SMB,2021-08-17,initial_default
ACC-006537,SMB,2020-07-19,initial_default
ACC-006538,SMB,2024-08-25,initial_default
ACC-006539,SMB,2024-07-20,initial_default
ACC-006540,SMB,2024-06-26,initial_default
ACC-006541,SMB,2024-12-25,initial_default
ACC-006542,SMB,2025-10-15,initial_default
ACC-006543,SMB,2025-08-17,initial_default
ACC-006544,SMB,2024-03-07,initial_default
ACC-006545,SMB,2025-07-25,initial_default
ACC-006546,SMB,2025-12-13,initial_default
ACC-006547,SMB,2024-02-08,initial_default
ACC-006548,SMB,2022-10-03,initial_default
ACC-006549,SMB,2025-02-03,initial_default
ACC-006550,SMB,2025-06-23,initial_default
ACC-006551,SMB,2025-05-21,initial_default
ACC-006552,SMB,2025-03-25,initial_default
ACC-006553,SMB,2025-10-08,initial_default
ACC-006554,SMB,2025-12-17,initial_default
ACC-006555,SMB,2023-04-02,initial_default
ACC-006555,Commercial,2025-06-01,usage_threshold
ACC-006556,SMB,2025-04-19,initial_default
ACC-006557,SMB,2023-04-21,initial_default
ACC-006558,SMB,2024-06-17,initial_default
ACC-006559,SMB,2025-12-10,initial_default
ACC-006560,SMB,2024-03-08,initial_default
ACC-006561,SMB,2023-05-10,initial_default
ACC-006561,Commercial,2024-02-01,usage_threshold
ACC-006562,SMB,2020-02-18,initial_default
ACC-006563,SMB,2024-03-21,initial_default
ACC-006563,Commercial,2025-03-01,usage_threshold
ACC-006563,Enterprise,2025-06-01,usage_threshold
ACC-006564,SMB,2023-12-13,initial_default
ACC-006565,SMB,2025-10-27,initial_default
ACC-006566,SMB,2024-12-16,initial_default
ACC-006566,Commercial,2025-03-01,usage_threshold
ACC-006566,Enterprise,2025-12-01,usage_threshold
ACC-006567,SMB,2024-10-04,initial_default
ACC-006567,Commercial,2025-11-01,firmographic_rescore
ACC-006568,SMB,2020-06-03,initial_default
ACC-006569,SMB,2025-03-11,initial_default
ACC-006569,Commercial,2025-10-01,usage_threshold
ACC-006570,SMB,2024-05-21,initial_default
ACC-006570,Commercial,2025-06-01,usage_threshold
ACC-006571,SMB,2025-03-12,initial_default
ACC-006571,Commercial,2025-09-01,firmographic_rescore
ACC-006572,SMB,2025-01-05,initial_default
ACC-006573,SMB,2025-12-13,initial_default
ACC-006574,SMB,2024-03-16,initial_default
ACC-006575,SMB,2025-05-24,initial_default
ACC-006576,SMB,2020-07-30,initial_default
ACC-006577,SMB,2020-05-08,initial_default
ACC-006577,Commercial,2022-07-01,firmographic_rescore
ACC-006578,SMB,2024-01-24,initial_default
ACC-006579,SMB,2020-04-20,initial_default
ACC-006580,SMB,2023-12-26,initial_default
ACC-006581,SMB,2023-08-20,initial_default
ACC-006582,SMB,2025-06-17,initial_default
ACC-006583,SMB,2025-11-01,initial_default
ACC-006584,SMB,2025-06-26,initial_default
ACC-006585,SMB,2023-10-11,initial_default
ACC-006586,SMB,2020-05-19,initial_default
ACC-006587,SMB,2023-03-07,initial_default
ACC-006588,SMB,2024-01-04,initial_default
ACC-006589,SMB,2024-08-26,initial_default
ACC-006590,SMB,2024-08-09,initial_default
ACC-006591,SMB,2025-08-18,initial_default
ACC-006592,SMB,2023-08-17,initial_default
ACC-006592,Commercial,2024-10-01,usage_threshold
ACC-006593,SMB,2025-04-06,initial_default
ACC-006594,SMB,2024-06-21,initial_default
ACC-006595,SMB,2023-09-02,initial_default
ACC-006596,SMB,2024-07-22,initial_default
ACC-006597,SMB,2020-05-11,initial_default
ACC-006597,Commercial,2024-03-01,firmographic_rescore
ACC-006597,Enterprise,2025-10-01,usage_threshold
ACC-006598,SMB,2023-12-06,initial_default
ACC-006599,SMB,2021-02-06,initial_default
ACC-006600,SMB,2024-08-28,initial_default
ACC-006601,SMB,2025-01-16,initial_default
ACC-006602,SMB,2024-07-25,initial_default
ACC-006603,SMB,2024-04-20,initial_default
ACC-006604,SMB,2025-08-06,initial_default
ACC-006605,SMB,2020-07-31,initial_default
ACC-006606,SMB,2023-10-15,initial_default
ACC-006607,SMB,2023-06-01,initial_default
ACC-006608,SMB,2024-08-26,initial_default
ACC-006609,SMB,2024-08-08,initial_default
ACC-006610,SMB,2025-04-19,initial_default
ACC-006611,SMB,2022-04-04,initial_default
ACC-006612,SMB,2024-04-05,initial_default
ACC-006613,SMB,2025-03-17,initial_default
ACC-006614,SMB,2021-03-28,initial_default
ACC-006615,SMB,2025-07-27,initial_default
ACC-006616,SMB,2024-12-20,initial_default
ACC-006617,SMB,2021-09-03,initial_default
ACC-006618,SMB,2025-01-15,initial_default
ACC-006619,SMB,2020-03-21,initial_default
ACC-006620,SMB,2023-05-04,initial_default
ACC-006621,SMB,2024-12-28,initial_default
ACC-006622,SMB,2025-10-27,initial_default
ACC-006623,SMB,2025-11-11,initial_default
ACC-006624,SMB,2025-05-18,initial_default
ACC-006625,SMB,2021-11-06,initial_default
ACC-006626,SMB,2023-05-24,initial_default
ACC-006627,SMB,2023-04-03,initial_default
ACC-006628,SMB,2025-10-09,initial_default
ACC-006629,SMB,2025-11-20,initial_default
ACC-006630,SMB,2023-03-02,initial_default
ACC-006631,SMB,2024-02-19,initial_default
ACC-006632,SMB,2024-01-21,initial_default
ACC-006633,SMB,2021-09-23,initial_default
ACC-006634,SMB,2023-07-04,initial_default
ACC-006634,Commercial,2025-05-01,usage_threshold
ACC-006635,SMB,2023-11-14,initial_default
ACC-006636,SMB,2023-05-12,initial_default
ACC-006637,SMB,2025-04-18,initial_default
ACC-006638,SMB,2023-09-20,initial_default
ACC-006639,SMB,2025-02-05,initial_default
ACC-006640,SMB,2025-08-24,initial_default
ACC-006641,SMB,2022-03-12,initial_default
ACC-006642,SMB,2025-07-24,initial_default
ACC-006643,SMB,2025-03-11,initial_default
ACC-006644,SMB,2023-01-19,initial_default
ACC-006645,SMB,2025-10-18,initial_default
ACC-006646,SMB,2024-07-21,initial_default
ACC-006647,SMB,2024-09-08,initial_default
ACC-006648,SMB,2025-07-12,initial_default
ACC-006649,SMB,2024-10-09,initial_default
ACC-006650,SMB,2024-01-13,initial_default
ACC-006651,SMB,2024-08-27,initial_default
ACC-006652,SMB,2025-12-27,initial_default
ACC-006653,SMB,2021-01-11,initial_default
ACC-006654,SMB,2024-08-13,initial_default
ACC-006655,SMB,2023-03-28,initial_default
ACC-006655,Commercial,2023-05-01,firmographic_rescore
ACC-006656,SMB,2021-11-26,initial_default
ACC-006657,SMB,2024-08-26,initial_default
ACC-006658,SMB,2021-12-23,initial_default
ACC-006659,SMB,2024-10-09,initial_default
ACC-006660,SMB,2025-04-05,initial_default
ACC-006661,SMB,2025-03-12,initial_default
ACC-006661,Commercial,2025-07-01,firmographic_rescore
ACC-006662,SMB,2025-08-12,initial_default
ACC-006663,SMB,2025-10-13,initial_default
ACC-006664,SMB,2024-10-24,initial_default
ACC-006665,SMB,2024-12-07,initial_default
ACC-006666,SMB,2021-07-10,initial_default
ACC-006667,SMB,2025-05-21,initial_default
ACC-006668,SMB,2024-01-10,initial_default
ACC-006668,Commercial,2024-09-01,usage_threshold
ACC-006669,SMB,2024-09-15,initial_default
ACC-006670,SMB,2023-03-12,initial_default
ACC-006671,SMB,2025-01-16,initial_default
ACC-006672,SMB,2025-06-06,initial_default
ACC-006673,SMB,2025-10-03,initial_default
ACC-006674,SMB,2023-08-26,initial_default
ACC-006675,SMB,2025-12-24,initial_default
ACC-006676,SMB,2025-11-02,initial_default
ACC-006677,SMB,2024-03-23,initial_default
ACC-006678,SMB,2023-12-16,initial_default
ACC-006679,SMB,2023-04-06,initial_default
ACC-006680,SMB,2025-06-08,initial_default
ACC-006681,SMB,2020-09-03,initial_default
ACC-006682,SMB,2024-03-03,initial_default
ACC-006683,SMB,2023-06-04,initial_default
ACC-006684,SMB,2024-11-23,initial_default
ACC-006685,SMB,2023-06-21,initial_default
ACC-006686,SMB,2025-01-05,initial_default
ACC-006687,SMB,2024-07-20,initial_default
ACC-006688,SMB,2025-12-10,initial_default
ACC-006689,SMB,2023-12-19,initial_default
ACC-006690,SMB,2025-12-03,initial_default
ACC-006691,SMB,2021-02-02,initial_default
ACC-006692,SMB,2024-06-28,initial_default
ACC-006693,SMB,2025-08-13,initial_default
ACC-006694,SMB,2020-03-10,initial_default
ACC-006695,SMB,2022-02-21,initial_default
ACC-006696,SMB,2025-12-14,initial_default
ACC-006697,SMB,2022-03-16,initial_default
ACC-006698,SMB,2024-09-20,initial_default
ACC-006699,SMB,2025-09-08,initial_default
ACC-006700,SMB,2025-01-08,initial_default
ACC-006701,SMB,2020-01-11,initial_default
ACC-006701,Commercial,2023-07-01,firmographic_rescore
ACC-006702,SMB,2024-02-06,initial_default
ACC-006702,Commercial,2024-04-01,firmographic_rescore
ACC-006703,SMB,2023-03-11,initial_default
ACC-006704,SMB,2024-07-26,initial_default
ACC-006705,SMB,2023-04-14,initial_default
ACC-006706,SMB,2023-02-12,initial_default
ACC-006707,SMB,2025-03-21,initial_default
ACC-006708,SMB,2023-08-04,initial_default
ACC-006708,Commercial,2025-01-01,firmographic_rescore
ACC-006709,SMB,2024-09-07,initial_default
ACC-006710,SMB,2020-08-07,initial_default
ACC-006711,SMB,2023-03-25,initial_default
ACC-006712,SMB,2025-08-05,initial_default
ACC-006713,SMB,2020-09-22,initial_default
ACC-006713,Commercial,2023-11-01,firmographic_rescore
ACC-006714,SMB,2024-09-22,initial_default
ACC-006715,SMB,2024-02-24,initial_default
ACC-006716,SMB,2024-02-12,initial_default
ACC-006717,SMB,2024-01-24,initial_default
ACC-006718,SMB,2025-09-08,initial_default
ACC-006719,SMB,2025-11-02,initial_default
ACC-006720,SMB,2025-04-21,initial_default
ACC-006721,SMB,2025-09-13,initial_default
ACC-006722,SMB,2025-05-10,initial_default
ACC-006723,SMB,2023-08-14,initial_default
ACC-006724,SMB,2025-06-17,initial_default
ACC-006725,SMB,2024-11-04,initial_default
ACC-006726,SMB,2024-12-12,initial_default
ACC-006726,Commercial,2025-05-01,usage_threshold
ACC-006727,SMB,2020-01-23,initial_default
ACC-006728,SMB,2025-01-07,initial_default
ACC-006728,Commercial,2025-07-01,usage_threshold
ACC-006729,SMB,2025-11-01,initial_default
ACC-006730,SMB,2020-11-21,initial_default
ACC-006731,SMB,2024-12-25,initial_default
ACC-006732,SMB,2020-04-15,initial_default
ACC-006733,SMB,2021-11-04,initial_default
ACC-006734,SMB,2021-01-21,initial_default
ACC-006735,SMB,2024-12-17,initial_default
ACC-006736,SMB,2023-03-19,initial_default
ACC-006737,SMB,2025-04-19,initial_default
ACC-006738,SMB,2023-11-07,initial_default
ACC-006738,Commercial,2025-02-01,firmographic_rescore
ACC-006739,SMB,2023-11-07,initial_default
ACC-006740,SMB,2023-12-16,initial_default
ACC-006741,SMB,2024-04-20,initial_default
ACC-006742,SMB,2025-09-16,initial_default
ACC-006743,SMB,2025-02-04,initial_default
ACC-006744,SMB,2025-12-23,initial_default
ACC-006745,SMB,2025-09-01,initial_default
ACC-006746,SMB,2023-08-11,initial_default
ACC-006747,SMB,2024-06-22,initial_default
ACC-006748,SMB,2025-11-20,initial_default
ACC-006749,SMB,2023-11-05,initial_default
ACC-006749,Commercial,2024-11-01,firmographic_rescore
ACC-006750,SMB,2025-08-19,initial_default
ACC-006751,SMB,2025-09-20,initial_default
ACC-006752,SMB,2022-07-30,initial_default
ACC-006753,SMB,2025-07-11,initial_default
ACC-006754,SMB,2025-05-26,initial_default
ACC-006754,Commercial,2025-08-01,usage_threshold
ACC-006754,Enterprise,2025-10-01,usage_threshold
ACC-006755,SMB,2025-11-12,initial_default
ACC-006756,SMB,2023-11-11,initial_default
ACC-006757,SMB,2024-07-09,initial_default
ACC-006757,Commercial,2024-09-01,usage_threshold
ACC-006758,SMB,2024-02-21,initial_default
ACC-006759,SMB,2022-01-20,initial_default
ACC-006760,SMB,2025-09-16,initial_default
ACC-006761,SMB,2020-02-04,initial_default
ACC-006762,SMB,2021-03-02,initial_default
ACC-006763,SMB,2024-11-04,initial_default
ACC-006764,SMB,2021-03-02,initial_default
ACC-006765,SMB,2025-02-06,initial_default
ACC-006766,SMB,2025-02-13,initial_default
ACC-006766,Commercial,2025-08-01,firmographic_rescore
ACC-006767,SMB,2025-01-18,initial_default
ACC-006768,SMB,2025-07-08,initial_default
ACC-006769,SMB,2024-11-27,initial_default
ACC-006770,SMB,2020-03-22,initial_default
ACC-006771,SMB,2025-05-13,initial_default
ACC-006771,Commercial,2025-08-01,usage_threshold
ACC-006772,SMB,2025-08-27,initial_default
ACC-006773,SMB,2025-09-13,initial_default
ACC-006774,SMB,2021-02-27,initial_default
ACC-006775,SMB,2023-08-10,initial_default
ACC-006776,SMB,2023-01-07,initial_default
ACC-006777,SMB,2024-09-17,initial_default
ACC-006778,SMB,2023-08-01,initial_default
ACC-006779,SMB,2023-12-14,initial_default
ACC-006780,SMB,2025-08-23,initial_default
ACC-006781,SMB,2022-07-01,initial_default
ACC-006782,SMB,2023-05-23,initial_default
ACC-006783,SMB,2021-03-28,initial_default
ACC-006784,SMB,2025-07-04,initial_default
ACC-006785,SMB,2023-11-01,initial_default
ACC-006786,SMB,2022-08-11,initial_default
ACC-006787,SMB,2025-03-17,initial_default
ACC-006788,SMB,2024-03-05,initial_default
ACC-006789,SMB,2024-03-16,initial_default
ACC-006790,SMB,2024-06-09,initial_default
ACC-006791,SMB,2024-02-13,initial_default
ACC-006792,SMB,2020-03-17,initial_default
ACC-006792,Commercial,2024-03-01,usage_threshold
ACC-006793,SMB,2024-09-09,initial_default
ACC-006794,SMB,2025-10-07,initial_default
ACC-006795,SMB,2023-10-11,initial_default
ACC-006796,SMB,2025-03-10,initial_default
ACC-006797,SMB,2024-09-24,initial_default
ACC-006798,SMB,2025-12-07,initial_default
ACC-006799,SMB,2025-11-07,initial_default
ACC-006800,SMB,2024-10-27,initial_default
ACC-006801,SMB,2022-09-26,initial_default
ACC-006802,SMB,2023-05-21,initial_default
ACC-006803,SMB,2025-10-05,initial_default
ACC-006804,SMB,2024-02-14,initial_default
ACC-006805,SMB,2020-05-08,initial_default
ACC-006806,SMB,2020-10-21,initial_default
ACC-006807,SMB,2025-03-15,initial_default
ACC-006808,SMB,2023-11-16,initial_default
ACC-006809,SMB,2025-02-07,initial_default
ACC-006810,SMB,2025-10-08,initial_default
ACC-006811,SMB,2024-08-18,initial_default
ACC-006812,SMB,2024-05-11,initial_default
ACC-006813,SMB,2024-09-21,initial_default
ACC-006814,SMB,2025-10-15,initial_default
ACC-006815,SMB,2025-02-04,initial_default
ACC-006816,SMB,2025-05-09,initial_default
ACC-006817,SMB,2024-03-20,initial_default
ACC-006818,SMB,2020-10-09,initial_default
ACC-006818,Commercial,2022-01-01,firmographic_rescore
ACC-006819,SMB,2025-03-08,initial_default
ACC-006820,SMB,2025-12-21,initial_default
ACC-006821,SMB,2025-06-10,initial_default
ACC-006822,SMB,2023-05-08,initial_default
ACC-006823,SMB,2024-05-20,initial_default
ACC-006824,SMB,2025-12-24,initial_default
ACC-006825,SMB,2025-08-09,initial_default
ACC-006826,SMB,2024-09-25,initial_default
ACC-006827,SMB,2024-12-24,initial_default
ACC-006828,SMB,2022-08-23,initial_default
ACC-006829,SMB,2024-06-17,initial_default
ACC-006830,SMB,2022-05-17,initial_default
ACC-006831,SMB,2025-03-25,initial_default
ACC-006832,SMB,2022-09-12,initial_default
ACC-006833,SMB,2025-02-12,initial_default
ACC-006834,SMB,2023-05-26,initial_default
ACC-006835,SMB,2023-07-13,initial_default
ACC-006836,SMB,2025-10-11,initial_default
ACC-006837,SMB,2025-08-23,initial_default
ACC-006838,SMB,2025-11-09,initial_default
ACC-006839,SMB,2021-01-12,initial_default
ACC-006840,SMB,2025-07-19,initial_default
ACC-006840,Commercial,2025-11-01,firmographic_rescore
ACC-006841,SMB,2025-12-21,initial_default
ACC-006842,SMB,2023-12-25,initial_default
ACC-006843,SMB,2020-05-27,initial_default
ACC-006843,Commercial,2020-10-01,usage_threshold
ACC-006844,SMB,2024-09-03,initial_default
ACC-006844,Commercial,2025-03-01,usage_threshold
ACC-006845,SMB,2023-11-07,initial_default
ACC-006846,SMB,2025-05-13,initial_default
ACC-006847,SMB,2024-09-14,initial_default
ACC-006848,SMB,2020-01-05,initial_default
ACC-006849,SMB,2022-01-25,initial_default
ACC-006850,SMB,2024-12-23,initial_default
ACC-006850,Commercial,2025-06-01,firmographic_rescore
ACC-006851,SMB,2022-06-08,initial_default
ACC-006852,SMB,2023-09-12,initial_default
ACC-006853,SMB,2024-08-14,initial_default
ACC-006854,SMB,2020-12-20,initial_default
ACC-006855,SMB,2025-04-27,initial_default
ACC-006856,SMB,2025-09-10,initial_default
ACC-006857,SMB,2025-09-06,initial_default
ACC-006858,SMB,2025-04-13,initial_default
ACC-006859,SMB,2025-02-12,initial_default
ACC-006860,SMB,2024-01-17,initial_default
ACC-006861,SMB,2022-02-02,initial_default
ACC-006862,SMB,2023-11-18,initial_default
ACC-006863,SMB,2023-03-01,initial_default
ACC-006864,SMB,2025-12-10,initial_default
ACC-006865,SMB,2023-08-06,initial_default
ACC-006866,SMB,2021-04-24,initial_default
ACC-006867,SMB,2020-12-27,initial_default
ACC-006868,SMB,2024-01-15,initial_default
ACC-006869,SMB,2021-08-06,initial_default
ACC-006870,SMB,2024-07-10,initial_default
ACC-006871,SMB,2024-05-21,initial_default
ACC-006872,SMB,2022-05-21,initial_default
ACC-006872,Commercial,2023-02-01,usage_threshold
ACC-006873,SMB,2021-05-15,initial_default
ACC-006874,SMB,2025-12-10,initial_default
ACC-006875,SMB,2025-11-06,initial_default
ACC-006876,SMB,2024-10-26,initial_default
ACC-006877,SMB,2023-06-23,initial_default
ACC-006878,SMB,2025-06-19,initial_default
ACC-006879,SMB,2025-02-17,initial_default
ACC-006880,SMB,2023-01-13,initial_default
ACC-006881,SMB,2021-01-19,initial_default
ACC-006882,SMB,2025-12-05,initial_default
ACC-006883,SMB,2024-08-22,initial_default
ACC-006884,SMB,2023-10-13,initial_default
ACC-006885,SMB,2024-08-11,initial_default
ACC-006886,SMB,2025-11-27,initial_default
ACC-006887,SMB,2025-07-01,initial_default
ACC-006888,SMB,2024-12-13,initial_default
ACC-006889,SMB,2024-11-13,initial_default
ACC-006890,SMB,2024-07-26,initial_default
ACC-006891,SMB,2025-03-08,initial_default
ACC-006892,SMB,2025-03-25,initial_default
ACC-006893,SMB,2025-03-18,initial_default
ACC-006893,Commercial,2025-10-01,firmographic_rescore
ACC-006894,SMB,2021-11-01,initial_default
ACC-006895,SMB,2025-06-13,initial_default
ACC-006896,SMB,2022-03-26,initial_default
ACC-006896,Commercial,2023-04-01,usage_threshold
ACC-006897,SMB,2025-03-18,initial_default
ACC-006898,SMB,2025-11-20,initial_default
ACC-006899,SMB,2024-04-25,initial_default
ACC-006900,SMB,2024-08-17,initial_default
ACC-006901,SMB,2025-12-26,initial_default
ACC-006902,SMB,2025-12-28,initial_default
ACC-006903,SMB,2024-04-25,initial_default
ACC-006904,SMB,2025-07-19,initial_default
ACC-006905,SMB,2025-07-03,initial_default
ACC-006906,SMB,2025-07-23,initial_default
ACC-006907,SMB,2025-05-02,initial_default
ACC-006908,SMB,2025-05-23,initial_default
ACC-006909,SMB,2021-11-18,initial_default
ACC-006910,SMB,2023-11-19,initial_default
ACC-006910,Commercial,2025-09-01,usage_threshold
ACC-006911,SMB,2022-08-12,initial_default
ACC-006912,SMB,2021-07-29,initial_default
ACC-006913,SMB,2025-10-04,initial_default
ACC-006914,SMB,2025-05-19,initial_default
ACC-006914,Commercial,2025-08-01,usage_threshold
ACC-006915,SMB,2025-01-18,initial_default
ACC-006916,SMB,2023-11-27,initial_default
ACC-006916,Commercial,2024-02-01,usage_threshold
ACC-006917,SMB,2024-09-17,initial_default
ACC-006918,SMB,2024-02-15,initial_default
ACC-006919,SMB,2025-04-07,initial_default
ACC-006920,SMB,2024-09-13,initial_default
ACC-006921,SMB,2020-04-18,initial_default
ACC-006922,SMB,2021-09-24,initial_default
ACC-006923,SMB,2025-09-01,initial_default
ACC-006924,SMB,2024-08-04,initial_default
ACC-006925,SMB,2024-08-08,initial_default
ACC-006926,SMB,2024-02-20,initial_default
ACC-006927,SMB,2024-12-10,initial_default
ACC-006928,SMB,2025-03-28,initial_default
ACC-006929,SMB,2025-10-11,initial_default
ACC-006930,SMB,2024-12-25,initial_default
ACC-006931,SMB,2025-05-01,initial_default
ACC-006931,Commercial,2025-09-01,firmographic_rescore
ACC-006932,SMB,2025-07-01,initial_default
ACC-006932,Commercial,2025-10-01,usage_threshold
ACC-006933,SMB,2024-06-23,initial_default
ACC-006934,SMB,2023-10-07,initial_default
ACC-006935,SMB,2025-01-08,initial_default
ACC-006935,Commercial,2025-09-01,usage_threshold
ACC-006936,SMB,2024-09-21,initial_default
ACC-006937,SMB,2023-03-25,initial_default
ACC-006938,SMB,2021-07-28,initial_default
ACC-006939,SMB,2023-06-04,initial_default
ACC-006940,SMB,2025-07-24,initial_default
ACC-006941,SMB,2024-10-08,initial_default
ACC-006941,Commercial,2025-06-01,usage_threshold
ACC-006942,SMB,2024-01-23,initial_default
ACC-006942,Commercial,2024-12-01,usage_threshold
ACC-006943,SMB,2025-05-15,initial_default
ACC-006944,SMB,2022-06-21,initial_default
ACC-006945,SMB,2025-01-07,initial_default
ACC-006946,SMB,2022-10-11,initial_default
ACC-006947,SMB,2021-10-23,initial_default
ACC-006948,SMB,2024-03-11,initial_default
ACC-006949,SMB,2024-04-12,initial_default
ACC-006950,SMB,2024-08-22,initial_default
ACC-006951,SMB,2025-09-05,initial_default
ACC-006952,SMB,2025-09-05,initial_default
ACC-006953,SMB,2022-07-25,initial_default
ACC-006954,SMB,2021-01-21,initial_default
ACC-006955,SMB,2023-08-20,initial_default
ACC-006956,SMB,2025-06-13,initial_default
ACC-006957,SMB,2024-06-25,initial_default
ACC-006957,Commercial,2024-08-01,firmographic_rescore
ACC-006958,SMB,2024-09-26,initial_default
ACC-006959,SMB,2025-10-01,initial_default
ACC-006960,SMB,2024-06-27,initial_default
ACC-006961,SMB,2023-04-17,initial_default
ACC-006961,Commercial,2023-09-01,firmographic_rescore
ACC-006962,SMB,2024-08-25,initial_default
ACC-006963,SMB,2025-03-12,initial_default
ACC-006963,Commercial,2025-09-01,usage_threshold
ACC-006964,SMB,2023-11-23,initial_default
ACC-006965,SMB,2023-10-27,initial_default
ACC-006966,SMB,2024-05-18,initial_default
ACC-006967,SMB,2024-07-09,initial_default
ACC-006967,Commercial,2025-02-01,firmographic_rescore
ACC-006968,SMB,2024-11-24,initial_default
ACC-006969,SMB,2025-05-15,initial_default
ACC-006970,SMB,2023-12-13,initial_default
ACC-006971,SMB,2021-10-08,initial_default
ACC-006972,SMB,2020-06-14,initial_default
ACC-006973,SMB,2025-12-06,initial_default
ACC-006974,SMB,2024-02-16,initial_default
ACC-006974,Commercial,2024-06-01,usage_threshold
ACC-006975,SMB,2023-07-02,initial_default
ACC-006976,SMB,2022-11-11,initial_default
ACC-006977,SMB,2025-02-18,initial_default
ACC-006978,SMB,2025-01-07,initial_default
ACC-006979,SMB,2023-12-17,initial_default
ACC-006980,SMB,2025-09-24,initial_default
ACC-006981,SMB,2024-07-01,initial_default
ACC-006982,SMB,2024-10-27,initial_default
ACC-006983,SMB,2025-05-04,initial_default
ACC-006984,SMB,2024-07-23,initial_default
ACC-006985,SMB,2025-12-10,initial_default
ACC-006986,SMB,2025-04-25,initial_default
ACC-006987,SMB,2025-06-05,initial_default
ACC-006988,SMB,2024-12-09,initial_default
ACC-006989,SMB,2025-04-14,initial_default
ACC-006989,Commercial,2025-12-01,usage_threshold
ACC-006990,SMB,2021-03-13,initial_default
ACC-006991,SMB,2022-10-20,initial_default
ACC-006992,SMB,2024-05-06,initial_default
ACC-006993,SMB,2023-07-23,initial_default
ACC-006994,SMB,2024-04-18,initial_default
ACC-006995,SMB,2024-03-19,initial_default
ACC-006996,SMB,2025-08-03,initial_default
ACC-006997,SMB,2023-03-05,initial_default
ACC-006998,SMB,2021-06-19,initial_default
ACC-006999,SMB,2025-04-09,initial_default
ACC-007000,SMB,2023-11-06,initial_default
ACC-007001,SMB,2025-12-11,initial_default
ACC-007002,SMB,2020-09-24,initial_default
ACC-007003,SMB,2024-04-23,initial_default
ACC-007004,SMB,2023-10-01,initial_default
ACC-007005,SMB,2023-07-11,initial_default
ACC-007006,SMB,2023-12-14,initial_default
ACC-007007,SMB,2025-01-09,initial_default
ACC-007008,SMB,2025-02-14,initial_default
ACC-007009,SMB,2025-09-05,initial_default
ACC-007010,SMB,2020-07-20,initial_default
ACC-007011,SMB,2023-06-15,initial_default
ACC-007012,SMB,2023-11-07,initial_default
ACC-007013,SMB,2025-04-19,initial_default
ACC-007014,SMB,2023-06-13,initial_default
ACC-007015,SMB,2023-04-14,initial_default
ACC-007016,SMB,2025-01-04,initial_default
ACC-007017,SMB,2025-07-06,initial_default
ACC-007018,SMB,2023-11-01,initial_default
ACC-007019,SMB,2023-09-25,initial_default
ACC-007020,SMB,2024-06-02,initial_default
ACC-007020,Commercial,2025-02-01,usage_threshold
ACC-007021,SMB,2024-03-11,initial_default
ACC-007022,SMB,2024-03-11,initial_default
ACC-007023,SMB,2025-04-07,initial_default
ACC-007023,Commercial,2025-08-01,firmographic_rescore
ACC-007024,SMB,2025-04-05,initial_default
ACC-007025,SMB,2022-02-20,initial_default
ACC-007026,SMB,2024-06-19,initial_default
ACC-007027,SMB,2025-03-24,initial_default
ACC-007028,SMB,2025-03-09,initial_default
ACC-007029,SMB,2025-03-20,initial_default
ACC-007030,SMB,2025-02-12,initial_default
ACC-007031,SMB,2024-03-28,initial_default
ACC-007032,SMB,2022-03-11,initial_default
ACC-007033,SMB,2025-11-02,initial_default
ACC-007034,SMB,2024-01-07,initial_default
ACC-007034,Commercial,2024-04-01,usage_threshold
ACC-007035,SMB,2020-03-29,initial_default
ACC-007036,SMB,2025-01-22,initial_default
ACC-007036,Commercial,2025-10-01,usage_threshold
ACC-007037,SMB,2022-08-05,initial_default
ACC-007038,SMB,2023-01-14,initial_default
ACC-007039,SMB,2025-02-17,initial_default
ACC-007040,SMB,2024-08-25,initial_default
ACC-007041,SMB,2024-09-01,initial_default
ACC-007042,SMB,2021-05-29,initial_default
ACC-007043,SMB,2025-12-01,initial_default
ACC-007044,SMB,2024-12-16,initial_default
ACC-007045,SMB,2021-06-11,initial_default
ACC-007046,SMB,2020-02-15,initial_default
ACC-007047,SMB,2024-04-23,initial_default
ACC-007048,SMB,2025-12-15,initial_default
ACC-007049,SMB,2024-05-03,initial_default
ACC-007050,SMB,2024-02-05,initial_default
ACC-007051,SMB,2023-04-18,initial_default
ACC-007052,SMB,2021-10-13,initial_default
ACC-007053,SMB,2023-11-19,initial_default
ACC-007054,SMB,2025-04-04,initial_default
ACC-007055,SMB,2020-11-21,initial_default
ACC-007056,SMB,2024-05-05,initial_default
ACC-007057,SMB,2022-01-17,initial_default
ACC-007057,Commercial,2024-01-01,usage_threshold
ACC-007058,SMB,2024-08-27,initial_default
ACC-007059,SMB,2025-05-22,initial_default
ACC-007060,SMB,2025-06-27,initial_default
ACC-007061,SMB,2021-09-18,initial_default
ACC-007062,SMB,2022-12-21,initial_default
ACC-007063,SMB,2025-02-26,initial_default
ACC-007064,SMB,2021-08-06,initial_default
ACC-007065,SMB,2021-12-09,initial_default
ACC-007065,Commercial,2024-02-01,firmographic_rescore
ACC-007065,Enterprise,2024-07-01,usage_threshold
ACC-007066,SMB,2024-11-06,initial_default
ACC-007067,SMB,2025-10-15,initial_default
ACC-007068,SMB,2022-02-12,initial_default
ACC-007068,Commercial,2024-04-01,usage_threshold
ACC-007069,SMB,2024-07-08,initial_default
ACC-007070,SMB,2025-04-04,initial_default
ACC-007071,SMB,2025-11-16,initial_default
ACC-007072,SMB,2024-02-21,initial_default
ACC-007073,SMB,2025-04-22,initial_default
ACC-007074,SMB,2025-11-23,initial_default
ACC-007075,SMB,2023-08-04,initial_default
ACC-007076,SMB,2025-11-21,initial_default
ACC-007077,SMB,2023-04-25,initial_default
ACC-007077,Commercial,2025-08-01,usage_threshold
ACC-007078,SMB,2024-04-06,initial_default
ACC-007079,SMB,2025-07-11,initial_default
ACC-007080,SMB,2025-01-15,initial_default
ACC-007081,SMB,2025-06-26,initial_default
ACC-007081,Commercial,2025-10-01,usage_threshold
ACC-007082,SMB,2025-07-07,initial_default
ACC-007083,SMB,2023-11-09,initial_default
ACC-007084,SMB,2023-01-11,initial_default
ACC-007085,SMB,2024-05-10,initial_default
ACC-007086,SMB,2021-10-11,initial_default
ACC-007087,SMB,2022-05-23,initial_default
ACC-007088,SMB,2022-04-17,initial_default
ACC-007089,SMB,2024-03-04,initial_default
ACC-007090,SMB,2023-09-13,initial_default
ACC-007091,SMB,2023-08-18,initial_default
ACC-007092,SMB,2024-05-17,initial_default
ACC-007093,SMB,2023-08-18,initial_default
ACC-007094,SMB,2023-10-25,initial_default
ACC-007095,SMB,2023-08-07,initial_default
ACC-007096,SMB,2020-02-09,initial_default
ACC-007097,SMB,2023-09-24,initial_default
ACC-007098,SMB,2024-07-17,initial_default
ACC-007099,SMB,2025-08-04,initial_default
ACC-007100,SMB,2024-06-12,initial_default
ACC-007101,SMB,2024-06-08,initial_default
ACC-007102,SMB,2024-01-07,initial_default
ACC-007103,SMB,2024-05-11,initial_default
ACC-007104,SMB,2025-12-02,initial_default
ACC-007105,SMB,2025-10-08,initial_default
ACC-007106,SMB,2022-09-20,initial_default
ACC-007107,SMB,2023-09-25,initial_default
ACC-007108,SMB,2025-12-20,initial_default
ACC-007109,SMB,2023-09-12,initial_default
ACC-007110,SMB,2023-05-10,initial_default
ACC-007111,SMB,2023-10-06,initial_default
ACC-007112,SMB,2021-11-19,initial_default
ACC-007113,SMB,2023-08-05,initial_default
ACC-007114,SMB,2023-08-10,initial_default
ACC-007115,SMB,2025-12-05,initial_default
ACC-007116,SMB,2024-05-09,initial_default
ACC-007117,SMB,2024-10-10,initial_default
ACC-007118,SMB,2023-11-16,initial_default
ACC-007118,Commercial,2024-02-01,usage_threshold
ACC-007119,SMB,2024-12-21,initial_default
ACC-007120,SMB,2023-03-26,initial_default
ACC-007121,SMB,2025-06-20,initial_default
ACC-007122,SMB,2024-07-03,initial_default
ACC-007123,SMB,2025-01-24,initial_default
ACC-007124,SMB,2024-12-26,initial_default
ACC-007125,SMB,2025-03-11,initial_default
ACC-007126,SMB,2023-10-12,initial_default
ACC-007127,SMB,2025-01-18,initial_default
ACC-007127,Commercial,2025-09-01,usage_threshold
ACC-007128,SMB,2025-02-04,initial_default
ACC-007128,Commercial,2025-11-01,usage_threshold
ACC-007129,SMB,2024-01-12,initial_default
ACC-007130,SMB,2023-06-27,initial_default
ACC-007131,SMB,2025-02-27,initial_default
ACC-007132,SMB,2025-09-23,initial_default
ACC-007133,SMB,2023-05-21,initial_default
ACC-007134,SMB,2025-04-27,initial_default
ACC-007135,SMB,2022-07-09,initial_default
ACC-007136,SMB,2025-10-09,initial_default
ACC-007137,SMB,2020-11-04,initial_default
ACC-007138,SMB,2023-06-27,initial_default
ACC-007138,Commercial,2024-02-01,usage_threshold
ACC-007139,SMB,2022-03-06,initial_default
ACC-007140,SMB,2025-12-19,initial_default
ACC-007141,SMB,2024-02-22,initial_default
ACC-007142,SMB,2025-04-03,initial_default
ACC-007143,SMB,2022-07-06,initial_default
ACC-007144,SMB,2022-12-31,initial_default
ACC-007145,SMB,2025-09-17,initial_default
ACC-007146,SMB,2022-04-10,initial_default
ACC-007147,SMB,2024-08-08,initial_default
ACC-007148,SMB,2024-11-20,initial_default
ACC-007149,SMB,2024-05-05,initial_default
ACC-007150,SMB,2020-10-24,initial_default
ACC-007151,SMB,2025-10-24,initial_default
ACC-007152,SMB,2022-07-29,initial_default
ACC-007153,SMB,2025-12-27,initial_default
ACC-007154,SMB,2021-01-22,initial_default
ACC-007155,SMB,2025-04-02,initial_default
ACC-007156,SMB,2023-08-28,initial_default
ACC-007157,SMB,2024-10-17,initial_default
ACC-007158,SMB,2023-01-11,initial_default
ACC-007159,SMB,2024-12-21,initial_default
ACC-007160,SMB,2023-07-09,initial_default
ACC-007160,Commercial,2024-01-01,usage_threshold
ACC-007161,SMB,2025-02-27,initial_default
ACC-007162,SMB,2024-05-11,initial_default
ACC-007163,SMB,2025-03-02,initial_default
ACC-007164,SMB,2025-04-19,initial_default
ACC-007165,SMB,2023-04-18,initial_default
ACC-007166,SMB,2025-06-21,initial_default
ACC-007167,SMB,2021-11-12,initial_default
ACC-007168,SMB,2024-02-11,initial_default
ACC-007169,SMB,2025-01-06,initial_default
ACC-007170,SMB,2025-05-13,initial_default
ACC-007171,SMB,2021-10-02,initial_default
ACC-007172,SMB,2025-08-24,initial_default
ACC-007173,SMB,2025-09-13,initial_default
ACC-007174,SMB,2025-10-20,initial_default
ACC-007175,SMB,2024-10-02,initial_default
ACC-007176,SMB,2024-09-23,initial_default
ACC-007177,SMB,2020-06-14,initial_default
ACC-007178,SMB,2025-12-26,initial_default
ACC-007179,SMB,2023-08-04,initial_default
ACC-007180,SMB,2022-06-07,initial_default
ACC-007180,Commercial,2025-07-01,usage_threshold
ACC-007181,SMB,2024-02-26,initial_default
ACC-007182,SMB,2020-06-08,initial_default
ACC-007183,SMB,2023-05-07,initial_default
ACC-007183,Commercial,2025-02-01,firmographic_rescore
ACC-007184,SMB,2025-05-10,initial_default
ACC-007185,SMB,2025-01-25,initial_default
ACC-007186,SMB,2024-03-08,initial_default
ACC-007187,SMB,2022-09-10,initial_default
ACC-007188,SMB,2023-12-27,initial_default
ACC-007188,Commercial,2025-02-01,usage_threshold
ACC-007189,SMB,2024-11-01,initial_default
ACC-007189,Commercial,2025-10-01,usage_threshold
ACC-007190,SMB,2025-08-20,initial_default
ACC-007191,SMB,2025-03-22,initial_default
ACC-007192,SMB,2023-11-12,initial_default
ACC-007193,SMB,2025-12-19,initial_default
ACC-007194,SMB,2023-10-10,initial_default
ACC-007195,SMB,2020-02-05,initial_default
ACC-007196,SMB,2025-10-06,initial_default
ACC-007197,SMB,2025-06-25,initial_default
ACC-007198,SMB,2025-09-22,initial_default
ACC-007199,SMB,2021-08-11,initial_default
ACC-007199,Commercial,2024-07-01,usage_threshold
ACC-007200,SMB,2025-09-28,initial_default
ACC-007201,SMB,2025-10-07,initial_default
ACC-007202,SMB,2024-09-09,initial_default
ACC-007203,SMB,2023-04-01,initial_default
ACC-007204,SMB,2025-06-26,initial_default
ACC-007205,SMB,2023-05-03,initial_default
ACC-007206,SMB,2023-01-27,initial_default
ACC-007207,SMB,2024-02-14,initial_default
ACC-007208,SMB,2023-09-19,initial_default
ACC-007209,SMB,2024-02-07,initial_default
ACC-007209,Commercial,2024-12-01,firmographic_rescore
ACC-007210,SMB,2024-09-22,initial_default
ACC-007211,SMB,2022-04-18,initial_default
ACC-007211,Commercial,2025-02-01,usage_threshold
ACC-007212,SMB,2025-07-21,initial_default
ACC-007213,SMB,2023-04-22,initial_default
ACC-007214,SMB,2025-05-24,initial_default
ACC-007215,SMB,2020-04-16,initial_default
ACC-007215,Commercial,2025-04-01,firmographic_rescore
ACC-007216,SMB,2025-01-20,initial_default
ACC-007217,SMB,2025-04-04,initial_default
ACC-007218,SMB,2021-03-09,initial_default
ACC-007219,SMB,2025-02-27,initial_default
ACC-007220,SMB,2020-07-21,initial_default
ACC-007221,SMB,2025-11-01,initial_default
ACC-007222,SMB,2025-09-19,initial_default
ACC-007223,SMB,2023-01-14,initial_default
ACC-007224,SMB,2020-02-05,initial_default
ACC-007225,SMB,2022-05-17,initial_default
ACC-007225,Commercial,2025-08-01,usage_threshold
ACC-007225,Enterprise,2025-12-01,usage_threshold
ACC-007226,SMB,2024-04-04,initial_default
ACC-007227,SMB,2023-05-19,initial_default
ACC-007227,Commercial,2024-11-01,usage_threshold
ACC-007228,SMB,2020-03-30,initial_default
ACC-007228,Commercial,2020-10-01,usage_threshold
ACC-007229,SMB,2025-07-07,initial_default
ACC-007230,SMB,2024-11-03,initial_default
ACC-007231,SMB,2025-12-02,initial_default
ACC-007232,SMB,2025-12-04,initial_default
ACC-007233,SMB,2024-01-27,initial_default
ACC-007234,SMB,2025-10-25,initial_default
ACC-007235,SMB,2025-08-10,initial_default
ACC-007236,SMB,2024-01-15,initial_default
ACC-007237,SMB,2021-03-20,initial_default
ACC-007238,SMB,2022-10-16,initial_default
ACC-007239,SMB,2023-10-10,initial_default
ACC-007240,SMB,2023-07-14,initial_default
ACC-007241,SMB,2020-11-15,initial_default
ACC-007242,SMB,2024-07-16,initial_default
ACC-007243,SMB,2024-11-07,initial_default
ACC-007244,SMB,2025-07-16,initial_default
ACC-007245,SMB,2021-07-19,initial_default
ACC-007246,SMB,2025-02-21,initial_default
ACC-007247,SMB,2025-03-10,initial_default
ACC-007248,SMB,2020-05-18,initial_default
ACC-007249,SMB,2025-06-17,initial_default
ACC-007250,SMB,2024-06-15,initial_default
ACC-007250,Commercial,2025-10-01,usage_threshold
ACC-007251,SMB,2025-05-25,initial_default
ACC-007252,SMB,2023-06-05,initial_default
ACC-007252,Commercial,2025-12-01,usage_threshold
ACC-007253,SMB,2020-09-07,initial_default
ACC-007254,SMB,2023-09-05,initial_default
ACC-007255,SMB,2024-12-09,initial_default
ACC-007256,SMB,2023-12-04,initial_default
ACC-007257,SMB,2024-11-24,initial_default
ACC-007258,SMB,2020-05-25,initial_default
ACC-007259,SMB,2025-11-21,initial_default
ACC-007260,SMB,2020-02-06,initial_default
ACC-007261,SMB,2024-12-27,initial_default
ACC-007261,Commercial,2025-11-01,firmographic_rescore
ACC-007262,SMB,2023-04-25,initial_default
ACC-007263,SMB,2025-02-02,initial_default
ACC-007264,SMB,2024-08-26,initial_default
ACC-007265,SMB,2022-03-03,initial_default
ACC-007266,SMB,2023-06-09,initial_default
ACC-007267,SMB,2022-08-15,initial_default
ACC-007268,SMB,2024-06-01,initial_default
ACC-007269,SMB,2024-05-22,initial_default
ACC-007270,SMB,2021-06-18,initial_default
ACC-007271,SMB,2023-11-17,initial_default
ACC-007272,SMB,2025-06-21,initial_default
ACC-007273,SMB,2023-08-02,initial_default
ACC-007274,SMB,2022-12-18,initial_default
ACC-007274,Commercial,2023-11-01,usage_threshold
ACC-007275,SMB,2021-06-21,initial_default
ACC-007276,SMB,2023-11-28,initial_default
ACC-007277,SMB,2025-08-20,initial_default
ACC-007278,SMB,2023-02-17,initial_default
ACC-007279,SMB,2025-11-01,initial_default
ACC-007280,SMB,2025-05-07,initial_default
ACC-007281,SMB,2025-11-20,initial_default
ACC-007282,SMB,2022-03-01,initial_default
ACC-007283,SMB,2023-02-09,initial_default
ACC-007284,SMB,2021-12-26,initial_default
ACC-007285,SMB,2023-11-14,initial_default
ACC-007286,SMB,2025-04-19,initial_default
ACC-007287,SMB,2025-02-12,initial_default
ACC-007288,SMB,2025-10-08,initial_default
ACC-007289,SMB,2023-07-19,initial_default
ACC-007290,SMB,2021-05-02,initial_default
ACC-007291,SMB,2025-06-22,initial_default
ACC-007292,SMB,2025-12-15,initial_default
ACC-007293,SMB,2023-02-02,initial_default
ACC-007294,SMB,2020-06-11,initial_default
ACC-007295,SMB,2020-12-29,initial_default
ACC-007295,Commercial,2025-04-01,usage_threshold
ACC-007296,SMB,2024-09-12,initial_default
ACC-007297,SMB,2023-03-17,initial_default
ACC-007297,Commercial,2023-05-01,usage_threshold
ACC-007297,Enterprise,2024-05-01,firmographic_rescore
ACC-007298,SMB,2025-05-22,initial_default
ACC-007299,SMB,2024-12-10,initial_default
ACC-007300,SMB,2025-10-17,initial_default
ACC-007301,SMB,2022-07-17,initial_default
ACC-007301,Commercial,2025-08-01,usage_threshold
ACC-007302,SMB,2025-05-09,initial_default
ACC-007302,Commercial,2025-08-01,usage_threshold
ACC-007303,SMB,2025-10-10,initial_default
ACC-007304,SMB,2025-04-28,initial_default
ACC-007305,SMB,2023-05-11,initial_default
ACC-007305,Commercial,2024-06-01,usage_threshold
ACC-007306,SMB,2023-12-24,initial_default
ACC-007307,SMB,2021-04-25,initial_default
ACC-007308,SMB,2025-11-04,initial_default
ACC-007309,SMB,2021-09-18,initial_default
ACC-007310,SMB,2023-09-20,initial_default
ACC-007311,SMB,2025-07-14,initial_default
ACC-007312,SMB,2025-03-16,initial_default
ACC-007313,SMB,2025-07-03,initial_default
ACC-007314,SMB,2025-06-27,initial_default
ACC-007315,SMB,2023-06-21,initial_default
ACC-007316,SMB,2024-03-22,initial_default
ACC-007317,SMB,2025-02-22,initial_default
ACC-007318,SMB,2025-02-01,initial_default
ACC-007319,SMB,2025-08-13,initial_default
ACC-007320,SMB,2025-03-19,initial_default
ACC-007320,Commercial,2025-12-01,usage_threshold
ACC-007321,SMB,2022-03-04,initial_default
ACC-007322,SMB,2024-02-20,initial_default
ACC-007323,SMB,2024-05-03,initial_default
ACC-007323,Commercial,2025-03-01,usage_threshold
ACC-007324,SMB,2024-08-23,initial_default
ACC-007325,SMB,2023-11-24,initial_default
ACC-007326,SMB,2023-07-21,initial_default
ACC-007327,SMB,2023-09-16,initial_default
ACC-007327,Commercial,2024-08-01,firmographic_rescore
ACC-007328,SMB,2023-05-14,initial_default
ACC-007329,SMB,2024-07-07,initial_default
ACC-007330,SMB,2024-03-05,initial_default
ACC-007330,Commercial,2024-09-01,usage_threshold
ACC-007330,Enterprise,2025-09-01,usage_threshold
ACC-007331,SMB,2025-11-19,initial_default
ACC-007332,SMB,2020-08-04,initial_default
ACC-007333,SMB,2022-04-28,initial_default
ACC-007334,SMB,2025-12-12,initial_default
ACC-007335,SMB,2024-01-22,initial_default
ACC-007336,SMB,2025-03-08,initial_default
ACC-007337,SMB,2023-05-22,initial_default
ACC-007338,SMB,2021-07-25,initial_default
ACC-007339,SMB,2023-12-22,initial_default
ACC-007340,SMB,2021-09-04,initial_default
ACC-007341,SMB,2022-04-01,initial_default
ACC-007342,SMB,2025-10-01,initial_default
ACC-007343,SMB,2025-10-11,initial_default
ACC-007344,SMB,2024-09-23,initial_default
ACC-007345,SMB,2025-12-11,initial_default
ACC-007346,SMB,2025-07-10,initial_default
ACC-007347,SMB,2023-06-09,initial_default
ACC-007348,SMB,2024-02-07,initial_default
ACC-007348,Commercial,2024-05-01,usage_threshold
ACC-007349,SMB,2025-12-12,initial_default
ACC-007350,SMB,2021-12-04,initial_default
ACC-007351,SMB,2025-04-15,initial_default
ACC-007352,SMB,2025-11-09,initial_default
ACC-007353,SMB,2022-08-17,initial_default
ACC-007354,SMB,2024-11-23,initial_default
ACC-007355,SMB,2025-07-16,initial_default
ACC-007356,SMB,2024-02-15,initial_default
ACC-007357,SMB,2025-10-23,initial_default
ACC-007358,SMB,2024-07-02,initial_default
ACC-007358,Commercial,2025-04-01,firmographic_rescore
ACC-007359,SMB,2024-01-17,initial_default
ACC-007360,SMB,2021-05-07,initial_default
ACC-007361,SMB,2025-04-04,initial_default
ACC-007362,SMB,2025-03-11,initial_default
ACC-007363,SMB,2024-09-19,initial_default
ACC-007364,SMB,2025-07-16,initial_default
ACC-007365,SMB,2023-07-27,initial_default
ACC-007366,SMB,2025-09-12,initial_default
ACC-007367,SMB,2020-06-21,initial_default
ACC-007368,SMB,2024-08-05,initial_default
ACC-007369,SMB,2021-01-23,initial_default
ACC-007370,SMB,2023-05-04,initial_default
ACC-007371,SMB,2021-10-19,initial_default
ACC-007372,SMB,2025-02-05,initial_default
ACC-007373,SMB,2024-02-15,initial_default
ACC-007374,SMB,2024-09-20,initial_default
ACC-007375,SMB,2021-04-03,initial_default
ACC-007376,SMB,2023-10-03,initial_default
ACC-007376,Commercial,2025-11-01,usage_threshold
ACC-007377,SMB,2025-12-24,initial_default
ACC-007378,SMB,2020-10-23,initial_default
ACC-007379,SMB,2021-08-09,initial_default
ACC-007379,Commercial,2022-01-01,firmographic_rescore
ACC-007380,SMB,2025-08-01,initial_default
ACC-007381,SMB,2023-06-24,initial_default
ACC-007382,SMB,2021-01-10,initial_default
ACC-007382,Commercial,2021-11-01,firmographic_rescore
ACC-007383,SMB,2024-12-19,initial_default
ACC-007384,SMB,2025-04-23,initial_default
ACC-007385,SMB,2023-10-22,initial_default
ACC-007386,SMB,2023-01-15,initial_default
ACC-007387,SMB,2024-05-17,initial_default
ACC-007388,SMB,2023-10-01,initial_default
ACC-007388,Commercial,2025-08-01,firmographic_rescore
ACC-007389,SMB,2025-06-09,initial_default
ACC-007390,SMB,2021-08-03,initial_default
ACC-007391,SMB,2025-08-01,initial_default
ACC-007392,SMB,2024-01-02,initial_default
ACC-007393,SMB,2024-07-18,initial_default
ACC-007394,SMB,2025-07-04,initial_default
ACC-007395,SMB,2025-02-14,initial_default
ACC-007396,SMB,2022-12-03,initial_default
ACC-007397,SMB,2024-01-12,initial_default
ACC-007398,SMB,2022-06-27,initial_default
ACC-007399,SMB,2024-01-04,initial_default
ACC-007400,SMB,2025-12-06,initial_default
ACC-007401,SMB,2024-09-27,initial_default
ACC-007402,SMB,2023-09-19,initial_default
ACC-007403,SMB,2024-03-10,initial_default
ACC-007404,SMB,2024-12-11,initial_default
ACC-007405,SMB,2025-12-01,initial_default
ACC-007406,SMB,2025-12-03,initial_default
ACC-007407,SMB,2025-02-12,initial_default
ACC-007408,SMB,2024-08-22,initial_default
ACC-007409,SMB,2025-10-13,initial_default
ACC-007410,SMB,2020-05-12,initial_default
ACC-007411,SMB,2024-07-26,initial_default
ACC-007412,SMB,2025-02-12,initial_default
ACC-007412,Commercial,2025-12-01,usage_threshold
ACC-007413,SMB,2024-09-09,initial_default
ACC-007414,SMB,2020-05-23,initial_default
ACC-007415,SMB,2023-11-21,initial_default
ACC-007416,SMB,2023-09-10,initial_default
ACC-007417,SMB,2021-07-02,initial_default
ACC-007417,Commercial,2021-10-01,firmographic_rescore
ACC-007418,SMB,2024-06-15,initial_default
ACC-007419,SMB,2024-10-27,initial_default
ACC-007419,Commercial,2024-12-01,usage_threshold
ACC-007420,SMB,2025-06-05,initial_default
ACC-007421,SMB,2025-04-11,initial_default
ACC-007422,SMB,2022-05-28,initial_default
ACC-007423,SMB,2020-12-31,initial_default
ACC-007423,Commercial,2021-08-01,usage_threshold
ACC-007424,SMB,2025-09-12,initial_default
ACC-007425,SMB,2025-01-15,initial_default
ACC-007426,SMB,2024-12-21,initial_default
ACC-007427,SMB,2023-08-26,initial_default
ACC-007428,SMB,2022-02-05,initial_default
ACC-007429,SMB,2025-09-16,initial_default
ACC-007430,SMB,2020-09-02,initial_default
ACC-007431,SMB,2020-12-16,initial_default
ACC-007432,SMB,2023-03-13,initial_default
ACC-007433,SMB,2023-05-04,initial_default
ACC-007434,SMB,2025-07-15,initial_default
ACC-007435,SMB,2025-03-24,initial_default
ACC-007436,SMB,2024-10-02,initial_default
ACC-007437,SMB,2025-08-14,initial_default
ACC-007438,SMB,2024-08-13,initial_default
ACC-007439,SMB,2025-08-07,initial_default
ACC-007440,SMB,2023-09-09,initial_default
ACC-007441,SMB,2025-01-15,initial_default
ACC-007442,SMB,2021-07-06,initial_default
ACC-007443,SMB,2023-10-28,initial_default
ACC-007444,SMB,2025-09-13,initial_default
ACC-007445,SMB,2025-04-27,initial_default
ACC-007446,SMB,2025-12-26,initial_default
ACC-007447,SMB,2020-09-11,initial_default
ACC-007448,SMB,2024-05-18,initial_default
ACC-007449,SMB,2023-04-22,initial_default
ACC-007449,Commercial,2024-05-01,usage_threshold
ACC-007450,SMB,2025-06-17,initial_default
ACC-007451,SMB,2025-08-19,initial_default
ACC-007452,SMB,2023-12-06,initial_default
ACC-007453,SMB,2025-05-21,initial_default
ACC-007454,SMB,2024-06-18,initial_default
ACC-007455,SMB,2025-05-18,initial_default
ACC-007456,SMB,2024-04-21,initial_default
ACC-007457,SMB,2023-04-10,initial_default
ACC-007458,SMB,2022-08-16,initial_default
ACC-007458,Commercial,2025-09-01,usage_threshold
ACC-007459,SMB,2025-04-02,initial_default
ACC-007460,SMB,2025-01-24,initial_default
ACC-007461,SMB,2024-03-27,initial_default
ACC-007462,SMB,2024-10-17,initial_default
ACC-007463,SMB,2023-04-22,initial_default
ACC-007463,Commercial,2024-09-01,firmographic_rescore
ACC-007464,SMB,2025-10-11,initial_default
ACC-007465,SMB,2021-08-21,initial_default
ACC-007466,SMB,2024-07-03,initial_default
ACC-007467,SMB,2025-02-23,initial_default
ACC-007468,SMB,2024-03-03,initial_default
ACC-007469,SMB,2025-09-15,initial_default
ACC-007470,SMB,2020-02-05,initial_default
ACC-007471,SMB,2025-10-13,initial_default
ACC-007472,SMB,2025-03-28,initial_default
ACC-007472,Commercial,2025-06-01,usage_threshold
ACC-007472,Enterprise,2025-12-01,usage_threshold
ACC-007473,SMB,2025-08-21,initial_default
ACC-007474,SMB,2023-04-12,initial_default
ACC-007475,SMB,2024-02-20,initial_default
ACC-007475,Commercial,2024-10-01,usage_threshold
ACC-007475,Enterprise,2025-07-01,usage_threshold
ACC-007476,SMB,2025-12-27,initial_default
ACC-007477,SMB,2025-09-11,initial_default
ACC-007478,SMB,2024-04-11,initial_default
ACC-007479,SMB,2024-03-23,initial_default
ACC-007480,SMB,2020-06-10,initial_default
ACC-007481,SMB,2023-08-12,initial_default
ACC-007482,SMB,2025-04-18,initial_default
ACC-007483,SMB,2024-07-06,initial_default
ACC-007484,SMB,2025-03-28,initial_default
ACC-007485,SMB,2023-08-10,initial_default
ACC-007486,SMB,2025-06-04,initial_default
ACC-007487,SMB,2024-06-09,initial_default
ACC-007488,SMB,2025-03-21,initial_default
ACC-007488,Commercial,2025-07-01,usage_threshold
ACC-007489,SMB,2020-11-13,initial_default
ACC-007490,SMB,2023-04-24,initial_default
ACC-007491,SMB,2024-05-19,initial_default
ACC-007492,SMB,2025-07-23,initial_default
ACC-007493,SMB,2020-09-21,initial_default
ACC-007493,Commercial,2022-01-01,usage_threshold
ACC-007494,SMB,2025-07-15,initial_default
ACC-007495,SMB,2020-04-11,initial_default
ACC-007496,SMB,2024-09-18,initial_default
ACC-007497,SMB,2024-01-18,initial_default
ACC-007497,Commercial,2024-09-01,firmographic_rescore
ACC-007498,SMB,2025-07-03,initial_default
ACC-007499,SMB,2023-08-13,initial_default
ACC-007500,SMB,2022-05-13,initial_default
ACC-007501,SMB,2025-01-05,initial_default
ACC-007501,Commercial,2025-03-01,usage_threshold
ACC-007502,SMB,2025-09-07,initial_default
ACC-007503,SMB,2023-06-14,initial_default
ACC-007504,SMB,2025-08-23,initial_default
ACC-007505,SMB,2024-01-18,initial_default
ACC-007506,SMB,2020-10-27,initial_default
ACC-007506,Commercial,2024-11-01,usage_threshold
ACC-007507,SMB,2025-05-02,initial_default
ACC-007508,SMB,2025-07-20,initial_default
ACC-007508,Commercial,2025-09-01,usage_threshold
ACC-007509,SMB,2025-11-18,initial_default
ACC-007510,SMB,2025-12-22,initial_default
ACC-007511,SMB,2025-04-08,initial_default
ACC-007512,SMB,2023-04-02,initial_default
ACC-007513,SMB,2023-02-26,initial_default
ACC-007514,SMB,2025-07-24,initial_default
ACC-007515,SMB,2024-10-06,initial_default
ACC-007516,SMB,2024-11-08,initial_default
ACC-007517,SMB,2020-01-21,initial_default
ACC-007518,SMB,2025-12-18,initial_default
ACC-007519,SMB,2023-01-21,initial_default
ACC-007520,SMB,2025-02-11,initial_default
ACC-007521,SMB,2024-04-19,initial_default
ACC-007522,SMB,2021-04-18,initial_default
ACC-007523,SMB,2025-01-09,initial_default
ACC-007524,SMB,2025-05-10,initial_default
ACC-007524,Commercial,2025-07-01,firmographic_rescore
ACC-007525,SMB,2023-11-22,initial_default
ACC-007526,SMB,2025-03-17,initial_default
ACC-007527,SMB,2025-12-25,initial_default
ACC-007528,SMB,2021-10-26,initial_default
ACC-007529,SMB,2023-09-10,initial_default
ACC-007530,SMB,2021-08-22,initial_default
ACC-007531,SMB,2024-05-13,initial_default
ACC-007532,SMB,2021-07-06,initial_default
ACC-007533,SMB,2023-10-01,initial_default
ACC-007533,Commercial,2025-07-01,usage_threshold
ACC-007534,SMB,2024-02-10,initial_default
ACC-007535,SMB,2020-03-28,initial_default
ACC-007536,SMB,2025-12-17,initial_default
ACC-007537,SMB,2025-10-25,initial_default
ACC-007538,SMB,2025-03-13,initial_default
ACC-007539,SMB,2024-05-11,initial_default
ACC-007539,Commercial,2025-05-01,usage_threshold
ACC-007540,SMB,2020-06-17,initial_default
ACC-007541,SMB,2025-12-02,initial_default
ACC-007542,SMB,2021-01-17,initial_default
ACC-007543,SMB,2024-05-21,initial_default
ACC-007544,SMB,2024-01-09,initial_default
ACC-007545,SMB,2025-07-01,initial_default
ACC-007545,Commercial,2025-12-01,usage_threshold
ACC-007546,SMB,2025-04-03,initial_default
ACC-007547,SMB,2023-08-27,initial_default
ACC-007548,SMB,2025-09-22,initial_default
ACC-007549,SMB,2025-12-06,initial_default
ACC-007550,SMB,2022-06-11,initial_default
ACC-007551,SMB,2025-07-25,initial_default
ACC-007552,SMB,2024-07-10,initial_default
ACC-007553,SMB,2020-10-22,initial_default
ACC-007554,SMB,2023-07-02,initial_default
ACC-007555,SMB,2024-08-02,initial_default
ACC-007556,SMB,2025-11-16,initial_default
ACC-007557,SMB,2025-07-01,initial_default
ACC-007558,SMB,2024-12-12,initial_default
ACC-007559,SMB,2025-12-14,initial_default
ACC-007560,SMB,2025-03-05,initial_default
ACC-007561,SMB,2022-07-07,initial_default
ACC-007562,SMB,2025-04-09,initial_default
ACC-007563,SMB,2024-06-28,initial_default
ACC-007563,Commercial,2025-06-01,usage_threshold
ACC-007564,SMB,2025-10-07,initial_default
ACC-007565,SMB,2025-09-18,initial_default
ACC-007566,SMB,2020-11-17,initial_default
ACC-007567,SMB,2023-11-21,initial_default
ACC-007568,SMB,2023-01-26,initial_default
ACC-007569,SMB,2024-12-27,initial_default
ACC-007570,SMB,2020-04-28,initial_default
ACC-007571,SMB,2025-09-15,initial_default
ACC-007572,SMB,2020-12-05,initial_default
ACC-007573,SMB,2025-11-05,initial_default
ACC-007574,SMB,2023-07-13,initial_default
ACC-007575,SMB,2025-04-26,initial_default
ACC-007576,SMB,2023-08-16,initial_default
ACC-007577,SMB,2024-12-26,initial_default
ACC-007578,SMB,2025-04-26,initial_default
ACC-007579,SMB,2023-11-01,initial_default
ACC-007580,SMB,2022-09-13,initial_default
ACC-007581,SMB,2025-02-21,initial_default
ACC-007582,SMB,2025-03-05,initial_default
ACC-007582,Commercial,2025-10-01,firmographic_rescore
ACC-007583,SMB,2020-08-14,initial_default
ACC-007584,SMB,2021-09-09,initial_default
ACC-007585,SMB,2025-12-18,initial_default
ACC-007586,SMB,2025-09-08,initial_default
ACC-007587,SMB,2022-07-21,initial_default
ACC-007587,Commercial,2025-07-01,firmographic_rescore
ACC-007588,SMB,2024-09-20,initial_default
ACC-007589,SMB,2023-06-13,initial_default
ACC-007590,SMB,2021-03-31,initial_default
ACC-007591,SMB,2022-07-05,initial_default
ACC-007592,SMB,2024-02-10,initial_default
ACC-007593,SMB,2025-08-03,initial_default
ACC-007594,SMB,2023-06-07,initial_default
ACC-007595,SMB,2024-11-07,initial_default
ACC-007596,SMB,2024-12-20,initial_default
ACC-007597,SMB,2024-08-27,initial_default
ACC-007598,SMB,2022-01-12,initial_default
ACC-007599,SMB,2024-03-17,initial_default
ACC-007600,SMB,2020-01-07,initial_default
ACC-007601,SMB,2020-07-05,initial_default
ACC-007602,SMB,2025-04-13,initial_default
ACC-007603,SMB,2021-04-28,initial_default
ACC-007604,SMB,2020-10-15,initial_default
ACC-007605,SMB,2024-06-07,initial_default
ACC-007606,SMB,2022-11-24,initial_default
ACC-007607,SMB,2023-08-10,initial_default
ACC-007608,SMB,2024-06-25,initial_default
ACC-007609,SMB,2024-02-11,initial_default
ACC-007610,SMB,2025-11-05,initial_default
ACC-007611,SMB,2023-01-13,initial_default
ACC-007612,SMB,2025-12-13,initial_default
ACC-007613,SMB,2025-04-25,initial_default
ACC-007614,SMB,2025-04-07,initial_default
ACC-007615,SMB,2022-06-20,initial_default
ACC-007616,SMB,2020-09-07,initial_default
ACC-007617,SMB,2020-10-19,initial_default
ACC-007618,SMB,2023-01-17,initial_default
ACC-007619,SMB,2025-07-26,initial_default
ACC-007620,SMB,2021-10-31,initial_default
ACC-007621,SMB,2024-05-12,initial_default
ACC-007622,SMB,2025-12-04,initial_default
ACC-007623,SMB,2025-02-10,initial_default
ACC-007624,SMB,2021-06-03,initial_default
ACC-007625,SMB,2023-06-02,initial_default
ACC-007626,SMB,2020-05-10,initial_default
ACC-007627,SMB,2025-12-16,initial_default
ACC-007628,SMB,2023-09-14,initial_default
ACC-007629,SMB,2024-03-06,initial_default
ACC-007629,Commercial,2025-07-01,firmographic_rescore
ACC-007630,SMB,2025-07-15,initial_default
ACC-007630,Commercial,2025-10-01,firmographic_rescore
ACC-007631,SMB,2020-09-18,initial_default
ACC-007632,SMB,2024-04-20,initial_default
ACC-007633,SMB,2025-09-08,initial_default
ACC-007634,SMB,2024-08-05,initial_default
ACC-007635,SMB,2025-03-23,initial_default
ACC-007636,SMB,2025-11-10,initial_default
ACC-007637,SMB,2024-08-06,initial_default
ACC-007638,SMB,2021-07-09,initial_default
ACC-007638,Commercial,2023-08-01,firmographic_rescore
ACC-007639,SMB,2023-12-18,initial_default
ACC-007640,SMB,2024-07-11,initial_default
ACC-007640,Commercial,2024-10-01,usage_threshold
ACC-007641,SMB,2025-12-02,initial_default
ACC-007642,SMB,2025-08-19,initial_default
ACC-007643,SMB,2023-06-06,initial_default
ACC-007644,SMB,2023-06-10,initial_default
ACC-007645,SMB,2020-07-24,initial_default
ACC-007646,SMB,2024-04-04,initial_default
ACC-007646,Commercial,2025-12-01,usage_threshold
ACC-007647,SMB,2025-05-05,initial_default
ACC-007647,Commercial,2025-10-01,usage_threshold
ACC-007648,SMB,2024-08-19,initial_default
ACC-007649,SMB,2025-12-08,initial_default
ACC-007650,SMB,2025-11-26,initial_default
ACC-007651,SMB,2022-05-29,initial_default
ACC-007652,SMB,2025-06-15,initial_default
ACC-007653,SMB,2021-10-17,initial_default
ACC-007654,SMB,2024-11-20,initial_default
ACC-007655,SMB,2023-10-17,initial_default
ACC-007656,SMB,2025-11-13,initial_default
ACC-007657,SMB,2023-05-07,initial_default
ACC-007657,Commercial,2024-08-01,firmographic_rescore
ACC-007658,SMB,2023-08-14,initial_default
ACC-007659,SMB,2025-10-06,initial_default
ACC-007660,SMB,2025-06-04,initial_default
ACC-007661,SMB,2025-06-20,initial_default
ACC-007662,SMB,2025-04-11,initial_default
ACC-007663,SMB,2023-12-02,initial_default
ACC-007664,SMB,2022-09-17,initial_default
ACC-007665,SMB,2023-10-27,initial_default
ACC-007666,SMB,2024-01-06,initial_default
ACC-007667,SMB,2025-04-24,initial_default
ACC-007668,SMB,2024-09-28,initial_default
ACC-007669,SMB,2025-04-10,initial_default
ACC-007670,SMB,2020-05-15,initial_default
ACC-007670,Commercial,2025-09-01,usage_threshold
ACC-007671,SMB,2023-09-19,initial_default
ACC-007672,SMB,2025-10-04,initial_default
ACC-007673,SMB,2022-11-03,initial_default
ACC-007674,SMB,2025-11-12,initial_default
ACC-007675,SMB,2021-03-19,initial_default
ACC-007676,SMB,2025-07-03,initial_default
ACC-007677,SMB,2020-12-18,initial_default
ACC-007677,Commercial,2023-06-01,firmographic_rescore
ACC-007678,SMB,2025-07-10,initial_default
ACC-007679,SMB,2025-12-24,initial_default
ACC-007680,SMB,2023-10-15,initial_default
ACC-007681,SMB,2025-06-15,initial_default
ACC-007682,SMB,2021-12-11,initial_default
ACC-007683,SMB,2021-06-02,initial_default
ACC-007684,SMB,2024-08-18,initial_default
ACC-007685,SMB,2025-03-27,initial_default
ACC-007686,SMB,2024-06-19,initial_default
ACC-007687,SMB,2025-11-25,initial_default
ACC-007688,SMB,2023-06-03,initial_default
ACC-007689,SMB,2022-01-19,initial_default
ACC-007690,SMB,2021-03-15,initial_default
ACC-007691,SMB,2024-07-12,initial_default
ACC-007692,SMB,2023-12-11,initial_default
ACC-007693,SMB,2025-11-05,initial_default
ACC-007694,SMB,2025-01-16,initial_default
ACC-007695,SMB,2025-05-21,initial_default
ACC-007696,SMB,2023-05-25,initial_default
ACC-007697,SMB,2021-10-15,initial_default
ACC-007697,Commercial,2024-05-01,firmographic_rescore
ACC-007698,SMB,2025-12-28,initial_default
ACC-007699,SMB,2025-09-04,initial_default
