assignment_id,experiment_id,lead_id,account_id,company_id,channel,cell_quarter,first_touch_campaign_id,arm,assigned_date
ASG-000001,EXP-0001,LD-012949,,CO-0104499,community,2023Q3,CMP-00094,treatment,2023-07-02
ASG-000002,EXP-0001,LD-012952,ACC-007327,CO-0040835,community,2023Q3,CMP-00094,treatment,2023-07-03
ASG-000003,EXP-0001,LD-012967,ACC-001429,CO-0048727,community,2023Q3,CMP-00094,treatment,2023-07-04
ASG-000004,EXP-0001,LD-012998,,CO-0006205,community,2023Q3,CMP-00094,treatment,2023-07-05
ASG-000005,EXP-0001,LD-012999,,CO-0051269,community,2023Q3,CMP-00097,control,2023-07-05
ASG-000006,EXP-0001,LD-013023,,CO-0091408,community,2023Q3,CMP-00094,treatment,2023-07-06
ASG-000007,EXP-0001,LD-013024,,CO-0058318,community,2023Q3,CMP-00094,treatment,2023-07-06
ASG-000008,EXP-0001,LD-013026,ACC-007481,CO-0013784,community,2023Q3,CMP-00094,treatment,2023-07-07
ASG-000009,EXP-0001,LD-013043,,CO-0008965,community,2023Q3,CMP-00096,treatment,2023-07-07
ASG-000010,EXP-0001,LD-013044,,CO-0042103,community,2023Q3,CMP-00096,treatment,2023-07-07
ASG-000011,EXP-0001,LD-013093,,CO-0017264,community,2023Q3,CMP-00095,treatment,2023-07-09
ASG-000012,EXP-0001,LD-013114,,CO-0001197,community,2023Q3,CMP-00094,treatment,2023-07-10
ASG-000013,EXP-0001,LD-013115,,CO-0065748,community,2023Q3,CMP-00094,treatment,2023-07-10
ASG-000014,EXP-0001,LD-013117,ACC-002838,CO-0071088,community,2023Q3,CMP-00094,treatment,2023-07-11
ASG-000015,EXP-0001,LD-013152,,CO-0115361,community,2023Q3,CMP-00095,treatment,2023-07-11
ASG-000016,EXP-0001,LD-013220,,CO-0061332,community,2023Q3,CMP-00094,treatment,2023-07-13
ASG-000017,EXP-0001,LD-013221,,CO-0098445,community,2023Q3,CMP-00094,treatment,2023-07-13
ASG-000018,EXP-0001,LD-013222,,CO-0000727,community,2023Q3,CMP-00096,treatment,2023-07-13
ASG-000019,EXP-0001,LD-013253,,CO-0032072,community,2023Q3,CMP-00094,treatment,2023-07-14
ASG-000020,EXP-0001,LD-013320,,CO-0118128,community,2023Q3,CMP-00094,treatment,2023-07-16
ASG-000021,EXP-0001,LD-013344,,CO-0108353,community,2023Q3,CMP-00094,treatment,2023-07-17
ASG-000022,EXP-0001,LD-013345,,CO-0014126,community,2023Q3,CMP-00094,treatment,2023-07-17
ASG-000023,EXP-0001,LD-013346,,CO-0009109,community,2023Q3,CMP-00095,treatment,2023-07-17
ASG-000024,EXP-0001,LD-013347,,CO-0053683,community,2023Q3,CMP-00095,treatment,2023-07-17
ASG-000025,EXP-0001,LD-013376,,CO-0120685,community,2023Q3,CMP-00094,treatment,2023-07-18
ASG-000026,EXP-0001,LD-013377,,CO-0102420,community,2023Q3,CMP-00097,control,2023-07-18
ASG-000027,EXP-0001,LD-013411,,CO-0050911,community,2023Q3,CMP-00095,treatment,2023-07-19
ASG-000028,EXP-0001,LD-013412,,CO-0084134,community,2023Q3,CMP-00097,control,2023-07-19
ASG-000029,EXP-0001,LD-013444,,CO-0104808,community,2023Q3,CMP-00094,treatment,2023-07-20
ASG-000030,EXP-0001,LD-013574,,CO-0028009,community,2023Q3,CMP-00094,treatment,2023-07-24
ASG-000031,EXP-0001,LD-013575,,CO-0100442,community,2023Q3,CMP-00095,treatment,2023-07-24
ASG-000032,EXP-0001,LD-013576,,CO-0103764,community,2023Q3,CMP-00096,treatment,2023-07-24
ASG-000033,EXP-0001,LD-013577,,CO-0080699,community,2023Q3,CMP-00097,control,2023-07-24
ASG-000034,EXP-0001,LD-013601,,CO-0065641,community,2023Q3,CMP-00094,treatment,2023-07-25
ASG-000035,EXP-0001,LD-013636,,CO-0017386,community,2023Q3,CMP-00095,treatment,2023-07-26
ASG-000036,EXP-0001,LD-013640,ACC-007576,CO-0036822,community,2023Q3,CMP-00094,treatment,2023-07-27
ASG-000037,EXP-0001,LD-013664,,CO-0046956,community,2023Q3,CMP-00095,treatment,2023-07-27
ASG-000038,EXP-0001,LD-013665,,CO-0017166,community,2023Q3,CMP-00095,treatment,2023-07-27
ASG-000039,EXP-0001,LD-013690,ACC-007547,CO-0044738,community,2023Q3,CMP-00095,treatment,2023-07-29
ASG-000040,EXP-0001,LD-013714,,CO-0078225,community,2023Q3,CMP-00094,treatment,2023-07-29
ASG-000041,EXP-0001,LD-013715,,CO-0089445,community,2023Q3,CMP-00094,treatment,2023-07-29
ASG-000042,EXP-0001,LD-013746,,CO-0114744,community,2023Q3,CMP-00094,treatment,2023-07-30
ASG-000043,EXP-0001,LD-013747,,CO-0070234,community,2023Q3,CMP-00094,treatment,2023-07-30
ASG-000044,EXP-0001,LD-013748,,CO-0023552,community,2023Q3,CMP-00095,treatment,2023-07-30
ASG-000045,EXP-0001,LD-013767,,CO-0093017,community,2023Q3,CMP-00095,treatment,2023-07-31
ASG-000046,EXP-0001,LD-013789,,CO-0077839,community,2023Q3,CMP-00095,treatment,2023-08-01
ASG-000047,EXP-0001,LD-013816,ACC-000005,CO-0027628,community,2023Q3,CMP-00094,treatment,2023-08-03
ASG-000048,EXP-0001,LD-013836,,CO-0029047,community,2023Q3,CMP-00094,treatment,2023-08-03
ASG-000049,EXP-0001,LD-013837,,CO-0074115,community,2023Q3,CMP-00095,treatment,2023-08-03
ASG-000050,EXP-0001,LD-013838,,CO-0072181,community,2023Q3,CMP-00096,treatment,2023-08-03
ASG-000051,EXP-0001,LD-013839,,CO-0048416,community,2023Q3,CMP-00097,control,2023-08-03
ASG-000052,EXP-0001,LD-013864,,CO-0021380,community,2023Q3,CMP-00094,treatment,2023-08-04
ASG-000053,EXP-0001,LD-013893,,CO-0115928,community,2023Q3,CMP-00094,treatment,2023-08-05
ASG-000054,EXP-0001,LD-013894,,CO-0020887,community,2023Q3,CMP-00094,treatment,2023-08-05
ASG-000055,EXP-0001,LD-013932,,CO-0010023,community,2023Q3,CMP-00094,treatment,2023-08-06
ASG-000056,EXP-0001,LD-013963,,CO-0034269,community,2023Q3,CMP-00094,treatment,2023-08-07
ASG-000057,EXP-0001,LD-013964,,CO-0028967,community,2023Q3,CMP-00094,treatment,2023-08-07
ASG-000058,EXP-0001,LD-013965,,CO-0089724,community,2023Q3,CMP-00095,treatment,2023-08-07
ASG-000059,EXP-0001,LD-013966,,CO-0098011,community,2023Q3,CMP-00095,treatment,2023-08-07
ASG-000060,EXP-0001,LD-013967,,CO-0031622,community,2023Q3,CMP-00097,control,2023-08-07
ASG-000061,EXP-0001,LD-013968,ACC-007416,CO-0108900,community,2023Q3,CMP-00095,treatment,2023-08-08
ASG-000062,EXP-0001,LD-013998,,CO-0115786,community,2023Q3,CMP-00097,control,2023-08-08
ASG-000063,EXP-0001,LD-014035,,CO-0066895,community,2023Q3,CMP-00094,treatment,2023-08-09
ASG-000064,EXP-0001,LD-014036,,CO-0095379,community,2023Q3,CMP-00097,control,2023-08-09
ASG-000065,EXP-0001,LD-014070,,CO-0103468,community,2023Q3,CMP-00094,treatment,2023-08-10
ASG-000066,EXP-0001,LD-014071,,CO-0045615,community,2023Q3,CMP-00096,treatment,2023-08-10
ASG-000067,EXP-0001,LD-014096,,CO-0006017,community,2023Q3,CMP-00095,treatment,2023-08-11
ASG-000068,EXP-0001,LD-014126,,CO-0047445,community,2023Q3,CMP-00094,treatment,2023-08-12
ASG-000069,EXP-0001,LD-014127,,CO-0115421,community,2023Q3,CMP-00095,treatment,2023-08-12
ASG-000070,EXP-0001,LD-014128,,CO-0032225,community,2023Q3,CMP-00097,control,2023-08-12
ASG-000071,EXP-0001,LD-014153,,CO-0058579,community,2023Q3,CMP-00094,treatment,2023-08-13
ASG-000072,EXP-0001,LD-014185,,CO-0031654,community,2023Q3,CMP-00094,treatment,2023-08-14
ASG-000073,EXP-0001,LD-014186,,CO-0101931,community,2023Q3,CMP-00097,control,2023-08-14
ASG-000074,EXP-0001,LD-014241,,CO-0061364,community,2023Q3,CMP-00095,treatment,2023-08-16
ASG-000075,EXP-0001,LD-014267,,CO-0030517,community,2023Q3,CMP-00096,treatment,2023-08-17
ASG-000076,EXP-0001,LD-014268,,CO-0006920,community,2023Q3,CMP-00097,control,2023-08-17
ASG-000077,EXP-0001,LD-014309,,CO-0028809,community,2023Q3,CMP-00094,treatment,2023-08-19
ASG-000078,EXP-0001,LD-014310,,CO-0101781,community,2023Q3,CMP-00095,treatment,2023-08-19
ASG-000079,EXP-0001,LD-014311,,CO-0083669,community,2023Q3,CMP-00097,control,2023-08-19
ASG-000080,EXP-0001,LD-014312,ACC-001090,CO-0117298,community,2023Q3,CMP-00094,treatment,2023-08-20
ASG-000081,EXP-0001,LD-014348,,CO-0102846,community,2023Q3,CMP-00094,treatment,2023-08-20
ASG-000082,EXP-0001,LD-014349,,CO-0054666,community,2023Q3,CMP-00094,treatment,2023-08-20
ASG-000083,EXP-0001,LD-014350,,CO-0049848,community,2023Q3,CMP-00094,treatment,2023-08-20
ASG-000084,EXP-0001,LD-014414,ACC-000448,CO-0110512,community,2023Q3,CMP-00094,treatment,2023-08-23
ASG-000085,EXP-0001,LD-014439,,CO-0121744,community,2023Q3,CMP-00095,treatment,2023-08-23
ASG-000086,EXP-0001,LD-014467,,CO-0086821,community,2023Q3,CMP-00094,treatment,2023-08-24
ASG-000087,EXP-0001,LD-014468,,CO-0106890,community,2023Q3,CMP-00094,treatment,2023-08-24
ASG-000088,EXP-0001,LD-014469,,CO-0035752,community,2023Q3,CMP-00094,treatment,2023-08-24
ASG-000089,EXP-0001,LD-014470,,CO-0116972,community,2023Q3,CMP-00095,treatment,2023-08-24
ASG-000090,EXP-0001,LD-014471,,CO-0099144,community,2023Q3,CMP-00097,control,2023-08-24
ASG-000091,EXP-0001,LD-014503,,CO-0082424,community,2023Q3,CMP-00095,treatment,2023-08-25
ASG-000092,EXP-0001,LD-014504,,CO-0011246,community,2023Q3,CMP-00095,treatment,2023-08-25
ASG-000093,EXP-0001,LD-014505,,CO-0044876,community,2023Q3,CMP-00097,control,2023-08-25
ASG-000094,EXP-0001,LD-014541,,CO-0050417,community,2023Q3,CMP-00094,treatment,2023-08-26
ASG-000095,EXP-0001,LD-014542,,CO-0048762,community,2023Q3,CMP-00094,treatment,2023-08-26
ASG-000096,EXP-0001,LD-014574,,CO-0038873,community,2023Q3,CMP-00094,treatment,2023-08-27
ASG-000097,EXP-0001,LD-014575,,CO-0058036,community,2023Q3,CMP-00095,treatment,2023-08-27
ASG-000098,EXP-0001,LD-014576,,CO-0115113,community,2023Q3,CMP-00095,treatment,2023-08-27
ASG-000099,EXP-0001,LD-014577,,CO-0033050,community,2023Q3,CMP-00097,control,2023-08-27
ASG-000100,EXP-0001,LD-014615,,CO-0026411,community,2023Q3,CMP-00094,treatment,2023-08-28
ASG-000101,EXP-0001,LD-014616,,CO-0058930,community,2023Q3,CMP-00094,treatment,2023-08-28
ASG-000102,EXP-0001,LD-014617,ACC-000331,CO-0032681,community,2023Q3,CMP-00095,treatment,2023-08-29
ASG-000103,EXP-0001,LD-014618,ACC-004415,CO-0039165,community,2023Q3,CMP-00095,treatment,2023-08-29
ASG-000104,EXP-0001,LD-014651,,CO-0019626,community,2023Q3,CMP-00096,treatment,2023-08-29
ASG-000105,EXP-0001,LD-014678,,CO-0103054,community,2023Q3,CMP-00096,treatment,2023-08-30
ASG-000106,EXP-0001,LD-014734,,CO-0093433,community,2023Q3,CMP-00094,treatment,2023-09-01
ASG-000107,EXP-0001,LD-014760,,CO-0054934,community,2023Q3,CMP-00094,treatment,2023-09-02
ASG-000108,EXP-0001,LD-014761,,CO-0028668,community,2023Q3,CMP-00094,treatment,2023-09-02
ASG-000109,EXP-0001,LD-014762,,CO-0049316,community,2023Q3,CMP-00095,treatment,2023-09-02
ASG-000110,EXP-0001,LD-014763,,CO-0009978,community,2023Q3,CMP-00096,treatment,2023-09-02
ASG-000111,EXP-0001,LD-014764,,CO-0098093,community,2023Q3,CMP-00097,control,2023-09-02
ASG-000112,EXP-0001,LD-014765,,CO-0050348,community,2023Q3,CMP-00097,control,2023-09-02
ASG-000113,EXP-0001,LD-014766,,CO-0061748,community,2023Q3,CMP-00097,control,2023-09-02
ASG-000114,EXP-0001,LD-014798,,CO-0057445,community,2023Q3,CMP-00094,treatment,2023-09-03
ASG-000115,EXP-0001,LD-014799,,CO-0008180,community,2023Q3,CMP-00094,treatment,2023-09-03
ASG-000116,EXP-0001,LD-014831,,CO-0100036,community,2023Q3,CMP-00095,treatment,2023-09-04
ASG-000117,EXP-0001,LD-014832,,CO-0066355,community,2023Q3,CMP-00095,treatment,2023-09-04
ASG-000118,EXP-0001,LD-014833,,CO-0005278,community,2023Q3,CMP-00096,treatment,2023-09-04
ASG-000119,EXP-0001,LD-014834,,CO-0027587,community,2023Q3,CMP-00096,treatment,2023-09-04
ASG-000120,EXP-0001,LD-014864,,CO-0089534,community,2023Q3,CMP-00094,treatment,2023-09-05
ASG-000121,EXP-0001,LD-014922,,CO-0042319,community,2023Q3,CMP-00094,treatment,2023-09-07
ASG-000122,EXP-0001,LD-014923,,CO-0107026,community,2023Q3,CMP-00094,treatment,2023-09-07
ASG-000123,EXP-0001,LD-014924,,CO-0066959,community,2023Q3,CMP-00094,treatment,2023-09-07
ASG-000124,EXP-0001,LD-014925,,CO-0025449,community,2023Q3,CMP-00095,treatment,2023-09-07
ASG-000125,EXP-0001,LD-014984,,CO-0098893,community,2023Q3,CMP-00096,treatment,2023-09-09
ASG-000126,EXP-0001,LD-014986,ACC-004409,CO-0021655,community,2023Q3,CMP-00094,treatment,2023-09-10
ASG-000127,EXP-0001,LD-015017,,CO-0095328,community,2023Q3,CMP-00094,treatment,2023-09-10
ASG-000128,EXP-0001,LD-015018,,CO-0044046,community,2023Q3,CMP-00094,treatment,2023-09-10
ASG-000129,EXP-0001,LD-015019,,CO-0057046,community,2023Q3,CMP-00096,treatment,2023-09-10
ASG-000130,EXP-0001,LD-015064,,CO-0092405,community,2023Q3,CMP-00094,treatment,2023-09-12
ASG-000131,EXP-0001,LD-015097,,CO-0117231,community,2023Q3,CMP-00094,treatment,2023-09-13
ASG-000132,EXP-0001,LD-015098,,CO-0051498,community,2023Q3,CMP-00094,treatment,2023-09-13
ASG-000133,EXP-0001,LD-015099,,CO-0013314,community,2023Q3,CMP-00095,treatment,2023-09-13
ASG-000134,EXP-0001,LD-015125,,CO-0065662,community,2023Q3,CMP-00094,treatment,2023-09-14
ASG-000135,EXP-0001,LD-015153,,CO-0006044,community,2023Q3,CMP-00095,treatment,2023-09-15
ASG-000136,EXP-0001,LD-015154,,CO-0042323,community,2023Q3,CMP-00096,treatment,2023-09-15
ASG-000137,EXP-0001,LD-015176,,CO-0119298,community,2023Q3,CMP-00094,treatment,2023-09-16
ASG-000138,EXP-0001,LD-015177,,CO-0054601,community,2023Q3,CMP-00095,treatment,2023-09-16
ASG-000139,EXP-0001,LD-015231,,CO-0095446,community,2023Q3,CMP-00094,treatment,2023-09-18
ASG-000140,EXP-0001,LD-015232,,CO-0076461,community,2023Q3,CMP-00095,treatment,2023-09-18
ASG-000141,EXP-0001,LD-015233,,CO-0037961,community,2023Q3,CMP-00095,treatment,2023-09-18
ASG-000142,EXP-0001,LD-015234,,CO-0086865,community,2023Q3,CMP-00097,control,2023-09-18
ASG-000143,EXP-0001,LD-015272,,CO-0092601,community,2023Q3,CMP-00094,treatment,2023-09-19
ASG-000144,EXP-0001,LD-015273,,CO-0045135,community,2023Q3,CMP-00094,treatment,2023-09-19
ASG-000145,EXP-0001,LD-015274,,CO-0122362,community,2023Q3,CMP-00096,treatment,2023-09-19
ASG-000146,EXP-0001,LD-015333,,CO-0057641,community,2023Q3,CMP-00095,treatment,2023-09-21
ASG-000147,EXP-0001,LD-015358,,CO-0054451,community,2023Q3,CMP-00097,control,2023-09-22
ASG-000148,EXP-0001,LD-015389,,CO-0113346,community,2023Q3,CMP-00094,treatment,2023-09-23
ASG-000149,EXP-0001,LD-015488,,CO-0091709,community,2023Q3,CMP-00094,treatment,2023-09-26
ASG-000150,EXP-0001,LD-015489,,CO-0121883,community,2023Q3,CMP-00094,treatment,2023-09-26
ASG-000151,EXP-0001,LD-015490,,CO-0115976,community,2023Q3,CMP-00096,treatment,2023-09-26
ASG-000152,EXP-0001,LD-015491,,CO-0077187,community,2023Q3,CMP-00096,treatment,2023-09-26
ASG-000153,EXP-0001,LD-015492,,CO-0041799,community,2023Q3,CMP-00096,treatment,2023-09-26
ASG-000154,EXP-0001,LD-015533,,CO-0113271,community,2023Q3,CMP-00094,treatment,2023-09-28
ASG-000155,EXP-0001,LD-015556,,CO-0039300,community,2023Q3,CMP-00094,treatment,2023-09-29
ASG-000156,EXP-0001,LD-015557,,CO-0083465,community,2023Q3,CMP-00096,treatment,2023-09-29
ASG-000157,EXP-0001,LD-015579,,CO-0094046,community,2023Q3,CMP-00094,treatment,2023-09-30
ASG-000158,EXP-0001,LD-012913,ACC-005456,CO-0065479,paid,2023Q3,CMP-00089,treatment,2023-07-01
ASG-000159,EXP-0001,LD-012923,,CO-0005499,paid,2023Q3,CMP-00089,treatment,2023-07-01
ASG-000160,EXP-0001,LD-012924,,CO-0121389,paid,2023Q3,CMP-00089,treatment,2023-07-01
ASG-000161,EXP-0001,LD-012925,,CO-0010526,paid,2023Q3,CMP-00093,control,2023-07-01
ASG-000162,EXP-0001,LD-012926,,CO-0107018,paid,2023Q3,CMP-00093,control,2023-07-01
ASG-000163,EXP-0001,LD-012927,,CO-0107779,paid,2023Q3,CMP-00093,control,2023-07-01
ASG-000164,EXP-0001,LD-012928,,CO-0033205,paid,2023Q3,CMP-00093,control,2023-07-01
ASG-000165,EXP-0001,LD-012929,,CO-0116215,paid,2023Q3,CMP-00093,control,2023-07-01
ASG-000166,EXP-0001,LD-012930,,CO-0062696,paid,2023Q3,CMP-00093,control,2023-07-01
ASG-000167,EXP-0001,LD-012931,,CO-0111177,paid,2023Q3,CMP-00093,control,2023-07-01
ASG-000168,EXP-0001,LD-012932,,CO-0019306,paid,2023Q3,CMP-00093,control,2023-07-01
ASG-000169,EXP-0001,LD-012933,,CO-0018447,paid,2023Q3,CMP-00093,control,2023-07-01
ASG-000170,EXP-0001,LD-012941,,CO-0047121,paid,2023Q3,CMP-00089,treatment,2023-07-02
ASG-000171,EXP-0001,LD-012942,,CO-0048991,paid,2023Q3,CMP-00089,treatment,2023-07-02
ASG-000172,EXP-0001,LD-012943,,CO-0045605,paid,2023Q3,CMP-00089,treatment,2023-07-02
ASG-000173,EXP-0001,LD-012944,,CO-0074738,paid,2023Q3,CMP-00089,treatment,2023-07-02
ASG-000174,EXP-0001,LD-012945,,CO-0102934,paid,2023Q3,CMP-00093,control,2023-07-02
ASG-000175,EXP-0001,LD-012946,,CO-0060079,paid,2023Q3,CMP-00093,control,2023-07-02
ASG-000176,EXP-0001,LD-012947,,CO-0122697,paid,2023Q3,CMP-00093,control,2023-07-02
ASG-000177,EXP-0001,LD-012948,,CO-0079090,paid,2023Q3,CMP-00093,control,2023-07-02
ASG-000178,EXP-0001,LD-012961,,CO-0088385,paid,2023Q3,CMP-00089,treatment,2023-07-03
ASG-000179,EXP-0001,LD-012962,,CO-0013217,paid,2023Q3,CMP-00093,control,2023-07-03
ASG-000180,EXP-0001,LD-012963,,CO-0065711,paid,2023Q3,CMP-00093,control,2023-07-03
ASG-000181,EXP-0001,LD-012964,,CO-0024229,paid,2023Q3,CMP-00093,control,2023-07-03
ASG-000182,EXP-0001,LD-012965,,CO-0113579,paid,2023Q3,CMP-00093,control,2023-07-03
ASG-000183,EXP-0001,LD-012966,,CO-0025681,paid,2023Q3,CMP-00093,control,2023-07-03
ASG-000184,EXP-0001,LD-012975,,CO-0075072,paid,2023Q3,CMP-00089,treatment,2023-07-04
ASG-000185,EXP-0001,LD-012976,,CO-0088885,paid,2023Q3,CMP-00089,treatment,2023-07-04
ASG-000186,EXP-0001,LD-012977,,CO-0071623,paid,2023Q3,CMP-00092,treatment,2023-07-04
ASG-000187,EXP-0001,LD-012978,,CO-0000541,paid,2023Q3,CMP-00093,control,2023-07-04
ASG-000188,EXP-0001,LD-012987,,CO-0110374,paid,2023Q3,CMP-00089,treatment,2023-07-05
ASG-000189,EXP-0001,LD-012988,,CO-0110972,paid,2023Q3,CMP-00089,treatment,2023-07-05
ASG-000190,EXP-0001,LD-012989,,CO-0064766,paid,2023Q3,CMP-00089,treatment,2023-07-05
ASG-000191,EXP-0001,LD-012990,,CO-0095106,paid,2023Q3,CMP-00089,treatment,2023-07-05
ASG-000192,EXP-0001,LD-012991,,CO-0026559,paid,2023Q3,CMP-00089,treatment,2023-07-05
ASG-000193,EXP-0001,LD-012992,,CO-0107491,paid,2023Q3,CMP-00089,treatment,2023-07-05
ASG-000194,EXP-0001,LD-012993,,CO-0022530,paid,2023Q3,CMP-00093,control,2023-07-05
ASG-000195,EXP-0001,LD-012994,,CO-0090257,paid,2023Q3,CMP-00093,control,2023-07-05
ASG-000196,EXP-0001,LD-012995,,CO-0071652,paid,2023Q3,CMP-00093,control,2023-07-05
ASG-000197,EXP-0001,LD-012996,,CO-0111219,paid,2023Q3,CMP-00093,control,2023-07-05
ASG-000198,EXP-0001,LD-012997,,CO-0109503,paid,2023Q3,CMP-00093,control,2023-07-05
ASG-000199,EXP-0001,LD-013009,,CO-0106446,paid,2023Q3,CMP-00089,treatment,2023-07-06
ASG-000200,EXP-0001,LD-013010,,CO-0056851,paid,2023Q3,CMP-00089,treatment,2023-07-06
ASG-000201,EXP-0001,LD-013011,,CO-0032192,paid,2023Q3,CMP-00091,treatment,2023-07-06
ASG-000202,EXP-0001,LD-013012,,CO-0117621,paid,2023Q3,CMP-00091,treatment,2023-07-06
ASG-000203,EXP-0001,LD-013013,,CO-0067203,paid,2023Q3,CMP-00091,treatment,2023-07-06
ASG-000204,EXP-0001,LD-013014,,CO-0041069,paid,2023Q3,CMP-00091,treatment,2023-07-06
ASG-000205,EXP-0001,LD-013015,,CO-0060264,paid,2023Q3,CMP-00091,treatment,2023-07-06
ASG-000206,EXP-0001,LD-013016,,CO-0103247,paid,2023Q3,CMP-00091,treatment,2023-07-06
ASG-000207,EXP-0001,LD-013017,,CO-0074660,paid,2023Q3,CMP-00092,treatment,2023-07-06
ASG-000208,EXP-0001,LD-013018,,CO-0009883,paid,2023Q3,CMP-00093,control,2023-07-06
ASG-000209,EXP-0001,LD-013019,,CO-0053123,paid,2023Q3,CMP-00093,control,2023-07-06
ASG-000210,EXP-0001,LD-013020,,CO-0015683,paid,2023Q3,CMP-00093,control,2023-07-06
ASG-000211,EXP-0001,LD-013021,,CO-0119138,paid,2023Q3,CMP-00093,control,2023-07-06
ASG-000212,EXP-0001,LD-013022,,CO-0121763,paid,2023Q3,CMP-00093,control,2023-07-06
ASG-000213,EXP-0001,LD-013025,ACC-003185,CO-0118439,paid,2023Q3,CMP-00091,treatment,2023-07-07
ASG-000214,EXP-0001,LD-013036,,CO-0063434,paid,2023Q3,CMP-00091,treatment,2023-07-07
ASG-000215,EXP-0001,LD-013037,,CO-0031673,paid,2023Q3,CMP-00091,treatment,2023-07-07
ASG-000216,EXP-0001,LD-013038,,CO-0036307,paid,2023Q3,CMP-00091,treatment,2023-07-07
ASG-000217,EXP-0001,LD-013039,,CO-0003995,paid,2023Q3,CMP-00091,treatment,2023-07-07
ASG-000218,EXP-0001,LD-013040,,CO-0119239,paid,2023Q3,CMP-00093,control,2023-07-07
ASG-000219,EXP-0001,LD-013041,,CO-0119775,paid,2023Q3,CMP-00093,control,2023-07-07
ASG-000220,EXP-0001,LD-013042,,CO-0066799,paid,2023Q3,CMP-00093,control,2023-07-07
ASG-000221,EXP-0001,LD-013057,,CO-0063353,paid,2023Q3,CMP-00089,treatment,2023-07-08
ASG-000222,EXP-0001,LD-013058,,CO-0092609,paid,2023Q3,CMP-00089,treatment,2023-07-08
ASG-000223,EXP-0001,LD-013059,,CO-0011727,paid,2023Q3,CMP-00089,treatment,2023-07-08
ASG-000224,EXP-0001,LD-013060,,CO-0034783,paid,2023Q3,CMP-00089,treatment,2023-07-08
ASG-000225,EXP-0001,LD-013061,,CO-0024047,paid,2023Q3,CMP-00089,treatment,2023-07-08
ASG-000226,EXP-0001,LD-013062,,CO-0111367,paid,2023Q3,CMP-00091,treatment,2023-07-08
ASG-000227,EXP-0001,LD-013063,,CO-0045506,paid,2023Q3,CMP-00091,treatment,2023-07-08
ASG-000228,EXP-0001,LD-013064,,CO-0119848,paid,2023Q3,CMP-00091,treatment,2023-07-08
ASG-000229,EXP-0001,LD-013065,,CO-0048748,paid,2023Q3,CMP-00091,treatment,2023-07-08
ASG-000230,EXP-0001,LD-013066,,CO-0113578,paid,2023Q3,CMP-00091,treatment,2023-07-08
ASG-000231,EXP-0001,LD-013067,,CO-0022648,paid,2023Q3,CMP-00091,treatment,2023-07-08
ASG-000232,EXP-0001,LD-013068,,CO-0098030,paid,2023Q3,CMP-00093,control,2023-07-08
ASG-000233,EXP-0001,LD-013081,,CO-0065898,paid,2023Q3,CMP-00089,treatment,2023-07-09
ASG-000234,EXP-0001,LD-013082,,CO-0041015,paid,2023Q3,CMP-00089,treatment,2023-07-09
ASG-000235,EXP-0001,LD-013083,,CO-0059087,paid,2023Q3,CMP-00089,treatment,2023-07-09
ASG-000236,EXP-0001,LD-013084,,CO-0009668,paid,2023Q3,CMP-00089,treatment,2023-07-09
ASG-000237,EXP-0001,LD-013085,,CO-0095068,paid,2023Q3,CMP-00091,treatment,2023-07-09
ASG-000238,EXP-0001,LD-013086,,CO-0054029,paid,2023Q3,CMP-00091,treatment,2023-07-09
ASG-000239,EXP-0001,LD-013087,,CO-0077082,paid,2023Q3,CMP-00091,treatment,2023-07-09
ASG-000240,EXP-0001,LD-013088,,CO-0024321,paid,2023Q3,CMP-00092,treatment,2023-07-09
ASG-000241,EXP-0001,LD-013089,,CO-0059914,paid,2023Q3,CMP-00092,treatment,2023-07-09
ASG-000242,EXP-0001,LD-013090,,CO-0072062,paid,2023Q3,CMP-00092,treatment,2023-07-09
ASG-000243,EXP-0001,LD-013091,,CO-0041123,paid,2023Q3,CMP-00093,control,2023-07-09
ASG-000244,EXP-0001,LD-013092,,CO-0102016,paid,2023Q3,CMP-00093,control,2023-07-09
ASG-000245,EXP-0001,LD-013101,,CO-0121747,paid,2023Q3,CMP-00089,treatment,2023-07-10
ASG-000246,EXP-0001,LD-013102,,CO-0093629,paid,2023Q3,CMP-00091,treatment,2023-07-10
ASG-000247,EXP-0001,LD-013103,,CO-0054932,paid,2023Q3,CMP-00091,treatment,2023-07-10
ASG-000248,EXP-0001,LD-013104,,CO-0072562,paid,2023Q3,CMP-00091,treatment,2023-07-10
ASG-000249,EXP-0001,LD-013105,,CO-0094924,paid,2023Q3,CMP-00091,treatment,2023-07-10
ASG-000250,EXP-0001,LD-013106,,CO-0061935,paid,2023Q3,CMP-00091,treatment,2023-07-10
ASG-000251,EXP-0001,LD-013107,,CO-0110639,paid,2023Q3,CMP-00092,treatment,2023-07-10
ASG-000252,EXP-0001,LD-013108,,CO-0118300,paid,2023Q3,CMP-00092,treatment,2023-07-10
ASG-000253,EXP-0001,LD-013109,,CO-0081894,paid,2023Q3,CMP-00093,control,2023-07-10
ASG-000254,EXP-0001,LD-013110,,CO-0108182,paid,2023Q3,CMP-00093,control,2023-07-10
ASG-000255,EXP-0001,LD-013111,,CO-0088882,paid,2023Q3,CMP-00093,control,2023-07-10
ASG-000256,EXP-0001,LD-013112,,CO-0108180,paid,2023Q3,CMP-00093,control,2023-07-10
ASG-000257,EXP-0001,LD-013113,,CO-0089965,paid,2023Q3,CMP-00093,control,2023-07-10
ASG-000258,EXP-0001,LD-013116,ACC-002216,CO-0029861,paid,2023Q3,CMP-00091,treatment,2023-07-11
ASG-000259,EXP-0001,LD-013136,,CO-0023757,paid,2023Q3,CMP-00089,treatment,2023-07-11
ASG-000260,EXP-0001,LD-013137,,CO-0058945,paid,2023Q3,CMP-00089,treatment,2023-07-11
ASG-000261,EXP-0001,LD-013138,,CO-0032509,paid,2023Q3,CMP-00089,treatment,2023-07-11
ASG-000262,EXP-0001,LD-013139,,CO-0068516,paid,2023Q3,CMP-00089,treatment,2023-07-11
ASG-000263,EXP-0001,LD-013140,,CO-0058503,paid,2023Q3,CMP-00089,treatment,2023-07-11
ASG-000264,EXP-0001,LD-013141,,CO-0072865,paid,2023Q3,CMP-00090,treatment,2023-07-11
ASG-000265,EXP-0001,LD-013142,,CO-0031502,paid,2023Q3,CMP-00090,treatment,2023-07-11
ASG-000266,EXP-0001,LD-013143,,CO-0116021,paid,2023Q3,CMP-00090,treatment,2023-07-11
ASG-000267,EXP-0001,LD-013144,,CO-0105117,paid,2023Q3,CMP-00090,treatment,2023-07-11
ASG-000268,EXP-0001,LD-013145,,CO-0016422,paid,2023Q3,CMP-00090,treatment,2023-07-11
ASG-000269,EXP-0001,LD-013146,,CO-0036946,paid,2023Q3,CMP-00091,treatment,2023-07-11
ASG-000270,EXP-0001,LD-013147,,CO-0017865,paid,2023Q3,CMP-00091,treatment,2023-07-11
ASG-000271,EXP-0001,LD-013148,,CO-0059479,paid,2023Q3,CMP-00091,treatment,2023-07-11
ASG-000272,EXP-0001,LD-013149,,CO-0018941,paid,2023Q3,CMP-00091,treatment,2023-07-11
ASG-000273,EXP-0001,LD-013150,,CO-0093353,paid,2023Q3,CMP-00091,treatment,2023-07-11
ASG-000274,EXP-0001,LD-013151,,CO-0094085,paid,2023Q3,CMP-00091,treatment,2023-07-11
ASG-000275,EXP-0001,LD-013171,,CO-0114117,paid,2023Q3,CMP-00089,treatment,2023-07-12
ASG-000276,EXP-0001,LD-013172,,CO-0040637,paid,2023Q3,CMP-00089,treatment,2023-07-12
ASG-000277,EXP-0001,LD-013173,,CO-0083085,paid,2023Q3,CMP-00089,treatment,2023-07-12
ASG-000278,EXP-0001,LD-013174,,CO-0021668,paid,2023Q3,CMP-00090,treatment,2023-07-12
ASG-000279,EXP-0001,LD-013175,,CO-0075411,paid,2023Q3,CMP-00090,treatment,2023-07-12
ASG-000280,EXP-0001,LD-013176,,CO-0120993,paid,2023Q3,CMP-00090,treatment,2023-07-12
ASG-000281,EXP-0001,LD-013177,,CO-0108709,paid,2023Q3,CMP-00090,treatment,2023-07-12
ASG-000282,EXP-0001,LD-013178,,CO-0020099,paid,2023Q3,CMP-00091,treatment,2023-07-12
ASG-000283,EXP-0001,LD-013179,,CO-0053539,paid,2023Q3,CMP-00091,treatment,2023-07-12
ASG-000284,EXP-0001,LD-013180,,CO-0001645,paid,2023Q3,CMP-00091,treatment,2023-07-12
ASG-000285,EXP-0001,LD-013181,,CO-0100013,paid,2023Q3,CMP-00093,control,2023-07-12
ASG-000286,EXP-0001,LD-013182,,CO-0053405,paid,2023Q3,CMP-00093,control,2023-07-12
ASG-000287,EXP-0001,LD-013183,,CO-0086476,paid,2023Q3,CMP-00093,control,2023-07-12
ASG-000288,EXP-0001,LD-013184,,CO-0047975,paid,2023Q3,CMP-00093,control,2023-07-12
ASG-000289,EXP-0001,LD-013185,,CO-0112943,paid,2023Q3,CMP-00093,control,2023-07-12
ASG-000290,EXP-0001,LD-013186,,CO-0105147,paid,2023Q3,CMP-00093,control,2023-07-12
ASG-000291,EXP-0001,LD-013187,,CO-0044049,paid,2023Q3,CMP-00093,control,2023-07-12
ASG-000292,EXP-0001,LD-013188,,CO-0056157,paid,2023Q3,CMP-00093,control,2023-07-12
ASG-000293,EXP-0001,LD-013204,,CO-0111478,paid,2023Q3,CMP-00089,treatment,2023-07-13
ASG-000294,EXP-0001,LD-013205,,CO-0013036,paid,2023Q3,CMP-00089,treatment,2023-07-13
ASG-000295,EXP-0001,LD-013206,,CO-0072178,paid,2023Q3,CMP-00089,treatment,2023-07-13
ASG-000296,EXP-0001,LD-013207,,CO-0040151,paid,2023Q3,CMP-00089,treatment,2023-07-13
ASG-000297,EXP-0001,LD-013208,,CO-0104927,paid,2023Q3,CMP-00089,treatment,2023-07-13
ASG-000298,EXP-0001,LD-013209,,CO-0098107,paid,2023Q3,CMP-00090,treatment,2023-07-13
ASG-000299,EXP-0001,LD-013210,,CO-0083812,paid,2023Q3,CMP-00090,treatment,2023-07-13
ASG-000300,EXP-0001,LD-013211,,CO-0028476,paid,2023Q3,CMP-00090,treatment,2023-07-13
ASG-000301,EXP-0001,LD-013212,,CO-0024418,paid,2023Q3,CMP-00090,treatment,2023-07-13
ASG-000302,EXP-0001,LD-013213,,CO-0051494,paid,2023Q3,CMP-00090,treatment,2023-07-13
ASG-000303,EXP-0001,LD-013214,,CO-0110990,paid,2023Q3,CMP-00092,treatment,2023-07-13
ASG-000304,EXP-0001,LD-013215,,CO-0066058,paid,2023Q3,CMP-00092,treatment,2023-07-13
ASG-000305,EXP-0001,LD-013216,,CO-0017214,paid,2023Q3,CMP-00092,treatment,2023-07-13
ASG-000306,EXP-0001,LD-013217,,CO-0026594,paid,2023Q3,CMP-00093,control,2023-07-13
ASG-000307,EXP-0001,LD-013218,,CO-0003195,paid,2023Q3,CMP-00093,control,2023-07-13
ASG-000308,EXP-0001,LD-013219,,CO-0097379,paid,2023Q3,CMP-00093,control,2023-07-13
ASG-000309,EXP-0001,LD-013235,,CO-0011287,paid,2023Q3,CMP-00089,treatment,2023-07-14
ASG-000310,EXP-0001,LD-013236,,CO-0090550,paid,2023Q3,CMP-00089,treatment,2023-07-14
ASG-000311,EXP-0001,LD-013237,,CO-0042721,paid,2023Q3,CMP-00089,treatment,2023-07-14
ASG-000312,EXP-0001,LD-013238,,CO-0122200,paid,2023Q3,CMP-00090,treatment,2023-07-14
ASG-000313,EXP-0001,LD-013239,,CO-0020484,paid,2023Q3,CMP-00090,treatment,2023-07-14
ASG-000314,EXP-0001,LD-013240,,CO-0034252,paid,2023Q3,CMP-00090,treatment,2023-07-14
ASG-000315,EXP-0001,LD-013241,,CO-0093688,paid,2023Q3,CMP-00090,treatment,2023-07-14
ASG-000316,EXP-0001,LD-013242,,CO-0043268,paid,2023Q3,CMP-00091,treatment,2023-07-14
ASG-000317,EXP-0001,LD-013243,,CO-0041865,paid,2023Q3,CMP-00091,treatment,2023-07-14
ASG-000318,EXP-0001,LD-013244,,CO-0040969,paid,2023Q3,CMP-00091,treatment,2023-07-14
ASG-000319,EXP-0001,LD-013245,,CO-0031445,paid,2023Q3,CMP-00091,treatment,2023-07-14
ASG-000320,EXP-0001,LD-013246,,CO-0032218,paid,2023Q3,CMP-00091,treatment,2023-07-14
ASG-000321,EXP-0001,LD-013247,,CO-0025658,paid,2023Q3,CMP-00091,treatment,2023-07-14
ASG-000322,EXP-0001,LD-013248,,CO-0077904,paid,2023Q3,CMP-00091,treatment,2023-07-14
ASG-000323,EXP-0001,LD-013249,,CO-0113529,paid,2023Q3,CMP-00092,treatment,2023-07-14
ASG-000324,EXP-0001,LD-013250,,CO-0050409,paid,2023Q3,CMP-00093,control,2023-07-14
ASG-000325,EXP-0001,LD-013251,,CO-0080897,paid,2023Q3,CMP-00093,control,2023-07-14
ASG-000326,EXP-0001,LD-013252,,CO-0096263,paid,2023Q3,CMP-00093,control,2023-07-14
ASG-000327,EXP-0001,LD-013266,,CO-0108201,paid,2023Q3,CMP-00089,treatment,2023-07-15
ASG-000328,EXP-0001,LD-013267,,CO-0014694,paid,2023Q3,CMP-00089,treatment,2023-07-15
ASG-000329,EXP-0001,LD-013268,,CO-0095018,paid,2023Q3,CMP-00089,treatment,2023-07-15
ASG-000330,EXP-0001,LD-013269,,CO-0122341,paid,2023Q3,CMP-00089,treatment,2023-07-15
ASG-000331,EXP-0001,LD-013270,,CO-0091739,paid,2023Q3,CMP-00089,treatment,2023-07-15
ASG-000332,EXP-0001,LD-013271,,CO-0050952,paid,2023Q3,CMP-00089,treatment,2023-07-15
ASG-000333,EXP-0001,LD-013272,,CO-0088469,paid,2023Q3,CMP-00089,treatment,2023-07-15
ASG-000334,EXP-0001,LD-013273,,CO-0081623,paid,2023Q3,CMP-00089,treatment,2023-07-15
ASG-000335,EXP-0001,LD-013274,,CO-0045178,paid,2023Q3,CMP-00090,treatment,2023-07-15
ASG-000336,EXP-0001,LD-013275,,CO-0016989,paid,2023Q3,CMP-00090,treatment,2023-07-15
ASG-000337,EXP-0001,LD-013276,,CO-0024966,paid,2023Q3,CMP-00091,treatment,2023-07-15
ASG-000338,EXP-0001,LD-013277,,CO-0003820,paid,2023Q3,CMP-00091,treatment,2023-07-15
ASG-000339,EXP-0001,LD-013278,,CO-0070070,paid,2023Q3,CMP-00091,treatment,2023-07-15
ASG-000340,EXP-0001,LD-013279,,CO-0064612,paid,2023Q3,CMP-00091,treatment,2023-07-15
ASG-000341,EXP-0001,LD-013280,,CO-0047467,paid,2023Q3,CMP-00091,treatment,2023-07-15
ASG-000342,EXP-0001,LD-013281,,CO-0063440,paid,2023Q3,CMP-00091,treatment,2023-07-15
ASG-000343,EXP-0001,LD-013282,,CO-0031865,paid,2023Q3,CMP-00091,treatment,2023-07-15
ASG-000344,EXP-0001,LD-013283,,CO-0079998,paid,2023Q3,CMP-00091,treatment,2023-07-15
ASG-000345,EXP-0001,LD-013284,,CO-0041398,paid,2023Q3,CMP-00092,treatment,2023-07-15
ASG-000346,EXP-0001,LD-013285,,CO-0027933,paid,2023Q3,CMP-00093,control,2023-07-15
ASG-000347,EXP-0001,LD-013286,,CO-0072984,paid,2023Q3,CMP-00093,control,2023-07-15
ASG-000348,EXP-0001,LD-013287,,CO-0010732,paid,2023Q3,CMP-00093,control,2023-07-15
ASG-000349,EXP-0001,LD-013288,,CO-0016226,paid,2023Q3,CMP-00093,control,2023-07-15
ASG-000350,EXP-0001,LD-013289,,CO-0093162,paid,2023Q3,CMP-00093,control,2023-07-15
ASG-000351,EXP-0001,LD-013290,,CO-0119942,paid,2023Q3,CMP-00093,control,2023-07-15
ASG-000352,EXP-0001,LD-013291,,CO-0013182,paid,2023Q3,CMP-00093,control,2023-07-15
ASG-000353,EXP-0001,LD-013292,ACC-000462,CO-0054865,paid,2023Q3,CMP-00090,treatment,2023-07-16
ASG-000354,EXP-0001,LD-013300,,CO-0064148,paid,2023Q3,CMP-00089,treatment,2023-07-16
ASG-000355,EXP-0001,LD-013301,,CO-0017758,paid,2023Q3,CMP-00089,treatment,2023-07-16
ASG-000356,EXP-0001,LD-013302,,CO-0101530,paid,2023Q3,CMP-00090,treatment,2023-07-16
ASG-000357,EXP-0001,LD-013303,,CO-0033880,paid,2023Q3,CMP-00090,treatment,2023-07-16
ASG-000358,EXP-0001,LD-013304,,CO-0121437,paid,2023Q3,CMP-00090,treatment,2023-07-16
ASG-000359,EXP-0001,LD-013305,,CO-0103885,paid,2023Q3,CMP-00090,treatment,2023-07-16
ASG-000360,EXP-0001,LD-013306,,CO-0093435,paid,2023Q3,CMP-00090,treatment,2023-07-16
ASG-000361,EXP-0001,LD-013307,,CO-0023431,paid,2023Q3,CMP-00090,treatment,2023-07-16
ASG-000362,EXP-0001,LD-013308,,CO-0053618,paid,2023Q3,CMP-00090,treatment,2023-07-16
ASG-000363,EXP-0001,LD-013309,,CO-0120653,paid,2023Q3,CMP-00091,treatment,2023-07-16
ASG-000364,EXP-0001,LD-013310,,CO-0102777,paid,2023Q3,CMP-00091,treatment,2023-07-16
ASG-000365,EXP-0001,LD-013311,,CO-0002369,paid,2023Q3,CMP-00091,treatment,2023-07-16
ASG-000366,EXP-0001,LD-013312,,CO-0052644,paid,2023Q3,CMP-00091,treatment,2023-07-16
ASG-000367,EXP-0001,LD-013313,,CO-0024664,paid,2023Q3,CMP-00092,treatment,2023-07-16
ASG-000368,EXP-0001,LD-013314,,CO-0037569,paid,2023Q3,CMP-00092,treatment,2023-07-16
ASG-000369,EXP-0001,LD-013315,,CO-0056240,paid,2023Q3,CMP-00093,control,2023-07-16
ASG-000370,EXP-0001,LD-013316,,CO-0048516,paid,2023Q3,CMP-00093,control,2023-07-16
ASG-000371,EXP-0001,LD-013317,,CO-0057565,paid,2023Q3,CMP-00093,control,2023-07-16
ASG-000372,EXP-0001,LD-013318,,CO-0097621,paid,2023Q3,CMP-00093,control,2023-07-16
ASG-000373,EXP-0001,LD-013319,,CO-0032935,paid,2023Q3,CMP-00093,control,2023-07-16
ASG-000374,EXP-0001,LD-013329,,CO-0104468,paid,2023Q3,CMP-00089,treatment,2023-07-17
ASG-000375,EXP-0001,LD-013330,,CO-0080613,paid,2023Q3,CMP-00089,treatment,2023-07-17
ASG-000376,EXP-0001,LD-013331,,CO-0014609,paid,2023Q3,CMP-00089,treatment,2023-07-17
ASG-000377,EXP-0001,LD-013332,,CO-0019238,paid,2023Q3,CMP-00090,treatment,2023-07-17
ASG-000378,EXP-0001,LD-013333,,CO-0063404,paid,2023Q3,CMP-00090,treatment,2023-07-17
ASG-000379,EXP-0001,LD-013334,,CO-0028631,paid,2023Q3,CMP-00090,treatment,2023-07-17
ASG-000380,EXP-0001,LD-013335,,CO-0088608,paid,2023Q3,CMP-00091,treatment,2023-07-17
ASG-000381,EXP-0001,LD-013336,,CO-0103396,paid,2023Q3,CMP-00091,treatment,2023-07-17
ASG-000382,EXP-0001,LD-013337,,CO-0001909,paid,2023Q3,CMP-00091,treatment,2023-07-17
ASG-000383,EXP-0001,LD-013338,,CO-0100994,paid,2023Q3,CMP-00091,treatment,2023-07-17
ASG-000384,EXP-0001,LD-013339,,CO-0029419,paid,2023Q3,CMP-00091,treatment,2023-07-17
ASG-000385,EXP-0001,LD-013340,,CO-0103189,paid,2023Q3,CMP-00092,treatment,2023-07-17
ASG-000386,EXP-0001,LD-013341,,CO-0096523,paid,2023Q3,CMP-00092,treatment,2023-07-17
ASG-000387,EXP-0001,LD-013342,,CO-0014052,paid,2023Q3,CMP-00093,control,2023-07-17
ASG-000388,EXP-0001,LD-013343,,CO-0013444,paid,2023Q3,CMP-00093,control,2023-07-17
ASG-000389,EXP-0001,LD-013361,,CO-0068514,paid,2023Q3,CMP-00089,treatment,2023-07-18
ASG-000390,EXP-0001,LD-013362,,CO-0109041,paid,2023Q3,CMP-00089,treatment,2023-07-18
ASG-000391,EXP-0001,LD-013363,,CO-0013114,paid,2023Q3,CMP-00089,treatment,2023-07-18
ASG-000392,EXP-0001,LD-013364,,CO-0085697,paid,2023Q3,CMP-00089,treatment,2023-07-18
ASG-000393,EXP-0001,LD-013365,,CO-0085611,paid,2023Q3,CMP-00089,treatment,2023-07-18
ASG-000394,EXP-0001,LD-013366,,CO-0069338,paid,2023Q3,CMP-00090,treatment,2023-07-18
ASG-000395,EXP-0001,LD-013367,,CO-0086383,paid,2023Q3,CMP-00090,treatment,2023-07-18
ASG-000396,EXP-0001,LD-013368,,CO-0025534,paid,2023Q3,CMP-00091,treatment,2023-07-18
ASG-000397,EXP-0001,LD-013369,,CO-0114306,paid,2023Q3,CMP-00091,treatment,2023-07-18
ASG-000398,EXP-0001,LD-013370,,CO-0056132,paid,2023Q3,CMP-00091,treatment,2023-07-18
ASG-000399,EXP-0001,LD-013371,,CO-0081313,paid,2023Q3,CMP-00093,control,2023-07-18
ASG-000400,EXP-0001,LD-013372,,CO-0000242,paid,2023Q3,CMP-00093,control,2023-07-18
ASG-000401,EXP-0001,LD-013373,,CO-0051196,paid,2023Q3,CMP-00093,control,2023-07-18
ASG-000402,EXP-0001,LD-013374,,CO-0062825,paid,2023Q3,CMP-00093,control,2023-07-18
ASG-000403,EXP-0001,LD-013375,,CO-0008761,paid,2023Q3,CMP-00093,control,2023-07-18
ASG-000404,EXP-0001,LD-013380,ACC-004033,CO-0068368,paid,2023Q3,CMP-00089,treatment,2023-07-19
ASG-000405,EXP-0001,LD-013394,,CO-0002335,paid,2023Q3,CMP-00089,treatment,2023-07-19
ASG-000406,EXP-0001,LD-013395,,CO-0070656,paid,2023Q3,CMP-00089,treatment,2023-07-19
ASG-000407,EXP-0001,LD-013396,,CO-0080283,paid,2023Q3,CMP-00089,treatment,2023-07-19
ASG-000408,EXP-0001,LD-013397,,CO-0113749,paid,2023Q3,CMP-00090,treatment,2023-07-19
ASG-000409,EXP-0001,LD-013398,,CO-0121105,paid,2023Q3,CMP-00090,treatment,2023-07-19
ASG-000410,EXP-0001,LD-013399,,CO-0026412,paid,2023Q3,CMP-00090,treatment,2023-07-19
ASG-000411,EXP-0001,LD-013400,,CO-0036246,paid,2023Q3,CMP-00090,treatment,2023-07-19
ASG-000412,EXP-0001,LD-013401,,CO-0016013,paid,2023Q3,CMP-00090,treatment,2023-07-19
ASG-000413,EXP-0001,LD-013402,,CO-0006626,paid,2023Q3,CMP-00091,treatment,2023-07-19
ASG-000414,EXP-0001,LD-013403,,CO-0002318,paid,2023Q3,CMP-00091,treatment,2023-07-19
ASG-000415,EXP-0001,LD-013404,,CO-0081442,paid,2023Q3,CMP-00091,treatment,2023-07-19
ASG-000416,EXP-0001,LD-013405,,CO-0039767,paid,2023Q3,CMP-00091,treatment,2023-07-19
ASG-000417,EXP-0001,LD-013406,,CO-0111981,paid,2023Q3,CMP-00091,treatment,2023-07-19
ASG-000418,EXP-0001,LD-013407,,CO-0063543,paid,2023Q3,CMP-00091,treatment,2023-07-19
ASG-000419,EXP-0001,LD-013408,,CO-0096391,paid,2023Q3,CMP-00092,treatment,2023-07-19
ASG-000420,EXP-0001,LD-013409,,CO-0080829,paid,2023Q3,CMP-00093,control,2023-07-19
ASG-000421,EXP-0001,LD-013410,,CO-0079695,paid,2023Q3,CMP-00093,control,2023-07-19
ASG-000422,EXP-0001,LD-013422,,CO-0121551,paid,2023Q3,CMP-00089,treatment,2023-07-20
ASG-000423,EXP-0001,LD-013423,,CO-0046881,paid,2023Q3,CMP-00089,treatment,2023-07-20
ASG-000424,EXP-0001,LD-013424,,CO-0074799,paid,2023Q3,CMP-00089,treatment,2023-07-20
ASG-000425,EXP-0001,LD-013425,,CO-0070489,paid,2023Q3,CMP-00089,treatment,2023-07-20
ASG-000426,EXP-0001,LD-013426,,CO-0083833,paid,2023Q3,CMP-00089,treatment,2023-07-20
ASG-000427,EXP-0001,LD-013427,,CO-0007942,paid,2023Q3,CMP-00089,treatment,2023-07-20
ASG-000428,EXP-0001,LD-013428,,CO-0060635,paid,2023Q3,CMP-00090,treatment,2023-07-20
ASG-000429,EXP-0001,LD-013429,,CO-0093610,paid,2023Q3,CMP-00090,treatment,2023-07-20
ASG-000430,EXP-0001,LD-013430,,CO-0055796,paid,2023Q3,CMP-00090,treatment,2023-07-20
ASG-000431,EXP-0001,LD-013431,,CO-0118085,paid,2023Q3,CMP-00091,treatment,2023-07-20
ASG-000432,EXP-0001,LD-013432,,CO-0068477,paid,2023Q3,CMP-00091,treatment,2023-07-20
ASG-000433,EXP-0001,LD-013433,,CO-0085818,paid,2023Q3,CMP-00091,treatment,2023-07-20
ASG-000434,EXP-0001,LD-013434,,CO-0017566,paid,2023Q3,CMP-00091,treatment,2023-07-20
ASG-000435,EXP-0001,LD-013435,,CO-0032065,paid,2023Q3,CMP-00091,treatment,2023-07-20
ASG-000436,EXP-0001,LD-013436,,CO-0051847,paid,2023Q3,CMP-00092,treatment,2023-07-20
ASG-000437,EXP-0001,LD-013437,,CO-0002047,paid,2023Q3,CMP-00092,treatment,2023-07-20
ASG-000438,EXP-0001,LD-013438,,CO-0008395,paid,2023Q3,CMP-00093,control,2023-07-20
ASG-000439,EXP-0001,LD-013439,,CO-0117100,paid,2023Q3,CMP-00093,control,2023-07-20
ASG-000440,EXP-0001,LD-013440,,CO-0092621,paid,2023Q3,CMP-00093,control,2023-07-20
ASG-000441,EXP-0001,LD-013441,,CO-0050081,paid,2023Q3,CMP-00093,control,2023-07-20
ASG-000442,EXP-0001,LD-013442,,CO-0002764,paid,2023Q3,CMP-00093,control,2023-07-20
ASG-000443,EXP-0001,LD-013443,,CO-0085254,paid,2023Q3,CMP-00093,control,2023-07-20
ASG-000444,EXP-0001,LD-013445,ACC-000030,CO-0113891,paid,2023Q3,CMP-00090,treatment,2023-07-21
ASG-000445,EXP-0001,LD-013462,,CO-0111545,paid,2023Q3,CMP-00089,treatment,2023-07-21
ASG-000446,EXP-0001,LD-013463,,CO-0007323,paid,2023Q3,CMP-00089,treatment,2023-07-21
ASG-000447,EXP-0001,LD-013464,,CO-0004851,paid,2023Q3,CMP-00089,treatment,2023-07-21
ASG-000448,EXP-0001,LD-013465,,CO-0104879,paid,2023Q3,CMP-00089,treatment,2023-07-21
ASG-000449,EXP-0001,LD-013466,,CO-0001725,paid,2023Q3,CMP-00089,treatment,2023-07-21
ASG-000450,EXP-0001,LD-013467,,CO-0077157,paid,2023Q3,CMP-00090,treatment,2023-07-21
ASG-000451,EXP-0001,LD-013468,,CO-0094720,paid,2023Q3,CMP-00090,treatment,2023-07-21
ASG-000452,EXP-0001,LD-013469,,CO-0049045,paid,2023Q3,CMP-00090,treatment,2023-07-21
ASG-000453,EXP-0001,LD-013470,,CO-0016984,paid,2023Q3,CMP-00090,treatment,2023-07-21
ASG-000454,EXP-0001,LD-013471,,CO-0087353,paid,2023Q3,CMP-00090,treatment,2023-07-21
ASG-000455,EXP-0001,LD-013472,,CO-0030981,paid,2023Q3,CMP-00090,treatment,2023-07-21
ASG-000456,EXP-0001,LD-013473,,CO-0008724,paid,2023Q3,CMP-00091,treatment,2023-07-21
ASG-000457,EXP-0001,LD-013474,,CO-0035536,paid,2023Q3,CMP-00091,treatment,2023-07-21
ASG-000458,EXP-0001,LD-013475,,CO-0006737,paid,2023Q3,CMP-00091,treatment,2023-07-21
ASG-000459,EXP-0001,LD-013476,,CO-0000480,paid,2023Q3,CMP-00091,treatment,2023-07-21
ASG-000460,EXP-0001,LD-013477,,CO-0043970,paid,2023Q3,CMP-00091,treatment,2023-07-21
ASG-000461,EXP-0001,LD-013478,,CO-0086492,paid,2023Q3,CMP-00092,treatment,2023-07-21
ASG-000462,EXP-0001,LD-013479,,CO-0000615,paid,2023Q3,CMP-00093,control,2023-07-21
ASG-000463,EXP-0001,LD-013480,,CO-0021646,paid,2023Q3,CMP-00093,control,2023-07-21
ASG-000464,EXP-0001,LD-013481,ACC-000412,CO-0100726,paid,2023Q3,CMP-00093,control,2023-07-22
ASG-000465,EXP-0001,LD-013496,,CO-0068321,paid,2023Q3,CMP-00089,treatment,2023-07-22
ASG-000466,EXP-0001,LD-013497,,CO-0091477,paid,2023Q3,CMP-00089,treatment,2023-07-22
ASG-000467,EXP-0001,LD-013498,,CO-0024745,paid,2023Q3,CMP-00090,treatment,2023-07-22
ASG-000468,EXP-0001,LD-013499,,CO-0046558,paid,2023Q3,CMP-00090,treatment,2023-07-22
ASG-000469,EXP-0001,LD-013500,,CO-0022240,paid,2023Q3,CMP-00090,treatment,2023-07-22
ASG-000470,EXP-0001,LD-013501,,CO-0071685,paid,2023Q3,CMP-00091,treatment,2023-07-22
ASG-000471,EXP-0001,LD-013502,,CO-0005027,paid,2023Q3,CMP-00091,treatment,2023-07-22
ASG-000472,EXP-0001,LD-013503,,CO-0055306,paid,2023Q3,CMP-00091,treatment,2023-07-22
ASG-000473,EXP-0001,LD-013504,,CO-0001105,paid,2023Q3,CMP-00092,treatment,2023-07-22
ASG-000474,EXP-0001,LD-013505,,CO-0076060,paid,2023Q3,CMP-00093,control,2023-07-22
ASG-000475,EXP-0001,LD-013506,,CO-0074424,paid,2023Q3,CMP-00093,control,2023-07-22
ASG-000476,EXP-0001,LD-013507,,CO-0066352,paid,2023Q3,CMP-00093,control,2023-07-22
ASG-000477,EXP-0001,LD-013508,,CO-0020417,paid,2023Q3,CMP-00093,control,2023-07-22
ASG-000478,EXP-0001,LD-013509,,CO-0111754,paid,2023Q3,CMP-00093,control,2023-07-22
ASG-000479,EXP-0001,LD-013510,,CO-0097593,paid,2023Q3,CMP-00093,control,2023-07-22
ASG-000480,EXP-0001,LD-013511,ACC-003974,CO-0074838,paid,2023Q3,CMP-00093,control,2023-07-23
ASG-000481,EXP-0001,LD-013524,,CO-0065244,paid,2023Q3,CMP-00089,treatment,2023-07-23
ASG-000482,EXP-0001,LD-013525,,CO-0101252,paid,2023Q3,CMP-00089,treatment,2023-07-23
ASG-000483,EXP-0001,LD-013526,,CO-0106607,paid,2023Q3,CMP-00089,treatment,2023-07-23
ASG-000484,EXP-0001,LD-013527,,CO-0027761,paid,2023Q3,CMP-00089,treatment,2023-07-23
ASG-000485,EXP-0001,LD-013528,,CO-0060405,paid,2023Q3,CMP-00089,treatment,2023-07-23
ASG-000486,EXP-0001,LD-013529,,CO-0033694,paid,2023Q3,CMP-00089,treatment,2023-07-23
ASG-000487,EXP-0001,LD-013530,,CO-0034855,paid,2023Q3,CMP-00090,treatment,2023-07-23
ASG-000488,EXP-0001,LD-013531,,CO-0040218,paid,2023Q3,CMP-00091,treatment,2023-07-23
ASG-000489,EXP-0001,LD-013532,,CO-0026119,paid,2023Q3,CMP-00091,treatment,2023-07-23
ASG-000490,EXP-0001,LD-013533,,CO-0021899,paid,2023Q3,CMP-00091,treatment,2023-07-23
ASG-000491,EXP-0001,LD-013534,,CO-0096872,paid,2023Q3,CMP-00091,treatment,2023-07-23
ASG-000492,EXP-0001,LD-013535,,CO-0058064,paid,2023Q3,CMP-00091,treatment,2023-07-23
ASG-000493,EXP-0001,LD-013536,,CO-0032702,paid,2023Q3,CMP-00092,treatment,2023-07-23
ASG-000494,EXP-0001,LD-013537,,CO-0120449,paid,2023Q3,CMP-00092,treatment,2023-07-23
ASG-000495,EXP-0001,LD-013538,,CO-0020894,paid,2023Q3,CMP-00093,control,2023-07-23
ASG-000496,EXP-0001,LD-013539,,CO-0091539,paid,2023Q3,CMP-00093,control,2023-07-23
ASG-000497,EXP-0001,LD-013540,,CO-0111315,paid,2023Q3,CMP-00093,control,2023-07-23
ASG-000498,EXP-0001,LD-013541,,CO-0110112,paid,2023Q3,CMP-00093,control,2023-07-23
ASG-000499,EXP-0001,LD-013560,,CO-0084688,paid,2023Q3,CMP-00089,treatment,2023-07-24
ASG-000500,EXP-0001,LD-013561,,CO-0027778,paid,2023Q3,CMP-00089,treatment,2023-07-24
ASG-000501,EXP-0001,LD-013562,,CO-0072740,paid,2023Q3,CMP-00089,treatment,2023-07-24
ASG-000502,EXP-0001,LD-013563,,CO-0106510,paid,2023Q3,CMP-00090,treatment,2023-07-24
ASG-000503,EXP-0001,LD-013564,,CO-0096843,paid,2023Q3,CMP-00090,treatment,2023-07-24
ASG-000504,EXP-0001,LD-013565,,CO-0084808,paid,2023Q3,CMP-00090,treatment,2023-07-24
ASG-000505,EXP-0001,LD-013566,,CO-0075693,paid,2023Q3,CMP-00091,treatment,2023-07-24
ASG-000506,EXP-0001,LD-013567,,CO-0086563,paid,2023Q3,CMP-00091,treatment,2023-07-24
ASG-000507,EXP-0001,LD-013568,,CO-0065865,paid,2023Q3,CMP-00091,treatment,2023-07-24
ASG-000508,EXP-0001,LD-013569,,CO-0045812,paid,2023Q3,CMP-00091,treatment,2023-07-24
ASG-000509,EXP-0001,LD-013570,,CO-0064309,paid,2023Q3,CMP-00093,control,2023-07-24
ASG-000510,EXP-0001,LD-013571,,CO-0100798,paid,2023Q3,CMP-00093,control,2023-07-24
ASG-000511,EXP-0001,LD-013572,,CO-0067094,paid,2023Q3,CMP-00093,control,2023-07-24
ASG-000512,EXP-0001,LD-013573,,CO-0077349,paid,2023Q3,CMP-00093,control,2023-07-24
ASG-000513,EXP-0001,LD-013588,,CO-0019280,paid,2023Q3,CMP-00089,treatment,2023-07-25
ASG-000514,EXP-0001,LD-013589,,CO-0083018,paid,2023Q3,CMP-00089,treatment,2023-07-25
ASG-000515,EXP-0001,LD-013590,,CO-0046496,paid,2023Q3,CMP-00090,treatment,2023-07-25
ASG-000516,EXP-0001,LD-013591,,CO-0064687,paid,2023Q3,CMP-00090,treatment,2023-07-25
ASG-000517,EXP-0001,LD-013592,,CO-0047981,paid,2023Q3,CMP-00090,treatment,2023-07-25
ASG-000518,EXP-0001,LD-013593,,CO-0101173,paid,2023Q3,CMP-00091,treatment,2023-07-25
ASG-000519,EXP-0001,LD-013594,,CO-0086401,paid,2023Q3,CMP-00091,treatment,2023-07-25
ASG-000520,EXP-0001,LD-013595,,CO-0051524,paid,2023Q3,CMP-00091,treatment,2023-07-25
ASG-000521,EXP-0001,LD-013596,,CO-0029169,paid,2023Q3,CMP-00091,treatment,2023-07-25
ASG-000522,EXP-0001,LD-013597,,CO-0050536,paid,2023Q3,CMP-00093,control,2023-07-25
ASG-000523,EXP-0001,LD-013598,,CO-0119311,paid,2023Q3,CMP-00093,control,2023-07-25
ASG-000524,EXP-0001,LD-013599,,CO-0100453,paid,2023Q3,CMP-00093,control,2023-07-25
ASG-000525,EXP-0001,LD-013600,,CO-0043050,paid,2023Q3,CMP-00093,control,2023-07-25
ASG-000526,EXP-0001,LD-013617,,CO-0002511,paid,2023Q3,CMP-00089,treatment,2023-07-26
ASG-000527,EXP-0001,LD-013618,,CO-0075000,paid,2023Q3,CMP-00089,treatment,2023-07-26
ASG-000528,EXP-0001,LD-013619,,CO-0007278,paid,2023Q3,CMP-00089,treatment,2023-07-26
ASG-000529,EXP-0001,LD-013620,,CO-0087095,paid,2023Q3,CMP-00089,treatment,2023-07-26
ASG-000530,EXP-0001,LD-013621,,CO-0089113,paid,2023Q3,CMP-00089,treatment,2023-07-26
ASG-000531,EXP-0001,LD-013622,,CO-0020899,paid,2023Q3,CMP-00090,treatment,2023-07-26
ASG-000532,EXP-0001,LD-013623,,CO-0011400,paid,2023Q3,CMP-00090,treatment,2023-07-26
ASG-000533,EXP-0001,LD-013624,,CO-0001695,paid,2023Q3,CMP-00090,treatment,2023-07-26
ASG-000534,EXP-0001,LD-013625,,CO-0036842,paid,2023Q3,CMP-00090,treatment,2023-07-26
ASG-000535,EXP-0001,LD-013626,,CO-0094178,paid,2023Q3,CMP-00091,treatment,2023-07-26
ASG-000536,EXP-0001,LD-013627,,CO-0065970,paid,2023Q3,CMP-00091,treatment,2023-07-26
ASG-000537,EXP-0001,LD-013628,,CO-0093315,paid,2023Q3,CMP-00091,treatment,2023-07-26
ASG-000538,EXP-0001,LD-013629,,CO-0066967,paid,2023Q3,CMP-00091,treatment,2023-07-26
ASG-000539,EXP-0001,LD-013630,,CO-0006006,paid,2023Q3,CMP-00092,treatment,2023-07-26
ASG-000540,EXP-0001,LD-013631,,CO-0081502,paid,2023Q3,CMP-00093,control,2023-07-26
ASG-000541,EXP-0001,LD-013632,,CO-0122390,paid,2023Q3,CMP-00093,control,2023-07-26
ASG-000542,EXP-0001,LD-013633,,CO-0003831,paid,2023Q3,CMP-00093,control,2023-07-26
ASG-000543,EXP-0001,LD-013634,,CO-0091836,paid,2023Q3,CMP-00093,control,2023-07-26
ASG-000544,EXP-0001,LD-013635,,CO-0062044,paid,2023Q3,CMP-00093,control,2023-07-26
ASG-000545,EXP-0001,LD-013637,ACC-002101,CO-0028054,paid,2023Q3,CMP-00091,treatment,2023-07-27
ASG-000546,EXP-0001,LD-013639,ACC-007091,CO-0002822,paid,2023Q3,CMP-00091,treatment,2023-07-27
ASG-000547,EXP-0001,LD-013651,,CO-0060777,paid,2023Q3,CMP-00089,treatment,2023-07-27
ASG-000548,EXP-0001,LD-013652,,CO-0079335,paid,2023Q3,CMP-00089,treatment,2023-07-27
ASG-000549,EXP-0001,LD-013653,,CO-0046559,paid,2023Q3,CMP-00089,treatment,2023-07-27
ASG-000550,EXP-0001,LD-013654,,CO-0121482,paid,2023Q3,CMP-00089,treatment,2023-07-27
ASG-000551,EXP-0001,LD-013655,,CO-0104778,paid,2023Q3,CMP-00089,treatment,2023-07-27
ASG-000552,EXP-0001,LD-013656,,CO-0099267,paid,2023Q3,CMP-00090,treatment,2023-07-27
ASG-000553,EXP-0001,LD-013657,,CO-0091492,paid,2023Q3,CMP-00091,treatment,2023-07-27
ASG-000554,EXP-0001,LD-013658,,CO-0069853,paid,2023Q3,CMP-00091,treatment,2023-07-27
ASG-000555,EXP-0001,LD-013659,,CO-0094964,paid,2023Q3,CMP-00091,treatment,2023-07-27
ASG-000556,EXP-0001,LD-013660,,CO-0106429,paid,2023Q3,CMP-00091,treatment,2023-07-27
ASG-000557,EXP-0001,LD-013661,,CO-0088736,paid,2023Q3,CMP-00091,treatment,2023-07-27
ASG-000558,EXP-0001,LD-013662,,CO-0002754,paid,2023Q3,CMP-00092,treatment,2023-07-27
ASG-000559,EXP-0001,LD-013663,,CO-0055303,paid,2023Q3,CMP-00093,control,2023-07-27
ASG-000560,EXP-0001,LD-013681,,CO-0056621,paid,2023Q3,CMP-00089,treatment,2023-07-28
ASG-000561,EXP-0001,LD-013682,,CO-0036646,paid,2023Q3,CMP-00089,treatment,2023-07-28
ASG-000562,EXP-0001,LD-013683,,CO-0087259,paid,2023Q3,CMP-00090,treatment,2023-07-28
ASG-000563,EXP-0001,LD-013684,,CO-0016793,paid,2023Q3,CMP-00090,treatment,2023-07-28
ASG-000564,EXP-0001,LD-013685,,CO-0022821,paid,2023Q3,CMP-00090,treatment,2023-07-28
ASG-000565,EXP-0001,LD-013686,,CO-0104154,paid,2023Q3,CMP-00090,treatment,2023-07-28
ASG-000566,EXP-0001,LD-013687,,CO-0024515,paid,2023Q3,CMP-00090,treatment,2023-07-28
ASG-000567,EXP-0001,LD-013688,,CO-0083576,paid,2023Q3,CMP-00092,treatment,2023-07-28
ASG-000568,EXP-0001,LD-013689,,CO-0098056,paid,2023Q3,CMP-00093,control,2023-07-28
ASG-000569,EXP-0001,LD-013695,,CO-0002677,paid,2023Q3,CMP-00089,treatment,2023-07-29
ASG-000570,EXP-0001,LD-013696,,CO-0097923,paid,2023Q3,CMP-00089,treatment,2023-07-29
ASG-000571,EXP-0001,LD-013697,,CO-0000094,paid,2023Q3,CMP-00089,treatment,2023-07-29
ASG-000572,EXP-0001,LD-013698,,CO-0113779,paid,2023Q3,CMP-00089,treatment,2023-07-29
ASG-000573,EXP-0001,LD-013699,,CO-0030516,paid,2023Q3,CMP-00089,treatment,2023-07-29
ASG-000574,EXP-0001,LD-013700,,CO-0111900,paid,2023Q3,CMP-00089,treatment,2023-07-29
ASG-000575,EXP-0001,LD-013701,,CO-0050126,paid,2023Q3,CMP-00090,treatment,2023-07-29
ASG-000576,EXP-0001,LD-013702,,CO-0065216,paid,2023Q3,CMP-00090,treatment,2023-07-29
ASG-000577,EXP-0001,LD-013703,,CO-0052267,paid,2023Q3,CMP-00090,treatment,2023-07-29
ASG-000578,EXP-0001,LD-013704,,CO-0002468,paid,2023Q3,CMP-00090,treatment,2023-07-29
ASG-000579,EXP-0001,LD-013705,,CO-0060911,paid,2023Q3,CMP-00090,treatment,2023-07-29
ASG-000580,EXP-0001,LD-013706,,CO-0071930,paid,2023Q3,CMP-00090,treatment,2023-07-29
ASG-000581,EXP-0001,LD-013707,,CO-0077148,paid,2023Q3,CMP-00091,treatment,2023-07-29
ASG-000582,EXP-0001,LD-013708,,CO-0090493,paid,2023Q3,CMP-00091,treatment,2023-07-29
ASG-000583,EXP-0001,LD-013709,,CO-0084344,paid,2023Q3,CMP-00091,treatment,2023-07-29
ASG-000584,EXP-0001,LD-013710,,CO-0106441,paid,2023Q3,CMP-00091,treatment,2023-07-29
ASG-000585,EXP-0001,LD-013711,,CO-0096382,paid,2023Q3,CMP-00093,control,2023-07-29
ASG-000586,EXP-0001,LD-013712,,CO-0050172,paid,2023Q3,CMP-00093,control,2023-07-29
ASG-000587,EXP-0001,LD-013713,,CO-0055667,paid,2023Q3,CMP-00093,control,2023-07-29
ASG-000588,EXP-0001,LD-013726,,CO-0011698,paid,2023Q3,CMP-00089,treatment,2023-07-30
ASG-000589,EXP-0001,LD-013727,,CO-0114469,paid,2023Q3,CMP-00089,treatment,2023-07-30
ASG-000590,EXP-0001,LD-013728,,CO-0095794,paid,2023Q3,CMP-00089,treatment,2023-07-30
ASG-000591,EXP-0001,LD-013729,,CO-0100201,paid,2023Q3,CMP-00089,treatment,2023-07-30
ASG-000592,EXP-0001,LD-013730,,CO-0048077,paid,2023Q3,CMP-00090,treatment,2023-07-30
ASG-000593,EXP-0001,LD-013731,,CO-0006703,paid,2023Q3,CMP-00090,treatment,2023-07-30
ASG-000594,EXP-0001,LD-013732,,CO-0055441,paid,2023Q3,CMP-00090,treatment,2023-07-30
ASG-000595,EXP-0001,LD-013733,,CO-0016324,paid,2023Q3,CMP-00090,treatment,2023-07-30
ASG-000596,EXP-0001,LD-013734,,CO-0006466,paid,2023Q3,CMP-00090,treatment,2023-07-30
ASG-000597,EXP-0001,LD-013735,,CO-0053182,paid,2023Q3,CMP-00090,treatment,2023-07-30
ASG-000598,EXP-0001,LD-013736,,CO-0048676,paid,2023Q3,CMP-00091,treatment,2023-07-30
ASG-000599,EXP-0001,LD-013737,,CO-0010717,paid,2023Q3,CMP-00091,treatment,2023-07-30
ASG-000600,EXP-0001,LD-013738,,CO-0037448,paid,2023Q3,CMP-00091,treatment,2023-07-30
ASG-000601,EXP-0001,LD-013739,,CO-0000734,paid,2023Q3,CMP-00091,treatment,2023-07-30
ASG-000602,EXP-0001,LD-013740,,CO-0022564,paid,2023Q3,CMP-00092,treatment,2023-07-30
ASG-000603,EXP-0001,LD-013741,,CO-0108649,paid,2023Q3,CMP-00092,treatment,2023-07-30
ASG-000604,EXP-0001,LD-013742,,CO-0050524,paid,2023Q3,CMP-00092,treatment,2023-07-30
ASG-000605,EXP-0001,LD-013743,,CO-0069498,paid,2023Q3,CMP-00093,control,2023-07-30
ASG-000606,EXP-0001,LD-013744,,CO-0100613,paid,2023Q3,CMP-00093,control,2023-07-30
ASG-000607,EXP-0001,LD-013745,,CO-0104435,paid,2023Q3,CMP-00093,control,2023-07-30
ASG-000608,EXP-0001,LD-013760,,CO-0074478,paid,2023Q3,CMP-00089,treatment,2023-07-31
ASG-000609,EXP-0001,LD-013761,,CO-0046895,paid,2023Q3,CMP-00089,treatment,2023-07-31
ASG-000610,EXP-0001,LD-013762,,CO-0093898,paid,2023Q3,CMP-00090,treatment,2023-07-31
ASG-000611,EXP-0001,LD-013763,,CO-0083842,paid,2023Q3,CMP-00090,treatment,2023-07-31
ASG-000612,EXP-0001,LD-013764,,CO-0050049,paid,2023Q3,CMP-00090,treatment,2023-07-31
ASG-000613,EXP-0001,LD-013765,,CO-0102369,paid,2023Q3,CMP-00091,treatment,2023-07-31
ASG-000614,EXP-0001,LD-013766,,CO-0004783,paid,2023Q3,CMP-00093,control,2023-07-31
ASG-000615,EXP-0001,LD-013768,ACC-006231,CO-0081842,paid,2023Q3,CMP-00090,treatment,2023-08-01
ASG-000616,EXP-0001,LD-013776,,CO-0006712,paid,2023Q3,CMP-00089,treatment,2023-08-01
ASG-000617,EXP-0001,LD-013777,,CO-0039782,paid,2023Q3,CMP-00089,treatment,2023-08-01
ASG-000618,EXP-0001,LD-013778,,CO-0097941,paid,2023Q3,CMP-00090,treatment,2023-08-01
ASG-000619,EXP-0001,LD-013779,,CO-0108807,paid,2023Q3,CMP-00090,treatment,2023-08-01
ASG-000620,EXP-0001,LD-013780,,CO-0094017,paid,2023Q3,CMP-00090,treatment,2023-08-01
ASG-000621,EXP-0001,LD-013781,,CO-0051753,paid,2023Q3,CMP-00090,treatment,2023-08-01
ASG-000622,EXP-0001,LD-013782,,CO-0016585,paid,2023Q3,CMP-00091,treatment,2023-08-01
ASG-000623,EXP-0001,LD-013783,,CO-0073102,paid,2023Q3,CMP-00091,treatment,2023-08-01
ASG-000624,EXP-0001,LD-013784,,CO-0009518,paid,2023Q3,CMP-00091,treatment,2023-08-01
ASG-000625,EXP-0001,LD-013785,,CO-0098885,paid,2023Q3,CMP-00091,treatment,2023-08-01
ASG-000626,EXP-0001,LD-013786,,CO-0026513,paid,2023Q3,CMP-00093,control,2023-08-01
ASG-000627,EXP-0001,LD-013787,,CO-0051664,paid,2023Q3,CMP-00093,control,2023-08-01
ASG-000628,EXP-0001,LD-013788,,CO-0009843,paid,2023Q3,CMP-00093,control,2023-08-01
ASG-000629,EXP-0001,LD-013804,,CO-0066932,paid,2023Q3,CMP-00089,treatment,2023-08-02
ASG-000630,EXP-0001,LD-013805,,CO-0035549,paid,2023Q3,CMP-00089,treatment,2023-08-02
ASG-000631,EXP-0001,LD-013806,,CO-0013790,paid,2023Q3,CMP-00090,treatment,2023-08-02
ASG-000632,EXP-0001,LD-013807,,CO-0078914,paid,2023Q3,CMP-00090,treatment,2023-08-02
ASG-000633,EXP-0001,LD-013808,,CO-0014483,paid,2023Q3,CMP-00091,treatment,2023-08-02
ASG-000634,EXP-0001,LD-013809,,CO-0058205,paid,2023Q3,CMP-00091,treatment,2023-08-02
ASG-000635,EXP-0001,LD-013810,,CO-0104995,paid,2023Q3,CMP-00092,treatment,2023-08-02
ASG-000636,EXP-0001,LD-013811,,CO-0036473,paid,2023Q3,CMP-00093,control,2023-08-02
ASG-000637,EXP-0001,LD-013812,,CO-0049777,paid,2023Q3,CMP-00093,control,2023-08-02
ASG-000638,EXP-0001,LD-013813,,CO-0060743,paid,2023Q3,CMP-00093,control,2023-08-02
ASG-000639,EXP-0001,LD-013814,,CO-0060471,paid,2023Q3,CMP-00093,control,2023-08-02
ASG-000640,EXP-0001,LD-013815,,CO-0054825,paid,2023Q3,CMP-00093,control,2023-08-02
ASG-000641,EXP-0001,LD-013828,,CO-0088987,paid,2023Q3,CMP-00089,treatment,2023-08-03
ASG-000642,EXP-0001,LD-013829,,CO-0116845,paid,2023Q3,CMP-00089,treatment,2023-08-03
ASG-000643,EXP-0001,LD-013830,,CO-0094872,paid,2023Q3,CMP-00091,treatment,2023-08-03
ASG-000644,EXP-0001,LD-013831,,CO-0086784,paid,2023Q3,CMP-00091,treatment,2023-08-03
ASG-000645,EXP-0001,LD-013832,,CO-0088297,paid,2023Q3,CMP-00093,control,2023-08-03
ASG-000646,EXP-0001,LD-013833,,CO-0051829,paid,2023Q3,CMP-00093,control,2023-08-03
ASG-000647,EXP-0001,LD-013834,,CO-0069549,paid,2023Q3,CMP-00093,control,2023-08-03
ASG-000648,EXP-0001,LD-013835,,CO-0117448,paid,2023Q3,CMP-00093,control,2023-08-03
ASG-000649,EXP-0001,LD-013850,,CO-0097552,paid,2023Q3,CMP-00089,treatment,2023-08-04
ASG-000650,EXP-0001,LD-013851,,CO-0046362,paid,2023Q3,CMP-00090,treatment,2023-08-04
ASG-000651,EXP-0001,LD-013852,,CO-0072045,paid,2023Q3,CMP-00090,treatment,2023-08-04
ASG-000652,EXP-0001,LD-013853,,CO-0086224,paid,2023Q3,CMP-00090,treatment,2023-08-04
ASG-000653,EXP-0001,LD-013854,,CO-0095509,paid,2023Q3,CMP-00090,treatment,2023-08-04
ASG-000654,EXP-0001,LD-013855,,CO-0033686,paid,2023Q3,CMP-00090,treatment,2023-08-04
ASG-000655,EXP-0001,LD-013856,,CO-0056366,paid,2023Q3,CMP-00091,treatment,2023-08-04
ASG-000656,EXP-0001,LD-013857,,CO-0100754,paid,2023Q3,CMP-00091,treatment,2023-08-04
ASG-000657,EXP-0001,LD-013858,,CO-0085957,paid,2023Q3,CMP-00093,control,2023-08-04
ASG-000658,EXP-0001,LD-013859,,CO-0074722,paid,2023Q3,CMP-00093,control,2023-08-04
ASG-000659,EXP-0001,LD-013860,,CO-0120231,paid,2023Q3,CMP-00093,control,2023-08-04
ASG-000660,EXP-0001,LD-013861,,CO-0031363,paid,2023Q3,CMP-00093,control,2023-08-04
ASG-000661,EXP-0001,LD-013862,,CO-0115004,paid,2023Q3,CMP-00093,control,2023-08-04
ASG-000662,EXP-0001,LD-013863,,CO-0109613,paid,2023Q3,CMP-00093,control,2023-08-04
ASG-000663,EXP-0001,LD-013865,ACC-001213,CO-0098356,paid,2023Q3,CMP-00091,treatment,2023-08-05
ASG-000664,EXP-0001,LD-013879,,CO-0073999,paid,2023Q3,CMP-00089,treatment,2023-08-05
ASG-000665,EXP-0001,LD-013880,,CO-0028013,paid,2023Q3,CMP-00089,treatment,2023-08-05
ASG-000666,EXP-0001,LD-013881,,CO-0121678,paid,2023Q3,CMP-00090,treatment,2023-08-05
ASG-000667,EXP-0001,LD-013882,,CO-0010052,paid,2023Q3,CMP-00090,treatment,2023-08-05
ASG-000668,EXP-0001,LD-013883,,CO-0094481,paid,2023Q3,CMP-00090,treatment,2023-08-05
ASG-000669,EXP-0001,LD-013884,,CO-0086031,paid,2023Q3,CMP-00090,treatment,2023-08-05
ASG-000670,EXP-0001,LD-013885,,CO-0085044,paid,2023Q3,CMP-00090,treatment,2023-08-05
ASG-000671,EXP-0001,LD-013886,,CO-0027573,paid,2023Q3,CMP-00091,treatment,2023-08-05
ASG-000672,EXP-0001,LD-013887,,CO-0103902,paid,2023Q3,CMP-00091,treatment,2023-08-05
ASG-000673,EXP-0001,LD-013888,,CO-0104267,paid,2023Q3,CMP-00092,treatment,2023-08-05
ASG-000674,EXP-0001,LD-013889,,CO-0047460,paid,2023Q3,CMP-00092,treatment,2023-08-05
ASG-000675,EXP-0001,LD-013890,,CO-0039396,paid,2023Q3,CMP-00093,control,2023-08-05
ASG-000676,EXP-0001,LD-013891,,CO-0071479,paid,2023Q3,CMP-00093,control,2023-08-05
ASG-000677,EXP-0001,LD-013892,,CO-0064249,paid,2023Q3,CMP-00093,control,2023-08-05
ASG-000678,EXP-0001,LD-013895,ACC-005399,CO-0074120,paid,2023Q3,CMP-00091,treatment,2023-08-06
ASG-000679,EXP-0001,LD-013915,,CO-0011953,paid,2023Q3,CMP-00089,treatment,2023-08-06
ASG-000680,EXP-0001,LD-013916,,CO-0062585,paid,2023Q3,CMP-00089,treatment,2023-08-06
ASG-000681,EXP-0001,LD-013917,,CO-0036657,paid,2023Q3,CMP-00089,treatment,2023-08-06
ASG-000682,EXP-0001,LD-013918,,CO-0100294,paid,2023Q3,CMP-00089,treatment,2023-08-06
ASG-000683,EXP-0001,LD-013919,,CO-0067521,paid,2023Q3,CMP-00089,treatment,2023-08-06
ASG-000684,EXP-0001,LD-013920,,CO-0109438,paid,2023Q3,CMP-00090,treatment,2023-08-06
ASG-000685,EXP-0001,LD-013921,,CO-0026918,paid,2023Q3,CMP-00091,treatment,2023-08-06
ASG-000686,EXP-0001,LD-013922,,CO-0056659,paid,2023Q3,CMP-00091,treatment,2023-08-06
ASG-000687,EXP-0001,LD-013923,,CO-0050506,paid,2023Q3,CMP-00091,treatment,2023-08-06
ASG-000688,EXP-0001,LD-013924,,CO-0095797,paid,2023Q3,CMP-00091,treatment,2023-08-06
ASG-000689,EXP-0001,LD-013925,,CO-0067617,paid,2023Q3,CMP-00091,treatment,2023-08-06
ASG-000690,EXP-0001,LD-013926,,CO-0053202,paid,2023Q3,CMP-00093,control,2023-08-06
ASG-000691,EXP-0001,LD-013927,,CO-0096044,paid,2023Q3,CMP-00093,control,2023-08-06
ASG-000692,EXP-0001,LD-013928,,CO-0118125,paid,2023Q3,CMP-00093,control,2023-08-06
ASG-000693,EXP-0001,LD-013929,,CO-0050823,paid,2023Q3,CMP-00093,control,2023-08-06
ASG-000694,EXP-0001,LD-013930,,CO-0036047,paid,2023Q3,CMP-00093,control,2023-08-06
ASG-000695,EXP-0001,LD-013931,,CO-0045248,paid,2023Q3,CMP-00093,control,2023-08-06
ASG-000696,EXP-0001,LD-013933,ACC-001920,CO-0118226,paid,2023Q3,CMP-00092,treatment,2023-08-07
ASG-000697,EXP-0001,LD-013945,,CO-0075641,paid,2023Q3,CMP-00089,treatment,2023-08-07
ASG-000698,EXP-0001,LD-013946,,CO-0095629,paid,2023Q3,CMP-00089,treatment,2023-08-07
ASG-000699,EXP-0001,LD-013947,,CO-0041938,paid,2023Q3,CMP-00089,treatment,2023-08-07
ASG-000700,EXP-0001,LD-013948,,CO-0031878,paid,2023Q3,CMP-00090,treatment,2023-08-07
ASG-000701,EXP-0001,LD-013949,,CO-0075487,paid,2023Q3,CMP-00090,treatment,2023-08-07
ASG-000702,EXP-0001,LD-013950,,CO-0081863,paid,2023Q3,CMP-00090,treatment,2023-08-07
ASG-000703,EXP-0001,LD-013951,,CO-0047959,paid,2023Q3,CMP-00091,treatment,2023-08-07
ASG-000704,EXP-0001,LD-013952,,CO-0068637,paid,2023Q3,CMP-00091,treatment,2023-08-07
ASG-000705,EXP-0001,LD-013953,,CO-0117614,paid,2023Q3,CMP-00091,treatment,2023-08-07
ASG-000706,EXP-0001,LD-013954,,CO-0079069,paid,2023Q3,CMP-00091,treatment,2023-08-07
ASG-000707,EXP-0001,LD-013955,,CO-0070537,paid,2023Q3,CMP-00091,treatment,2023-08-07
ASG-000708,EXP-0001,LD-013956,,CO-0071987,paid,2023Q3,CMP-00091,treatment,2023-08-07
ASG-000709,EXP-0001,LD-013957,,CO-0053388,paid,2023Q3,CMP-00091,treatment,2023-08-07
ASG-000710,EXP-0001,LD-013958,,CO-0086713,paid,2023Q3,CMP-00091,treatment,2023-08-07
ASG-000711,EXP-0001,LD-013959,,CO-0045677,paid,2023Q3,CMP-00091,treatment,2023-08-07
ASG-000712,EXP-0001,LD-013960,,CO-0014573,paid,2023Q3,CMP-00092,treatment,2023-08-07
ASG-000713,EXP-0001,LD-013961,,CO-0027285,paid,2023Q3,CMP-00092,treatment,2023-08-07
ASG-000714,EXP-0001,LD-013962,,CO-0011539,paid,2023Q3,CMP-00093,control,2023-08-07
ASG-000715,EXP-0001,LD-013982,,CO-0117869,paid,2023Q3,CMP-00089,treatment,2023-08-08
ASG-000716,EXP-0001,LD-013983,,CO-0102910,paid,2023Q3,CMP-00089,treatment,2023-08-08
ASG-000717,EXP-0001,LD-013984,,CO-0017801,paid,2023Q3,CMP-00090,treatment,2023-08-08
ASG-000718,EXP-0001,LD-013985,,CO-0096095,paid,2023Q3,CMP-00090,treatment,2023-08-08
ASG-000719,EXP-0001,LD-013986,,CO-0052205,paid,2023Q3,CMP-00090,treatment,2023-08-08
ASG-000720,EXP-0001,LD-013987,,CO-0098162,paid,2023Q3,CMP-00090,treatment,2023-08-08
ASG-000721,EXP-0001,LD-013988,,CO-0107239,paid,2023Q3,CMP-00091,treatment,2023-08-08
ASG-000722,EXP-0001,LD-013989,,CO-0086298,paid,2023Q3,CMP-00091,treatment,2023-08-08
ASG-000723,EXP-0001,LD-013990,,CO-0110318,paid,2023Q3,CMP-00091,treatment,2023-08-08
ASG-000724,EXP-0001,LD-013991,,CO-0060698,paid,2023Q3,CMP-00091,treatment,2023-08-08
ASG-000725,EXP-0001,LD-013992,,CO-0108239,paid,2023Q3,CMP-00091,treatment,2023-08-08
ASG-000726,EXP-0001,LD-013993,,CO-0108525,paid,2023Q3,CMP-00092,treatment,2023-08-08
ASG-000727,EXP-0001,LD-013994,,CO-0070747,paid,2023Q3,CMP-00093,control,2023-08-08
ASG-000728,EXP-0001,LD-013995,,CO-0068194,paid,2023Q3,CMP-00093,control,2023-08-08
ASG-000729,EXP-0001,LD-013996,,CO-0042114,paid,2023Q3,CMP-00093,control,2023-08-08
ASG-000730,EXP-0001,LD-013997,,CO-0049779,paid,2023Q3,CMP-00093,control,2023-08-08
ASG-000731,EXP-0001,LD-013999,ACC-004774,CO-0092351,paid,2023Q3,CMP-00091,treatment,2023-08-09
ASG-000732,EXP-0001,LD-014000,ACC-005436,CO-0028689,paid,2023Q3,CMP-00093,control,2023-08-09
ASG-000733,EXP-0001,LD-014019,,CO-0010306,paid,2023Q3,CMP-00089,treatment,2023-08-09
ASG-000734,EXP-0001,LD-014020,,CO-0102623,paid,2023Q3,CMP-00089,treatment,2023-08-09
ASG-000735,EXP-0001,LD-014021,,CO-0006536,paid,2023Q3,CMP-00089,treatment,2023-08-09
ASG-000736,EXP-0001,LD-014022,,CO-0043081,paid,2023Q3,CMP-00089,treatment,2023-08-09
ASG-000737,EXP-0001,LD-014023,,CO-0109504,paid,2023Q3,CMP-00089,treatment,2023-08-09
ASG-000738,EXP-0001,LD-014024,,CO-0095852,paid,2023Q3,CMP-00090,treatment,2023-08-09
ASG-000739,EXP-0001,LD-014025,,CO-0114546,paid,2023Q3,CMP-00090,treatment,2023-08-09
ASG-000740,EXP-0001,LD-014026,,CO-0088790,paid,2023Q3,CMP-00091,treatment,2023-08-09
ASG-000741,EXP-0001,LD-014027,,CO-0100352,paid,2023Q3,CMP-00091,treatment,2023-08-09
ASG-000742,EXP-0001,LD-014028,,CO-0009873,paid,2023Q3,CMP-00091,treatment,2023-08-09
ASG-000743,EXP-0001,LD-014029,,CO-0052574,paid,2023Q3,CMP-00091,treatment,2023-08-09
ASG-000744,EXP-0001,LD-014030,,CO-0063705,paid,2023Q3,CMP-00091,treatment,2023-08-09
ASG-000745,EXP-0001,LD-014031,,CO-0117435,paid,2023Q3,CMP-00093,control,2023-08-09
ASG-000746,EXP-0001,LD-014032,,CO-0098455,paid,2023Q3,CMP-00093,control,2023-08-09
ASG-000747,EXP-0001,LD-014033,,CO-0099029,paid,2023Q3,CMP-00093,control,2023-08-09
ASG-000748,EXP-0001,LD-014034,,CO-0108472,paid,2023Q3,CMP-00093,control,2023-08-09
ASG-000749,EXP-0001,LD-014038,ACC-003865,CO-0076964,paid,2023Q3,CMP-00092,treatment,2023-08-10
ASG-000750,EXP-0001,LD-014040,ACC-007529,CO-0113490,paid,2023Q3,CMP-00090,treatment,2023-08-10
ASG-000751,EXP-0001,LD-014057,,CO-0077025,paid,2023Q3,CMP-00089,treatment,2023-08-10
ASG-000752,EXP-0001,LD-014058,,CO-0118303,paid,2023Q3,CMP-00089,treatment,2023-08-10
ASG-000753,EXP-0001,LD-014059,,CO-0076010,paid,2023Q3,CMP-00089,treatment,2023-08-10
ASG-000754,EXP-0001,LD-014060,,CO-0094844,paid,2023Q3,CMP-00089,treatment,2023-08-10
ASG-000755,EXP-0001,LD-014061,,CO-0028810,paid,2023Q3,CMP-00090,treatment,2023-08-10
ASG-000756,EXP-0001,LD-014062,,CO-0077626,paid,2023Q3,CMP-00090,treatment,2023-08-10
ASG-000757,EXP-0001,LD-014063,,CO-0042389,paid,2023Q3,CMP-00090,treatment,2023-08-10
ASG-000758,EXP-0001,LD-014064,,CO-0098938,paid,2023Q3,CMP-00091,treatment,2023-08-10
ASG-000759,EXP-0001,LD-014065,,CO-0101988,paid,2023Q3,CMP-00091,treatment,2023-08-10
ASG-000760,EXP-0001,LD-014066,,CO-0089088,paid,2023Q3,CMP-00092,treatment,2023-08-10
ASG-000761,EXP-0001,LD-014067,,CO-0058270,paid,2023Q3,CMP-00093,control,2023-08-10
ASG-000762,EXP-0001,LD-014068,,CO-0009641,paid,2023Q3,CMP-00093,control,2023-08-10
ASG-000763,EXP-0001,LD-014069,,CO-0001000,paid,2023Q3,CMP-00093,control,2023-08-10
ASG-000764,EXP-0001,LD-014082,,CO-0107237,paid,2023Q3,CMP-00089,treatment,2023-08-11
ASG-000765,EXP-0001,LD-014083,,CO-0107436,paid,2023Q3,CMP-00089,treatment,2023-08-11
ASG-000766,EXP-0001,LD-014084,,CO-0009111,paid,2023Q3,CMP-00089,treatment,2023-08-11
ASG-000767,EXP-0001,LD-014085,,CO-0063402,paid,2023Q3,CMP-00090,treatment,2023-08-11
ASG-000768,EXP-0001,LD-014086,,CO-0112052,paid,2023Q3,CMP-00091,treatment,2023-08-11
ASG-000769,EXP-0001,LD-014087,,CO-0012680,paid,2023Q3,CMP-00091,treatment,2023-08-11
ASG-000770,EXP-0001,LD-014088,,CO-0059532,paid,2023Q3,CMP-00091,treatment,2023-08-11
ASG-000771,EXP-0001,LD-014089,,CO-0017129,paid,2023Q3,CMP-00091,treatment,2023-08-11
ASG-000772,EXP-0001,LD-014090,,CO-0066863,paid,2023Q3,CMP-00091,treatment,2023-08-11
ASG-000773,EXP-0001,LD-014091,,CO-0113607,paid,2023Q3,CMP-00092,treatment,2023-08-11
ASG-000774,EXP-0001,LD-014092,,CO-0034155,paid,2023Q3,CMP-00093,control,2023-08-11
ASG-000775,EXP-0001,LD-014093,,CO-0060540,paid,2023Q3,CMP-00093,control,2023-08-11
ASG-000776,EXP-0001,LD-014094,,CO-0054378,paid,2023Q3,CMP-00093,control,2023-08-11
ASG-000777,EXP-0001,LD-014095,,CO-0061004,paid,2023Q3,CMP-00093,control,2023-08-11
ASG-000778,EXP-0001,LD-014097,ACC-002368,CO-0014271,paid,2023Q3,CMP-00092,treatment,2023-08-12
ASG-000779,EXP-0001,LD-014109,,CO-0052507,paid,2023Q3,CMP-00089,treatment,2023-08-12
ASG-000780,EXP-0001,LD-014110,,CO-0025678,paid,2023Q3,CMP-00089,treatment,2023-08-12
ASG-000781,EXP-0001,LD-014111,,CO-0062352,paid,2023Q3,CMP-00089,treatment,2023-08-12
ASG-000782,EXP-0001,LD-014112,,CO-0056539,paid,2023Q3,CMP-00089,treatment,2023-08-12
ASG-000783,EXP-0001,LD-014113,,CO-0002857,paid,2023Q3,CMP-00089,treatment,2023-08-12
ASG-000784,EXP-0001,LD-014114,,CO-0030209,paid,2023Q3,CMP-00090,treatment,2023-08-12
ASG-000785,EXP-0001,LD-014115,,CO-0098174,paid,2023Q3,CMP-00090,treatment,2023-08-12
ASG-000786,EXP-0001,LD-014116,,CO-0109364,paid,2023Q3,CMP-00090,treatment,2023-08-12
ASG-000787,EXP-0001,LD-014117,,CO-0042985,paid,2023Q3,CMP-00090,treatment,2023-08-12
ASG-000788,EXP-0001,LD-014118,,CO-0038593,paid,2023Q3,CMP-00090,treatment,2023-08-12
ASG-000789,EXP-0001,LD-014119,,CO-0115757,paid,2023Q3,CMP-00090,treatment,2023-08-12
ASG-000790,EXP-0001,LD-014120,,CO-0004744,paid,2023Q3,CMP-00091,treatment,2023-08-12
ASG-000791,EXP-0001,LD-014121,,CO-0015104,paid,2023Q3,CMP-00091,treatment,2023-08-12
ASG-000792,EXP-0001,LD-014122,,CO-0075163,paid,2023Q3,CMP-00092,treatment,2023-08-12
ASG-000793,EXP-0001,LD-014123,,CO-0065071,paid,2023Q3,CMP-00093,control,2023-08-12
ASG-000794,EXP-0001,LD-014124,,CO-0014054,paid,2023Q3,CMP-00093,control,2023-08-12
ASG-000795,EXP-0001,LD-014125,,CO-0081919,paid,2023Q3,CMP-00093,control,2023-08-12
ASG-000796,EXP-0001,LD-014129,ACC-002169,CO-0030741,paid,2023Q3,CMP-00090,treatment,2023-08-13
ASG-000797,EXP-0001,LD-014130,ACC-004353,CO-0033942,paid,2023Q3,CMP-00091,treatment,2023-08-13
ASG-000798,EXP-0001,LD-014140,,CO-0035263,paid,2023Q3,CMP-00089,treatment,2023-08-13
ASG-000799,EXP-0001,LD-014141,,CO-0026890,paid,2023Q3,CMP-00090,treatment,2023-08-13
ASG-000800,EXP-0001,LD-014142,,CO-0012896,paid,2023Q3,CMP-00090,treatment,2023-08-13
ASG-000801,EXP-0001,LD-014143,,CO-0095405,paid,2023Q3,CMP-00090,treatment,2023-08-13
ASG-000802,EXP-0001,LD-014144,,CO-0026959,paid,2023Q3,CMP-00090,treatment,2023-08-13
ASG-000803,EXP-0001,LD-014145,,CO-0011957,paid,2023Q3,CMP-00090,treatment,2023-08-13
ASG-000804,EXP-0001,LD-014146,,CO-0026268,paid,2023Q3,CMP-00090,treatment,2023-08-13
ASG-000805,EXP-0001,LD-014147,,CO-0010432,paid,2023Q3,CMP-00091,treatment,2023-08-13
ASG-000806,EXP-0001,LD-014148,,CO-0015343,paid,2023Q3,CMP-00091,treatment,2023-08-13
ASG-000807,EXP-0001,LD-014149,,CO-0038184,paid,2023Q3,CMP-00092,treatment,2023-08-13
ASG-000808,EXP-0001,LD-014150,,CO-0018841,paid,2023Q3,CMP-00092,treatment,2023-08-13
ASG-000809,EXP-0001,LD-014151,,CO-0113479,paid,2023Q3,CMP-00093,control,2023-08-13
ASG-000810,EXP-0001,LD-014152,,CO-0108223,paid,2023Q3,CMP-00093,control,2023-08-13
ASG-000811,EXP-0001,LD-014170,,CO-0122757,paid,2023Q3,CMP-00089,treatment,2023-08-14
ASG-000812,EXP-0001,LD-014171,,CO-0109103,paid,2023Q3,CMP-00089,treatment,2023-08-14
ASG-000813,EXP-0001,LD-014172,,CO-0021183,paid,2023Q3,CMP-00089,treatment,2023-08-14
ASG-000814,EXP-0001,LD-014173,,CO-0057606,paid,2023Q3,CMP-00089,treatment,2023-08-14
ASG-000815,EXP-0001,LD-014174,,CO-0003807,paid,2023Q3,CMP-00090,treatment,2023-08-14
ASG-000816,EXP-0001,LD-014175,,CO-0073887,paid,2023Q3,CMP-00090,treatment,2023-08-14
ASG-000817,EXP-0001,LD-014176,,CO-0098176,paid,2023Q3,CMP-00091,treatment,2023-08-14
ASG-000818,EXP-0001,LD-014177,,CO-0113755,paid,2023Q3,CMP-00091,treatment,2023-08-14
ASG-000819,EXP-0001,LD-014178,,CO-0009956,paid,2023Q3,CMP-00091,treatment,2023-08-14
ASG-000820,EXP-0001,LD-014179,,CO-0061445,paid,2023Q3,CMP-00091,treatment,2023-08-14
ASG-000821,EXP-0001,LD-014180,,CO-0032833,paid,2023Q3,CMP-00091,treatment,2023-08-14
ASG-000822,EXP-0001,LD-014181,,CO-0090065,paid,2023Q3,CMP-00091,treatment,2023-08-14
ASG-000823,EXP-0001,LD-014182,,CO-0004609,paid,2023Q3,CMP-00092,treatment,2023-08-14
ASG-000824,EXP-0001,LD-014183,,CO-0008743,paid,2023Q3,CMP-00093,control,2023-08-14
ASG-000825,EXP-0001,LD-014184,,CO-0032598,paid,2023Q3,CMP-00093,control,2023-08-14
ASG-000826,EXP-0001,LD-014197,,CO-0041563,paid,2023Q3,CMP-00089,treatment,2023-08-15
ASG-000827,EXP-0001,LD-014198,,CO-0116870,paid,2023Q3,CMP-00089,treatment,2023-08-15
ASG-000828,EXP-0001,LD-014199,,CO-0089085,paid,2023Q3,CMP-00089,treatment,2023-08-15
ASG-000829,EXP-0001,LD-014200,,CO-0099033,paid,2023Q3,CMP-00089,treatment,2023-08-15
ASG-000830,EXP-0001,LD-014201,,CO-0014833,paid,2023Q3,CMP-00090,treatment,2023-08-15
ASG-000831,EXP-0001,LD-014202,,CO-0055165,paid,2023Q3,CMP-00090,treatment,2023-08-15
ASG-000832,EXP-0001,LD-014203,,CO-0097056,paid,2023Q3,CMP-00090,treatment,2023-08-15
ASG-000833,EXP-0001,LD-014204,,CO-0102112,paid,2023Q3,CMP-00090,treatment,2023-08-15
ASG-000834,EXP-0001,LD-014205,,CO-0097098,paid,2023Q3,CMP-00090,treatment,2023-08-15
ASG-000835,EXP-0001,LD-014206,,CO-0086680,paid,2023Q3,CMP-00090,treatment,2023-08-15
ASG-000836,EXP-0001,LD-014207,,CO-0100980,paid,2023Q3,CMP-00090,treatment,2023-08-15
ASG-000837,EXP-0001,LD-014208,,CO-0002477,paid,2023Q3,CMP-00091,treatment,2023-08-15
ASG-000838,EXP-0001,LD-014209,,CO-0115495,paid,2023Q3,CMP-00091,treatment,2023-08-15
ASG-000839,EXP-0001,LD-014210,,CO-0110049,paid,2023Q3,CMP-00091,treatment,2023-08-15
ASG-000840,EXP-0001,LD-014211,,CO-0072425,paid,2023Q3,CMP-00091,treatment,2023-08-15
ASG-000841,EXP-0001,LD-014212,,CO-0095568,paid,2023Q3,CMP-00091,treatment,2023-08-15
ASG-000842,EXP-0001,LD-014213,,CO-0073060,paid,2023Q3,CMP-00091,treatment,2023-08-15
ASG-000843,EXP-0001,LD-014214,,CO-0058361,paid,2023Q3,CMP-00092,treatment,2023-08-15
ASG-000844,EXP-0001,LD-014215,,CO-0114225,paid,2023Q3,CMP-00093,control,2023-08-15
ASG-000845,EXP-0001,LD-014216,,CO-0043894,paid,2023Q3,CMP-00093,control,2023-08-15
ASG-000846,EXP-0001,LD-014217,,CO-0066753,paid,2023Q3,CMP-00093,control,2023-08-15
ASG-000847,EXP-0001,LD-014218,,CO-0054051,paid,2023Q3,CMP-00093,control,2023-08-15
ASG-000848,EXP-0001,LD-014219,,CO-0030187,paid,2023Q3,CMP-00093,control,2023-08-15
ASG-000849,EXP-0001,LD-014228,,CO-0097512,paid,2023Q3,CMP-00089,treatment,2023-08-16
ASG-000850,EXP-0001,LD-014229,,CO-0011192,paid,2023Q3,CMP-00089,treatment,2023-08-16
ASG-000851,EXP-0001,LD-014230,,CO-0006199,paid,2023Q3,CMP-00090,treatment,2023-08-16
ASG-000852,EXP-0001,LD-014231,,CO-0101389,paid,2023Q3,CMP-00090,treatment,2023-08-16
ASG-000853,EXP-0001,LD-014232,,CO-0074094,paid,2023Q3,CMP-00090,treatment,2023-08-16
ASG-000854,EXP-0001,LD-014233,,CO-0103107,paid,2023Q3,CMP-00090,treatment,2023-08-16
ASG-000855,EXP-0001,LD-014234,,CO-0085268,paid,2023Q3,CMP-00090,treatment,2023-08-16
ASG-000856,EXP-0001,LD-014235,,CO-0088177,paid,2023Q3,CMP-00090,treatment,2023-08-16
ASG-000857,EXP-0001,LD-014236,,CO-0114190,paid,2023Q3,CMP-00092,treatment,2023-08-16
ASG-000858,EXP-0001,LD-014237,,CO-0012176,paid,2023Q3,CMP-00093,control,2023-08-16
ASG-000859,EXP-0001,LD-014238,,CO-0067147,paid,2023Q3,CMP-00093,control,2023-08-16
ASG-000860,EXP-0001,LD-014239,,CO-0010616,paid,2023Q3,CMP-00093,control,2023-08-16
ASG-000861,EXP-0001,LD-014240,,CO-0066097,paid,2023Q3,CMP-00093,control,2023-08-16
ASG-000862,EXP-0001,LD-014256,,CO-0023981,paid,2023Q3,CMP-00089,treatment,2023-08-17
ASG-000863,EXP-0001,LD-014257,,CO-0083474,paid,2023Q3,CMP-00090,treatment,2023-08-17
ASG-000864,EXP-0001,LD-014258,,CO-0110145,paid,2023Q3,CMP-00091,treatment,2023-08-17
ASG-000865,EXP-0001,LD-014259,,CO-0057571,paid,2023Q3,CMP-00091,treatment,2023-08-17
ASG-000866,EXP-0001,LD-014260,,CO-0003302,paid,2023Q3,CMP-00091,treatment,2023-08-17
ASG-000867,EXP-0001,LD-014261,,CO-0030234,paid,2023Q3,CMP-00091,treatment,2023-08-17
ASG-000868,EXP-0001,LD-014262,,CO-0011791,paid,2023Q3,CMP-00091,treatment,2023-08-17
ASG-000869,EXP-0001,LD-014263,,CO-0122419,paid,2023Q3,CMP-00091,treatment,2023-08-17
ASG-000870,EXP-0001,LD-014264,,CO-0107701,paid,2023Q3,CMP-00093,control,2023-08-17
ASG-000871,EXP-0001,LD-014265,,CO-0002228,paid,2023Q3,CMP-00093,control,2023-08-17
ASG-000872,EXP-0001,LD-014266,,CO-0114166,paid,2023Q3,CMP-00093,control,2023-08-17
ASG-000873,EXP-0001,LD-014270,ACC-005489,CO-0094321,paid,2023Q3,CMP-00090,treatment,2023-08-18
ASG-000874,EXP-0001,LD-014277,,CO-0019585,paid,2023Q3,CMP-00089,treatment,2023-08-18
ASG-000875,EXP-0001,LD-014278,,CO-0093821,paid,2023Q3,CMP-00089,treatment,2023-08-18
ASG-000876,EXP-0001,LD-014279,,CO-0106732,paid,2023Q3,CMP-00090,treatment,2023-08-18
ASG-000877,EXP-0001,LD-014280,,CO-0055742,paid,2023Q3,CMP-00090,treatment,2023-08-18
ASG-000878,EXP-0001,LD-014281,,CO-0068006,paid,2023Q3,CMP-00090,treatment,2023-08-18
ASG-000879,EXP-0001,LD-014282,,CO-0056708,paid,2023Q3,CMP-00090,treatment,2023-08-18
ASG-000880,EXP-0001,LD-014283,,CO-0074536,paid,2023Q3,CMP-00090,treatment,2023-08-18
ASG-000881,EXP-0001,LD-014284,,CO-0030390,paid,2023Q3,CMP-00090,treatment,2023-08-18
ASG-000882,EXP-0001,LD-014285,,CO-0074739,paid,2023Q3,CMP-00090,treatment,2023-08-18
ASG-000883,EXP-0001,LD-014286,,CO-0079234,paid,2023Q3,CMP-00091,treatment,2023-08-18
ASG-000884,EXP-0001,LD-014287,,CO-0019528,paid,2023Q3,CMP-00091,treatment,2023-08-18
ASG-000885,EXP-0001,LD-014288,,CO-0028490,paid,2023Q3,CMP-00091,treatment,2023-08-18
ASG-000886,EXP-0001,LD-014289,,CO-0123024,paid,2023Q3,CMP-00091,treatment,2023-08-18
ASG-000887,EXP-0001,LD-014290,,CO-0095206,paid,2023Q3,CMP-00093,control,2023-08-18
ASG-000888,EXP-0001,LD-014291,,CO-0085080,paid,2023Q3,CMP-00093,control,2023-08-18
ASG-000889,EXP-0001,LD-014292,,CO-0116947,paid,2023Q3,CMP-00093,control,2023-08-18
ASG-000890,EXP-0001,LD-014299,,CO-0051760,paid,2023Q3,CMP-00089,treatment,2023-08-19
ASG-000891,EXP-0001,LD-014300,,CO-0067411,paid,2023Q3,CMP-00089,treatment,2023-08-19
ASG-000892,EXP-0001,LD-014301,,CO-0064966,paid,2023Q3,CMP-00089,treatment,2023-08-19
ASG-000893,EXP-0001,LD-014302,,CO-0022941,paid,2023Q3,CMP-00090,treatment,2023-08-19
ASG-000894,EXP-0001,LD-014303,,CO-0030473,paid,2023Q3,CMP-00090,treatment,2023-08-19
ASG-000895,EXP-0001,LD-014304,,CO-0023628,paid,2023Q3,CMP-00091,treatment,2023-08-19
ASG-000896,EXP-0001,LD-014305,,CO-0052408,paid,2023Q3,CMP-00091,treatment,2023-08-19
ASG-000897,EXP-0001,LD-014306,,CO-0087739,paid,2023Q3,CMP-00091,treatment,2023-08-19
ASG-000898,EXP-0001,LD-014307,,CO-0021855,paid,2023Q3,CMP-00091,treatment,2023-08-19
ASG-000899,EXP-0001,LD-014308,,CO-0117503,paid,2023Q3,CMP-00093,control,2023-08-19
ASG-000900,EXP-0001,LD-014324,,CO-0085304,paid,2023Q3,CMP-00089,treatment,2023-08-20
ASG-000901,EXP-0001,LD-014325,,CO-0068867,paid,2023Q3,CMP-00089,treatment,2023-08-20
ASG-000902,EXP-0001,LD-014326,,CO-0092012,paid,2023Q3,CMP-00089,treatment,2023-08-20
ASG-000903,EXP-0001,LD-014327,,CO-0033069,paid,2023Q3,CMP-00089,treatment,2023-08-20
ASG-000904,EXP-0001,LD-014328,,CO-0114655,paid,2023Q3,CMP-00089,treatment,2023-08-20
ASG-000905,EXP-0001,LD-014329,,CO-0080954,paid,2023Q3,CMP-00089,treatment,2023-08-20
ASG-000906,EXP-0001,LD-014330,,CO-0093891,paid,2023Q3,CMP-00090,treatment,2023-08-20
ASG-000907,EXP-0001,LD-014331,,CO-0107607,paid,2023Q3,CMP-00090,treatment,2023-08-20
ASG-000908,EXP-0001,LD-014332,,CO-0108694,paid,2023Q3,CMP-00090,treatment,2023-08-20
ASG-000909,EXP-0001,LD-014333,,CO-0057843,paid,2023Q3,CMP-00090,treatment,2023-08-20
ASG-000910,EXP-0001,LD-014334,,CO-0039484,paid,2023Q3,CMP-00090,treatment,2023-08-20
ASG-000911,EXP-0001,LD-014335,,CO-0082857,paid,2023Q3,CMP-00091,treatment,2023-08-20
ASG-000912,EXP-0001,LD-014336,,CO-0045125,paid,2023Q3,CMP-00091,treatment,2023-08-20
ASG-000913,EXP-0001,LD-014337,,CO-0004946,paid,2023Q3,CMP-00091,treatment,2023-08-20
ASG-000914,EXP-0001,LD-014338,,CO-0116055,paid,2023Q3,CMP-00091,treatment,2023-08-20
ASG-000915,EXP-0001,LD-014339,,CO-0095024,paid,2023Q3,CMP-00091,treatment,2023-08-20
ASG-000916,EXP-0001,LD-014340,,CO-0085761,paid,2023Q3,CMP-00091,treatment,2023-08-20
ASG-000917,EXP-0001,LD-014341,,CO-0041099,paid,2023Q3,CMP-00091,treatment,2023-08-20
ASG-000918,EXP-0001,LD-014342,,CO-0104611,paid,2023Q3,CMP-00091,treatment,2023-08-20
ASG-000919,EXP-0001,LD-014343,,CO-0023539,paid,2023Q3,CMP-00091,treatment,2023-08-20
ASG-000920,EXP-0001,LD-014344,,CO-0077968,paid,2023Q3,CMP-00092,treatment,2023-08-20
ASG-000921,EXP-0001,LD-014345,,CO-0050124,paid,2023Q3,CMP-00092,treatment,2023-08-20
ASG-000922,EXP-0001,LD-014346,,CO-0063813,paid,2023Q3,CMP-00093,control,2023-08-20
ASG-000923,EXP-0001,LD-014347,,CO-0025283,paid,2023Q3,CMP-00093,control,2023-08-20
ASG-000924,EXP-0001,LD-014361,,CO-0018106,paid,2023Q3,CMP-00089,treatment,2023-08-21
ASG-000925,EXP-0001,LD-014362,,CO-0032060,paid,2023Q3,CMP-00089,treatment,2023-08-21
ASG-000926,EXP-0001,LD-014363,,CO-0092476,paid,2023Q3,CMP-00089,treatment,2023-08-21
ASG-000927,EXP-0001,LD-014364,,CO-0122050,paid,2023Q3,CMP-00089,treatment,2023-08-21
ASG-000928,EXP-0001,LD-014365,,CO-0101622,paid,2023Q3,CMP-00089,treatment,2023-08-21
ASG-000929,EXP-0001,LD-014366,,CO-0006187,paid,2023Q3,CMP-00089,treatment,2023-08-21
ASG-000930,EXP-0001,LD-014367,,CO-0013360,paid,2023Q3,CMP-00089,treatment,2023-08-21
ASG-000931,EXP-0001,LD-014368,,CO-0011177,paid,2023Q3,CMP-00090,treatment,2023-08-21
ASG-000932,EXP-0001,LD-014369,,CO-0047166,paid,2023Q3,CMP-00090,treatment,2023-08-21
ASG-000933,EXP-0001,LD-014370,,CO-0094996,paid,2023Q3,CMP-00090,treatment,2023-08-21
ASG-000934,EXP-0001,LD-014371,,CO-0034505,paid,2023Q3,CMP-00090,treatment,2023-08-21
ASG-000935,EXP-0001,LD-014372,,CO-0082266,paid,2023Q3,CMP-00090,treatment,2023-08-21
ASG-000936,EXP-0001,LD-014373,,CO-0114284,paid,2023Q3,CMP-00091,treatment,2023-08-21
ASG-000937,EXP-0001,LD-014374,,CO-0042357,paid,2023Q3,CMP-00091,treatment,2023-08-21
ASG-000938,EXP-0001,LD-014375,,CO-0050263,paid,2023Q3,CMP-00091,treatment,2023-08-21
ASG-000939,EXP-0001,LD-014376,,CO-0042905,paid,2023Q3,CMP-00091,treatment,2023-08-21
ASG-000940,EXP-0001,LD-014377,,CO-0012948,paid,2023Q3,CMP-00091,treatment,2023-08-21
ASG-000941,EXP-0001,LD-014378,,CO-0040930,paid,2023Q3,CMP-00092,treatment,2023-08-21
ASG-000942,EXP-0001,LD-014379,,CO-0065225,paid,2023Q3,CMP-00092,treatment,2023-08-21
ASG-000943,EXP-0001,LD-014380,,CO-0038384,paid,2023Q3,CMP-00093,control,2023-08-21
ASG-000944,EXP-0001,LD-014381,,CO-0052528,paid,2023Q3,CMP-00093,control,2023-08-21
ASG-000945,EXP-0001,LD-014382,,CO-0029596,paid,2023Q3,CMP-00093,control,2023-08-21
ASG-000946,EXP-0001,LD-014396,,CO-0010575,paid,2023Q3,CMP-00089,treatment,2023-08-22
ASG-000947,EXP-0001,LD-014397,,CO-0096749,paid,2023Q3,CMP-00089,treatment,2023-08-22
ASG-000948,EXP-0001,LD-014398,,CO-0053150,paid,2023Q3,CMP-00089,treatment,2023-08-22
ASG-000949,EXP-0001,LD-014399,,CO-0038086,paid,2023Q3,CMP-00090,treatment,2023-08-22
ASG-000950,EXP-0001,LD-014400,,CO-0093809,paid,2023Q3,CMP-00090,treatment,2023-08-22
ASG-000951,EXP-0001,LD-014401,,CO-0030753,paid,2023Q3,CMP-00090,treatment,2023-08-22
ASG-000952,EXP-0001,LD-014402,,CO-0054644,paid,2023Q3,CMP-00090,treatment,2023-08-22
ASG-000953,EXP-0001,LD-014403,,CO-0102605,paid,2023Q3,CMP-00091,treatment,2023-08-22
ASG-000954,EXP-0001,LD-014404,,CO-0098718,paid,2023Q3,CMP-00091,treatment,2023-08-22
ASG-000955,EXP-0001,LD-014405,,CO-0046337,paid,2023Q3,CMP-00092,treatment,2023-08-22
ASG-000956,EXP-0001,LD-014406,,CO-0036836,paid,2023Q3,CMP-00092,treatment,2023-08-22
ASG-000957,EXP-0001,LD-014407,,CO-0097758,paid,2023Q3,CMP-00092,treatment,2023-08-22
ASG-000958,EXP-0001,LD-014408,,CO-0004909,paid,2023Q3,CMP-00093,control,2023-08-22
ASG-000959,EXP-0001,LD-014409,,CO-0052146,paid,2023Q3,CMP-00093,control,2023-08-22
ASG-000960,EXP-0001,LD-014410,,CO-0022115,paid,2023Q3,CMP-00093,control,2023-08-22
ASG-000961,EXP-0001,LD-014411,,CO-0042910,paid,2023Q3,CMP-00093,control,2023-08-22
ASG-000962,EXP-0001,LD-014412,,CO-0061032,paid,2023Q3,CMP-00093,control,2023-08-22
ASG-000963,EXP-0001,LD-014413,,CO-0092703,paid,2023Q3,CMP-00093,control,2023-08-22
ASG-000964,EXP-0001,LD-014415,ACC-001720,CO-0042730,paid,2023Q3,CMP-00091,treatment,2023-08-23
ASG-000965,EXP-0001,LD-014427,,CO-0026572,paid,2023Q3,CMP-00089,treatment,2023-08-23
ASG-000966,EXP-0001,LD-014428,,CO-0063749,paid,2023Q3,CMP-00089,treatment,2023-08-23
ASG-000967,EXP-0001,LD-014429,,CO-0089279,paid,2023Q3,CMP-00089,treatment,2023-08-23
ASG-000968,EXP-0001,LD-014430,,CO-0022555,paid,2023Q3,CMP-00090,treatment,2023-08-23
ASG-000969,EXP-0001,LD-014431,,CO-0033787,paid,2023Q3,CMP-00090,treatment,2023-08-23
ASG-000970,EXP-0001,LD-014432,,CO-0008870,paid,2023Q3,CMP-00090,treatment,2023-08-23
ASG-000971,EXP-0001,LD-014433,,CO-0038799,paid,2023Q3,CMP-00091,treatment,2023-08-23
ASG-000972,EXP-0001,LD-014434,,CO-0076296,paid,2023Q3,CMP-00091,treatment,2023-08-23
ASG-000973,EXP-0001,LD-014435,,CO-0121802,paid,2023Q3,CMP-00092,treatment,2023-08-23
ASG-000974,EXP-0001,LD-014436,,CO-0083384,paid,2023Q3,CMP-00093,control,2023-08-23
ASG-000975,EXP-0001,LD-014437,,CO-0032872,paid,2023Q3,CMP-00093,control,2023-08-23
ASG-000976,EXP-0001,LD-014438,,CO-0073496,paid,2023Q3,CMP-00093,control,2023-08-23
ASG-000977,EXP-0001,LD-014453,,CO-0104901,paid,2023Q3,CMP-00089,treatment,2023-08-24
ASG-000978,EXP-0001,LD-014454,,CO-0052491,paid,2023Q3,CMP-00090,treatment,2023-08-24
ASG-000979,EXP-0001,LD-014455,,CO-0114045,paid,2023Q3,CMP-00090,treatment,2023-08-24
ASG-000980,EXP-0001,LD-014456,,CO-0007000,paid,2023Q3,CMP-00090,treatment,2023-08-24
ASG-000981,EXP-0001,LD-014457,,CO-0067545,paid,2023Q3,CMP-00090,treatment,2023-08-24
ASG-000982,EXP-0001,LD-014458,,CO-0098665,paid,2023Q3,CMP-00091,treatment,2023-08-24
ASG-000983,EXP-0001,LD-014459,,CO-0064084,paid,2023Q3,CMP-00091,treatment,2023-08-24
ASG-000984,EXP-0001,LD-014460,,CO-0072473,paid,2023Q3,CMP-00091,treatment,2023-08-24
ASG-000985,EXP-0001,LD-014461,,CO-0098934,paid,2023Q3,CMP-00091,treatment,2023-08-24
ASG-000986,EXP-0001,LD-014462,,CO-0044796,paid,2023Q3,CMP-00092,treatment,2023-08-24
ASG-000987,EXP-0001,LD-014463,,CO-0002471,paid,2023Q3,CMP-00092,treatment,2023-08-24
ASG-000988,EXP-0001,LD-014464,,CO-0106921,paid,2023Q3,CMP-00092,treatment,2023-08-24
ASG-000989,EXP-0001,LD-014465,,CO-0107661,paid,2023Q3,CMP-00093,control,2023-08-24
ASG-000990,EXP-0001,LD-014466,,CO-0098142,paid,2023Q3,CMP-00093,control,2023-08-24
ASG-000991,EXP-0001,LD-014473,ACC-003635,CO-0113203,paid,2023Q3,CMP-00089,treatment,2023-08-25
ASG-000992,EXP-0001,LD-014483,,CO-0110997,paid,2023Q3,CMP-00089,treatment,2023-08-25
ASG-000993,EXP-0001,LD-014484,,CO-0016815,paid,2023Q3,CMP-00089,treatment,2023-08-25
ASG-000994,EXP-0001,LD-014485,,CO-0090974,paid,2023Q3,CMP-00089,treatment,2023-08-25
ASG-000995,EXP-0001,LD-014486,,CO-0031092,paid,2023Q3,CMP-00089,treatment,2023-08-25
ASG-000996,EXP-0001,LD-014487,,CO-0012407,paid,2023Q3,CMP-00089,treatment,2023-08-25
ASG-000997,EXP-0001,LD-014488,,CO-0111103,paid,2023Q3,CMP-00089,treatment,2023-08-25
ASG-000998,EXP-0001,LD-014489,,CO-0111532,paid,2023Q3,CMP-00090,treatment,2023-08-25
ASG-000999,EXP-0001,LD-014490,,CO-0112408,paid,2023Q3,CMP-00090,treatment,2023-08-25
ASG-001000,EXP-0001,LD-014491,,CO-0006043,paid,2023Q3,CMP-00090,treatment,2023-08-25
ASG-001001,EXP-0001,LD-014492,,CO-0103185,paid,2023Q3,CMP-00090,treatment,2023-08-25
ASG-001002,EXP-0001,LD-014493,,CO-0042706,paid,2023Q3,CMP-00090,treatment,2023-08-25
ASG-001003,EXP-0001,LD-014494,,CO-0033806,paid,2023Q3,CMP-00090,treatment,2023-08-25
ASG-001004,EXP-0001,LD-014495,,CO-0037780,paid,2023Q3,CMP-00090,treatment,2023-08-25
ASG-001005,EXP-0001,LD-014496,,CO-0026518,paid,2023Q3,CMP-00091,treatment,2023-08-25
ASG-001006,EXP-0001,LD-014497,,CO-0075811,paid,2023Q3,CMP-00093,control,2023-08-25
ASG-001007,EXP-0001,LD-014498,,CO-0044684,paid,2023Q3,CMP-00093,control,2023-08-25
ASG-001008,EXP-0001,LD-014499,,CO-0052658,paid,2023Q3,CMP-00093,control,2023-08-25
ASG-001009,EXP-0001,LD-014500,,CO-0089537,paid,2023Q3,CMP-00093,control,2023-08-25
ASG-001010,EXP-0001,LD-014501,,CO-0054899,paid,2023Q3,CMP-00093,control,2023-08-25
ASG-001011,EXP-0001,LD-014502,,CO-0083407,paid,2023Q3,CMP-00093,control,2023-08-25
ASG-001012,EXP-0001,LD-014506,ACC-004704,CO-0095698,paid,2023Q3,CMP-00091,treatment,2023-08-26
ASG-001013,EXP-0001,LD-014507,ACC-007107,CO-0031450,paid,2023Q3,CMP-00091,treatment,2023-08-26
ASG-001014,EXP-0001,LD-014520,,CO-0082957,paid,2023Q3,CMP-00089,treatment,2023-08-26
ASG-001015,EXP-0001,LD-014521,,CO-0071113,paid,2023Q3,CMP-00089,treatment,2023-08-26
ASG-001016,EXP-0001,LD-014522,,CO-0072163,paid,2023Q3,CMP-00089,treatment,2023-08-26
ASG-001017,EXP-0001,LD-014523,,CO-0041010,paid,2023Q3,CMP-00089,treatment,2023-08-26
ASG-001018,EXP-0001,LD-014524,,CO-0086700,paid,2023Q3,CMP-00089,treatment,2023-08-26
ASG-001019,EXP-0001,LD-014525,,CO-0048706,paid,2023Q3,CMP-00090,treatment,2023-08-26
ASG-001020,EXP-0001,LD-014526,,CO-0067656,paid,2023Q3,CMP-00090,treatment,2023-08-26
ASG-001021,EXP-0001,LD-014527,,CO-0011748,paid,2023Q3,CMP-00090,treatment,2023-08-26
ASG-001022,EXP-0001,LD-014528,,CO-0039292,paid,2023Q3,CMP-00090,treatment,2023-08-26
ASG-001023,EXP-0001,LD-014529,,CO-0008688,paid,2023Q3,CMP-00090,treatment,2023-08-26
ASG-001024,EXP-0001,LD-014530,,CO-0097184,paid,2023Q3,CMP-00090,treatment,2023-08-26
ASG-001025,EXP-0001,LD-014531,,CO-0062074,paid,2023Q3,CMP-00090,treatment,2023-08-26
ASG-001026,EXP-0001,LD-014532,,CO-0080964,paid,2023Q3,CMP-00091,treatment,2023-08-26
ASG-001027,EXP-0001,LD-014533,,CO-0121972,paid,2023Q3,CMP-00091,treatment,2023-08-26
ASG-001028,EXP-0001,LD-014534,,CO-0064628,paid,2023Q3,CMP-00091,treatment,2023-08-26
ASG-001029,EXP-0001,LD-014535,,CO-0059214,paid,2023Q3,CMP-00091,treatment,2023-08-26
ASG-001030,EXP-0001,LD-014536,,CO-0043108,paid,2023Q3,CMP-00091,treatment,2023-08-26
ASG-001031,EXP-0001,LD-014537,,CO-0116855,paid,2023Q3,CMP-00093,control,2023-08-26
ASG-001032,EXP-0001,LD-014538,,CO-0018467,paid,2023Q3,CMP-00093,control,2023-08-26
ASG-001033,EXP-0001,LD-014539,,CO-0042784,paid,2023Q3,CMP-00093,control,2023-08-26
ASG-001034,EXP-0001,LD-014540,,CO-0120296,paid,2023Q3,CMP-00093,control,2023-08-26
ASG-001035,EXP-0001,LD-014556,,CO-0106112,paid,2023Q3,CMP-00089,treatment,2023-08-27
ASG-001036,EXP-0001,LD-014557,,CO-0041179,paid,2023Q3,CMP-00089,treatment,2023-08-27
ASG-001037,EXP-0001,LD-014558,,CO-0024669,paid,2023Q3,CMP-00089,treatment,2023-08-27
ASG-001038,EXP-0001,LD-014559,,CO-0056715,paid,2023Q3,CMP-00089,treatment,2023-08-27
ASG-001039,EXP-0001,LD-014560,,CO-0116084,paid,2023Q3,CMP-00090,treatment,2023-08-27
ASG-001040,EXP-0001,LD-014561,,CO-0084781,paid,2023Q3,CMP-00090,treatment,2023-08-27
ASG-001041,EXP-0001,LD-014562,,CO-0036658,paid,2023Q3,CMP-00090,treatment,2023-08-27
ASG-001042,EXP-0001,LD-014563,,CO-0111058,paid,2023Q3,CMP-00090,treatment,2023-08-27
ASG-001043,EXP-0001,LD-014564,,CO-0079970,paid,2023Q3,CMP-00090,treatment,2023-08-27
ASG-001044,EXP-0001,LD-014565,,CO-0025208,paid,2023Q3,CMP-00091,treatment,2023-08-27
ASG-001045,EXP-0001,LD-014566,,CO-0009527,paid,2023Q3,CMP-00091,treatment,2023-08-27
ASG-001046,EXP-0001,LD-014567,,CO-0031846,paid,2023Q3,CMP-00091,treatment,2023-08-27
ASG-001047,EXP-0001,LD-014568,,CO-0058890,paid,2023Q3,CMP-00093,control,2023-08-27
ASG-001048,EXP-0001,LD-014569,,CO-0104286,paid,2023Q3,CMP-00093,control,2023-08-27
ASG-001049,EXP-0001,LD-014570,,CO-0013250,paid,2023Q3,CMP-00093,control,2023-08-27
ASG-001050,EXP-0001,LD-014571,,CO-0102287,paid,2023Q3,CMP-00093,control,2023-08-27
ASG-001051,EXP-0001,LD-014572,,CO-0113929,paid,2023Q3,CMP-00093,control,2023-08-27
ASG-001052,EXP-0001,LD-014573,,CO-0007334,paid,2023Q3,CMP-00093,control,2023-08-27
ASG-001053,EXP-0001,LD-014578,ACC-005256,CO-0055006,paid,2023Q3,CMP-00090,treatment,2023-08-28
ASG-001054,EXP-0001,LD-014590,,CO-0055263,paid,2023Q3,CMP-00089,treatment,2023-08-28
ASG-001055,EXP-0001,LD-014591,,CO-0089347,paid,2023Q3,CMP-00089,treatment,2023-08-28
ASG-001056,EXP-0001,LD-014592,,CO-0037467,paid,2023Q3,CMP-00090,treatment,2023-08-28
ASG-001057,EXP-0001,LD-014593,,CO-0068489,paid,2023Q3,CMP-00090,treatment,2023-08-28
ASG-001058,EXP-0001,LD-014594,,CO-0052798,paid,2023Q3,CMP-00090,treatment,2023-08-28
ASG-001059,EXP-0001,LD-014595,,CO-0004806,paid,2023Q3,CMP-00090,treatment,2023-08-28
ASG-001060,EXP-0001,LD-014596,,CO-0110353,paid,2023Q3,CMP-00090,treatment,2023-08-28
ASG-001061,EXP-0001,LD-014597,,CO-0081620,paid,2023Q3,CMP-00090,treatment,2023-08-28
ASG-001062,EXP-0001,LD-014598,,CO-0013289,paid,2023Q3,CMP-00090,treatment,2023-08-28
ASG-001063,EXP-0001,LD-014599,,CO-0013022,paid,2023Q3,CMP-00090,treatment,2023-08-28
ASG-001064,EXP-0001,LD-014600,,CO-0076810,paid,2023Q3,CMP-00090,treatment,2023-08-28
ASG-001065,EXP-0001,LD-014601,,CO-0017092,paid,2023Q3,CMP-00090,treatment,2023-08-28
ASG-001066,EXP-0001,LD-014602,,CO-0040662,paid,2023Q3,CMP-00090,treatment,2023-08-28
ASG-001067,EXP-0001,LD-014603,,CO-0084209,paid,2023Q3,CMP-00090,treatment,2023-08-28
ASG-001068,EXP-0001,LD-014604,,CO-0079088,paid,2023Q3,CMP-00091,treatment,2023-08-28
ASG-001069,EXP-0001,LD-014605,,CO-0020365,paid,2023Q3,CMP-00091,treatment,2023-08-28
ASG-001070,EXP-0001,LD-014606,,CO-0045962,paid,2023Q3,CMP-00091,treatment,2023-08-28
ASG-001071,EXP-0001,LD-014607,,CO-0062894,paid,2023Q3,CMP-00092,treatment,2023-08-28
ASG-001072,EXP-0001,LD-014608,,CO-0002394,paid,2023Q3,CMP-00092,treatment,2023-08-28
ASG-001073,EXP-0001,LD-014609,,CO-0058564,paid,2023Q3,CMP-00092,treatment,2023-08-28
ASG-001074,EXP-0001,LD-014610,,CO-0076030,paid,2023Q3,CMP-00093,control,2023-08-28
ASG-001075,EXP-0001,LD-014611,,CO-0022434,paid,2023Q3,CMP-00093,control,2023-08-28
ASG-001076,EXP-0001,LD-014612,,CO-0060651,paid,2023Q3,CMP-00093,control,2023-08-28
ASG-001077,EXP-0001,LD-014613,,CO-0030565,paid,2023Q3,CMP-00093,control,2023-08-28
ASG-001078,EXP-0001,LD-014614,,CO-0038743,paid,2023Q3,CMP-00093,control,2023-08-28
ASG-001079,EXP-0001,LD-014633,,CO-0070482,paid,2023Q3,CMP-00089,treatment,2023-08-29
ASG-001080,EXP-0001,LD-014634,,CO-0029209,paid,2023Q3,CMP-00089,treatment,2023-08-29
ASG-001081,EXP-0001,LD-014635,,CO-0032485,paid,2023Q3,CMP-00089,treatment,2023-08-29
ASG-001082,EXP-0001,LD-014636,,CO-0066733,paid,2023Q3,CMP-00090,treatment,2023-08-29
ASG-001083,EXP-0001,LD-014637,,CO-0093087,paid,2023Q3,CMP-00090,treatment,2023-08-29
ASG-001084,EXP-0001,LD-014638,,CO-0010506,paid,2023Q3,CMP-00090,treatment,2023-08-29
ASG-001085,EXP-0001,LD-014639,,CO-0044107,paid,2023Q3,CMP-00091,treatment,2023-08-29
ASG-001086,EXP-0001,LD-014640,,CO-0068202,paid,2023Q3,CMP-00091,treatment,2023-08-29
ASG-001087,EXP-0001,LD-014641,,CO-0102205,paid,2023Q3,CMP-00091,treatment,2023-08-29
ASG-001088,EXP-0001,LD-014642,,CO-0059097,paid,2023Q3,CMP-00091,treatment,2023-08-29
ASG-001089,EXP-0001,LD-014643,,CO-0023474,paid,2023Q3,CMP-00091,treatment,2023-08-29
ASG-001090,EXP-0001,LD-014644,,CO-0084675,paid,2023Q3,CMP-00091,treatment,2023-08-29
ASG-001091,EXP-0001,LD-014645,,CO-0122703,paid,2023Q3,CMP-00091,treatment,2023-08-29
ASG-001092,EXP-0001,LD-014646,,CO-0028351,paid,2023Q3,CMP-00091,treatment,2023-08-29
ASG-001093,EXP-0001,LD-014647,,CO-0077571,paid,2023Q3,CMP-00092,treatment,2023-08-29
ASG-001094,EXP-0001,LD-014648,,CO-0049262,paid,2023Q3,CMP-00092,treatment,2023-08-29
ASG-001095,EXP-0001,LD-014649,,CO-0064638,paid,2023Q3,CMP-00092,treatment,2023-08-29
ASG-001096,EXP-0001,LD-014650,,CO-0069282,paid,2023Q3,CMP-00093,control,2023-08-29
ASG-001097,EXP-0001,LD-014652,ACC-002741,CO-0052193,paid,2023Q3,CMP-00090,treatment,2023-08-30
ASG-001098,EXP-0001,LD-014664,,CO-0109272,paid,2023Q3,CMP-00089,treatment,2023-08-30
ASG-001099,EXP-0001,LD-014665,,CO-0032209,paid,2023Q3,CMP-00089,treatment,2023-08-30
ASG-001100,EXP-0001,LD-014666,,CO-0114029,paid,2023Q3,CMP-00089,treatment,2023-08-30
ASG-001101,EXP-0001,LD-014667,,CO-0031951,paid,2023Q3,CMP-00089,treatment,2023-08-30
ASG-001102,EXP-0001,LD-014668,,CO-0082784,paid,2023Q3,CMP-00089,treatment,2023-08-30
ASG-001103,EXP-0001,LD-014669,,CO-0041625,paid,2023Q3,CMP-00090,treatment,2023-08-30
ASG-001104,EXP-0001,LD-014670,,CO-0087892,paid,2023Q3,CMP-00090,treatment,2023-08-30
ASG-001105,EXP-0001,LD-014671,,CO-0037424,paid,2023Q3,CMP-00090,treatment,2023-08-30
ASG-001106,EXP-0001,LD-014672,,CO-0104675,paid,2023Q3,CMP-00091,treatment,2023-08-30
ASG-001107,EXP-0001,LD-014673,,CO-0083523,paid,2023Q3,CMP-00091,treatment,2023-08-30
ASG-001108,EXP-0001,LD-014674,,CO-0036579,paid,2023Q3,CMP-00091,treatment,2023-08-30
ASG-001109,EXP-0001,LD-014675,,CO-0031316,paid,2023Q3,CMP-00091,treatment,2023-08-30
ASG-001110,EXP-0001,LD-014676,,CO-0116661,paid,2023Q3,CMP-00091,treatment,2023-08-30
ASG-001111,EXP-0001,LD-014677,,CO-0109609,paid,2023Q3,CMP-00093,control,2023-08-30
ASG-001112,EXP-0001,LD-014692,,CO-0093075,paid,2023Q3,CMP-00089,treatment,2023-08-31
ASG-001113,EXP-0001,LD-014693,,CO-0008340,paid,2023Q3,CMP-00089,treatment,2023-08-31
ASG-001114,EXP-0001,LD-014694,,CO-0017288,paid,2023Q3,CMP-00089,treatment,2023-08-31
ASG-001115,EXP-0001,LD-014695,,CO-0017467,paid,2023Q3,CMP-00089,treatment,2023-08-31
ASG-001116,EXP-0001,LD-014696,,CO-0067733,paid,2023Q3,CMP-00089,treatment,2023-08-31
ASG-001117,EXP-0001,LD-014697,,CO-0046134,paid,2023Q3,CMP-00089,treatment,2023-08-31
ASG-001118,EXP-0001,LD-014698,,CO-0052005,paid,2023Q3,CMP-00090,treatment,2023-08-31
ASG-001119,EXP-0001,LD-014699,,CO-0097476,paid,2023Q3,CMP-00090,treatment,2023-08-31
ASG-001120,EXP-0001,LD-014700,,CO-0042066,paid,2023Q3,CMP-00091,treatment,2023-08-31
ASG-001121,EXP-0001,LD-014701,,CO-0025326,paid,2023Q3,CMP-00091,treatment,2023-08-31
ASG-001122,EXP-0001,LD-014702,,CO-0093169,paid,2023Q3,CMP-00091,treatment,2023-08-31
ASG-001123,EXP-0001,LD-014703,,CO-0042413,paid,2023Q3,CMP-00091,treatment,2023-08-31
ASG-001124,EXP-0001,LD-014704,,CO-0119578,paid,2023Q3,CMP-00091,treatment,2023-08-31
ASG-001125,EXP-0001,LD-014705,,CO-0102466,paid,2023Q3,CMP-00091,treatment,2023-08-31
ASG-001126,EXP-0001,LD-014706,,CO-0031213,paid,2023Q3,CMP-00093,control,2023-08-31
ASG-001127,EXP-0001,LD-014707,,CO-0020203,paid,2023Q3,CMP-00093,control,2023-08-31
ASG-001128,EXP-0001,LD-014708,,CO-0078629,paid,2023Q3,CMP-00093,control,2023-08-31
ASG-001129,EXP-0001,LD-014709,,CO-0057278,paid,2023Q3,CMP-00093,control,2023-08-31
ASG-001130,EXP-0001,LD-014710,,CO-0074056,paid,2023Q3,CMP-00093,control,2023-08-31
ASG-001131,EXP-0001,LD-014711,,CO-0053418,paid,2023Q3,CMP-00093,control,2023-08-31
ASG-001132,EXP-0001,LD-014722,,CO-0016410,paid,2023Q3,CMP-00089,treatment,2023-09-01
ASG-001133,EXP-0001,LD-014723,,CO-0059718,paid,2023Q3,CMP-00089,treatment,2023-09-01
ASG-001134,EXP-0001,LD-014724,,CO-0036871,paid,2023Q3,CMP-00090,treatment,2023-09-01
ASG-001135,EXP-0001,LD-014725,,CO-0096666,paid,2023Q3,CMP-00090,treatment,2023-09-01
ASG-001136,EXP-0001,LD-014726,,CO-0122644,paid,2023Q3,CMP-00090,treatment,2023-09-01
ASG-001137,EXP-0001,LD-014727,,CO-0053940,paid,2023Q3,CMP-00090,treatment,2023-09-01
ASG-001138,EXP-0001,LD-014728,,CO-0107694,paid,2023Q3,CMP-00091,treatment,2023-09-01
ASG-001139,EXP-0001,LD-014729,,CO-0056111,paid,2023Q3,CMP-00092,treatment,2023-09-01
ASG-001140,EXP-0001,LD-014730,,CO-0116349,paid,2023Q3,CMP-00093,control,2023-09-01
ASG-001141,EXP-0001,LD-014731,,CO-0014994,paid,2023Q3,CMP-00093,control,2023-09-01
ASG-001142,EXP-0001,LD-014732,,CO-0056652,paid,2023Q3,CMP-00093,control,2023-09-01
ASG-001143,EXP-0001,LD-014733,,CO-0103313,paid,2023Q3,CMP-00093,control,2023-09-01
ASG-001144,EXP-0001,LD-014735,ACC-000213,CO-0001449,paid,2023Q3,CMP-00089,treatment,2023-09-02
ASG-001145,EXP-0001,LD-014736,ACC-001519,CO-0064365,paid,2023Q3,CMP-00089,treatment,2023-09-02
ASG-001146,EXP-0001,LD-014748,,CO-0069547,paid,2023Q3,CMP-00089,treatment,2023-09-02
ASG-001147,EXP-0001,LD-014749,,CO-0068696,paid,2023Q3,CMP-00089,treatment,2023-09-02
ASG-001148,EXP-0001,LD-014750,,CO-0046949,paid,2023Q3,CMP-00089,treatment,2023-09-02
ASG-001149,EXP-0001,LD-014751,,CO-0035058,paid,2023Q3,CMP-00089,treatment,2023-09-02
ASG-001150,EXP-0001,LD-014752,,CO-0120995,paid,2023Q3,CMP-00090,treatment,2023-09-02
ASG-001151,EXP-0001,LD-014753,,CO-0116826,paid,2023Q3,CMP-00090,treatment,2023-09-02
ASG-001152,EXP-0001,LD-014754,,CO-0090674,paid,2023Q3,CMP-00090,treatment,2023-09-02
ASG-001153,EXP-0001,LD-014755,,CO-0050878,paid,2023Q3,CMP-00090,treatment,2023-09-02
ASG-001154,EXP-0001,LD-014756,,CO-0121088,paid,2023Q3,CMP-00090,treatment,2023-09-02
ASG-001155,EXP-0001,LD-014757,,CO-0109939,paid,2023Q3,CMP-00091,treatment,2023-09-02
ASG-001156,EXP-0001,LD-014758,,CO-0011554,paid,2023Q3,CMP-00092,treatment,2023-09-02
ASG-001157,EXP-0001,LD-014759,,CO-0011041,paid,2023Q3,CMP-00093,control,2023-09-02
ASG-001158,EXP-0001,LD-014781,,CO-0046838,paid,2023Q3,CMP-00089,treatment,2023-09-03
ASG-001159,EXP-0001,LD-014782,,CO-0051332,paid,2023Q3,CMP-00089,treatment,2023-09-03
ASG-001160,EXP-0001,LD-014783,,CO-0065817,paid,2023Q3,CMP-00089,treatment,2023-09-03
ASG-001161,EXP-0001,LD-014784,,CO-0035039,paid,2023Q3,CMP-00090,treatment,2023-09-03
ASG-001162,EXP-0001,LD-014785,,CO-0033227,paid,2023Q3,CMP-00090,treatment,2023-09-03
ASG-001163,EXP-0001,LD-014786,,CO-0083929,paid,2023Q3,CMP-00090,treatment,2023-09-03
ASG-001164,EXP-0001,LD-014787,,CO-0081893,paid,2023Q3,CMP-00090,treatment,2023-09-03
ASG-001165,EXP-0001,LD-014788,,CO-0016275,paid,2023Q3,CMP-00091,treatment,2023-09-03
ASG-001166,EXP-0001,LD-014789,,CO-0034438,paid,2023Q3,CMP-00091,treatment,2023-09-03
ASG-001167,EXP-0001,LD-014790,,CO-0026277,paid,2023Q3,CMP-00091,treatment,2023-09-03
ASG-001168,EXP-0001,LD-014791,,CO-0030101,paid,2023Q3,CMP-00091,treatment,2023-09-03
ASG-001169,EXP-0001,LD-014792,,CO-0108532,paid,2023Q3,CMP-00091,treatment,2023-09-03
ASG-001170,EXP-0001,LD-014793,,CO-0002198,paid,2023Q3,CMP-00091,treatment,2023-09-03
ASG-001171,EXP-0001,LD-014794,,CO-0030447,paid,2023Q3,CMP-00093,control,2023-09-03
ASG-001172,EXP-0001,LD-014795,,CO-0098598,paid,2023Q3,CMP-00093,control,2023-09-03
ASG-001173,EXP-0001,LD-014796,,CO-0037521,paid,2023Q3,CMP-00093,control,2023-09-03
ASG-001174,EXP-0001,LD-014797,,CO-0106344,paid,2023Q3,CMP-00093,control,2023-09-03
ASG-001175,EXP-0001,LD-014811,,CO-0108345,paid,2023Q3,CMP-00089,treatment,2023-09-04
ASG-001176,EXP-0001,LD-014812,,CO-0029016,paid,2023Q3,CMP-00089,treatment,2023-09-04
ASG-001177,EXP-0001,LD-014813,,CO-0029874,paid,2023Q3,CMP-00089,treatment,2023-09-04
ASG-001178,EXP-0001,LD-014814,,CO-0077452,paid,2023Q3,CMP-00090,treatment,2023-09-04
ASG-001179,EXP-0001,LD-014815,,CO-0027750,paid,2023Q3,CMP-00090,treatment,2023-09-04
ASG-001180,EXP-0001,LD-014816,,CO-0080800,paid,2023Q3,CMP-00090,treatment,2023-09-04
ASG-001181,EXP-0001,LD-014817,,CO-0038792,paid,2023Q3,CMP-00090,treatment,2023-09-04
ASG-001182,EXP-0001,LD-014818,,CO-0048165,paid,2023Q3,CMP-00090,treatment,2023-09-04
ASG-001183,EXP-0001,LD-014819,,CO-0091053,paid,2023Q3,CMP-00090,treatment,2023-09-04
ASG-001184,EXP-0001,LD-014820,,CO-0032592,paid,2023Q3,CMP-00090,treatment,2023-09-04
ASG-001185,EXP-0001,LD-014821,,CO-0047417,paid,2023Q3,CMP-00090,treatment,2023-09-04
ASG-001186,EXP-0001,LD-014822,,CO-0003037,paid,2023Q3,CMP-00090,treatment,2023-09-04
ASG-001187,EXP-0001,LD-014823,,CO-0071206,paid,2023Q3,CMP-00091,treatment,2023-09-04
ASG-001188,EXP-0001,LD-014824,,CO-0023355,paid,2023Q3,CMP-00091,treatment,2023-09-04
ASG-001189,EXP-0001,LD-014825,,CO-0110136,paid,2023Q3,CMP-00091,treatment,2023-09-04
ASG-001190,EXP-0001,LD-014826,,CO-0112074,paid,2023Q3,CMP-00091,treatment,2023-09-04
ASG-001191,EXP-0001,LD-014827,,CO-0022194,paid,2023Q3,CMP-00092,treatment,2023-09-04
ASG-001192,EXP-0001,LD-014828,,CO-0021461,paid,2023Q3,CMP-00092,treatment,2023-09-04
ASG-001193,EXP-0001,LD-014829,,CO-0022737,paid,2023Q3,CMP-00092,treatment,2023-09-04
ASG-001194,EXP-0001,LD-014830,,CO-0047826,paid,2023Q3,CMP-00093,control,2023-09-04
ASG-001195,EXP-0001,LD-014850,,CO-0038404,paid,2023Q3,CMP-00089,treatment,2023-09-05
ASG-001196,EXP-0001,LD-014851,,CO-0061750,paid,2023Q3,CMP-00090,treatment,2023-09-05
ASG-001197,EXP-0001,LD-014852,,CO-0040877,paid,2023Q3,CMP-00090,treatment,2023-09-05
ASG-001198,EXP-0001,LD-014853,,CO-0090325,paid,2023Q3,CMP-00090,treatment,2023-09-05
ASG-001199,EXP-0001,LD-014854,,CO-0040899,paid,2023Q3,CMP-00091,treatment,2023-09-05
ASG-001200,EXP-0001,LD-014855,,CO-0051315,paid,2023Q3,CMP-00091,treatment,2023-09-05
ASG-001201,EXP-0001,LD-014856,,CO-0029187,paid,2023Q3,CMP-00091,treatment,2023-09-05
ASG-001202,EXP-0001,LD-014857,,CO-0035029,paid,2023Q3,CMP-00091,treatment,2023-09-05
ASG-001203,EXP-0001,LD-014858,,CO-0039754,paid,2023Q3,CMP-00092,treatment,2023-09-05
ASG-001204,EXP-0001,LD-014859,,CO-0033293,paid,2023Q3,CMP-00092,treatment,2023-09-05
ASG-001205,EXP-0001,LD-014860,,CO-0058439,paid,2023Q3,CMP-00093,control,2023-09-05
ASG-001206,EXP-0001,LD-014861,,CO-0043370,paid,2023Q3,CMP-00093,control,2023-09-05
ASG-001207,EXP-0001,LD-014862,,CO-0042278,paid,2023Q3,CMP-00093,control,2023-09-05
ASG-001208,EXP-0001,LD-014863,,CO-0119793,paid,2023Q3,CMP-00093,control,2023-09-05
ASG-001209,EXP-0001,LD-014876,,CO-0028019,paid,2023Q3,CMP-00089,treatment,2023-09-06
ASG-001210,EXP-0001,LD-014877,,CO-0000407,paid,2023Q3,CMP-00089,treatment,2023-09-06
ASG-001211,EXP-0001,LD-014878,,CO-0114593,paid,2023Q3,CMP-00089,treatment,2023-09-06
ASG-001212,EXP-0001,LD-014879,,CO-0043887,paid,2023Q3,CMP-00089,treatment,2023-09-06
ASG-001213,EXP-0001,LD-014880,,CO-0046939,paid,2023Q3,CMP-00089,treatment,2023-09-06
ASG-001214,EXP-0001,LD-014881,,CO-0055604,paid,2023Q3,CMP-00090,treatment,2023-09-06
ASG-001215,EXP-0001,LD-014882,,CO-0028863,paid,2023Q3,CMP-00090,treatment,2023-09-06
ASG-001216,EXP-0001,LD-014883,,CO-0049277,paid,2023Q3,CMP-00091,treatment,2023-09-06
ASG-001217,EXP-0001,LD-014884,,CO-0074480,paid,2023Q3,CMP-00092,treatment,2023-09-06
ASG-001218,EXP-0001,LD-014885,,CO-0121207,paid,2023Q3,CMP-00092,treatment,2023-09-06
ASG-001219,EXP-0001,LD-014886,,CO-0121434,paid,2023Q3,CMP-00093,control,2023-09-06
ASG-001220,EXP-0001,LD-014887,,CO-0112368,paid,2023Q3,CMP-00093,control,2023-09-06
ASG-001221,EXP-0001,LD-014888,,CO-0079348,paid,2023Q3,CMP-00093,control,2023-09-06
ASG-001222,EXP-0001,LD-014889,,CO-0047480,paid,2023Q3,CMP-00093,control,2023-09-06
ASG-001223,EXP-0001,LD-014890,,CO-0018415,paid,2023Q3,CMP-00093,control,2023-09-06
ASG-001224,EXP-0001,LD-014903,,CO-0059258,paid,2023Q3,CMP-00089,treatment,2023-09-07
ASG-001225,EXP-0001,LD-014904,,CO-0049232,paid,2023Q3,CMP-00089,treatment,2023-09-07
ASG-001226,EXP-0001,LD-014905,,CO-0076799,paid,2023Q3,CMP-00089,treatment,2023-09-07
ASG-001227,EXP-0001,LD-014906,,CO-0065582,paid,2023Q3,CMP-00089,treatment,2023-09-07
ASG-001228,EXP-0001,LD-014907,,CO-0116930,paid,2023Q3,CMP-00089,treatment,2023-09-07
ASG-001229,EXP-0001,LD-014908,,CO-0089989,paid,2023Q3,CMP-00090,treatment,2023-09-07
ASG-001230,EXP-0001,LD-014909,,CO-0080401,paid,2023Q3,CMP-00090,treatment,2023-09-07
ASG-001231,EXP-0001,LD-014910,,CO-0037647,paid,2023Q3,CMP-00090,treatment,2023-09-07
ASG-001232,EXP-0001,LD-014911,,CO-0047079,paid,2023Q3,CMP-00090,treatment,2023-09-07
ASG-001233,EXP-0001,LD-014912,,CO-0099226,paid,2023Q3,CMP-00091,treatment,2023-09-07
ASG-001234,EXP-0001,LD-014913,,CO-0085060,paid,2023Q3,CMP-00091,treatment,2023-09-07
ASG-001235,EXP-0001,LD-014914,,CO-0043818,paid,2023Q3,CMP-00091,treatment,2023-09-07
ASG-001236,EXP-0001,LD-014915,,CO-0007531,paid,2023Q3,CMP-00091,treatment,2023-09-07
ASG-001237,EXP-0001,LD-014916,,CO-0043748,paid,2023Q3,CMP-00091,treatment,2023-09-07
ASG-001238,EXP-0001,LD-014917,,CO-0027827,paid,2023Q3,CMP-00091,treatment,2023-09-07
ASG-001239,EXP-0001,LD-014918,,CO-0040561,paid,2023Q3,CMP-00092,treatment,2023-09-07
ASG-001240,EXP-0001,LD-014919,,CO-0026749,paid,2023Q3,CMP-00093,control,2023-09-07
ASG-001241,EXP-0001,LD-014920,,CO-0087049,paid,2023Q3,CMP-00093,control,2023-09-07
ASG-001242,EXP-0001,LD-014921,,CO-0028161,paid,2023Q3,CMP-00093,control,2023-09-07
ASG-001243,EXP-0001,LD-014936,,CO-0009559,paid,2023Q3,CMP-00089,treatment,2023-09-08
ASG-001244,EXP-0001,LD-014937,,CO-0039780,paid,2023Q3,CMP-00089,treatment,2023-09-08
ASG-001245,EXP-0001,LD-014938,,CO-0050220,paid,2023Q3,CMP-00089,treatment,2023-09-08
ASG-001246,EXP-0001,LD-014939,,CO-0057181,paid,2023Q3,CMP-00089,treatment,2023-09-08
ASG-001247,EXP-0001,LD-014940,,CO-0109205,paid,2023Q3,CMP-00089,treatment,2023-09-08
ASG-001248,EXP-0001,LD-014941,,CO-0112806,paid,2023Q3,CMP-00090,treatment,2023-09-08
ASG-001249,EXP-0001,LD-014942,,CO-0008371,paid,2023Q3,CMP-00090,treatment,2023-09-08
ASG-001250,EXP-0001,LD-014943,,CO-0102544,paid,2023Q3,CMP-00090,treatment,2023-09-08
ASG-001251,EXP-0001,LD-014944,,CO-0054712,paid,2023Q3,CMP-00090,treatment,2023-09-08
ASG-001252,EXP-0001,LD-014945,,CO-0034843,paid,2023Q3,CMP-00090,treatment,2023-09-08
ASG-001253,EXP-0001,LD-014946,,CO-0099202,paid,2023Q3,CMP-00090,treatment,2023-09-08
ASG-001254,EXP-0001,LD-014947,,CO-0029774,paid,2023Q3,CMP-00091,treatment,2023-09-08
ASG-001255,EXP-0001,LD-014948,,CO-0082586,paid,2023Q3,CMP-00091,treatment,2023-09-08
ASG-001256,EXP-0001,LD-014949,,CO-0009135,paid,2023Q3,CMP-00091,treatment,2023-09-08
ASG-001257,EXP-0001,LD-014950,,CO-0026180,paid,2023Q3,CMP-00091,treatment,2023-09-08
ASG-001258,EXP-0001,LD-014951,,CO-0090760,paid,2023Q3,CMP-00092,treatment,2023-09-08
ASG-001259,EXP-0001,LD-014952,,CO-0120975,paid,2023Q3,CMP-00093,control,2023-09-08
ASG-001260,EXP-0001,LD-014953,,CO-0102727,paid,2023Q3,CMP-00093,control,2023-09-08
ASG-001261,EXP-0001,LD-014954,,CO-0017703,paid,2023Q3,CMP-00093,control,2023-09-08
ASG-001262,EXP-0001,LD-014955,,CO-0090654,paid,2023Q3,CMP-00093,control,2023-09-08
ASG-001263,EXP-0001,LD-014967,,CO-0074078,paid,2023Q3,CMP-00089,treatment,2023-09-09
ASG-001264,EXP-0001,LD-014968,,CO-0096056,paid,2023Q3,CMP-00089,treatment,2023-09-09
ASG-001265,EXP-0001,LD-014969,,CO-0087028,paid,2023Q3,CMP-00089,treatment,2023-09-09
ASG-001266,EXP-0001,LD-014970,,CO-0040341,paid,2023Q3,CMP-00089,treatment,2023-09-09
ASG-001267,EXP-0001,LD-014971,,CO-0122212,paid,2023Q3,CMP-00090,treatment,2023-09-09
ASG-001268,EXP-0001,LD-014972,,CO-0007507,paid,2023Q3,CMP-00091,treatment,2023-09-09
ASG-001269,EXP-0001,LD-014973,,CO-0018117,paid,2023Q3,CMP-00091,treatment,2023-09-09
ASG-001270,EXP-0001,LD-014974,,CO-0113972,paid,2023Q3,CMP-00091,treatment,2023-09-09
ASG-001271,EXP-0001,LD-014975,,CO-0032442,paid,2023Q3,CMP-00091,treatment,2023-09-09
ASG-001272,EXP-0001,LD-014976,,CO-0075531,paid,2023Q3,CMP-00091,treatment,2023-09-09
ASG-001273,EXP-0001,LD-014977,,CO-0062547,paid,2023Q3,CMP-00092,treatment,2023-09-09
ASG-001274,EXP-0001,LD-014978,,CO-0052502,paid,2023Q3,CMP-00092,treatment,2023-09-09
ASG-001275,EXP-0001,LD-014979,,CO-0092336,paid,2023Q3,CMP-00093,control,2023-09-09
ASG-001276,EXP-0001,LD-014980,,CO-0096634,paid,2023Q3,CMP-00093,control,2023-09-09
ASG-001277,EXP-0001,LD-014981,,CO-0114408,paid,2023Q3,CMP-00093,control,2023-09-09
ASG-001278,EXP-0001,LD-014982,,CO-0113733,paid,2023Q3,CMP-00093,control,2023-09-09
ASG-001279,EXP-0001,LD-014983,,CO-0115107,paid,2023Q3,CMP-00093,control,2023-09-09
ASG-001280,EXP-0001,LD-015003,,CO-0033464,paid,2023Q3,CMP-00089,treatment,2023-09-10
ASG-001281,EXP-0001,LD-015004,,CO-0032564,paid,2023Q3,CMP-00089,treatment,2023-09-10
ASG-001282,EXP-0001,LD-015005,,CO-0060183,paid,2023Q3,CMP-00089,treatment,2023-09-10
ASG-001283,EXP-0001,LD-015006,,CO-0029280,paid,2023Q3,CMP-00089,treatment,2023-09-10
ASG-001284,EXP-0001,LD-015007,,CO-0121670,paid,2023Q3,CMP-00089,treatment,2023-09-10
ASG-001285,EXP-0001,LD-015008,,CO-0087617,paid,2023Q3,CMP-00091,treatment,2023-09-10
ASG-001286,EXP-0001,LD-015009,,CO-0116102,paid,2023Q3,CMP-00092,treatment,2023-09-10
ASG-001287,EXP-0001,LD-015010,,CO-0112128,paid,2023Q3,CMP-00093,control,2023-09-10
ASG-001288,EXP-0001,LD-015011,,CO-0114996,paid,2023Q3,CMP-00093,control,2023-09-10
ASG-001289,EXP-0001,LD-015012,,CO-0056951,paid,2023Q3,CMP-00093,control,2023-09-10
ASG-001290,EXP-0001,LD-015013,,CO-0068972,paid,2023Q3,CMP-00093,control,2023-09-10
ASG-001291,EXP-0001,LD-015014,,CO-0060544,paid,2023Q3,CMP-00093,control,2023-09-10
ASG-001292,EXP-0001,LD-015015,,CO-0015760,paid,2023Q3,CMP-00093,control,2023-09-10
ASG-001293,EXP-0001,LD-015016,,CO-0092243,paid,2023Q3,CMP-00093,control,2023-09-10
ASG-001294,EXP-0001,LD-015029,,CO-0041440,paid,2023Q3,CMP-00089,treatment,2023-09-11
ASG-001295,EXP-0001,LD-015030,,CO-0004490,paid,2023Q3,CMP-00089,treatment,2023-09-11
ASG-001296,EXP-0001,LD-015031,,CO-0088995,paid,2023Q3,CMP-00089,treatment,2023-09-11
ASG-001297,EXP-0001,LD-015032,,CO-0051252,paid,2023Q3,CMP-00090,treatment,2023-09-11
ASG-001298,EXP-0001,LD-015033,,CO-0065269,paid,2023Q3,CMP-00090,treatment,2023-09-11
ASG-001299,EXP-0001,LD-015034,,CO-0055317,paid,2023Q3,CMP-00091,treatment,2023-09-11
ASG-001300,EXP-0001,LD-015035,,CO-0069474,paid,2023Q3,CMP-00091,treatment,2023-09-11
ASG-001301,EXP-0001,LD-015036,,CO-0048340,paid,2023Q3,CMP-00091,treatment,2023-09-11
ASG-001302,EXP-0001,LD-015037,,CO-0101553,paid,2023Q3,CMP-00091,treatment,2023-09-11
ASG-001303,EXP-0001,LD-015038,,CO-0112558,paid,2023Q3,CMP-00092,treatment,2023-09-11
ASG-001304,EXP-0001,LD-015039,,CO-0011704,paid,2023Q3,CMP-00093,control,2023-09-11
ASG-001305,EXP-0001,LD-015040,,CO-0040025,paid,2023Q3,CMP-00093,control,2023-09-11
ASG-001306,EXP-0001,LD-015041,,CO-0022452,paid,2023Q3,CMP-00093,control,2023-09-11
ASG-001307,EXP-0001,LD-015050,,CO-0064572,paid,2023Q3,CMP-00089,treatment,2023-09-12
ASG-001308,EXP-0001,LD-015051,,CO-0081141,paid,2023Q3,CMP-00089,treatment,2023-09-12
ASG-001309,EXP-0001,LD-015052,,CO-0108429,paid,2023Q3,CMP-00089,treatment,2023-09-12
ASG-001310,EXP-0001,LD-015053,,CO-0084329,paid,2023Q3,CMP-00090,treatment,2023-09-12
ASG-001311,EXP-0001,LD-015054,,CO-0018898,paid,2023Q3,CMP-00090,treatment,2023-09-12
ASG-001312,EXP-0001,LD-015055,,CO-0094960,paid,2023Q3,CMP-00090,treatment,2023-09-12
ASG-001313,EXP-0001,LD-015056,,CO-0019582,paid,2023Q3,CMP-00090,treatment,2023-09-12
ASG-001314,EXP-0001,LD-015057,,CO-0022785,paid,2023Q3,CMP-00091,treatment,2023-09-12
ASG-001315,EXP-0001,LD-015058,,CO-0036018,paid,2023Q3,CMP-00091,treatment,2023-09-12
ASG-001316,EXP-0001,LD-015059,,CO-0022678,paid,2023Q3,CMP-00091,treatment,2023-09-12
ASG-001317,EXP-0001,LD-015060,,CO-0045191,paid,2023Q3,CMP-00091,treatment,2023-09-12
ASG-001318,EXP-0001,LD-015061,,CO-0093078,paid,2023Q3,CMP-00091,treatment,2023-09-12
ASG-001319,EXP-0001,LD-015062,,CO-0072098,paid,2023Q3,CMP-00091,treatment,2023-09-12
ASG-001320,EXP-0001,LD-015063,,CO-0118429,paid,2023Q3,CMP-00092,treatment,2023-09-12
ASG-001321,EXP-0001,LD-015080,,CO-0038285,paid,2023Q3,CMP-00089,treatment,2023-09-13
ASG-001322,EXP-0001,LD-015081,,CO-0073233,paid,2023Q3,CMP-00089,treatment,2023-09-13
ASG-001323,EXP-0001,LD-015082,,CO-0050897,paid,2023Q3,CMP-00089,treatment,2023-09-13
ASG-001324,EXP-0001,LD-015083,,CO-0004080,paid,2023Q3,CMP-00089,treatment,2023-09-13
ASG-001325,EXP-0001,LD-015084,,CO-0044942,paid,2023Q3,CMP-00090,treatment,2023-09-13
ASG-001326,EXP-0001,LD-015085,,CO-0013091,paid,2023Q3,CMP-00090,treatment,2023-09-13
ASG-001327,EXP-0001,LD-015086,,CO-0100000,paid,2023Q3,CMP-00090,treatment,2023-09-13
ASG-001328,EXP-0001,LD-015087,,CO-0102009,paid,2023Q3,CMP-00090,treatment,2023-09-13
ASG-001329,EXP-0001,LD-015088,,CO-0039751,paid,2023Q3,CMP-00091,treatment,2023-09-13
ASG-001330,EXP-0001,LD-015089,,CO-0013202,paid,2023Q3,CMP-00091,treatment,2023-09-13
ASG-001331,EXP-0001,LD-015090,,CO-0001345,paid,2023Q3,CMP-00092,treatment,2023-09-13
ASG-001332,EXP-0001,LD-015091,,CO-0077908,paid,2023Q3,CMP-00093,control,2023-09-13
ASG-001333,EXP-0001,LD-015092,,CO-0014277,paid,2023Q3,CMP-00093,control,2023-09-13
ASG-001334,EXP-0001,LD-015093,,CO-0040124,paid,2023Q3,CMP-00093,control,2023-09-13
ASG-001335,EXP-0001,LD-015094,,CO-0030934,paid,2023Q3,CMP-00093,control,2023-09-13
ASG-001336,EXP-0001,LD-015095,,CO-0089197,paid,2023Q3,CMP-00093,control,2023-09-13
ASG-001337,EXP-0001,LD-015096,,CO-0026471,paid,2023Q3,CMP-00093,control,2023-09-13
ASG-001338,EXP-0001,LD-015111,,CO-0093844,paid,2023Q3,CMP-00089,treatment,2023-09-14
ASG-001339,EXP-0001,LD-015112,,CO-0015290,paid,2023Q3,CMP-00089,treatment,2023-09-14
ASG-001340,EXP-0001,LD-015113,,CO-0060055,paid,2023Q3,CMP-00090,treatment,2023-09-14
ASG-001341,EXP-0001,LD-015114,,CO-0122008,paid,2023Q3,CMP-00090,treatment,2023-09-14
ASG-001342,EXP-0001,LD-015115,,CO-0096303,paid,2023Q3,CMP-00090,treatment,2023-09-14
ASG-001343,EXP-0001,LD-015116,,CO-0105508,paid,2023Q3,CMP-00090,treatment,2023-09-14
ASG-001344,EXP-0001,LD-015117,,CO-0008229,paid,2023Q3,CMP-00091,treatment,2023-09-14
ASG-001345,EXP-0001,LD-015118,,CO-0061977,paid,2023Q3,CMP-00091,treatment,2023-09-14
ASG-001346,EXP-0001,LD-015119,,CO-0009982,paid,2023Q3,CMP-00091,treatment,2023-09-14
ASG-001347,EXP-0001,LD-015120,,CO-0110638,paid,2023Q3,CMP-00092,treatment,2023-09-14
ASG-001348,EXP-0001,LD-015121,,CO-0008882,paid,2023Q3,CMP-00093,control,2023-09-14
ASG-001349,EXP-0001,LD-015122,,CO-0022146,paid,2023Q3,CMP-00093,control,2023-09-14
ASG-001350,EXP-0001,LD-015123,,CO-0004792,paid,2023Q3,CMP-00093,control,2023-09-14
ASG-001351,EXP-0001,LD-015124,,CO-0036302,paid,2023Q3,CMP-00093,control,2023-09-14
ASG-001352,EXP-0001,LD-015133,,CO-0118904,paid,2023Q3,CMP-00089,treatment,2023-09-15
ASG-001353,EXP-0001,LD-015134,,CO-0044184,paid,2023Q3,CMP-00089,treatment,2023-09-15
ASG-001354,EXP-0001,LD-015135,,CO-0068724,paid,2023Q3,CMP-00089,treatment,2023-09-15
ASG-001355,EXP-0001,LD-015136,,CO-0004385,paid,2023Q3,CMP-00089,treatment,2023-09-15
ASG-001356,EXP-0001,LD-015137,,CO-0056581,paid,2023Q3,CMP-00090,treatment,2023-09-15
ASG-001357,EXP-0001,LD-015138,,CO-0123062,paid,2023Q3,CMP-00090,treatment,2023-09-15
ASG-001358,EXP-0001,LD-015139,,CO-0055390,paid,2023Q3,CMP-00090,treatment,2023-09-15
ASG-001359,EXP-0001,LD-015140,,CO-0086323,paid,2023Q3,CMP-00090,treatment,2023-09-15
ASG-001360,EXP-0001,LD-015141,,CO-0066756,paid,2023Q3,CMP-00090,treatment,2023-09-15
ASG-001361,EXP-0001,LD-015142,,CO-0025771,paid,2023Q3,CMP-00091,treatment,2023-09-15
ASG-001362,EXP-0001,LD-015143,,CO-0000481,paid,2023Q3,CMP-00091,treatment,2023-09-15
ASG-001363,EXP-0001,LD-015144,,CO-0016200,paid,2023Q3,CMP-00091,treatment,2023-09-15
ASG-001364,EXP-0001,LD-015145,,CO-0061676,paid,2023Q3,CMP-00091,treatment,2023-09-15
ASG-001365,EXP-0001,LD-015146,,CO-0090719,paid,2023Q3,CMP-00093,control,2023-09-15
ASG-001366,EXP-0001,LD-015147,,CO-0119595,paid,2023Q3,CMP-00093,control,2023-09-15
ASG-001367,EXP-0001,LD-015148,,CO-0018469,paid,2023Q3,CMP-00093,control,2023-09-15
ASG-001368,EXP-0001,LD-015149,,CO-0072387,paid,2023Q3,CMP-00093,control,2023-09-15
ASG-001369,EXP-0001,LD-015150,,CO-0086021,paid,2023Q3,CMP-00093,control,2023-09-15
ASG-001370,EXP-0001,LD-015151,,CO-0063711,paid,2023Q3,CMP-00093,control,2023-09-15
ASG-001371,EXP-0001,LD-015152,,CO-0100116,paid,2023Q3,CMP-00093,control,2023-09-15
ASG-001372,EXP-0001,LD-015163,,CO-0077710,paid,2023Q3,CMP-00089,treatment,2023-09-16
ASG-001373,EXP-0001,LD-015164,,CO-0033036,paid,2023Q3,CMP-00089,treatment,2023-09-16
ASG-001374,EXP-0001,LD-015165,,CO-0055812,paid,2023Q3,CMP-00090,treatment,2023-09-16
ASG-001375,EXP-0001,LD-015166,,CO-0095732,paid,2023Q3,CMP-00090,treatment,2023-09-16
ASG-001376,EXP-0001,LD-015167,,CO-0000488,paid,2023Q3,CMP-00090,treatment,2023-09-16
ASG-001377,EXP-0001,LD-015168,,CO-0012361,paid,2023Q3,CMP-00091,treatment,2023-09-16
ASG-001378,EXP-0001,LD-015169,,CO-0046577,paid,2023Q3,CMP-00091,treatment,2023-09-16
ASG-001379,EXP-0001,LD-015170,,CO-0105938,paid,2023Q3,CMP-00091,treatment,2023-09-16
ASG-001380,EXP-0001,LD-015171,,CO-0029173,paid,2023Q3,CMP-00091,treatment,2023-09-16
ASG-001381,EXP-0001,LD-015172,,CO-0111619,paid,2023Q3,CMP-00092,treatment,2023-09-16
ASG-001382,EXP-0001,LD-015173,,CO-0055184,paid,2023Q3,CMP-00092,treatment,2023-09-16
ASG-001383,EXP-0001,LD-015174,,CO-0057144,paid,2023Q3,CMP-00093,control,2023-09-16
ASG-001384,EXP-0001,LD-015175,,CO-0001671,paid,2023Q3,CMP-00093,control,2023-09-16
ASG-001385,EXP-0001,LD-015178,ACC-002609,CO-0008986,paid,2023Q3,CMP-00089,treatment,2023-09-17
ASG-001386,EXP-0001,LD-015189,,CO-0088682,paid,2023Q3,CMP-00089,treatment,2023-09-17
ASG-001387,EXP-0001,LD-015190,,CO-0009514,paid,2023Q3,CMP-00089,treatment,2023-09-17
ASG-001388,EXP-0001,LD-015191,,CO-0028270,paid,2023Q3,CMP-00089,treatment,2023-09-17
ASG-001389,EXP-0001,LD-015192,,CO-0099244,paid,2023Q3,CMP-00090,treatment,2023-09-17
ASG-001390,EXP-0001,LD-015193,,CO-0046164,paid,2023Q3,CMP-00090,treatment,2023-09-17
ASG-001391,EXP-0001,LD-015194,,CO-0013953,paid,2023Q3,CMP-00090,treatment,2023-09-17
ASG-001392,EXP-0001,LD-015195,,CO-0012578,paid,2023Q3,CMP-00090,treatment,2023-09-17
ASG-001393,EXP-0001,LD-015196,,CO-0120924,paid,2023Q3,CMP-00090,treatment,2023-09-17
ASG-001394,EXP-0001,LD-015197,,CO-0088347,paid,2023Q3,CMP-00091,treatment,2023-09-17
ASG-001395,EXP-0001,LD-015198,,CO-0075461,paid,2023Q3,CMP-00091,treatment,2023-09-17
ASG-001396,EXP-0001,LD-015199,,CO-0059694,paid,2023Q3,CMP-00091,treatment,2023-09-17
ASG-001397,EXP-0001,LD-015200,,CO-0100973,paid,2023Q3,CMP-00091,treatment,2023-09-17
ASG-001398,EXP-0001,LD-015201,,CO-0020573,paid,2023Q3,CMP-00092,treatment,2023-09-17
ASG-001399,EXP-0001,LD-015202,,CO-0000695,paid,2023Q3,CMP-00092,treatment,2023-09-17
ASG-001400,EXP-0001,LD-015203,,CO-0100173,paid,2023Q3,CMP-00093,control,2023-09-17
ASG-001401,EXP-0001,LD-015204,,CO-0055136,paid,2023Q3,CMP-00093,control,2023-09-17
ASG-001402,EXP-0001,LD-015205,,CO-0087917,paid,2023Q3,CMP-00093,control,2023-09-17
ASG-001403,EXP-0001,LD-015206,ACC-004089,CO-0024511,paid,2023Q3,CMP-00091,treatment,2023-09-18
ASG-001404,EXP-0001,LD-015208,ACC-007533,CO-0026670,paid,2023Q3,CMP-00089,treatment,2023-09-18
ASG-001405,EXP-0001,LD-015218,,CO-0035582,paid,2023Q3,CMP-00089,treatment,2023-09-18
ASG-001406,EXP-0001,LD-015219,,CO-0104749,paid,2023Q3,CMP-00089,treatment,2023-09-18
ASG-001407,EXP-0001,LD-015220,,CO-0098527,paid,2023Q3,CMP-00089,treatment,2023-09-18
ASG-001408,EXP-0001,LD-015221,,CO-0120187,paid,2023Q3,CMP-00090,treatment,2023-09-18
ASG-001409,EXP-0001,LD-015222,,CO-0000034,paid,2023Q3,CMP-00090,treatment,2023-09-18
ASG-001410,EXP-0001,LD-015223,,CO-0034599,paid,2023Q3,CMP-00091,treatment,2023-09-18
ASG-001411,EXP-0001,LD-015224,,CO-0101681,paid,2023Q3,CMP-00091,treatment,2023-09-18
ASG-001412,EXP-0001,LD-015225,,CO-0052369,paid,2023Q3,CMP-00091,treatment,2023-09-18
ASG-001413,EXP-0001,LD-015226,,CO-0084470,paid,2023Q3,CMP-00091,treatment,2023-09-18
ASG-001414,EXP-0001,LD-015227,,CO-0086237,paid,2023Q3,CMP-00091,treatment,2023-09-18
ASG-001415,EXP-0001,LD-015228,,CO-0096321,paid,2023Q3,CMP-00091,treatment,2023-09-18
ASG-001416,EXP-0001,LD-015229,,CO-0076618,paid,2023Q3,CMP-00093,control,2023-09-18
ASG-001417,EXP-0001,LD-015230,,CO-0093251,paid,2023Q3,CMP-00093,control,2023-09-18
ASG-001418,EXP-0001,LD-015248,,CO-0046057,paid,2023Q3,CMP-00089,treatment,2023-09-19
ASG-001419,EXP-0001,LD-015249,,CO-0013482,paid,2023Q3,CMP-00089,treatment,2023-09-19
ASG-001420,EXP-0001,LD-015250,,CO-0107186,paid,2023Q3,CMP-00089,treatment,2023-09-19
ASG-001421,EXP-0001,LD-015251,,CO-0089265,paid,2023Q3,CMP-00089,treatment,2023-09-19
ASG-001422,EXP-0001,LD-015252,,CO-0082665,paid,2023Q3,CMP-00089,treatment,2023-09-19
ASG-001423,EXP-0001,LD-015253,,CO-0037165,paid,2023Q3,CMP-00089,treatment,2023-09-19
ASG-001424,EXP-0001,LD-015254,,CO-0079039,paid,2023Q3,CMP-00089,treatment,2023-09-19
ASG-001425,EXP-0001,LD-015255,,CO-0089557,paid,2023Q3,CMP-00090,treatment,2023-09-19
ASG-001426,EXP-0001,LD-015256,,CO-0070891,paid,2023Q3,CMP-00090,treatment,2023-09-19
ASG-001427,EXP-0001,LD-015257,,CO-0028211,paid,2023Q3,CMP-00090,treatment,2023-09-19
ASG-001428,EXP-0001,LD-015258,,CO-0031095,paid,2023Q3,CMP-00090,treatment,2023-09-19
ASG-001429,EXP-0001,LD-015259,,CO-0086879,paid,2023Q3,CMP-00090,treatment,2023-09-19
ASG-001430,EXP-0001,LD-015260,,CO-0105061,paid,2023Q3,CMP-00090,treatment,2023-09-19
ASG-001431,EXP-0001,LD-015261,,CO-0003283,paid,2023Q3,CMP-00091,treatment,2023-09-19
ASG-001432,EXP-0001,LD-015262,,CO-0122348,paid,2023Q3,CMP-00091,treatment,2023-09-19
ASG-001433,EXP-0001,LD-015263,,CO-0116789,paid,2023Q3,CMP-00091,treatment,2023-09-19
ASG-001434,EXP-0001,LD-015264,,CO-0100655,paid,2023Q3,CMP-00091,treatment,2023-09-19
ASG-001435,EXP-0001,LD-015265,,CO-0045345,paid,2023Q3,CMP-00091,treatment,2023-09-19
ASG-001436,EXP-0001,LD-015266,,CO-0039156,paid,2023Q3,CMP-00091,treatment,2023-09-19
ASG-001437,EXP-0001,LD-015267,,CO-0079342,paid,2023Q3,CMP-00091,treatment,2023-09-19
ASG-001438,EXP-0001,LD-015268,,CO-0098817,paid,2023Q3,CMP-00092,treatment,2023-09-19
ASG-001439,EXP-0001,LD-015269,,CO-0056666,paid,2023Q3,CMP-00093,control,2023-09-19
ASG-001440,EXP-0001,LD-015270,,CO-0054115,paid,2023Q3,CMP-00093,control,2023-09-19
ASG-001441,EXP-0001,LD-015271,,CO-0107759,paid,2023Q3,CMP-00093,control,2023-09-19
ASG-001442,EXP-0001,LD-015276,ACC-007000,CO-0016916,paid,2023Q3,CMP-00089,treatment,2023-09-20
ASG-001443,EXP-0001,LD-015287,,CO-0011673,paid,2023Q3,CMP-00089,treatment,2023-09-20
ASG-001444,EXP-0001,LD-015288,,CO-0095161,paid,2023Q3,CMP-00089,treatment,2023-09-20
ASG-001445,EXP-0001,LD-015289,,CO-0066379,paid,2023Q3,CMP-00089,treatment,2023-09-20
ASG-001446,EXP-0001,LD-015290,,CO-0109209,paid,2023Q3,CMP-00090,treatment,2023-09-20
ASG-001447,EXP-0001,LD-015291,,CO-0014394,paid,2023Q3,CMP-00090,treatment,2023-09-20
ASG-001448,EXP-0001,LD-015292,,CO-0110827,paid,2023Q3,CMP-00090,treatment,2023-09-20
ASG-001449,EXP-0001,LD-015293,,CO-0011826,paid,2023Q3,CMP-00090,treatment,2023-09-20
ASG-001450,EXP-0001,LD-015294,,CO-0103953,paid,2023Q3,CMP-00091,treatment,2023-09-20
ASG-001451,EXP-0001,LD-015295,,CO-0088588,paid,2023Q3,CMP-00091,treatment,2023-09-20
ASG-001452,EXP-0001,LD-015296,,CO-0093878,paid,2023Q3,CMP-00091,treatment,2023-09-20
ASG-001453,EXP-0001,LD-015297,,CO-0111419,paid,2023Q3,CMP-00091,treatment,2023-09-20
ASG-001454,EXP-0001,LD-015298,,CO-0091357,paid,2023Q3,CMP-00091,treatment,2023-09-20
ASG-001455,EXP-0001,LD-015299,,CO-0080758,paid,2023Q3,CMP-00091,treatment,2023-09-20
ASG-001456,EXP-0001,LD-015300,,CO-0014732,paid,2023Q3,CMP-00091,treatment,2023-09-20
ASG-001457,EXP-0001,LD-015301,,CO-0105563,paid,2023Q3,CMP-00091,treatment,2023-09-20
ASG-001458,EXP-0001,LD-015302,,CO-0024046,paid,2023Q3,CMP-00091,treatment,2023-09-20
ASG-001459,EXP-0001,LD-015303,,CO-0057621,paid,2023Q3,CMP-00091,treatment,2023-09-20
ASG-001460,EXP-0001,LD-015304,,CO-0094516,paid,2023Q3,CMP-00092,treatment,2023-09-20
ASG-001461,EXP-0001,LD-015305,,CO-0028462,paid,2023Q3,CMP-00093,control,2023-09-20
ASG-001462,EXP-0001,LD-015306,,CO-0082744,paid,2023Q3,CMP-00093,control,2023-09-20
ASG-001463,EXP-0001,LD-015307,,CO-0010078,paid,2023Q3,CMP-00093,control,2023-09-20
ASG-001464,EXP-0001,LD-015308,,CO-0033834,paid,2023Q3,CMP-00093,control,2023-09-20
ASG-001465,EXP-0001,LD-015320,,CO-0060041,paid,2023Q3,CMP-00089,treatment,2023-09-21
ASG-001466,EXP-0001,LD-015321,,CO-0099956,paid,2023Q3,CMP-00089,treatment,2023-09-21
ASG-001467,EXP-0001,LD-015322,,CO-0010951,paid,2023Q3,CMP-00089,treatment,2023-09-21
ASG-001468,EXP-0001,LD-015323,,CO-0108097,paid,2023Q3,CMP-00090,treatment,2023-09-21
ASG-001469,EXP-0001,LD-015324,,CO-0079529,paid,2023Q3,CMP-00091,treatment,2023-09-21
ASG-001470,EXP-0001,LD-015325,,CO-0013686,paid,2023Q3,CMP-00091,treatment,2023-09-21
ASG-001471,EXP-0001,LD-015326,,CO-0084516,paid,2023Q3,CMP-00091,treatment,2023-09-21
ASG-001472,EXP-0001,LD-015327,,CO-0060444,paid,2023Q3,CMP-00091,treatment,2023-09-21
ASG-001473,EXP-0001,LD-015328,,CO-0042646,paid,2023Q3,CMP-00093,control,2023-09-21
ASG-001474,EXP-0001,LD-015329,,CO-0083349,paid,2023Q3,CMP-00093,control,2023-09-21
ASG-001475,EXP-0001,LD-015330,,CO-0101960,paid,2023Q3,CMP-00093,control,2023-09-21
ASG-001476,EXP-0001,LD-015331,,CO-0083944,paid,2023Q3,CMP-00093,control,2023-09-21
ASG-001477,EXP-0001,LD-015332,,CO-0120288,paid,2023Q3,CMP-00093,control,2023-09-21
ASG-001478,EXP-0001,LD-015334,ACC-000089,CO-0097415,paid,2023Q3,CMP-00093,control,2023-09-22
ASG-001479,EXP-0001,LD-015347,,CO-0117742,paid,2023Q3,CMP-00089,treatment,2023-09-22
ASG-001480,EXP-0001,LD-015348,,CO-0108748,paid,2023Q3,CMP-00089,treatment,2023-09-22
ASG-001481,EXP-0001,LD-015349,,CO-0084189,paid,2023Q3,CMP-00089,treatment,2023-09-22
ASG-001482,EXP-0001,LD-015350,,CO-0050288,paid,2023Q3,CMP-00089,treatment,2023-09-22
ASG-001483,EXP-0001,LD-015351,,CO-0051397,paid,2023Q3,CMP-00090,treatment,2023-09-22
ASG-001484,EXP-0001,LD-015352,,CO-0054292,paid,2023Q3,CMP-00090,treatment,2023-09-22
ASG-001485,EXP-0001,LD-015353,,CO-0071976,paid,2023Q3,CMP-00091,treatment,2023-09-22
ASG-001486,EXP-0001,LD-015354,,CO-0103413,paid,2023Q3,CMP-00091,treatment,2023-09-22
ASG-001487,EXP-0001,LD-015355,,CO-0120100,paid,2023Q3,CMP-00092,treatment,2023-09-22
ASG-001488,EXP-0001,LD-015356,,CO-0012979,paid,2023Q3,CMP-00093,control,2023-09-22
ASG-001489,EXP-0001,LD-015357,,CO-0049832,paid,2023Q3,CMP-00093,control,2023-09-22
ASG-001490,EXP-0001,LD-015373,,CO-0061100,paid,2023Q3,CMP-00089,treatment,2023-09-23
ASG-001491,EXP-0001,LD-015374,,CO-0002376,paid,2023Q3,CMP-00089,treatment,2023-09-23
ASG-001492,EXP-0001,LD-015375,,CO-0055874,paid,2023Q3,CMP-00089,treatment,2023-09-23
ASG-001493,EXP-0001,LD-015376,,CO-0082984,paid,2023Q3,CMP-00089,treatment,2023-09-23
ASG-001494,EXP-0001,LD-015377,,CO-0072721,paid,2023Q3,CMP-00090,treatment,2023-09-23
ASG-001495,EXP-0001,LD-015378,,CO-0093714,paid,2023Q3,CMP-00091,treatment,2023-09-23
ASG-001496,EXP-0001,LD-015379,,CO-0060294,paid,2023Q3,CMP-00091,treatment,2023-09-23
ASG-001497,EXP-0001,LD-015380,,CO-0023954,paid,2023Q3,CMP-00091,treatment,2023-09-23
ASG-001498,EXP-0001,LD-015381,,CO-0021080,paid,2023Q3,CMP-00091,treatment,2023-09-23
ASG-001499,EXP-0001,LD-015382,,CO-0089905,paid,2023Q3,CMP-00092,treatment,2023-09-23
ASG-001500,EXP-0001,LD-015383,,CO-0057678,paid,2023Q3,CMP-00093,control,2023-09-23
ASG-001501,EXP-0001,LD-015384,,CO-0087347,paid,2023Q3,CMP-00093,control,2023-09-23
ASG-001502,EXP-0001,LD-015385,,CO-0086717,paid,2023Q3,CMP-00093,control,2023-09-23
ASG-001503,EXP-0001,LD-015386,,CO-0108961,paid,2023Q3,CMP-00093,control,2023-09-23
ASG-001504,EXP-0001,LD-015387,,CO-0122370,paid,2023Q3,CMP-00093,control,2023-09-23
ASG-001505,EXP-0001,LD-015388,,CO-0112163,paid,2023Q3,CMP-00093,control,2023-09-23
ASG-001506,EXP-0001,LD-015409,,CO-0010057,paid,2023Q3,CMP-00089,treatment,2023-09-24
ASG-001507,EXP-0001,LD-015410,,CO-0105386,paid,2023Q3,CMP-00089,treatment,2023-09-24
ASG-001508,EXP-0001,LD-015411,,CO-0033280,paid,2023Q3,CMP-00090,treatment,2023-09-24
ASG-001509,EXP-0001,LD-015412,,CO-0042261,paid,2023Q3,CMP-00090,treatment,2023-09-24
ASG-001510,EXP-0001,LD-015413,,CO-0100183,paid,2023Q3,CMP-00090,treatment,2023-09-24
ASG-001511,EXP-0001,LD-015414,,CO-0039966,paid,2023Q3,CMP-00090,treatment,2023-09-24
ASG-001512,EXP-0001,LD-015415,,CO-0075692,paid,2023Q3,CMP-00090,treatment,2023-09-24
ASG-001513,EXP-0001,LD-015416,,CO-0047994,paid,2023Q3,CMP-00091,treatment,2023-09-24
ASG-001514,EXP-0001,LD-015417,,CO-0016923,paid,2023Q3,CMP-00091,treatment,2023-09-24
ASG-001515,EXP-0001,LD-015418,,CO-0075245,paid,2023Q3,CMP-00091,treatment,2023-09-24
ASG-001516,EXP-0001,LD-015419,,CO-0018429,paid,2023Q3,CMP-00093,control,2023-09-24
ASG-001517,EXP-0001,LD-015420,,CO-0035806,paid,2023Q3,CMP-00093,control,2023-09-24
ASG-001518,EXP-0001,LD-015421,,CO-0105960,paid,2023Q3,CMP-00093,control,2023-09-24
ASG-001519,EXP-0001,LD-015422,,CO-0029185,paid,2023Q3,CMP-00093,control,2023-09-24
ASG-001520,EXP-0001,LD-015423,,CO-0107037,paid,2023Q3,CMP-00093,control,2023-09-24
ASG-001521,EXP-0001,LD-015424,,CO-0086250,paid,2023Q3,CMP-00093,control,2023-09-24
ASG-001522,EXP-0001,LD-015425,,CO-0041288,paid,2023Q3,CMP-00093,control,2023-09-24
ASG-001523,EXP-0001,LD-015426,,CO-0097075,paid,2023Q3,CMP-00093,control,2023-09-24
ASG-001524,EXP-0001,LD-015427,,CO-0071764,paid,2023Q3,CMP-00093,control,2023-09-24
ASG-001525,EXP-0001,LD-015428,,CO-0001585,paid,2023Q3,CMP-00093,control,2023-09-24
ASG-001526,EXP-0001,LD-015445,,CO-0044376,paid,2023Q3,CMP-00089,treatment,2023-09-25
ASG-001527,EXP-0001,LD-015446,,CO-0046235,paid,2023Q3,CMP-00090,treatment,2023-09-25
ASG-001528,EXP-0001,LD-015447,,CO-0020325,paid,2023Q3,CMP-00090,treatment,2023-09-25
ASG-001529,EXP-0001,LD-015448,,CO-0122282,paid,2023Q3,CMP-00090,treatment,2023-09-25
ASG-001530,EXP-0001,LD-015449,,CO-0036155,paid,2023Q3,CMP-00090,treatment,2023-09-25
ASG-001531,EXP-0001,LD-015450,,CO-0102885,paid,2023Q3,CMP-00091,treatment,2023-09-25
ASG-001532,EXP-0001,LD-015451,,CO-0037139,paid,2023Q3,CMP-00091,treatment,2023-09-25
ASG-001533,EXP-0001,LD-015452,,CO-0106018,paid,2023Q3,CMP-00091,treatment,2023-09-25
ASG-001534,EXP-0001,LD-015453,,CO-0107499,paid,2023Q3,CMP-00091,treatment,2023-09-25
ASG-001535,EXP-0001,LD-015454,,CO-0074455,paid,2023Q3,CMP-00091,treatment,2023-09-25
ASG-001536,EXP-0001,LD-015455,,CO-0019616,paid,2023Q3,CMP-00093,control,2023-09-25
ASG-001537,EXP-0001,LD-015456,,CO-0002396,paid,2023Q3,CMP-00093,control,2023-09-25
ASG-001538,EXP-0001,LD-015457,,CO-0050794,paid,2023Q3,CMP-00093,control,2023-09-25
ASG-001539,EXP-0001,LD-015458,,CO-0050671,paid,2023Q3,CMP-00093,control,2023-09-25
ASG-001540,EXP-0001,LD-015470,,CO-0036145,paid,2023Q3,CMP-00089,treatment,2023-09-26
ASG-001541,EXP-0001,LD-015471,,CO-0096120,paid,2023Q3,CMP-00089,treatment,2023-09-26
ASG-001542,EXP-0001,LD-015472,,CO-0015016,paid,2023Q3,CMP-00090,treatment,2023-09-26
ASG-001543,EXP-0001,LD-015473,,CO-0032274,paid,2023Q3,CMP-00090,treatment,2023-09-26
ASG-001544,EXP-0001,LD-015474,,CO-0034022,paid,2023Q3,CMP-00090,treatment,2023-09-26
ASG-001545,EXP-0001,LD-015475,,CO-0077682,paid,2023Q3,CMP-00090,treatment,2023-09-26
ASG-001546,EXP-0001,LD-015476,,CO-0018421,paid,2023Q3,CMP-00090,treatment,2023-09-26
ASG-001547,EXP-0001,LD-015477,,CO-0051349,paid,2023Q3,CMP-00090,treatment,2023-09-26
ASG-001548,EXP-0001,LD-015478,,CO-0118706,paid,2023Q3,CMP-00091,treatment,2023-09-26
ASG-001549,EXP-0001,LD-015479,,CO-0003490,paid,2023Q3,CMP-00091,treatment,2023-09-26
ASG-001550,EXP-0001,LD-015480,,CO-0103146,paid,2023Q3,CMP-00091,treatment,2023-09-26
ASG-001551,EXP-0001,LD-015481,,CO-0050121,paid,2023Q3,CMP-00091,treatment,2023-09-26
ASG-001552,EXP-0001,LD-015482,,CO-0089237,paid,2023Q3,CMP-00091,treatment,2023-09-26
ASG-001553,EXP-0001,LD-015483,,CO-0027835,paid,2023Q3,CMP-00093,control,2023-09-26
ASG-001554,EXP-0001,LD-015484,,CO-0073165,paid,2023Q3,CMP-00093,control,2023-09-26
ASG-001555,EXP-0001,LD-015485,,CO-0066353,paid,2023Q3,CMP-00093,control,2023-09-26
ASG-001556,EXP-0001,LD-015486,,CO-0120677,paid,2023Q3,CMP-00093,control,2023-09-26
ASG-001557,EXP-0001,LD-015487,,CO-0119610,paid,2023Q3,CMP-00093,control,2023-09-26
ASG-001558,EXP-0001,LD-015493,ACC-002971,CO-0037319,paid,2023Q3,CMP-00089,treatment,2023-09-27
ASG-001559,EXP-0001,LD-015503,,CO-0046157,paid,2023Q3,CMP-00089,treatment,2023-09-27
ASG-001560,EXP-0001,LD-015504,,CO-0052535,paid,2023Q3,CMP-00089,treatment,2023-09-27
ASG-001561,EXP-0001,LD-015505,,CO-0001164,paid,2023Q3,CMP-00089,treatment,2023-09-27
ASG-001562,EXP-0001,LD-015506,,CO-0098037,paid,2023Q3,CMP-00090,treatment,2023-09-27
ASG-001563,EXP-0001,LD-015507,,CO-0104003,paid,2023Q3,CMP-00090,treatment,2023-09-27
ASG-001564,EXP-0001,LD-015508,,CO-0108069,paid,2023Q3,CMP-00090,treatment,2023-09-27
ASG-001565,EXP-0001,LD-015509,,CO-0015042,paid,2023Q3,CMP-00090,treatment,2023-09-27
ASG-001566,EXP-0001,LD-015510,,CO-0085450,paid,2023Q3,CMP-00090,treatment,2023-09-27
ASG-001567,EXP-0001,LD-015511,,CO-0049753,paid,2023Q3,CMP-00091,treatment,2023-09-27
ASG-001568,EXP-0001,LD-015512,,CO-0122476,paid,2023Q3,CMP-00093,control,2023-09-27
ASG-001569,EXP-0001,LD-015513,,CO-0080804,paid,2023Q3,CMP-00093,control,2023-09-27
ASG-001570,EXP-0001,LD-015521,,CO-0068344,paid,2023Q3,CMP-00089,treatment,2023-09-28
ASG-001571,EXP-0001,LD-015522,,CO-0059672,paid,2023Q3,CMP-00089,treatment,2023-09-28
ASG-001572,EXP-0001,LD-015523,,CO-0043700,paid,2023Q3,CMP-00089,treatment,2023-09-28
ASG-001573,EXP-0001,LD-015524,,CO-0055193,paid,2023Q3,CMP-00089,treatment,2023-09-28
ASG-001574,EXP-0001,LD-015525,,CO-0066854,paid,2023Q3,CMP-00089,treatment,2023-09-28
ASG-001575,EXP-0001,LD-015526,,CO-0012093,paid,2023Q3,CMP-00090,treatment,2023-09-28
ASG-001576,EXP-0001,LD-015527,,CO-0114507,paid,2023Q3,CMP-00090,treatment,2023-09-28
ASG-001577,EXP-0001,LD-015528,,CO-0032435,paid,2023Q3,CMP-00093,control,2023-09-28
ASG-001578,EXP-0001,LD-015529,,CO-0031395,paid,2023Q3,CMP-00093,control,2023-09-28
ASG-001579,EXP-0001,LD-015530,,CO-0061120,paid,2023Q3,CMP-00093,control,2023-09-28
ASG-001580,EXP-0001,LD-015531,,CO-0077492,paid,2023Q3,CMP-00093,control,2023-09-28
ASG-001581,EXP-0001,LD-015532,,CO-0010005,paid,2023Q3,CMP-00093,control,2023-09-28
ASG-001582,EXP-0001,LD-015545,,CO-0048422,paid,2023Q3,CMP-00089,treatment,2023-09-29
ASG-001583,EXP-0001,LD-015546,,CO-0111995,paid,2023Q3,CMP-00089,treatment,2023-09-29
ASG-001584,EXP-0001,LD-015547,,CO-0060433,paid,2023Q3,CMP-00089,treatment,2023-09-29
ASG-001585,EXP-0001,LD-015548,,CO-0105024,paid,2023Q3,CMP-00089,treatment,2023-09-29
ASG-001586,EXP-0001,LD-015549,,CO-0006615,paid,2023Q3,CMP-00090,treatment,2023-09-29
ASG-001587,EXP-0001,LD-015550,,CO-0101289,paid,2023Q3,CMP-00090,treatment,2023-09-29
ASG-001588,EXP-0001,LD-015551,,CO-0042310,paid,2023Q3,CMP-00090,treatment,2023-09-29
ASG-001589,EXP-0001,LD-015552,,CO-0052864,paid,2023Q3,CMP-00093,control,2023-09-29
ASG-001590,EXP-0001,LD-015553,,CO-0122311,paid,2023Q3,CMP-00093,control,2023-09-29
ASG-001591,EXP-0001,LD-015554,,CO-0009557,paid,2023Q3,CMP-00093,control,2023-09-29
ASG-001592,EXP-0001,LD-015555,,CO-0089647,paid,2023Q3,CMP-00093,control,2023-09-29
ASG-001593,EXP-0001,LD-015558,ACC-001792,CO-0064950,paid,2023Q3,CMP-00089,treatment,2023-09-30
ASG-001594,EXP-0001,LD-015559,ACC-004796,CO-0093679,paid,2023Q3,CMP-00089,treatment,2023-09-30
ASG-001595,EXP-0001,LD-015574,,CO-0088626,paid,2023Q3,CMP-00089,treatment,2023-09-30
ASG-001596,EXP-0001,LD-015575,,CO-0032246,paid,2023Q3,CMP-00089,treatment,2023-09-30
ASG-001597,EXP-0001,LD-015576,,CO-0029128,paid,2023Q3,CMP-00089,treatment,2023-09-30
ASG-001598,EXP-0001,LD-015577,,CO-0091193,paid,2023Q3,CMP-00093,control,2023-09-30
ASG-001599,EXP-0001,LD-015578,,CO-0121025,paid,2023Q3,CMP-00093,control,2023-09-30
ASG-001600,EXP-0001,LD-021326,,CO-0070910,community,2024Q2,CMP-00123,treatment,2024-04-01
ASG-001601,EXP-0001,LD-021327,,CO-0035826,community,2024Q2,CMP-00123,treatment,2024-04-01
ASG-001602,EXP-0001,LD-021328,,CO-0087728,community,2024Q2,CMP-00126,control,2024-04-01
ASG-001603,EXP-0001,LD-021346,ACC-007634,CO-0083604,community,2024Q2,CMP-00123,treatment,2024-04-03
ASG-001604,EXP-0001,LD-021357,,CO-0013429,community,2024Q2,CMP-00123,treatment,2024-04-03
ASG-001605,EXP-0001,LD-021358,,CO-0058058,community,2024Q2,CMP-00123,treatment,2024-04-03
ASG-001606,EXP-0001,LD-021359,,CO-0052973,community,2024Q2,CMP-00124,treatment,2024-04-03
ASG-001607,EXP-0001,LD-021361,ACC-005968,CO-0023956,community,2024Q2,CMP-00124,treatment,2024-04-04
ASG-001608,EXP-0001,LD-021379,,CO-0001063,community,2024Q2,CMP-00123,treatment,2024-04-04
ASG-001609,EXP-0001,LD-021380,,CO-0023925,community,2024Q2,CMP-00123,treatment,2024-04-04
ASG-001610,EXP-0001,LD-021381,,CO-0079182,community,2024Q2,CMP-00123,treatment,2024-04-04
ASG-001611,EXP-0001,LD-021404,,CO-0016271,community,2024Q2,CMP-00123,treatment,2024-04-05
ASG-001612,EXP-0001,LD-021447,,CO-0114258,community,2024Q2,CMP-00123,treatment,2024-04-06
ASG-001613,EXP-0001,LD-021448,,CO-0075080,community,2024Q2,CMP-00126,control,2024-04-06
ASG-001614,EXP-0001,LD-021468,,CO-0091818,community,2024Q2,CMP-00123,treatment,2024-04-07
ASG-001615,EXP-0001,LD-021469,,CO-0020949,community,2024Q2,CMP-00123,treatment,2024-04-07
ASG-001616,EXP-0001,LD-021470,,CO-0091706,community,2024Q2,CMP-00123,treatment,2024-04-07
ASG-001617,EXP-0001,LD-021471,,CO-0000068,community,2024Q2,CMP-00126,control,2024-04-07
ASG-001618,EXP-0001,LD-021536,,CO-0029483,community,2024Q2,CMP-00123,treatment,2024-04-09
ASG-001619,EXP-0001,LD-021537,,CO-0051583,community,2024Q2,CMP-00123,treatment,2024-04-09
ASG-001620,EXP-0001,LD-021538,,CO-0017821,community,2024Q2,CMP-00124,treatment,2024-04-09
ASG-001621,EXP-0001,LD-021539,,CO-0086679,community,2024Q2,CMP-00124,treatment,2024-04-09
ASG-001622,EXP-0001,LD-021540,,CO-0113531,community,2024Q2,CMP-00126,control,2024-04-09
ASG-001623,EXP-0001,LD-021576,,CO-0002023,community,2024Q2,CMP-00126,control,2024-04-10
ASG-001624,EXP-0001,LD-021609,,CO-0102931,community,2024Q2,CMP-00123,treatment,2024-04-11
ASG-001625,EXP-0001,LD-021610,,CO-0077400,community,2024Q2,CMP-00125,treatment,2024-04-11
ASG-001626,EXP-0001,LD-021611,,CO-0021225,community,2024Q2,CMP-00125,treatment,2024-04-11
ASG-001627,EXP-0001,LD-021647,,CO-0075756,community,2024Q2,CMP-00123,treatment,2024-04-12
ASG-001628,EXP-0001,LD-021648,,CO-0020044,community,2024Q2,CMP-00124,treatment,2024-04-12
ASG-001629,EXP-0001,LD-021649,,CO-0067295,community,2024Q2,CMP-00125,treatment,2024-04-12
ASG-001630,EXP-0001,LD-021650,,CO-0106043,community,2024Q2,CMP-00126,control,2024-04-12
ASG-001631,EXP-0001,LD-021683,,CO-0071413,community,2024Q2,CMP-00125,treatment,2024-04-13
ASG-001632,EXP-0001,LD-021684,,CO-0038667,community,2024Q2,CMP-00125,treatment,2024-04-13
ASG-001633,EXP-0001,LD-021685,,CO-0082873,community,2024Q2,CMP-00126,control,2024-04-13
ASG-001634,EXP-0001,LD-021723,,CO-0085167,community,2024Q2,CMP-00124,treatment,2024-04-14
ASG-001635,EXP-0001,LD-021724,,CO-0075807,community,2024Q2,CMP-00124,treatment,2024-04-14
ASG-001636,EXP-0001,LD-021725,,CO-0005180,community,2024Q2,CMP-00125,treatment,2024-04-14
ASG-001637,EXP-0001,LD-021726,,CO-0069409,community,2024Q2,CMP-00125,treatment,2024-04-14
ASG-001638,EXP-0001,LD-021727,,CO-0096600,community,2024Q2,CMP-00125,treatment,2024-04-14
ASG-001639,EXP-0001,LD-021728,,CO-0047800,community,2024Q2,CMP-00125,treatment,2024-04-14
ASG-001640,EXP-0001,LD-021767,,CO-0032978,community,2024Q2,CMP-00123,treatment,2024-04-15
ASG-001641,EXP-0001,LD-021768,,CO-0041824,community,2024Q2,CMP-00123,treatment,2024-04-15
ASG-001642,EXP-0001,LD-021769,,CO-0014410,community,2024Q2,CMP-00125,treatment,2024-04-15
ASG-001643,EXP-0001,LD-021770,,CO-0060442,community,2024Q2,CMP-00125,treatment,2024-04-15
ASG-001644,EXP-0001,LD-021771,,CO-0039406,community,2024Q2,CMP-00125,treatment,2024-04-15
ASG-001645,EXP-0001,LD-021796,,CO-0055973,community,2024Q2,CMP-00123,treatment,2024-04-16
ASG-001646,EXP-0001,LD-021838,,CO-0054146,community,2024Q2,CMP-00125,treatment,2024-04-17
ASG-001647,EXP-0001,LD-021872,,CO-0114743,community,2024Q2,CMP-00124,treatment,2024-04-18
ASG-001648,EXP-0001,LD-021919,,CO-0074179,community,2024Q2,CMP-00123,treatment,2024-04-19
ASG-001649,EXP-0001,LD-021920,,CO-0046702,community,2024Q2,CMP-00125,treatment,2024-04-19
ASG-001650,EXP-0001,LD-021921,,CO-0043517,community,2024Q2,CMP-00125,treatment,2024-04-19
ASG-001651,EXP-0001,LD-021955,,CO-0055766,community,2024Q2,CMP-00124,treatment,2024-04-20
ASG-001652,EXP-0001,LD-021956,,CO-0048345,community,2024Q2,CMP-00126,control,2024-04-20
ASG-001653,EXP-0001,LD-021957,,CO-0113173,community,2024Q2,CMP-00126,control,2024-04-20
ASG-001654,EXP-0001,LD-022002,,CO-0056099,community,2024Q2,CMP-00123,treatment,2024-04-21
ASG-001655,EXP-0001,LD-022003,,CO-0101513,community,2024Q2,CMP-00123,treatment,2024-04-21
ASG-001656,EXP-0001,LD-022004,,CO-0089138,community,2024Q2,CMP-00123,treatment,2024-04-21
ASG-001657,EXP-0001,LD-022005,,CO-0101291,community,2024Q2,CMP-00124,treatment,2024-04-21
ASG-001658,EXP-0001,LD-022006,,CO-0026885,community,2024Q2,CMP-00125,treatment,2024-04-21
ASG-001659,EXP-0001,LD-022007,,CO-0062003,community,2024Q2,CMP-00126,control,2024-04-21
ASG-001660,EXP-0001,LD-022008,,CO-0103456,community,2024Q2,CMP-00126,control,2024-04-21
ASG-001661,EXP-0001,LD-022080,,CO-0104964,community,2024Q2,CMP-00126,control,2024-04-23
ASG-001662,EXP-0001,LD-022081,,CO-0101814,community,2024Q2,CMP-00126,control,2024-04-23
ASG-001663,EXP-0001,LD-022113,,CO-0077564,community,2024Q2,CMP-00123,treatment,2024-04-24
ASG-001664,EXP-0001,LD-022114,,CO-0015518,community,2024Q2,CMP-00125,treatment,2024-04-24
ASG-001665,EXP-0001,LD-022115,,CO-0119582,community,2024Q2,CMP-00125,treatment,2024-04-24
ASG-001666,EXP-0001,LD-022152,,CO-0084833,community,2024Q2,CMP-00123,treatment,2024-04-25
ASG-001667,EXP-0001,LD-022153,,CO-0013921,community,2024Q2,CMP-00125,treatment,2024-04-25
ASG-001668,EXP-0001,LD-022154,,CO-0039247,community,2024Q2,CMP-00125,treatment,2024-04-25
ASG-001669,EXP-0001,LD-022202,,CO-0003410,community,2024Q2,CMP-00123,treatment,2024-04-26
ASG-001670,EXP-0001,LD-022203,,CO-0117446,community,2024Q2,CMP-00123,treatment,2024-04-26
ASG-001671,EXP-0001,LD-022204,,CO-0046561,community,2024Q2,CMP-00123,treatment,2024-04-26
ASG-001672,EXP-0001,LD-022205,,CO-0009629,community,2024Q2,CMP-00126,control,2024-04-26
ASG-001673,EXP-0001,LD-022249,,CO-0118618,community,2024Q2,CMP-00123,treatment,2024-04-27
ASG-001674,EXP-0001,LD-022250,,CO-0072717,community,2024Q2,CMP-00123,treatment,2024-04-27
ASG-001675,EXP-0001,LD-022251,,CO-0008527,community,2024Q2,CMP-00125,treatment,2024-04-27
ASG-001676,EXP-0001,LD-022291,,CO-0054737,community,2024Q2,CMP-00123,treatment,2024-04-28
ASG-001677,EXP-0001,LD-022292,,CO-0003742,community,2024Q2,CMP-00124,treatment,2024-04-28
ASG-001678,EXP-0001,LD-022293,,CO-0042689,community,2024Q2,CMP-00125,treatment,2024-04-28
ASG-001679,EXP-0001,LD-022294,ACC-003684,CO-0067343,community,2024Q2,CMP-00123,treatment,2024-04-29
ASG-001680,EXP-0001,LD-022325,,CO-0086397,community,2024Q2,CMP-00125,treatment,2024-04-29
ASG-001681,EXP-0001,LD-022326,,CO-0097956,community,2024Q2,CMP-00125,treatment,2024-04-29
ASG-001682,EXP-0001,LD-022371,,CO-0030739,community,2024Q2,CMP-00124,treatment,2024-04-30
ASG-001683,EXP-0001,LD-022372,,CO-0106214,community,2024Q2,CMP-00124,treatment,2024-04-30
ASG-001684,EXP-0001,LD-022373,,CO-0038922,community,2024Q2,CMP-00125,treatment,2024-04-30
ASG-001685,EXP-0001,LD-022374,,CO-0068114,community,2024Q2,CMP-00125,treatment,2024-04-30
ASG-001686,EXP-0001,LD-022415,,CO-0096201,community,2024Q2,CMP-00125,treatment,2024-05-01
ASG-001687,EXP-0001,LD-022416,,CO-0120979,community,2024Q2,CMP-00126,control,2024-05-01
ASG-001688,EXP-0001,LD-022465,,CO-0071417,community,2024Q2,CMP-00123,treatment,2024-05-02
ASG-001689,EXP-0001,LD-022466,,CO-0098158,community,2024Q2,CMP-00123,treatment,2024-05-02
ASG-001690,EXP-0001,LD-022467,,CO-0096693,community,2024Q2,CMP-00125,treatment,2024-05-02
ASG-001691,EXP-0001,LD-022503,,CO-0055623,community,2024Q2,CMP-00125,treatment,2024-05-03
ASG-001692,EXP-0001,LD-022504,,CO-0074851,community,2024Q2,CMP-00126,control,2024-05-03
ASG-001693,EXP-0001,LD-022542,,CO-0118584,community,2024Q2,CMP-00124,treatment,2024-05-04
ASG-001694,EXP-0001,LD-022543,,CO-0019270,community,2024Q2,CMP-00125,treatment,2024-05-04
ASG-001695,EXP-0001,LD-022544,,CO-0081763,community,2024Q2,CMP-00125,treatment,2024-05-04
ASG-001696,EXP-0001,LD-022545,,CO-0079644,community,2024Q2,CMP-00125,treatment,2024-05-04
ASG-001697,EXP-0001,LD-022578,ACC-002289,CO-0070511,community,2024Q2,CMP-00123,treatment,2024-05-06
ASG-001698,EXP-0001,LD-022621,,CO-0029665,community,2024Q2,CMP-00123,treatment,2024-05-06
ASG-001699,EXP-0001,LD-022624,ACC-006302,CO-0060410,community,2024Q2,CMP-00125,treatment,2024-05-07
ASG-001700,EXP-0001,LD-022656,,CO-0035104,community,2024Q2,CMP-00123,treatment,2024-05-07
ASG-001701,EXP-0001,LD-022691,,CO-0022352,community,2024Q2,CMP-00125,treatment,2024-05-08
ASG-001702,EXP-0001,LD-022692,,CO-0049926,community,2024Q2,CMP-00125,treatment,2024-05-08
ASG-001703,EXP-0001,LD-022721,,CO-0072558,community,2024Q2,CMP-00125,treatment,2024-05-09
ASG-001704,EXP-0001,LD-022722,,CO-0080792,community,2024Q2,CMP-00126,control,2024-05-09
ASG-001705,EXP-0001,LD-022726,ACC-007483,CO-0073787,community,2024Q2,CMP-00125,treatment,2024-05-10
ASG-001706,EXP-0001,LD-022761,,CO-0010788,community,2024Q2,CMP-00123,treatment,2024-05-10
ASG-001707,EXP-0001,LD-022762,,CO-0108857,community,2024Q2,CMP-00125,treatment,2024-05-10
ASG-001708,EXP-0001,LD-022763,,CO-0122597,community,2024Q2,CMP-00125,treatment,2024-05-10
ASG-001709,EXP-0001,LD-022809,,CO-0093469,community,2024Q2,CMP-00123,treatment,2024-05-11
ASG-001710,EXP-0001,LD-022810,,CO-0031458,community,2024Q2,CMP-00125,treatment,2024-05-11
ASG-001711,EXP-0001,LD-022811,,CO-0073211,community,2024Q2,CMP-00126,control,2024-05-11
ASG-001712,EXP-0001,LD-022836,,CO-0072511,community,2024Q2,CMP-00123,treatment,2024-05-12
ASG-001713,EXP-0001,LD-022837,,CO-0049946,community,2024Q2,CMP-00123,treatment,2024-05-12
ASG-001714,EXP-0001,LD-022838,,CO-0023396,community,2024Q2,CMP-00124,treatment,2024-05-12
ASG-001715,EXP-0001,LD-022839,,CO-0030159,community,2024Q2,CMP-00126,control,2024-05-12
ASG-001716,EXP-0001,LD-022880,,CO-0101079,community,2024Q2,CMP-00123,treatment,2024-05-13
ASG-001717,EXP-0001,LD-022881,,CO-0119015,community,2024Q2,CMP-00123,treatment,2024-05-13
ASG-001718,EXP-0001,LD-022882,,CO-0012533,community,2024Q2,CMP-00124,treatment,2024-05-13
ASG-001719,EXP-0001,LD-022883,,CO-0056883,community,2024Q2,CMP-00125,treatment,2024-05-13
ASG-001720,EXP-0001,LD-022884,,CO-0028101,community,2024Q2,CMP-00126,control,2024-05-13
ASG-001721,EXP-0001,LD-022885,,CO-0003355,community,2024Q2,CMP-00126,control,2024-05-13
ASG-001722,EXP-0001,LD-022923,,CO-0037331,community,2024Q2,CMP-00123,treatment,2024-05-14
ASG-001723,EXP-0001,LD-022924,,CO-0013939,community,2024Q2,CMP-00126,control,2024-05-14
ASG-001724,EXP-0001,LD-022971,,CO-0075712,community,2024Q2,CMP-00125,treatment,2024-05-15
ASG-001725,EXP-0001,LD-022972,,CO-0115812,community,2024Q2,CMP-00126,control,2024-05-15
ASG-001726,EXP-0001,LD-023003,,CO-0116665,community,2024Q2,CMP-00123,treatment,2024-05-16
ASG-001727,EXP-0001,LD-023039,,CO-0032888,community,2024Q2,CMP-00125,treatment,2024-05-17
ASG-001728,EXP-0001,LD-023040,,CO-0094255,community,2024Q2,CMP-00125,treatment,2024-05-17
ASG-001729,EXP-0001,LD-023075,,CO-0017916,community,2024Q2,CMP-00125,treatment,2024-05-18
ASG-001730,EXP-0001,LD-023076,,CO-0014233,community,2024Q2,CMP-00125,treatment,2024-05-18
ASG-001731,EXP-0001,LD-023077,,CO-0075385,community,2024Q2,CMP-00125,treatment,2024-05-18
ASG-001732,EXP-0001,LD-023117,,CO-0001766,community,2024Q2,CMP-00123,treatment,2024-05-19
ASG-001733,EXP-0001,LD-023118,,CO-0087105,community,2024Q2,CMP-00125,treatment,2024-05-19
ASG-001734,EXP-0001,LD-023119,,CO-0024078,community,2024Q2,CMP-00125,treatment,2024-05-19
ASG-001735,EXP-0001,LD-023120,,CO-0012893,community,2024Q2,CMP-00125,treatment,2024-05-19
ASG-001736,EXP-0001,LD-023121,,CO-0061084,community,2024Q2,CMP-00125,treatment,2024-05-19
ASG-001737,EXP-0001,LD-023122,,CO-0106995,community,2024Q2,CMP-00126,control,2024-05-19
ASG-001738,EXP-0001,LD-023124,ACC-004695,CO-0065773,community,2024Q2,CMP-00123,treatment,2024-05-20
ASG-001739,EXP-0001,LD-023185,,CO-0089469,community,2024Q2,CMP-00125,treatment,2024-05-21
ASG-001740,EXP-0001,LD-023186,,CO-0088345,community,2024Q2,CMP-00126,control,2024-05-21
ASG-001741,EXP-0001,LD-023187,ACC-000218,CO-0030780,community,2024Q2,CMP-00125,treatment,2024-05-22
ASG-001742,EXP-0001,LD-023223,,CO-0016413,community,2024Q2,CMP-00123,treatment,2024-05-22
ASG-001743,EXP-0001,LD-023224,,CO-0107495,community,2024Q2,CMP-00123,treatment,2024-05-22
ASG-001744,EXP-0001,LD-023225,,CO-0036496,community,2024Q2,CMP-00123,treatment,2024-05-22
ASG-001745,EXP-0001,LD-023226,,CO-0098468,community,2024Q2,CMP-00125,treatment,2024-05-22
ASG-001746,EXP-0001,LD-023227,,CO-0022416,community,2024Q2,CMP-00126,control,2024-05-22
ASG-001747,EXP-0001,LD-023261,,CO-0111819,community,2024Q2,CMP-00123,treatment,2024-05-23
ASG-001748,EXP-0001,LD-023262,,CO-0042778,community,2024Q2,CMP-00123,treatment,2024-05-23
ASG-001749,EXP-0001,LD-023263,,CO-0090791,community,2024Q2,CMP-00125,treatment,2024-05-23
ASG-001750,EXP-0001,LD-023264,,CO-0040464,community,2024Q2,CMP-00125,treatment,2024-05-23
ASG-001751,EXP-0001,LD-023297,,CO-0078634,community,2024Q2,CMP-00123,treatment,2024-05-24
ASG-001752,EXP-0001,LD-023298,,CO-0069694,community,2024Q2,CMP-00123,treatment,2024-05-24
ASG-001753,EXP-0001,LD-023348,,CO-0006254,community,2024Q2,CMP-00123,treatment,2024-05-25
ASG-001754,EXP-0001,LD-023349,,CO-0111822,community,2024Q2,CMP-00125,treatment,2024-05-25
ASG-001755,EXP-0001,LD-023387,,CO-0002241,community,2024Q2,CMP-00123,treatment,2024-05-26
ASG-001756,EXP-0001,LD-023388,,CO-0071105,community,2024Q2,CMP-00124,treatment,2024-05-26
ASG-001757,EXP-0001,LD-023389,,CO-0104894,community,2024Q2,CMP-00126,control,2024-05-26
ASG-001758,EXP-0001,LD-023430,,CO-0101901,community,2024Q2,CMP-00124,treatment,2024-05-27
ASG-001759,EXP-0001,LD-023431,,CO-0059096,community,2024Q2,CMP-00124,treatment,2024-05-27
ASG-001760,EXP-0001,LD-023432,,CO-0068584,community,2024Q2,CMP-00125,treatment,2024-05-27
ASG-001761,EXP-0001,LD-023433,,CO-0100821,community,2024Q2,CMP-00125,treatment,2024-05-27
ASG-001762,EXP-0001,LD-023434,,CO-0083699,community,2024Q2,CMP-00125,treatment,2024-05-27
ASG-001763,EXP-0001,LD-023477,,CO-0084296,community,2024Q2,CMP-00125,treatment,2024-05-28
ASG-001764,EXP-0001,LD-023478,,CO-0014382,community,2024Q2,CMP-00126,control,2024-05-28
ASG-001765,EXP-0001,LD-023511,,CO-0105530,community,2024Q2,CMP-00123,treatment,2024-05-29
ASG-001766,EXP-0001,LD-023512,,CO-0057749,community,2024Q2,CMP-00123,treatment,2024-05-29
ASG-001767,EXP-0001,LD-023513,,CO-0013402,community,2024Q2,CMP-00125,treatment,2024-05-29
ASG-001768,EXP-0001,LD-023514,,CO-0000648,community,2024Q2,CMP-00126,control,2024-05-29
ASG-001769,EXP-0001,LD-023546,,CO-0068166,community,2024Q2,CMP-00123,treatment,2024-05-30
ASG-001770,EXP-0001,LD-023547,,CO-0034237,community,2024Q2,CMP-00124,treatment,2024-05-30
ASG-001771,EXP-0001,LD-023548,,CO-0000992,community,2024Q2,CMP-00125,treatment,2024-05-30
ASG-001772,EXP-0001,LD-023549,,CO-0100744,community,2024Q2,CMP-00125,treatment,2024-05-30
ASG-001773,EXP-0001,LD-023550,,CO-0008542,community,2024Q2,CMP-00125,treatment,2024-05-30
ASG-001774,EXP-0001,LD-023551,,CO-0010408,community,2024Q2,CMP-00126,control,2024-05-30
ASG-001775,EXP-0001,LD-023552,,CO-0064907,community,2024Q2,CMP-00126,control,2024-05-30
ASG-001776,EXP-0001,LD-023594,,CO-0119460,community,2024Q2,CMP-00123,treatment,2024-05-31
ASG-001777,EXP-0001,LD-023595,,CO-0089908,community,2024Q2,CMP-00124,treatment,2024-05-31
ASG-001778,EXP-0001,LD-023596,,CO-0050185,community,2024Q2,CMP-00125,treatment,2024-05-31
ASG-001779,EXP-0001,LD-023598,ACC-005639,CO-0108483,community,2024Q2,CMP-00124,treatment,2024-06-01
ASG-001780,EXP-0001,LD-023646,,CO-0118277,community,2024Q2,CMP-00123,treatment,2024-06-01
ASG-001781,EXP-0001,LD-023647,,CO-0025144,community,2024Q2,CMP-00125,treatment,2024-06-01
ASG-001782,EXP-0001,LD-023648,,CO-0110197,community,2024Q2,CMP-00125,treatment,2024-06-01
ASG-001783,EXP-0001,LD-023649,,CO-0021798,community,2024Q2,CMP-00125,treatment,2024-06-01
ASG-001784,EXP-0001,LD-023651,ACC-003876,CO-0076131,community,2024Q2,CMP-00125,treatment,2024-06-02
ASG-001785,EXP-0001,LD-023694,ACC-004648,CO-0066850,community,2024Q2,CMP-00125,treatment,2024-06-03
ASG-001786,EXP-0001,LD-023732,,CO-0084299,community,2024Q2,CMP-00124,treatment,2024-06-03
ASG-001787,EXP-0001,LD-023733,,CO-0110195,community,2024Q2,CMP-00124,treatment,2024-06-03
ASG-001788,EXP-0001,LD-023734,,CO-0053259,community,2024Q2,CMP-00125,treatment,2024-06-03
ASG-001789,EXP-0001,LD-023735,,CO-0119476,community,2024Q2,CMP-00125,treatment,2024-06-03
ASG-001790,EXP-0001,LD-023765,,CO-0093175,community,2024Q2,CMP-00125,treatment,2024-06-04
ASG-001791,EXP-0001,LD-023766,,CO-0044930,community,2024Q2,CMP-00125,treatment,2024-06-04
ASG-001792,EXP-0001,LD-023767,,CO-0115651,community,2024Q2,CMP-00126,control,2024-06-04
ASG-001793,EXP-0001,LD-023842,,CO-0112212,community,2024Q2,CMP-00123,treatment,2024-06-06
ASG-001794,EXP-0001,LD-023843,,CO-0038538,community,2024Q2,CMP-00123,treatment,2024-06-06
ASG-001795,EXP-0001,LD-023844,,CO-0088074,community,2024Q2,CMP-00123,treatment,2024-06-06
ASG-001796,EXP-0001,LD-023845,,CO-0026869,community,2024Q2,CMP-00125,treatment,2024-06-06
ASG-001797,EXP-0001,LD-023846,,CO-0102796,community,2024Q2,CMP-00125,treatment,2024-06-06
ASG-001798,EXP-0001,LD-023937,,CO-0116360,community,2024Q2,CMP-00123,treatment,2024-06-08
ASG-001799,EXP-0001,LD-023938,,CO-0080714,community,2024Q2,CMP-00125,treatment,2024-06-08
ASG-001800,EXP-0001,LD-023939,,CO-0048911,community,2024Q2,CMP-00125,treatment,2024-06-08
ASG-001801,EXP-0001,LD-023940,,CO-0094152,community,2024Q2,CMP-00125,treatment,2024-06-08
ASG-001802,EXP-0001,LD-023979,,CO-0115563,community,2024Q2,CMP-00123,treatment,2024-06-09
ASG-001803,EXP-0001,LD-023980,,CO-0076339,community,2024Q2,CMP-00125,treatment,2024-06-09
ASG-001804,EXP-0001,LD-023984,ACC-006646,CO-0105496,community,2024Q2,CMP-00125,treatment,2024-06-10
ASG-001805,EXP-0001,LD-024012,,CO-0008944,community,2024Q2,CMP-00123,treatment,2024-06-10
ASG-001806,EXP-0001,LD-024013,,CO-0056798,community,2024Q2,CMP-00123,treatment,2024-06-10
ASG-001807,EXP-0001,LD-024014,,CO-0048163,community,2024Q2,CMP-00125,treatment,2024-06-10
ASG-001808,EXP-0001,LD-024015,,CO-0061680,community,2024Q2,CMP-00125,treatment,2024-06-10
ASG-001809,EXP-0001,LD-024061,,CO-0041683,community,2024Q2,CMP-00125,treatment,2024-06-11
ASG-001810,EXP-0001,LD-024062,,CO-0020333,community,2024Q2,CMP-00125,treatment,2024-06-11
ASG-001811,EXP-0001,LD-024063,,CO-0021232,community,2024Q2,CMP-00125,treatment,2024-06-11
ASG-001812,EXP-0001,LD-024065,ACC-005035,CO-0016903,community,2024Q2,CMP-00125,treatment,2024-06-12
ASG-001813,EXP-0001,LD-024066,ACC-007684,CO-0058461,community,2024Q2,CMP-00123,treatment,2024-06-12
ASG-001814,EXP-0001,LD-024103,,CO-0033737,community,2024Q2,CMP-00123,treatment,2024-06-12
ASG-001815,EXP-0001,LD-024104,,CO-0120375,community,2024Q2,CMP-00124,treatment,2024-06-12
ASG-001816,EXP-0001,LD-024105,,CO-0100646,community,2024Q2,CMP-00124,treatment,2024-06-12
ASG-001817,EXP-0001,LD-024106,,CO-0074174,community,2024Q2,CMP-00124,treatment,2024-06-12
ASG-001818,EXP-0001,LD-024107,,CO-0092658,community,2024Q2,CMP-00125,treatment,2024-06-12
ASG-001819,EXP-0001,LD-024108,,CO-0093803,community,2024Q2,CMP-00125,treatment,2024-06-12
ASG-001820,EXP-0001,LD-024109,,CO-0001685,community,2024Q2,CMP-00126,control,2024-06-12
ASG-001821,EXP-0001,LD-024111,ACC-004836,CO-0050234,community,2024Q2,CMP-00124,treatment,2024-06-13
ASG-001822,EXP-0001,LD-024165,,CO-0112033,community,2024Q2,CMP-00126,control,2024-06-13
ASG-001823,EXP-0001,LD-024197,,CO-0105252,community,2024Q2,CMP-00123,treatment,2024-06-14
ASG-001824,EXP-0001,LD-024198,,CO-0035534,community,2024Q2,CMP-00123,treatment,2024-06-14
ASG-001825,EXP-0001,LD-024199,,CO-0005244,community,2024Q2,CMP-00123,treatment,2024-06-14
ASG-001826,EXP-0001,LD-024200,,CO-0049734,community,2024Q2,CMP-00124,treatment,2024-06-14
ASG-001827,EXP-0001,LD-024201,,CO-0105984,community,2024Q2,CMP-00125,treatment,2024-06-14
ASG-001828,EXP-0001,LD-024244,,CO-0111505,community,2024Q2,CMP-00123,treatment,2024-06-15
ASG-001829,EXP-0001,LD-024245,,CO-0013366,community,2024Q2,CMP-00125,treatment,2024-06-15
ASG-001830,EXP-0001,LD-024246,,CO-0102651,community,2024Q2,CMP-00125,treatment,2024-06-15
ASG-001831,EXP-0001,LD-024251,ACC-006984,CO-0015781,community,2024Q2,CMP-00126,control,2024-06-16
ASG-001832,EXP-0001,LD-024283,,CO-0021584,community,2024Q2,CMP-00123,treatment,2024-06-16
ASG-001833,EXP-0001,LD-024284,,CO-0079029,community,2024Q2,CMP-00123,treatment,2024-06-16
ASG-001834,EXP-0001,LD-024285,,CO-0077620,community,2024Q2,CMP-00125,treatment,2024-06-16
ASG-001835,EXP-0001,LD-024286,,CO-0064862,community,2024Q2,CMP-00125,treatment,2024-06-16
ASG-001836,EXP-0001,LD-024287,,CO-0033331,community,2024Q2,CMP-00125,treatment,2024-06-16
ASG-001837,EXP-0001,LD-024288,ACC-001128,CO-0081973,community,2024Q2,CMP-00125,treatment,2024-06-17
ASG-001838,EXP-0001,LD-024332,,CO-0072989,community,2024Q2,CMP-00123,treatment,2024-06-17
ASG-001839,EXP-0001,LD-024333,,CO-0015823,community,2024Q2,CMP-00125,treatment,2024-06-17
ASG-001840,EXP-0001,LD-024334,,CO-0091911,community,2024Q2,CMP-00125,treatment,2024-06-17
ASG-001841,EXP-0001,LD-024335,,CO-0113833,community,2024Q2,CMP-00126,control,2024-06-17
ASG-001842,EXP-0001,LD-024382,,CO-0103797,community,2024Q2,CMP-00123,treatment,2024-06-18
ASG-001843,EXP-0001,LD-024383,,CO-0007943,community,2024Q2,CMP-00125,treatment,2024-06-18
ASG-001844,EXP-0001,LD-024384,,CO-0086623,community,2024Q2,CMP-00126,control,2024-06-18
ASG-001845,EXP-0001,LD-024454,,CO-0016539,community,2024Q2,CMP-00123,treatment,2024-06-20
ASG-001846,EXP-0001,LD-024455,,CO-0002407,community,2024Q2,CMP-00123,treatment,2024-06-20
ASG-001847,EXP-0001,LD-024456,,CO-0012654,community,2024Q2,CMP-00125,treatment,2024-06-20
ASG-001848,EXP-0001,LD-024457,,CO-0061873,community,2024Q2,CMP-00125,treatment,2024-06-20
ASG-001849,EXP-0001,LD-024458,,CO-0041265,community,2024Q2,CMP-00125,treatment,2024-06-20
ASG-001850,EXP-0001,LD-024492,,CO-0010869,community,2024Q2,CMP-00124,treatment,2024-06-21
ASG-001851,EXP-0001,LD-024493,,CO-0108697,community,2024Q2,CMP-00124,treatment,2024-06-21
ASG-001852,EXP-0001,LD-024494,,CO-0090563,community,2024Q2,CMP-00124,treatment,2024-06-21
ASG-001853,EXP-0001,LD-024495,,CO-0077326,community,2024Q2,CMP-00126,control,2024-06-21
ASG-001854,EXP-0001,LD-024543,,CO-0016421,community,2024Q2,CMP-00123,treatment,2024-06-22
ASG-001855,EXP-0001,LD-024544,,CO-0066583,community,2024Q2,CMP-00125,treatment,2024-06-22
ASG-001856,EXP-0001,LD-024545,ACC-000259,CO-0012287,community,2024Q2,CMP-00125,treatment,2024-06-23
ASG-001857,EXP-0001,LD-024547,ACC-004217,CO-0075486,community,2024Q2,CMP-00123,treatment,2024-06-23
ASG-001858,EXP-0001,LD-024580,,CO-0044155,community,2024Q2,CMP-00123,treatment,2024-06-23
ASG-001859,EXP-0001,LD-024581,,CO-0012741,community,2024Q2,CMP-00125,treatment,2024-06-23
ASG-001860,EXP-0001,LD-024582,,CO-0118224,community,2024Q2,CMP-00125,treatment,2024-06-23
ASG-001861,EXP-0001,LD-024622,,CO-0122460,community,2024Q2,CMP-00123,treatment,2024-06-24
ASG-001862,EXP-0001,LD-024623,,CO-0009200,community,2024Q2,CMP-00126,control,2024-06-24
ASG-001863,EXP-0001,LD-024663,,CO-0020485,community,2024Q2,CMP-00123,treatment,2024-06-25
ASG-001864,EXP-0001,LD-024664,ACC-000432,CO-0120146,community,2024Q2,CMP-00123,treatment,2024-06-26
ASG-001865,EXP-0001,LD-024710,,CO-0020578,community,2024Q2,CMP-00124,treatment,2024-06-26
ASG-001866,EXP-0001,LD-024711,,CO-0021886,community,2024Q2,CMP-00126,control,2024-06-26
ASG-001867,EXP-0001,LD-024748,,CO-0112299,community,2024Q2,CMP-00123,treatment,2024-06-27
ASG-001868,EXP-0001,LD-024749,,CO-0102446,community,2024Q2,CMP-00123,treatment,2024-06-27
ASG-001869,EXP-0001,LD-024782,,CO-0051644,community,2024Q2,CMP-00123,treatment,2024-06-28
ASG-001870,EXP-0001,LD-024803,,CO-0003360,community,2024Q2,CMP-00123,treatment,2024-06-29
ASG-001871,EXP-0001,LD-024806,ACC-004099,CO-0012329,community,2024Q2,CMP-00123,treatment,2024-06-30
ASG-001872,EXP-0001,LD-024832,,CO-0105274,community,2024Q2,CMP-00123,treatment,2024-06-30
ASG-001873,EXP-0001,LD-024833,,CO-0118613,community,2024Q2,CMP-00123,treatment,2024-06-30
ASG-001874,EXP-0001,LD-024834,,CO-0117223,community,2024Q2,CMP-00126,control,2024-06-30
ASG-001875,EXP-0001,LD-021307,ACC-003645,CO-0075456,paid,2024Q2,CMP-00118,treatment,2024-04-01
ASG-001876,EXP-0001,LD-021308,ACC-005803,CO-0027551,paid,2024Q2,CMP-00118,treatment,2024-04-01
ASG-001877,EXP-0001,LD-021315,,CO-0022214,paid,2024Q2,CMP-00118,treatment,2024-04-01
ASG-001878,EXP-0001,LD-021316,,CO-0100440,paid,2024Q2,CMP-00118,treatment,2024-04-01
ASG-001879,EXP-0001,LD-021317,,CO-0007165,paid,2024Q2,CMP-00118,treatment,2024-04-01
ASG-001880,EXP-0001,LD-021318,,CO-0096689,paid,2024Q2,CMP-00118,treatment,2024-04-01
ASG-001881,EXP-0001,LD-021319,,CO-0007185,paid,2024Q2,CMP-00122,control,2024-04-01
ASG-001882,EXP-0001,LD-021320,,CO-0047581,paid,2024Q2,CMP-00122,control,2024-04-01
ASG-001883,EXP-0001,LD-021321,,CO-0097666,paid,2024Q2,CMP-00122,control,2024-04-01
ASG-001884,EXP-0001,LD-021322,,CO-0006322,paid,2024Q2,CMP-00122,control,2024-04-01
ASG-001885,EXP-0001,LD-021323,,CO-0026203,paid,2024Q2,CMP-00122,control,2024-04-01
ASG-001886,EXP-0001,LD-021324,,CO-0060865,paid,2024Q2,CMP-00122,control,2024-04-01
ASG-001887,EXP-0001,LD-021325,,CO-0066828,paid,2024Q2,CMP-00122,control,2024-04-01
ASG-001888,EXP-0001,LD-021337,,CO-0057124,paid,2024Q2,CMP-00118,treatment,2024-04-02
ASG-001889,EXP-0001,LD-021338,,CO-0034428,paid,2024Q2,CMP-00118,treatment,2024-04-02
ASG-001890,EXP-0001,LD-021339,,CO-0034127,paid,2024Q2,CMP-00118,treatment,2024-04-02
ASG-001891,EXP-0001,LD-021340,,CO-0028713,paid,2024Q2,CMP-00118,treatment,2024-04-02
ASG-001892,EXP-0001,LD-021341,,CO-0029806,paid,2024Q2,CMP-00118,treatment,2024-04-02
ASG-001893,EXP-0001,LD-021342,,CO-0071482,paid,2024Q2,CMP-00118,treatment,2024-04-02
ASG-001894,EXP-0001,LD-021343,,CO-0020680,paid,2024Q2,CMP-00122,control,2024-04-02
ASG-001895,EXP-0001,LD-021344,,CO-0014510,paid,2024Q2,CMP-00122,control,2024-04-02
ASG-001896,EXP-0001,LD-021345,ACC-005121,CO-0051574,paid,2024Q2,CMP-00118,treatment,2024-04-03
ASG-001897,EXP-0001,LD-021351,,CO-0097243,paid,2024Q2,CMP-00118,treatment,2024-04-03
ASG-001898,EXP-0001,LD-021352,,CO-0040048,paid,2024Q2,CMP-00118,treatment,2024-04-03
ASG-001899,EXP-0001,LD-021353,,CO-0003607,paid,2024Q2,CMP-00118,treatment,2024-04-03
ASG-001900,EXP-0001,LD-021354,,CO-0060142,paid,2024Q2,CMP-00118,treatment,2024-04-03
ASG-001901,EXP-0001,LD-021355,,CO-0069230,paid,2024Q2,CMP-00122,control,2024-04-03
ASG-001902,EXP-0001,LD-021356,,CO-0009803,paid,2024Q2,CMP-00122,control,2024-04-03
ASG-001903,EXP-0001,LD-021360,ACC-000309,CO-0099321,paid,2024Q2,CMP-00118,treatment,2024-04-04
ASG-001904,EXP-0001,LD-021370,,CO-0021332,paid,2024Q2,CMP-00118,treatment,2024-04-04
ASG-001905,EXP-0001,LD-021371,,CO-0063513,paid,2024Q2,CMP-00118,treatment,2024-04-04
ASG-001906,EXP-0001,LD-021372,,CO-0109963,paid,2024Q2,CMP-00118,treatment,2024-04-04
ASG-001907,EXP-0001,LD-021373,,CO-0118289,paid,2024Q2,CMP-00118,treatment,2024-04-04
ASG-001908,EXP-0001,LD-021374,,CO-0086896,paid,2024Q2,CMP-00118,treatment,2024-04-04
ASG-001909,EXP-0001,LD-021375,,CO-0030017,paid,2024Q2,CMP-00118,treatment,2024-04-04
ASG-001910,EXP-0001,LD-021376,,CO-0082135,paid,2024Q2,CMP-00122,control,2024-04-04
ASG-001911,EXP-0001,LD-021377,,CO-0106158,paid,2024Q2,CMP-00122,control,2024-04-04
ASG-001912,EXP-0001,LD-021378,,CO-0070006,paid,2024Q2,CMP-00122,control,2024-04-04
ASG-001913,EXP-0001,LD-021384,ACC-003114,CO-0037214,paid,2024Q2,CMP-00118,treatment,2024-04-05
ASG-001914,EXP-0001,LD-021397,,CO-0028375,paid,2024Q2,CMP-00118,treatment,2024-04-05
ASG-001915,EXP-0001,LD-021398,,CO-0070490,paid,2024Q2,CMP-00118,treatment,2024-04-05
ASG-001916,EXP-0001,LD-021399,,CO-0049654,paid,2024Q2,CMP-00118,treatment,2024-04-05
ASG-001917,EXP-0001,LD-021400,,CO-0074548,paid,2024Q2,CMP-00118,treatment,2024-04-05
ASG-001918,EXP-0001,LD-021401,,CO-0001248,paid,2024Q2,CMP-00118,treatment,2024-04-05
ASG-001919,EXP-0001,LD-021402,,CO-0070494,paid,2024Q2,CMP-00118,treatment,2024-04-05
ASG-001920,EXP-0001,LD-021403,,CO-0001244,paid,2024Q2,CMP-00122,control,2024-04-05
ASG-001921,EXP-0001,LD-021405,ACC-001498,CO-0099854,paid,2024Q2,CMP-00119,treatment,2024-04-06
ASG-001922,EXP-0001,LD-021406,ACC-004126,CO-0011203,paid,2024Q2,CMP-00118,treatment,2024-04-06
ASG-001923,EXP-0001,LD-021419,,CO-0066966,paid,2024Q2,CMP-00118,treatment,2024-04-06
ASG-001924,EXP-0001,LD-021420,,CO-0034135,paid,2024Q2,CMP-00118,treatment,2024-04-06
ASG-001925,EXP-0001,LD-021421,,CO-0056855,paid,2024Q2,CMP-00118,treatment,2024-04-06
ASG-001926,EXP-0001,LD-021422,,CO-0014266,paid,2024Q2,CMP-00118,treatment,2024-04-06
ASG-001927,EXP-0001,LD-021423,,CO-0071397,paid,2024Q2,CMP-00118,treatment,2024-04-06
ASG-001928,EXP-0001,LD-021424,,CO-0122961,paid,2024Q2,CMP-00118,treatment,2024-04-06
ASG-001929,EXP-0001,LD-021425,,CO-0012956,paid,2024Q2,CMP-00118,treatment,2024-04-06
ASG-001930,EXP-0001,LD-021426,,CO-0057854,paid,2024Q2,CMP-00119,treatment,2024-04-06
ASG-001931,EXP-0001,LD-021427,,CO-0029302,paid,2024Q2,CMP-00119,treatment,2024-04-06
ASG-001932,EXP-0001,LD-021428,,CO-0014555,paid,2024Q2,CMP-00119,treatment,2024-04-06
ASG-001933,EXP-0001,LD-021429,,CO-0016458,paid,2024Q2,CMP-00119,treatment,2024-04-06
ASG-001934,EXP-0001,LD-021430,,CO-0080485,paid,2024Q2,CMP-00119,treatment,2024-04-06
ASG-001935,EXP-0001,LD-021431,,CO-0033194,paid,2024Q2,CMP-00119,treatment,2024-04-06
ASG-001936,EXP-0001,LD-021432,,CO-0090541,paid,2024Q2,CMP-00119,treatment,2024-04-06
ASG-001937,EXP-0001,LD-021433,,CO-0093945,paid,2024Q2,CMP-00119,treatment,2024-04-06
ASG-001938,EXP-0001,LD-021434,,CO-0042457,paid,2024Q2,CMP-00119,treatment,2024-04-06
ASG-001939,EXP-0001,LD-021435,,CO-0076211,paid,2024Q2,CMP-00119,treatment,2024-04-06
ASG-001940,EXP-0001,LD-021436,,CO-0054974,paid,2024Q2,CMP-00122,control,2024-04-06
ASG-001941,EXP-0001,LD-021437,,CO-0098561,paid,2024Q2,CMP-00122,control,2024-04-06
ASG-001942,EXP-0001,LD-021438,,CO-0100177,paid,2024Q2,CMP-00122,control,2024-04-06
ASG-001943,EXP-0001,LD-021439,,CO-0021007,paid,2024Q2,CMP-00122,control,2024-04-06
ASG-001944,EXP-0001,LD-021440,,CO-0102444,paid,2024Q2,CMP-00122,control,2024-04-06
ASG-001945,EXP-0001,LD-021441,,CO-0019388,paid,2024Q2,CMP-00122,control,2024-04-06
ASG-001946,EXP-0001,LD-021442,,CO-0012740,paid,2024Q2,CMP-00122,control,2024-04-06
ASG-001947,EXP-0001,LD-021443,,CO-0058727,paid,2024Q2,CMP-00122,control,2024-04-06
ASG-001948,EXP-0001,LD-021444,,CO-0060253,paid,2024Q2,CMP-00122,control,2024-04-06
ASG-001949,EXP-0001,LD-021445,,CO-0089071,paid,2024Q2,CMP-00122,control,2024-04-06
ASG-001950,EXP-0001,LD-021446,,CO-0013630,paid,2024Q2,CMP-00122,control,2024-04-06
ASG-001951,EXP-0001,LD-021449,ACC-002006,CO-0075997,paid,2024Q2,CMP-00119,treatment,2024-04-07
ASG-001952,EXP-0001,LD-021460,,CO-0084713,paid,2024Q2,CMP-00119,treatment,2024-04-07
ASG-001953,EXP-0001,LD-021461,,CO-0020956,paid,2024Q2,CMP-00119,treatment,2024-04-07
ASG-001954,EXP-0001,LD-021462,,CO-0033549,paid,2024Q2,CMP-00119,treatment,2024-04-07
ASG-001955,EXP-0001,LD-021463,,CO-0061988,paid,2024Q2,CMP-00119,treatment,2024-04-07
ASG-001956,EXP-0001,LD-021464,,CO-0108723,paid,2024Q2,CMP-00119,treatment,2024-04-07
ASG-001957,EXP-0001,LD-021465,,CO-0003818,paid,2024Q2,CMP-00122,control,2024-04-07
ASG-001958,EXP-0001,LD-021466,,CO-0005483,paid,2024Q2,CMP-00122,control,2024-04-07
ASG-001959,EXP-0001,LD-021467,,CO-0066118,paid,2024Q2,CMP-00122,control,2024-04-07
ASG-001960,EXP-0001,LD-021484,,CO-0119554,paid,2024Q2,CMP-00118,treatment,2024-04-08
ASG-001961,EXP-0001,LD-021485,,CO-0077735,paid,2024Q2,CMP-00118,treatment,2024-04-08
ASG-001962,EXP-0001,LD-021486,,CO-0093601,paid,2024Q2,CMP-00118,treatment,2024-04-08
ASG-001963,EXP-0001,LD-021487,,CO-0115157,paid,2024Q2,CMP-00118,treatment,2024-04-08
ASG-001964,EXP-0001,LD-021488,,CO-0092076,paid,2024Q2,CMP-00118,treatment,2024-04-08
ASG-001965,EXP-0001,LD-021489,,CO-0051807,paid,2024Q2,CMP-00119,treatment,2024-04-08
ASG-001966,EXP-0001,LD-021490,,CO-0025827,paid,2024Q2,CMP-00119,treatment,2024-04-08
ASG-001967,EXP-0001,LD-021491,,CO-0004021,paid,2024Q2,CMP-00119,treatment,2024-04-08
ASG-001968,EXP-0001,LD-021492,,CO-0068013,paid,2024Q2,CMP-00119,treatment,2024-04-08
ASG-001969,EXP-0001,LD-021493,,CO-0066757,paid,2024Q2,CMP-00119,treatment,2024-04-08
ASG-001970,EXP-0001,LD-021494,,CO-0013219,paid,2024Q2,CMP-00119,treatment,2024-04-08
ASG-001971,EXP-0001,LD-021495,,CO-0057013,paid,2024Q2,CMP-00119,treatment,2024-04-08
ASG-001972,EXP-0001,LD-021496,,CO-0041306,paid,2024Q2,CMP-00119,treatment,2024-04-08
ASG-001973,EXP-0001,LD-021497,,CO-0006341,paid,2024Q2,CMP-00119,treatment,2024-04-08
ASG-001974,EXP-0001,LD-021498,,CO-0051441,paid,2024Q2,CMP-00122,control,2024-04-08
ASG-001975,EXP-0001,LD-021499,,CO-0073392,paid,2024Q2,CMP-00122,control,2024-04-08
ASG-001976,EXP-0001,LD-021500,,CO-0004249,paid,2024Q2,CMP-00122,control,2024-04-08
ASG-001977,EXP-0001,LD-021501,,CO-0024615,paid,2024Q2,CMP-00122,control,2024-04-08
ASG-001978,EXP-0001,LD-021502,ACC-000751,CO-0065731,paid,2024Q2,CMP-00119,treatment,2024-04-09
ASG-001979,EXP-0001,LD-021510,,CO-0026090,paid,2024Q2,CMP-00118,treatment,2024-04-09
ASG-001980,EXP-0001,LD-021511,,CO-0113393,paid,2024Q2,CMP-00118,treatment,2024-04-09
ASG-001981,EXP-0001,LD-021512,,CO-0122323,paid,2024Q2,CMP-00118,treatment,2024-04-09
ASG-001982,EXP-0001,LD-021513,,CO-0011582,paid,2024Q2,CMP-00118,treatment,2024-04-09
ASG-001983,EXP-0001,LD-021514,,CO-0009791,paid,2024Q2,CMP-00118,treatment,2024-04-09
ASG-001984,EXP-0001,LD-021515,,CO-0016345,paid,2024Q2,CMP-00118,treatment,2024-04-09
ASG-001985,EXP-0001,LD-021516,,CO-0090442,paid,2024Q2,CMP-00118,treatment,2024-04-09
ASG-001986,EXP-0001,LD-021517,,CO-0103219,paid,2024Q2,CMP-00119,treatment,2024-04-09
ASG-001987,EXP-0001,LD-021518,,CO-0083664,paid,2024Q2,CMP-00119,treatment,2024-04-09
ASG-001988,EXP-0001,LD-021519,,CO-0051135,paid,2024Q2,CMP-00119,treatment,2024-04-09
ASG-001989,EXP-0001,LD-021520,,CO-0097752,paid,2024Q2,CMP-00119,treatment,2024-04-09
ASG-001990,EXP-0001,LD-021521,,CO-0009314,paid,2024Q2,CMP-00119,treatment,2024-04-09
ASG-001991,EXP-0001,LD-021522,,CO-0075910,paid,2024Q2,CMP-00119,treatment,2024-04-09
ASG-001992,EXP-0001,LD-021523,,CO-0086330,paid,2024Q2,CMP-00121,treatment,2024-04-09
ASG-001993,EXP-0001,LD-021524,,CO-0003883,paid,2024Q2,CMP-00121,treatment,2024-04-09
ASG-001994,EXP-0001,LD-021525,,CO-0122352,paid,2024Q2,CMP-00121,treatment,2024-04-09
ASG-001995,EXP-0001,LD-021526,,CO-0085628,paid,2024Q2,CMP-00121,treatment,2024-04-09
ASG-001996,EXP-0001,LD-021527,,CO-0110214,paid,2024Q2,CMP-00121,treatment,2024-04-09
ASG-001997,EXP-0001,LD-021528,,CO-0103461,paid,2024Q2,CMP-00121,treatment,2024-04-09
ASG-001998,EXP-0001,LD-021529,,CO-0039740,paid,2024Q2,CMP-00122,control,2024-04-09
ASG-001999,EXP-0001,LD-021530,,CO-0031856,paid,2024Q2,CMP-00122,control,2024-04-09
ASG-002000,EXP-0001,LD-021531,,CO-0060680,paid,2024Q2,CMP-00122,control,2024-04-09
ASG-002001,EXP-0001,LD-021532,,CO-0116484,paid,2024Q2,CMP-00122,control,2024-04-09
ASG-002002,EXP-0001,LD-021533,,CO-0012108,paid,2024Q2,CMP-00122,control,2024-04-09
ASG-002003,EXP-0001,LD-021534,,CO-0093471,paid,2024Q2,CMP-00122,control,2024-04-09
ASG-002004,EXP-0001,LD-021535,,CO-0011228,paid,2024Q2,CMP-00122,control,2024-04-09
ASG-002005,EXP-0001,LD-021541,ACC-000081,CO-0017426,paid,2024Q2,CMP-00119,treatment,2024-04-10
ASG-002006,EXP-0001,LD-021542,ACC-006812,CO-0092150,paid,2024Q2,CMP-00119,treatment,2024-04-10
ASG-002007,EXP-0001,LD-021555,,CO-0061589,paid,2024Q2,CMP-00118,treatment,2024-04-10
ASG-002008,EXP-0001,LD-021556,,CO-0095186,paid,2024Q2,CMP-00118,treatment,2024-04-10
ASG-002009,EXP-0001,LD-021557,,CO-0074089,paid,2024Q2,CMP-00118,treatment,2024-04-10
ASG-002010,EXP-0001,LD-021558,,CO-0035239,paid,2024Q2,CMP-00119,treatment,2024-04-10
ASG-002011,EXP-0001,LD-021559,,CO-0019485,paid,2024Q2,CMP-00119,treatment,2024-04-10
ASG-002012,EXP-0001,LD-021560,,CO-0108721,paid,2024Q2,CMP-00119,treatment,2024-04-10
ASG-002013,EXP-0001,LD-021561,,CO-0037477,paid,2024Q2,CMP-00119,treatment,2024-04-10
ASG-002014,EXP-0001,LD-021562,,CO-0109084,paid,2024Q2,CMP-00119,treatment,2024-04-10
ASG-002015,EXP-0001,LD-021563,,CO-0077155,paid,2024Q2,CMP-00119,treatment,2024-04-10
ASG-002016,EXP-0001,LD-021564,,CO-0048270,paid,2024Q2,CMP-00119,treatment,2024-04-10
ASG-002017,EXP-0001,LD-021565,,CO-0080162,paid,2024Q2,CMP-00119,treatment,2024-04-10
ASG-002018,EXP-0001,LD-021566,,CO-0074944,paid,2024Q2,CMP-00119,treatment,2024-04-10
ASG-002019,EXP-0001,LD-021567,,CO-0021712,paid,2024Q2,CMP-00119,treatment,2024-04-10
ASG-002020,EXP-0001,LD-021568,,CO-0064483,paid,2024Q2,CMP-00121,treatment,2024-04-10
ASG-002021,EXP-0001,LD-021569,,CO-0047799,paid,2024Q2,CMP-00121,treatment,2024-04-10
ASG-002022,EXP-0001,LD-021570,,CO-0069920,paid,2024Q2,CMP-00121,treatment,2024-04-10
ASG-002023,EXP-0001,LD-021571,,CO-0004715,paid,2024Q2,CMP-00122,control,2024-04-10
ASG-002024,EXP-0001,LD-021572,,CO-0026295,paid,2024Q2,CMP-00122,control,2024-04-10
ASG-002025,EXP-0001,LD-021573,,CO-0115209,paid,2024Q2,CMP-00122,control,2024-04-10
ASG-002026,EXP-0001,LD-021574,,CO-0065003,paid,2024Q2,CMP-00122,control,2024-04-10
ASG-002027,EXP-0001,LD-021575,,CO-0061786,paid,2024Q2,CMP-00122,control,2024-04-10
ASG-002028,EXP-0001,LD-021587,,CO-0109429,paid,2024Q2,CMP-00118,treatment,2024-04-11
ASG-002029,EXP-0001,LD-021588,,CO-0108243,paid,2024Q2,CMP-00118,treatment,2024-04-11
ASG-002030,EXP-0001,LD-021589,,CO-0051300,paid,2024Q2,CMP-00119,treatment,2024-04-11
ASG-002031,EXP-0001,LD-021590,,CO-0029726,paid,2024Q2,CMP-00119,treatment,2024-04-11
ASG-002032,EXP-0001,LD-021591,,CO-0028035,paid,2024Q2,CMP-00119,treatment,2024-04-11
ASG-002033,EXP-0001,LD-021592,,CO-0000983,paid,2024Q2,CMP-00119,treatment,2024-04-11
ASG-002034,EXP-0001,LD-021593,,CO-0062119,paid,2024Q2,CMP-00119,treatment,2024-04-11
ASG-002035,EXP-0001,LD-021594,,CO-0049429,paid,2024Q2,CMP-00119,treatment,2024-04-11
ASG-002036,EXP-0001,LD-021595,,CO-0070523,paid,2024Q2,CMP-00119,treatment,2024-04-11
ASG-002037,EXP-0001,LD-021596,,CO-0073504,paid,2024Q2,CMP-00120,treatment,2024-04-11
ASG-002038,EXP-0001,LD-021597,,CO-0066903,paid,2024Q2,CMP-00120,treatment,2024-04-11
ASG-002039,EXP-0001,LD-021598,,CO-0119052,paid,2024Q2,CMP-00120,treatment,2024-04-11
ASG-002040,EXP-0001,LD-021599,,CO-0049797,paid,2024Q2,CMP-00121,treatment,2024-04-11
ASG-002041,EXP-0001,LD-021600,,CO-0010527,paid,2024Q2,CMP-00121,treatment,2024-04-11
ASG-002042,EXP-0001,LD-021601,,CO-0014701,paid,2024Q2,CMP-00121,treatment,2024-04-11
ASG-002043,EXP-0001,LD-021602,,CO-0065512,paid,2024Q2,CMP-00121,treatment,2024-04-11
ASG-002044,EXP-0001,LD-021603,,CO-0029354,paid,2024Q2,CMP-00122,control,2024-04-11
ASG-002045,EXP-0001,LD-021604,,CO-0090851,paid,2024Q2,CMP-00122,control,2024-04-11
ASG-002046,EXP-0001,LD-021605,,CO-0022022,paid,2024Q2,CMP-00122,control,2024-04-11
ASG-002047,EXP-0001,LD-021606,,CO-0006892,paid,2024Q2,CMP-00122,control,2024-04-11
ASG-002048,EXP-0001,LD-021607,,CO-0045159,paid,2024Q2,CMP-00122,control,2024-04-11
ASG-002049,EXP-0001,LD-021608,,CO-0016338,paid,2024Q2,CMP-00122,control,2024-04-11
ASG-002050,EXP-0001,LD-021622,,CO-0109808,paid,2024Q2,CMP-00118,treatment,2024-04-12
ASG-002051,EXP-0001,LD-021623,,CO-0118410,paid,2024Q2,CMP-00118,treatment,2024-04-12
ASG-002052,EXP-0001,LD-021624,,CO-0114144,paid,2024Q2,CMP-00118,treatment,2024-04-12
ASG-002053,EXP-0001,LD-021625,,CO-0074617,paid,2024Q2,CMP-00118,treatment,2024-04-12
ASG-002054,EXP-0001,LD-021626,,CO-0026579,paid,2024Q2,CMP-00118,treatment,2024-04-12
ASG-002055,EXP-0001,LD-021627,,CO-0087438,paid,2024Q2,CMP-00118,treatment,2024-04-12
ASG-002056,EXP-0001,LD-021628,,CO-0080194,paid,2024Q2,CMP-00119,treatment,2024-04-12
ASG-002057,EXP-0001,LD-021629,,CO-0037083,paid,2024Q2,CMP-00119,treatment,2024-04-12
ASG-002058,EXP-0001,LD-021630,,CO-0050034,paid,2024Q2,CMP-00119,treatment,2024-04-12
ASG-002059,EXP-0001,LD-021631,,CO-0073166,paid,2024Q2,CMP-00119,treatment,2024-04-12
ASG-002060,EXP-0001,LD-021632,,CO-0115524,paid,2024Q2,CMP-00119,treatment,2024-04-12
ASG-002061,EXP-0001,LD-021633,,CO-0122701,paid,2024Q2,CMP-00119,treatment,2024-04-12
ASG-002062,EXP-0001,LD-021634,,CO-0051676,paid,2024Q2,CMP-00119,treatment,2024-04-12
ASG-002063,EXP-0001,LD-021635,,CO-0014892,paid,2024Q2,CMP-00119,treatment,2024-04-12
ASG-002064,EXP-0001,LD-021636,,CO-0007965,paid,2024Q2,CMP-00119,treatment,2024-04-12
ASG-002065,EXP-0001,LD-021637,,CO-0038422,paid,2024Q2,CMP-00119,treatment,2024-04-12
ASG-002066,EXP-0001,LD-021638,,CO-0078332,paid,2024Q2,CMP-00120,treatment,2024-04-12
ASG-002067,EXP-0001,LD-021639,,CO-0062515,paid,2024Q2,CMP-00121,treatment,2024-04-12
ASG-002068,EXP-0001,LD-021640,,CO-0071083,paid,2024Q2,CMP-00121,treatment,2024-04-12
ASG-002069,EXP-0001,LD-021641,,CO-0040967,paid,2024Q2,CMP-00121,treatment,2024-04-12
ASG-002070,EXP-0001,LD-021642,,CO-0030633,paid,2024Q2,CMP-00121,treatment,2024-04-12
ASG-002071,EXP-0001,LD-021643,,CO-0031109,paid,2024Q2,CMP-00121,treatment,2024-04-12
ASG-002072,EXP-0001,LD-021644,,CO-0023635,paid,2024Q2,CMP-00121,treatment,2024-04-12
ASG-002073,EXP-0001,LD-021645,,CO-0087679,paid,2024Q2,CMP-00122,control,2024-04-12
ASG-002074,EXP-0001,LD-021646,,CO-0014666,paid,2024Q2,CMP-00122,control,2024-04-12
ASG-002075,EXP-0001,LD-021664,,CO-0092196,paid,2024Q2,CMP-00118,treatment,2024-04-13
ASG-002076,EXP-0001,LD-021665,,CO-0023002,paid,2024Q2,CMP-00118,treatment,2024-04-13
ASG-002077,EXP-0001,LD-021666,,CO-0027829,paid,2024Q2,CMP-00118,treatment,2024-04-13
ASG-002078,EXP-0001,LD-021667,,CO-0039256,paid,2024Q2,CMP-00119,treatment,2024-04-13
ASG-002079,EXP-0001,LD-021668,,CO-0091932,paid,2024Q2,CMP-00119,treatment,2024-04-13
ASG-002080,EXP-0001,LD-021669,,CO-0106279,paid,2024Q2,CMP-00119,treatment,2024-04-13
ASG-002081,EXP-0001,LD-021670,,CO-0010805,paid,2024Q2,CMP-00119,treatment,2024-04-13
ASG-002082,EXP-0001,LD-021671,,CO-0010825,paid,2024Q2,CMP-00119,treatment,2024-04-13
ASG-002083,EXP-0001,LD-021672,,CO-0023519,paid,2024Q2,CMP-00119,treatment,2024-04-13
ASG-002084,EXP-0001,LD-021673,,CO-0117072,paid,2024Q2,CMP-00119,treatment,2024-04-13
ASG-002085,EXP-0001,LD-021674,,CO-0046047,paid,2024Q2,CMP-00121,treatment,2024-04-13
ASG-002086,EXP-0001,LD-021675,,CO-0003259,paid,2024Q2,CMP-00121,treatment,2024-04-13
ASG-002087,EXP-0001,LD-021676,,CO-0063386,paid,2024Q2,CMP-00121,treatment,2024-04-13
ASG-002088,EXP-0001,LD-021677,,CO-0093147,paid,2024Q2,CMP-00121,treatment,2024-04-13
ASG-002089,EXP-0001,LD-021678,,CO-0073644,paid,2024Q2,CMP-00122,control,2024-04-13
ASG-002090,EXP-0001,LD-021679,,CO-0069365,paid,2024Q2,CMP-00122,control,2024-04-13
ASG-002091,EXP-0001,LD-021680,,CO-0054158,paid,2024Q2,CMP-00122,control,2024-04-13
ASG-002092,EXP-0001,LD-021681,,CO-0034013,paid,2024Q2,CMP-00122,control,2024-04-13
ASG-002093,EXP-0001,LD-021682,,CO-0101223,paid,2024Q2,CMP-00122,control,2024-04-13
ASG-002094,EXP-0001,LD-021686,ACC-000021,CO-0036853,paid,2024Q2,CMP-00119,treatment,2024-04-14
ASG-002095,EXP-0001,LD-021687,ACC-006992,CO-0043251,paid,2024Q2,CMP-00119,treatment,2024-04-14
ASG-002096,EXP-0001,LD-021697,,CO-0069511,paid,2024Q2,CMP-00118,treatment,2024-04-14
ASG-002097,EXP-0001,LD-021698,,CO-0105978,paid,2024Q2,CMP-00118,treatment,2024-04-14
ASG-002098,EXP-0001,LD-021699,,CO-0068678,paid,2024Q2,CMP-00119,treatment,2024-04-14
ASG-002099,EXP-0001,LD-021700,,CO-0113321,paid,2024Q2,CMP-00119,treatment,2024-04-14
ASG-002100,EXP-0001,LD-021701,,CO-0046829,paid,2024Q2,CMP-00119,treatment,2024-04-14
ASG-002101,EXP-0001,LD-021702,,CO-0004192,paid,2024Q2,CMP-00119,treatment,2024-04-14
ASG-002102,EXP-0001,LD-021703,,CO-0095534,paid,2024Q2,CMP-00119,treatment,2024-04-14
ASG-002103,EXP-0001,LD-021704,,CO-0054325,paid,2024Q2,CMP-00119,treatment,2024-04-14
ASG-002104,EXP-0001,LD-021705,,CO-0087533,paid,2024Q2,CMP-00119,treatment,2024-04-14
ASG-002105,EXP-0001,LD-021706,,CO-0062270,paid,2024Q2,CMP-00119,treatment,2024-04-14
ASG-002106,EXP-0001,LD-021707,,CO-0098962,paid,2024Q2,CMP-00119,treatment,2024-04-14
ASG-002107,EXP-0001,LD-021708,,CO-0012240,paid,2024Q2,CMP-00120,treatment,2024-04-14
ASG-002108,EXP-0001,LD-021709,,CO-0121052,paid,2024Q2,CMP-00120,treatment,2024-04-14
ASG-002109,EXP-0001,LD-021710,,CO-0109995,paid,2024Q2,CMP-00121,treatment,2024-04-14
ASG-002110,EXP-0001,LD-021711,,CO-0081807,paid,2024Q2,CMP-00121,treatment,2024-04-14
ASG-002111,EXP-0001,LD-021712,,CO-0082411,paid,2024Q2,CMP-00121,treatment,2024-04-14
ASG-002112,EXP-0001,LD-021713,,CO-0022334,paid,2024Q2,CMP-00121,treatment,2024-04-14
ASG-002113,EXP-0001,LD-021714,,CO-0099734,paid,2024Q2,CMP-00121,treatment,2024-04-14
ASG-002114,EXP-0001,LD-021715,,CO-0058762,paid,2024Q2,CMP-00122,control,2024-04-14
ASG-002115,EXP-0001,LD-021716,,CO-0064700,paid,2024Q2,CMP-00122,control,2024-04-14
ASG-002116,EXP-0001,LD-021717,,CO-0008637,paid,2024Q2,CMP-00122,control,2024-04-14
ASG-002117,EXP-0001,LD-021718,,CO-0097584,paid,2024Q2,CMP-00122,control,2024-04-14
ASG-002118,EXP-0001,LD-021719,,CO-0106442,paid,2024Q2,CMP-00122,control,2024-04-14
ASG-002119,EXP-0001,LD-021720,,CO-0015983,paid,2024Q2,CMP-00122,control,2024-04-14
ASG-002120,EXP-0001,LD-021721,,CO-0114454,paid,2024Q2,CMP-00122,control,2024-04-14
ASG-002121,EXP-0001,LD-021722,,CO-0021769,paid,2024Q2,CMP-00122,control,2024-04-14
ASG-002122,EXP-0001,LD-021742,,CO-0000561,paid,2024Q2,CMP-00118,treatment,2024-04-15
ASG-002123,EXP-0001,LD-021743,,CO-0116143,paid,2024Q2,CMP-00118,treatment,2024-04-15
ASG-002124,EXP-0001,LD-021744,,CO-0061771,paid,2024Q2,CMP-00118,treatment,2024-04-15
ASG-002125,EXP-0001,LD-021745,,CO-0006150,paid,2024Q2,CMP-00118,treatment,2024-04-15
ASG-002126,EXP-0001,LD-021746,,CO-0069747,paid,2024Q2,CMP-00118,treatment,2024-04-15
ASG-002127,EXP-0001,LD-021747,,CO-0036973,paid,2024Q2,CMP-00118,treatment,2024-04-15
ASG-002128,EXP-0001,LD-021748,,CO-0102514,paid,2024Q2,CMP-00118,treatment,2024-04-15
ASG-002129,EXP-0001,LD-021749,,CO-0079979,paid,2024Q2,CMP-00118,treatment,2024-04-15
ASG-002130,EXP-0001,LD-021750,,CO-0121509,paid,2024Q2,CMP-00118,treatment,2024-04-15
ASG-002131,EXP-0001,LD-021751,,CO-0061226,paid,2024Q2,CMP-00118,treatment,2024-04-15
ASG-002132,EXP-0001,LD-021752,,CO-0020293,paid,2024Q2,CMP-00119,treatment,2024-04-15
ASG-002133,EXP-0001,LD-021753,,CO-0086686,paid,2024Q2,CMP-00119,treatment,2024-04-15
ASG-002134,EXP-0001,LD-021754,,CO-0008276,paid,2024Q2,CMP-00119,treatment,2024-04-15
ASG-002135,EXP-0001,LD-021755,,CO-0112371,paid,2024Q2,CMP-00119,treatment,2024-04-15
ASG-002136,EXP-0001,LD-021756,,CO-0026549,paid,2024Q2,CMP-00119,treatment,2024-04-15
ASG-002137,EXP-0001,LD-021757,,CO-0074504,paid,2024Q2,CMP-00119,treatment,2024-04-15
ASG-002138,EXP-0001,LD-021758,,CO-0074219,paid,2024Q2,CMP-00119,treatment,2024-04-15
ASG-002139,EXP-0001,LD-021759,,CO-0048488,paid,2024Q2,CMP-00120,treatment,2024-04-15
ASG-002140,EXP-0001,LD-021760,,CO-0101969,paid,2024Q2,CMP-00120,treatment,2024-04-15
ASG-002141,EXP-0001,LD-021761,,CO-0097513,paid,2024Q2,CMP-00120,treatment,2024-04-15
ASG-002142,EXP-0001,LD-021762,,CO-0083171,paid,2024Q2,CMP-00120,treatment,2024-04-15
ASG-002143,EXP-0001,LD-021763,,CO-0107344,paid,2024Q2,CMP-00120,treatment,2024-04-15
ASG-002144,EXP-0001,LD-021764,,CO-0110770,paid,2024Q2,CMP-00120,treatment,2024-04-15
ASG-002145,EXP-0001,LD-021765,,CO-0074208,paid,2024Q2,CMP-00121,treatment,2024-04-15
ASG-002146,EXP-0001,LD-021766,,CO-0020301,paid,2024Q2,CMP-00122,control,2024-04-15
ASG-002147,EXP-0001,LD-021772,ACC-004182,CO-0064903,paid,2024Q2,CMP-00120,treatment,2024-04-16
ASG-002148,EXP-0001,LD-021786,,CO-0034539,paid,2024Q2,CMP-00118,treatment,2024-04-16
ASG-002149,EXP-0001,LD-021787,,CO-0103070,paid,2024Q2,CMP-00119,treatment,2024-04-16
ASG-002150,EXP-0001,LD-021788,,CO-0067668,paid,2024Q2,CMP-00119,treatment,2024-04-16
ASG-002151,EXP-0001,LD-021789,,CO-0060275,paid,2024Q2,CMP-00119,treatment,2024-04-16
ASG-002152,EXP-0001,LD-021790,,CO-0031722,paid,2024Q2,CMP-00119,treatment,2024-04-16
ASG-002153,EXP-0001,LD-021791,,CO-0076359,paid,2024Q2,CMP-00120,treatment,2024-04-16
ASG-002154,EXP-0001,LD-021792,,CO-0043493,paid,2024Q2,CMP-00121,treatment,2024-04-16
ASG-002155,EXP-0001,LD-021793,,CO-0020511,paid,2024Q2,CMP-00121,treatment,2024-04-16
ASG-002156,EXP-0001,LD-021794,,CO-0059298,paid,2024Q2,CMP-00122,control,2024-04-16
ASG-002157,EXP-0001,LD-021795,,CO-0004812,paid,2024Q2,CMP-00122,control,2024-04-16
ASG-002158,EXP-0001,LD-021814,,CO-0051694,paid,2024Q2,CMP-00118,treatment,2024-04-17
ASG-002159,EXP-0001,LD-021815,,CO-0034686,paid,2024Q2,CMP-00118,treatment,2024-04-17
ASG-002160,EXP-0001,LD-021816,,CO-0068221,paid,2024Q2,CMP-00118,treatment,2024-04-17
ASG-002161,EXP-0001,LD-021817,,CO-0067737,paid,2024Q2,CMP-00118,treatment,2024-04-17
ASG-002162,EXP-0001,LD-021818,,CO-0026204,paid,2024Q2,CMP-00119,treatment,2024-04-17
ASG-002163,EXP-0001,LD-021819,,CO-0078106,paid,2024Q2,CMP-00119,treatment,2024-04-17
ASG-002164,EXP-0001,LD-021820,,CO-0035898,paid,2024Q2,CMP-00119,treatment,2024-04-17
ASG-002165,EXP-0001,LD-021821,,CO-0098183,paid,2024Q2,CMP-00119,treatment,2024-04-17
ASG-002166,EXP-0001,LD-021822,,CO-0034572,paid,2024Q2,CMP-00119,treatment,2024-04-17
ASG-002167,EXP-0001,LD-021823,,CO-0088575,paid,2024Q2,CMP-00119,treatment,2024-04-17
ASG-002168,EXP-0001,LD-021824,,CO-0072091,paid,2024Q2,CMP-00119,treatment,2024-04-17
ASG-002169,EXP-0001,LD-021825,,CO-0075356,paid,2024Q2,CMP-00119,treatment,2024-04-17
ASG-002170,EXP-0001,LD-021826,,CO-0058835,paid,2024Q2,CMP-00119,treatment,2024-04-17
ASG-002171,EXP-0001,LD-021827,,CO-0089573,paid,2024Q2,CMP-00120,treatment,2024-04-17
ASG-002172,EXP-0001,LD-021828,,CO-0001181,paid,2024Q2,CMP-00120,treatment,2024-04-17
ASG-002173,EXP-0001,LD-021829,,CO-0019344,paid,2024Q2,CMP-00120,treatment,2024-04-17
ASG-002174,EXP-0001,LD-021830,,CO-0043191,paid,2024Q2,CMP-00120,treatment,2024-04-17
ASG-002175,EXP-0001,LD-021831,,CO-0067375,paid,2024Q2,CMP-00121,treatment,2024-04-17
ASG-002176,EXP-0001,LD-021832,,CO-0101756,paid,2024Q2,CMP-00121,treatment,2024-04-17
ASG-002177,EXP-0001,LD-021833,,CO-0062413,paid,2024Q2,CMP-00122,control,2024-04-17
ASG-002178,EXP-0001,LD-021834,,CO-0104849,paid,2024Q2,CMP-00122,control,2024-04-17
ASG-002179,EXP-0001,LD-021835,,CO-0094773,paid,2024Q2,CMP-00122,control,2024-04-17
ASG-002180,EXP-0001,LD-021836,,CO-0068702,paid,2024Q2,CMP-00122,control,2024-04-17
ASG-002181,EXP-0001,LD-021837,,CO-0080225,paid,2024Q2,CMP-00122,control,2024-04-17
ASG-002182,EXP-0001,LD-021848,,CO-0035179,paid,2024Q2,CMP-00118,treatment,2024-04-18
ASG-002183,EXP-0001,LD-021849,,CO-0121803,paid,2024Q2,CMP-00118,treatment,2024-04-18
ASG-002184,EXP-0001,LD-021850,,CO-0018202,paid,2024Q2,CMP-00118,treatment,2024-04-18
ASG-002185,EXP-0001,LD-021851,,CO-0004630,paid,2024Q2,CMP-00118,treatment,2024-04-18
ASG-002186,EXP-0001,LD-021852,,CO-0007473,paid,2024Q2,CMP-00118,treatment,2024-04-18
ASG-002187,EXP-0001,LD-021853,,CO-0076139,paid,2024Q2,CMP-00118,treatment,2024-04-18
ASG-002188,EXP-0001,LD-021854,,CO-0117973,paid,2024Q2,CMP-00118,treatment,2024-04-18
ASG-002189,EXP-0001,LD-021855,,CO-0103592,paid,2024Q2,CMP-00119,treatment,2024-04-18
ASG-002190,EXP-0001,LD-021856,,CO-0000457,paid,2024Q2,CMP-00119,treatment,2024-04-18
ASG-002191,EXP-0001,LD-021857,,CO-0001362,paid,2024Q2,CMP-00119,treatment,2024-04-18
ASG-002192,EXP-0001,LD-021858,,CO-0049619,paid,2024Q2,CMP-00119,treatment,2024-04-18
ASG-002193,EXP-0001,LD-021859,,CO-0033465,paid,2024Q2,CMP-00119,treatment,2024-04-18
ASG-002194,EXP-0001,LD-021860,,CO-0009953,paid,2024Q2,CMP-00119,treatment,2024-04-18
ASG-002195,EXP-0001,LD-021861,,CO-0039139,paid,2024Q2,CMP-00119,treatment,2024-04-18
ASG-002196,EXP-0001,LD-021862,,CO-0083734,paid,2024Q2,CMP-00119,treatment,2024-04-18
ASG-002197,EXP-0001,LD-021863,,CO-0057276,paid,2024Q2,CMP-00120,treatment,2024-04-18
ASG-002198,EXP-0001,LD-021864,,CO-0043727,paid,2024Q2,CMP-00120,treatment,2024-04-18
ASG-002199,EXP-0001,LD-021865,,CO-0065414,paid,2024Q2,CMP-00120,treatment,2024-04-18
ASG-002200,EXP-0001,LD-021866,,CO-0018912,paid,2024Q2,CMP-00121,treatment,2024-04-18
ASG-002201,EXP-0001,LD-021867,,CO-0054642,paid,2024Q2,CMP-00121,treatment,2024-04-18
ASG-002202,EXP-0001,LD-021868,,CO-0082486,paid,2024Q2,CMP-00121,treatment,2024-04-18
ASG-002203,EXP-0001,LD-021869,,CO-0088614,paid,2024Q2,CMP-00121,treatment,2024-04-18
ASG-002204,EXP-0001,LD-021870,,CO-0061857,paid,2024Q2,CMP-00122,control,2024-04-18
ASG-002205,EXP-0001,LD-021871,,CO-0022932,paid,2024Q2,CMP-00122,control,2024-04-18
ASG-002206,EXP-0001,LD-021893,,CO-0049057,paid,2024Q2,CMP-00118,treatment,2024-04-19
ASG-002207,EXP-0001,LD-021894,,CO-0003848,paid,2024Q2,CMP-00118,treatment,2024-04-19
ASG-002208,EXP-0001,LD-021895,,CO-0095832,paid,2024Q2,CMP-00118,treatment,2024-04-19
ASG-002209,EXP-0001,LD-021896,,CO-0044467,paid,2024Q2,CMP-00118,treatment,2024-04-19
ASG-002210,EXP-0001,LD-021897,,CO-0023324,paid,2024Q2,CMP-00118,treatment,2024-04-19
ASG-002211,EXP-0001,LD-021898,,CO-0042710,paid,2024Q2,CMP-00118,treatment,2024-04-19
ASG-002212,EXP-0001,LD-021899,,CO-0073830,paid,2024Q2,CMP-00118,treatment,2024-04-19
ASG-002213,EXP-0001,LD-021900,,CO-0075660,paid,2024Q2,CMP-00119,treatment,2024-04-19
ASG-002214,EXP-0001,LD-021901,,CO-0075770,paid,2024Q2,CMP-00119,treatment,2024-04-19
ASG-002215,EXP-0001,LD-021902,,CO-0063490,paid,2024Q2,CMP-00119,treatment,2024-04-19
ASG-002216,EXP-0001,LD-021903,,CO-0111446,paid,2024Q2,CMP-00119,treatment,2024-04-19
ASG-002217,EXP-0001,LD-021904,,CO-0106817,paid,2024Q2,CMP-00119,treatment,2024-04-19
ASG-002218,EXP-0001,LD-021905,,CO-0034456,paid,2024Q2,CMP-00119,treatment,2024-04-19
ASG-002219,EXP-0001,LD-021906,,CO-0044240,paid,2024Q2,CMP-00119,treatment,2024-04-19
ASG-002220,EXP-0001,LD-021907,,CO-0096637,paid,2024Q2,CMP-00119,treatment,2024-04-19
ASG-002221,EXP-0001,LD-021908,,CO-0062279,paid,2024Q2,CMP-00119,treatment,2024-04-19
ASG-002222,EXP-0001,LD-021909,,CO-0092072,paid,2024Q2,CMP-00119,treatment,2024-04-19
ASG-002223,EXP-0001,LD-021910,,CO-0074808,paid,2024Q2,CMP-00120,treatment,2024-04-19
ASG-002224,EXP-0001,LD-021911,,CO-0114202,paid,2024Q2,CMP-00120,treatment,2024-04-19
ASG-002225,EXP-0001,LD-021912,,CO-0023936,paid,2024Q2,CMP-00121,treatment,2024-04-19
ASG-002226,EXP-0001,LD-021913,,CO-0072445,paid,2024Q2,CMP-00121,treatment,2024-04-19
ASG-002227,EXP-0001,LD-021914,,CO-0052702,paid,2024Q2,CMP-00121,treatment,2024-04-19
ASG-002228,EXP-0001,LD-021915,,CO-0005577,paid,2024Q2,CMP-00121,treatment,2024-04-19
ASG-002229,EXP-0001,LD-021916,,CO-0080940,paid,2024Q2,CMP-00121,treatment,2024-04-19
ASG-002230,EXP-0001,LD-021917,,CO-0060208,paid,2024Q2,CMP-00121,treatment,2024-04-19
ASG-002231,EXP-0001,LD-021918,,CO-0035730,paid,2024Q2,CMP-00122,control,2024-04-19
ASG-002232,EXP-0001,LD-021934,,CO-0013933,paid,2024Q2,CMP-00118,treatment,2024-04-20
ASG-002233,EXP-0001,LD-021935,,CO-0036313,paid,2024Q2,CMP-00118,treatment,2024-04-20
ASG-002234,EXP-0001,LD-021936,,CO-0101120,paid,2024Q2,CMP-00118,treatment,2024-04-20
ASG-002235,EXP-0001,LD-021937,,CO-0093863,paid,2024Q2,CMP-00118,treatment,2024-04-20
ASG-002236,EXP-0001,LD-021938,,CO-0083268,paid,2024Q2,CMP-00118,treatment,2024-04-20
ASG-002237,EXP-0001,LD-021939,,CO-0060946,paid,2024Q2,CMP-00118,treatment,2024-04-20
ASG-002238,EXP-0001,LD-021940,,CO-0112705,paid,2024Q2,CMP-00119,treatment,2024-04-20
ASG-002239,EXP-0001,LD-021941,,CO-0073711,paid,2024Q2,CMP-00119,treatment,2024-04-20
ASG-002240,EXP-0001,LD-021942,,CO-0072131,paid,2024Q2,CMP-00119,treatment,2024-04-20
ASG-002241,EXP-0001,LD-021943,,CO-0106213,paid,2024Q2,CMP-00119,treatment,2024-04-20
ASG-002242,EXP-0001,LD-021944,,CO-0041029,paid,2024Q2,CMP-00119,treatment,2024-04-20
ASG-002243,EXP-0001,LD-021945,,CO-0000008,paid,2024Q2,CMP-00119,treatment,2024-04-20
ASG-002244,EXP-0001,LD-021946,,CO-0037057,paid,2024Q2,CMP-00119,treatment,2024-04-20
ASG-002245,EXP-0001,LD-021947,,CO-0067923,paid,2024Q2,CMP-00120,treatment,2024-04-20
ASG-002246,EXP-0001,LD-021948,,CO-0105504,paid,2024Q2,CMP-00121,treatment,2024-04-20
ASG-002247,EXP-0001,LD-021949,,CO-0016600,paid,2024Q2,CMP-00121,treatment,2024-04-20
ASG-002248,EXP-0001,LD-021950,,CO-0097655,paid,2024Q2,CMP-00121,treatment,2024-04-20
ASG-002249,EXP-0001,LD-021951,,CO-0083862,paid,2024Q2,CMP-00122,control,2024-04-20
ASG-002250,EXP-0001,LD-021952,,CO-0108689,paid,2024Q2,CMP-00122,control,2024-04-20
ASG-002251,EXP-0001,LD-021953,,CO-0000207,paid,2024Q2,CMP-00122,control,2024-04-20
ASG-002252,EXP-0001,LD-021954,,CO-0046796,paid,2024Q2,CMP-00122,control,2024-04-20
ASG-002253,EXP-0001,LD-021958,ACC-002542,CO-0023512,paid,2024Q2,CMP-00119,treatment,2024-04-21
ASG-002254,EXP-0001,LD-021971,,CO-0062598,paid,2024Q2,CMP-00118,treatment,2024-04-21
ASG-002255,EXP-0001,LD-021972,,CO-0072514,paid,2024Q2,CMP-00118,treatment,2024-04-21
ASG-002256,EXP-0001,LD-021973,,CO-0076108,paid,2024Q2,CMP-00118,treatment,2024-04-21
ASG-002257,EXP-0001,LD-021974,,CO-0087224,paid,2024Q2,CMP-00119,treatment,2024-04-21
ASG-002258,EXP-0001,LD-021975,,CO-0085048,paid,2024Q2,CMP-00119,treatment,2024-04-21
ASG-002259,EXP-0001,LD-021976,,CO-0071271,paid,2024Q2,CMP-00119,treatment,2024-04-21
ASG-002260,EXP-0001,LD-021977,,CO-0118891,paid,2024Q2,CMP-00119,treatment,2024-04-21
ASG-002261,EXP-0001,LD-021978,,CO-0058177,paid,2024Q2,CMP-00119,treatment,2024-04-21
ASG-002262,EXP-0001,LD-021979,,CO-0045754,paid,2024Q2,CMP-00119,treatment,2024-04-21
ASG-002263,EXP-0001,LD-021980,,CO-0033896,paid,2024Q2,CMP-00119,treatment,2024-04-21
ASG-002264,EXP-0001,LD-021981,,CO-0098656,paid,2024Q2,CMP-00119,treatment,2024-04-21
ASG-002265,EXP-0001,LD-021982,,CO-0099693,paid,2024Q2,CMP-00119,treatment,2024-04-21
ASG-002266,EXP-0001,LD-021983,,CO-0005346,paid,2024Q2,CMP-00119,treatment,2024-04-21
ASG-002267,EXP-0001,LD-021984,,CO-0091732,paid,2024Q2,CMP-00119,treatment,2024-04-21
ASG-002268,EXP-0001,LD-021985,,CO-0019338,paid,2024Q2,CMP-00119,treatment,2024-04-21
ASG-002269,EXP-0001,LD-021986,,CO-0035910,paid,2024Q2,CMP-00119,treatment,2024-04-21
ASG-002270,EXP-0001,LD-021987,,CO-0033248,paid,2024Q2,CMP-00120,treatment,2024-04-21
ASG-002271,EXP-0001,LD-021988,,CO-0028642,paid,2024Q2,CMP-00120,treatment,2024-04-21
ASG-002272,EXP-0001,LD-021989,,CO-0058878,paid,2024Q2,CMP-00120,treatment,2024-04-21
ASG-002273,EXP-0001,LD-021990,,CO-0105899,paid,2024Q2,CMP-00120,treatment,2024-04-21
ASG-002274,EXP-0001,LD-021991,,CO-0100698,paid,2024Q2,CMP-00121,treatment,2024-04-21
ASG-002275,EXP-0001,LD-021992,,CO-0020549,paid,2024Q2,CMP-00122,control,2024-04-21
ASG-002276,EXP-0001,LD-021993,,CO-0057904,paid,2024Q2,CMP-00122,control,2024-04-21
ASG-002277,EXP-0001,LD-021994,,CO-0036865,paid,2024Q2,CMP-00122,control,2024-04-21
ASG-002278,EXP-0001,LD-021995,,CO-0113232,paid,2024Q2,CMP-00122,control,2024-04-21
ASG-002279,EXP-0001,LD-021996,,CO-0025610,paid,2024Q2,CMP-00122,control,2024-04-21
ASG-002280,EXP-0001,LD-021997,,CO-0012437,paid,2024Q2,CMP-00122,control,2024-04-21
ASG-002281,EXP-0001,LD-021998,,CO-0078066,paid,2024Q2,CMP-00122,control,2024-04-21
ASG-002282,EXP-0001,LD-021999,,CO-0052184,paid,2024Q2,CMP-00122,control,2024-04-21
ASG-002283,EXP-0001,LD-022000,,CO-0067821,paid,2024Q2,CMP-00122,control,2024-04-21
ASG-002284,EXP-0001,LD-022001,,CO-0025506,paid,2024Q2,CMP-00122,control,2024-04-21
ASG-002285,EXP-0001,LD-022010,ACC-006966,CO-0029961,paid,2024Q2,CMP-00119,treatment,2024-04-22
ASG-002286,EXP-0001,LD-022028,,CO-0015684,paid,2024Q2,CMP-00118,treatment,2024-04-22
ASG-002287,EXP-0001,LD-022029,,CO-0026068,paid,2024Q2,CMP-00118,treatment,2024-04-22
ASG-002288,EXP-0001,LD-022030,,CO-0016545,paid,2024Q2,CMP-00118,treatment,2024-04-22
ASG-002289,EXP-0001,LD-022031,,CO-0006008,paid,2024Q2,CMP-00119,treatment,2024-04-22
ASG-002290,EXP-0001,LD-022032,,CO-0042564,paid,2024Q2,CMP-00119,treatment,2024-04-22
ASG-002291,EXP-0001,LD-022033,,CO-0062267,paid,2024Q2,CMP-00119,treatment,2024-04-22
ASG-002292,EXP-0001,LD-022034,,CO-0035566,paid,2024Q2,CMP-00119,treatment,2024-04-22
ASG-002293,EXP-0001,LD-022035,,CO-0094876,paid,2024Q2,CMP-00119,treatment,2024-04-22
ASG-002294,EXP-0001,LD-022036,,CO-0020761,paid,2024Q2,CMP-00119,treatment,2024-04-22
ASG-002295,EXP-0001,LD-022037,,CO-0100132,paid,2024Q2,CMP-00119,treatment,2024-04-22
ASG-002296,EXP-0001,LD-022038,,CO-0032841,paid,2024Q2,CMP-00120,treatment,2024-04-22
ASG-002297,EXP-0001,LD-022039,,CO-0026792,paid,2024Q2,CMP-00120,treatment,2024-04-22
ASG-002298,EXP-0001,LD-022040,,CO-0014731,paid,2024Q2,CMP-00121,treatment,2024-04-22
ASG-002299,EXP-0001,LD-022041,,CO-0055733,paid,2024Q2,CMP-00121,treatment,2024-04-22
ASG-002300,EXP-0001,LD-022042,,CO-0028837,paid,2024Q2,CMP-00122,control,2024-04-22
ASG-002301,EXP-0001,LD-022043,,CO-0041630,paid,2024Q2,CMP-00122,control,2024-04-22
ASG-002302,EXP-0001,LD-022044,,CO-0042474,paid,2024Q2,CMP-00122,control,2024-04-22
ASG-002303,EXP-0001,LD-022045,,CO-0094264,paid,2024Q2,CMP-00122,control,2024-04-22
ASG-002304,EXP-0001,LD-022046,,CO-0074694,paid,2024Q2,CMP-00122,control,2024-04-22
ASG-002305,EXP-0001,LD-022047,,CO-0116752,paid,2024Q2,CMP-00122,control,2024-04-22
ASG-002306,EXP-0001,LD-022063,,CO-0048641,paid,2024Q2,CMP-00118,treatment,2024-04-23
ASG-002307,EXP-0001,LD-022064,,CO-0106349,paid,2024Q2,CMP-00118,treatment,2024-04-23
ASG-002308,EXP-0001,LD-022065,,CO-0078911,paid,2024Q2,CMP-00118,treatment,2024-04-23
ASG-002309,EXP-0001,LD-022066,,CO-0092682,paid,2024Q2,CMP-00118,treatment,2024-04-23
ASG-002310,EXP-0001,LD-022067,,CO-0102780,paid,2024Q2,CMP-00119,treatment,2024-04-23
ASG-002311,EXP-0001,LD-022068,,CO-0085919,paid,2024Q2,CMP-00119,treatment,2024-04-23
ASG-002312,EXP-0001,LD-022069,,CO-0091731,paid,2024Q2,CMP-00119,treatment,2024-04-23
ASG-002313,EXP-0001,LD-022070,,CO-0044853,paid,2024Q2,CMP-00119,treatment,2024-04-23
ASG-002314,EXP-0001,LD-022071,,CO-0007198,paid,2024Q2,CMP-00119,treatment,2024-04-23
ASG-002315,EXP-0001,LD-022072,,CO-0024467,paid,2024Q2,CMP-00120,treatment,2024-04-23
ASG-002316,EXP-0001,LD-022073,,CO-0113858,paid,2024Q2,CMP-00121,treatment,2024-04-23
ASG-002317,EXP-0001,LD-022074,,CO-0037844,paid,2024Q2,CMP-00122,control,2024-04-23
ASG-002318,EXP-0001,LD-022075,,CO-0061507,paid,2024Q2,CMP-00122,control,2024-04-23
ASG-002319,EXP-0001,LD-022076,,CO-0113765,paid,2024Q2,CMP-00122,control,2024-04-23
ASG-002320,EXP-0001,LD-022077,,CO-0080838,paid,2024Q2,CMP-00122,control,2024-04-23
ASG-002321,EXP-0001,LD-022078,,CO-0032759,paid,2024Q2,CMP-00122,control,2024-04-23
ASG-002322,EXP-0001,LD-022079,,CO-0086311,paid,2024Q2,CMP-00122,control,2024-04-23
ASG-002323,EXP-0001,LD-022093,,CO-0051788,paid,2024Q2,CMP-00118,treatment,2024-04-24
ASG-002324,EXP-0001,LD-022094,,CO-0022976,paid,2024Q2,CMP-00118,treatment,2024-04-24
ASG-002325,EXP-0001,LD-022095,,CO-0010817,paid,2024Q2,CMP-00118,treatment,2024-04-24
ASG-002326,EXP-0001,LD-022096,,CO-0041832,paid,2024Q2,CMP-00119,treatment,2024-04-24
ASG-002327,EXP-0001,LD-022097,,CO-0104363,paid,2024Q2,CMP-00119,treatment,2024-04-24
ASG-002328,EXP-0001,LD-022098,,CO-0023051,paid,2024Q2,CMP-00119,treatment,2024-04-24
ASG-002329,EXP-0001,LD-022099,,CO-0017043,paid,2024Q2,CMP-00119,treatment,2024-04-24
ASG-002330,EXP-0001,LD-022100,,CO-0086051,paid,2024Q2,CMP-00119,treatment,2024-04-24
ASG-002331,EXP-0001,LD-022101,,CO-0057258,paid,2024Q2,CMP-00119,treatment,2024-04-24
ASG-002332,EXP-0001,LD-022102,,CO-0078337,paid,2024Q2,CMP-00120,treatment,2024-04-24
ASG-002333,EXP-0001,LD-022103,,CO-0070968,paid,2024Q2,CMP-00120,treatment,2024-04-24
ASG-002334,EXP-0001,LD-022104,,CO-0000245,paid,2024Q2,CMP-00120,treatment,2024-04-24
ASG-002335,EXP-0001,LD-022105,,CO-0091691,paid,2024Q2,CMP-00121,treatment,2024-04-24
ASG-002336,EXP-0001,LD-022106,,CO-0073627,paid,2024Q2,CMP-00121,treatment,2024-04-24
ASG-002337,EXP-0001,LD-022107,,CO-0087859,paid,2024Q2,CMP-00121,treatment,2024-04-24
ASG-002338,EXP-0001,LD-022108,,CO-0091098,paid,2024Q2,CMP-00121,treatment,2024-04-24
ASG-002339,EXP-0001,LD-022109,,CO-0000628,paid,2024Q2,CMP-00121,treatment,2024-04-24
ASG-002340,EXP-0001,LD-022110,,CO-0108910,paid,2024Q2,CMP-00122,control,2024-04-24
ASG-002341,EXP-0001,LD-022111,,CO-0099613,paid,2024Q2,CMP-00122,control,2024-04-24
ASG-002342,EXP-0001,LD-022112,,CO-0051215,paid,2024Q2,CMP-00122,control,2024-04-24
ASG-002343,EXP-0001,LD-022118,ACC-001324,CO-0102352,paid,2024Q2,CMP-00121,treatment,2024-04-25
ASG-002344,EXP-0001,LD-022135,,CO-0070714,paid,2024Q2,CMP-00118,treatment,2024-04-25
ASG-002345,EXP-0001,LD-022136,,CO-0023136,paid,2024Q2,CMP-00118,treatment,2024-04-25
ASG-002346,EXP-0001,LD-022137,,CO-0061560,paid,2024Q2,CMP-00118,treatment,2024-04-25
ASG-002347,EXP-0001,LD-022138,,CO-0094262,paid,2024Q2,CMP-00119,treatment,2024-04-25
ASG-002348,EXP-0001,LD-022139,,CO-0018967,paid,2024Q2,CMP-00119,treatment,2024-04-25
ASG-002349,EXP-0001,LD-022140,,CO-0071089,paid,2024Q2,CMP-00119,treatment,2024-04-25
ASG-002350,EXP-0001,LD-022141,,CO-0086599,paid,2024Q2,CMP-00119,treatment,2024-04-25
ASG-002351,EXP-0001,LD-022142,,CO-0111757,paid,2024Q2,CMP-00120,treatment,2024-04-25
ASG-002352,EXP-0001,LD-022143,,CO-0008247,paid,2024Q2,CMP-00120,treatment,2024-04-25
ASG-002353,EXP-0001,LD-022144,,CO-0012188,paid,2024Q2,CMP-00120,treatment,2024-04-25
ASG-002354,EXP-0001,LD-022145,,CO-0089575,paid,2024Q2,CMP-00121,treatment,2024-04-25
ASG-002355,EXP-0001,LD-022146,,CO-0079656,paid,2024Q2,CMP-00122,control,2024-04-25
ASG-002356,EXP-0001,LD-022147,,CO-0025440,paid,2024Q2,CMP-00122,control,2024-04-25
ASG-002357,EXP-0001,LD-022148,,CO-0030348,paid,2024Q2,CMP-00122,control,2024-04-25
ASG-002358,EXP-0001,LD-022149,,CO-0045154,paid,2024Q2,CMP-00122,control,2024-04-25
ASG-002359,EXP-0001,LD-022150,,CO-0094190,paid,2024Q2,CMP-00122,control,2024-04-25
ASG-002360,EXP-0001,LD-022151,,CO-0094090,paid,2024Q2,CMP-00122,control,2024-04-25
ASG-002361,EXP-0001,LD-022174,,CO-0008506,paid,2024Q2,CMP-00118,treatment,2024-04-26
ASG-002362,EXP-0001,LD-022175,,CO-0068216,paid,2024Q2,CMP-00118,treatment,2024-04-26
ASG-002363,EXP-0001,LD-022176,,CO-0039119,paid,2024Q2,CMP-00118,treatment,2024-04-26
ASG-002364,EXP-0001,LD-022177,,CO-0069294,paid,2024Q2,CMP-00118,treatment,2024-04-26
ASG-002365,EXP-0001,LD-022178,,CO-0009819,paid,2024Q2,CMP-00118,treatment,2024-04-26
ASG-002366,EXP-0001,LD-022179,,CO-0057490,paid,2024Q2,CMP-00118,treatment,2024-04-26
ASG-002367,EXP-0001,LD-022180,,CO-0027533,paid,2024Q2,CMP-00118,treatment,2024-04-26
ASG-002368,EXP-0001,LD-022181,,CO-0083024,paid,2024Q2,CMP-00118,treatment,2024-04-26
ASG-002369,EXP-0001,LD-022182,,CO-0032179,paid,2024Q2,CMP-00118,treatment,2024-04-26
ASG-002370,EXP-0001,LD-022183,,CO-0027493,paid,2024Q2,CMP-00118,treatment,2024-04-26
ASG-002371,EXP-0001,LD-022184,,CO-0079507,paid,2024Q2,CMP-00118,treatment,2024-04-26
ASG-002372,EXP-0001,LD-022185,,CO-0042362,paid,2024Q2,CMP-00119,treatment,2024-04-26
ASG-002373,EXP-0001,LD-022186,,CO-0012619,paid,2024Q2,CMP-00119,treatment,2024-04-26
ASG-002374,EXP-0001,LD-022187,,CO-0058334,paid,2024Q2,CMP-00119,treatment,2024-04-26
ASG-002375,EXP-0001,LD-022188,,CO-0019900,paid,2024Q2,CMP-00119,treatment,2024-04-26
ASG-002376,EXP-0001,LD-022189,,CO-0103727,paid,2024Q2,CMP-00119,treatment,2024-04-26
ASG-002377,EXP-0001,LD-022190,,CO-0118364,paid,2024Q2,CMP-00119,treatment,2024-04-26
ASG-002378,EXP-0001,LD-022191,,CO-0031910,paid,2024Q2,CMP-00119,treatment,2024-04-26
ASG-002379,EXP-0001,LD-022192,,CO-0007985,paid,2024Q2,CMP-00120,treatment,2024-04-26
ASG-002380,EXP-0001,LD-022193,,CO-0078490,paid,2024Q2,CMP-00120,treatment,2024-04-26
ASG-002381,EXP-0001,LD-022194,,CO-0080741,paid,2024Q2,CMP-00121,treatment,2024-04-26
ASG-002382,EXP-0001,LD-022195,,CO-0075533,paid,2024Q2,CMP-00121,treatment,2024-04-26
ASG-002383,EXP-0001,LD-022196,,CO-0017760,paid,2024Q2,CMP-00121,treatment,2024-04-26
ASG-002384,EXP-0001,LD-022197,,CO-0060576,paid,2024Q2,CMP-00122,control,2024-04-26
ASG-002385,EXP-0001,LD-022198,,CO-0025344,paid,2024Q2,CMP-00122,control,2024-04-26
ASG-002386,EXP-0001,LD-022199,,CO-0122224,paid,2024Q2,CMP-00122,control,2024-04-26
ASG-002387,EXP-0001,LD-022200,,CO-0011325,paid,2024Q2,CMP-00122,control,2024-04-26
ASG-002388,EXP-0001,LD-022201,,CO-0016035,paid,2024Q2,CMP-00122,control,2024-04-26
ASG-002389,EXP-0001,LD-022206,ACC-006477,CO-0003736,paid,2024Q2,CMP-00120,treatment,2024-04-27
ASG-002390,EXP-0001,LD-022220,,CO-0072887,paid,2024Q2,CMP-00118,treatment,2024-04-27
ASG-002391,EXP-0001,LD-022221,,CO-0010995,paid,2024Q2,CMP-00118,treatment,2024-04-27
ASG-002392,EXP-0001,LD-022222,,CO-0043214,paid,2024Q2,CMP-00118,treatment,2024-04-27
ASG-002393,EXP-0001,LD-022223,,CO-0073369,paid,2024Q2,CMP-00118,treatment,2024-04-27
ASG-002394,EXP-0001,LD-022224,,CO-0094444,paid,2024Q2,CMP-00118,treatment,2024-04-27
ASG-002395,EXP-0001,LD-022225,,CO-0051533,paid,2024Q2,CMP-00118,treatment,2024-04-27
ASG-002396,EXP-0001,LD-022226,,CO-0018578,paid,2024Q2,CMP-00119,treatment,2024-04-27
ASG-002397,EXP-0001,LD-022227,,CO-0037242,paid,2024Q2,CMP-00119,treatment,2024-04-27
ASG-002398,EXP-0001,LD-022228,,CO-0107455,paid,2024Q2,CMP-00119,treatment,2024-04-27
ASG-002399,EXP-0001,LD-022229,,CO-0011609,paid,2024Q2,CMP-00119,treatment,2024-04-27
ASG-002400,EXP-0001,LD-022230,,CO-0095576,paid,2024Q2,CMP-00119,treatment,2024-04-27
ASG-002401,EXP-0001,LD-022231,,CO-0079097,paid,2024Q2,CMP-00119,treatment,2024-04-27
ASG-002402,EXP-0001,LD-022232,,CO-0000160,paid,2024Q2,CMP-00120,treatment,2024-04-27
ASG-002403,EXP-0001,LD-022233,,CO-0073864,paid,2024Q2,CMP-00120,treatment,2024-04-27
ASG-002404,EXP-0001,LD-022234,,CO-0067990,paid,2024Q2,CMP-00121,treatment,2024-04-27
ASG-002405,EXP-0001,LD-022235,,CO-0066609,paid,2024Q2,CMP-00121,treatment,2024-04-27
ASG-002406,EXP-0001,LD-022236,,CO-0043716,paid,2024Q2,CMP-00121,treatment,2024-04-27
ASG-002407,EXP-0001,LD-022237,,CO-0092301,paid,2024Q2,CMP-00121,treatment,2024-04-27
ASG-002408,EXP-0001,LD-022238,,CO-0117290,paid,2024Q2,CMP-00121,treatment,2024-04-27
ASG-002409,EXP-0001,LD-022239,,CO-0019863,paid,2024Q2,CMP-00121,treatment,2024-04-27
ASG-002410,EXP-0001,LD-022240,,CO-0039055,paid,2024Q2,CMP-00121,treatment,2024-04-27
ASG-002411,EXP-0001,LD-022241,,CO-0044752,paid,2024Q2,CMP-00121,treatment,2024-04-27
ASG-002412,EXP-0001,LD-022242,,CO-0060064,paid,2024Q2,CMP-00121,treatment,2024-04-27
ASG-002413,EXP-0001,LD-022243,,CO-0026475,paid,2024Q2,CMP-00121,treatment,2024-04-27
ASG-002414,EXP-0001,LD-022244,,CO-0052660,paid,2024Q2,CMP-00122,control,2024-04-27
ASG-002415,EXP-0001,LD-022245,,CO-0058995,paid,2024Q2,CMP-00122,control,2024-04-27
ASG-002416,EXP-0001,LD-022246,,CO-0065190,paid,2024Q2,CMP-00122,control,2024-04-27
ASG-002417,EXP-0001,LD-022247,,CO-0006957,paid,2024Q2,CMP-00122,control,2024-04-27
ASG-002418,EXP-0001,LD-022248,,CO-0107767,paid,2024Q2,CMP-00122,control,2024-04-27
ASG-002419,EXP-0001,LD-022252,ACC-003715,CO-0011924,paid,2024Q2,CMP-00119,treatment,2024-04-28
ASG-002420,EXP-0001,LD-022267,,CO-0047476,paid,2024Q2,CMP-00118,treatment,2024-04-28
ASG-002421,EXP-0001,LD-022268,,CO-0077750,paid,2024Q2,CMP-00118,treatment,2024-04-28
ASG-002422,EXP-0001,LD-022269,,CO-0121056,paid,2024Q2,CMP-00118,treatment,2024-04-28
ASG-002423,EXP-0001,LD-022270,,CO-0104509,paid,2024Q2,CMP-00118,treatment,2024-04-28
ASG-002424,EXP-0001,LD-022271,,CO-0115080,paid,2024Q2,CMP-00118,treatment,2024-04-28
ASG-002425,EXP-0001,LD-022272,,CO-0068123,paid,2024Q2,CMP-00118,treatment,2024-04-28
ASG-002426,EXP-0001,LD-022273,,CO-0098181,paid,2024Q2,CMP-00118,treatment,2024-04-28
ASG-002427,EXP-0001,LD-022274,,CO-0122698,paid,2024Q2,CMP-00119,treatment,2024-04-28
ASG-002428,EXP-0001,LD-022275,,CO-0114495,paid,2024Q2,CMP-00119,treatment,2024-04-28
ASG-002429,EXP-0001,LD-022276,,CO-0115854,paid,2024Q2,CMP-00119,treatment,2024-04-28
ASG-002430,EXP-0001,LD-022277,,CO-0064988,paid,2024Q2,CMP-00119,treatment,2024-04-28
ASG-002431,EXP-0001,LD-022278,,CO-0115399,paid,2024Q2,CMP-00119,treatment,2024-04-28
ASG-002432,EXP-0001,LD-022279,,CO-0006210,paid,2024Q2,CMP-00119,treatment,2024-04-28
ASG-002433,EXP-0001,LD-022280,,CO-0015908,paid,2024Q2,CMP-00120,treatment,2024-04-28
ASG-002434,EXP-0001,LD-022281,,CO-0120623,paid,2024Q2,CMP-00120,treatment,2024-04-28
ASG-002435,EXP-0001,LD-022282,,CO-0038382,paid,2024Q2,CMP-00120,treatment,2024-04-28
ASG-002436,EXP-0001,LD-022283,,CO-0101029,paid,2024Q2,CMP-00120,treatment,2024-04-28
ASG-002437,EXP-0001,LD-022284,,CO-0076565,paid,2024Q2,CMP-00120,treatment,2024-04-28
ASG-002438,EXP-0001,LD-022285,,CO-0088278,paid,2024Q2,CMP-00120,treatment,2024-04-28
ASG-002439,EXP-0001,LD-022286,,CO-0117496,paid,2024Q2,CMP-00121,treatment,2024-04-28
ASG-002440,EXP-0001,LD-022287,,CO-0054149,paid,2024Q2,CMP-00121,treatment,2024-04-28
ASG-002441,EXP-0001,LD-022288,,CO-0086488,paid,2024Q2,CMP-00121,treatment,2024-04-28
ASG-002442,EXP-0001,LD-022289,,CO-0023399,paid,2024Q2,CMP-00121,treatment,2024-04-28
ASG-002443,EXP-0001,LD-022290,,CO-0097128,paid,2024Q2,CMP-00122,control,2024-04-28
ASG-002444,EXP-0001,LD-022307,,CO-0019763,paid,2024Q2,CMP-00118,treatment,2024-04-29
ASG-002445,EXP-0001,LD-022308,,CO-0030124,paid,2024Q2,CMP-00118,treatment,2024-04-29
ASG-002446,EXP-0001,LD-022309,,CO-0118658,paid,2024Q2,CMP-00118,treatment,2024-04-29
ASG-002447,EXP-0001,LD-022310,,CO-0023950,paid,2024Q2,CMP-00119,treatment,2024-04-29
ASG-002448,EXP-0001,LD-022311,,CO-0117998,paid,2024Q2,CMP-00119,treatment,2024-04-29
ASG-002449,EXP-0001,LD-022312,,CO-0112230,paid,2024Q2,CMP-00119,treatment,2024-04-29
ASG-002450,EXP-0001,LD-022313,,CO-0086304,paid,2024Q2,CMP-00119,treatment,2024-04-29
ASG-002451,EXP-0001,LD-022314,,CO-0035520,paid,2024Q2,CMP-00119,treatment,2024-04-29
ASG-002452,EXP-0001,LD-022315,,CO-0011835,paid,2024Q2,CMP-00120,treatment,2024-04-29
ASG-002453,EXP-0001,LD-022316,,CO-0041369,paid,2024Q2,CMP-00120,treatment,2024-04-29
ASG-002454,EXP-0001,LD-022317,,CO-0069959,paid,2024Q2,CMP-00120,treatment,2024-04-29
ASG-002455,EXP-0001,LD-022318,,CO-0008137,paid,2024Q2,CMP-00121,treatment,2024-04-29
ASG-002456,EXP-0001,LD-022319,,CO-0066014,paid,2024Q2,CMP-00121,treatment,2024-04-29
ASG-002457,EXP-0001,LD-022320,,CO-0032302,paid,2024Q2,CMP-00121,treatment,2024-04-29
ASG-002458,EXP-0001,LD-022321,,CO-0099512,paid,2024Q2,CMP-00122,control,2024-04-29
ASG-002459,EXP-0001,LD-022322,,CO-0115980,paid,2024Q2,CMP-00122,control,2024-04-29
ASG-002460,EXP-0001,LD-022323,,CO-0115020,paid,2024Q2,CMP-00122,control,2024-04-29
ASG-002461,EXP-0001,LD-022324,,CO-0036442,paid,2024Q2,CMP-00122,control,2024-04-29
ASG-002462,EXP-0001,LD-022329,ACC-004952,CO-0023754,paid,2024Q2,CMP-00119,treatment,2024-04-30
ASG-002463,EXP-0001,LD-022343,,CO-0001439,paid,2024Q2,CMP-00118,treatment,2024-04-30
ASG-002464,EXP-0001,LD-022344,,CO-0031575,paid,2024Q2,CMP-00118,treatment,2024-04-30
ASG-002465,EXP-0001,LD-022345,,CO-0009790,paid,2024Q2,CMP-00118,treatment,2024-04-30
ASG-002466,EXP-0001,LD-022346,,CO-0085535,paid,2024Q2,CMP-00118,treatment,2024-04-30
ASG-002467,EXP-0001,LD-022347,,CO-0120178,paid,2024Q2,CMP-00118,treatment,2024-04-30
ASG-002468,EXP-0001,LD-022348,,CO-0080977,paid,2024Q2,CMP-00118,treatment,2024-04-30
ASG-002469,EXP-0001,LD-022349,,CO-0055540,paid,2024Q2,CMP-00118,treatment,2024-04-30
ASG-002470,EXP-0001,LD-022350,,CO-0060572,paid,2024Q2,CMP-00119,treatment,2024-04-30
ASG-002471,EXP-0001,LD-022351,,CO-0013590,paid,2024Q2,CMP-00119,treatment,2024-04-30
ASG-002472,EXP-0001,LD-022352,,CO-0030846,paid,2024Q2,CMP-00119,treatment,2024-04-30
ASG-002473,EXP-0001,LD-022353,,CO-0087494,paid,2024Q2,CMP-00119,treatment,2024-04-30
ASG-002474,EXP-0001,LD-022354,,CO-0060430,paid,2024Q2,CMP-00119,treatment,2024-04-30
ASG-002475,EXP-0001,LD-022355,,CO-0120799,paid,2024Q2,CMP-00119,treatment,2024-04-30
ASG-002476,EXP-0001,LD-022356,,CO-0108348,paid,2024Q2,CMP-00119,treatment,2024-04-30
ASG-002477,EXP-0001,LD-022357,,CO-0107036,paid,2024Q2,CMP-00119,treatment,2024-04-30
ASG-002478,EXP-0001,LD-022358,,CO-0006132,paid,2024Q2,CMP-00119,treatment,2024-04-30
ASG-002479,EXP-0001,LD-022359,,CO-0101582,paid,2024Q2,CMP-00119,treatment,2024-04-30
ASG-002480,EXP-0001,LD-022360,,CO-0003960,paid,2024Q2,CMP-00120,treatment,2024-04-30
ASG-002481,EXP-0001,LD-022361,,CO-0001594,paid,2024Q2,CMP-00120,treatment,2024-04-30
ASG-002482,EXP-0001,LD-022362,,CO-0072394,paid,2024Q2,CMP-00121,treatment,2024-04-30
ASG-002483,EXP-0001,LD-022363,,CO-0063222,paid,2024Q2,CMP-00121,treatment,2024-04-30
ASG-002484,EXP-0001,LD-022364,,CO-0017015,paid,2024Q2,CMP-00121,treatment,2024-04-30
ASG-002485,EXP-0001,LD-022365,,CO-0066254,paid,2024Q2,CMP-00121,treatment,2024-04-30
ASG-002486,EXP-0001,LD-022366,,CO-0090870,paid,2024Q2,CMP-00121,treatment,2024-04-30
ASG-002487,EXP-0001,LD-022367,,CO-0021803,paid,2024Q2,CMP-00122,control,2024-04-30
ASG-002488,EXP-0001,LD-022368,,CO-0008556,paid,2024Q2,CMP-00122,control,2024-04-30
ASG-002489,EXP-0001,LD-022369,,CO-0023756,paid,2024Q2,CMP-00122,control,2024-04-30
ASG-002490,EXP-0001,LD-022370,,CO-0089081,paid,2024Q2,CMP-00122,control,2024-04-30
ASG-002491,EXP-0001,LD-022392,,CO-0057267,paid,2024Q2,CMP-00118,treatment,2024-05-01
ASG-002492,EXP-0001,LD-022393,,CO-0111335,paid,2024Q2,CMP-00118,treatment,2024-05-01
ASG-002493,EXP-0001,LD-022394,,CO-0056492,paid,2024Q2,CMP-00118,treatment,2024-05-01
ASG-002494,EXP-0001,LD-022395,,CO-0027066,paid,2024Q2,CMP-00118,treatment,2024-05-01
ASG-002495,EXP-0001,LD-022396,,CO-0121679,paid,2024Q2,CMP-00119,treatment,2024-05-01
ASG-002496,EXP-0001,LD-022397,,CO-0080146,paid,2024Q2,CMP-00119,treatment,2024-05-01
ASG-002497,EXP-0001,LD-022398,,CO-0039425,paid,2024Q2,CMP-00119,treatment,2024-05-01
ASG-002498,EXP-0001,LD-022399,,CO-0103296,paid,2024Q2,CMP-00119,treatment,2024-05-01
ASG-002499,EXP-0001,LD-022400,,CO-0052648,paid,2024Q2,CMP-00119,treatment,2024-05-01
ASG-002500,EXP-0001,LD-022401,,CO-0048396,paid,2024Q2,CMP-00119,treatment,2024-05-01
ASG-002501,EXP-0001,LD-022402,,CO-0079606,paid,2024Q2,CMP-00119,treatment,2024-05-01
ASG-002502,EXP-0001,LD-022403,,CO-0096138,paid,2024Q2,CMP-00119,treatment,2024-05-01
ASG-002503,EXP-0001,LD-022404,,CO-0034844,paid,2024Q2,CMP-00120,treatment,2024-05-01
ASG-002504,EXP-0001,LD-022405,,CO-0028291,paid,2024Q2,CMP-00120,treatment,2024-05-01
ASG-002505,EXP-0001,LD-022406,,CO-0090381,paid,2024Q2,CMP-00120,treatment,2024-05-01
ASG-002506,EXP-0001,LD-022407,,CO-0087785,paid,2024Q2,CMP-00121,treatment,2024-05-01
ASG-002507,EXP-0001,LD-022408,,CO-0054086,paid,2024Q2,CMP-00121,treatment,2024-05-01
ASG-002508,EXP-0001,LD-022409,,CO-0002991,paid,2024Q2,CMP-00122,control,2024-05-01
ASG-002509,EXP-0001,LD-022410,,CO-0056458,paid,2024Q2,CMP-00122,control,2024-05-01
ASG-002510,EXP-0001,LD-022411,,CO-0004341,paid,2024Q2,CMP-00122,control,2024-05-01
ASG-002511,EXP-0001,LD-022412,,CO-0114277,paid,2024Q2,CMP-00122,control,2024-05-01
ASG-002512,EXP-0001,LD-022413,,CO-0103974,paid,2024Q2,CMP-00122,control,2024-05-01
ASG-002513,EXP-0001,LD-022414,,CO-0112017,paid,2024Q2,CMP-00122,control,2024-05-01
ASG-002514,EXP-0001,LD-022430,,CO-0107522,paid,2024Q2,CMP-00118,treatment,2024-05-02
ASG-002515,EXP-0001,LD-022431,,CO-0021578,paid,2024Q2,CMP-00118,treatment,2024-05-02
ASG-002516,EXP-0001,LD-022432,,CO-0069495,paid,2024Q2,CMP-00118,treatment,2024-05-02
ASG-002517,EXP-0001,LD-022433,,CO-0015296,paid,2024Q2,CMP-00118,treatment,2024-05-02
ASG-002518,EXP-0001,LD-022434,,CO-0058473,paid,2024Q2,CMP-00118,treatment,2024-05-02
ASG-002519,EXP-0001,LD-022435,,CO-0096067,paid,2024Q2,CMP-00118,treatment,2024-05-02
ASG-002520,EXP-0001,LD-022436,,CO-0054201,paid,2024Q2,CMP-00118,treatment,2024-05-02
ASG-002521,EXP-0001,LD-022437,,CO-0075544,paid,2024Q2,CMP-00119,treatment,2024-05-02
ASG-002522,EXP-0001,LD-022438,,CO-0114464,paid,2024Q2,CMP-00119,treatment,2024-05-02
ASG-002523,EXP-0001,LD-022439,,CO-0056270,paid,2024Q2,CMP-00119,treatment,2024-05-02
ASG-002524,EXP-0001,LD-022440,,CO-0108832,paid,2024Q2,CMP-00119,treatment,2024-05-02
ASG-002525,EXP-0001,LD-022441,,CO-0072522,paid,2024Q2,CMP-00119,treatment,2024-05-02
ASG-002526,EXP-0001,LD-022442,,CO-0027210,paid,2024Q2,CMP-00119,treatment,2024-05-02
ASG-002527,EXP-0001,LD-022443,,CO-0118035,paid,2024Q2,CMP-00119,treatment,2024-05-02
ASG-002528,EXP-0001,LD-022444,,CO-0081924,paid,2024Q2,CMP-00119,treatment,2024-05-02
ASG-002529,EXP-0001,LD-022445,,CO-0090479,paid,2024Q2,CMP-00119,treatment,2024-05-02
ASG-002530,EXP-0001,LD-022446,,CO-0004046,paid,2024Q2,CMP-00120,treatment,2024-05-02
ASG-002531,EXP-0001,LD-022447,,CO-0055947,paid,2024Q2,CMP-00120,treatment,2024-05-02
ASG-002532,EXP-0001,LD-022448,,CO-0029388,paid,2024Q2,CMP-00120,treatment,2024-05-02
ASG-002533,EXP-0001,LD-022449,,CO-0027200,paid,2024Q2,CMP-00120,treatment,2024-05-02
ASG-002534,EXP-0001,LD-022450,,CO-0007032,paid,2024Q2,CMP-00120,treatment,2024-05-02
ASG-002535,EXP-0001,LD-022451,,CO-0007631,paid,2024Q2,CMP-00120,treatment,2024-05-02
ASG-002536,EXP-0001,LD-022452,,CO-0063414,paid,2024Q2,CMP-00120,treatment,2024-05-02
ASG-002537,EXP-0001,LD-022453,,CO-0012625,paid,2024Q2,CMP-00120,treatment,2024-05-02
ASG-002538,EXP-0001,LD-022454,,CO-0016669,paid,2024Q2,CMP-00120,treatment,2024-05-02
ASG-002539,EXP-0001,LD-022455,,CO-0020462,paid,2024Q2,CMP-00120,treatment,2024-05-02
ASG-002540,EXP-0001,LD-022456,,CO-0057079,paid,2024Q2,CMP-00121,treatment,2024-05-02
ASG-002541,EXP-0001,LD-022457,,CO-0116813,paid,2024Q2,CMP-00121,treatment,2024-05-02
ASG-002542,EXP-0001,LD-022458,,CO-0001776,paid,2024Q2,CMP-00121,treatment,2024-05-02
ASG-002543,EXP-0001,LD-022459,,CO-0048610,paid,2024Q2,CMP-00122,control,2024-05-02
ASG-002544,EXP-0001,LD-022460,,CO-0097193,paid,2024Q2,CMP-00122,control,2024-05-02
ASG-002545,EXP-0001,LD-022461,,CO-0078813,paid,2024Q2,CMP-00122,control,2024-05-02
ASG-002546,EXP-0001,LD-022462,,CO-0050305,paid,2024Q2,CMP-00122,control,2024-05-02
ASG-002547,EXP-0001,LD-022463,,CO-0013270,paid,2024Q2,CMP-00122,control,2024-05-02
ASG-002548,EXP-0001,LD-022464,,CO-0102779,paid,2024Q2,CMP-00122,control,2024-05-02
ASG-002549,EXP-0001,LD-022480,,CO-0049002,paid,2024Q2,CMP-00118,treatment,2024-05-03
ASG-002550,EXP-0001,LD-022481,,CO-0016735,paid,2024Q2,CMP-00118,treatment,2024-05-03
ASG-002551,EXP-0001,LD-022482,,CO-0073493,paid,2024Q2,CMP-00118,treatment,2024-05-03
ASG-002552,EXP-0001,LD-022483,,CO-0032713,paid,2024Q2,CMP-00118,treatment,2024-05-03
ASG-002553,EXP-0001,LD-022484,,CO-0020920,paid,2024Q2,CMP-00118,treatment,2024-05-03
ASG-002554,EXP-0001,LD-022485,,CO-0053761,paid,2024Q2,CMP-00118,treatment,2024-05-03
ASG-002555,EXP-0001,LD-022486,,CO-0032751,paid,2024Q2,CMP-00118,treatment,2024-05-03
ASG-002556,EXP-0001,LD-022487,,CO-0104218,paid,2024Q2,CMP-00119,treatment,2024-05-03
ASG-002557,EXP-0001,LD-022488,,CO-0059477,paid,2024Q2,CMP-00119,treatment,2024-05-03
ASG-002558,EXP-0001,LD-022489,,CO-0086010,paid,2024Q2,CMP-00119,treatment,2024-05-03
ASG-002559,EXP-0001,LD-022490,,CO-0065055,paid,2024Q2,CMP-00119,treatment,2024-05-03
ASG-002560,EXP-0001,LD-022491,,CO-0077115,paid,2024Q2,CMP-00120,treatment,2024-05-03
ASG-002561,EXP-0001,LD-022492,,CO-0106718,paid,2024Q2,CMP-00120,treatment,2024-05-03
ASG-002562,EXP-0001,LD-022493,,CO-0115868,paid,2024Q2,CMP-00120,treatment,2024-05-03
ASG-002563,EXP-0001,LD-022494,,CO-0059948,paid,2024Q2,CMP-00121,treatment,2024-05-03
ASG-002564,EXP-0001,LD-022495,,CO-0065706,paid,2024Q2,CMP-00121,treatment,2024-05-03
ASG-002565,EXP-0001,LD-022496,,CO-0043782,paid,2024Q2,CMP-00121,treatment,2024-05-03
ASG-002566,EXP-0001,LD-022497,,CO-0029625,paid,2024Q2,CMP-00121,treatment,2024-05-03
ASG-002567,EXP-0001,LD-022498,,CO-0045067,paid,2024Q2,CMP-00121,treatment,2024-05-03
ASG-002568,EXP-0001,LD-022499,,CO-0082723,paid,2024Q2,CMP-00122,control,2024-05-03
ASG-002569,EXP-0001,LD-022500,,CO-0114426,paid,2024Q2,CMP-00122,control,2024-05-03
ASG-002570,EXP-0001,LD-022501,,CO-0073938,paid,2024Q2,CMP-00122,control,2024-05-03
ASG-002571,EXP-0001,LD-022502,,CO-0025531,paid,2024Q2,CMP-00122,control,2024-05-03
ASG-002572,EXP-0001,LD-022505,ACC-001060,CO-0117956,paid,2024Q2,CMP-00118,treatment,2024-05-04
ASG-002573,EXP-0001,LD-022523,,CO-0071749,paid,2024Q2,CMP-00118,treatment,2024-05-04
ASG-002574,EXP-0001,LD-022524,,CO-0038584,paid,2024Q2,CMP-00118,treatment,2024-05-04
ASG-002575,EXP-0001,LD-022525,,CO-0039343,paid,2024Q2,CMP-00118,treatment,2024-05-04
ASG-002576,EXP-0001,LD-022526,,CO-0067705,paid,2024Q2,CMP-00118,treatment,2024-05-04
ASG-002577,EXP-0001,LD-022527,,CO-0046378,paid,2024Q2,CMP-00119,treatment,2024-05-04
ASG-002578,EXP-0001,LD-022528,,CO-0016093,paid,2024Q2,CMP-00119,treatment,2024-05-04
ASG-002579,EXP-0001,LD-022529,,CO-0096527,paid,2024Q2,CMP-00119,treatment,2024-05-04
ASG-002580,EXP-0001,LD-022530,,CO-0055700,paid,2024Q2,CMP-00119,treatment,2024-05-04
ASG-002581,EXP-0001,LD-022531,,CO-0057162,paid,2024Q2,CMP-00119,treatment,2024-05-04
ASG-002582,EXP-0001,LD-022532,,CO-0120305,paid,2024Q2,CMP-00119,treatment,2024-05-04
ASG-002583,EXP-0001,LD-022533,,CO-0099193,paid,2024Q2,CMP-00119,treatment,2024-05-04
ASG-002584,EXP-0001,LD-022534,,CO-0011235,paid,2024Q2,CMP-00120,treatment,2024-05-04
ASG-002585,EXP-0001,LD-022535,,CO-0038065,paid,2024Q2,CMP-00120,treatment,2024-05-04
ASG-002586,EXP-0001,LD-022536,,CO-0065895,paid,2024Q2,CMP-00121,treatment,2024-05-04
ASG-002587,EXP-0001,LD-022537,,CO-0084225,paid,2024Q2,CMP-00121,treatment,2024-05-04
ASG-002588,EXP-0001,LD-022538,,CO-0097144,paid,2024Q2,CMP-00122,control,2024-05-04
ASG-002589,EXP-0001,LD-022539,,CO-0075334,paid,2024Q2,CMP-00122,control,2024-05-04
ASG-002590,EXP-0001,LD-022540,,CO-0034078,paid,2024Q2,CMP-00122,control,2024-05-04
ASG-002591,EXP-0001,LD-022541,,CO-0116874,paid,2024Q2,CMP-00122,control,2024-05-04
ASG-002592,EXP-0001,LD-022555,,CO-0106869,paid,2024Q2,CMP-00118,treatment,2024-05-05
ASG-002593,EXP-0001,LD-022556,,CO-0001231,paid,2024Q2,CMP-00118,treatment,2024-05-05
ASG-002594,EXP-0001,LD-022557,,CO-0020771,paid,2024Q2,CMP-00118,treatment,2024-05-05
ASG-002595,EXP-0001,LD-022558,,CO-0102508,paid,2024Q2,CMP-00118,treatment,2024-05-05
ASG-002596,EXP-0001,LD-022559,,CO-0055644,paid,2024Q2,CMP-00118,treatment,2024-05-05
ASG-002597,EXP-0001,LD-022560,,CO-0071358,paid,2024Q2,CMP-00118,treatment,2024-05-05
ASG-002598,EXP-0001,LD-022561,,CO-0001686,paid,2024Q2,CMP-00118,treatment,2024-05-05
ASG-002599,EXP-0001,LD-022562,,CO-0043519,paid,2024Q2,CMP-00118,treatment,2024-05-05
ASG-002600,EXP-0001,LD-022563,,CO-0045101,paid,2024Q2,CMP-00119,treatment,2024-05-05
ASG-002601,EXP-0001,LD-022564,,CO-0071059,paid,2024Q2,CMP-00119,treatment,2024-05-05
ASG-002602,EXP-0001,LD-022565,,CO-0106277,paid,2024Q2,CMP-00119,treatment,2024-05-05
ASG-002603,EXP-0001,LD-022566,,CO-0018525,paid,2024Q2,CMP-00119,treatment,2024-05-05
ASG-002604,EXP-0001,LD-022567,,CO-0020999,paid,2024Q2,CMP-00119,treatment,2024-05-05
ASG-002605,EXP-0001,LD-022568,,CO-0102319,paid,2024Q2,CMP-00119,treatment,2024-05-05
ASG-002606,EXP-0001,LD-022569,,CO-0038284,paid,2024Q2,CMP-00120,treatment,2024-05-05
ASG-002607,EXP-0001,LD-022570,,CO-0086512,paid,2024Q2,CMP-00120,treatment,2024-05-05
ASG-002608,EXP-0001,LD-022571,,CO-0023811,paid,2024Q2,CMP-00121,treatment,2024-05-05
ASG-002609,EXP-0001,LD-022572,,CO-0098599,paid,2024Q2,CMP-00121,treatment,2024-05-05
ASG-002610,EXP-0001,LD-022573,,CO-0062282,paid,2024Q2,CMP-00122,control,2024-05-05
ASG-002611,EXP-0001,LD-022574,,CO-0040599,paid,2024Q2,CMP-00122,control,2024-05-05
ASG-002612,EXP-0001,LD-022575,,CO-0093589,paid,2024Q2,CMP-00122,control,2024-05-05
ASG-002613,EXP-0001,LD-022576,ACC-000186,CO-0108430,paid,2024Q2,CMP-00118,treatment,2024-05-06
ASG-002614,EXP-0001,LD-022590,,CO-0076622,paid,2024Q2,CMP-00118,treatment,2024-05-06
ASG-002615,EXP-0001,LD-022591,,CO-0114478,paid,2024Q2,CMP-00118,treatment,2024-05-06
ASG-002616,EXP-0001,LD-022592,,CO-0018376,paid,2024Q2,CMP-00118,treatment,2024-05-06
ASG-002617,EXP-0001,LD-022593,,CO-0098440,paid,2024Q2,CMP-00118,treatment,2024-05-06
ASG-002618,EXP-0001,LD-022594,,CO-0114204,paid,2024Q2,CMP-00118,treatment,2024-05-06
ASG-002619,EXP-0001,LD-022595,,CO-0043448,paid,2024Q2,CMP-00119,treatment,2024-05-06
ASG-002620,EXP-0001,LD-022596,,CO-0097189,paid,2024Q2,CMP-00119,treatment,2024-05-06
ASG-002621,EXP-0001,LD-022597,,CO-0102503,paid,2024Q2,CMP-00119,treatment,2024-05-06
ASG-002622,EXP-0001,LD-022598,,CO-0060051,paid,2024Q2,CMP-00119,treatment,2024-05-06
ASG-002623,EXP-0001,LD-022599,,CO-0048822,paid,2024Q2,CMP-00119,treatment,2024-05-06
ASG-002624,EXP-0001,LD-022600,,CO-0097575,paid,2024Q2,CMP-00119,treatment,2024-05-06
ASG-002625,EXP-0001,LD-022601,,CO-0121309,paid,2024Q2,CMP-00119,treatment,2024-05-06
ASG-002626,EXP-0001,LD-022602,,CO-0011731,paid,2024Q2,CMP-00119,treatment,2024-05-06
ASG-002627,EXP-0001,LD-022603,,CO-0094025,paid,2024Q2,CMP-00119,treatment,2024-05-06
ASG-002628,EXP-0001,LD-022604,,CO-0080726,paid,2024Q2,CMP-00120,treatment,2024-05-06
ASG-002629,EXP-0001,LD-022605,,CO-0023578,paid,2024Q2,CMP-00120,treatment,2024-05-06
ASG-002630,EXP-0001,LD-022606,,CO-0025852,paid,2024Q2,CMP-00120,treatment,2024-05-06
ASG-002631,EXP-0001,LD-022607,,CO-0053552,paid,2024Q2,CMP-00121,treatment,2024-05-06
ASG-002632,EXP-0001,LD-022608,,CO-0108560,paid,2024Q2,CMP-00121,treatment,2024-05-06
ASG-002633,EXP-0001,LD-022609,,CO-0002107,paid,2024Q2,CMP-00121,treatment,2024-05-06
ASG-002634,EXP-0001,LD-022610,,CO-0119874,paid,2024Q2,CMP-00121,treatment,2024-05-06
ASG-002635,EXP-0001,LD-022611,,CO-0109992,paid,2024Q2,CMP-00121,treatment,2024-05-06
ASG-002636,EXP-0001,LD-022612,,CO-0011798,paid,2024Q2,CMP-00121,treatment,2024-05-06
ASG-002637,EXP-0001,LD-022613,,CO-0114644,paid,2024Q2,CMP-00121,treatment,2024-05-06
ASG-002638,EXP-0001,LD-022614,,CO-0121785,paid,2024Q2,CMP-00121,treatment,2024-05-06
ASG-002639,EXP-0001,LD-022615,,CO-0005296,paid,2024Q2,CMP-00122,control,2024-05-06
ASG-002640,EXP-0001,LD-022616,,CO-0068341,paid,2024Q2,CMP-00122,control,2024-05-06
ASG-002641,EXP-0001,LD-022617,,CO-0122729,paid,2024Q2,CMP-00122,control,2024-05-06
ASG-002642,EXP-0001,LD-022618,,CO-0117687,paid,2024Q2,CMP-00122,control,2024-05-06
ASG-002643,EXP-0001,LD-022619,,CO-0094668,paid,2024Q2,CMP-00122,control,2024-05-06
ASG-002644,EXP-0001,LD-022620,,CO-0045541,paid,2024Q2,CMP-00122,control,2024-05-06
ASG-002645,EXP-0001,LD-022637,,CO-0055753,paid,2024Q2,CMP-00118,treatment,2024-05-07
ASG-002646,EXP-0001,LD-022638,,CO-0078576,paid,2024Q2,CMP-00118,treatment,2024-05-07
ASG-002647,EXP-0001,LD-022639,,CO-0032321,paid,2024Q2,CMP-00119,treatment,2024-05-07
ASG-002648,EXP-0001,LD-022640,,CO-0089415,paid,2024Q2,CMP-00119,treatment,2024-05-07
ASG-002649,EXP-0001,LD-022641,,CO-0082281,paid,2024Q2,CMP-00119,treatment,2024-05-07
ASG-002650,EXP-0001,LD-022642,,CO-0104942,paid,2024Q2,CMP-00119,treatment,2024-05-07
ASG-002651,EXP-0001,LD-022643,,CO-0068345,paid,2024Q2,CMP-00119,treatment,2024-05-07
ASG-002652,EXP-0001,LD-022644,,CO-0066654,paid,2024Q2,CMP-00119,treatment,2024-05-07
ASG-002653,EXP-0001,LD-022645,,CO-0094214,paid,2024Q2,CMP-00119,treatment,2024-05-07
ASG-002654,EXP-0001,LD-022646,,CO-0105837,paid,2024Q2,CMP-00119,treatment,2024-05-07
ASG-002655,EXP-0001,LD-022647,,CO-0078082,paid,2024Q2,CMP-00120,treatment,2024-05-07
ASG-002656,EXP-0001,LD-022648,,CO-0046941,paid,2024Q2,CMP-00120,treatment,2024-05-07
ASG-002657,EXP-0001,LD-022649,,CO-0071250,paid,2024Q2,CMP-00120,treatment,2024-05-07
ASG-002658,EXP-0001,LD-022650,,CO-0121815,paid,2024Q2,CMP-00121,treatment,2024-05-07
ASG-002659,EXP-0001,LD-022651,,CO-0047963,paid,2024Q2,CMP-00121,treatment,2024-05-07
ASG-002660,EXP-0001,LD-022652,,CO-0066065,paid,2024Q2,CMP-00122,control,2024-05-07
ASG-002661,EXP-0001,LD-022653,,CO-0063864,paid,2024Q2,CMP-00122,control,2024-05-07
ASG-002662,EXP-0001,LD-022654,,CO-0064924,paid,2024Q2,CMP-00122,control,2024-05-07
ASG-002663,EXP-0001,LD-022655,,CO-0112009,paid,2024Q2,CMP-00122,control,2024-05-07
ASG-002664,EXP-0001,LD-022673,,CO-0054355,paid,2024Q2,CMP-00118,treatment,2024-05-08
ASG-002665,EXP-0001,LD-022674,,CO-0110606,paid,2024Q2,CMP-00118,treatment,2024-05-08
ASG-002666,EXP-0001,LD-022675,,CO-0122639,paid,2024Q2,CMP-00118,treatment,2024-05-08
ASG-002667,EXP-0001,LD-022676,,CO-0016388,paid,2024Q2,CMP-00118,treatment,2024-05-08
ASG-002668,EXP-0001,LD-022677,,CO-0053171,paid,2024Q2,CMP-00118,treatment,2024-05-08
ASG-002669,EXP-0001,LD-022678,,CO-0013434,paid,2024Q2,CMP-00119,treatment,2024-05-08
ASG-002670,EXP-0001,LD-022679,,CO-0050656,paid,2024Q2,CMP-00119,treatment,2024-05-08
ASG-002671,EXP-0001,LD-022680,,CO-0033628,paid,2024Q2,CMP-00119,treatment,2024-05-08
ASG-002672,EXP-0001,LD-022681,,CO-0031733,paid,2024Q2,CMP-00119,treatment,2024-05-08
ASG-002673,EXP-0001,LD-022682,,CO-0112116,paid,2024Q2,CMP-00120,treatment,2024-05-08
ASG-002674,EXP-0001,LD-022683,,CO-0052480,paid,2024Q2,CMP-00121,treatment,2024-05-08
ASG-002675,EXP-0001,LD-022684,,CO-0073202,paid,2024Q2,CMP-00121,treatment,2024-05-08
ASG-002676,EXP-0001,LD-022685,,CO-0012137,paid,2024Q2,CMP-00121,treatment,2024-05-08
ASG-002677,EXP-0001,LD-022686,,CO-0023467,paid,2024Q2,CMP-00122,control,2024-05-08
ASG-002678,EXP-0001,LD-022687,,CO-0106858,paid,2024Q2,CMP-00122,control,2024-05-08
ASG-002679,EXP-0001,LD-022688,,CO-0000346,paid,2024Q2,CMP-00122,control,2024-05-08
ASG-002680,EXP-0001,LD-022689,,CO-0100804,paid,2024Q2,CMP-00122,control,2024-05-08
ASG-002681,EXP-0001,LD-022690,,CO-0089441,paid,2024Q2,CMP-00122,control,2024-05-08
ASG-002682,EXP-0001,LD-022693,ACC-001409,CO-0064735,paid,2024Q2,CMP-00120,treatment,2024-05-09
ASG-002683,EXP-0001,LD-022705,,CO-0081895,paid,2024Q2,CMP-00118,treatment,2024-05-09
ASG-002684,EXP-0001,LD-022706,,CO-0096497,paid,2024Q2,CMP-00118,treatment,2024-05-09
ASG-002685,EXP-0001,LD-022707,,CO-0039171,paid,2024Q2,CMP-00119,treatment,2024-05-09
ASG-002686,EXP-0001,LD-022708,,CO-0121650,paid,2024Q2,CMP-00119,treatment,2024-05-09
ASG-002687,EXP-0001,LD-022709,,CO-0053113,paid,2024Q2,CMP-00119,treatment,2024-05-09
ASG-002688,EXP-0001,LD-022710,,CO-0094649,paid,2024Q2,CMP-00119,treatment,2024-05-09
ASG-002689,EXP-0001,LD-022711,,CO-0049459,paid,2024Q2,CMP-00119,treatment,2024-05-09
ASG-002690,EXP-0001,LD-022712,,CO-0025974,paid,2024Q2,CMP-00120,treatment,2024-05-09
ASG-002691,EXP-0001,LD-022713,,CO-0063928,paid,2024Q2,CMP-00120,treatment,2024-05-09
ASG-002692,EXP-0001,LD-022714,,CO-0100216,paid,2024Q2,CMP-00120,treatment,2024-05-09
ASG-002693,EXP-0001,LD-022715,,CO-0093983,paid,2024Q2,CMP-00121,treatment,2024-05-09
ASG-002694,EXP-0001,LD-022716,,CO-0003152,paid,2024Q2,CMP-00121,treatment,2024-05-09
ASG-002695,EXP-0001,LD-022717,,CO-0028389,paid,2024Q2,CMP-00122,control,2024-05-09
ASG-002696,EXP-0001,LD-022718,,CO-0112979,paid,2024Q2,CMP-00122,control,2024-05-09
ASG-002697,EXP-0001,LD-022719,,CO-0071115,paid,2024Q2,CMP-00122,control,2024-05-09
ASG-002698,EXP-0001,LD-022720,,CO-0099196,paid,2024Q2,CMP-00122,control,2024-05-09
ASG-002699,EXP-0001,LD-022724,ACC-003616,CO-0003847,paid,2024Q2,CMP-00118,treatment,2024-05-10
ASG-002700,EXP-0001,LD-022725,ACC-006146,CO-0011445,paid,2024Q2,CMP-00120,treatment,2024-05-10
ASG-002701,EXP-0001,LD-022737,,CO-0097827,paid,2024Q2,CMP-00118,treatment,2024-05-10
ASG-002702,EXP-0001,LD-022738,,CO-0102196,paid,2024Q2,CMP-00118,treatment,2024-05-10
ASG-002703,EXP-0001,LD-022739,,CO-0065674,paid,2024Q2,CMP-00118,treatment,2024-05-10
ASG-002704,EXP-0001,LD-022740,,CO-0016813,paid,2024Q2,CMP-00119,treatment,2024-05-10
ASG-002705,EXP-0001,LD-022741,,CO-0084727,paid,2024Q2,CMP-00119,treatment,2024-05-10
ASG-002706,EXP-0001,LD-022742,,CO-0028195,paid,2024Q2,CMP-00119,treatment,2024-05-10
ASG-002707,EXP-0001,LD-022743,,CO-0015069,paid,2024Q2,CMP-00119,treatment,2024-05-10
ASG-002708,EXP-0001,LD-022744,,CO-0068293,paid,2024Q2,CMP-00119,treatment,2024-05-10
ASG-002709,EXP-0001,LD-022745,,CO-0121823,paid,2024Q2,CMP-00119,treatment,2024-05-10
ASG-002710,EXP-0001,LD-022746,,CO-0059521,paid,2024Q2,CMP-00120,treatment,2024-05-10
ASG-002711,EXP-0001,LD-022747,,CO-0093711,paid,2024Q2,CMP-00120,treatment,2024-05-10
ASG-002712,EXP-0001,LD-022748,,CO-0016898,paid,2024Q2,CMP-00120,treatment,2024-05-10
ASG-002713,EXP-0001,LD-022749,,CO-0052564,paid,2024Q2,CMP-00120,treatment,2024-05-10
ASG-002714,EXP-0001,LD-022750,,CO-0120742,paid,2024Q2,CMP-00121,treatment,2024-05-10
ASG-002715,EXP-0001,LD-022751,,CO-0068952,paid,2024Q2,CMP-00121,treatment,2024-05-10
ASG-002716,EXP-0001,LD-022752,,CO-0097386,paid,2024Q2,CMP-00121,treatment,2024-05-10
ASG-002717,EXP-0001,LD-022753,,CO-0068361,paid,2024Q2,CMP-00121,treatment,2024-05-10
ASG-002718,EXP-0001,LD-022754,,CO-0035406,paid,2024Q2,CMP-00122,control,2024-05-10
ASG-002719,EXP-0001,LD-022755,,CO-0110842,paid,2024Q2,CMP-00122,control,2024-05-10
ASG-002720,EXP-0001,LD-022756,,CO-0115626,paid,2024Q2,CMP-00122,control,2024-05-10
ASG-002721,EXP-0001,LD-022757,,CO-0014307,paid,2024Q2,CMP-00122,control,2024-05-10
ASG-002722,EXP-0001,LD-022758,,CO-0005978,paid,2024Q2,CMP-00122,control,2024-05-10
ASG-002723,EXP-0001,LD-022759,,CO-0090321,paid,2024Q2,CMP-00122,control,2024-05-10
ASG-002724,EXP-0001,LD-022760,,CO-0047192,paid,2024Q2,CMP-00122,control,2024-05-10
ASG-002725,EXP-0001,LD-022781,,CO-0111182,paid,2024Q2,CMP-00118,treatment,2024-05-11
ASG-002726,EXP-0001,LD-022782,,CO-0115401,paid,2024Q2,CMP-00118,treatment,2024-05-11
ASG-002727,EXP-0001,LD-022783,,CO-0114967,paid,2024Q2,CMP-00118,treatment,2024-05-11
ASG-002728,EXP-0001,LD-022784,,CO-0025951,paid,2024Q2,CMP-00118,treatment,2024-05-11
ASG-002729,EXP-0001,LD-022785,,CO-0034546,paid,2024Q2,CMP-00118,treatment,2024-05-11
ASG-002730,EXP-0001,LD-022786,,CO-0097287,paid,2024Q2,CMP-00118,treatment,2024-05-11
ASG-002731,EXP-0001,LD-022787,,CO-0051125,paid,2024Q2,CMP-00118,treatment,2024-05-11
ASG-002732,EXP-0001,LD-022788,,CO-0038996,paid,2024Q2,CMP-00118,treatment,2024-05-11
ASG-002733,EXP-0001,LD-022789,,CO-0044463,paid,2024Q2,CMP-00118,treatment,2024-05-11
ASG-002734,EXP-0001,LD-022790,,CO-0074612,paid,2024Q2,CMP-00118,treatment,2024-05-11
ASG-002735,EXP-0001,LD-022791,,CO-0083987,paid,2024Q2,CMP-00118,treatment,2024-05-11
ASG-002736,EXP-0001,LD-022792,,CO-0105483,paid,2024Q2,CMP-00119,treatment,2024-05-11
ASG-002737,EXP-0001,LD-022793,,CO-0089395,paid,2024Q2,CMP-00119,treatment,2024-05-11
ASG-002738,EXP-0001,LD-022794,,CO-0097904,paid,2024Q2,CMP-00119,treatment,2024-05-11
ASG-002739,EXP-0001,LD-022795,,CO-0051464,paid,2024Q2,CMP-00119,treatment,2024-05-11
ASG-002740,EXP-0001,LD-022796,,CO-0064167,paid,2024Q2,CMP-00120,treatment,2024-05-11
ASG-002741,EXP-0001,LD-022797,,CO-0081547,paid,2024Q2,CMP-00120,treatment,2024-05-11
ASG-002742,EXP-0001,LD-022798,,CO-0077314,paid,2024Q2,CMP-00120,treatment,2024-05-11
ASG-002743,EXP-0001,LD-022799,,CO-0108643,paid,2024Q2,CMP-00120,treatment,2024-05-11
ASG-002744,EXP-0001,LD-022800,,CO-0026922,paid,2024Q2,CMP-00120,treatment,2024-05-11
ASG-002745,EXP-0001,LD-022801,,CO-0095796,paid,2024Q2,CMP-00121,treatment,2024-05-11
ASG-002746,EXP-0001,LD-022802,,CO-0003054,paid,2024Q2,CMP-00121,treatment,2024-05-11
ASG-002747,EXP-0001,LD-022803,,CO-0040201,paid,2024Q2,CMP-00121,treatment,2024-05-11
ASG-002748,EXP-0001,LD-022804,,CO-0049297,paid,2024Q2,CMP-00122,control,2024-05-11
ASG-002749,EXP-0001,LD-022805,,CO-0108749,paid,2024Q2,CMP-00122,control,2024-05-11
ASG-002750,EXP-0001,LD-022806,,CO-0048070,paid,2024Q2,CMP-00122,control,2024-05-11
ASG-002751,EXP-0001,LD-022807,,CO-0067754,paid,2024Q2,CMP-00122,control,2024-05-11
ASG-002752,EXP-0001,LD-022808,,CO-0084724,paid,2024Q2,CMP-00122,control,2024-05-11
ASG-002753,EXP-0001,LD-022817,,CO-0008020,paid,2024Q2,CMP-00118,treatment,2024-05-12
ASG-002754,EXP-0001,LD-022818,,CO-0070245,paid,2024Q2,CMP-00118,treatment,2024-05-12
ASG-002755,EXP-0001,LD-022819,,CO-0083720,paid,2024Q2,CMP-00118,treatment,2024-05-12
ASG-002756,EXP-0001,LD-022820,,CO-0020440,paid,2024Q2,CMP-00119,treatment,2024-05-12
ASG-002757,EXP-0001,LD-022821,,CO-0096474,paid,2024Q2,CMP-00119,treatment,2024-05-12
ASG-002758,EXP-0001,LD-022822,,CO-0122225,paid,2024Q2,CMP-00119,treatment,2024-05-12
ASG-002759,EXP-0001,LD-022823,,CO-0037052,paid,2024Q2,CMP-00119,treatment,2024-05-12
ASG-002760,EXP-0001,LD-022824,,CO-0111755,paid,2024Q2,CMP-00119,treatment,2024-05-12
ASG-002761,EXP-0001,LD-022825,,CO-0058048,paid,2024Q2,CMP-00119,treatment,2024-05-12
ASG-002762,EXP-0001,LD-022826,,CO-0059206,paid,2024Q2,CMP-00119,treatment,2024-05-12
ASG-002763,EXP-0001,LD-022827,,CO-0001016,paid,2024Q2,CMP-00120,treatment,2024-05-12
ASG-002764,EXP-0001,LD-022828,,CO-0108615,paid,2024Q2,CMP-00120,treatment,2024-05-12
ASG-002765,EXP-0001,LD-022829,,CO-0105166,paid,2024Q2,CMP-00121,treatment,2024-05-12
ASG-002766,EXP-0001,LD-022830,,CO-0069065,paid,2024Q2,CMP-00121,treatment,2024-05-12
ASG-002767,EXP-0001,LD-022831,,CO-0112345,paid,2024Q2,CMP-00121,treatment,2024-05-12
ASG-002768,EXP-0001,LD-022832,,CO-0033499,paid,2024Q2,CMP-00122,control,2024-05-12
ASG-002769,EXP-0001,LD-022833,,CO-0020923,paid,2024Q2,CMP-00122,control,2024-05-12
ASG-002770,EXP-0001,LD-022834,,CO-0104828,paid,2024Q2,CMP-00122,control,2024-05-12
ASG-002771,EXP-0001,LD-022835,,CO-0103153,paid,2024Q2,CMP-00122,control,2024-05-12
ASG-002772,EXP-0001,LD-022840,ACC-006487,CO-0102234,paid,2024Q2,CMP-00122,control,2024-05-13
ASG-002773,EXP-0001,LD-022859,,CO-0051985,paid,2024Q2,CMP-00118,treatment,2024-05-13
ASG-002774,EXP-0001,LD-022860,,CO-0053380,paid,2024Q2,CMP-00118,treatment,2024-05-13
ASG-002775,EXP-0001,LD-022861,,CO-0037084,paid,2024Q2,CMP-00118,treatment,2024-05-13
ASG-002776,EXP-0001,LD-022862,,CO-0065439,paid,2024Q2,CMP-00118,treatment,2024-05-13
ASG-002777,EXP-0001,LD-022863,,CO-0024422,paid,2024Q2,CMP-00118,treatment,2024-05-13
ASG-002778,EXP-0001,LD-022864,,CO-0008496,paid,2024Q2,CMP-00118,treatment,2024-05-13
ASG-002779,EXP-0001,LD-022865,,CO-0040951,paid,2024Q2,CMP-00119,treatment,2024-05-13
ASG-002780,EXP-0001,LD-022866,,CO-0091413,paid,2024Q2,CMP-00119,treatment,2024-05-13
ASG-002781,EXP-0001,LD-022867,,CO-0058406,paid,2024Q2,CMP-00119,treatment,2024-05-13
ASG-002782,EXP-0001,LD-022868,,CO-0031237,paid,2024Q2,CMP-00120,treatment,2024-05-13
ASG-002783,EXP-0001,LD-022869,,CO-0021457,paid,2024Q2,CMP-00120,treatment,2024-05-13
ASG-002784,EXP-0001,LD-022870,,CO-0067078,paid,2024Q2,CMP-00120,treatment,2024-05-13
ASG-002785,EXP-0001,LD-022871,,CO-0023826,paid,2024Q2,CMP-00120,treatment,2024-05-13
ASG-002786,EXP-0001,LD-022872,,CO-0074913,paid,2024Q2,CMP-00121,treatment,2024-05-13
ASG-002787,EXP-0001,LD-022873,,CO-0018857,paid,2024Q2,CMP-00121,treatment,2024-05-13
ASG-002788,EXP-0001,LD-022874,,CO-0032924,paid,2024Q2,CMP-00122,control,2024-05-13
ASG-002789,EXP-0001,LD-022875,,CO-0001878,paid,2024Q2,CMP-00122,control,2024-05-13
ASG-002790,EXP-0001,LD-022876,,CO-0010032,paid,2024Q2,CMP-00122,control,2024-05-13
ASG-002791,EXP-0001,LD-022877,,CO-0057439,paid,2024Q2,CMP-00122,control,2024-05-13
ASG-002792,EXP-0001,LD-022878,,CO-0046267,paid,2024Q2,CMP-00122,control,2024-05-13
ASG-002793,EXP-0001,LD-022879,,CO-0095529,paid,2024Q2,CMP-00122,control,2024-05-13
ASG-002794,EXP-0001,LD-022888,ACC-003931,CO-0088190,paid,2024Q2,CMP-00122,control,2024-05-14
ASG-002795,EXP-0001,LD-022896,,CO-0044698,paid,2024Q2,CMP-00119,treatment,2024-05-14
ASG-002796,EXP-0001,LD-022897,,CO-0119734,paid,2024Q2,CMP-00119,treatment,2024-05-14
ASG-002797,EXP-0001,LD-022898,,CO-0111289,paid,2024Q2,CMP-00119,treatment,2024-05-14
ASG-002798,EXP-0001,LD-022899,,CO-0058963,paid,2024Q2,CMP-00119,treatment,2024-05-14
ASG-002799,EXP-0001,LD-022900,,CO-0035395,paid,2024Q2,CMP-00119,treatment,2024-05-14
ASG-002800,EXP-0001,LD-022901,,CO-0102396,paid,2024Q2,CMP-00119,treatment,2024-05-14
ASG-002801,EXP-0001,LD-022902,,CO-0026958,paid,2024Q2,CMP-00119,treatment,2024-05-14
ASG-002802,EXP-0001,LD-022903,,CO-0047717,paid,2024Q2,CMP-00119,treatment,2024-05-14
ASG-002803,EXP-0001,LD-022904,,CO-0067579,paid,2024Q2,CMP-00119,treatment,2024-05-14
ASG-002804,EXP-0001,LD-022905,,CO-0086963,paid,2024Q2,CMP-00119,treatment,2024-05-14
ASG-002805,EXP-0001,LD-022906,,CO-0020304,paid,2024Q2,CMP-00119,treatment,2024-05-14
ASG-002806,EXP-0001,LD-022907,,CO-0078418,paid,2024Q2,CMP-00119,treatment,2024-05-14
ASG-002807,EXP-0001,LD-022908,,CO-0114121,paid,2024Q2,CMP-00119,treatment,2024-05-14
ASG-002808,EXP-0001,LD-022909,,CO-0049363,paid,2024Q2,CMP-00119,treatment,2024-05-14
ASG-002809,EXP-0001,LD-022910,,CO-0003938,paid,2024Q2,CMP-00119,treatment,2024-05-14
ASG-002810,EXP-0001,LD-022911,,CO-0118950,paid,2024Q2,CMP-00120,treatment,2024-05-14
ASG-002811,EXP-0001,LD-022912,,CO-0004884,paid,2024Q2,CMP-00120,treatment,2024-05-14
ASG-002812,EXP-0001,LD-022913,,CO-0012864,paid,2024Q2,CMP-00120,treatment,2024-05-14
ASG-002813,EXP-0001,LD-022914,,CO-0067488,paid,2024Q2,CMP-00120,treatment,2024-05-14
ASG-002814,EXP-0001,LD-022915,,CO-0075339,paid,2024Q2,CMP-00121,treatment,2024-05-14
ASG-002815,EXP-0001,LD-022916,,CO-0100226,paid,2024Q2,CMP-00121,treatment,2024-05-14
ASG-002816,EXP-0001,LD-022917,,CO-0109012,paid,2024Q2,CMP-00121,treatment,2024-05-14
ASG-002817,EXP-0001,LD-022918,,CO-0036792,paid,2024Q2,CMP-00121,treatment,2024-05-14
ASG-002818,EXP-0001,LD-022919,,CO-0024952,paid,2024Q2,CMP-00122,control,2024-05-14
ASG-002819,EXP-0001,LD-022920,,CO-0059322,paid,2024Q2,CMP-00122,control,2024-05-14
ASG-002820,EXP-0001,LD-022921,,CO-0014431,paid,2024Q2,CMP-00122,control,2024-05-14
ASG-002821,EXP-0001,LD-022922,,CO-0012571,paid,2024Q2,CMP-00122,control,2024-05-14
ASG-002822,EXP-0001,LD-022941,,CO-0069543,paid,2024Q2,CMP-00118,treatment,2024-05-15
ASG-002823,EXP-0001,LD-022942,,CO-0035317,paid,2024Q2,CMP-00118,treatment,2024-05-15
ASG-002824,EXP-0001,LD-022943,,CO-0005772,paid,2024Q2,CMP-00118,treatment,2024-05-15
ASG-002825,EXP-0001,LD-022944,,CO-0118423,paid,2024Q2,CMP-00119,treatment,2024-05-15
ASG-002826,EXP-0001,LD-022945,,CO-0073298,paid,2024Q2,CMP-00119,treatment,2024-05-15
ASG-002827,EXP-0001,LD-022946,,CO-0038554,paid,2024Q2,CMP-00119,treatment,2024-05-15
ASG-002828,EXP-0001,LD-022947,,CO-0039612,paid,2024Q2,CMP-00119,treatment,2024-05-15
ASG-002829,EXP-0001,LD-022948,,CO-0114482,paid,2024Q2,CMP-00119,treatment,2024-05-15
ASG-002830,EXP-0001,LD-022949,,CO-0082203,paid,2024Q2,CMP-00119,treatment,2024-05-15
ASG-002831,EXP-0001,LD-022950,,CO-0040204,paid,2024Q2,CMP-00119,treatment,2024-05-15
ASG-002832,EXP-0001,LD-022951,,CO-0108799,paid,2024Q2,CMP-00119,treatment,2024-05-15
ASG-002833,EXP-0001,LD-022952,,CO-0063382,paid,2024Q2,CMP-00120,treatment,2024-05-15
ASG-002834,EXP-0001,LD-022953,,CO-0081431,paid,2024Q2,CMP-00120,treatment,2024-05-15
ASG-002835,EXP-0001,LD-022954,,CO-0122046,paid,2024Q2,CMP-00120,treatment,2024-05-15
ASG-002836,EXP-0001,LD-022955,,CO-0026179,paid,2024Q2,CMP-00120,treatment,2024-05-15
ASG-002837,EXP-0001,LD-022956,,CO-0088570,paid,2024Q2,CMP-00120,treatment,2024-05-15
ASG-002838,EXP-0001,LD-022957,,CO-0036310,paid,2024Q2,CMP-00121,treatment,2024-05-15
ASG-002839,EXP-0001,LD-022958,,CO-0085493,paid,2024Q2,CMP-00121,treatment,2024-05-15
ASG-002840,EXP-0001,LD-022959,,CO-0021555,paid,2024Q2,CMP-00121,treatment,2024-05-15
ASG-002841,EXP-0001,LD-022960,,CO-0067984,paid,2024Q2,CMP-00121,treatment,2024-05-15
ASG-002842,EXP-0001,LD-022961,,CO-0086993,paid,2024Q2,CMP-00121,treatment,2024-05-15
ASG-002843,EXP-0001,LD-022962,,CO-0036847,paid,2024Q2,CMP-00121,treatment,2024-05-15
ASG-002844,EXP-0001,LD-022963,,CO-0115299,paid,2024Q2,CMP-00121,treatment,2024-05-15
ASG-002845,EXP-0001,LD-022964,,CO-0054002,paid,2024Q2,CMP-00121,treatment,2024-05-15
ASG-002846,EXP-0001,LD-022965,,CO-0007479,paid,2024Q2,CMP-00121,treatment,2024-05-15
ASG-002847,EXP-0001,LD-022966,,CO-0045466,paid,2024Q2,CMP-00122,control,2024-05-15
ASG-002848,EXP-0001,LD-022967,,CO-0117056,paid,2024Q2,CMP-00122,control,2024-05-15
ASG-002849,EXP-0001,LD-022968,,CO-0050970,paid,2024Q2,CMP-00122,control,2024-05-15
ASG-002850,EXP-0001,LD-022969,,CO-0032239,paid,2024Q2,CMP-00122,control,2024-05-15
ASG-002851,EXP-0001,LD-022970,,CO-0074229,paid,2024Q2,CMP-00122,control,2024-05-15
ASG-002852,EXP-0001,LD-022981,,CO-0115562,paid,2024Q2,CMP-00118,treatment,2024-05-16
ASG-002853,EXP-0001,LD-022982,,CO-0073648,paid,2024Q2,CMP-00118,treatment,2024-05-16
ASG-002854,EXP-0001,LD-022983,,CO-0092754,paid,2024Q2,CMP-00118,treatment,2024-05-16
ASG-002855,EXP-0001,LD-022984,,CO-0032642,paid,2024Q2,CMP-00118,treatment,2024-05-16
ASG-002856,EXP-0001,LD-022985,,CO-0043682,paid,2024Q2,CMP-00118,treatment,2024-05-16
ASG-002857,EXP-0001,LD-022986,,CO-0005272,paid,2024Q2,CMP-00119,treatment,2024-05-16
ASG-002858,EXP-0001,LD-022987,,CO-0049588,paid,2024Q2,CMP-00120,treatment,2024-05-16
ASG-002859,EXP-0001,LD-022988,,CO-0110696,paid,2024Q2,CMP-00120,treatment,2024-05-16
ASG-002860,EXP-0001,LD-022989,,CO-0075182,paid,2024Q2,CMP-00120,treatment,2024-05-16
ASG-002861,EXP-0001,LD-022990,,CO-0102214,paid,2024Q2,CMP-00120,treatment,2024-05-16
ASG-002862,EXP-0001,LD-022991,,CO-0028227,paid,2024Q2,CMP-00120,treatment,2024-05-16
ASG-002863,EXP-0001,LD-022992,,CO-0104254,paid,2024Q2,CMP-00120,treatment,2024-05-16
ASG-002864,EXP-0001,LD-022993,,CO-0010731,paid,2024Q2,CMP-00121,treatment,2024-05-16
ASG-002865,EXP-0001,LD-022994,,CO-0024945,paid,2024Q2,CMP-00121,treatment,2024-05-16
ASG-002866,EXP-0001,LD-022995,,CO-0118414,paid,2024Q2,CMP-00121,treatment,2024-05-16
ASG-002867,EXP-0001,LD-022996,,CO-0082294,paid,2024Q2,CMP-00121,treatment,2024-05-16
ASG-002868,EXP-0001,LD-022997,,CO-0096436,paid,2024Q2,CMP-00122,control,2024-05-16
ASG-002869,EXP-0001,LD-022998,,CO-0067912,paid,2024Q2,CMP-00122,control,2024-05-16
ASG-002870,EXP-0001,LD-022999,,CO-0072591,paid,2024Q2,CMP-00122,control,2024-05-16
ASG-002871,EXP-0001,LD-023000,,CO-0009676,paid,2024Q2,CMP-00122,control,2024-05-16
ASG-002872,EXP-0001,LD-023001,,CO-0068856,paid,2024Q2,CMP-00122,control,2024-05-16
ASG-002873,EXP-0001,LD-023002,,CO-0113957,paid,2024Q2,CMP-00122,control,2024-05-16
ASG-002874,EXP-0001,LD-023004,ACC-007250,CO-0116934,paid,2024Q2,CMP-00119,treatment,2024-05-17
ASG-002875,EXP-0001,LD-023019,,CO-0013131,paid,2024Q2,CMP-00118,treatment,2024-05-17
ASG-002876,EXP-0001,LD-023020,,CO-0097853,paid,2024Q2,CMP-00118,treatment,2024-05-17
ASG-002877,EXP-0001,LD-023021,,CO-0021861,paid,2024Q2,CMP-00118,treatment,2024-05-17
ASG-002878,EXP-0001,LD-023022,,CO-0000967,paid,2024Q2,CMP-00118,treatment,2024-05-17
ASG-002879,EXP-0001,LD-023023,,CO-0003403,paid,2024Q2,CMP-00118,treatment,2024-05-17
ASG-002880,EXP-0001,LD-023024,,CO-0036261,paid,2024Q2,CMP-00118,treatment,2024-05-17
ASG-002881,EXP-0001,LD-023025,,CO-0066544,paid,2024Q2,CMP-00119,treatment,2024-05-17
ASG-002882,EXP-0001,LD-023026,,CO-0072693,paid,2024Q2,CMP-00119,treatment,2024-05-17
ASG-002883,EXP-0001,LD-023027,,CO-0051013,paid,2024Q2,CMP-00119,treatment,2024-05-17
ASG-002884,EXP-0001,LD-023028,,CO-0043984,paid,2024Q2,CMP-00119,treatment,2024-05-17
ASG-002885,EXP-0001,LD-023029,,CO-0039334,paid,2024Q2,CMP-00119,treatment,2024-05-17
ASG-002886,EXP-0001,LD-023030,,CO-0000678,paid,2024Q2,CMP-00120,treatment,2024-05-17
ASG-002887,EXP-0001,LD-023031,,CO-0013152,paid,2024Q2,CMP-00121,treatment,2024-05-17
ASG-002888,EXP-0001,LD-023032,,CO-0029124,paid,2024Q2,CMP-00121,treatment,2024-05-17
ASG-002889,EXP-0001,LD-023033,,CO-0034341,paid,2024Q2,CMP-00121,treatment,2024-05-17
ASG-002890,EXP-0001,LD-023034,,CO-0110617,paid,2024Q2,CMP-00121,treatment,2024-05-17
ASG-002891,EXP-0001,LD-023035,,CO-0028305,paid,2024Q2,CMP-00122,control,2024-05-17
ASG-002892,EXP-0001,LD-023036,,CO-0039323,paid,2024Q2,CMP-00122,control,2024-05-17
ASG-002893,EXP-0001,LD-023037,,CO-0075562,paid,2024Q2,CMP-00122,control,2024-05-17
ASG-002894,EXP-0001,LD-023038,,CO-0026577,paid,2024Q2,CMP-00122,control,2024-05-17
ASG-002895,EXP-0001,LD-023050,,CO-0009897,paid,2024Q2,CMP-00118,treatment,2024-05-18
ASG-002896,EXP-0001,LD-023051,,CO-0057840,paid,2024Q2,CMP-00118,treatment,2024-05-18
ASG-002897,EXP-0001,LD-023052,,CO-0043490,paid,2024Q2,CMP-00118,treatment,2024-05-18
ASG-002898,EXP-0001,LD-023053,,CO-0066745,paid,2024Q2,CMP-00118,treatment,2024-05-18
ASG-002899,EXP-0001,LD-023054,,CO-0010118,paid,2024Q2,CMP-00118,treatment,2024-05-18
ASG-002900,EXP-0001,LD-023055,,CO-0040867,paid,2024Q2,CMP-00118,treatment,2024-05-18
ASG-002901,EXP-0001,LD-023056,,CO-0073992,paid,2024Q2,CMP-00118,treatment,2024-05-18
ASG-002902,EXP-0001,LD-023057,,CO-0116407,paid,2024Q2,CMP-00118,treatment,2024-05-18
ASG-002903,EXP-0001,LD-023058,,CO-0092809,paid,2024Q2,CMP-00119,treatment,2024-05-18
ASG-002904,EXP-0001,LD-023059,,CO-0110682,paid,2024Q2,CMP-00119,treatment,2024-05-18
ASG-002905,EXP-0001,LD-023060,,CO-0080786,paid,2024Q2,CMP-00119,treatment,2024-05-18
ASG-002906,EXP-0001,LD-023061,,CO-0116938,paid,2024Q2,CMP-00119,treatment,2024-05-18
ASG-002907,EXP-0001,LD-023062,,CO-0107174,paid,2024Q2,CMP-00119,treatment,2024-05-18
ASG-002908,EXP-0001,LD-023063,,CO-0067974,paid,2024Q2,CMP-00119,treatment,2024-05-18
ASG-002909,EXP-0001,LD-023064,,CO-0025464,paid,2024Q2,CMP-00119,treatment,2024-05-18
ASG-002910,EXP-0001,LD-023065,,CO-0071849,paid,2024Q2,CMP-00120,treatment,2024-05-18
ASG-002911,EXP-0001,LD-023066,,CO-0088020,paid,2024Q2,CMP-00120,treatment,2024-05-18
ASG-002912,EXP-0001,LD-023067,,CO-0066145,paid,2024Q2,CMP-00120,treatment,2024-05-18
ASG-002913,EXP-0001,LD-023068,,CO-0062917,paid,2024Q2,CMP-00121,treatment,2024-05-18
ASG-002914,EXP-0001,LD-023069,,CO-0031320,paid,2024Q2,CMP-00121,treatment,2024-05-18
ASG-002915,EXP-0001,LD-023070,,CO-0004268,paid,2024Q2,CMP-00121,treatment,2024-05-18
ASG-002916,EXP-0001,LD-023071,,CO-0007137,paid,2024Q2,CMP-00121,treatment,2024-05-18
ASG-002917,EXP-0001,LD-023072,,CO-0008154,paid,2024Q2,CMP-00121,treatment,2024-05-18
ASG-002918,EXP-0001,LD-023073,,CO-0068875,paid,2024Q2,CMP-00122,control,2024-05-18
ASG-002919,EXP-0001,LD-023074,,CO-0101799,paid,2024Q2,CMP-00122,control,2024-05-18
ASG-002920,EXP-0001,LD-023078,ACC-000196,CO-0013839,paid,2024Q2,CMP-00122,control,2024-05-19
ASG-002921,EXP-0001,LD-023079,ACC-005364,CO-0042512,paid,2024Q2,CMP-00119,treatment,2024-05-19
ASG-002922,EXP-0001,LD-023096,,CO-0054258,paid,2024Q2,CMP-00118,treatment,2024-05-19
ASG-002923,EXP-0001,LD-023097,,CO-0038811,paid,2024Q2,CMP-00118,treatment,2024-05-19
ASG-002924,EXP-0001,LD-023098,,CO-0030793,paid,2024Q2,CMP-00118,treatment,2024-05-19
ASG-002925,EXP-0001,LD-023099,,CO-0079907,paid,2024Q2,CMP-00118,treatment,2024-05-19
ASG-002926,EXP-0001,LD-023100,,CO-0014920,paid,2024Q2,CMP-00119,treatment,2024-05-19
ASG-002927,EXP-0001,LD-023101,,CO-0103742,paid,2024Q2,CMP-00119,treatment,2024-05-19
ASG-002928,EXP-0001,LD-023102,,CO-0075393,paid,2024Q2,CMP-00119,treatment,2024-05-19
ASG-002929,EXP-0001,LD-023103,,CO-0102034,paid,2024Q2,CMP-00119,treatment,2024-05-19
ASG-002930,EXP-0001,LD-023104,,CO-0112932,paid,2024Q2,CMP-00119,treatment,2024-05-19
ASG-002931,EXP-0001,LD-023105,,CO-0098436,paid,2024Q2,CMP-00119,treatment,2024-05-19
ASG-002932,EXP-0001,LD-023106,,CO-0088953,paid,2024Q2,CMP-00119,treatment,2024-05-19
ASG-002933,EXP-0001,LD-023107,,CO-0115804,paid,2024Q2,CMP-00119,treatment,2024-05-19
ASG-002934,EXP-0001,LD-023108,,CO-0026596,paid,2024Q2,CMP-00120,treatment,2024-05-19
ASG-002935,EXP-0001,LD-023109,,CO-0086374,paid,2024Q2,CMP-00120,treatment,2024-05-19
ASG-002936,EXP-0001,LD-023110,,CO-0061450,paid,2024Q2,CMP-00120,treatment,2024-05-19
ASG-002937,EXP-0001,LD-023111,,CO-0121412,paid,2024Q2,CMP-00120,treatment,2024-05-19
ASG-002938,EXP-0001,LD-023112,,CO-0100594,paid,2024Q2,CMP-00122,control,2024-05-19
ASG-002939,EXP-0001,LD-023113,,CO-0073017,paid,2024Q2,CMP-00122,control,2024-05-19
ASG-002940,EXP-0001,LD-023114,,CO-0049417,paid,2024Q2,CMP-00122,control,2024-05-19
ASG-002941,EXP-0001,LD-023115,,CO-0115866,paid,2024Q2,CMP-00122,control,2024-05-19
ASG-002942,EXP-0001,LD-023116,,CO-0058239,paid,2024Q2,CMP-00122,control,2024-05-19
ASG-002943,EXP-0001,LD-023132,,CO-0075662,paid,2024Q2,CMP-00119,treatment,2024-05-20
ASG-002944,EXP-0001,LD-023133,,CO-0055469,paid,2024Q2,CMP-00119,treatment,2024-05-20
ASG-002945,EXP-0001,LD-023134,,CO-0094973,paid,2024Q2,CMP-00119,treatment,2024-05-20
ASG-002946,EXP-0001,LD-023135,,CO-0122444,paid,2024Q2,CMP-00119,treatment,2024-05-20
ASG-002947,EXP-0001,LD-023136,,CO-0061379,paid,2024Q2,CMP-00119,treatment,2024-05-20
ASG-002948,EXP-0001,LD-023137,,CO-0023466,paid,2024Q2,CMP-00119,treatment,2024-05-20
ASG-002949,EXP-0001,LD-023138,,CO-0002446,paid,2024Q2,CMP-00119,treatment,2024-05-20
ASG-002950,EXP-0001,LD-023139,,CO-0029773,paid,2024Q2,CMP-00119,treatment,2024-05-20
ASG-002951,EXP-0001,LD-023140,,CO-0053336,paid,2024Q2,CMP-00120,treatment,2024-05-20
ASG-002952,EXP-0001,LD-023141,,CO-0107539,paid,2024Q2,CMP-00120,treatment,2024-05-20
ASG-002953,EXP-0001,LD-023142,,CO-0094630,paid,2024Q2,CMP-00121,treatment,2024-05-20
ASG-002954,EXP-0001,LD-023143,,CO-0073261,paid,2024Q2,CMP-00121,treatment,2024-05-20
ASG-002955,EXP-0001,LD-023144,,CO-0012905,paid,2024Q2,CMP-00121,treatment,2024-05-20
ASG-002956,EXP-0001,LD-023145,,CO-0104941,paid,2024Q2,CMP-00122,control,2024-05-20
ASG-002957,EXP-0001,LD-023146,,CO-0099049,paid,2024Q2,CMP-00122,control,2024-05-20
ASG-002958,EXP-0001,LD-023147,,CO-0105932,paid,2024Q2,CMP-00122,control,2024-05-20
ASG-002959,EXP-0001,LD-023148,,CO-0055455,paid,2024Q2,CMP-00122,control,2024-05-20
ASG-002960,EXP-0001,LD-023162,,CO-0115853,paid,2024Q2,CMP-00118,treatment,2024-05-21
ASG-002961,EXP-0001,LD-023163,,CO-0011523,paid,2024Q2,CMP-00118,treatment,2024-05-21
ASG-002962,EXP-0001,LD-023164,,CO-0087631,paid,2024Q2,CMP-00118,treatment,2024-05-21
ASG-002963,EXP-0001,LD-023165,,CO-0054663,paid,2024Q2,CMP-00118,treatment,2024-05-21
ASG-002964,EXP-0001,LD-023166,,CO-0012842,paid,2024Q2,CMP-00119,treatment,2024-05-21
ASG-002965,EXP-0001,LD-023167,,CO-0104175,paid,2024Q2,CMP-00119,treatment,2024-05-21
ASG-002966,EXP-0001,LD-023168,,CO-0051140,paid,2024Q2,CMP-00119,treatment,2024-05-21
ASG-002967,EXP-0001,LD-023169,,CO-0034709,paid,2024Q2,CMP-00119,treatment,2024-05-21
ASG-002968,EXP-0001,LD-023170,,CO-0033219,paid,2024Q2,CMP-00119,treatment,2024-05-21
ASG-002969,EXP-0001,LD-023171,,CO-0037286,paid,2024Q2,CMP-00119,treatment,2024-05-21
ASG-002970,EXP-0001,LD-023172,,CO-0047346,paid,2024Q2,CMP-00119,treatment,2024-05-21
ASG-002971,EXP-0001,LD-023173,,CO-0098897,paid,2024Q2,CMP-00120,treatment,2024-05-21
ASG-002972,EXP-0001,LD-023174,,CO-0024763,paid,2024Q2,CMP-00120,treatment,2024-05-21
ASG-002973,EXP-0001,LD-023175,,CO-0047721,paid,2024Q2,CMP-00120,treatment,2024-05-21
ASG-002974,EXP-0001,LD-023176,,CO-0105225,paid,2024Q2,CMP-00120,treatment,2024-05-21
ASG-002975,EXP-0001,LD-023177,,CO-0112265,paid,2024Q2,CMP-00120,treatment,2024-05-21
ASG-002976,EXP-0001,LD-023178,,CO-0099667,paid,2024Q2,CMP-00120,treatment,2024-05-21
ASG-002977,EXP-0001,LD-023179,,CO-0059116,paid,2024Q2,CMP-00121,treatment,2024-05-21
ASG-002978,EXP-0001,LD-023180,,CO-0052786,paid,2024Q2,CMP-00121,treatment,2024-05-21
ASG-002979,EXP-0001,LD-023181,,CO-0093246,paid,2024Q2,CMP-00121,treatment,2024-05-21
ASG-002980,EXP-0001,LD-023182,,CO-0107939,paid,2024Q2,CMP-00122,control,2024-05-21
ASG-002981,EXP-0001,LD-023183,,CO-0052469,paid,2024Q2,CMP-00122,control,2024-05-21
ASG-002982,EXP-0001,LD-023184,,CO-0083485,paid,2024Q2,CMP-00122,control,2024-05-21
ASG-002983,EXP-0001,LD-023188,ACC-007100,CO-0014496,paid,2024Q2,CMP-00120,treatment,2024-05-22
ASG-002984,EXP-0001,LD-023200,,CO-0035046,paid,2024Q2,CMP-00118,treatment,2024-05-22
ASG-002985,EXP-0001,LD-023201,,CO-0028064,paid,2024Q2,CMP-00118,treatment,2024-05-22
ASG-002986,EXP-0001,LD-023202,,CO-0054126,paid,2024Q2,CMP-00118,treatment,2024-05-22
ASG-002987,EXP-0001,LD-023203,,CO-0063901,paid,2024Q2,CMP-00118,treatment,2024-05-22
ASG-002988,EXP-0001,LD-023204,,CO-0071348,paid,2024Q2,CMP-00118,treatment,2024-05-22
ASG-002989,EXP-0001,LD-023205,,CO-0030291,paid,2024Q2,CMP-00118,treatment,2024-05-22
ASG-002990,EXP-0001,LD-023206,,CO-0046220,paid,2024Q2,CMP-00118,treatment,2024-05-22
ASG-002991,EXP-0001,LD-023207,,CO-0050156,paid,2024Q2,CMP-00118,treatment,2024-05-22
ASG-002992,EXP-0001,LD-023208,,CO-0044748,paid,2024Q2,CMP-00119,treatment,2024-05-22
ASG-002993,EXP-0001,LD-023209,,CO-0072441,paid,2024Q2,CMP-00119,treatment,2024-05-22
ASG-002994,EXP-0001,LD-023210,,CO-0042968,paid,2024Q2,CMP-00119,treatment,2024-05-22
ASG-002995,EXP-0001,LD-023211,,CO-0047072,paid,2024Q2,CMP-00119,treatment,2024-05-22
ASG-002996,EXP-0001,LD-023212,,CO-0037004,paid,2024Q2,CMP-00119,treatment,2024-05-22
ASG-002997,EXP-0001,LD-023213,,CO-0050784,paid,2024Q2,CMP-00119,treatment,2024-05-22
ASG-002998,EXP-0001,LD-023214,,CO-0023827,paid,2024Q2,CMP-00119,treatment,2024-05-22
ASG-002999,EXP-0001,LD-023215,,CO-0039340,paid,2024Q2,CMP-00120,treatment,2024-05-22
ASG-003000,EXP-0001,LD-023216,,CO-0031174,paid,2024Q2,CMP-00120,treatment,2024-05-22
ASG-003001,EXP-0001,LD-023217,,CO-0076307,paid,2024Q2,CMP-00120,treatment,2024-05-22
ASG-003002,EXP-0001,LD-023218,,CO-0037015,paid,2024Q2,CMP-00121,treatment,2024-05-22
ASG-003003,EXP-0001,LD-023219,,CO-0034959,paid,2024Q2,CMP-00122,control,2024-05-22
ASG-003004,EXP-0001,LD-023220,,CO-0075964,paid,2024Q2,CMP-00122,control,2024-05-22
ASG-003005,EXP-0001,LD-023221,,CO-0096277,paid,2024Q2,CMP-00122,control,2024-05-22
ASG-003006,EXP-0001,LD-023222,,CO-0112130,paid,2024Q2,CMP-00122,control,2024-05-22
ASG-003007,EXP-0001,LD-023228,ACC-000970,CO-0023425,paid,2024Q2,CMP-00122,control,2024-05-23
ASG-003008,EXP-0001,LD-023245,,CO-0115837,paid,2024Q2,CMP-00118,treatment,2024-05-23
ASG-003009,EXP-0001,LD-023246,,CO-0062025,paid,2024Q2,CMP-00118,treatment,2024-05-23
ASG-003010,EXP-0001,LD-023247,,CO-0101035,paid,2024Q2,CMP-00119,treatment,2024-05-23
ASG-003011,EXP-0001,LD-023248,,CO-0060610,paid,2024Q2,CMP-00119,treatment,2024-05-23
ASG-003012,EXP-0001,LD-023249,,CO-0011134,paid,2024Q2,CMP-00119,treatment,2024-05-23
ASG-003013,EXP-0001,LD-023250,,CO-0037839,paid,2024Q2,CMP-00119,treatment,2024-05-23
ASG-003014,EXP-0001,LD-023251,,CO-0107165,paid,2024Q2,CMP-00119,treatment,2024-05-23
ASG-003015,EXP-0001,LD-023252,,CO-0098213,paid,2024Q2,CMP-00119,treatment,2024-05-23
ASG-003016,EXP-0001,LD-023253,,CO-0103173,paid,2024Q2,CMP-00120,treatment,2024-05-23
ASG-003017,EXP-0001,LD-023254,,CO-0101773,paid,2024Q2,CMP-00120,treatment,2024-05-23
ASG-003018,EXP-0001,LD-023255,,CO-0034260,paid,2024Q2,CMP-00120,treatment,2024-05-23
ASG-003019,EXP-0001,LD-023256,,CO-0067547,paid,2024Q2,CMP-00120,treatment,2024-05-23
ASG-003020,EXP-0001,LD-023257,,CO-0077114,paid,2024Q2,CMP-00120,treatment,2024-05-23
ASG-003021,EXP-0001,LD-023258,,CO-0062120,paid,2024Q2,CMP-00121,treatment,2024-05-23
ASG-003022,EXP-0001,LD-023259,,CO-0003691,paid,2024Q2,CMP-00122,control,2024-05-23
ASG-003023,EXP-0001,LD-023260,,CO-0064518,paid,2024Q2,CMP-00122,control,2024-05-23
ASG-003024,EXP-0001,LD-023276,,CO-0062377,paid,2024Q2,CMP-00118,treatment,2024-05-24
ASG-003025,EXP-0001,LD-023277,,CO-0122576,paid,2024Q2,CMP-00118,treatment,2024-05-24
ASG-003026,EXP-0001,LD-023278,,CO-0050089,paid,2024Q2,CMP-00118,treatment,2024-05-24
ASG-003027,EXP-0001,LD-023279,,CO-0049081,paid,2024Q2,CMP-00119,treatment,2024-05-24
ASG-003028,EXP-0001,LD-023280,,CO-0071896,paid,2024Q2,CMP-00119,treatment,2024-05-24
ASG-003029,EXP-0001,LD-023281,,CO-0093196,paid,2024Q2,CMP-00119,treatment,2024-05-24
ASG-003030,EXP-0001,LD-023282,,CO-0026276,paid,2024Q2,CMP-00120,treatment,2024-05-24
ASG-003031,EXP-0001,LD-023283,,CO-0006101,paid,2024Q2,CMP-00120,treatment,2024-05-24
ASG-003032,EXP-0001,LD-023284,,CO-0048313,paid,2024Q2,CMP-00120,treatment,2024-05-24
ASG-003033,EXP-0001,LD-023285,,CO-0050839,paid,2024Q2,CMP-00120,treatment,2024-05-24
ASG-003034,EXP-0001,LD-023286,,CO-0037485,paid,2024Q2,CMP-00120,treatment,2024-05-24
ASG-003035,EXP-0001,LD-023287,,CO-0015082,paid,2024Q2,CMP-00121,treatment,2024-05-24
ASG-003036,EXP-0001,LD-023288,,CO-0000225,paid,2024Q2,CMP-00121,treatment,2024-05-24
ASG-003037,EXP-0001,LD-023289,,CO-0008653,paid,2024Q2,CMP-00121,treatment,2024-05-24
ASG-003038,EXP-0001,LD-023290,,CO-0005374,paid,2024Q2,CMP-00122,control,2024-05-24
ASG-003039,EXP-0001,LD-023291,,CO-0032494,paid,2024Q2,CMP-00122,control,2024-05-24
ASG-003040,EXP-0001,LD-023292,,CO-0009322,paid,2024Q2,CMP-00122,control,2024-05-24
ASG-003041,EXP-0001,LD-023293,,CO-0060527,paid,2024Q2,CMP-00122,control,2024-05-24
ASG-003042,EXP-0001,LD-023294,,CO-0095085,paid,2024Q2,CMP-00122,control,2024-05-24
ASG-003043,EXP-0001,LD-023295,,CO-0003879,paid,2024Q2,CMP-00122,control,2024-05-24
ASG-003044,EXP-0001,LD-023296,,CO-0031074,paid,2024Q2,CMP-00122,control,2024-05-24
ASG-003045,EXP-0001,LD-023300,ACC-006346,CO-0063151,paid,2024Q2,CMP-00119,treatment,2024-05-25
ASG-003046,EXP-0001,LD-023316,,CO-0104753,paid,2024Q2,CMP-00118,treatment,2024-05-25
ASG-003047,EXP-0001,LD-023317,,CO-0105653,paid,2024Q2,CMP-00118,treatment,2024-05-25
ASG-003048,EXP-0001,LD-023318,,CO-0072403,paid,2024Q2,CMP-00118,treatment,2024-05-25
ASG-003049,EXP-0001,LD-023319,,CO-0011009,paid,2024Q2,CMP-00118,treatment,2024-05-25
ASG-003050,EXP-0001,LD-023320,,CO-0033981,paid,2024Q2,CMP-00118,treatment,2024-05-25
ASG-003051,EXP-0001,LD-023321,,CO-0048237,paid,2024Q2,CMP-00118,treatment,2024-05-25
ASG-003052,EXP-0001,LD-023322,,CO-0071092,paid,2024Q2,CMP-00118,treatment,2024-05-25
ASG-003053,EXP-0001,LD-023323,,CO-0082788,paid,2024Q2,CMP-00119,treatment,2024-05-25
ASG-003054,EXP-0001,LD-023324,,CO-0017618,paid,2024Q2,CMP-00119,treatment,2024-05-25
ASG-003055,EXP-0001,LD-023325,,CO-0122380,paid,2024Q2,CMP-00119,treatment,2024-05-25
ASG-003056,EXP-0001,LD-023326,,CO-0097530,paid,2024Q2,CMP-00119,treatment,2024-05-25
ASG-003057,EXP-0001,LD-023327,,CO-0028861,paid,2024Q2,CMP-00119,treatment,2024-05-25
ASG-003058,EXP-0001,LD-023328,,CO-0023463,paid,2024Q2,CMP-00119,treatment,2024-05-25
ASG-003059,EXP-0001,LD-023329,,CO-0048114,paid,2024Q2,CMP-00119,treatment,2024-05-25
ASG-003060,EXP-0001,LD-023330,,CO-0026916,paid,2024Q2,CMP-00119,treatment,2024-05-25
ASG-003061,EXP-0001,LD-023331,,CO-0004145,paid,2024Q2,CMP-00119,treatment,2024-05-25
ASG-003062,EXP-0001,LD-023332,,CO-0044841,paid,2024Q2,CMP-00120,treatment,2024-05-25
ASG-003063,EXP-0001,LD-023333,,CO-0064444,paid,2024Q2,CMP-00120,treatment,2024-05-25
ASG-003064,EXP-0001,LD-023334,,CO-0091674,paid,2024Q2,CMP-00120,treatment,2024-05-25
ASG-003065,EXP-0001,LD-023335,,CO-0013495,paid,2024Q2,CMP-00120,treatment,2024-05-25
ASG-003066,EXP-0001,LD-023336,,CO-0054405,paid,2024Q2,CMP-00120,treatment,2024-05-25
ASG-003067,EXP-0001,LD-023337,,CO-0121335,paid,2024Q2,CMP-00120,treatment,2024-05-25
ASG-003068,EXP-0001,LD-023338,,CO-0012193,paid,2024Q2,CMP-00120,treatment,2024-05-25
ASG-003069,EXP-0001,LD-023339,,CO-0106934,paid,2024Q2,CMP-00121,treatment,2024-05-25
ASG-003070,EXP-0001,LD-023340,,CO-0098834,paid,2024Q2,CMP-00121,treatment,2024-05-25
ASG-003071,EXP-0001,LD-023341,,CO-0109420,paid,2024Q2,CMP-00121,treatment,2024-05-25
ASG-003072,EXP-0001,LD-023342,,CO-0005269,paid,2024Q2,CMP-00121,treatment,2024-05-25
ASG-003073,EXP-0001,LD-023343,,CO-0038250,paid,2024Q2,CMP-00122,control,2024-05-25
ASG-003074,EXP-0001,LD-023344,,CO-0068533,paid,2024Q2,CMP-00122,control,2024-05-25
ASG-003075,EXP-0001,LD-023345,,CO-0032352,paid,2024Q2,CMP-00122,control,2024-05-25
ASG-003076,EXP-0001,LD-023346,,CO-0122512,paid,2024Q2,CMP-00122,control,2024-05-25
ASG-003077,EXP-0001,LD-023347,,CO-0105318,paid,2024Q2,CMP-00122,control,2024-05-25
ASG-003078,EXP-0001,LD-023358,,CO-0017291,paid,2024Q2,CMP-00118,treatment,2024-05-26
ASG-003079,EXP-0001,LD-023359,,CO-0050360,paid,2024Q2,CMP-00118,treatment,2024-05-26
ASG-003080,EXP-0001,LD-023360,,CO-0003462,paid,2024Q2,CMP-00118,treatment,2024-05-26
ASG-003081,EXP-0001,LD-023361,,CO-0035619,paid,2024Q2,CMP-00118,treatment,2024-05-26
ASG-003082,EXP-0001,LD-023362,,CO-0122159,paid,2024Q2,CMP-00118,treatment,2024-05-26
ASG-003083,EXP-0001,LD-023363,,CO-0037602,paid,2024Q2,CMP-00119,treatment,2024-05-26
ASG-003084,EXP-0001,LD-023364,,CO-0040912,paid,2024Q2,CMP-00119,treatment,2024-05-26
ASG-003085,EXP-0001,LD-023365,,CO-0118041,paid,2024Q2,CMP-00119,treatment,2024-05-26
ASG-003086,EXP-0001,LD-023366,,CO-0062223,paid,2024Q2,CMP-00119,treatment,2024-05-26
ASG-003087,EXP-0001,LD-023367,,CO-0048047,paid,2024Q2,CMP-00119,treatment,2024-05-26
ASG-003088,EXP-0001,LD-023368,,CO-0050635,paid,2024Q2,CMP-00119,treatment,2024-05-26
ASG-003089,EXP-0001,LD-023369,,CO-0008354,paid,2024Q2,CMP-00119,treatment,2024-05-26
ASG-003090,EXP-0001,LD-023370,,CO-0040540,paid,2024Q2,CMP-00119,treatment,2024-05-26
ASG-003091,EXP-0001,LD-023371,,CO-0085182,paid,2024Q2,CMP-00119,treatment,2024-05-26
ASG-003092,EXP-0001,LD-023372,,CO-0009409,paid,2024Q2,CMP-00119,treatment,2024-05-26
ASG-003093,EXP-0001,LD-023373,,CO-0109678,paid,2024Q2,CMP-00119,treatment,2024-05-26
ASG-003094,EXP-0001,LD-023374,,CO-0121294,paid,2024Q2,CMP-00119,treatment,2024-05-26
ASG-003095,EXP-0001,LD-023375,,CO-0094456,paid,2024Q2,CMP-00119,treatment,2024-05-26
ASG-003096,EXP-0001,LD-023376,,CO-0026855,paid,2024Q2,CMP-00120,treatment,2024-05-26
ASG-003097,EXP-0001,LD-023377,,CO-0111684,paid,2024Q2,CMP-00120,treatment,2024-05-26
ASG-003098,EXP-0001,LD-023378,,CO-0014881,paid,2024Q2,CMP-00120,treatment,2024-05-26
ASG-003099,EXP-0001,LD-023379,,CO-0009633,paid,2024Q2,CMP-00121,treatment,2024-05-26
ASG-003100,EXP-0001,LD-023380,,CO-0007426,paid,2024Q2,CMP-00121,treatment,2024-05-26
ASG-003101,EXP-0001,LD-023381,,CO-0048438,paid,2024Q2,CMP-00121,treatment,2024-05-26
ASG-003102,EXP-0001,LD-023382,,CO-0060630,paid,2024Q2,CMP-00122,control,2024-05-26
ASG-003103,EXP-0001,LD-023383,,CO-0080406,paid,2024Q2,CMP-00122,control,2024-05-26
ASG-003104,EXP-0001,LD-023384,,CO-0085592,paid,2024Q2,CMP-00122,control,2024-05-26
ASG-003105,EXP-0001,LD-023385,,CO-0030097,paid,2024Q2,CMP-00122,control,2024-05-26
ASG-003106,EXP-0001,LD-023386,,CO-0086220,paid,2024Q2,CMP-00122,control,2024-05-26
ASG-003107,EXP-0001,LD-023402,,CO-0065496,paid,2024Q2,CMP-00118,treatment,2024-05-27
ASG-003108,EXP-0001,LD-023403,,CO-0108512,paid,2024Q2,CMP-00118,treatment,2024-05-27
ASG-003109,EXP-0001,LD-023404,,CO-0071339,paid,2024Q2,CMP-00118,treatment,2024-05-27
ASG-003110,EXP-0001,LD-023405,,CO-0049724,paid,2024Q2,CMP-00118,treatment,2024-05-27
ASG-003111,EXP-0001,LD-023406,,CO-0011797,paid,2024Q2,CMP-00119,treatment,2024-05-27
ASG-003112,EXP-0001,LD-023407,,CO-0120266,paid,2024Q2,CMP-00119,treatment,2024-05-27
ASG-003113,EXP-0001,LD-023408,,CO-0115927,paid,2024Q2,CMP-00119,treatment,2024-05-27
ASG-003114,EXP-0001,LD-023409,,CO-0034144,paid,2024Q2,CMP-00119,treatment,2024-05-27
ASG-003115,EXP-0001,LD-023410,,CO-0077704,paid,2024Q2,CMP-00119,treatment,2024-05-27
ASG-003116,EXP-0001,LD-023411,,CO-0070754,paid,2024Q2,CMP-00119,treatment,2024-05-27
ASG-003117,EXP-0001,LD-023412,,CO-0079141,paid,2024Q2,CMP-00119,treatment,2024-05-27
ASG-003118,EXP-0001,LD-023413,,CO-0078804,paid,2024Q2,CMP-00120,treatment,2024-05-27
ASG-003119,EXP-0001,LD-023414,,CO-0038153,paid,2024Q2,CMP-00120,treatment,2024-05-27
ASG-003120,EXP-0001,LD-023415,,CO-0117198,paid,2024Q2,CMP-00120,treatment,2024-05-27
ASG-003121,EXP-0001,LD-023416,,CO-0091214,paid,2024Q2,CMP-00120,treatment,2024-05-27
ASG-003122,EXP-0001,LD-023417,,CO-0066889,paid,2024Q2,CMP-00120,treatment,2024-05-27
ASG-003123,EXP-0001,LD-023418,,CO-0052649,paid,2024Q2,CMP-00120,treatment,2024-05-27
ASG-003124,EXP-0001,LD-023419,,CO-0079709,paid,2024Q2,CMP-00120,treatment,2024-05-27
ASG-003125,EXP-0001,LD-023420,,CO-0118000,paid,2024Q2,CMP-00121,treatment,2024-05-27
ASG-003126,EXP-0001,LD-023421,,CO-0085076,paid,2024Q2,CMP-00122,control,2024-05-27
ASG-003127,EXP-0001,LD-023422,,CO-0090101,paid,2024Q2,CMP-00122,control,2024-05-27
ASG-003128,EXP-0001,LD-023423,,CO-0094593,paid,2024Q2,CMP-00122,control,2024-05-27
ASG-003129,EXP-0001,LD-023424,,CO-0102632,paid,2024Q2,CMP-00122,control,2024-05-27
ASG-003130,EXP-0001,LD-023425,,CO-0047217,paid,2024Q2,CMP-00122,control,2024-05-27
ASG-003131,EXP-0001,LD-023426,,CO-0072267,paid,2024Q2,CMP-00122,control,2024-05-27
ASG-003132,EXP-0001,LD-023427,,CO-0099620,paid,2024Q2,CMP-00122,control,2024-05-27
ASG-003133,EXP-0001,LD-023428,,CO-0047157,paid,2024Q2,CMP-00122,control,2024-05-27
ASG-003134,EXP-0001,LD-023429,,CO-0065255,paid,2024Q2,CMP-00122,control,2024-05-27
ASG-003135,EXP-0001,LD-023446,,CO-0050106,paid,2024Q2,CMP-00118,treatment,2024-05-28
ASG-003136,EXP-0001,LD-023447,,CO-0109472,paid,2024Q2,CMP-00118,treatment,2024-05-28
ASG-003137,EXP-0001,LD-023448,,CO-0064707,paid,2024Q2,CMP-00118,treatment,2024-05-28
ASG-003138,EXP-0001,LD-023449,,CO-0120428,paid,2024Q2,CMP-00118,treatment,2024-05-28
ASG-003139,EXP-0001,LD-023450,,CO-0097363,paid,2024Q2,CMP-00119,treatment,2024-05-28
ASG-003140,EXP-0001,LD-023451,,CO-0117997,paid,2024Q2,CMP-00119,treatment,2024-05-28
ASG-003141,EXP-0001,LD-023452,,CO-0081718,paid,2024Q2,CMP-00119,treatment,2024-05-28
ASG-003142,EXP-0001,LD-023453,,CO-0109267,paid,2024Q2,CMP-00119,treatment,2024-05-28
ASG-003143,EXP-0001,LD-023454,,CO-0089038,paid,2024Q2,CMP-00119,treatment,2024-05-28
ASG-003144,EXP-0001,LD-023455,,CO-0001258,paid,2024Q2,CMP-00119,treatment,2024-05-28
ASG-003145,EXP-0001,LD-023456,,CO-0107937,paid,2024Q2,CMP-00119,treatment,2024-05-28
ASG-003146,EXP-0001,LD-023457,,CO-0117048,paid,2024Q2,CMP-00119,treatment,2024-05-28
ASG-003147,EXP-0001,LD-023458,,CO-0036071,paid,2024Q2,CMP-00120,treatment,2024-05-28
ASG-003148,EXP-0001,LD-023459,,CO-0003981,paid,2024Q2,CMP-00120,treatment,2024-05-28
ASG-003149,EXP-0001,LD-023460,,CO-0090429,paid,2024Q2,CMP-00120,treatment,2024-05-28
ASG-003150,EXP-0001,LD-023461,,CO-0022725,paid,2024Q2,CMP-00120,treatment,2024-05-28
ASG-003151,EXP-0001,LD-023462,,CO-0075757,paid,2024Q2,CMP-00120,treatment,2024-05-28
ASG-003152,EXP-0001,LD-023463,,CO-0058678,paid,2024Q2,CMP-00120,treatment,2024-05-28
ASG-003153,EXP-0001,LD-023464,,CO-0047410,paid,2024Q2,CMP-00121,treatment,2024-05-28
ASG-003154,EXP-0001,LD-023465,,CO-0122350,paid,2024Q2,CMP-00121,treatment,2024-05-28
ASG-003155,EXP-0001,LD-023466,,CO-0011322,paid,2024Q2,CMP-00121,treatment,2024-05-28
ASG-003156,EXP-0001,LD-023467,,CO-0095366,paid,2024Q2,CMP-00121,treatment,2024-05-28
ASG-003157,EXP-0001,LD-023468,,CO-0085497,paid,2024Q2,CMP-00121,treatment,2024-05-28
ASG-003158,EXP-0001,LD-023469,,CO-0110857,paid,2024Q2,CMP-00121,treatment,2024-05-28
ASG-003159,EXP-0001,LD-023470,,CO-0006107,paid,2024Q2,CMP-00121,treatment,2024-05-28
ASG-003160,EXP-0001,LD-023471,,CO-0041516,paid,2024Q2,CMP-00122,control,2024-05-28
ASG-003161,EXP-0001,LD-023472,,CO-0029083,paid,2024Q2,CMP-00122,control,2024-05-28
ASG-003162,EXP-0001,LD-023473,,CO-0114367,paid,2024Q2,CMP-00122,control,2024-05-28
ASG-003163,EXP-0001,LD-023474,,CO-0067964,paid,2024Q2,CMP-00122,control,2024-05-28
ASG-003164,EXP-0001,LD-023475,,CO-0084522,paid,2024Q2,CMP-00122,control,2024-05-28
ASG-003165,EXP-0001,LD-023476,,CO-0010917,paid,2024Q2,CMP-00122,control,2024-05-28
ASG-003166,EXP-0001,LD-023479,ACC-000919,CO-0101475,paid,2024Q2,CMP-00120,treatment,2024-05-29
ASG-003167,EXP-0001,LD-023491,,CO-0049117,paid,2024Q2,CMP-00118,treatment,2024-05-29
ASG-003168,EXP-0001,LD-023492,,CO-0105089,paid,2024Q2,CMP-00118,treatment,2024-05-29
ASG-003169,EXP-0001,LD-023493,,CO-0051749,paid,2024Q2,CMP-00118,treatment,2024-05-29
ASG-003170,EXP-0001,LD-023494,,CO-0070616,paid,2024Q2,CMP-00119,treatment,2024-05-29
ASG-003171,EXP-0001,LD-023495,,CO-0026139,paid,2024Q2,CMP-00119,treatment,2024-05-29
ASG-003172,EXP-0001,LD-023496,,CO-0113580,paid,2024Q2,CMP-00119,treatment,2024-05-29
ASG-003173,EXP-0001,LD-023497,,CO-0046038,paid,2024Q2,CMP-00119,treatment,2024-05-29
ASG-003174,EXP-0001,LD-023498,,CO-0100872,paid,2024Q2,CMP-00119,treatment,2024-05-29
ASG-003175,EXP-0001,LD-023499,,CO-0026593,paid,2024Q2,CMP-00119,treatment,2024-05-29
ASG-003176,EXP-0001,LD-023500,,CO-0122317,paid,2024Q2,CMP-00119,treatment,2024-05-29
ASG-003177,EXP-0001,LD-023501,,CO-0004459,paid,2024Q2,CMP-00119,treatment,2024-05-29
ASG-003178,EXP-0001,LD-023502,,CO-0049061,paid,2024Q2,CMP-00120,treatment,2024-05-29
ASG-003179,EXP-0001,LD-023503,,CO-0123195,paid,2024Q2,CMP-00120,treatment,2024-05-29
ASG-003180,EXP-0001,LD-023504,,CO-0051930,paid,2024Q2,CMP-00120,treatment,2024-05-29
ASG-003181,EXP-0001,LD-023505,,CO-0053284,paid,2024Q2,CMP-00120,treatment,2024-05-29
ASG-003182,EXP-0001,LD-023506,,CO-0079576,paid,2024Q2,CMP-00121,treatment,2024-05-29
ASG-003183,EXP-0001,LD-023507,,CO-0112249,paid,2024Q2,CMP-00121,treatment,2024-05-29
ASG-003184,EXP-0001,LD-023508,,CO-0020465,paid,2024Q2,CMP-00122,control,2024-05-29
ASG-003185,EXP-0001,LD-023509,,CO-0034090,paid,2024Q2,CMP-00122,control,2024-05-29
ASG-003186,EXP-0001,LD-023510,,CO-0042982,paid,2024Q2,CMP-00122,control,2024-05-29
ASG-003187,EXP-0001,LD-023526,,CO-0003642,paid,2024Q2,CMP-00118,treatment,2024-05-30
ASG-003188,EXP-0001,LD-023527,,CO-0122080,paid,2024Q2,CMP-00118,treatment,2024-05-30
ASG-003189,EXP-0001,LD-023528,,CO-0073034,paid,2024Q2,CMP-00118,treatment,2024-05-30
ASG-003190,EXP-0001,LD-023529,,CO-0086818,paid,2024Q2,CMP-00118,treatment,2024-05-30
ASG-003191,EXP-0001,LD-023530,,CO-0035506,paid,2024Q2,CMP-00119,treatment,2024-05-30
ASG-003192,EXP-0001,LD-023531,,CO-0088464,paid,2024Q2,CMP-00119,treatment,2024-05-30
ASG-003193,EXP-0001,LD-023532,,CO-0083901,paid,2024Q2,CMP-00119,treatment,2024-05-30
ASG-003194,EXP-0001,LD-023533,,CO-0048178,paid,2024Q2,CMP-00119,treatment,2024-05-30
ASG-003195,EXP-0001,LD-023534,,CO-0108505,paid,2024Q2,CMP-00119,treatment,2024-05-30
ASG-003196,EXP-0001,LD-023535,,CO-0088568,paid,2024Q2,CMP-00119,treatment,2024-05-30
ASG-003197,EXP-0001,LD-023536,,CO-0018565,paid,2024Q2,CMP-00119,treatment,2024-05-30
ASG-003198,EXP-0001,LD-023537,,CO-0042970,paid,2024Q2,CMP-00119,treatment,2024-05-30
ASG-003199,EXP-0001,LD-023538,,CO-0120628,paid,2024Q2,CMP-00120,treatment,2024-05-30
ASG-003200,EXP-0001,LD-023539,,CO-0042957,paid,2024Q2,CMP-00120,treatment,2024-05-30
ASG-003201,EXP-0001,LD-023540,,CO-0087040,paid,2024Q2,CMP-00121,treatment,2024-05-30
ASG-003202,EXP-0001,LD-023541,,CO-0007628,paid,2024Q2,CMP-00121,treatment,2024-05-30
ASG-003203,EXP-0001,LD-023542,,CO-0108082,paid,2024Q2,CMP-00121,treatment,2024-05-30
ASG-003204,EXP-0001,LD-023543,,CO-0092024,paid,2024Q2,CMP-00122,control,2024-05-30
ASG-003205,EXP-0001,LD-023544,,CO-0012638,paid,2024Q2,CMP-00122,control,2024-05-30
ASG-003206,EXP-0001,LD-023545,,CO-0003340,paid,2024Q2,CMP-00122,control,2024-05-30
ASG-003207,EXP-0001,LD-023568,,CO-0086443,paid,2024Q2,CMP-00118,treatment,2024-05-31
ASG-003208,EXP-0001,LD-023569,,CO-0066064,paid,2024Q2,CMP-00118,treatment,2024-05-31
ASG-003209,EXP-0001,LD-023570,,CO-0013738,paid,2024Q2,CMP-00118,treatment,2024-05-31
ASG-003210,EXP-0001,LD-023571,,CO-0096709,paid,2024Q2,CMP-00118,treatment,2024-05-31
ASG-003211,EXP-0001,LD-023572,,CO-0107914,paid,2024Q2,CMP-00118,treatment,2024-05-31
ASG-003212,EXP-0001,LD-023573,,CO-0081512,paid,2024Q2,CMP-00118,treatment,2024-05-31
ASG-003213,EXP-0001,LD-023574,,CO-0095126,paid,2024Q2,CMP-00119,treatment,2024-05-31
ASG-003214,EXP-0001,LD-023575,,CO-0069881,paid,2024Q2,CMP-00119,treatment,2024-05-31
ASG-003215,EXP-0001,LD-023576,,CO-0015451,paid,2024Q2,CMP-00119,treatment,2024-05-31
ASG-003216,EXP-0001,LD-023577,,CO-0014137,paid,2024Q2,CMP-00119,treatment,2024-05-31
ASG-003217,EXP-0001,LD-023578,,CO-0032767,paid,2024Q2,CMP-00119,treatment,2024-05-31
ASG-003218,EXP-0001,LD-023579,,CO-0031453,paid,2024Q2,CMP-00119,treatment,2024-05-31
ASG-003219,EXP-0001,LD-023580,,CO-0063570,paid,2024Q2,CMP-00119,treatment,2024-05-31
ASG-003220,EXP-0001,LD-023581,,CO-0041408,paid,2024Q2,CMP-00119,treatment,2024-05-31
ASG-003221,EXP-0001,LD-023582,,CO-0110260,paid,2024Q2,CMP-00120,treatment,2024-05-31
ASG-003222,EXP-0001,LD-023583,,CO-0048186,paid,2024Q2,CMP-00120,treatment,2024-05-31
ASG-003223,EXP-0001,LD-023584,,CO-0018126,paid,2024Q2,CMP-00120,treatment,2024-05-31
ASG-003224,EXP-0001,LD-023585,,CO-0047694,paid,2024Q2,CMP-00120,treatment,2024-05-31
ASG-003225,EXP-0001,LD-023586,,CO-0067907,paid,2024Q2,CMP-00120,treatment,2024-05-31
ASG-003226,EXP-0001,LD-023587,,CO-0024503,paid,2024Q2,CMP-00120,treatment,2024-05-31
ASG-003227,EXP-0001,LD-023588,,CO-0078800,paid,2024Q2,CMP-00120,treatment,2024-05-31
ASG-003228,EXP-0001,LD-023589,,CO-0004862,paid,2024Q2,CMP-00121,treatment,2024-05-31
ASG-003229,EXP-0001,LD-023590,,CO-0005531,paid,2024Q2,CMP-00121,treatment,2024-05-31
ASG-003230,EXP-0001,LD-023591,,CO-0047801,paid,2024Q2,CMP-00121,treatment,2024-05-31
ASG-003231,EXP-0001,LD-023592,,CO-0047447,paid,2024Q2,CMP-00121,treatment,2024-05-31
ASG-003232,EXP-0001,LD-023593,,CO-0003352,paid,2024Q2,CMP-00122,control,2024-05-31
ASG-003233,EXP-0001,LD-023597,ACC-004826,CO-0122471,paid,2024Q2,CMP-00120,treatment,2024-06-01
ASG-003234,EXP-0001,LD-023612,,CO-0002220,paid,2024Q2,CMP-00118,treatment,2024-06-01
ASG-003235,EXP-0001,LD-023613,,CO-0019919,paid,2024Q2,CMP-00118,treatment,2024-06-01
ASG-003236,EXP-0001,LD-023614,,CO-0093548,paid,2024Q2,CMP-00118,treatment,2024-06-01
ASG-003237,EXP-0001,LD-023615,,CO-0029501,paid,2024Q2,CMP-00119,treatment,2024-06-01
ASG-003238,EXP-0001,LD-023616,,CO-0122668,paid,2024Q2,CMP-00119,treatment,2024-06-01
ASG-003239,EXP-0001,LD-023617,,CO-0060231,paid,2024Q2,CMP-00119,treatment,2024-06-01
ASG-003240,EXP-0001,LD-023618,,CO-0061019,paid,2024Q2,CMP-00119,treatment,2024-06-01
ASG-003241,EXP-0001,LD-023619,,CO-0083289,paid,2024Q2,CMP-00119,treatment,2024-06-01
ASG-003242,EXP-0001,LD-023620,,CO-0113950,paid,2024Q2,CMP-00119,treatment,2024-06-01
ASG-003243,EXP-0001,LD-023621,,CO-0030194,paid,2024Q2,CMP-00119,treatment,2024-06-01
ASG-003244,EXP-0001,LD-023622,,CO-0039503,paid,2024Q2,CMP-00119,treatment,2024-06-01
ASG-003245,EXP-0001,LD-023623,,CO-0066566,paid,2024Q2,CMP-00119,treatment,2024-06-01
ASG-003246,EXP-0001,LD-023624,,CO-0031644,paid,2024Q2,CMP-00119,treatment,2024-06-01
ASG-003247,EXP-0001,LD-023625,,CO-0107360,paid,2024Q2,CMP-00119,treatment,2024-06-01
ASG-003248,EXP-0001,LD-023626,,CO-0033225,paid,2024Q2,CMP-00120,treatment,2024-06-01
ASG-003249,EXP-0001,LD-023627,,CO-0032138,paid,2024Q2,CMP-00120,treatment,2024-06-01
ASG-003250,EXP-0001,LD-023628,,CO-0001772,paid,2024Q2,CMP-00120,treatment,2024-06-01
ASG-003251,EXP-0001,LD-023629,,CO-0079223,paid,2024Q2,CMP-00120,treatment,2024-06-01
ASG-003252,EXP-0001,LD-023630,,CO-0057779,paid,2024Q2,CMP-00120,treatment,2024-06-01
ASG-003253,EXP-0001,LD-023631,,CO-0116508,paid,2024Q2,CMP-00120,treatment,2024-06-01
ASG-003254,EXP-0001,LD-023632,,CO-0061946,paid,2024Q2,CMP-00120,treatment,2024-06-01
ASG-003255,EXP-0001,LD-023633,,CO-0054501,paid,2024Q2,CMP-00121,treatment,2024-06-01
ASG-003256,EXP-0001,LD-023634,,CO-0089398,paid,2024Q2,CMP-00121,treatment,2024-06-01
ASG-003257,EXP-0001,LD-023635,,CO-0008376,paid,2024Q2,CMP-00121,treatment,2024-06-01
ASG-003258,EXP-0001,LD-023636,,CO-0043093,paid,2024Q2,CMP-00121,treatment,2024-06-01
ASG-003259,EXP-0001,LD-023637,,CO-0027043,paid,2024Q2,CMP-00121,treatment,2024-06-01
ASG-003260,EXP-0001,LD-023638,,CO-0080062,paid,2024Q2,CMP-00121,treatment,2024-06-01
ASG-003261,EXP-0001,LD-023639,,CO-0106439,paid,2024Q2,CMP-00122,control,2024-06-01
ASG-003262,EXP-0001,LD-023640,,CO-0115899,paid,2024Q2,CMP-00122,control,2024-06-01
ASG-003263,EXP-0001,LD-023641,,CO-0112234,paid,2024Q2,CMP-00122,control,2024-06-01
ASG-003264,EXP-0001,LD-023642,,CO-0047978,paid,2024Q2,CMP-00122,control,2024-06-01
ASG-003265,EXP-0001,LD-023643,,CO-0081365,paid,2024Q2,CMP-00122,control,2024-06-01
ASG-003266,EXP-0001,LD-023644,,CO-0100219,paid,2024Q2,CMP-00122,control,2024-06-01
ASG-003267,EXP-0001,LD-023645,,CO-0112649,paid,2024Q2,CMP-00122,control,2024-06-01
ASG-003268,EXP-0001,LD-023650,ACC-000024,CO-0021161,paid,2024Q2,CMP-00120,treatment,2024-06-02
ASG-003269,EXP-0001,LD-023663,,CO-0065476,paid,2024Q2,CMP-00118,treatment,2024-06-02
ASG-003270,EXP-0001,LD-023664,,CO-0024976,paid,2024Q2,CMP-00118,treatment,2024-06-02
ASG-003271,EXP-0001,LD-023665,,CO-0112400,paid,2024Q2,CMP-00118,treatment,2024-06-02
ASG-003272,EXP-0001,LD-023666,,CO-0120258,paid,2024Q2,CMP-00118,treatment,2024-06-02
ASG-003273,EXP-0001,LD-023667,,CO-0083925,paid,2024Q2,CMP-00119,treatment,2024-06-02
ASG-003274,EXP-0001,LD-023668,,CO-0012808,paid,2024Q2,CMP-00119,treatment,2024-06-02
ASG-003275,EXP-0001,LD-023669,,CO-0032636,paid,2024Q2,CMP-00119,treatment,2024-06-02
ASG-003276,EXP-0001,LD-023670,,CO-0057920,paid,2024Q2,CMP-00119,treatment,2024-06-02
ASG-003277,EXP-0001,LD-023671,,CO-0110463,paid,2024Q2,CMP-00119,treatment,2024-06-02
ASG-003278,EXP-0001,LD-023672,,CO-0105294,paid,2024Q2,CMP-00119,treatment,2024-06-02
ASG-003279,EXP-0001,LD-023673,,CO-0014864,paid,2024Q2,CMP-00119,treatment,2024-06-02
ASG-003280,EXP-0001,LD-023674,,CO-0006114,paid,2024Q2,CMP-00119,treatment,2024-06-02
ASG-003281,EXP-0001,LD-023675,,CO-0012873,paid,2024Q2,CMP-00119,treatment,2024-06-02
ASG-003282,EXP-0001,LD-023676,,CO-0080965,paid,2024Q2,CMP-00120,treatment,2024-06-02
ASG-003283,EXP-0001,LD-023677,,CO-0014787,paid,2024Q2,CMP-00120,treatment,2024-06-02
ASG-003284,EXP-0001,LD-023678,,CO-0030081,paid,2024Q2,CMP-00120,treatment,2024-06-02
ASG-003285,EXP-0001,LD-023679,,CO-0053764,paid,2024Q2,CMP-00120,treatment,2024-06-02
ASG-003286,EXP-0001,LD-023680,,CO-0075328,paid,2024Q2,CMP-00120,treatment,2024-06-02
ASG-003287,EXP-0001,LD-023681,,CO-0078893,paid,2024Q2,CMP-00120,treatment,2024-06-02
ASG-003288,EXP-0001,LD-023682,,CO-0113299,paid,2024Q2,CMP-00121,treatment,2024-06-02
ASG-003289,EXP-0001,LD-023683,,CO-0048104,paid,2024Q2,CMP-00121,treatment,2024-06-02
ASG-003290,EXP-0001,LD-023684,,CO-0085210,paid,2024Q2,CMP-00121,treatment,2024-06-02
ASG-003291,EXP-0001,LD-023685,,CO-0081819,paid,2024Q2,CMP-00121,treatment,2024-06-02
ASG-003292,EXP-0001,LD-023686,,CO-0026079,paid,2024Q2,CMP-00122,control,2024-06-02
ASG-003293,EXP-0001,LD-023687,,CO-0095493,paid,2024Q2,CMP-00122,control,2024-06-02
ASG-003294,EXP-0001,LD-023688,,CO-0032456,paid,2024Q2,CMP-00122,control,2024-06-02
ASG-003295,EXP-0001,LD-023689,,CO-0059098,paid,2024Q2,CMP-00122,control,2024-06-02
ASG-003296,EXP-0001,LD-023690,,CO-0023156,paid,2024Q2,CMP-00122,control,2024-06-02
ASG-003297,EXP-0001,LD-023691,,CO-0078543,paid,2024Q2,CMP-00122,control,2024-06-02
ASG-003298,EXP-0001,LD-023708,,CO-0106672,paid,2024Q2,CMP-00118,treatment,2024-06-03
ASG-003299,EXP-0001,LD-023709,,CO-0023145,paid,2024Q2,CMP-00118,treatment,2024-06-03
ASG-003300,EXP-0001,LD-023710,,CO-0061842,paid,2024Q2,CMP-00118,treatment,2024-06-03
ASG-003301,EXP-0001,LD-023711,,CO-0015232,paid,2024Q2,CMP-00119,treatment,2024-06-03
ASG-003302,EXP-0001,LD-023712,,CO-0059066,paid,2024Q2,CMP-00119,treatment,2024-06-03
ASG-003303,EXP-0001,LD-023713,,CO-0084254,paid,2024Q2,CMP-00120,treatment,2024-06-03
ASG-003304,EXP-0001,LD-023714,,CO-0010382,paid,2024Q2,CMP-00120,treatment,2024-06-03
ASG-003305,EXP-0001,LD-023715,,CO-0070202,paid,2024Q2,CMP-00120,treatment,2024-06-03
ASG-003306,EXP-0001,LD-023716,,CO-0097609,paid,2024Q2,CMP-00120,treatment,2024-06-03
ASG-003307,EXP-0001,LD-023717,,CO-0091822,paid,2024Q2,CMP-00120,treatment,2024-06-03
ASG-003308,EXP-0001,LD-023718,,CO-0091017,paid,2024Q2,CMP-00121,treatment,2024-06-03
ASG-003309,EXP-0001,LD-023719,,CO-0054169,paid,2024Q2,CMP-00121,treatment,2024-06-03
ASG-003310,EXP-0001,LD-023720,,CO-0110504,paid,2024Q2,CMP-00121,treatment,2024-06-03
ASG-003311,EXP-0001,LD-023721,,CO-0009927,paid,2024Q2,CMP-00121,treatment,2024-06-03
ASG-003312,EXP-0001,LD-023722,,CO-0063126,paid,2024Q2,CMP-00121,treatment,2024-06-03
ASG-003313,EXP-0001,LD-023723,,CO-0006111,paid,2024Q2,CMP-00121,treatment,2024-06-03
ASG-003314,EXP-0001,LD-023724,,CO-0001977,paid,2024Q2,CMP-00121,treatment,2024-06-03
ASG-003315,EXP-0001,LD-023725,,CO-0084494,paid,2024Q2,CMP-00121,treatment,2024-06-03
ASG-003316,EXP-0001,LD-023726,,CO-0009477,paid,2024Q2,CMP-00122,control,2024-06-03
ASG-003317,EXP-0001,LD-023727,,CO-0000971,paid,2024Q2,CMP-00122,control,2024-06-03
ASG-003318,EXP-0001,LD-023728,,CO-0090483,paid,2024Q2,CMP-00122,control,2024-06-03
ASG-003319,EXP-0001,LD-023729,,CO-0059150,paid,2024Q2,CMP-00122,control,2024-06-03
ASG-003320,EXP-0001,LD-023730,,CO-0093306,paid,2024Q2,CMP-00122,control,2024-06-03
ASG-003321,EXP-0001,LD-023731,,CO-0050875,paid,2024Q2,CMP-00122,control,2024-06-03
ASG-003322,EXP-0001,LD-023748,,CO-0091207,paid,2024Q2,CMP-00118,treatment,2024-06-04
ASG-003323,EXP-0001,LD-023749,,CO-0011983,paid,2024Q2,CMP-00118,treatment,2024-06-04
ASG-003324,EXP-0001,LD-023750,,CO-0045074,paid,2024Q2,CMP-00118,treatment,2024-06-04
ASG-003325,EXP-0001,LD-023751,,CO-0053084,paid,2024Q2,CMP-00118,treatment,2024-06-04
ASG-003326,EXP-0001,LD-023752,,CO-0038346,paid,2024Q2,CMP-00119,treatment,2024-06-04
ASG-003327,EXP-0001,LD-023753,,CO-0096298,paid,2024Q2,CMP-00119,treatment,2024-06-04
ASG-003328,EXP-0001,LD-023754,,CO-0037346,paid,2024Q2,CMP-00119,treatment,2024-06-04
ASG-003329,EXP-0001,LD-023755,,CO-0039978,paid,2024Q2,CMP-00119,treatment,2024-06-04
ASG-003330,EXP-0001,LD-023756,,CO-0081559,paid,2024Q2,CMP-00120,treatment,2024-06-04
ASG-003331,EXP-0001,LD-023757,,CO-0078586,paid,2024Q2,CMP-00120,treatment,2024-06-04
ASG-003332,EXP-0001,LD-023758,,CO-0001009,paid,2024Q2,CMP-00121,treatment,2024-06-04
ASG-003333,EXP-0001,LD-023759,,CO-0008440,paid,2024Q2,CMP-00121,treatment,2024-06-04
ASG-003334,EXP-0001,LD-023760,,CO-0001868,paid,2024Q2,CMP-00121,treatment,2024-06-04
ASG-003335,EXP-0001,LD-023761,,CO-0111991,paid,2024Q2,CMP-00121,treatment,2024-06-04
ASG-003336,EXP-0001,LD-023762,,CO-0096123,paid,2024Q2,CMP-00121,treatment,2024-06-04
ASG-003337,EXP-0001,LD-023763,,CO-0045809,paid,2024Q2,CMP-00121,treatment,2024-06-04
ASG-003338,EXP-0001,LD-023764,,CO-0058840,paid,2024Q2,CMP-00121,treatment,2024-06-04
ASG-003339,EXP-0001,LD-023782,,CO-0100192,paid,2024Q2,CMP-00118,treatment,2024-06-05
ASG-003340,EXP-0001,LD-023783,,CO-0037854,paid,2024Q2,CMP-00118,treatment,2024-06-05
ASG-003341,EXP-0001,LD-023784,,CO-0017034,paid,2024Q2,CMP-00118,treatment,2024-06-05
ASG-003342,EXP-0001,LD-023785,,CO-0036664,paid,2024Q2,CMP-00118,treatment,2024-06-05
ASG-003343,EXP-0001,LD-023786,,CO-0003106,paid,2024Q2,CMP-00118,treatment,2024-06-05
ASG-003344,EXP-0001,LD-023787,,CO-0045889,paid,2024Q2,CMP-00118,treatment,2024-06-05
ASG-003345,EXP-0001,LD-023788,,CO-0061816,paid,2024Q2,CMP-00118,treatment,2024-06-05
ASG-003346,EXP-0001,LD-023789,,CO-0025684,paid,2024Q2,CMP-00119,treatment,2024-06-05
ASG-003347,EXP-0001,LD-023790,,CO-0012481,paid,2024Q2,CMP-00119,treatment,2024-06-05
ASG-003348,EXP-0001,LD-023791,,CO-0037837,paid,2024Q2,CMP-00119,treatment,2024-06-05
ASG-003349,EXP-0001,LD-023792,,CO-0062858,paid,2024Q2,CMP-00120,treatment,2024-06-05
ASG-003350,EXP-0001,LD-023793,,CO-0049886,paid,2024Q2,CMP-00120,treatment,2024-06-05
ASG-003351,EXP-0001,LD-023794,,CO-0074921,paid,2024Q2,CMP-00121,treatment,2024-06-05
ASG-003352,EXP-0001,LD-023795,,CO-0081309,paid,2024Q2,CMP-00121,treatment,2024-06-05
ASG-003353,EXP-0001,LD-023796,,CO-0077061,paid,2024Q2,CMP-00122,control,2024-06-05
ASG-003354,EXP-0001,LD-023797,,CO-0013153,paid,2024Q2,CMP-00122,control,2024-06-05
ASG-003355,EXP-0001,LD-023798,,CO-0000854,paid,2024Q2,CMP-00122,control,2024-06-05
ASG-003356,EXP-0001,LD-023799,ACC-000129,CO-0045017,paid,2024Q2,CMP-00119,treatment,2024-06-06
ASG-003357,EXP-0001,LD-023801,ACC-005416,CO-0045614,paid,2024Q2,CMP-00121,treatment,2024-06-06
ASG-003358,EXP-0001,LD-023805,,CO-0053215,paid,2024Q2,CMP-00118,treatment,2024-06-06
ASG-003359,EXP-0001,LD-023806,,CO-0031274,paid,2024Q2,CMP-00118,treatment,2024-06-06
ASG-003360,EXP-0001,LD-023807,,CO-0021246,paid,2024Q2,CMP-00118,treatment,2024-06-06
ASG-003361,EXP-0001,LD-023808,,CO-0045080,paid,2024Q2,CMP-00118,treatment,2024-06-06
ASG-003362,EXP-0001,LD-023809,,CO-0101336,paid,2024Q2,CMP-00118,treatment,2024-06-06
ASG-003363,EXP-0001,LD-023810,,CO-0003810,paid,2024Q2,CMP-00118,treatment,2024-06-06
ASG-003364,EXP-0001,LD-023811,,CO-0004672,paid,2024Q2,CMP-00119,treatment,2024-06-06
ASG-003365,EXP-0001,LD-023812,,CO-0110121,paid,2024Q2,CMP-00119,treatment,2024-06-06
ASG-003366,EXP-0001,LD-023813,,CO-0009090,paid,2024Q2,CMP-00119,treatment,2024-06-06
ASG-003367,EXP-0001,LD-023814,,CO-0020891,paid,2024Q2,CMP-00119,treatment,2024-06-06
ASG-003368,EXP-0001,LD-023815,,CO-0011372,paid,2024Q2,CMP-00119,treatment,2024-06-06
ASG-003369,EXP-0001,LD-023816,,CO-0088109,paid,2024Q2,CMP-00119,treatment,2024-06-06
ASG-003370,EXP-0001,LD-023817,,CO-0077956,paid,2024Q2,CMP-00119,treatment,2024-06-06
ASG-003371,EXP-0001,LD-023818,,CO-0065958,paid,2024Q2,CMP-00119,treatment,2024-06-06
ASG-003372,EXP-0001,LD-023819,,CO-0091022,paid,2024Q2,CMP-00119,treatment,2024-06-06
ASG-003373,EXP-0001,LD-023820,,CO-0051992,paid,2024Q2,CMP-00119,treatment,2024-06-06
ASG-003374,EXP-0001,LD-023821,,CO-0117133,paid,2024Q2,CMP-00119,treatment,2024-06-06
ASG-003375,EXP-0001,LD-023822,,CO-0008022,paid,2024Q2,CMP-00119,treatment,2024-06-06
ASG-003376,EXP-0001,LD-023823,,CO-0001319,paid,2024Q2,CMP-00119,treatment,2024-06-06
ASG-003377,EXP-0001,LD-023824,,CO-0049446,paid,2024Q2,CMP-00120,treatment,2024-06-06
ASG-003378,EXP-0001,LD-023825,,CO-0079287,paid,2024Q2,CMP-00120,treatment,2024-06-06
ASG-003379,EXP-0001,LD-023826,,CO-0090197,paid,2024Q2,CMP-00120,treatment,2024-06-06
ASG-003380,EXP-0001,LD-023827,,CO-0095800,paid,2024Q2,CMP-00120,treatment,2024-06-06
ASG-003381,EXP-0001,LD-023828,,CO-0008547,paid,2024Q2,CMP-00120,treatment,2024-06-06
ASG-003382,EXP-0001,LD-023829,,CO-0122149,paid,2024Q2,CMP-00121,treatment,2024-06-06
ASG-003383,EXP-0001,LD-023830,,CO-0110956,paid,2024Q2,CMP-00121,treatment,2024-06-06
ASG-003384,EXP-0001,LD-023831,,CO-0102273,paid,2024Q2,CMP-00121,treatment,2024-06-06
ASG-003385,EXP-0001,LD-023832,,CO-0105106,paid,2024Q2,CMP-00121,treatment,2024-06-06
ASG-003386,EXP-0001,LD-023833,,CO-0018895,paid,2024Q2,CMP-00121,treatment,2024-06-06
ASG-003387,EXP-0001,LD-023834,,CO-0017761,paid,2024Q2,CMP-00121,treatment,2024-06-06
ASG-003388,EXP-0001,LD-023835,,CO-0120026,paid,2024Q2,CMP-00121,treatment,2024-06-06
ASG-003389,EXP-0001,LD-023836,,CO-0069200,paid,2024Q2,CMP-00122,control,2024-06-06
ASG-003390,EXP-0001,LD-023837,,CO-0097441,paid,2024Q2,CMP-00122,control,2024-06-06
ASG-003391,EXP-0001,LD-023838,,CO-0086339,paid,2024Q2,CMP-00122,control,2024-06-06
ASG-003392,EXP-0001,LD-023839,,CO-0110808,paid,2024Q2,CMP-00122,control,2024-06-06
ASG-003393,EXP-0001,LD-023840,,CO-0082577,paid,2024Q2,CMP-00122,control,2024-06-06
ASG-003394,EXP-0001,LD-023841,,CO-0074714,paid,2024Q2,CMP-00122,control,2024-06-06
ASG-003395,EXP-0001,LD-023847,ACC-001191,CO-0082350,paid,2024Q2,CMP-00121,treatment,2024-06-07
ASG-003396,EXP-0001,LD-023849,ACC-007466,CO-0021160,paid,2024Q2,CMP-00121,treatment,2024-06-07
ASG-003397,EXP-0001,LD-023861,,CO-0070757,paid,2024Q2,CMP-00118,treatment,2024-06-07
ASG-003398,EXP-0001,LD-023862,,CO-0121194,paid,2024Q2,CMP-00118,treatment,2024-06-07
ASG-003399,EXP-0001,LD-023863,,CO-0049546,paid,2024Q2,CMP-00118,treatment,2024-06-07
ASG-003400,EXP-0001,LD-023864,,CO-0041537,paid,2024Q2,CMP-00118,treatment,2024-06-07
ASG-003401,EXP-0001,LD-023865,,CO-0015474,paid,2024Q2,CMP-00118,treatment,2024-06-07
ASG-003402,EXP-0001,LD-023866,,CO-0083931,paid,2024Q2,CMP-00119,treatment,2024-06-07
ASG-003403,EXP-0001,LD-023867,,CO-0115364,paid,2024Q2,CMP-00119,treatment,2024-06-07
ASG-003404,EXP-0001,LD-023868,,CO-0012124,paid,2024Q2,CMP-00119,treatment,2024-06-07
ASG-003405,EXP-0001,LD-023869,,CO-0001732,paid,2024Q2,CMP-00119,treatment,2024-06-07
ASG-003406,EXP-0001,LD-023870,,CO-0069005,paid,2024Q2,CMP-00119,treatment,2024-06-07
ASG-003407,EXP-0001,LD-023871,,CO-0120176,paid,2024Q2,CMP-00119,treatment,2024-06-07
ASG-003408,EXP-0001,LD-023872,,CO-0118424,paid,2024Q2,CMP-00119,treatment,2024-06-07
ASG-003409,EXP-0001,LD-023873,,CO-0048508,paid,2024Q2,CMP-00119,treatment,2024-06-07
ASG-003410,EXP-0001,LD-023874,,CO-0113046,paid,2024Q2,CMP-00119,treatment,2024-06-07
ASG-003411,EXP-0001,LD-023875,,CO-0110578,paid,2024Q2,CMP-00119,treatment,2024-06-07
ASG-003412,EXP-0001,LD-023876,,CO-0055203,paid,2024Q2,CMP-00120,treatment,2024-06-07
ASG-003413,EXP-0001,LD-023877,,CO-0119858,paid,2024Q2,CMP-00120,treatment,2024-06-07
ASG-003414,EXP-0001,LD-023878,,CO-0010175,paid,2024Q2,CMP-00120,treatment,2024-06-07
ASG-003415,EXP-0001,LD-023879,,CO-0041834,paid,2024Q2,CMP-00121,treatment,2024-06-07
ASG-003416,EXP-0001,LD-023880,,CO-0004219,paid,2024Q2,CMP-00121,treatment,2024-06-07
ASG-003417,EXP-0001,LD-023881,,CO-0027763,paid,2024Q2,CMP-00121,treatment,2024-06-07
ASG-003418,EXP-0001,LD-023882,,CO-0063348,paid,2024Q2,CMP-00121,treatment,2024-06-07
ASG-003419,EXP-0001,LD-023883,,CO-0113177,paid,2024Q2,CMP-00122,control,2024-06-07
ASG-003420,EXP-0001,LD-023884,,CO-0040197,paid,2024Q2,CMP-00122,control,2024-06-07
ASG-003421,EXP-0001,LD-023885,,CO-0074621,paid,2024Q2,CMP-00122,control,2024-06-07
ASG-003422,EXP-0001,LD-023886,,CO-0020334,paid,2024Q2,CMP-00122,control,2024-06-07
ASG-003423,EXP-0001,LD-023887,,CO-0006487,paid,2024Q2,CMP-00122,control,2024-06-07
ASG-003424,EXP-0001,LD-023888,ACC-003492,CO-0022350,paid,2024Q2,CMP-00119,treatment,2024-06-08
ASG-003425,EXP-0001,LD-023906,,CO-0028027,paid,2024Q2,CMP-00118,treatment,2024-06-08
ASG-003426,EXP-0001,LD-023907,,CO-0014519,paid,2024Q2,CMP-00118,treatment,2024-06-08
ASG-003427,EXP-0001,LD-023908,,CO-0065248,paid,2024Q2,CMP-00118,treatment,2024-06-08
ASG-003428,EXP-0001,LD-023909,,CO-0062957,paid,2024Q2,CMP-00118,treatment,2024-06-08
ASG-003429,EXP-0001,LD-023910,,CO-0061073,paid,2024Q2,CMP-00118,treatment,2024-06-08
ASG-003430,EXP-0001,LD-023911,,CO-0069054,paid,2024Q2,CMP-00118,treatment,2024-06-08
ASG-003431,EXP-0001,LD-023912,,CO-0120986,paid,2024Q2,CMP-00118,treatment,2024-06-08
ASG-003432,EXP-0001,LD-023913,,CO-0110871,paid,2024Q2,CMP-00119,treatment,2024-06-08
ASG-003433,EXP-0001,LD-023914,,CO-0090940,paid,2024Q2,CMP-00119,treatment,2024-06-08
ASG-003434,EXP-0001,LD-023915,,CO-0089961,paid,2024Q2,CMP-00119,treatment,2024-06-08
ASG-003435,EXP-0001,LD-023916,,CO-0031191,paid,2024Q2,CMP-00119,treatment,2024-06-08
ASG-003436,EXP-0001,LD-023917,,CO-0022532,paid,2024Q2,CMP-00119,treatment,2024-06-08
ASG-003437,EXP-0001,LD-023918,,CO-0039353,paid,2024Q2,CMP-00119,treatment,2024-06-08
ASG-003438,EXP-0001,LD-023919,,CO-0066341,paid,2024Q2,CMP-00119,treatment,2024-06-08
ASG-003439,EXP-0001,LD-023920,,CO-0009916,paid,2024Q2,CMP-00119,treatment,2024-06-08
ASG-003440,EXP-0001,LD-023921,,CO-0009519,paid,2024Q2,CMP-00119,treatment,2024-06-08
ASG-003441,EXP-0001,LD-023922,,CO-0037838,paid,2024Q2,CMP-00119,treatment,2024-06-08
ASG-003442,EXP-0001,LD-023923,,CO-0009316,paid,2024Q2,CMP-00119,treatment,2024-06-08
ASG-003443,EXP-0001,LD-023924,,CO-0034504,paid,2024Q2,CMP-00120,treatment,2024-06-08
ASG-003444,EXP-0001,LD-023925,,CO-0037973,paid,2024Q2,CMP-00120,treatment,2024-06-08
ASG-003445,EXP-0001,LD-023926,,CO-0042038,paid,2024Q2,CMP-00120,treatment,2024-06-08
ASG-003446,EXP-0001,LD-023927,,CO-0053758,paid,2024Q2,CMP-00120,treatment,2024-06-08
ASG-003447,EXP-0001,LD-023928,,CO-0064733,paid,2024Q2,CMP-00120,treatment,2024-06-08
ASG-003448,EXP-0001,LD-023929,,CO-0068810,paid,2024Q2,CMP-00120,treatment,2024-06-08
ASG-003449,EXP-0001,LD-023930,,CO-0019292,paid,2024Q2,CMP-00121,treatment,2024-06-08
ASG-003450,EXP-0001,LD-023931,,CO-0108100,paid,2024Q2,CMP-00121,treatment,2024-06-08
ASG-003451,EXP-0001,LD-023932,,CO-0022526,paid,2024Q2,CMP-00122,control,2024-06-08
ASG-003452,EXP-0001,LD-023933,,CO-0057234,paid,2024Q2,CMP-00122,control,2024-06-08
ASG-003453,EXP-0001,LD-023934,,CO-0048539,paid,2024Q2,CMP-00122,control,2024-06-08
ASG-003454,EXP-0001,LD-023935,,CO-0116873,paid,2024Q2,CMP-00122,control,2024-06-08
ASG-003455,EXP-0001,LD-023936,,CO-0042193,paid,2024Q2,CMP-00122,control,2024-06-08
ASG-003456,EXP-0001,LD-023955,,CO-0045357,paid,2024Q2,CMP-00118,treatment,2024-06-09
ASG-003457,EXP-0001,LD-023956,,CO-0042736,paid,2024Q2,CMP-00118,treatment,2024-06-09
ASG-003458,EXP-0001,LD-023957,,CO-0117505,paid,2024Q2,CMP-00118,treatment,2024-06-09
ASG-003459,EXP-0001,LD-023958,,CO-0015921,paid,2024Q2,CMP-00118,treatment,2024-06-09
ASG-003460,EXP-0001,LD-023959,,CO-0057704,paid,2024Q2,CMP-00119,treatment,2024-06-09
ASG-003461,EXP-0001,LD-023960,,CO-0026177,paid,2024Q2,CMP-00119,treatment,2024-06-09
ASG-003462,EXP-0001,LD-023961,,CO-0033755,paid,2024Q2,CMP-00119,treatment,2024-06-09
ASG-003463,EXP-0001,LD-023962,,CO-0052264,paid,2024Q2,CMP-00120,treatment,2024-06-09
ASG-003464,EXP-0001,LD-023963,,CO-0005680,paid,2024Q2,CMP-00120,treatment,2024-06-09
ASG-003465,EXP-0001,LD-023964,,CO-0038701,paid,2024Q2,CMP-00120,treatment,2024-06-09
ASG-003466,EXP-0001,LD-023965,,CO-0013005,paid,2024Q2,CMP-00120,treatment,2024-06-09
ASG-003467,EXP-0001,LD-023966,,CO-0113079,paid,2024Q2,CMP-00121,treatment,2024-06-09
ASG-003468,EXP-0001,LD-023967,,CO-0084927,paid,2024Q2,CMP-00121,treatment,2024-06-09
ASG-003469,EXP-0001,LD-023968,,CO-0003904,paid,2024Q2,CMP-00121,treatment,2024-06-09
ASG-003470,EXP-0001,LD-023969,,CO-0044393,paid,2024Q2,CMP-00121,treatment,2024-06-09
ASG-003471,EXP-0001,LD-023970,,CO-0069442,paid,2024Q2,CMP-00121,treatment,2024-06-09
ASG-003472,EXP-0001,LD-023971,,CO-0005061,paid,2024Q2,CMP-00121,treatment,2024-06-09
ASG-003473,EXP-0001,LD-023972,,CO-0113831,paid,2024Q2,CMP-00122,control,2024-06-09
ASG-003474,EXP-0001,LD-023973,,CO-0016403,paid,2024Q2,CMP-00122,control,2024-06-09
ASG-003475,EXP-0001,LD-023974,,CO-0066624,paid,2024Q2,CMP-00122,control,2024-06-09
ASG-003476,EXP-0001,LD-023975,,CO-0104066,paid,2024Q2,CMP-00122,control,2024-06-09
ASG-003477,EXP-0001,LD-023976,,CO-0067131,paid,2024Q2,CMP-00122,control,2024-06-09
ASG-003478,EXP-0001,LD-023977,,CO-0115212,paid,2024Q2,CMP-00122,control,2024-06-09
ASG-003479,EXP-0001,LD-023978,,CO-0110110,paid,2024Q2,CMP-00122,control,2024-06-09
ASG-003480,EXP-0001,LD-023981,ACC-000789,CO-0108849,paid,2024Q2,CMP-00121,treatment,2024-06-10
ASG-003481,EXP-0001,LD-023983,ACC-003053,CO-0044971,paid,2024Q2,CMP-00121,treatment,2024-06-10
ASG-003482,EXP-0001,LD-023997,,CO-0046292,paid,2024Q2,CMP-00118,treatment,2024-06-10
ASG-003483,EXP-0001,LD-023998,,CO-0114922,paid,2024Q2,CMP-00119,treatment,2024-06-10
ASG-003484,EXP-0001,LD-023999,,CO-0051230,paid,2024Q2,CMP-00119,treatment,2024-06-10
ASG-003485,EXP-0001,LD-024000,,CO-0086495,paid,2024Q2,CMP-00119,treatment,2024-06-10
ASG-003486,EXP-0001,LD-024001,,CO-0013517,paid,2024Q2,CMP-00119,treatment,2024-06-10
ASG-003487,EXP-0001,LD-024002,,CO-0058680,paid,2024Q2,CMP-00119,treatment,2024-06-10
ASG-003488,EXP-0001,LD-024003,,CO-0041079,paid,2024Q2,CMP-00120,treatment,2024-06-10
ASG-003489,EXP-0001,LD-024004,,CO-0051720,paid,2024Q2,CMP-00120,treatment,2024-06-10
ASG-003490,EXP-0001,LD-024005,,CO-0090900,paid,2024Q2,CMP-00120,treatment,2024-06-10
ASG-003491,EXP-0001,LD-024006,,CO-0109721,paid,2024Q2,CMP-00120,treatment,2024-06-10
ASG-003492,EXP-0001,LD-024007,,CO-0048405,paid,2024Q2,CMP-00121,treatment,2024-06-10
ASG-003493,EXP-0001,LD-024008,,CO-0050713,paid,2024Q2,CMP-00121,treatment,2024-06-10
ASG-003494,EXP-0001,LD-024009,,CO-0110643,paid,2024Q2,CMP-00122,control,2024-06-10
ASG-003495,EXP-0001,LD-024010,,CO-0075475,paid,2024Q2,CMP-00122,control,2024-06-10
ASG-003496,EXP-0001,LD-024011,,CO-0076194,paid,2024Q2,CMP-00122,control,2024-06-10
ASG-003497,EXP-0001,LD-024034,,CO-0121827,paid,2024Q2,CMP-00118,treatment,2024-06-11
ASG-003498,EXP-0001,LD-024035,,CO-0088595,paid,2024Q2,CMP-00118,treatment,2024-06-11
ASG-003499,EXP-0001,LD-024036,,CO-0067601,paid,2024Q2,CMP-00118,treatment,2024-06-11
ASG-003500,EXP-0001,LD-024037,,CO-0002838,paid,2024Q2,CMP-00119,treatment,2024-06-11
ASG-003501,EXP-0001,LD-024038,,CO-0088073,paid,2024Q2,CMP-00119,treatment,2024-06-11
ASG-003502,EXP-0001,LD-024039,,CO-0028095,paid,2024Q2,CMP-00119,treatment,2024-06-11
ASG-003503,EXP-0001,LD-024040,,CO-0015212,paid,2024Q2,CMP-00119,treatment,2024-06-11
ASG-003504,EXP-0001,LD-024041,,CO-0095740,paid,2024Q2,CMP-00119,treatment,2024-06-11
ASG-003505,EXP-0001,LD-024042,,CO-0002810,paid,2024Q2,CMP-00119,treatment,2024-06-11
ASG-003506,EXP-0001,LD-024043,,CO-0050935,paid,2024Q2,CMP-00119,treatment,2024-06-11
ASG-003507,EXP-0001,LD-024044,,CO-0082845,paid,2024Q2,CMP-00119,treatment,2024-06-11
ASG-003508,EXP-0001,LD-024045,,CO-0096528,paid,2024Q2,CMP-00120,treatment,2024-06-11
ASG-003509,EXP-0001,LD-024046,,CO-0056633,paid,2024Q2,CMP-00120,treatment,2024-06-11
ASG-003510,EXP-0001,LD-024047,,CO-0064133,paid,2024Q2,CMP-00120,treatment,2024-06-11
ASG-003511,EXP-0001,LD-024048,,CO-0052792,paid,2024Q2,CMP-00120,treatment,2024-06-11
ASG-003512,EXP-0001,LD-024049,,CO-0030487,paid,2024Q2,CMP-00120,treatment,2024-06-11
ASG-003513,EXP-0001,LD-024050,,CO-0062775,paid,2024Q2,CMP-00120,treatment,2024-06-11
ASG-003514,EXP-0001,LD-024051,,CO-0047358,paid,2024Q2,CMP-00121,treatment,2024-06-11
ASG-003515,EXP-0001,LD-024052,,CO-0002905,paid,2024Q2,CMP-00121,treatment,2024-06-11
ASG-003516,EXP-0001,LD-024053,,CO-0111770,paid,2024Q2,CMP-00121,treatment,2024-06-11
ASG-003517,EXP-0001,LD-024054,,CO-0095268,paid,2024Q2,CMP-00121,treatment,2024-06-11
ASG-003518,EXP-0001,LD-024055,,CO-0097784,paid,2024Q2,CMP-00121,treatment,2024-06-11
ASG-003519,EXP-0001,LD-024056,,CO-0080385,paid,2024Q2,CMP-00121,treatment,2024-06-11
ASG-003520,EXP-0001,LD-024057,,CO-0036779,paid,2024Q2,CMP-00122,control,2024-06-11
ASG-003521,EXP-0001,LD-024058,,CO-0019109,paid,2024Q2,CMP-00122,control,2024-06-11
ASG-003522,EXP-0001,LD-024059,,CO-0029026,paid,2024Q2,CMP-00122,control,2024-06-11
ASG-003523,EXP-0001,LD-024060,,CO-0072052,paid,2024Q2,CMP-00122,control,2024-06-11
ASG-003524,EXP-0001,LD-024064,ACC-000612,CO-0113707,paid,2024Q2,CMP-00118,treatment,2024-06-12
ASG-003525,EXP-0001,LD-024080,,CO-0095220,paid,2024Q2,CMP-00118,treatment,2024-06-12
ASG-003526,EXP-0001,LD-024081,,CO-0105498,paid,2024Q2,CMP-00118,treatment,2024-06-12
ASG-003527,EXP-0001,LD-024082,,CO-0092968,paid,2024Q2,CMP-00118,treatment,2024-06-12
ASG-003528,EXP-0001,LD-024083,,CO-0015699,paid,2024Q2,CMP-00118,treatment,2024-06-12
ASG-003529,EXP-0001,LD-024084,,CO-0035946,paid,2024Q2,CMP-00118,treatment,2024-06-12
ASG-003530,EXP-0001,LD-024085,,CO-0103475,paid,2024Q2,CMP-00118,treatment,2024-06-12
ASG-003531,EXP-0001,LD-024086,,CO-0019939,paid,2024Q2,CMP-00118,treatment,2024-06-12
ASG-003532,EXP-0001,LD-024087,,CO-0008311,paid,2024Q2,CMP-00119,treatment,2024-06-12
ASG-003533,EXP-0001,LD-024088,,CO-0048832,paid,2024Q2,CMP-00119,treatment,2024-06-12
ASG-003534,EXP-0001,LD-024089,,CO-0003695,paid,2024Q2,CMP-00119,treatment,2024-06-12
ASG-003535,EXP-0001,LD-024090,,CO-0044419,paid,2024Q2,CMP-00119,treatment,2024-06-12
ASG-003536,EXP-0001,LD-024091,,CO-0016241,paid,2024Q2,CMP-00119,treatment,2024-06-12
ASG-003537,EXP-0001,LD-024092,,CO-0082444,paid,2024Q2,CMP-00119,treatment,2024-06-12
ASG-003538,EXP-0001,LD-024093,,CO-0060722,paid,2024Q2,CMP-00119,treatment,2024-06-12
ASG-003539,EXP-0001,LD-024094,,CO-0095704,paid,2024Q2,CMP-00120,treatment,2024-06-12
ASG-003540,EXP-0001,LD-024095,,CO-0035928,paid,2024Q2,CMP-00120,treatment,2024-06-12
ASG-003541,EXP-0001,LD-024096,,CO-0051501,paid,2024Q2,CMP-00120,treatment,2024-06-12
ASG-003542,EXP-0001,LD-024097,,CO-0105577,paid,2024Q2,CMP-00120,treatment,2024-06-12
ASG-003543,EXP-0001,LD-024098,,CO-0077903,paid,2024Q2,CMP-00121,treatment,2024-06-12
ASG-003544,EXP-0001,LD-024099,,CO-0067165,paid,2024Q2,CMP-00121,treatment,2024-06-12
ASG-003545,EXP-0001,LD-024100,,CO-0001098,paid,2024Q2,CMP-00121,treatment,2024-06-12
ASG-003546,EXP-0001,LD-024101,,CO-0108077,paid,2024Q2,CMP-00122,control,2024-06-12
ASG-003547,EXP-0001,LD-024102,,CO-0020953,paid,2024Q2,CMP-00122,control,2024-06-12
ASG-003548,EXP-0001,LD-024110,ACC-000380,CO-0030603,paid,2024Q2,CMP-00118,treatment,2024-06-13
ASG-003549,EXP-0001,LD-024126,,CO-0099615,paid,2024Q2,CMP-00118,treatment,2024-06-13
ASG-003550,EXP-0001,LD-024127,,CO-0027757,paid,2024Q2,CMP-00118,treatment,2024-06-13
ASG-003551,EXP-0001,LD-024128,,CO-0017764,paid,2024Q2,CMP-00118,treatment,2024-06-13
ASG-003552,EXP-0001,LD-024129,,CO-0049936,paid,2024Q2,CMP-00118,treatment,2024-06-13
ASG-003553,EXP-0001,LD-024130,,CO-0089005,paid,2024Q2,CMP-00118,treatment,2024-06-13
ASG-003554,EXP-0001,LD-024131,,CO-0021430,paid,2024Q2,CMP-00118,treatment,2024-06-13
ASG-003555,EXP-0001,LD-024132,,CO-0077608,paid,2024Q2,CMP-00118,treatment,2024-06-13
ASG-003556,EXP-0001,LD-024133,,CO-0017279,paid,2024Q2,CMP-00119,treatment,2024-06-13
ASG-003557,EXP-0001,LD-024134,,CO-0071444,paid,2024Q2,CMP-00119,treatment,2024-06-13
ASG-003558,EXP-0001,LD-024135,,CO-0106254,paid,2024Q2,CMP-00119,treatment,2024-06-13
ASG-003559,EXP-0001,LD-024136,,CO-0045606,paid,2024Q2,CMP-00119,treatment,2024-06-13
ASG-003560,EXP-0001,LD-024137,,CO-0091805,paid,2024Q2,CMP-00119,treatment,2024-06-13
ASG-003561,EXP-0001,LD-024138,,CO-0119969,paid,2024Q2,CMP-00119,treatment,2024-06-13
ASG-003562,EXP-0001,LD-024139,,CO-0021200,paid,2024Q2,CMP-00119,treatment,2024-06-13
ASG-003563,EXP-0001,LD-024140,,CO-0083526,paid,2024Q2,CMP-00119,treatment,2024-06-13
ASG-003564,EXP-0001,LD-024141,,CO-0027983,paid,2024Q2,CMP-00119,treatment,2024-06-13
ASG-003565,EXP-0001,LD-024142,,CO-0053231,paid,2024Q2,CMP-00119,treatment,2024-06-13
ASG-003566,EXP-0001,LD-024143,,CO-0071237,paid,2024Q2,CMP-00120,treatment,2024-06-13
ASG-003567,EXP-0001,LD-024144,,CO-0034452,paid,2024Q2,CMP-00120,treatment,2024-06-13
ASG-003568,EXP-0001,LD-024145,,CO-0075304,paid,2024Q2,CMP-00120,treatment,2024-06-13
ASG-003569,EXP-0001,LD-024146,,CO-0097625,paid,2024Q2,CMP-00120,treatment,2024-06-13
ASG-003570,EXP-0001,LD-024147,,CO-0107846,paid,2024Q2,CMP-00120,treatment,2024-06-13
ASG-003571,EXP-0001,LD-024148,,CO-0052007,paid,2024Q2,CMP-00121,treatment,2024-06-13
ASG-003572,EXP-0001,LD-024149,,CO-0112586,paid,2024Q2,CMP-00121,treatment,2024-06-13
ASG-003573,EXP-0001,LD-024150,,CO-0050116,paid,2024Q2,CMP-00121,treatment,2024-06-13
ASG-003574,EXP-0001,LD-024151,,CO-0115921,paid,2024Q2,CMP-00121,treatment,2024-06-13
ASG-003575,EXP-0001,LD-024152,,CO-0109167,paid,2024Q2,CMP-00121,treatment,2024-06-13
ASG-003576,EXP-0001,LD-024153,,CO-0064778,paid,2024Q2,CMP-00121,treatment,2024-06-13
ASG-003577,EXP-0001,LD-024154,,CO-0066516,paid,2024Q2,CMP-00121,treatment,2024-06-13
ASG-003578,EXP-0001,LD-024155,,CO-0004567,paid,2024Q2,CMP-00121,treatment,2024-06-13
ASG-003579,EXP-0001,LD-024156,,CO-0093701,paid,2024Q2,CMP-00122,control,2024-06-13
ASG-003580,EXP-0001,LD-024157,,CO-0121638,paid,2024Q2,CMP-00122,control,2024-06-13
ASG-003581,EXP-0001,LD-024158,,CO-0056109,paid,2024Q2,CMP-00122,control,2024-06-13
ASG-003582,EXP-0001,LD-024159,,CO-0035993,paid,2024Q2,CMP-00122,control,2024-06-13
ASG-003583,EXP-0001,LD-024160,,CO-0035482,paid,2024Q2,CMP-00122,control,2024-06-13
ASG-003584,EXP-0001,LD-024161,,CO-0107148,paid,2024Q2,CMP-00122,control,2024-06-13
ASG-003585,EXP-0001,LD-024162,,CO-0060858,paid,2024Q2,CMP-00122,control,2024-06-13
ASG-003586,EXP-0001,LD-024163,,CO-0088017,paid,2024Q2,CMP-00122,control,2024-06-13
ASG-003587,EXP-0001,LD-024164,,CO-0122996,paid,2024Q2,CMP-00122,control,2024-06-13
ASG-003588,EXP-0001,LD-024167,ACC-001567,CO-0056059,paid,2024Q2,CMP-00121,treatment,2024-06-14
ASG-003589,EXP-0001,LD-024179,,CO-0001756,paid,2024Q2,CMP-00118,treatment,2024-06-14
ASG-003590,EXP-0001,LD-024180,,CO-0102618,paid,2024Q2,CMP-00118,treatment,2024-06-14
ASG-003591,EXP-0001,LD-024181,,CO-0026154,paid,2024Q2,CMP-00118,treatment,2024-06-14
ASG-003592,EXP-0001,LD-024182,,CO-0052195,paid,2024Q2,CMP-00119,treatment,2024-06-14
ASG-003593,EXP-0001,LD-024183,,CO-0081633,paid,2024Q2,CMP-00119,treatment,2024-06-14
ASG-003594,EXP-0001,LD-024184,,CO-0031355,paid,2024Q2,CMP-00119,treatment,2024-06-14
ASG-003595,EXP-0001,LD-024185,,CO-0064025,paid,2024Q2,CMP-00119,treatment,2024-06-14
ASG-003596,EXP-0001,LD-024186,,CO-0112209,paid,2024Q2,CMP-00119,treatment,2024-06-14
ASG-003597,EXP-0001,LD-024187,,CO-0009029,paid,2024Q2,CMP-00120,treatment,2024-06-14
ASG-003598,EXP-0001,LD-024188,,CO-0119022,paid,2024Q2,CMP-00120,treatment,2024-06-14
ASG-003599,EXP-0001,LD-024189,,CO-0027978,paid,2024Q2,CMP-00121,treatment,2024-06-14
ASG-003600,EXP-0001,LD-024190,,CO-0085559,paid,2024Q2,CMP-00121,treatment,2024-06-14
ASG-003601,EXP-0001,LD-024191,,CO-0112474,paid,2024Q2,CMP-00121,treatment,2024-06-14
ASG-003602,EXP-0001,LD-024192,,CO-0054100,paid,2024Q2,CMP-00121,treatment,2024-06-14
ASG-003603,EXP-0001,LD-024193,,CO-0120503,paid,2024Q2,CMP-00122,control,2024-06-14
ASG-003604,EXP-0001,LD-024194,,CO-0090705,paid,2024Q2,CMP-00122,control,2024-06-14
ASG-003605,EXP-0001,LD-024195,,CO-0119132,paid,2024Q2,CMP-00122,control,2024-06-14
ASG-003606,EXP-0001,LD-024196,,CO-0035947,paid,2024Q2,CMP-00122,control,2024-06-14
ASG-003607,EXP-0001,LD-024212,,CO-0033224,paid,2024Q2,CMP-00118,treatment,2024-06-15
ASG-003608,EXP-0001,LD-024213,,CO-0079713,paid,2024Q2,CMP-00118,treatment,2024-06-15
ASG-003609,EXP-0001,LD-024214,,CO-0013670,paid,2024Q2,CMP-00118,treatment,2024-06-15
ASG-003610,EXP-0001,LD-024215,,CO-0054141,paid,2024Q2,CMP-00118,treatment,2024-06-15
ASG-003611,EXP-0001,LD-024216,,CO-0067879,paid,2024Q2,CMP-00118,treatment,2024-06-15
ASG-003612,EXP-0001,LD-024217,,CO-0035591,paid,2024Q2,CMP-00118,treatment,2024-06-15
ASG-003613,EXP-0001,LD-024218,,CO-0013830,paid,2024Q2,CMP-00119,treatment,2024-06-15
ASG-003614,EXP-0001,LD-024219,,CO-0072682,paid,2024Q2,CMP-00119,treatment,2024-06-15
ASG-003615,EXP-0001,LD-024220,,CO-0002710,paid,2024Q2,CMP-00119,treatment,2024-06-15
ASG-003616,EXP-0001,LD-024221,,CO-0101334,paid,2024Q2,CMP-00119,treatment,2024-06-15
ASG-003617,EXP-0001,LD-024222,,CO-0083613,paid,2024Q2,CMP-00119,treatment,2024-06-15
ASG-003618,EXP-0001,LD-024223,,CO-0119360,paid,2024Q2,CMP-00119,treatment,2024-06-15
ASG-003619,EXP-0001,LD-024224,,CO-0069001,paid,2024Q2,CMP-00119,treatment,2024-06-15
ASG-003620,EXP-0001,LD-024225,,CO-0041841,paid,2024Q2,CMP-00119,treatment,2024-06-15
ASG-003621,EXP-0001,LD-024226,,CO-0095876,paid,2024Q2,CMP-00119,treatment,2024-06-15
ASG-003622,EXP-0001,LD-024227,,CO-0053477,paid,2024Q2,CMP-00119,treatment,2024-06-15
ASG-003623,EXP-0001,LD-024228,,CO-0034720,paid,2024Q2,CMP-00120,treatment,2024-06-15
ASG-003624,EXP-0001,LD-024229,,CO-0068698,paid,2024Q2,CMP-00120,treatment,2024-06-15
ASG-003625,EXP-0001,LD-024230,,CO-0051625,paid,2024Q2,CMP-00120,treatment,2024-06-15
ASG-003626,EXP-0001,LD-024231,,CO-0019702,paid,2024Q2,CMP-00120,treatment,2024-06-15
ASG-003627,EXP-0001,LD-024232,,CO-0058022,paid,2024Q2,CMP-00120,treatment,2024-06-15
ASG-003628,EXP-0001,LD-024233,,CO-0005968,paid,2024Q2,CMP-00120,treatment,2024-06-15
ASG-003629,EXP-0001,LD-024234,,CO-0087081,paid,2024Q2,CMP-00121,treatment,2024-06-15
ASG-003630,EXP-0001,LD-024235,,CO-0078991,paid,2024Q2,CMP-00121,treatment,2024-06-15
ASG-003631,EXP-0001,LD-024236,,CO-0063876,paid,2024Q2,CMP-00121,treatment,2024-06-15
ASG-003632,EXP-0001,LD-024237,,CO-0074597,paid,2024Q2,CMP-00121,treatment,2024-06-15
ASG-003633,EXP-0001,LD-024238,,CO-0120664,paid,2024Q2,CMP-00121,treatment,2024-06-15
ASG-003634,EXP-0001,LD-024239,,CO-0040381,paid,2024Q2,CMP-00121,treatment,2024-06-15
ASG-003635,EXP-0001,LD-024240,,CO-0042551,paid,2024Q2,CMP-00122,control,2024-06-15
ASG-003636,EXP-0001,LD-024241,,CO-0067980,paid,2024Q2,CMP-00122,control,2024-06-15
ASG-003637,EXP-0001,LD-024242,,CO-0068276,paid,2024Q2,CMP-00122,control,2024-06-15
ASG-003638,EXP-0001,LD-024243,,CO-0107473,paid,2024Q2,CMP-00122,control,2024-06-15
ASG-003639,EXP-0001,LD-024247,ACC-000995,CO-0008322,paid,2024Q2,CMP-00118,treatment,2024-06-16
ASG-003640,EXP-0001,LD-024249,ACC-002466,CO-0051018,paid,2024Q2,CMP-00121,treatment,2024-06-16
ASG-003641,EXP-0001,LD-024250,ACC-002615,CO-0009924,paid,2024Q2,CMP-00120,treatment,2024-06-16
ASG-003642,EXP-0001,LD-024264,,CO-0108060,paid,2024Q2,CMP-00118,treatment,2024-06-16
ASG-003643,EXP-0001,LD-024265,,CO-0062255,paid,2024Q2,CMP-00118,treatment,2024-06-16
ASG-003644,EXP-0001,LD-024266,,CO-0000737,paid,2024Q2,CMP-00118,treatment,2024-06-16
ASG-003645,EXP-0001,LD-024267,,CO-0029341,paid,2024Q2,CMP-00118,treatment,2024-06-16
ASG-003646,EXP-0001,LD-024268,,CO-0046355,paid,2024Q2,CMP-00118,treatment,2024-06-16
ASG-003647,EXP-0001,LD-024269,,CO-0089686,paid,2024Q2,CMP-00119,treatment,2024-06-16
ASG-003648,EXP-0001,LD-024270,,CO-0036030,paid,2024Q2,CMP-00119,treatment,2024-06-16
ASG-003649,EXP-0001,LD-024271,,CO-0003803,paid,2024Q2,CMP-00119,treatment,2024-06-16
ASG-003650,EXP-0001,LD-024272,,CO-0075044,paid,2024Q2,CMP-00119,treatment,2024-06-16
ASG-003651,EXP-0001,LD-024273,,CO-0025199,paid,2024Q2,CMP-00119,treatment,2024-06-16
ASG-003652,EXP-0001,LD-024274,,CO-0068230,paid,2024Q2,CMP-00119,treatment,2024-06-16
ASG-003653,EXP-0001,LD-024275,,CO-0111242,paid,2024Q2,CMP-00119,treatment,2024-06-16
ASG-003654,EXP-0001,LD-024276,,CO-0119234,paid,2024Q2,CMP-00120,treatment,2024-06-16
ASG-003655,EXP-0001,LD-024277,,CO-0102759,paid,2024Q2,CMP-00120,treatment,2024-06-16
ASG-003656,EXP-0001,LD-024278,,CO-0055077,paid,2024Q2,CMP-00120,treatment,2024-06-16
ASG-003657,EXP-0001,LD-024279,,CO-0096348,paid,2024Q2,CMP-00122,control,2024-06-16
ASG-003658,EXP-0001,LD-024280,,CO-0045378,paid,2024Q2,CMP-00122,control,2024-06-16
ASG-003659,EXP-0001,LD-024281,,CO-0016390,paid,2024Q2,CMP-00122,control,2024-06-16
ASG-003660,EXP-0001,LD-024282,,CO-0081495,paid,2024Q2,CMP-00122,control,2024-06-16
ASG-003661,EXP-0001,LD-024305,,CO-0109388,paid,2024Q2,CMP-00118,treatment,2024-06-17
ASG-003662,EXP-0001,LD-024306,,CO-0014370,paid,2024Q2,CMP-00118,treatment,2024-06-17
ASG-003663,EXP-0001,LD-024307,,CO-0108712,paid,2024Q2,CMP-00119,treatment,2024-06-17
ASG-003664,EXP-0001,LD-024308,,CO-0070790,paid,2024Q2,CMP-00119,treatment,2024-06-17
ASG-003665,EXP-0001,LD-024309,,CO-0016629,paid,2024Q2,CMP-00119,treatment,2024-06-17
ASG-003666,EXP-0001,LD-024310,,CO-0121921,paid,2024Q2,CMP-00119,treatment,2024-06-17
ASG-003667,EXP-0001,LD-024311,,CO-0010915,paid,2024Q2,CMP-00119,treatment,2024-06-17
ASG-003668,EXP-0001,LD-024312,,CO-0028419,paid,2024Q2,CMP-00119,treatment,2024-06-17
ASG-003669,EXP-0001,LD-024313,,CO-0044248,paid,2024Q2,CMP-00119,treatment,2024-06-17
ASG-003670,EXP-0001,LD-024314,,CO-0117972,paid,2024Q2,CMP-00120,treatment,2024-06-17
ASG-003671,EXP-0001,LD-024315,,CO-0057005,paid,2024Q2,CMP-00120,treatment,2024-06-17
ASG-003672,EXP-0001,LD-024316,,CO-0048192,paid,2024Q2,CMP-00120,treatment,2024-06-17
ASG-003673,EXP-0001,LD-024317,,CO-0036997,paid,2024Q2,CMP-00120,treatment,2024-06-17
ASG-003674,EXP-0001,LD-024318,,CO-0002399,paid,2024Q2,CMP-00121,treatment,2024-06-17
ASG-003675,EXP-0001,LD-024319,,CO-0039868,paid,2024Q2,CMP-00121,treatment,2024-06-17
ASG-003676,EXP-0001,LD-024320,,CO-0120537,paid,2024Q2,CMP-00121,treatment,2024-06-17
ASG-003677,EXP-0001,LD-024321,,CO-0121528,paid,2024Q2,CMP-00121,treatment,2024-06-17
ASG-003678,EXP-0001,LD-024322,,CO-0003964,paid,2024Q2,CMP-00121,treatment,2024-06-17
ASG-003679,EXP-0001,LD-024323,,CO-0114974,paid,2024Q2,CMP-00121,treatment,2024-06-17
ASG-003680,EXP-0001,LD-024324,,CO-0089281,paid,2024Q2,CMP-00122,control,2024-06-17
ASG-003681,EXP-0001,LD-024325,,CO-0012632,paid,2024Q2,CMP-00122,control,2024-06-17
ASG-003682,EXP-0001,LD-024326,,CO-0038622,paid,2024Q2,CMP-00122,control,2024-06-17
ASG-003683,EXP-0001,LD-024327,,CO-0067817,paid,2024Q2,CMP-00122,control,2024-06-17
ASG-003684,EXP-0001,LD-024328,,CO-0117726,paid,2024Q2,CMP-00122,control,2024-06-17
ASG-003685,EXP-0001,LD-024329,,CO-0091924,paid,2024Q2,CMP-00122,control,2024-06-17
ASG-003686,EXP-0001,LD-024330,,CO-0001814,paid,2024Q2,CMP-00122,control,2024-06-17
ASG-003687,EXP-0001,LD-024331,,CO-0086405,paid,2024Q2,CMP-00122,control,2024-06-17
ASG-003688,EXP-0001,LD-024336,ACC-000007,CO-0051946,paid,2024Q2,CMP-00121,treatment,2024-06-18
ASG-003689,EXP-0001,LD-024337,ACC-005733,CO-0003198,paid,2024Q2,CMP-00120,treatment,2024-06-18
ASG-003690,EXP-0001,LD-024350,,CO-0099022,paid,2024Q2,CMP-00118,treatment,2024-06-18
ASG-003691,EXP-0001,LD-024351,,CO-0071797,paid,2024Q2,CMP-00118,treatment,2024-06-18
ASG-003692,EXP-0001,LD-024352,,CO-0103007,paid,2024Q2,CMP-00118,treatment,2024-06-18
ASG-003693,EXP-0001,LD-024353,,CO-0064874,paid,2024Q2,CMP-00118,treatment,2024-06-18
ASG-003694,EXP-0001,LD-024354,,CO-0027244,paid,2024Q2,CMP-00118,treatment,2024-06-18
ASG-003695,EXP-0001,LD-024355,,CO-0023186,paid,2024Q2,CMP-00118,treatment,2024-06-18
ASG-003696,EXP-0001,LD-024356,,CO-0045582,paid,2024Q2,CMP-00118,treatment,2024-06-18
ASG-003697,EXP-0001,LD-024357,,CO-0099206,paid,2024Q2,CMP-00119,treatment,2024-06-18
ASG-003698,EXP-0001,LD-024358,,CO-0026858,paid,2024Q2,CMP-00119,treatment,2024-06-18
ASG-003699,EXP-0001,LD-024359,,CO-0008904,paid,2024Q2,CMP-00119,treatment,2024-06-18
ASG-003700,EXP-0001,LD-024360,,CO-0080831,paid,2024Q2,CMP-00119,treatment,2024-06-18
ASG-003701,EXP-0001,LD-024361,,CO-0085054,paid,2024Q2,CMP-00119,treatment,2024-06-18
ASG-003702,EXP-0001,LD-024362,,CO-0022789,paid,2024Q2,CMP-00119,treatment,2024-06-18
ASG-003703,EXP-0001,LD-024363,,CO-0112176,paid,2024Q2,CMP-00119,treatment,2024-06-18
ASG-003704,EXP-0001,LD-024364,,CO-0116286,paid,2024Q2,CMP-00119,treatment,2024-06-18
ASG-003705,EXP-0001,LD-024365,,CO-0031667,paid,2024Q2,CMP-00120,treatment,2024-06-18
ASG-003706,EXP-0001,LD-024366,,CO-0116173,paid,2024Q2,CMP-00120,treatment,2024-06-18
ASG-003707,EXP-0001,LD-024367,,CO-0016871,paid,2024Q2,CMP-00120,treatment,2024-06-18
ASG-003708,EXP-0001,LD-024368,,CO-0091023,paid,2024Q2,CMP-00120,treatment,2024-06-18
ASG-003709,EXP-0001,LD-024369,,CO-0115944,paid,2024Q2,CMP-00120,treatment,2024-06-18
ASG-003710,EXP-0001,LD-024370,,CO-0029435,paid,2024Q2,CMP-00120,treatment,2024-06-18
ASG-003711,EXP-0001,LD-024371,,CO-0117793,paid,2024Q2,CMP-00121,treatment,2024-06-18
ASG-003712,EXP-0001,LD-024372,,CO-0043860,paid,2024Q2,CMP-00121,treatment,2024-06-18
ASG-003713,EXP-0001,LD-024373,,CO-0120008,paid,2024Q2,CMP-00121,treatment,2024-06-18
ASG-003714,EXP-0001,LD-024374,,CO-0013350,paid,2024Q2,CMP-00121,treatment,2024-06-18
ASG-003715,EXP-0001,LD-024375,,CO-0071774,paid,2024Q2,CMP-00121,treatment,2024-06-18
ASG-003716,EXP-0001,LD-024376,,CO-0012522,paid,2024Q2,CMP-00121,treatment,2024-06-18
ASG-003717,EXP-0001,LD-024377,,CO-0074574,paid,2024Q2,CMP-00121,treatment,2024-06-18
ASG-003718,EXP-0001,LD-024378,,CO-0119338,paid,2024Q2,CMP-00121,treatment,2024-06-18
ASG-003719,EXP-0001,LD-024379,,CO-0054295,paid,2024Q2,CMP-00121,treatment,2024-06-18
ASG-003720,EXP-0001,LD-024380,,CO-0075758,paid,2024Q2,CMP-00122,control,2024-06-18
ASG-003721,EXP-0001,LD-024381,,CO-0070289,paid,2024Q2,CMP-00122,control,2024-06-18
ASG-003722,EXP-0001,LD-024398,,CO-0023502,paid,2024Q2,CMP-00118,treatment,2024-06-19
ASG-003723,EXP-0001,LD-024399,,CO-0101932,paid,2024Q2,CMP-00118,treatment,2024-06-19
ASG-003724,EXP-0001,LD-024400,,CO-0113840,paid,2024Q2,CMP-00118,treatment,2024-06-19
ASG-003725,EXP-0001,LD-024401,,CO-0040981,paid,2024Q2,CMP-00118,treatment,2024-06-19
ASG-003726,EXP-0001,LD-024402,,CO-0000780,paid,2024Q2,CMP-00119,treatment,2024-06-19
ASG-003727,EXP-0001,LD-024403,,CO-0111466,paid,2024Q2,CMP-00119,treatment,2024-06-19
ASG-003728,EXP-0001,LD-024404,,CO-0077926,paid,2024Q2,CMP-00120,treatment,2024-06-19
ASG-003729,EXP-0001,LD-024405,,CO-0062648,paid,2024Q2,CMP-00120,treatment,2024-06-19
ASG-003730,EXP-0001,LD-024406,,CO-0067261,paid,2024Q2,CMP-00120,treatment,2024-06-19
ASG-003731,EXP-0001,LD-024407,,CO-0007183,paid,2024Q2,CMP-00120,treatment,2024-06-19
ASG-003732,EXP-0001,LD-024408,,CO-0076511,paid,2024Q2,CMP-00120,treatment,2024-06-19
ASG-003733,EXP-0001,LD-024409,,CO-0029232,paid,2024Q2,CMP-00121,treatment,2024-06-19
ASG-003734,EXP-0001,LD-024410,,CO-0100421,paid,2024Q2,CMP-00121,treatment,2024-06-19
ASG-003735,EXP-0001,LD-024411,,CO-0055279,paid,2024Q2,CMP-00121,treatment,2024-06-19
ASG-003736,EXP-0001,LD-024412,,CO-0002303,paid,2024Q2,CMP-00121,treatment,2024-06-19
ASG-003737,EXP-0001,LD-024413,,CO-0107299,paid,2024Q2,CMP-00121,treatment,2024-06-19
ASG-003738,EXP-0001,LD-024414,,CO-0031988,paid,2024Q2,CMP-00122,control,2024-06-19
ASG-003739,EXP-0001,LD-024415,,CO-0080577,paid,2024Q2,CMP-00122,control,2024-06-19
ASG-003740,EXP-0001,LD-024416,,CO-0058923,paid,2024Q2,CMP-00122,control,2024-06-19
ASG-003741,EXP-0001,LD-024417,,CO-0085423,paid,2024Q2,CMP-00122,control,2024-06-19
ASG-003742,EXP-0001,LD-024418,,CO-0040299,paid,2024Q2,CMP-00122,control,2024-06-19
ASG-003743,EXP-0001,LD-024432,,CO-0020002,paid,2024Q2,CMP-00118,treatment,2024-06-20
ASG-003744,EXP-0001,LD-024433,,CO-0033601,paid,2024Q2,CMP-00118,treatment,2024-06-20
ASG-003745,EXP-0001,LD-024434,,CO-0060167,paid,2024Q2,CMP-00118,treatment,2024-06-20
ASG-003746,EXP-0001,LD-024435,,CO-0075698,paid,2024Q2,CMP-00118,treatment,2024-06-20
ASG-003747,EXP-0001,LD-024436,,CO-0068405,paid,2024Q2,CMP-00119,treatment,2024-06-20
ASG-003748,EXP-0001,LD-024437,,CO-0065237,paid,2024Q2,CMP-00119,treatment,2024-06-20
ASG-003749,EXP-0001,LD-024438,,CO-0111283,paid,2024Q2,CMP-00119,treatment,2024-06-20
ASG-003750,EXP-0001,LD-024439,,CO-0070465,paid,2024Q2,CMP-00119,treatment,2024-06-20
ASG-003751,EXP-0001,LD-024440,,CO-0052070,paid,2024Q2,CMP-00119,treatment,2024-06-20
ASG-003752,EXP-0001,LD-024441,,CO-0008333,paid,2024Q2,CMP-00119,treatment,2024-06-20
ASG-003753,EXP-0001,LD-024442,,CO-0029693,paid,2024Q2,CMP-00120,treatment,2024-06-20
ASG-003754,EXP-0001,LD-024443,,CO-0009094,paid,2024Q2,CMP-00120,treatment,2024-06-20
ASG-003755,EXP-0001,LD-024444,,CO-0077172,paid,2024Q2,CMP-00120,treatment,2024-06-20
ASG-003756,EXP-0001,LD-024445,,CO-0061651,paid,2024Q2,CMP-00120,treatment,2024-06-20
ASG-003757,EXP-0001,LD-024446,,CO-0094744,paid,2024Q2,CMP-00120,treatment,2024-06-20
ASG-003758,EXP-0001,LD-024447,,CO-0095734,paid,2024Q2,CMP-00121,treatment,2024-06-20
ASG-003759,EXP-0001,LD-024448,,CO-0019218,paid,2024Q2,CMP-00121,treatment,2024-06-20
ASG-003760,EXP-0001,LD-024449,,CO-0071346,paid,2024Q2,CMP-00121,treatment,2024-06-20
ASG-003761,EXP-0001,LD-024450,,CO-0075988,paid,2024Q2,CMP-00121,treatment,2024-06-20
ASG-003762,EXP-0001,LD-024451,,CO-0058548,paid,2024Q2,CMP-00122,control,2024-06-20
ASG-003763,EXP-0001,LD-024452,,CO-0081521,paid,2024Q2,CMP-00122,control,2024-06-20
ASG-003764,EXP-0001,LD-024453,,CO-0013832,paid,2024Q2,CMP-00122,control,2024-06-20
ASG-003765,EXP-0001,LD-024459,ACC-000026,CO-0106636,paid,2024Q2,CMP-00119,treatment,2024-06-21
ASG-003766,EXP-0001,LD-024460,ACC-004563,CO-0093369,paid,2024Q2,CMP-00122,control,2024-06-21
ASG-003767,EXP-0001,LD-024475,,CO-0030200,paid,2024Q2,CMP-00118,treatment,2024-06-21
ASG-003768,EXP-0001,LD-024476,,CO-0105256,paid,2024Q2,CMP-00118,treatment,2024-06-21
ASG-003769,EXP-0001,LD-024477,,CO-0064368,paid,2024Q2,CMP-00118,treatment,2024-06-21
ASG-003770,EXP-0001,LD-024478,,CO-0024813,paid,2024Q2,CMP-00118,treatment,2024-06-21
ASG-003771,EXP-0001,LD-024479,,CO-0093835,paid,2024Q2,CMP-00118,treatment,2024-06-21
ASG-003772,EXP-0001,LD-024480,,CO-0122465,paid,2024Q2,CMP-00118,treatment,2024-06-21
ASG-003773,EXP-0001,LD-024481,,CO-0013657,paid,2024Q2,CMP-00119,treatment,2024-06-21
ASG-003774,EXP-0001,LD-024482,,CO-0082466,paid,2024Q2,CMP-00119,treatment,2024-06-21
ASG-003775,EXP-0001,LD-024483,,CO-0072951,paid,2024Q2,CMP-00119,treatment,2024-06-21
ASG-003776,EXP-0001,LD-024484,,CO-0111301,paid,2024Q2,CMP-00119,treatment,2024-06-21
ASG-003777,EXP-0001,LD-024485,,CO-0032691,paid,2024Q2,CMP-00119,treatment,2024-06-21
ASG-003778,EXP-0001,LD-024486,,CO-0079326,paid,2024Q2,CMP-00119,treatment,2024-06-21
ASG-003779,EXP-0001,LD-024487,,CO-0025461,paid,2024Q2,CMP-00120,treatment,2024-06-21
ASG-003780,EXP-0001,LD-024488,,CO-0069419,paid,2024Q2,CMP-00120,treatment,2024-06-21
ASG-003781,EXP-0001,LD-024489,,CO-0045628,paid,2024Q2,CMP-00121,treatment,2024-06-21
ASG-003782,EXP-0001,LD-024490,,CO-0092506,paid,2024Q2,CMP-00121,treatment,2024-06-21
ASG-003783,EXP-0001,LD-024491,,CO-0093504,paid,2024Q2,CMP-00122,control,2024-06-21
ASG-003784,EXP-0001,LD-024508,,CO-0073915,paid,2024Q2,CMP-00118,treatment,2024-06-22
ASG-003785,EXP-0001,LD-024509,,CO-0023987,paid,2024Q2,CMP-00118,treatment,2024-06-22
ASG-003786,EXP-0001,LD-024510,,CO-0073799,paid,2024Q2,CMP-00118,treatment,2024-06-22
ASG-003787,EXP-0001,LD-024511,,CO-0006255,paid,2024Q2,CMP-00118,treatment,2024-06-22
ASG-003788,EXP-0001,LD-024512,,CO-0106639,paid,2024Q2,CMP-00118,treatment,2024-06-22
ASG-003789,EXP-0001,LD-024513,,CO-0015774,paid,2024Q2,CMP-00118,treatment,2024-06-22
ASG-003790,EXP-0001,LD-024514,,CO-0066771,paid,2024Q2,CMP-00118,treatment,2024-06-22
ASG-003791,EXP-0001,LD-024515,,CO-0103829,paid,2024Q2,CMP-00119,treatment,2024-06-22
ASG-003792,EXP-0001,LD-024516,,CO-0059032,paid,2024Q2,CMP-00119,treatment,2024-06-22
ASG-003793,EXP-0001,LD-024517,,CO-0049922,paid,2024Q2,CMP-00119,treatment,2024-06-22
ASG-003794,EXP-0001,LD-024518,,CO-0008135,paid,2024Q2,CMP-00119,treatment,2024-06-22
ASG-003795,EXP-0001,LD-024519,,CO-0009421,paid,2024Q2,CMP-00119,treatment,2024-06-22
ASG-003796,EXP-0001,LD-024520,,CO-0112969,paid,2024Q2,CMP-00119,treatment,2024-06-22
ASG-003797,EXP-0001,LD-024521,,CO-0002389,paid,2024Q2,CMP-00119,treatment,2024-06-22
ASG-003798,EXP-0001,LD-024522,,CO-0104460,paid,2024Q2,CMP-00119,treatment,2024-06-22
ASG-003799,EXP-0001,LD-024523,,CO-0008232,paid,2024Q2,CMP-00119,treatment,2024-06-22
ASG-003800,EXP-0001,LD-024524,,CO-0078034,paid,2024Q2,CMP-00120,treatment,2024-06-22
ASG-003801,EXP-0001,LD-024525,,CO-0080409,paid,2024Q2,CMP-00120,treatment,2024-06-22
ASG-003802,EXP-0001,LD-024526,,CO-0047630,paid,2024Q2,CMP-00120,treatment,2024-06-22
ASG-003803,EXP-0001,LD-024527,,CO-0104062,paid,2024Q2,CMP-00120,treatment,2024-06-22
ASG-003804,EXP-0001,LD-024528,,CO-0061092,paid,2024Q2,CMP-00120,treatment,2024-06-22
ASG-003805,EXP-0001,LD-024529,,CO-0027234,paid,2024Q2,CMP-00120,treatment,2024-06-22
ASG-003806,EXP-0001,LD-024530,,CO-0081612,paid,2024Q2,CMP-00121,treatment,2024-06-22
ASG-003807,EXP-0001,LD-024531,,CO-0050712,paid,2024Q2,CMP-00121,treatment,2024-06-22
ASG-003808,EXP-0001,LD-024532,,CO-0053190,paid,2024Q2,CMP-00121,treatment,2024-06-22
ASG-003809,EXP-0001,LD-024533,,CO-0031029,paid,2024Q2,CMP-00121,treatment,2024-06-22
ASG-003810,EXP-0001,LD-024534,,CO-0061291,paid,2024Q2,CMP-00122,control,2024-06-22
ASG-003811,EXP-0001,LD-024535,,CO-0079668,paid,2024Q2,CMP-00122,control,2024-06-22
ASG-003812,EXP-0001,LD-024536,,CO-0105381,paid,2024Q2,CMP-00122,control,2024-06-22
ASG-003813,EXP-0001,LD-024537,,CO-0115194,paid,2024Q2,CMP-00122,control,2024-06-22
ASG-003814,EXP-0001,LD-024538,,CO-0082288,paid,2024Q2,CMP-00122,control,2024-06-22
ASG-003815,EXP-0001,LD-024539,,CO-0033522,paid,2024Q2,CMP-00122,control,2024-06-22
ASG-003816,EXP-0001,LD-024540,,CO-0077206,paid,2024Q2,CMP-00122,control,2024-06-22
ASG-003817,EXP-0001,LD-024541,,CO-0001760,paid,2024Q2,CMP-00122,control,2024-06-22
ASG-003818,EXP-0001,LD-024542,,CO-0098274,paid,2024Q2,CMP-00122,control,2024-06-22
ASG-003819,EXP-0001,LD-024557,,CO-0053087,paid,2024Q2,CMP-00118,treatment,2024-06-23
ASG-003820,EXP-0001,LD-024558,,CO-0085211,paid,2024Q2,CMP-00118,treatment,2024-06-23
ASG-003821,EXP-0001,LD-024559,,CO-0060815,paid,2024Q2,CMP-00118,treatment,2024-06-23
ASG-003822,EXP-0001,LD-024560,,CO-0099944,paid,2024Q2,CMP-00118,treatment,2024-06-23
ASG-003823,EXP-0001,LD-024561,,CO-0012143,paid,2024Q2,CMP-00118,treatment,2024-06-23
ASG-003824,EXP-0001,LD-024562,,CO-0082508,paid,2024Q2,CMP-00118,treatment,2024-06-23
ASG-003825,EXP-0001,LD-024563,,CO-0115432,paid,2024Q2,CMP-00119,treatment,2024-06-23
ASG-003826,EXP-0001,LD-024564,,CO-0054696,paid,2024Q2,CMP-00119,treatment,2024-06-23
ASG-003827,EXP-0001,LD-024565,,CO-0000682,paid,2024Q2,CMP-00119,treatment,2024-06-23
ASG-003828,EXP-0001,LD-024566,,CO-0112640,paid,2024Q2,CMP-00119,treatment,2024-06-23
ASG-003829,EXP-0001,LD-024567,,CO-0086201,paid,2024Q2,CMP-00119,treatment,2024-06-23
ASG-003830,EXP-0001,LD-024568,,CO-0041751,paid,2024Q2,CMP-00119,treatment,2024-06-23
ASG-003831,EXP-0001,LD-024569,,CO-0109823,paid,2024Q2,CMP-00119,treatment,2024-06-23
ASG-003832,EXP-0001,LD-024570,,CO-0032970,paid,2024Q2,CMP-00119,treatment,2024-06-23
ASG-003833,EXP-0001,LD-024571,,CO-0000883,paid,2024Q2,CMP-00119,treatment,2024-06-23
ASG-003834,EXP-0001,LD-024572,,CO-0065195,paid,2024Q2,CMP-00120,treatment,2024-06-23
ASG-003835,EXP-0001,LD-024573,,CO-0042902,paid,2024Q2,CMP-00120,treatment,2024-06-23
ASG-003836,EXP-0001,LD-024574,,CO-0043853,paid,2024Q2,CMP-00120,treatment,2024-06-23
ASG-003837,EXP-0001,LD-024575,,CO-0088886,paid,2024Q2,CMP-00121,treatment,2024-06-23
ASG-003838,EXP-0001,LD-024576,,CO-0098488,paid,2024Q2,CMP-00121,treatment,2024-06-23
ASG-003839,EXP-0001,LD-024577,,CO-0013447,paid,2024Q2,CMP-00122,control,2024-06-23
ASG-003840,EXP-0001,LD-024578,,CO-0044678,paid,2024Q2,CMP-00122,control,2024-06-23
ASG-003841,EXP-0001,LD-024579,,CO-0050514,paid,2024Q2,CMP-00122,control,2024-06-23
ASG-003842,EXP-0001,LD-024592,,CO-0027863,paid,2024Q2,CMP-00118,treatment,2024-06-24
ASG-003843,EXP-0001,LD-024593,,CO-0042210,paid,2024Q2,CMP-00118,treatment,2024-06-24
ASG-003844,EXP-0001,LD-024594,,CO-0121989,paid,2024Q2,CMP-00118,treatment,2024-06-24
ASG-003845,EXP-0001,LD-024595,,CO-0008554,paid,2024Q2,CMP-00118,treatment,2024-06-24
ASG-003846,EXP-0001,LD-024596,,CO-0026084,paid,2024Q2,CMP-00118,treatment,2024-06-24
ASG-003847,EXP-0001,LD-024597,,CO-0038337,paid,2024Q2,CMP-00118,treatment,2024-06-24
ASG-003848,EXP-0001,LD-024598,,CO-0035699,paid,2024Q2,CMP-00119,treatment,2024-06-24
ASG-003849,EXP-0001,LD-024599,,CO-0073025,paid,2024Q2,CMP-00119,treatment,2024-06-24
ASG-003850,EXP-0001,LD-024600,,CO-0027163,paid,2024Q2,CMP-00119,treatment,2024-06-24
ASG-003851,EXP-0001,LD-024601,,CO-0002272,paid,2024Q2,CMP-00119,treatment,2024-06-24
ASG-003852,EXP-0001,LD-024602,,CO-0102788,paid,2024Q2,CMP-00119,treatment,2024-06-24
ASG-003853,EXP-0001,LD-024603,,CO-0027460,paid,2024Q2,CMP-00119,treatment,2024-06-24
ASG-003854,EXP-0001,LD-024604,,CO-0058076,paid,2024Q2,CMP-00119,treatment,2024-06-24
ASG-003855,EXP-0001,LD-024605,,CO-0062027,paid,2024Q2,CMP-00120,treatment,2024-06-24
ASG-003856,EXP-0001,LD-024606,,CO-0065539,paid,2024Q2,CMP-00120,treatment,2024-06-24
ASG-003857,EXP-0001,LD-024607,,CO-0002565,paid,2024Q2,CMP-00120,treatment,2024-06-24
ASG-003858,EXP-0001,LD-024608,,CO-0050200,paid,2024Q2,CMP-00120,treatment,2024-06-24
ASG-003859,EXP-0001,LD-024609,,CO-0070321,paid,2024Q2,CMP-00120,treatment,2024-06-24
ASG-003860,EXP-0001,LD-024610,,CO-0013942,paid,2024Q2,CMP-00120,treatment,2024-06-24
ASG-003861,EXP-0001,LD-024611,,CO-0058384,paid,2024Q2,CMP-00121,treatment,2024-06-24
ASG-003862,EXP-0001,LD-024612,,CO-0034161,paid,2024Q2,CMP-00121,treatment,2024-06-24
ASG-003863,EXP-0001,LD-024613,,CO-0064141,paid,2024Q2,CMP-00121,treatment,2024-06-24
ASG-003864,EXP-0001,LD-024614,,CO-0080827,paid,2024Q2,CMP-00121,treatment,2024-06-24
ASG-003865,EXP-0001,LD-024615,,CO-0089096,paid,2024Q2,CMP-00121,treatment,2024-06-24
ASG-003866,EXP-0001,LD-024616,,CO-0029537,paid,2024Q2,CMP-00121,treatment,2024-06-24
ASG-003867,EXP-0001,LD-024617,,CO-0042189,paid,2024Q2,CMP-00121,treatment,2024-06-24
ASG-003868,EXP-0001,LD-024618,,CO-0007752,paid,2024Q2,CMP-00122,control,2024-06-24
ASG-003869,EXP-0001,LD-024619,,CO-0069214,paid,2024Q2,CMP-00122,control,2024-06-24
ASG-003870,EXP-0001,LD-024620,,CO-0064316,paid,2024Q2,CMP-00122,control,2024-06-24
ASG-003871,EXP-0001,LD-024621,,CO-0078728,paid,2024Q2,CMP-00122,control,2024-06-24
ASG-003872,EXP-0001,LD-024624,ACC-003271,CO-0060603,paid,2024Q2,CMP-00119,treatment,2024-06-25
ASG-003873,EXP-0001,LD-024625,ACC-004265,CO-0011968,paid,2024Q2,CMP-00118,treatment,2024-06-25
ASG-003874,EXP-0001,LD-024626,ACC-006589,CO-0122361,paid,2024Q2,CMP-00121,treatment,2024-06-25
ASG-003875,EXP-0001,LD-024640,,CO-0060238,paid,2024Q2,CMP-00118,treatment,2024-06-25
ASG-003876,EXP-0001,LD-024641,,CO-0074573,paid,2024Q2,CMP-00118,treatment,2024-06-25
ASG-003877,EXP-0001,LD-024642,,CO-0058749,paid,2024Q2,CMP-00118,treatment,2024-06-25
ASG-003878,EXP-0001,LD-024643,,CO-0090448,paid,2024Q2,CMP-00118,treatment,2024-06-25
ASG-003879,EXP-0001,LD-024644,,CO-0022507,paid,2024Q2,CMP-00119,treatment,2024-06-25
ASG-003880,EXP-0001,LD-024645,,CO-0116917,paid,2024Q2,CMP-00119,treatment,2024-06-25
ASG-003881,EXP-0001,LD-024646,,CO-0067981,paid,2024Q2,CMP-00119,treatment,2024-06-25
ASG-003882,EXP-0001,LD-024647,,CO-0029702,paid,2024Q2,CMP-00119,treatment,2024-06-25
ASG-003883,EXP-0001,LD-024648,,CO-0002593,paid,2024Q2,CMP-00119,treatment,2024-06-25
ASG-003884,EXP-0001,LD-024649,,CO-0021704,paid,2024Q2,CMP-00119,treatment,2024-06-25
ASG-003885,EXP-0001,LD-024650,,CO-0074335,paid,2024Q2,CMP-00119,treatment,2024-06-25
ASG-003886,EXP-0001,LD-024651,,CO-0113547,paid,2024Q2,CMP-00119,treatment,2024-06-25
ASG-003887,EXP-0001,LD-024652,,CO-0006903,paid,2024Q2,CMP-00119,treatment,2024-06-25
ASG-003888,EXP-0001,LD-024653,,CO-0033493,paid,2024Q2,CMP-00120,treatment,2024-06-25
ASG-003889,EXP-0001,LD-024654,,CO-0025619,paid,2024Q2,CMP-00120,treatment,2024-06-25
ASG-003890,EXP-0001,LD-024655,,CO-0106936,paid,2024Q2,CMP-00120,treatment,2024-06-25
ASG-003891,EXP-0001,LD-024656,,CO-0122982,paid,2024Q2,CMP-00121,treatment,2024-06-25
ASG-003892,EXP-0001,LD-024657,,CO-0027683,paid,2024Q2,CMP-00122,control,2024-06-25
ASG-003893,EXP-0001,LD-024658,,CO-0009503,paid,2024Q2,CMP-00122,control,2024-06-25
ASG-003894,EXP-0001,LD-024659,,CO-0113170,paid,2024Q2,CMP-00122,control,2024-06-25
ASG-003895,EXP-0001,LD-024660,,CO-0110782,paid,2024Q2,CMP-00122,control,2024-06-25
ASG-003896,EXP-0001,LD-024661,,CO-0082321,paid,2024Q2,CMP-00122,control,2024-06-25
ASG-003897,EXP-0001,LD-024662,,CO-0083640,paid,2024Q2,CMP-00122,control,2024-06-25
ASG-003898,EXP-0001,LD-024683,,CO-0098642,paid,2024Q2,CMP-00118,treatment,2024-06-26
ASG-003899,EXP-0001,LD-024684,,CO-0075302,paid,2024Q2,CMP-00118,treatment,2024-06-26
ASG-003900,EXP-0001,LD-024685,,CO-0083875,paid,2024Q2,CMP-00118,treatment,2024-06-26
ASG-003901,EXP-0001,LD-024686,,CO-0053299,paid,2024Q2,CMP-00118,treatment,2024-06-26
ASG-003902,EXP-0001,LD-024687,,CO-0121958,paid,2024Q2,CMP-00118,treatment,2024-06-26
ASG-003903,EXP-0001,LD-024688,,CO-0098883,paid,2024Q2,CMP-00118,treatment,2024-06-26
ASG-003904,EXP-0001,LD-024689,,CO-0005391,paid,2024Q2,CMP-00118,treatment,2024-06-26
ASG-003905,EXP-0001,LD-024690,,CO-0034107,paid,2024Q2,CMP-00118,treatment,2024-06-26
ASG-003906,EXP-0001,LD-024691,,CO-0002284,paid,2024Q2,CMP-00118,treatment,2024-06-26
ASG-003907,EXP-0001,LD-024692,,CO-0120316,paid,2024Q2,CMP-00119,treatment,2024-06-26
ASG-003908,EXP-0001,LD-024693,,CO-0018749,paid,2024Q2,CMP-00119,treatment,2024-06-26
ASG-003909,EXP-0001,LD-024694,,CO-0044191,paid,2024Q2,CMP-00119,treatment,2024-06-26
ASG-003910,EXP-0001,LD-024695,,CO-0031862,paid,2024Q2,CMP-00119,treatment,2024-06-26
ASG-003911,EXP-0001,LD-024696,,CO-0016384,paid,2024Q2,CMP-00119,treatment,2024-06-26
ASG-003912,EXP-0001,LD-024697,,CO-0058865,paid,2024Q2,CMP-00119,treatment,2024-06-26
ASG-003913,EXP-0001,LD-024698,,CO-0092441,paid,2024Q2,CMP-00119,treatment,2024-06-26
ASG-003914,EXP-0001,LD-024699,,CO-0118083,paid,2024Q2,CMP-00119,treatment,2024-06-26
ASG-003915,EXP-0001,LD-024700,,CO-0028692,paid,2024Q2,CMP-00119,treatment,2024-06-26
ASG-003916,EXP-0001,LD-024701,,CO-0096432,paid,2024Q2,CMP-00119,treatment,2024-06-26
ASG-003917,EXP-0001,LD-024702,,CO-0020928,paid,2024Q2,CMP-00120,treatment,2024-06-26
ASG-003918,EXP-0001,LD-024703,,CO-0099413,paid,2024Q2,CMP-00120,treatment,2024-06-26
ASG-003919,EXP-0001,LD-024704,,CO-0080296,paid,2024Q2,CMP-00120,treatment,2024-06-26
ASG-003920,EXP-0001,LD-024705,,CO-0104904,paid,2024Q2,CMP-00120,treatment,2024-06-26
ASG-003921,EXP-0001,LD-024706,,CO-0007434,paid,2024Q2,CMP-00120,treatment,2024-06-26
ASG-003922,EXP-0001,LD-024707,,CO-0020240,paid,2024Q2,CMP-00122,control,2024-06-26
ASG-003923,EXP-0001,LD-024708,,CO-0102757,paid,2024Q2,CMP-00122,control,2024-06-26
ASG-003924,EXP-0001,LD-024709,,CO-0034638,paid,2024Q2,CMP-00122,control,2024-06-26
ASG-003925,EXP-0001,LD-024713,ACC-005780,CO-0066206,paid,2024Q2,CMP-00118,treatment,2024-06-27
ASG-003926,EXP-0001,LD-024714,ACC-007552,CO-0084367,paid,2024Q2,CMP-00118,treatment,2024-06-27
ASG-003927,EXP-0001,LD-024728,,CO-0024791,paid,2024Q2,CMP-00118,treatment,2024-06-27
ASG-003928,EXP-0001,LD-024729,,CO-0075676,paid,2024Q2,CMP-00118,treatment,2024-06-27
ASG-003929,EXP-0001,LD-024730,,CO-0120293,paid,2024Q2,CMP-00118,treatment,2024-06-27
ASG-003930,EXP-0001,LD-024731,,CO-0110244,paid,2024Q2,CMP-00119,treatment,2024-06-27
ASG-003931,EXP-0001,LD-024732,,CO-0051954,paid,2024Q2,CMP-00119,treatment,2024-06-27
ASG-003932,EXP-0001,LD-024733,,CO-0105060,paid,2024Q2,CMP-00119,treatment,2024-06-27
ASG-003933,EXP-0001,LD-024734,,CO-0070735,paid,2024Q2,CMP-00119,treatment,2024-06-27
ASG-003934,EXP-0001,LD-024735,,CO-0021153,paid,2024Q2,CMP-00119,treatment,2024-06-27
ASG-003935,EXP-0001,LD-024736,,CO-0067466,paid,2024Q2,CMP-00119,treatment,2024-06-27
ASG-003936,EXP-0001,LD-024737,,CO-0098732,paid,2024Q2,CMP-00119,treatment,2024-06-27
ASG-003937,EXP-0001,LD-024738,,CO-0066319,paid,2024Q2,CMP-00119,treatment,2024-06-27
ASG-003938,EXP-0001,LD-024739,,CO-0065010,paid,2024Q2,CMP-00120,treatment,2024-06-27
ASG-003939,EXP-0001,LD-024740,,CO-0069976,paid,2024Q2,CMP-00120,treatment,2024-06-27
ASG-003940,EXP-0001,LD-024741,,CO-0079226,paid,2024Q2,CMP-00120,treatment,2024-06-27
ASG-003941,EXP-0001,LD-024742,,CO-0091472,paid,2024Q2,CMP-00120,treatment,2024-06-27
ASG-003942,EXP-0001,LD-024743,,CO-0002919,paid,2024Q2,CMP-00122,control,2024-06-27
ASG-003943,EXP-0001,LD-024744,,CO-0027971,paid,2024Q2,CMP-00122,control,2024-06-27
ASG-003944,EXP-0001,LD-024745,,CO-0099221,paid,2024Q2,CMP-00122,control,2024-06-27
ASG-003945,EXP-0001,LD-024746,,CO-0100686,paid,2024Q2,CMP-00122,control,2024-06-27
ASG-003946,EXP-0001,LD-024747,,CO-0102174,paid,2024Q2,CMP-00122,control,2024-06-27
ASG-003947,EXP-0001,LD-024768,,CO-0022735,paid,2024Q2,CMP-00118,treatment,2024-06-28
ASG-003948,EXP-0001,LD-024769,,CO-0004873,paid,2024Q2,CMP-00118,treatment,2024-06-28
ASG-003949,EXP-0001,LD-024770,,CO-0100943,paid,2024Q2,CMP-00118,treatment,2024-06-28
ASG-003950,EXP-0001,LD-024771,,CO-0055457,paid,2024Q2,CMP-00118,treatment,2024-06-28
ASG-003951,EXP-0001,LD-024772,,CO-0025223,paid,2024Q2,CMP-00118,treatment,2024-06-28
ASG-003952,EXP-0001,LD-024773,,CO-0099880,paid,2024Q2,CMP-00118,treatment,2024-06-28
ASG-003953,EXP-0001,LD-024774,,CO-0019910,paid,2024Q2,CMP-00118,treatment,2024-06-28
ASG-003954,EXP-0001,LD-024775,,CO-0074576,paid,2024Q2,CMP-00118,treatment,2024-06-28
ASG-003955,EXP-0001,LD-024776,,CO-0033002,paid,2024Q2,CMP-00119,treatment,2024-06-28
ASG-003956,EXP-0001,LD-024777,,CO-0074204,paid,2024Q2,CMP-00119,treatment,2024-06-28
ASG-003957,EXP-0001,LD-024778,,CO-0116779,paid,2024Q2,CMP-00119,treatment,2024-06-28
ASG-003958,EXP-0001,LD-024779,,CO-0017652,paid,2024Q2,CMP-00119,treatment,2024-06-28
ASG-003959,EXP-0001,LD-024780,,CO-0077754,paid,2024Q2,CMP-00122,control,2024-06-28
ASG-003960,EXP-0001,LD-024781,,CO-0086266,paid,2024Q2,CMP-00122,control,2024-06-28
ASG-003961,EXP-0001,LD-024783,ACC-001607,CO-0084563,paid,2024Q2,CMP-00118,treatment,2024-06-29
ASG-003962,EXP-0001,LD-024798,,CO-0010140,paid,2024Q2,CMP-00118,treatment,2024-06-29
ASG-003963,EXP-0001,LD-024799,,CO-0095632,paid,2024Q2,CMP-00118,treatment,2024-06-29
ASG-003964,EXP-0001,LD-024800,,CO-0102097,paid,2024Q2,CMP-00122,control,2024-06-29
ASG-003965,EXP-0001,LD-024801,,CO-0113695,paid,2024Q2,CMP-00122,control,2024-06-29
ASG-003966,EXP-0001,LD-024802,,CO-0092036,paid,2024Q2,CMP-00122,control,2024-06-29
ASG-003967,EXP-0001,LD-024804,ACC-001101,CO-0085998,paid,2024Q2,CMP-00118,treatment,2024-06-30
ASG-003968,EXP-0001,LD-024820,,CO-0048189,paid,2024Q2,CMP-00118,treatment,2024-06-30
ASG-003969,EXP-0001,LD-024821,,CO-0038400,paid,2024Q2,CMP-00118,treatment,2024-06-30
ASG-003970,EXP-0001,LD-024822,,CO-0041772,paid,2024Q2,CMP-00118,treatment,2024-06-30
ASG-003971,EXP-0001,LD-024823,,CO-0058856,paid,2024Q2,CMP-00118,treatment,2024-06-30
ASG-003972,EXP-0001,LD-024824,,CO-0108382,paid,2024Q2,CMP-00118,treatment,2024-06-30
ASG-003973,EXP-0001,LD-024825,,CO-0090528,paid,2024Q2,CMP-00118,treatment,2024-06-30
ASG-003974,EXP-0001,LD-024826,,CO-0050660,paid,2024Q2,CMP-00122,control,2024-06-30
ASG-003975,EXP-0001,LD-024827,,CO-0104824,paid,2024Q2,CMP-00122,control,2024-06-30
ASG-003976,EXP-0001,LD-024828,,CO-0015011,paid,2024Q2,CMP-00122,control,2024-06-30
ASG-003977,EXP-0001,LD-024829,,CO-0095096,paid,2024Q2,CMP-00122,control,2024-06-30
ASG-003978,EXP-0001,LD-024830,,CO-0019987,paid,2024Q2,CMP-00122,control,2024-06-30
ASG-003979,EXP-0001,LD-024831,,CO-0055602,paid,2024Q2,CMP-00122,control,2024-06-30
ASG-003980,EXP-0001,LD-031824,,CO-0036192,community,2025Q1,CMP-00155,control,2025-01-01
ASG-003981,EXP-0001,LD-031844,,CO-0057386,community,2025Q1,CMP-00155,control,2025-01-02
ASG-003982,EXP-0001,LD-031867,,CO-0032607,community,2025Q1,CMP-00152,treatment,2025-01-03
ASG-003983,EXP-0001,LD-031868,,CO-0042402,community,2025Q1,CMP-00155,control,2025-01-03
ASG-003984,EXP-0001,LD-031930,,CO-0065746,community,2025Q1,CMP-00152,treatment,2025-01-05
ASG-003985,EXP-0001,LD-031931,,CO-0117770,community,2025Q1,CMP-00152,treatment,2025-01-05
ASG-003986,EXP-0001,LD-031932,,CO-0120901,community,2025Q1,CMP-00154,treatment,2025-01-05
ASG-003987,EXP-0001,LD-031970,,CO-0019530,community,2025Q1,CMP-00155,control,2025-01-06
ASG-003988,EXP-0001,LD-031991,,CO-0013488,community,2025Q1,CMP-00152,treatment,2025-01-07
ASG-003989,EXP-0001,LD-031992,,CO-0042486,community,2025Q1,CMP-00155,control,2025-01-07
ASG-003990,EXP-0001,LD-032033,,CO-0107649,community,2025Q1,CMP-00152,treatment,2025-01-08
ASG-003991,EXP-0001,LD-032034,,CO-0114424,community,2025Q1,CMP-00154,treatment,2025-01-08
ASG-003992,EXP-0001,LD-032035,,CO-0007576,community,2025Q1,CMP-00154,treatment,2025-01-08
ASG-003993,EXP-0001,LD-032036,,CO-0116563,community,2025Q1,CMP-00155,control,2025-01-08
ASG-003994,EXP-0001,LD-032037,,CO-0036181,community,2025Q1,CMP-00155,control,2025-01-08
ASG-003995,EXP-0001,LD-032110,,CO-0006479,community,2025Q1,CMP-00152,treatment,2025-01-10
ASG-003996,EXP-0001,LD-032111,,CO-0077991,community,2025Q1,CMP-00152,treatment,2025-01-10
ASG-003997,EXP-0001,LD-032112,,CO-0005839,community,2025Q1,CMP-00153,treatment,2025-01-10
ASG-003998,EXP-0001,LD-032113,,CO-0074688,community,2025Q1,CMP-00153,treatment,2025-01-10
ASG-003999,EXP-0001,LD-032114,,CO-0082113,community,2025Q1,CMP-00154,treatment,2025-01-10
ASG-004000,EXP-0001,LD-032115,,CO-0043239,community,2025Q1,CMP-00154,treatment,2025-01-10
ASG-004001,EXP-0001,LD-032116,,CO-0055811,community,2025Q1,CMP-00154,treatment,2025-01-10
ASG-004002,EXP-0001,LD-032167,,CO-0076680,community,2025Q1,CMP-00152,treatment,2025-01-11
ASG-004003,EXP-0001,LD-032168,,CO-0067916,community,2025Q1,CMP-00154,treatment,2025-01-11
ASG-004004,EXP-0001,LD-032169,,CO-0066653,community,2025Q1,CMP-00155,control,2025-01-11
ASG-004005,EXP-0001,LD-032170,,CO-0110905,community,2025Q1,CMP-00155,control,2025-01-11
ASG-004006,EXP-0001,LD-032171,,CO-0023761,community,2025Q1,CMP-00155,control,2025-01-11
ASG-004007,EXP-0001,LD-032172,,CO-0097336,community,2025Q1,CMP-00155,control,2025-01-11
ASG-004008,EXP-0001,LD-032173,ACC-006892,CO-0095846,community,2025Q1,CMP-00154,treatment,2025-01-12
ASG-004009,EXP-0001,LD-032174,ACC-007302,CO-0074020,community,2025Q1,CMP-00155,control,2025-01-12
ASG-004010,EXP-0001,LD-032208,,CO-0082652,community,2025Q1,CMP-00152,treatment,2025-01-12
ASG-004011,EXP-0001,LD-032209,,CO-0046744,community,2025Q1,CMP-00153,treatment,2025-01-12
ASG-004012,EXP-0001,LD-032210,,CO-0089683,community,2025Q1,CMP-00154,treatment,2025-01-12
ASG-004013,EXP-0001,LD-032211,,CO-0016255,community,2025Q1,CMP-00154,treatment,2025-01-12
ASG-004014,EXP-0001,LD-032212,,CO-0105962,community,2025Q1,CMP-00154,treatment,2025-01-12
ASG-004015,EXP-0001,LD-032213,,CO-0080320,community,2025Q1,CMP-00155,control,2025-01-12
ASG-004016,EXP-0001,LD-032214,,CO-0073230,community,2025Q1,CMP-00155,control,2025-01-12
ASG-004017,EXP-0001,LD-032257,,CO-0059007,community,2025Q1,CMP-00152,treatment,2025-01-13
ASG-004018,EXP-0001,LD-032258,,CO-0106618,community,2025Q1,CMP-00152,treatment,2025-01-13
ASG-004019,EXP-0001,LD-032259,,CO-0123154,community,2025Q1,CMP-00152,treatment,2025-01-13
ASG-004020,EXP-0001,LD-032260,,CO-0033922,community,2025Q1,CMP-00154,treatment,2025-01-13
ASG-004021,EXP-0001,LD-032261,,CO-0041739,community,2025Q1,CMP-00155,control,2025-01-13
ASG-004022,EXP-0001,LD-032298,,CO-0015564,community,2025Q1,CMP-00152,treatment,2025-01-14
ASG-004023,EXP-0001,LD-032299,,CO-0094294,community,2025Q1,CMP-00152,treatment,2025-01-14
ASG-004024,EXP-0001,LD-032300,,CO-0043283,community,2025Q1,CMP-00153,treatment,2025-01-14
ASG-004025,EXP-0001,LD-032301,,CO-0111559,community,2025Q1,CMP-00154,treatment,2025-01-14
ASG-004026,EXP-0001,LD-032354,,CO-0092948,community,2025Q1,CMP-00152,treatment,2025-01-15
ASG-004027,EXP-0001,LD-032355,,CO-0022079,community,2025Q1,CMP-00152,treatment,2025-01-15
ASG-004028,EXP-0001,LD-032356,,CO-0022644,community,2025Q1,CMP-00153,treatment,2025-01-15
ASG-004029,EXP-0001,LD-032357,,CO-0114288,community,2025Q1,CMP-00154,treatment,2025-01-15
ASG-004030,EXP-0001,LD-032386,,CO-0032726,community,2025Q1,CMP-00152,treatment,2025-01-16
ASG-004031,EXP-0001,LD-032387,,CO-0091910,community,2025Q1,CMP-00153,treatment,2025-01-16
ASG-004032,EXP-0001,LD-032388,,CO-0088686,community,2025Q1,CMP-00155,control,2025-01-16
ASG-004033,EXP-0001,LD-032446,,CO-0065178,community,2025Q1,CMP-00152,treatment,2025-01-17
ASG-004034,EXP-0001,LD-032447,,CO-0036265,community,2025Q1,CMP-00153,treatment,2025-01-17
ASG-004035,EXP-0001,LD-032448,,CO-0063667,community,2025Q1,CMP-00154,treatment,2025-01-17
ASG-004036,EXP-0001,LD-032486,,CO-0039717,community,2025Q1,CMP-00152,treatment,2025-01-18
ASG-004037,EXP-0001,LD-032487,,CO-0103008,community,2025Q1,CMP-00154,treatment,2025-01-18
ASG-004038,EXP-0001,LD-032488,,CO-0102717,community,2025Q1,CMP-00154,treatment,2025-01-18
ASG-004039,EXP-0001,LD-032489,,CO-0041846,community,2025Q1,CMP-00155,control,2025-01-18
ASG-004040,EXP-0001,LD-032490,,CO-0059400,community,2025Q1,CMP-00155,control,2025-01-18
ASG-004041,EXP-0001,LD-032491,,CO-0093899,community,2025Q1,CMP-00155,control,2025-01-18
ASG-004042,EXP-0001,LD-032531,ACC-006765,CO-0061805,community,2025Q1,CMP-00152,treatment,2025-01-20
ASG-004043,EXP-0001,LD-032569,,CO-0069418,community,2025Q1,CMP-00152,treatment,2025-01-20
ASG-004044,EXP-0001,LD-032570,,CO-0018118,community,2025Q1,CMP-00152,treatment,2025-01-20
ASG-004045,EXP-0001,LD-032571,,CO-0041153,community,2025Q1,CMP-00152,treatment,2025-01-20
ASG-004046,EXP-0001,LD-032572,,CO-0004023,community,2025Q1,CMP-00152,treatment,2025-01-20
ASG-004047,EXP-0001,LD-032573,,CO-0079684,community,2025Q1,CMP-00153,treatment,2025-01-20
ASG-004048,EXP-0001,LD-032574,,CO-0114292,community,2025Q1,CMP-00154,treatment,2025-01-20
ASG-004049,EXP-0001,LD-032575,,CO-0090982,community,2025Q1,CMP-00154,treatment,2025-01-20
ASG-004050,EXP-0001,LD-032576,,CO-0015328,community,2025Q1,CMP-00154,treatment,2025-01-20
ASG-004051,EXP-0001,LD-032577,,CO-0117537,community,2025Q1,CMP-00155,control,2025-01-20
ASG-004052,EXP-0001,LD-032578,,CO-0080145,community,2025Q1,CMP-00155,control,2025-01-20
ASG-004053,EXP-0001,LD-032623,,CO-0116157,community,2025Q1,CMP-00152,treatment,2025-01-21
ASG-004054,EXP-0001,LD-032624,,CO-0053229,community,2025Q1,CMP-00152,treatment,2025-01-21
ASG-004055,EXP-0001,LD-032625,,CO-0077488,community,2025Q1,CMP-00153,treatment,2025-01-21
ASG-004056,EXP-0001,LD-032626,,CO-0030560,community,2025Q1,CMP-00153,treatment,2025-01-21
ASG-004057,EXP-0001,LD-032627,,CO-0018527,community,2025Q1,CMP-00154,treatment,2025-01-21
ASG-004058,EXP-0001,LD-032628,,CO-0103645,community,2025Q1,CMP-00154,treatment,2025-01-21
ASG-004059,EXP-0001,LD-032629,,CO-0072862,community,2025Q1,CMP-00155,control,2025-01-21
ASG-004060,EXP-0001,LD-032671,,CO-0007883,community,2025Q1,CMP-00152,treatment,2025-01-22
ASG-004061,EXP-0001,LD-032672,,CO-0080879,community,2025Q1,CMP-00154,treatment,2025-01-22
ASG-004062,EXP-0001,LD-032673,,CO-0088832,community,2025Q1,CMP-00154,treatment,2025-01-22
ASG-004063,EXP-0001,LD-032674,,CO-0034485,community,2025Q1,CMP-00155,control,2025-01-22
ASG-004064,EXP-0001,LD-032727,,CO-0066284,community,2025Q1,CMP-00152,treatment,2025-01-23
ASG-004065,EXP-0001,LD-032728,,CO-0061798,community,2025Q1,CMP-00152,treatment,2025-01-23
ASG-004066,EXP-0001,LD-032729,,CO-0025517,community,2025Q1,CMP-00155,control,2025-01-23
ASG-004067,EXP-0001,LD-032767,,CO-0002400,community,2025Q1,CMP-00153,treatment,2025-01-24
ASG-004068,EXP-0001,LD-032768,,CO-0083584,community,2025Q1,CMP-00154,treatment,2025-01-24
ASG-004069,EXP-0001,LD-032769,ACC-000097,CO-0107550,community,2025Q1,CMP-00153,treatment,2025-01-25
ASG-004070,EXP-0001,LD-032808,,CO-0012633,community,2025Q1,CMP-00152,treatment,2025-01-25
ASG-004071,EXP-0001,LD-032809,,CO-0052860,community,2025Q1,CMP-00155,control,2025-01-25
ASG-004072,EXP-0001,LD-032810,,CO-0083600,community,2025Q1,CMP-00155,control,2025-01-25
ASG-004073,EXP-0001,LD-032856,,CO-0120352,community,2025Q1,CMP-00152,treatment,2025-01-26
ASG-004074,EXP-0001,LD-032857,,CO-0059925,community,2025Q1,CMP-00153,treatment,2025-01-26
ASG-004075,EXP-0001,LD-032858,,CO-0104742,community,2025Q1,CMP-00153,treatment,2025-01-26
ASG-004076,EXP-0001,LD-032859,,CO-0076097,community,2025Q1,CMP-00153,treatment,2025-01-26
ASG-004077,EXP-0001,LD-032860,,CO-0107984,community,2025Q1,CMP-00155,control,2025-01-26
ASG-004078,EXP-0001,LD-032861,ACC-000201,CO-0005072,community,2025Q1,CMP-00152,treatment,2025-01-27
ASG-004079,EXP-0001,LD-032862,ACC-000865,CO-0060697,community,2025Q1,CMP-00154,treatment,2025-01-27
ASG-004080,EXP-0001,LD-032896,,CO-0000468,community,2025Q1,CMP-00153,treatment,2025-01-27
ASG-004081,EXP-0001,LD-032897,,CO-0013605,community,2025Q1,CMP-00154,treatment,2025-01-27
ASG-004082,EXP-0001,LD-032899,ACC-005612,CO-0044675,community,2025Q1,CMP-00153,treatment,2025-01-28
ASG-004083,EXP-0001,LD-032939,,CO-0039551,community,2025Q1,CMP-00153,treatment,2025-01-28
ASG-004084,EXP-0001,LD-033012,,CO-0004312,community,2025Q1,CMP-00154,treatment,2025-01-30
ASG-004085,EXP-0001,LD-033013,,CO-0014428,community,2025Q1,CMP-00155,control,2025-01-30
ASG-004086,EXP-0001,LD-033051,,CO-0061054,community,2025Q1,CMP-00152,treatment,2025-01-31
ASG-004087,EXP-0001,LD-033052,,CO-0084822,community,2025Q1,CMP-00152,treatment,2025-01-31
ASG-004088,EXP-0001,LD-033053,,CO-0099988,community,2025Q1,CMP-00153,treatment,2025-01-31
ASG-004089,EXP-0001,LD-033054,,CO-0054439,community,2025Q1,CMP-00153,treatment,2025-01-31
ASG-004090,EXP-0001,LD-033055,,CO-0007515,community,2025Q1,CMP-00154,treatment,2025-01-31
ASG-004091,EXP-0001,LD-033094,,CO-0099482,community,2025Q1,CMP-00152,treatment,2025-02-01
ASG-004092,EXP-0001,LD-033095,,CO-0002197,community,2025Q1,CMP-00152,treatment,2025-02-01
ASG-004093,EXP-0001,LD-033096,,CO-0057247,community,2025Q1,CMP-00153,treatment,2025-02-01
ASG-004094,EXP-0001,LD-033097,,CO-0106784,community,2025Q1,CMP-00153,treatment,2025-02-01
ASG-004095,EXP-0001,LD-033098,,CO-0018593,community,2025Q1,CMP-00154,treatment,2025-02-01
ASG-004096,EXP-0001,LD-033099,,CO-0060073,community,2025Q1,CMP-00154,treatment,2025-02-01
ASG-004097,EXP-0001,LD-033100,,CO-0036796,community,2025Q1,CMP-00155,control,2025-02-01
ASG-004098,EXP-0001,LD-033101,,CO-0122032,community,2025Q1,CMP-00155,control,2025-02-01
ASG-004099,EXP-0001,LD-033102,,CO-0044963,community,2025Q1,CMP-00155,control,2025-02-01
ASG-004100,EXP-0001,LD-033132,,CO-0108611,community,2025Q1,CMP-00152,treatment,2025-02-02
ASG-004101,EXP-0001,LD-033133,,CO-0025686,community,2025Q1,CMP-00152,treatment,2025-02-02
ASG-004102,EXP-0001,LD-033134,,CO-0092242,community,2025Q1,CMP-00152,treatment,2025-02-02
ASG-004103,EXP-0001,LD-033135,,CO-0075495,community,2025Q1,CMP-00155,control,2025-02-02
ASG-004104,EXP-0001,LD-033182,,CO-0075924,community,2025Q1,CMP-00153,treatment,2025-02-03
ASG-004105,EXP-0001,LD-033183,,CO-0106923,community,2025Q1,CMP-00153,treatment,2025-02-03
ASG-004106,EXP-0001,LD-033184,,CO-0018815,community,2025Q1,CMP-00153,treatment,2025-02-03
ASG-004107,EXP-0001,LD-033185,,CO-0010973,community,2025Q1,CMP-00154,treatment,2025-02-03
ASG-004108,EXP-0001,LD-033186,,CO-0013810,community,2025Q1,CMP-00154,treatment,2025-02-03
ASG-004109,EXP-0001,LD-033187,,CO-0079802,community,2025Q1,CMP-00155,control,2025-02-03
ASG-004110,EXP-0001,LD-033188,,CO-0056473,community,2025Q1,CMP-00155,control,2025-02-03
ASG-004111,EXP-0001,LD-033231,,CO-0007243,community,2025Q1,CMP-00152,treatment,2025-02-04
ASG-004112,EXP-0001,LD-033232,,CO-0000536,community,2025Q1,CMP-00153,treatment,2025-02-04
ASG-004113,EXP-0001,LD-033233,,CO-0093537,community,2025Q1,CMP-00154,treatment,2025-02-04
ASG-004114,EXP-0001,LD-033234,,CO-0052995,community,2025Q1,CMP-00154,treatment,2025-02-04
ASG-004115,EXP-0001,LD-033235,,CO-0117960,community,2025Q1,CMP-00154,treatment,2025-02-04
ASG-004116,EXP-0001,LD-033236,,CO-0062529,community,2025Q1,CMP-00154,treatment,2025-02-04
ASG-004117,EXP-0001,LD-033237,,CO-0069478,community,2025Q1,CMP-00155,control,2025-02-04
ASG-004118,EXP-0001,LD-033238,,CO-0033136,community,2025Q1,CMP-00155,control,2025-02-04
ASG-004119,EXP-0001,LD-033272,,CO-0107108,community,2025Q1,CMP-00152,treatment,2025-02-05
ASG-004120,EXP-0001,LD-033273,,CO-0108352,community,2025Q1,CMP-00154,treatment,2025-02-05
ASG-004121,EXP-0001,LD-033274,,CO-0105051,community,2025Q1,CMP-00155,control,2025-02-05
ASG-004122,EXP-0001,LD-033309,,CO-0118984,community,2025Q1,CMP-00152,treatment,2025-02-06
ASG-004123,EXP-0001,LD-033360,,CO-0056107,community,2025Q1,CMP-00152,treatment,2025-02-07
ASG-004124,EXP-0001,LD-033361,,CO-0074489,community,2025Q1,CMP-00152,treatment,2025-02-07
ASG-004125,EXP-0001,LD-033362,,CO-0045446,community,2025Q1,CMP-00154,treatment,2025-02-07
ASG-004126,EXP-0001,LD-033364,ACC-004313,CO-0007625,community,2025Q1,CMP-00152,treatment,2025-02-08
ASG-004127,EXP-0001,LD-033410,,CO-0102655,community,2025Q1,CMP-00152,treatment,2025-02-08
ASG-004128,EXP-0001,LD-033411,,CO-0103876,community,2025Q1,CMP-00152,treatment,2025-02-08
ASG-004129,EXP-0001,LD-033412,,CO-0117122,community,2025Q1,CMP-00153,treatment,2025-02-08
ASG-004130,EXP-0001,LD-033413,,CO-0023683,community,2025Q1,CMP-00153,treatment,2025-02-08
ASG-004131,EXP-0001,LD-033414,,CO-0101540,community,2025Q1,CMP-00153,treatment,2025-02-08
ASG-004132,EXP-0001,LD-033415,,CO-0060591,community,2025Q1,CMP-00154,treatment,2025-02-08
ASG-004133,EXP-0001,LD-033416,,CO-0035503,community,2025Q1,CMP-00154,treatment,2025-02-08
ASG-004134,EXP-0001,LD-033417,,CO-0106201,community,2025Q1,CMP-00154,treatment,2025-02-08
ASG-004135,EXP-0001,LD-033458,,CO-0066955,community,2025Q1,CMP-00152,treatment,2025-02-09
ASG-004136,EXP-0001,LD-033459,,CO-0074400,community,2025Q1,CMP-00154,treatment,2025-02-09
ASG-004137,EXP-0001,LD-033462,ACC-005114,CO-0073201,community,2025Q1,CMP-00152,treatment,2025-02-10
ASG-004138,EXP-0001,LD-033504,,CO-0018089,community,2025Q1,CMP-00152,treatment,2025-02-10
ASG-004139,EXP-0001,LD-033505,,CO-0083037,community,2025Q1,CMP-00153,treatment,2025-02-10
ASG-004140,EXP-0001,LD-033506,,CO-0000543,community,2025Q1,CMP-00155,control,2025-02-10
ASG-004141,EXP-0001,LD-033539,,CO-0107825,community,2025Q1,CMP-00152,treatment,2025-02-11
ASG-004142,EXP-0001,LD-033540,,CO-0058950,community,2025Q1,CMP-00153,treatment,2025-02-11
ASG-004143,EXP-0001,LD-033541,,CO-0108886,community,2025Q1,CMP-00153,treatment,2025-02-11
ASG-004144,EXP-0001,LD-033542,,CO-0042743,community,2025Q1,CMP-00154,treatment,2025-02-11
ASG-004145,EXP-0001,LD-033543,,CO-0025042,community,2025Q1,CMP-00154,treatment,2025-02-11
ASG-004146,EXP-0001,LD-033544,,CO-0111471,community,2025Q1,CMP-00154,treatment,2025-02-11
ASG-004147,EXP-0001,LD-033545,,CO-0067075,community,2025Q1,CMP-00154,treatment,2025-02-11
ASG-004148,EXP-0001,LD-033595,,CO-0011617,community,2025Q1,CMP-00152,treatment,2025-02-12
ASG-004149,EXP-0001,LD-033596,,CO-0010300,community,2025Q1,CMP-00154,treatment,2025-02-12
ASG-004150,EXP-0001,LD-033597,,CO-0039824,community,2025Q1,CMP-00155,control,2025-02-12
ASG-004151,EXP-0001,LD-033598,ACC-005124,CO-0016971,community,2025Q1,CMP-00153,treatment,2025-02-13
ASG-004152,EXP-0001,LD-033628,,CO-0003667,community,2025Q1,CMP-00152,treatment,2025-02-13
ASG-004153,EXP-0001,LD-033629,,CO-0066880,community,2025Q1,CMP-00155,control,2025-02-13
ASG-004154,EXP-0001,LD-033630,ACC-004805,CO-0019478,community,2025Q1,CMP-00154,treatment,2025-02-14
ASG-004155,EXP-0001,LD-033631,ACC-005996,CO-0011110,community,2025Q1,CMP-00154,treatment,2025-02-14
ASG-004156,EXP-0001,LD-033669,,CO-0120519,community,2025Q1,CMP-00152,treatment,2025-02-14
ASG-004157,EXP-0001,LD-033670,,CO-0052693,community,2025Q1,CMP-00153,treatment,2025-02-14
ASG-004158,EXP-0001,LD-033711,,CO-0048408,community,2025Q1,CMP-00152,treatment,2025-02-15
ASG-004159,EXP-0001,LD-033712,,CO-0061647,community,2025Q1,CMP-00152,treatment,2025-02-15
ASG-004160,EXP-0001,LD-033713,ACC-004346,CO-0071174,community,2025Q1,CMP-00155,control,2025-02-16
ASG-004161,EXP-0001,LD-033751,,CO-0110866,community,2025Q1,CMP-00152,treatment,2025-02-16
ASG-004162,EXP-0001,LD-033752,,CO-0028202,community,2025Q1,CMP-00152,treatment,2025-02-16
ASG-004163,EXP-0001,LD-033753,,CO-0009376,community,2025Q1,CMP-00154,treatment,2025-02-16
ASG-004164,EXP-0001,LD-033754,,CO-0081096,community,2025Q1,CMP-00155,control,2025-02-16
ASG-004165,EXP-0001,LD-033755,,CO-0092746,community,2025Q1,CMP-00155,control,2025-02-16
ASG-004166,EXP-0001,LD-033801,,CO-0102450,community,2025Q1,CMP-00152,treatment,2025-02-17
ASG-004167,EXP-0001,LD-033802,,CO-0108331,community,2025Q1,CMP-00152,treatment,2025-02-17
ASG-004168,EXP-0001,LD-033803,,CO-0019647,community,2025Q1,CMP-00155,control,2025-02-17
ASG-004169,EXP-0001,LD-033849,,CO-0009913,community,2025Q1,CMP-00152,treatment,2025-02-18
ASG-004170,EXP-0001,LD-033850,,CO-0056205,community,2025Q1,CMP-00152,treatment,2025-02-18
ASG-004171,EXP-0001,LD-033851,,CO-0018458,community,2025Q1,CMP-00152,treatment,2025-02-18
ASG-004172,EXP-0001,LD-033852,,CO-0100955,community,2025Q1,CMP-00153,treatment,2025-02-18
ASG-004173,EXP-0001,LD-033853,,CO-0016869,community,2025Q1,CMP-00154,treatment,2025-02-18
ASG-004174,EXP-0001,LD-033854,,CO-0001205,community,2025Q1,CMP-00154,treatment,2025-02-18
ASG-004175,EXP-0001,LD-033897,,CO-0046350,community,2025Q1,CMP-00153,treatment,2025-02-19
ASG-004176,EXP-0001,LD-033898,,CO-0018013,community,2025Q1,CMP-00154,treatment,2025-02-19
ASG-004177,EXP-0001,LD-033899,,CO-0071275,community,2025Q1,CMP-00155,control,2025-02-19
ASG-004178,EXP-0001,LD-033928,,CO-0047829,community,2025Q1,CMP-00152,treatment,2025-02-20
ASG-004179,EXP-0001,LD-033929,,CO-0035267,community,2025Q1,CMP-00152,treatment,2025-02-20
ASG-004180,EXP-0001,LD-033930,,CO-0115093,community,2025Q1,CMP-00153,treatment,2025-02-20
ASG-004181,EXP-0001,LD-033931,,CO-0111484,community,2025Q1,CMP-00154,treatment,2025-02-20
ASG-004182,EXP-0001,LD-033932,ACC-000046,CO-0004886,community,2025Q1,CMP-00152,treatment,2025-02-21
ASG-004183,EXP-0001,LD-033974,,CO-0031150,community,2025Q1,CMP-00153,treatment,2025-02-21
ASG-004184,EXP-0001,LD-034013,,CO-0012509,community,2025Q1,CMP-00152,treatment,2025-02-22
ASG-004185,EXP-0001,LD-034014,,CO-0089390,community,2025Q1,CMP-00153,treatment,2025-02-22
ASG-004186,EXP-0001,LD-034015,,CO-0108918,community,2025Q1,CMP-00153,treatment,2025-02-22
ASG-004187,EXP-0001,LD-034016,,CO-0013860,community,2025Q1,CMP-00153,treatment,2025-02-22
ASG-004188,EXP-0001,LD-034017,,CO-0025076,community,2025Q1,CMP-00154,treatment,2025-02-22
ASG-004189,EXP-0001,LD-034018,,CO-0085693,community,2025Q1,CMP-00154,treatment,2025-02-22
ASG-004190,EXP-0001,LD-034056,,CO-0066132,community,2025Q1,CMP-00153,treatment,2025-02-23
ASG-004191,EXP-0001,LD-034057,,CO-0101536,community,2025Q1,CMP-00154,treatment,2025-02-23
ASG-004192,EXP-0001,LD-034058,,CO-0071989,community,2025Q1,CMP-00154,treatment,2025-02-23
ASG-004193,EXP-0001,LD-034059,,CO-0019822,community,2025Q1,CMP-00154,treatment,2025-02-23
ASG-004194,EXP-0001,LD-034060,,CO-0053906,community,2025Q1,CMP-00154,treatment,2025-02-23
ASG-004195,EXP-0001,LD-034062,ACC-001415,CO-0007881,community,2025Q1,CMP-00153,treatment,2025-02-24
ASG-004196,EXP-0001,LD-034110,,CO-0105767,community,2025Q1,CMP-00152,treatment,2025-02-24
ASG-004197,EXP-0001,LD-034111,,CO-0043979,community,2025Q1,CMP-00154,treatment,2025-02-24
ASG-004198,EXP-0001,LD-034112,,CO-0085113,community,2025Q1,CMP-00154,treatment,2025-02-24
ASG-004199,EXP-0001,LD-034153,,CO-0105254,community,2025Q1,CMP-00152,treatment,2025-02-25
ASG-004200,EXP-0001,LD-034154,,CO-0041391,community,2025Q1,CMP-00152,treatment,2025-02-25
ASG-004201,EXP-0001,LD-034155,,CO-0050743,community,2025Q1,CMP-00153,treatment,2025-02-25
ASG-004202,EXP-0001,LD-034156,,CO-0102827,community,2025Q1,CMP-00153,treatment,2025-02-25
ASG-004203,EXP-0001,LD-034157,,CO-0072955,community,2025Q1,CMP-00154,treatment,2025-02-25
ASG-004204,EXP-0001,LD-034158,,CO-0119667,community,2025Q1,CMP-00155,control,2025-02-25
ASG-004205,EXP-0001,LD-034200,,CO-0083376,community,2025Q1,CMP-00152,treatment,2025-02-26
ASG-004206,EXP-0001,LD-034201,,CO-0060556,community,2025Q1,CMP-00154,treatment,2025-02-26
ASG-004207,EXP-0001,LD-034202,,CO-0059590,community,2025Q1,CMP-00154,treatment,2025-02-26
ASG-004208,EXP-0001,LD-034203,,CO-0077959,community,2025Q1,CMP-00154,treatment,2025-02-26
ASG-004209,EXP-0001,LD-034204,,CO-0096509,community,2025Q1,CMP-00154,treatment,2025-02-26
ASG-004210,EXP-0001,LD-034205,,CO-0040641,community,2025Q1,CMP-00155,control,2025-02-26
ASG-004211,EXP-0001,LD-034208,ACC-005973,CO-0057345,community,2025Q1,CMP-00154,treatment,2025-02-27
ASG-004212,EXP-0001,LD-034250,,CO-0033127,community,2025Q1,CMP-00152,treatment,2025-02-27
ASG-004213,EXP-0001,LD-034251,,CO-0096320,community,2025Q1,CMP-00152,treatment,2025-02-27
ASG-004214,EXP-0001,LD-034308,,CO-0122764,community,2025Q1,CMP-00153,treatment,2025-02-28
ASG-004215,EXP-0001,LD-034309,,CO-0057467,community,2025Q1,CMP-00155,control,2025-02-28
ASG-004216,EXP-0001,LD-034312,ACC-006455,CO-0054461,community,2025Q1,CMP-00152,treatment,2025-03-01
ASG-004217,EXP-0001,LD-034346,,CO-0104403,community,2025Q1,CMP-00152,treatment,2025-03-01
ASG-004218,EXP-0001,LD-034347,,CO-0102066,community,2025Q1,CMP-00153,treatment,2025-03-01
ASG-004219,EXP-0001,LD-034348,,CO-0068236,community,2025Q1,CMP-00153,treatment,2025-03-01
ASG-004220,EXP-0001,LD-034349,,CO-0048241,community,2025Q1,CMP-00153,treatment,2025-03-01
ASG-004221,EXP-0001,LD-034350,,CO-0064681,community,2025Q1,CMP-00153,treatment,2025-03-01
ASG-004222,EXP-0001,LD-034351,,CO-0084059,community,2025Q1,CMP-00154,treatment,2025-03-01
ASG-004223,EXP-0001,LD-034388,,CO-0013044,community,2025Q1,CMP-00152,treatment,2025-03-02
ASG-004224,EXP-0001,LD-034389,,CO-0082639,community,2025Q1,CMP-00153,treatment,2025-03-02
ASG-004225,EXP-0001,LD-034390,,CO-0113970,community,2025Q1,CMP-00154,treatment,2025-03-02
ASG-004226,EXP-0001,LD-034391,,CO-0021768,community,2025Q1,CMP-00155,control,2025-03-02
ASG-004227,EXP-0001,LD-034392,,CO-0114852,community,2025Q1,CMP-00155,control,2025-03-02
ASG-004228,EXP-0001,LD-034431,,CO-0043279,community,2025Q1,CMP-00152,treatment,2025-03-03
ASG-004229,EXP-0001,LD-034432,,CO-0004623,community,2025Q1,CMP-00152,treatment,2025-03-03
ASG-004230,EXP-0001,LD-034433,,CO-0105867,community,2025Q1,CMP-00153,treatment,2025-03-03
ASG-004231,EXP-0001,LD-034434,,CO-0087331,community,2025Q1,CMP-00155,control,2025-03-03
ASG-004232,EXP-0001,LD-034477,,CO-0078221,community,2025Q1,CMP-00154,treatment,2025-03-04
ASG-004233,EXP-0001,LD-034478,,CO-0093088,community,2025Q1,CMP-00154,treatment,2025-03-04
ASG-004234,EXP-0001,LD-034479,,CO-0062480,community,2025Q1,CMP-00154,treatment,2025-03-04
ASG-004235,EXP-0001,LD-034480,,CO-0035401,community,2025Q1,CMP-00154,treatment,2025-03-04
ASG-004236,EXP-0001,LD-034481,,CO-0107781,community,2025Q1,CMP-00155,control,2025-03-04
ASG-004237,EXP-0001,LD-034482,,CO-0098426,community,2025Q1,CMP-00155,control,2025-03-04
ASG-004238,EXP-0001,LD-034483,ACC-000036,CO-0110433,community,2025Q1,CMP-00154,treatment,2025-03-05
ASG-004239,EXP-0001,LD-034529,,CO-0065375,community,2025Q1,CMP-00152,treatment,2025-03-05
ASG-004240,EXP-0001,LD-034530,,CO-0070190,community,2025Q1,CMP-00152,treatment,2025-03-05
ASG-004241,EXP-0001,LD-034531,,CO-0006319,community,2025Q1,CMP-00153,treatment,2025-03-05
ASG-004242,EXP-0001,LD-034532,,CO-0062485,community,2025Q1,CMP-00154,treatment,2025-03-05
ASG-004243,EXP-0001,LD-034581,,CO-0005834,community,2025Q1,CMP-00152,treatment,2025-03-06
ASG-004244,EXP-0001,LD-034582,,CO-0018264,community,2025Q1,CMP-00153,treatment,2025-03-06
ASG-004245,EXP-0001,LD-034583,,CO-0005866,community,2025Q1,CMP-00153,treatment,2025-03-06
ASG-004246,EXP-0001,LD-034584,,CO-0119227,community,2025Q1,CMP-00154,treatment,2025-03-06
ASG-004247,EXP-0001,LD-034585,ACC-000710,CO-0100685,community,2025Q1,CMP-00152,treatment,2025-03-07
ASG-004248,EXP-0001,LD-034631,,CO-0096587,community,2025Q1,CMP-00154,treatment,2025-03-07
ASG-004249,EXP-0001,LD-034632,,CO-0031677,community,2025Q1,CMP-00155,control,2025-03-07
ASG-004250,EXP-0001,LD-034633,,CO-0118438,community,2025Q1,CMP-00155,control,2025-03-07
ASG-004251,EXP-0001,LD-034634,,CO-0057019,community,2025Q1,CMP-00155,control,2025-03-07
ASG-004252,EXP-0001,LD-034678,,CO-0060328,community,2025Q1,CMP-00153,treatment,2025-03-08
ASG-004253,EXP-0001,LD-034679,,CO-0040104,community,2025Q1,CMP-00153,treatment,2025-03-08
ASG-004254,EXP-0001,LD-034680,,CO-0007319,community,2025Q1,CMP-00153,treatment,2025-03-08
ASG-004255,EXP-0001,LD-034681,,CO-0036211,community,2025Q1,CMP-00154,treatment,2025-03-08
ASG-004256,EXP-0001,LD-034682,,CO-0062441,community,2025Q1,CMP-00154,treatment,2025-03-08
ASG-004257,EXP-0001,LD-034683,,CO-0113119,community,2025Q1,CMP-00155,control,2025-03-08
ASG-004258,EXP-0001,LD-034684,,CO-0043553,community,2025Q1,CMP-00155,control,2025-03-08
ASG-004259,EXP-0001,LD-034715,,CO-0007739,community,2025Q1,CMP-00153,treatment,2025-03-09
ASG-004260,EXP-0001,LD-034716,,CO-0123070,community,2025Q1,CMP-00154,treatment,2025-03-09
ASG-004261,EXP-0001,LD-034718,ACC-003192,CO-0007692,community,2025Q1,CMP-00152,treatment,2025-03-10
ASG-004262,EXP-0001,LD-034752,,CO-0073668,community,2025Q1,CMP-00152,treatment,2025-03-10
ASG-004263,EXP-0001,LD-034753,,CO-0112492,community,2025Q1,CMP-00153,treatment,2025-03-10
ASG-004264,EXP-0001,LD-034754,ACC-007286,CO-0020121,community,2025Q1,CMP-00154,treatment,2025-03-11
ASG-004265,EXP-0001,LD-034790,,CO-0115869,community,2025Q1,CMP-00152,treatment,2025-03-11
ASG-004266,EXP-0001,LD-034791,,CO-0084545,community,2025Q1,CMP-00152,treatment,2025-03-11
ASG-004267,EXP-0001,LD-034792,,CO-0117154,community,2025Q1,CMP-00152,treatment,2025-03-11
ASG-004268,EXP-0001,LD-034793,,CO-0037175,community,2025Q1,CMP-00152,treatment,2025-03-11
ASG-004269,EXP-0001,LD-034794,,CO-0084201,community,2025Q1,CMP-00153,treatment,2025-03-11
ASG-004270,EXP-0001,LD-034795,,CO-0060090,community,2025Q1,CMP-00153,treatment,2025-03-11
ASG-004271,EXP-0001,LD-034796,,CO-0008096,community,2025Q1,CMP-00154,treatment,2025-03-11
ASG-004272,EXP-0001,LD-034839,,CO-0090640,community,2025Q1,CMP-00154,treatment,2025-03-12
ASG-004273,EXP-0001,LD-034840,,CO-0113835,community,2025Q1,CMP-00154,treatment,2025-03-12
ASG-004274,EXP-0001,LD-034871,,CO-0082453,community,2025Q1,CMP-00154,treatment,2025-03-13
ASG-004275,EXP-0001,LD-034872,ACC-000334,CO-0024879,community,2025Q1,CMP-00154,treatment,2025-03-14
ASG-004276,EXP-0001,LD-034908,,CO-0003657,community,2025Q1,CMP-00154,treatment,2025-03-14
ASG-004277,EXP-0001,LD-034909,,CO-0076593,community,2025Q1,CMP-00154,treatment,2025-03-14
ASG-004278,EXP-0001,LD-034910,,CO-0120828,community,2025Q1,CMP-00155,control,2025-03-14
ASG-004279,EXP-0001,LD-034958,,CO-0088892,community,2025Q1,CMP-00154,treatment,2025-03-15
ASG-004280,EXP-0001,LD-034959,,CO-0109651,community,2025Q1,CMP-00154,treatment,2025-03-15
ASG-004281,EXP-0001,LD-034960,,CO-0032678,community,2025Q1,CMP-00154,treatment,2025-03-15
ASG-004282,EXP-0001,LD-035000,,CO-0010863,community,2025Q1,CMP-00152,treatment,2025-03-16
ASG-004283,EXP-0001,LD-035001,,CO-0010566,community,2025Q1,CMP-00154,treatment,2025-03-16
ASG-004284,EXP-0001,LD-035002,,CO-0038305,community,2025Q1,CMP-00154,treatment,2025-03-16
ASG-004285,EXP-0001,LD-035003,,CO-0060905,community,2025Q1,CMP-00154,treatment,2025-03-16
ASG-004286,EXP-0001,LD-035037,,CO-0036649,community,2025Q1,CMP-00152,treatment,2025-03-17
ASG-004287,EXP-0001,LD-035038,,CO-0004001,community,2025Q1,CMP-00154,treatment,2025-03-17
ASG-004288,EXP-0001,LD-035069,,CO-0080990,community,2025Q1,CMP-00152,treatment,2025-03-18
ASG-004289,EXP-0001,LD-035070,,CO-0093829,community,2025Q1,CMP-00152,treatment,2025-03-18
ASG-004290,EXP-0001,LD-035071,,CO-0015289,community,2025Q1,CMP-00152,treatment,2025-03-18
ASG-004291,EXP-0001,LD-035072,,CO-0068012,community,2025Q1,CMP-00155,control,2025-03-18
ASG-004292,EXP-0001,LD-035109,,CO-0106649,community,2025Q1,CMP-00152,treatment,2025-03-19
ASG-004293,EXP-0001,LD-035110,,CO-0058753,community,2025Q1,CMP-00153,treatment,2025-03-19
ASG-004294,EXP-0001,LD-035111,,CO-0110538,community,2025Q1,CMP-00155,control,2025-03-19
ASG-004295,EXP-0001,LD-035112,,CO-0008457,community,2025Q1,CMP-00155,control,2025-03-19
ASG-004296,EXP-0001,LD-035146,,CO-0094179,community,2025Q1,CMP-00153,treatment,2025-03-20
ASG-004297,EXP-0001,LD-035147,,CO-0117167,community,2025Q1,CMP-00154,treatment,2025-03-20
ASG-004298,EXP-0001,LD-035148,,CO-0016947,community,2025Q1,CMP-00154,treatment,2025-03-20
ASG-004299,EXP-0001,LD-035149,,CO-0017206,community,2025Q1,CMP-00155,control,2025-03-20
ASG-004300,EXP-0001,LD-035191,,CO-0114948,community,2025Q1,CMP-00155,control,2025-03-21
ASG-004301,EXP-0001,LD-035232,,CO-0076470,community,2025Q1,CMP-00154,treatment,2025-03-22
ASG-004302,EXP-0001,LD-035268,,CO-0065001,community,2025Q1,CMP-00152,treatment,2025-03-23
ASG-004303,EXP-0001,LD-035269,,CO-0102989,community,2025Q1,CMP-00154,treatment,2025-03-23
ASG-004304,EXP-0001,LD-035270,,CO-0090308,community,2025Q1,CMP-00154,treatment,2025-03-23
ASG-004305,EXP-0001,LD-035271,,CO-0080783,community,2025Q1,CMP-00155,control,2025-03-23
ASG-004306,EXP-0001,LD-035272,,CO-0010388,community,2025Q1,CMP-00155,control,2025-03-23
ASG-004307,EXP-0001,LD-035273,ACC-003126,CO-0030370,community,2025Q1,CMP-00153,treatment,2025-03-24
ASG-004308,EXP-0001,LD-035312,,CO-0108652,community,2025Q1,CMP-00152,treatment,2025-03-24
ASG-004309,EXP-0001,LD-035313,,CO-0060597,community,2025Q1,CMP-00154,treatment,2025-03-24
ASG-004310,EXP-0001,LD-035314,ACC-002922,CO-0068363,community,2025Q1,CMP-00154,treatment,2025-03-25
ASG-004311,EXP-0001,LD-035375,,CO-0100221,community,2025Q1,CMP-00153,treatment,2025-03-26
ASG-004312,EXP-0001,LD-035376,,CO-0114700,community,2025Q1,CMP-00155,control,2025-03-26
ASG-004313,EXP-0001,LD-035398,,CO-0104071,community,2025Q1,CMP-00152,treatment,2025-03-27
ASG-004314,EXP-0001,LD-035399,,CO-0084742,community,2025Q1,CMP-00152,treatment,2025-03-27
ASG-004315,EXP-0001,LD-035400,,CO-0014108,community,2025Q1,CMP-00152,treatment,2025-03-27
ASG-004316,EXP-0001,LD-035401,,CO-0074010,community,2025Q1,CMP-00152,treatment,2025-03-27
ASG-004317,EXP-0001,LD-035402,,CO-0036091,community,2025Q1,CMP-00155,control,2025-03-27
ASG-004318,EXP-0001,LD-035423,,CO-0021914,community,2025Q1,CMP-00152,treatment,2025-03-28
ASG-004319,EXP-0001,LD-035424,,CO-0060213,community,2025Q1,CMP-00155,control,2025-03-28
ASG-004320,EXP-0001,LD-035444,,CO-0120770,community,2025Q1,CMP-00152,treatment,2025-03-29
ASG-004321,EXP-0001,LD-035445,,CO-0039652,community,2025Q1,CMP-00155,control,2025-03-29
ASG-004322,EXP-0001,LD-035461,,CO-0087990,community,2025Q1,CMP-00152,treatment,2025-03-30
ASG-004323,EXP-0001,LD-035462,,CO-0035921,community,2025Q1,CMP-00152,treatment,2025-03-30
ASG-004324,EXP-0001,LD-035493,,CO-0113392,community,2025Q1,CMP-00152,treatment,2025-03-31
ASG-004325,EXP-0001,LD-035494,,CO-0039866,community,2025Q1,CMP-00155,control,2025-03-31
ASG-004326,EXP-0001,LD-031803,ACC-001889,CO-0091470,paid,2025Q1,CMP-00147,treatment,2025-01-01
ASG-004327,EXP-0001,LD-031815,,CO-0116441,paid,2025Q1,CMP-00147,treatment,2025-01-01
ASG-004328,EXP-0001,LD-031816,,CO-0000629,paid,2025Q1,CMP-00147,treatment,2025-01-01
ASG-004329,EXP-0001,LD-031817,,CO-0093407,paid,2025Q1,CMP-00147,treatment,2025-01-01
ASG-004330,EXP-0001,LD-031818,,CO-0059136,paid,2025Q1,CMP-00147,treatment,2025-01-01
ASG-004331,EXP-0001,LD-031819,,CO-0085735,paid,2025Q1,CMP-00151,control,2025-01-01
ASG-004332,EXP-0001,LD-031820,,CO-0021568,paid,2025Q1,CMP-00151,control,2025-01-01
ASG-004333,EXP-0001,LD-031821,,CO-0047625,paid,2025Q1,CMP-00151,control,2025-01-01
ASG-004334,EXP-0001,LD-031822,,CO-0090134,paid,2025Q1,CMP-00151,control,2025-01-01
ASG-004335,EXP-0001,LD-031823,,CO-0018448,paid,2025Q1,CMP-00151,control,2025-01-01
ASG-004336,EXP-0001,LD-031835,,CO-0056335,paid,2025Q1,CMP-00147,treatment,2025-01-02
ASG-004337,EXP-0001,LD-031836,,CO-0078107,paid,2025Q1,CMP-00147,treatment,2025-01-02
ASG-004338,EXP-0001,LD-031837,,CO-0009795,paid,2025Q1,CMP-00147,treatment,2025-01-02
ASG-004339,EXP-0001,LD-031838,,CO-0108500,paid,2025Q1,CMP-00151,control,2025-01-02
ASG-004340,EXP-0001,LD-031839,,CO-0035486,paid,2025Q1,CMP-00151,control,2025-01-02
ASG-004341,EXP-0001,LD-031840,,CO-0040638,paid,2025Q1,CMP-00151,control,2025-01-02
ASG-004342,EXP-0001,LD-031841,,CO-0090347,paid,2025Q1,CMP-00151,control,2025-01-02
ASG-004343,EXP-0001,LD-031842,,CO-0026954,paid,2025Q1,CMP-00151,control,2025-01-02
ASG-004344,EXP-0001,LD-031843,,CO-0039364,paid,2025Q1,CMP-00151,control,2025-01-02
ASG-004345,EXP-0001,LD-031845,ACC-004832,CO-0068029,paid,2025Q1,CMP-00147,treatment,2025-01-03
ASG-004346,EXP-0001,LD-031846,ACC-006099,CO-0045566,paid,2025Q1,CMP-00149,treatment,2025-01-03
ASG-004347,EXP-0001,LD-031854,,CO-0030157,paid,2025Q1,CMP-00147,treatment,2025-01-03
ASG-004348,EXP-0001,LD-031855,,CO-0065715,paid,2025Q1,CMP-00148,treatment,2025-01-03
ASG-004349,EXP-0001,LD-031856,,CO-0080287,paid,2025Q1,CMP-00148,treatment,2025-01-03
ASG-004350,EXP-0001,LD-031857,,CO-0120453,paid,2025Q1,CMP-00148,treatment,2025-01-03
ASG-004351,EXP-0001,LD-031858,,CO-0099483,paid,2025Q1,CMP-00148,treatment,2025-01-03
ASG-004352,EXP-0001,LD-031859,,CO-0109714,paid,2025Q1,CMP-00148,treatment,2025-01-03
ASG-004353,EXP-0001,LD-031860,,CO-0121093,paid,2025Q1,CMP-00149,treatment,2025-01-03
ASG-004354,EXP-0001,LD-031861,,CO-0005481,paid,2025Q1,CMP-00149,treatment,2025-01-03
ASG-004355,EXP-0001,LD-031862,,CO-0072116,paid,2025Q1,CMP-00149,treatment,2025-01-03
ASG-004356,EXP-0001,LD-031863,,CO-0081259,paid,2025Q1,CMP-00149,treatment,2025-01-03
ASG-004357,EXP-0001,LD-031864,,CO-0098816,paid,2025Q1,CMP-00151,control,2025-01-03
ASG-004358,EXP-0001,LD-031865,,CO-0118608,paid,2025Q1,CMP-00151,control,2025-01-03
ASG-004359,EXP-0001,LD-031866,,CO-0041748,paid,2025Q1,CMP-00151,control,2025-01-03
ASG-004360,EXP-0001,LD-031870,ACC-000839,CO-0084049,paid,2025Q1,CMP-00148,treatment,2025-01-04
ASG-004361,EXP-0001,LD-031876,,CO-0105460,paid,2025Q1,CMP-00147,treatment,2025-01-04
ASG-004362,EXP-0001,LD-031877,,CO-0073807,paid,2025Q1,CMP-00147,treatment,2025-01-04
ASG-004363,EXP-0001,LD-031878,,CO-0070449,paid,2025Q1,CMP-00147,treatment,2025-01-04
ASG-004364,EXP-0001,LD-031879,,CO-0122657,paid,2025Q1,CMP-00148,treatment,2025-01-04
ASG-004365,EXP-0001,LD-031880,,CO-0121143,paid,2025Q1,CMP-00148,treatment,2025-01-04
ASG-004366,EXP-0001,LD-031881,,CO-0119671,paid,2025Q1,CMP-00148,treatment,2025-01-04
ASG-004367,EXP-0001,LD-031882,,CO-0068280,paid,2025Q1,CMP-00148,treatment,2025-01-04
ASG-004368,EXP-0001,LD-031883,,CO-0080992,paid,2025Q1,CMP-00148,treatment,2025-01-04
ASG-004369,EXP-0001,LD-031884,,CO-0047680,paid,2025Q1,CMP-00148,treatment,2025-01-04
ASG-004370,EXP-0001,LD-031885,,CO-0082600,paid,2025Q1,CMP-00148,treatment,2025-01-04
ASG-004371,EXP-0001,LD-031886,,CO-0097834,paid,2025Q1,CMP-00148,treatment,2025-01-04
ASG-004372,EXP-0001,LD-031887,,CO-0003823,paid,2025Q1,CMP-00148,treatment,2025-01-04
ASG-004373,EXP-0001,LD-031888,,CO-0112583,paid,2025Q1,CMP-00149,treatment,2025-01-04
ASG-004374,EXP-0001,LD-031889,,CO-0019477,paid,2025Q1,CMP-00149,treatment,2025-01-04
ASG-004375,EXP-0001,LD-031890,,CO-0033973,paid,2025Q1,CMP-00149,treatment,2025-01-04
ASG-004376,EXP-0001,LD-031891,,CO-0104338,paid,2025Q1,CMP-00149,treatment,2025-01-04
ASG-004377,EXP-0001,LD-031892,,CO-0055074,paid,2025Q1,CMP-00151,control,2025-01-04
ASG-004378,EXP-0001,LD-031893,,CO-0098579,paid,2025Q1,CMP-00151,control,2025-01-04
ASG-004379,EXP-0001,LD-031894,,CO-0111079,paid,2025Q1,CMP-00151,control,2025-01-04
ASG-004380,EXP-0001,LD-031895,,CO-0005408,paid,2025Q1,CMP-00151,control,2025-01-04
ASG-004381,EXP-0001,LD-031896,,CO-0067284,paid,2025Q1,CMP-00151,control,2025-01-04
ASG-004382,EXP-0001,LD-031898,ACC-007219,CO-0103068,paid,2025Q1,CMP-00147,treatment,2025-01-05
ASG-004383,EXP-0001,LD-031919,,CO-0014037,paid,2025Q1,CMP-00147,treatment,2025-01-05
ASG-004384,EXP-0001,LD-031920,,CO-0004332,paid,2025Q1,CMP-00148,treatment,2025-01-05
ASG-004385,EXP-0001,LD-031921,,CO-0026115,paid,2025Q1,CMP-00148,treatment,2025-01-05
ASG-004386,EXP-0001,LD-031922,,CO-0120314,paid,2025Q1,CMP-00148,treatment,2025-01-05
ASG-004387,EXP-0001,LD-031923,,CO-0060070,paid,2025Q1,CMP-00148,treatment,2025-01-05
ASG-004388,EXP-0001,LD-031924,,CO-0001462,paid,2025Q1,CMP-00149,treatment,2025-01-05
ASG-004389,EXP-0001,LD-031925,,CO-0001892,paid,2025Q1,CMP-00149,treatment,2025-01-05
ASG-004390,EXP-0001,LD-031926,,CO-0087694,paid,2025Q1,CMP-00149,treatment,2025-01-05
ASG-004391,EXP-0001,LD-031927,,CO-0095999,paid,2025Q1,CMP-00151,control,2025-01-05
ASG-004392,EXP-0001,LD-031928,,CO-0011595,paid,2025Q1,CMP-00151,control,2025-01-05
ASG-004393,EXP-0001,LD-031929,,CO-0049894,paid,2025Q1,CMP-00151,control,2025-01-05
ASG-004394,EXP-0001,LD-031955,,CO-0072384,paid,2025Q1,CMP-00147,treatment,2025-01-06
ASG-004395,EXP-0001,LD-031956,,CO-0089417,paid,2025Q1,CMP-00147,treatment,2025-01-06
ASG-004396,EXP-0001,LD-031957,,CO-0089590,paid,2025Q1,CMP-00148,treatment,2025-01-06
ASG-004397,EXP-0001,LD-031958,,CO-0052130,paid,2025Q1,CMP-00148,treatment,2025-01-06
ASG-004398,EXP-0001,LD-031959,,CO-0012669,paid,2025Q1,CMP-00148,treatment,2025-01-06
ASG-004399,EXP-0001,LD-031960,,CO-0103682,paid,2025Q1,CMP-00148,treatment,2025-01-06
ASG-004400,EXP-0001,LD-031961,,CO-0032977,paid,2025Q1,CMP-00148,treatment,2025-01-06
ASG-004401,EXP-0001,LD-031962,,CO-0026345,paid,2025Q1,CMP-00148,treatment,2025-01-06
ASG-004402,EXP-0001,LD-031963,,CO-0114628,paid,2025Q1,CMP-00149,treatment,2025-01-06
ASG-004403,EXP-0001,LD-031964,,CO-0009838,paid,2025Q1,CMP-00149,treatment,2025-01-06
ASG-004404,EXP-0001,LD-031965,,CO-0045768,paid,2025Q1,CMP-00149,treatment,2025-01-06
ASG-004405,EXP-0001,LD-031966,,CO-0033550,paid,2025Q1,CMP-00149,treatment,2025-01-06
ASG-004406,EXP-0001,LD-031967,,CO-0032876,paid,2025Q1,CMP-00151,control,2025-01-06
ASG-004407,EXP-0001,LD-031968,,CO-0121382,paid,2025Q1,CMP-00151,control,2025-01-06
ASG-004408,EXP-0001,LD-031969,,CO-0100679,paid,2025Q1,CMP-00151,control,2025-01-06
ASG-004409,EXP-0001,LD-031981,,CO-0086980,paid,2025Q1,CMP-00147,treatment,2025-01-07
ASG-004410,EXP-0001,LD-031982,,CO-0111503,paid,2025Q1,CMP-00147,treatment,2025-01-07
ASG-004411,EXP-0001,LD-031983,,CO-0046056,paid,2025Q1,CMP-00148,treatment,2025-01-07
ASG-004412,EXP-0001,LD-031984,,CO-0116139,paid,2025Q1,CMP-00148,treatment,2025-01-07
ASG-004413,EXP-0001,LD-031985,,CO-0066178,paid,2025Q1,CMP-00148,treatment,2025-01-07
ASG-004414,EXP-0001,LD-031986,,CO-0077893,paid,2025Q1,CMP-00149,treatment,2025-01-07
ASG-004415,EXP-0001,LD-031987,,CO-0038262,paid,2025Q1,CMP-00150,treatment,2025-01-07
ASG-004416,EXP-0001,LD-031988,,CO-0004657,paid,2025Q1,CMP-00151,control,2025-01-07
ASG-004417,EXP-0001,LD-031989,,CO-0043777,paid,2025Q1,CMP-00151,control,2025-01-07
ASG-004418,EXP-0001,LD-031990,,CO-0088807,paid,2025Q1,CMP-00151,control,2025-01-07
ASG-004419,EXP-0001,LD-032009,,CO-0000472,paid,2025Q1,CMP-00147,treatment,2025-01-08
ASG-004420,EXP-0001,LD-032010,,CO-0000832,paid,2025Q1,CMP-00147,treatment,2025-01-08
ASG-004421,EXP-0001,LD-032011,,CO-0110268,paid,2025Q1,CMP-00147,treatment,2025-01-08
ASG-004422,EXP-0001,LD-032012,,CO-0112728,paid,2025Q1,CMP-00147,treatment,2025-01-08
ASG-004423,EXP-0001,LD-032013,,CO-0002974,paid,2025Q1,CMP-00147,treatment,2025-01-08
ASG-004424,EXP-0001,LD-032014,,CO-0002999,paid,2025Q1,CMP-00147,treatment,2025-01-08
ASG-004425,EXP-0001,LD-032015,,CO-0071099,paid,2025Q1,CMP-00148,treatment,2025-01-08
ASG-004426,EXP-0001,LD-032016,,CO-0118268,paid,2025Q1,CMP-00148,treatment,2025-01-08
ASG-004427,EXP-0001,LD-032017,,CO-0091302,paid,2025Q1,CMP-00148,treatment,2025-01-08
ASG-004428,EXP-0001,LD-032018,,CO-0034186,paid,2025Q1,CMP-00148,treatment,2025-01-08
ASG-004429,EXP-0001,LD-032019,,CO-0079751,paid,2025Q1,CMP-00149,treatment,2025-01-08
ASG-004430,EXP-0001,LD-032020,,CO-0050601,paid,2025Q1,CMP-00149,treatment,2025-01-08
ASG-004431,EXP-0001,LD-032021,,CO-0079988,paid,2025Q1,CMP-00149,treatment,2025-01-08
ASG-004432,EXP-0001,LD-032022,,CO-0056869,paid,2025Q1,CMP-00149,treatment,2025-01-08
ASG-004433,EXP-0001,LD-032023,,CO-0008086,paid,2025Q1,CMP-00149,treatment,2025-01-08
ASG-004434,EXP-0001,LD-032024,,CO-0045636,paid,2025Q1,CMP-00149,treatment,2025-01-08
ASG-004435,EXP-0001,LD-032025,,CO-0061167,paid,2025Q1,CMP-00150,treatment,2025-01-08
ASG-004436,EXP-0001,LD-032026,,CO-0104528,paid,2025Q1,CMP-00150,treatment,2025-01-08
ASG-004437,EXP-0001,LD-032027,,CO-0033726,paid,2025Q1,CMP-00150,treatment,2025-01-08
ASG-004438,EXP-0001,LD-032028,,CO-0057100,paid,2025Q1,CMP-00150,treatment,2025-01-08
ASG-004439,EXP-0001,LD-032029,,CO-0068648,paid,2025Q1,CMP-00150,treatment,2025-01-08
ASG-004440,EXP-0001,LD-032030,,CO-0003375,paid,2025Q1,CMP-00151,control,2025-01-08
ASG-004441,EXP-0001,LD-032031,,CO-0100558,paid,2025Q1,CMP-00151,control,2025-01-08
ASG-004442,EXP-0001,LD-032032,,CO-0041255,paid,2025Q1,CMP-00151,control,2025-01-08
ASG-004443,EXP-0001,LD-032039,ACC-003047,CO-0073502,paid,2025Q1,CMP-00150,treatment,2025-01-09
ASG-004444,EXP-0001,LD-032055,,CO-0036599,paid,2025Q1,CMP-00148,treatment,2025-01-09
ASG-004445,EXP-0001,LD-032056,,CO-0033129,paid,2025Q1,CMP-00148,treatment,2025-01-09
ASG-004446,EXP-0001,LD-032057,,CO-0056120,paid,2025Q1,CMP-00148,treatment,2025-01-09
ASG-004447,EXP-0001,LD-032058,,CO-0091164,paid,2025Q1,CMP-00148,treatment,2025-01-09
ASG-004448,EXP-0001,LD-032059,,CO-0030824,paid,2025Q1,CMP-00148,treatment,2025-01-09
ASG-004449,EXP-0001,LD-032060,,CO-0064318,paid,2025Q1,CMP-00149,treatment,2025-01-09
ASG-004450,EXP-0001,LD-032061,,CO-0076581,paid,2025Q1,CMP-00149,treatment,2025-01-09
ASG-004451,EXP-0001,LD-032062,,CO-0099965,paid,2025Q1,CMP-00149,treatment,2025-01-09
ASG-004452,EXP-0001,LD-032063,,CO-0117340,paid,2025Q1,CMP-00149,treatment,2025-01-09
ASG-004453,EXP-0001,LD-032064,,CO-0058279,paid,2025Q1,CMP-00149,treatment,2025-01-09
ASG-004454,EXP-0001,LD-032065,,CO-0105327,paid,2025Q1,CMP-00149,treatment,2025-01-09
ASG-004455,EXP-0001,LD-032066,,CO-0001569,paid,2025Q1,CMP-00150,treatment,2025-01-09
ASG-004456,EXP-0001,LD-032067,,CO-0040360,paid,2025Q1,CMP-00150,treatment,2025-01-09
ASG-004457,EXP-0001,LD-032068,,CO-0110852,paid,2025Q1,CMP-00150,treatment,2025-01-09
ASG-004458,EXP-0001,LD-032069,,CO-0002275,paid,2025Q1,CMP-00150,treatment,2025-01-09
ASG-004459,EXP-0001,LD-032070,,CO-0055990,paid,2025Q1,CMP-00150,treatment,2025-01-09
ASG-004460,EXP-0001,LD-032071,,CO-0017695,paid,2025Q1,CMP-00151,control,2025-01-09
ASG-004461,EXP-0001,LD-032082,,CO-0041434,paid,2025Q1,CMP-00147,treatment,2025-01-10
ASG-004462,EXP-0001,LD-032083,,CO-0066576,paid,2025Q1,CMP-00147,treatment,2025-01-10
ASG-004463,EXP-0001,LD-032084,,CO-0091605,paid,2025Q1,CMP-00147,treatment,2025-01-10
ASG-004464,EXP-0001,LD-032085,,CO-0076922,paid,2025Q1,CMP-00147,treatment,2025-01-10
ASG-004465,EXP-0001,LD-032086,,CO-0043130,paid,2025Q1,CMP-00147,treatment,2025-01-10
ASG-004466,EXP-0001,LD-032087,,CO-0035904,paid,2025Q1,CMP-00147,treatment,2025-01-10
ASG-004467,EXP-0001,LD-032088,,CO-0077185,paid,2025Q1,CMP-00148,treatment,2025-01-10
ASG-004468,EXP-0001,LD-032089,,CO-0107956,paid,2025Q1,CMP-00148,treatment,2025-01-10
ASG-004469,EXP-0001,LD-032090,,CO-0055445,paid,2025Q1,CMP-00148,treatment,2025-01-10
ASG-004470,EXP-0001,LD-032091,,CO-0077654,paid,2025Q1,CMP-00148,treatment,2025-01-10
ASG-004471,EXP-0001,LD-032092,,CO-0121421,paid,2025Q1,CMP-00148,treatment,2025-01-10
ASG-004472,EXP-0001,LD-032093,,CO-0105090,paid,2025Q1,CMP-00148,treatment,2025-01-10
ASG-004473,EXP-0001,LD-032094,,CO-0094489,paid,2025Q1,CMP-00148,treatment,2025-01-10
ASG-004474,EXP-0001,LD-032095,,CO-0102536,paid,2025Q1,CMP-00149,treatment,2025-01-10
ASG-004475,EXP-0001,LD-032096,,CO-0109115,paid,2025Q1,CMP-00149,treatment,2025-01-10
ASG-004476,EXP-0001,LD-032097,,CO-0039467,paid,2025Q1,CMP-00149,treatment,2025-01-10
ASG-004477,EXP-0001,LD-032098,,CO-0109576,paid,2025Q1,CMP-00149,treatment,2025-01-10
ASG-004478,EXP-0001,LD-032099,,CO-0080398,paid,2025Q1,CMP-00150,treatment,2025-01-10
ASG-004479,EXP-0001,LD-032100,,CO-0015241,paid,2025Q1,CMP-00150,treatment,2025-01-10
ASG-004480,EXP-0001,LD-032101,,CO-0022703,paid,2025Q1,CMP-00150,treatment,2025-01-10
ASG-004481,EXP-0001,LD-032102,,CO-0021345,paid,2025Q1,CMP-00150,treatment,2025-01-10
ASG-004482,EXP-0001,LD-032103,,CO-0122826,paid,2025Q1,CMP-00150,treatment,2025-01-10
ASG-004483,EXP-0001,LD-032104,,CO-0052849,paid,2025Q1,CMP-00150,treatment,2025-01-10
ASG-004484,EXP-0001,LD-032105,,CO-0040031,paid,2025Q1,CMP-00150,treatment,2025-01-10
ASG-004485,EXP-0001,LD-032106,,CO-0015791,paid,2025Q1,CMP-00150,treatment,2025-01-10
ASG-004486,EXP-0001,LD-032107,,CO-0092739,paid,2025Q1,CMP-00150,treatment,2025-01-10
ASG-004487,EXP-0001,LD-032108,,CO-0047461,paid,2025Q1,CMP-00150,treatment,2025-01-10
ASG-004488,EXP-0001,LD-032109,,CO-0045372,paid,2025Q1,CMP-00150,treatment,2025-01-10
ASG-004489,EXP-0001,LD-032135,,CO-0040706,paid,2025Q1,CMP-00147,treatment,2025-01-11
ASG-004490,EXP-0001,LD-032136,,CO-0030314,paid,2025Q1,CMP-00147,treatment,2025-01-11
ASG-004491,EXP-0001,LD-032137,,CO-0099528,paid,2025Q1,CMP-00147,treatment,2025-01-11
ASG-004492,EXP-0001,LD-032138,,CO-0081262,paid,2025Q1,CMP-00147,treatment,2025-01-11
ASG-004493,EXP-0001,LD-032139,,CO-0007047,paid,2025Q1,CMP-00148,treatment,2025-01-11
ASG-004494,EXP-0001,LD-032140,,CO-0059060,paid,2025Q1,CMP-00148,treatment,2025-01-11
ASG-004495,EXP-0001,LD-032141,,CO-0092337,paid,2025Q1,CMP-00148,treatment,2025-01-11
ASG-004496,EXP-0001,LD-032142,,CO-0036940,paid,2025Q1,CMP-00148,treatment,2025-01-11
ASG-004497,EXP-0001,LD-032143,,CO-0113992,paid,2025Q1,CMP-00148,treatment,2025-01-11
ASG-004498,EXP-0001,LD-032144,,CO-0033875,paid,2025Q1,CMP-00149,treatment,2025-01-11
ASG-004499,EXP-0001,LD-032145,,CO-0082436,paid,2025Q1,CMP-00149,treatment,2025-01-11
ASG-004500,EXP-0001,LD-032146,,CO-0050688,paid,2025Q1,CMP-00149,treatment,2025-01-11
ASG-004501,EXP-0001,LD-032147,,CO-0068980,paid,2025Q1,CMP-00149,treatment,2025-01-11
ASG-004502,EXP-0001,LD-032148,,CO-0045510,paid,2025Q1,CMP-00149,treatment,2025-01-11
ASG-004503,EXP-0001,LD-032149,,CO-0079035,paid,2025Q1,CMP-00149,treatment,2025-01-11
ASG-004504,EXP-0001,LD-032150,,CO-0066328,paid,2025Q1,CMP-00149,treatment,2025-01-11
ASG-004505,EXP-0001,LD-032151,,CO-0067700,paid,2025Q1,CMP-00149,treatment,2025-01-11
ASG-004506,EXP-0001,LD-032152,,CO-0052217,paid,2025Q1,CMP-00150,treatment,2025-01-11
ASG-004507,EXP-0001,LD-032153,,CO-0113380,paid,2025Q1,CMP-00150,treatment,2025-01-11
ASG-004508,EXP-0001,LD-032154,,CO-0101674,paid,2025Q1,CMP-00150,treatment,2025-01-11
ASG-004509,EXP-0001,LD-032155,,CO-0026172,paid,2025Q1,CMP-00150,treatment,2025-01-11
ASG-004510,EXP-0001,LD-032156,,CO-0068155,paid,2025Q1,CMP-00150,treatment,2025-01-11
ASG-004511,EXP-0001,LD-032157,,CO-0096498,paid,2025Q1,CMP-00150,treatment,2025-01-11
ASG-004512,EXP-0001,LD-032158,,CO-0002463,paid,2025Q1,CMP-00150,treatment,2025-01-11
ASG-004513,EXP-0001,LD-032159,,CO-0040131,paid,2025Q1,CMP-00150,treatment,2025-01-11
ASG-004514,EXP-0001,LD-032160,,CO-0103775,paid,2025Q1,CMP-00150,treatment,2025-01-11
ASG-004515,EXP-0001,LD-032161,,CO-0001513,paid,2025Q1,CMP-00151,control,2025-01-11
ASG-004516,EXP-0001,LD-032162,,CO-0040664,paid,2025Q1,CMP-00151,control,2025-01-11
ASG-004517,EXP-0001,LD-032163,,CO-0025601,paid,2025Q1,CMP-00151,control,2025-01-11
ASG-004518,EXP-0001,LD-032164,,CO-0047249,paid,2025Q1,CMP-00151,control,2025-01-11
ASG-004519,EXP-0001,LD-032165,,CO-0013872,paid,2025Q1,CMP-00151,control,2025-01-11
ASG-004520,EXP-0001,LD-032166,,CO-0040765,paid,2025Q1,CMP-00151,control,2025-01-11
ASG-004521,EXP-0001,LD-032192,,CO-0065843,paid,2025Q1,CMP-00147,treatment,2025-01-12
ASG-004522,EXP-0001,LD-032193,,CO-0048691,paid,2025Q1,CMP-00147,treatment,2025-01-12
ASG-004523,EXP-0001,LD-032194,,CO-0117015,paid,2025Q1,CMP-00148,treatment,2025-01-12
ASG-004524,EXP-0001,LD-032195,,CO-0020464,paid,2025Q1,CMP-00148,treatment,2025-01-12
ASG-004525,EXP-0001,LD-032196,,CO-0094517,paid,2025Q1,CMP-00148,treatment,2025-01-12
ASG-004526,EXP-0001,LD-032197,,CO-0002381,paid,2025Q1,CMP-00148,treatment,2025-01-12
ASG-004527,EXP-0001,LD-032198,,CO-0050168,paid,2025Q1,CMP-00148,treatment,2025-01-12
ASG-004528,EXP-0001,LD-032199,,CO-0011536,paid,2025Q1,CMP-00149,treatment,2025-01-12
ASG-004529,EXP-0001,LD-032200,,CO-0003113,paid,2025Q1,CMP-00149,treatment,2025-01-12
ASG-004530,EXP-0001,LD-032201,,CO-0080003,paid,2025Q1,CMP-00150,treatment,2025-01-12
ASG-004531,EXP-0001,LD-032202,,CO-0009177,paid,2025Q1,CMP-00150,treatment,2025-01-12
ASG-004532,EXP-0001,LD-032203,,CO-0114606,paid,2025Q1,CMP-00150,treatment,2025-01-12
ASG-004533,EXP-0001,LD-032204,,CO-0049956,paid,2025Q1,CMP-00150,treatment,2025-01-12
ASG-004534,EXP-0001,LD-032205,,CO-0026478,paid,2025Q1,CMP-00150,treatment,2025-01-12
ASG-004535,EXP-0001,LD-032206,,CO-0107331,paid,2025Q1,CMP-00151,control,2025-01-12
ASG-004536,EXP-0001,LD-032207,,CO-0121621,paid,2025Q1,CMP-00151,control,2025-01-12
ASG-004537,EXP-0001,LD-032230,,CO-0074105,paid,2025Q1,CMP-00147,treatment,2025-01-13
ASG-004538,EXP-0001,LD-032231,,CO-0117478,paid,2025Q1,CMP-00147,treatment,2025-01-13
ASG-004539,EXP-0001,LD-032232,,CO-0080823,paid,2025Q1,CMP-00147,treatment,2025-01-13
ASG-004540,EXP-0001,LD-032233,,CO-0036434,paid,2025Q1,CMP-00147,treatment,2025-01-13
ASG-004541,EXP-0001,LD-032234,,CO-0097049,paid,2025Q1,CMP-00147,treatment,2025-01-13
ASG-004542,EXP-0001,LD-032235,,CO-0060550,paid,2025Q1,CMP-00147,treatment,2025-01-13
ASG-004543,EXP-0001,LD-032236,,CO-0112396,paid,2025Q1,CMP-00147,treatment,2025-01-13
ASG-004544,EXP-0001,LD-032237,,CO-0059123,paid,2025Q1,CMP-00148,treatment,2025-01-13
ASG-004545,EXP-0001,LD-032238,,CO-0036339,paid,2025Q1,CMP-00148,treatment,2025-01-13
ASG-004546,EXP-0001,LD-032239,,CO-0116835,paid,2025Q1,CMP-00148,treatment,2025-01-13
ASG-004547,EXP-0001,LD-032240,,CO-0113837,paid,2025Q1,CMP-00148,treatment,2025-01-13
ASG-004548,EXP-0001,LD-032241,,CO-0078964,paid,2025Q1,CMP-00148,treatment,2025-01-13
ASG-004549,EXP-0001,LD-032242,,CO-0096209,paid,2025Q1,CMP-00148,treatment,2025-01-13
ASG-004550,EXP-0001,LD-032243,,CO-0108433,paid,2025Q1,CMP-00148,treatment,2025-01-13
ASG-004551,EXP-0001,LD-032244,,CO-0090143,paid,2025Q1,CMP-00148,treatment,2025-01-13
ASG-004552,EXP-0001,LD-032245,,CO-0029522,paid,2025Q1,CMP-00150,treatment,2025-01-13
ASG-004553,EXP-0001,LD-032246,,CO-0052867,paid,2025Q1,CMP-00150,treatment,2025-01-13
ASG-004554,EXP-0001,LD-032247,,CO-0081205,paid,2025Q1,CMP-00150,treatment,2025-01-13
ASG-004555,EXP-0001,LD-032248,,CO-0054264,paid,2025Q1,CMP-00150,treatment,2025-01-13
ASG-004556,EXP-0001,LD-032249,,CO-0120299,paid,2025Q1,CMP-00150,treatment,2025-01-13
ASG-004557,EXP-0001,LD-032250,,CO-0101612,paid,2025Q1,CMP-00150,treatment,2025-01-13
ASG-004558,EXP-0001,LD-032251,,CO-0080303,paid,2025Q1,CMP-00150,treatment,2025-01-13
ASG-004559,EXP-0001,LD-032252,,CO-0009136,paid,2025Q1,CMP-00150,treatment,2025-01-13
ASG-004560,EXP-0001,LD-032253,,CO-0052055,paid,2025Q1,CMP-00150,treatment,2025-01-13
ASG-004561,EXP-0001,LD-032254,,CO-0015031,paid,2025Q1,CMP-00150,treatment,2025-01-13
ASG-004562,EXP-0001,LD-032255,,CO-0074365,paid,2025Q1,CMP-00151,control,2025-01-13
ASG-004563,EXP-0001,LD-032256,,CO-0118853,paid,2025Q1,CMP-00151,control,2025-01-13
ASG-004564,EXP-0001,LD-032274,,CO-0035529,paid,2025Q1,CMP-00148,treatment,2025-01-14
ASG-004565,EXP-0001,LD-032275,,CO-0099409,paid,2025Q1,CMP-00148,treatment,2025-01-14
ASG-004566,EXP-0001,LD-032276,,CO-0052590,paid,2025Q1,CMP-00148,treatment,2025-01-14
ASG-004567,EXP-0001,LD-032277,,CO-0052699,paid,2025Q1,CMP-00148,treatment,2025-01-14
ASG-004568,EXP-0001,LD-032278,,CO-0011581,paid,2025Q1,CMP-00148,treatment,2025-01-14
ASG-004569,EXP-0001,LD-032279,,CO-0000113,paid,2025Q1,CMP-00148,treatment,2025-01-14
ASG-004570,EXP-0001,LD-032280,,CO-0106671,paid,2025Q1,CMP-00148,treatment,2025-01-14
ASG-004571,EXP-0001,LD-032281,,CO-0046636,paid,2025Q1,CMP-00149,treatment,2025-01-14
ASG-004572,EXP-0001,LD-032282,,CO-0015121,paid,2025Q1,CMP-00149,treatment,2025-01-14
ASG-004573,EXP-0001,LD-032283,,CO-0031223,paid,2025Q1,CMP-00149,treatment,2025-01-14
ASG-004574,EXP-0001,LD-032284,,CO-0072659,paid,2025Q1,CMP-00149,treatment,2025-01-14
ASG-004575,EXP-0001,LD-032285,,CO-0111382,paid,2025Q1,CMP-00149,treatment,2025-01-14
ASG-004576,EXP-0001,LD-032286,,CO-0104712,paid,2025Q1,CMP-00150,treatment,2025-01-14
ASG-004577,EXP-0001,LD-032287,,CO-0110863,paid,2025Q1,CMP-00150,treatment,2025-01-14
ASG-004578,EXP-0001,LD-032288,,CO-0056791,paid,2025Q1,CMP-00150,treatment,2025-01-14
ASG-004579,EXP-0001,LD-032289,,CO-0099309,paid,2025Q1,CMP-00150,treatment,2025-01-14
ASG-004580,EXP-0001,LD-032290,,CO-0114986,paid,2025Q1,CMP-00150,treatment,2025-01-14
ASG-004581,EXP-0001,LD-032291,,CO-0014468,paid,2025Q1,CMP-00151,control,2025-01-14
ASG-004582,EXP-0001,LD-032292,,CO-0086525,paid,2025Q1,CMP-00151,control,2025-01-14
ASG-004583,EXP-0001,LD-032293,,CO-0028324,paid,2025Q1,CMP-00151,control,2025-01-14
ASG-004584,EXP-0001,LD-032294,,CO-0090486,paid,2025Q1,CMP-00151,control,2025-01-14
ASG-004585,EXP-0001,LD-032295,,CO-0010927,paid,2025Q1,CMP-00151,control,2025-01-14
ASG-004586,EXP-0001,LD-032296,,CO-0110263,paid,2025Q1,CMP-00151,control,2025-01-14
ASG-004587,EXP-0001,LD-032297,,CO-0094639,paid,2025Q1,CMP-00151,control,2025-01-14
ASG-004588,EXP-0001,LD-032328,,CO-0061661,paid,2025Q1,CMP-00147,treatment,2025-01-15
ASG-004589,EXP-0001,LD-032329,,CO-0098795,paid,2025Q1,CMP-00147,treatment,2025-01-15
ASG-004590,EXP-0001,LD-032330,,CO-0021494,paid,2025Q1,CMP-00147,treatment,2025-01-15
ASG-004591,EXP-0001,LD-032331,,CO-0094955,paid,2025Q1,CMP-00147,treatment,2025-01-15
ASG-004592,EXP-0001,LD-032332,,CO-0030243,paid,2025Q1,CMP-00148,treatment,2025-01-15
ASG-004593,EXP-0001,LD-032333,,CO-0118098,paid,2025Q1,CMP-00148,treatment,2025-01-15
ASG-004594,EXP-0001,LD-032334,,CO-0027275,paid,2025Q1,CMP-00148,treatment,2025-01-15
ASG-004595,EXP-0001,LD-032335,,CO-0117903,paid,2025Q1,CMP-00148,treatment,2025-01-15
ASG-004596,EXP-0001,LD-032336,,CO-0024743,paid,2025Q1,CMP-00148,treatment,2025-01-15
ASG-004597,EXP-0001,LD-032337,,CO-0062771,paid,2025Q1,CMP-00148,treatment,2025-01-15
ASG-004598,EXP-0001,LD-032338,,CO-0067025,paid,2025Q1,CMP-00148,treatment,2025-01-15
ASG-004599,EXP-0001,LD-032339,,CO-0036578,paid,2025Q1,CMP-00149,treatment,2025-01-15
ASG-004600,EXP-0001,LD-032340,,CO-0109240,paid,2025Q1,CMP-00149,treatment,2025-01-15
ASG-004601,EXP-0001,LD-032341,,CO-0043225,paid,2025Q1,CMP-00149,treatment,2025-01-15
ASG-004602,EXP-0001,LD-032342,,CO-0071260,paid,2025Q1,CMP-00150,treatment,2025-01-15
ASG-004603,EXP-0001,LD-032343,,CO-0007322,paid,2025Q1,CMP-00150,treatment,2025-01-15
ASG-004604,EXP-0001,LD-032344,,CO-0009585,paid,2025Q1,CMP-00150,treatment,2025-01-15
ASG-004605,EXP-0001,LD-032345,,CO-0078863,paid,2025Q1,CMP-00150,treatment,2025-01-15
ASG-004606,EXP-0001,LD-032346,,CO-0117268,paid,2025Q1,CMP-00150,treatment,2025-01-15
ASG-004607,EXP-0001,LD-032347,,CO-0117026,paid,2025Q1,CMP-00150,treatment,2025-01-15
ASG-004608,EXP-0001,LD-032348,,CO-0033966,paid,2025Q1,CMP-00150,treatment,2025-01-15
ASG-004609,EXP-0001,LD-032349,,CO-0067021,paid,2025Q1,CMP-00151,control,2025-01-15
ASG-004610,EXP-0001,LD-032350,,CO-0106028,paid,2025Q1,CMP-00151,control,2025-01-15
ASG-004611,EXP-0001,LD-032351,,CO-0078201,paid,2025Q1,CMP-00151,control,2025-01-15
ASG-004612,EXP-0001,LD-032352,,CO-0118615,paid,2025Q1,CMP-00151,control,2025-01-15
ASG-004613,EXP-0001,LD-032353,,CO-0062043,paid,2025Q1,CMP-00151,control,2025-01-15
ASG-004614,EXP-0001,LD-032377,,CO-0050388,paid,2025Q1,CMP-00147,treatment,2025-01-16
ASG-004615,EXP-0001,LD-032378,,CO-0008546,paid,2025Q1,CMP-00148,treatment,2025-01-16
ASG-004616,EXP-0001,LD-032379,,CO-0110128,paid,2025Q1,CMP-00148,treatment,2025-01-16
ASG-004617,EXP-0001,LD-032380,,CO-0110272,paid,2025Q1,CMP-00148,treatment,2025-01-16
ASG-004618,EXP-0001,LD-032381,,CO-0085379,paid,2025Q1,CMP-00149,treatment,2025-01-16
ASG-004619,EXP-0001,LD-032382,,CO-0027560,paid,2025Q1,CMP-00149,treatment,2025-01-16
ASG-004620,EXP-0001,LD-032383,,CO-0029896,paid,2025Q1,CMP-00150,treatment,2025-01-16
ASG-004621,EXP-0001,LD-032384,,CO-0023917,paid,2025Q1,CMP-00151,control,2025-01-16
ASG-004622,EXP-0001,LD-032385,,CO-0084998,paid,2025Q1,CMP-00151,control,2025-01-16
ASG-004623,EXP-0001,LD-032390,ACC-000459,CO-0030468,paid,2025Q1,CMP-00150,treatment,2025-01-17
ASG-004624,EXP-0001,LD-032418,,CO-0097204,paid,2025Q1,CMP-00147,treatment,2025-01-17
ASG-004625,EXP-0001,LD-032419,,CO-0121100,paid,2025Q1,CMP-00147,treatment,2025-01-17
ASG-004626,EXP-0001,LD-032420,,CO-0021087,paid,2025Q1,CMP-00147,treatment,2025-01-17
ASG-004627,EXP-0001,LD-032421,,CO-0032939,paid,2025Q1,CMP-00147,treatment,2025-01-17
ASG-004628,EXP-0001,LD-032422,,CO-0025445,paid,2025Q1,CMP-00147,treatment,2025-01-17
ASG-004629,EXP-0001,LD-032423,,CO-0112520,paid,2025Q1,CMP-00147,treatment,2025-01-17
ASG-004630,EXP-0001,LD-032424,,CO-0076807,paid,2025Q1,CMP-00147,treatment,2025-01-17
ASG-004631,EXP-0001,LD-032425,,CO-0104698,paid,2025Q1,CMP-00148,treatment,2025-01-17
ASG-004632,EXP-0001,LD-032426,,CO-0004389,paid,2025Q1,CMP-00148,treatment,2025-01-17
ASG-004633,EXP-0001,LD-032427,,CO-0022031,paid,2025Q1,CMP-00148,treatment,2025-01-17
ASG-004634,EXP-0001,LD-032428,,CO-0032136,paid,2025Q1,CMP-00148,treatment,2025-01-17
ASG-004635,EXP-0001,LD-032429,,CO-0050429,paid,2025Q1,CMP-00148,treatment,2025-01-17
ASG-004636,EXP-0001,LD-032430,,CO-0046345,paid,2025Q1,CMP-00148,treatment,2025-01-17
ASG-004637,EXP-0001,LD-032431,,CO-0073375,paid,2025Q1,CMP-00148,treatment,2025-01-17
ASG-004638,EXP-0001,LD-032432,,CO-0102701,paid,2025Q1,CMP-00148,treatment,2025-01-17
ASG-004639,EXP-0001,LD-032433,,CO-0011439,paid,2025Q1,CMP-00148,treatment,2025-01-17
ASG-004640,EXP-0001,LD-032434,,CO-0107722,paid,2025Q1,CMP-00149,treatment,2025-01-17
ASG-004641,EXP-0001,LD-032435,,CO-0016346,paid,2025Q1,CMP-00149,treatment,2025-01-17
ASG-004642,EXP-0001,LD-032436,,CO-0016016,paid,2025Q1,CMP-00149,treatment,2025-01-17
ASG-004643,EXP-0001,LD-032437,,CO-0005816,paid,2025Q1,CMP-00149,treatment,2025-01-17
ASG-004644,EXP-0001,LD-032438,,CO-0002472,paid,2025Q1,CMP-00149,treatment,2025-01-17
ASG-004645,EXP-0001,LD-032439,,CO-0023802,paid,2025Q1,CMP-00150,treatment,2025-01-17
ASG-004646,EXP-0001,LD-032440,,CO-0115636,paid,2025Q1,CMP-00150,treatment,2025-01-17
ASG-004647,EXP-0001,LD-032441,,CO-0077887,paid,2025Q1,CMP-00150,treatment,2025-01-17
ASG-004648,EXP-0001,LD-032442,,CO-0061141,paid,2025Q1,CMP-00150,treatment,2025-01-17
ASG-004649,EXP-0001,LD-032443,,CO-0000433,paid,2025Q1,CMP-00151,control,2025-01-17
ASG-004650,EXP-0001,LD-032444,,CO-0064439,paid,2025Q1,CMP-00151,control,2025-01-17
ASG-004651,EXP-0001,LD-032445,,CO-0052248,paid,2025Q1,CMP-00151,control,2025-01-17
ASG-004652,EXP-0001,LD-032464,,CO-0003726,paid,2025Q1,CMP-00147,treatment,2025-01-18
ASG-004653,EXP-0001,LD-032465,,CO-0094112,paid,2025Q1,CMP-00148,treatment,2025-01-18
ASG-004654,EXP-0001,LD-032466,,CO-0026095,paid,2025Q1,CMP-00148,treatment,2025-01-18
ASG-004655,EXP-0001,LD-032467,,CO-0030982,paid,2025Q1,CMP-00149,treatment,2025-01-18
ASG-004656,EXP-0001,LD-032468,,CO-0029799,paid,2025Q1,CMP-00149,treatment,2025-01-18
ASG-004657,EXP-0001,LD-032469,,CO-0014219,paid,2025Q1,CMP-00149,treatment,2025-01-18
ASG-004658,EXP-0001,LD-032470,,CO-0095167,paid,2025Q1,CMP-00150,treatment,2025-01-18
ASG-004659,EXP-0001,LD-032471,,CO-0053373,paid,2025Q1,CMP-00150,treatment,2025-01-18
ASG-004660,EXP-0001,LD-032472,,CO-0052602,paid,2025Q1,CMP-00150,treatment,2025-01-18
ASG-004661,EXP-0001,LD-032473,,CO-0022148,paid,2025Q1,CMP-00150,treatment,2025-01-18
ASG-004662,EXP-0001,LD-032474,,CO-0096582,paid,2025Q1,CMP-00150,treatment,2025-01-18
ASG-004663,EXP-0001,LD-032475,,CO-0096097,paid,2025Q1,CMP-00150,treatment,2025-01-18
ASG-004664,EXP-0001,LD-032476,,CO-0081025,paid,2025Q1,CMP-00150,treatment,2025-01-18
ASG-004665,EXP-0001,LD-032477,,CO-0010749,paid,2025Q1,CMP-00150,treatment,2025-01-18
ASG-004666,EXP-0001,LD-032478,,CO-0030272,paid,2025Q1,CMP-00150,treatment,2025-01-18
ASG-004667,EXP-0001,LD-032479,,CO-0100517,paid,2025Q1,CMP-00150,treatment,2025-01-18
ASG-004668,EXP-0001,LD-032480,,CO-0097555,paid,2025Q1,CMP-00150,treatment,2025-01-18
ASG-004669,EXP-0001,LD-032481,,CO-0051601,paid,2025Q1,CMP-00151,control,2025-01-18
ASG-004670,EXP-0001,LD-032482,,CO-0097185,paid,2025Q1,CMP-00151,control,2025-01-18
ASG-004671,EXP-0001,LD-032483,,CO-0026871,paid,2025Q1,CMP-00151,control,2025-01-18
ASG-004672,EXP-0001,LD-032484,,CO-0099863,paid,2025Q1,CMP-00151,control,2025-01-18
ASG-004673,EXP-0001,LD-032485,,CO-0095240,paid,2025Q1,CMP-00151,control,2025-01-18
ASG-004674,EXP-0001,LD-032510,,CO-0050509,paid,2025Q1,CMP-00147,treatment,2025-01-19
ASG-004675,EXP-0001,LD-032511,,CO-0076057,paid,2025Q1,CMP-00147,treatment,2025-01-19
ASG-004676,EXP-0001,LD-032512,,CO-0104402,paid,2025Q1,CMP-00147,treatment,2025-01-19
ASG-004677,EXP-0001,LD-032513,,CO-0081534,paid,2025Q1,CMP-00148,treatment,2025-01-19
ASG-004678,EXP-0001,LD-032514,,CO-0039179,paid,2025Q1,CMP-00148,treatment,2025-01-19
ASG-004679,EXP-0001,LD-032515,,CO-0098478,paid,2025Q1,CMP-00148,treatment,2025-01-19
ASG-004680,EXP-0001,LD-032516,,CO-0060199,paid,2025Q1,CMP-00148,treatment,2025-01-19
ASG-004681,EXP-0001,LD-032517,,CO-0021131,paid,2025Q1,CMP-00148,treatment,2025-01-19
ASG-004682,EXP-0001,LD-032518,,CO-0091625,paid,2025Q1,CMP-00148,treatment,2025-01-19
ASG-004683,EXP-0001,LD-032519,,CO-0109224,paid,2025Q1,CMP-00149,treatment,2025-01-19
ASG-004684,EXP-0001,LD-032520,,CO-0047539,paid,2025Q1,CMP-00149,treatment,2025-01-19
ASG-004685,EXP-0001,LD-032521,,CO-0026709,paid,2025Q1,CMP-00149,treatment,2025-01-19
ASG-004686,EXP-0001,LD-032522,,CO-0018807,paid,2025Q1,CMP-00149,treatment,2025-01-19
ASG-004687,EXP-0001,LD-032523,,CO-0011298,paid,2025Q1,CMP-00150,treatment,2025-01-19
ASG-004688,EXP-0001,LD-032524,,CO-0056572,paid,2025Q1,CMP-00150,treatment,2025-01-19
ASG-004689,EXP-0001,LD-032525,,CO-0103870,paid,2025Q1,CMP-00150,treatment,2025-01-19
ASG-004690,EXP-0001,LD-032526,,CO-0090568,paid,2025Q1,CMP-00150,treatment,2025-01-19
ASG-004691,EXP-0001,LD-032527,,CO-0032988,paid,2025Q1,CMP-00151,control,2025-01-19
ASG-004692,EXP-0001,LD-032528,,CO-0086826,paid,2025Q1,CMP-00151,control,2025-01-19
ASG-004693,EXP-0001,LD-032548,,CO-0024378,paid,2025Q1,CMP-00147,treatment,2025-01-20
ASG-004694,EXP-0001,LD-032549,,CO-0038265,paid,2025Q1,CMP-00147,treatment,2025-01-20
ASG-004695,EXP-0001,LD-032550,,CO-0053097,paid,2025Q1,CMP-00147,treatment,2025-01-20
ASG-004696,EXP-0001,LD-032551,,CO-0050455,paid,2025Q1,CMP-00147,treatment,2025-01-20
ASG-004697,EXP-0001,LD-032552,,CO-0017496,paid,2025Q1,CMP-00148,treatment,2025-01-20
ASG-004698,EXP-0001,LD-032553,,CO-0098639,paid,2025Q1,CMP-00148,treatment,2025-01-20
ASG-004699,EXP-0001,LD-032554,,CO-0005955,paid,2025Q1,CMP-00148,treatment,2025-01-20
ASG-004700,EXP-0001,LD-032555,,CO-0049001,paid,2025Q1,CMP-00148,treatment,2025-01-20
ASG-004701,EXP-0001,LD-032556,,CO-0111567,paid,2025Q1,CMP-00148,treatment,2025-01-20
ASG-004702,EXP-0001,LD-032557,,CO-0065322,paid,2025Q1,CMP-00148,treatment,2025-01-20
ASG-004703,EXP-0001,LD-032558,,CO-0023496,paid,2025Q1,CMP-00148,treatment,2025-01-20
ASG-004704,EXP-0001,LD-032559,,CO-0101669,paid,2025Q1,CMP-00149,treatment,2025-01-20
ASG-004705,EXP-0001,LD-032560,,CO-0043476,paid,2025Q1,CMP-00149,treatment,2025-01-20
ASG-004706,EXP-0001,LD-032561,,CO-0046495,paid,2025Q1,CMP-00149,treatment,2025-01-20
ASG-004707,EXP-0001,LD-032562,,CO-0010218,paid,2025Q1,CMP-00149,treatment,2025-01-20
ASG-004708,EXP-0001,LD-032563,,CO-0028148,paid,2025Q1,CMP-00150,treatment,2025-01-20
ASG-004709,EXP-0001,LD-032564,,CO-0075933,paid,2025Q1,CMP-00150,treatment,2025-01-20
ASG-004710,EXP-0001,LD-032565,,CO-0114140,paid,2025Q1,CMP-00150,treatment,2025-01-20
ASG-004711,EXP-0001,LD-032566,,CO-0078715,paid,2025Q1,CMP-00150,treatment,2025-01-20
ASG-004712,EXP-0001,LD-032567,,CO-0002035,paid,2025Q1,CMP-00150,treatment,2025-01-20
ASG-004713,EXP-0001,LD-032568,,CO-0087358,paid,2025Q1,CMP-00150,treatment,2025-01-20
ASG-004714,EXP-0001,LD-032595,,CO-0034105,paid,2025Q1,CMP-00147,treatment,2025-01-21
ASG-004715,EXP-0001,LD-032596,,CO-0054200,paid,2025Q1,CMP-00147,treatment,2025-01-21
ASG-004716,EXP-0001,LD-032597,,CO-0017295,paid,2025Q1,CMP-00147,treatment,2025-01-21
ASG-004717,EXP-0001,LD-032598,,CO-0091943,paid,2025Q1,CMP-00147,treatment,2025-01-21
ASG-004718,EXP-0001,LD-032599,,CO-0009052,paid,2025Q1,CMP-00147,treatment,2025-01-21
ASG-004719,EXP-0001,LD-032600,,CO-0060927,paid,2025Q1,CMP-00147,treatment,2025-01-21
ASG-004720,EXP-0001,LD-032601,,CO-0050531,paid,2025Q1,CMP-00147,treatment,2025-01-21
ASG-004721,EXP-0001,LD-032602,,CO-0064945,paid,2025Q1,CMP-00148,treatment,2025-01-21
ASG-004722,EXP-0001,LD-032603,,CO-0000841,paid,2025Q1,CMP-00148,treatment,2025-01-21
ASG-004723,EXP-0001,LD-032604,,CO-0077357,paid,2025Q1,CMP-00148,treatment,2025-01-21
ASG-004724,EXP-0001,LD-032605,,CO-0013257,paid,2025Q1,CMP-00148,treatment,2025-01-21
ASG-004725,EXP-0001,LD-032606,,CO-0110775,paid,2025Q1,CMP-00148,treatment,2025-01-21
ASG-004726,EXP-0001,LD-032607,,CO-0039953,paid,2025Q1,CMP-00148,treatment,2025-01-21
ASG-004727,EXP-0001,LD-032608,,CO-0053492,paid,2025Q1,CMP-00148,treatment,2025-01-21
ASG-004728,EXP-0001,LD-032609,,CO-0108705,paid,2025Q1,CMP-00148,treatment,2025-01-21
ASG-004729,EXP-0001,LD-032610,,CO-0069077,paid,2025Q1,CMP-00148,treatment,2025-01-21
ASG-004730,EXP-0001,LD-032611,,CO-0081764,paid,2025Q1,CMP-00149,treatment,2025-01-21
ASG-004731,EXP-0001,LD-032612,,CO-0018727,paid,2025Q1,CMP-00149,treatment,2025-01-21
ASG-004732,EXP-0001,LD-032613,,CO-0079205,paid,2025Q1,CMP-00150,treatment,2025-01-21
ASG-004733,EXP-0001,LD-032614,,CO-0079619,paid,2025Q1,CMP-00150,treatment,2025-01-21
ASG-004734,EXP-0001,LD-032615,,CO-0013980,paid,2025Q1,CMP-00150,treatment,2025-01-21
ASG-004735,EXP-0001,LD-032616,,CO-0085067,paid,2025Q1,CMP-00150,treatment,2025-01-21
ASG-004736,EXP-0001,LD-032617,,CO-0047991,paid,2025Q1,CMP-00150,treatment,2025-01-21
ASG-004737,EXP-0001,LD-032618,,CO-0105848,paid,2025Q1,CMP-00150,treatment,2025-01-21
ASG-004738,EXP-0001,LD-032619,,CO-0035510,paid,2025Q1,CMP-00150,treatment,2025-01-21
ASG-004739,EXP-0001,LD-032620,,CO-0084163,paid,2025Q1,CMP-00151,control,2025-01-21
ASG-004740,EXP-0001,LD-032621,,CO-0048399,paid,2025Q1,CMP-00151,control,2025-01-21
ASG-004741,EXP-0001,LD-032622,,CO-0046673,paid,2025Q1,CMP-00151,control,2025-01-21
ASG-004742,EXP-0001,LD-032630,ACC-001131,CO-0018703,paid,2025Q1,CMP-00149,treatment,2025-01-22
ASG-004743,EXP-0001,LD-032650,,CO-0054020,paid,2025Q1,CMP-00147,treatment,2025-01-22
ASG-004744,EXP-0001,LD-032651,,CO-0010989,paid,2025Q1,CMP-00147,treatment,2025-01-22
ASG-004745,EXP-0001,LD-032652,,CO-0090379,paid,2025Q1,CMP-00147,treatment,2025-01-22
ASG-004746,EXP-0001,LD-032653,,CO-0106141,paid,2025Q1,CMP-00148,treatment,2025-01-22
ASG-004747,EXP-0001,LD-032654,,CO-0001555,paid,2025Q1,CMP-00148,treatment,2025-01-22
ASG-004748,EXP-0001,LD-032655,,CO-0055148,paid,2025Q1,CMP-00148,treatment,2025-01-22
ASG-004749,EXP-0001,LD-032656,,CO-0116326,paid,2025Q1,CMP-00148,treatment,2025-01-22
ASG-004750,EXP-0001,LD-032657,,CO-0078084,paid,2025Q1,CMP-00148,treatment,2025-01-22
ASG-004751,EXP-0001,LD-032658,,CO-0057218,paid,2025Q1,CMP-00148,treatment,2025-01-22
ASG-004752,EXP-0001,LD-032659,,CO-0078820,paid,2025Q1,CMP-00149,treatment,2025-01-22
ASG-004753,EXP-0001,LD-032660,,CO-0049009,paid,2025Q1,CMP-00149,treatment,2025-01-22
ASG-004754,EXP-0001,LD-032661,,CO-0096098,paid,2025Q1,CMP-00149,treatment,2025-01-22
ASG-004755,EXP-0001,LD-032662,,CO-0058352,paid,2025Q1,CMP-00150,treatment,2025-01-22
ASG-004756,EXP-0001,LD-032663,,CO-0033289,paid,2025Q1,CMP-00150,treatment,2025-01-22
ASG-004757,EXP-0001,LD-032664,,CO-0007674,paid,2025Q1,CMP-00150,treatment,2025-01-22
ASG-004758,EXP-0001,LD-032665,,CO-0022554,paid,2025Q1,CMP-00150,treatment,2025-01-22
ASG-004759,EXP-0001,LD-032666,,CO-0059191,paid,2025Q1,CMP-00150,treatment,2025-01-22
ASG-004760,EXP-0001,LD-032667,,CO-0051803,paid,2025Q1,CMP-00150,treatment,2025-01-22
ASG-004761,EXP-0001,LD-032668,,CO-0001177,paid,2025Q1,CMP-00150,treatment,2025-01-22
ASG-004762,EXP-0001,LD-032669,,CO-0063486,paid,2025Q1,CMP-00151,control,2025-01-22
ASG-004763,EXP-0001,LD-032670,,CO-0035164,paid,2025Q1,CMP-00151,control,2025-01-22
ASG-004764,EXP-0001,LD-032699,,CO-0051744,paid,2025Q1,CMP-00147,treatment,2025-01-23
ASG-004765,EXP-0001,LD-032700,,CO-0001435,paid,2025Q1,CMP-00147,treatment,2025-01-23
ASG-004766,EXP-0001,LD-032701,,CO-0015258,paid,2025Q1,CMP-00147,treatment,2025-01-23
ASG-004767,EXP-0001,LD-032702,,CO-0062408,paid,2025Q1,CMP-00147,treatment,2025-01-23
ASG-004768,EXP-0001,LD-032703,,CO-0037739,paid,2025Q1,CMP-00147,treatment,2025-01-23
ASG-004769,EXP-0001,LD-032704,,CO-0099825,paid,2025Q1,CMP-00148,treatment,2025-01-23
ASG-004770,EXP-0001,LD-032705,,CO-0082009,paid,2025Q1,CMP-00148,treatment,2025-01-23
ASG-004771,EXP-0001,LD-032706,,CO-0089266,paid,2025Q1,CMP-00148,treatment,2025-01-23
ASG-004772,EXP-0001,LD-032707,,CO-0063468,paid,2025Q1,CMP-00148,treatment,2025-01-23
ASG-004773,EXP-0001,LD-032708,,CO-0070150,paid,2025Q1,CMP-00148,treatment,2025-01-23
ASG-004774,EXP-0001,LD-032709,,CO-0040723,paid,2025Q1,CMP-00148,treatment,2025-01-23
ASG-004775,EXP-0001,LD-032710,,CO-0070207,paid,2025Q1,CMP-00148,treatment,2025-01-23
ASG-004776,EXP-0001,LD-032711,,CO-0107291,paid,2025Q1,CMP-00149,treatment,2025-01-23
ASG-004777,EXP-0001,LD-032712,,CO-0069577,paid,2025Q1,CMP-00149,treatment,2025-01-23
ASG-004778,EXP-0001,LD-032713,,CO-0050548,paid,2025Q1,CMP-00149,treatment,2025-01-23
ASG-004779,EXP-0001,LD-032714,,CO-0066914,paid,2025Q1,CMP-00149,treatment,2025-01-23
ASG-004780,EXP-0001,LD-032715,,CO-0046931,paid,2025Q1,CMP-00149,treatment,2025-01-23
ASG-004781,EXP-0001,LD-032716,,CO-0048251,paid,2025Q1,CMP-00150,treatment,2025-01-23
ASG-004782,EXP-0001,LD-032717,,CO-0066632,paid,2025Q1,CMP-00150,treatment,2025-01-23
ASG-004783,EXP-0001,LD-032718,,CO-0081168,paid,2025Q1,CMP-00150,treatment,2025-01-23
ASG-004784,EXP-0001,LD-032719,,CO-0040670,paid,2025Q1,CMP-00150,treatment,2025-01-23
ASG-004785,EXP-0001,LD-032720,,CO-0059423,paid,2025Q1,CMP-00150,treatment,2025-01-23
ASG-004786,EXP-0001,LD-032721,,CO-0102925,paid,2025Q1,CMP-00151,control,2025-01-23
ASG-004787,EXP-0001,LD-032722,,CO-0103865,paid,2025Q1,CMP-00151,control,2025-01-23
ASG-004788,EXP-0001,LD-032723,,CO-0065105,paid,2025Q1,CMP-00151,control,2025-01-23
ASG-004789,EXP-0001,LD-032724,,CO-0009990,paid,2025Q1,CMP-00151,control,2025-01-23
ASG-004790,EXP-0001,LD-032725,,CO-0092450,paid,2025Q1,CMP-00151,control,2025-01-23
ASG-004791,EXP-0001,LD-032726,,CO-0067161,paid,2025Q1,CMP-00151,control,2025-01-23
ASG-004792,EXP-0001,LD-032743,,CO-0109745,paid,2025Q1,CMP-00147,treatment,2025-01-24
ASG-004793,EXP-0001,LD-032744,,CO-0019151,paid,2025Q1,CMP-00147,treatment,2025-01-24
ASG-004794,EXP-0001,LD-032745,,CO-0083634,paid,2025Q1,CMP-00148,treatment,2025-01-24
ASG-004795,EXP-0001,LD-032746,,CO-0095664,paid,2025Q1,CMP-00148,treatment,2025-01-24
ASG-004796,EXP-0001,LD-032747,,CO-0083858,paid,2025Q1,CMP-00148,treatment,2025-01-24
ASG-004797,EXP-0001,LD-032748,,CO-0066032,paid,2025Q1,CMP-00148,treatment,2025-01-24
ASG-004798,EXP-0001,LD-032749,,CO-0074369,paid,2025Q1,CMP-00148,treatment,2025-01-24
ASG-004799,EXP-0001,LD-032750,,CO-0011981,paid,2025Q1,CMP-00148,treatment,2025-01-24
ASG-004800,EXP-0001,LD-032751,,CO-0008189,paid,2025Q1,CMP-00148,treatment,2025-01-24
ASG-004801,EXP-0001,LD-032752,,CO-0070342,paid,2025Q1,CMP-00148,treatment,2025-01-24
ASG-004802,EXP-0001,LD-032753,,CO-0119489,paid,2025Q1,CMP-00149,treatment,2025-01-24
ASG-004803,EXP-0001,LD-032754,,CO-0074170,paid,2025Q1,CMP-00149,treatment,2025-01-24
ASG-004804,EXP-0001,LD-032755,,CO-0013246,paid,2025Q1,CMP-00149,treatment,2025-01-24
ASG-004805,EXP-0001,LD-032756,,CO-0063201,paid,2025Q1,CMP-00149,treatment,2025-01-24
ASG-004806,EXP-0001,LD-032757,,CO-0104644,paid,2025Q1,CMP-00149,treatment,2025-01-24
ASG-004807,EXP-0001,LD-032758,,CO-0071848,paid,2025Q1,CMP-00149,treatment,2025-01-24
ASG-004808,EXP-0001,LD-032759,,CO-0054128,paid,2025Q1,CMP-00150,treatment,2025-01-24
ASG-004809,EXP-0001,LD-032760,,CO-0040780,paid,2025Q1,CMP-00150,treatment,2025-01-24
ASG-004810,EXP-0001,LD-032761,,CO-0041980,paid,2025Q1,CMP-00150,treatment,2025-01-24
ASG-004811,EXP-0001,LD-032762,,CO-0061137,paid,2025Q1,CMP-00150,treatment,2025-01-24
ASG-004812,EXP-0001,LD-032763,,CO-0053453,paid,2025Q1,CMP-00151,control,2025-01-24
ASG-004813,EXP-0001,LD-032764,,CO-0101968,paid,2025Q1,CMP-00151,control,2025-01-24
ASG-004814,EXP-0001,LD-032765,,CO-0077586,paid,2025Q1,CMP-00151,control,2025-01-24
ASG-004815,EXP-0001,LD-032766,,CO-0088735,paid,2025Q1,CMP-00151,control,2025-01-24
ASG-004816,EXP-0001,LD-032785,,CO-0061329,paid,2025Q1,CMP-00147,treatment,2025-01-25
ASG-004817,EXP-0001,LD-032786,,CO-0022282,paid,2025Q1,CMP-00147,treatment,2025-01-25
ASG-004818,EXP-0001,LD-032787,,CO-0112266,paid,2025Q1,CMP-00148,treatment,2025-01-25
ASG-004819,EXP-0001,LD-032788,,CO-0092890,paid,2025Q1,CMP-00148,treatment,2025-01-25
ASG-004820,EXP-0001,LD-032789,,CO-0012903,paid,2025Q1,CMP-00148,treatment,2025-01-25
ASG-004821,EXP-0001,LD-032790,,CO-0063059,paid,2025Q1,CMP-00148,treatment,2025-01-25
ASG-004822,EXP-0001,LD-032791,,CO-0002530,paid,2025Q1,CMP-00149,treatment,2025-01-25
ASG-004823,EXP-0001,LD-032792,,CO-0007439,paid,2025Q1,CMP-00149,treatment,2025-01-25
ASG-004824,EXP-0001,LD-032793,,CO-0030357,paid,2025Q1,CMP-00149,treatment,2025-01-25
ASG-004825,EXP-0001,LD-032794,,CO-0033927,paid,2025Q1,CMP-00150,treatment,2025-01-25
ASG-004826,EXP-0001,LD-032795,,CO-0110477,paid,2025Q1,CMP-00150,treatment,2025-01-25
ASG-004827,EXP-0001,LD-032796,,CO-0109473,paid,2025Q1,CMP-00150,treatment,2025-01-25
ASG-004828,EXP-0001,LD-032797,,CO-0047142,paid,2025Q1,CMP-00150,treatment,2025-01-25
ASG-004829,EXP-0001,LD-032798,,CO-0057810,paid,2025Q1,CMP-00150,treatment,2025-01-25
ASG-004830,EXP-0001,LD-032799,,CO-0000220,paid,2025Q1,CMP-00150,treatment,2025-01-25
ASG-004831,EXP-0001,LD-032800,,CO-0089599,paid,2025Q1,CMP-00150,treatment,2025-01-25
ASG-004832,EXP-0001,LD-032801,,CO-0065016,paid,2025Q1,CMP-00150,treatment,2025-01-25
ASG-004833,EXP-0001,LD-032802,,CO-0110914,paid,2025Q1,CMP-00151,control,2025-01-25
ASG-004834,EXP-0001,LD-032803,,CO-0033681,paid,2025Q1,CMP-00151,control,2025-01-25
ASG-004835,EXP-0001,LD-032804,,CO-0069601,paid,2025Q1,CMP-00151,control,2025-01-25
ASG-004836,EXP-0001,LD-032805,,CO-0111913,paid,2025Q1,CMP-00151,control,2025-01-25
ASG-004837,EXP-0001,LD-032806,,CO-0007503,paid,2025Q1,CMP-00151,control,2025-01-25
ASG-004838,EXP-0001,LD-032807,,CO-0025425,paid,2025Q1,CMP-00151,control,2025-01-25
ASG-004839,EXP-0001,LD-032811,ACC-000533,CO-0049635,paid,2025Q1,CMP-00148,treatment,2025-01-26
ASG-004840,EXP-0001,LD-032831,,CO-0051411,paid,2025Q1,CMP-00147,treatment,2025-01-26
ASG-004841,EXP-0001,LD-032832,,CO-0113438,paid,2025Q1,CMP-00147,treatment,2025-01-26
ASG-004842,EXP-0001,LD-032833,,CO-0085933,paid,2025Q1,CMP-00148,treatment,2025-01-26
ASG-004843,EXP-0001,LD-032834,,CO-0017653,paid,2025Q1,CMP-00148,treatment,2025-01-26
ASG-004844,EXP-0001,LD-032835,,CO-0086485,paid,2025Q1,CMP-00148,treatment,2025-01-26
ASG-004845,EXP-0001,LD-032836,,CO-0025173,paid,2025Q1,CMP-00148,treatment,2025-01-26
ASG-004846,EXP-0001,LD-032837,,CO-0034657,paid,2025Q1,CMP-00148,treatment,2025-01-26
ASG-004847,EXP-0001,LD-032838,,CO-0006900,paid,2025Q1,CMP-00148,treatment,2025-01-26
ASG-004848,EXP-0001,LD-032839,,CO-0002398,paid,2025Q1,CMP-00148,treatment,2025-01-26
ASG-004849,EXP-0001,LD-032840,,CO-0109122,paid,2025Q1,CMP-00149,treatment,2025-01-26
ASG-004850,EXP-0001,LD-032841,,CO-0108272,paid,2025Q1,CMP-00149,treatment,2025-01-26
ASG-004851,EXP-0001,LD-032842,,CO-0042185,paid,2025Q1,CMP-00149,treatment,2025-01-26
ASG-004852,EXP-0001,LD-032843,,CO-0056064,paid,2025Q1,CMP-00149,treatment,2025-01-26
ASG-004853,EXP-0001,LD-032844,,CO-0034541,paid,2025Q1,CMP-00150,treatment,2025-01-26
ASG-004854,EXP-0001,LD-032845,,CO-0048352,paid,2025Q1,CMP-00150,treatment,2025-01-26
ASG-004855,EXP-0001,LD-032846,,CO-0119251,paid,2025Q1,CMP-00150,treatment,2025-01-26
ASG-004856,EXP-0001,LD-032847,,CO-0057180,paid,2025Q1,CMP-00150,treatment,2025-01-26
ASG-004857,EXP-0001,LD-032848,,CO-0068484,paid,2025Q1,CMP-00150,treatment,2025-01-26
ASG-004858,EXP-0001,LD-032849,,CO-0008406,paid,2025Q1,CMP-00150,treatment,2025-01-26
ASG-004859,EXP-0001,LD-032850,,CO-0069908,paid,2025Q1,CMP-00151,control,2025-01-26
ASG-004860,EXP-0001,LD-032851,,CO-0097281,paid,2025Q1,CMP-00151,control,2025-01-26
ASG-004861,EXP-0001,LD-032852,,CO-0086337,paid,2025Q1,CMP-00151,control,2025-01-26
ASG-004862,EXP-0001,LD-032853,,CO-0062326,paid,2025Q1,CMP-00151,control,2025-01-26
ASG-004863,EXP-0001,LD-032854,,CO-0026988,paid,2025Q1,CMP-00151,control,2025-01-26
ASG-004864,EXP-0001,LD-032855,,CO-0095053,paid,2025Q1,CMP-00151,control,2025-01-26
ASG-004865,EXP-0001,LD-032876,,CO-0041083,paid,2025Q1,CMP-00147,treatment,2025-01-27
ASG-004866,EXP-0001,LD-032877,,CO-0087820,paid,2025Q1,CMP-00147,treatment,2025-01-27
ASG-004867,EXP-0001,LD-032878,,CO-0107267,paid,2025Q1,CMP-00147,treatment,2025-01-27
ASG-004868,EXP-0001,LD-032879,,CO-0002167,paid,2025Q1,CMP-00147,treatment,2025-01-27
ASG-004869,EXP-0001,LD-032880,,CO-0050974,paid,2025Q1,CMP-00147,treatment,2025-01-27
ASG-004870,EXP-0001,LD-032881,,CO-0005112,paid,2025Q1,CMP-00147,treatment,2025-01-27
ASG-004871,EXP-0001,LD-032882,,CO-0056768,paid,2025Q1,CMP-00147,treatment,2025-01-27
ASG-004872,EXP-0001,LD-032883,,CO-0045839,paid,2025Q1,CMP-00148,treatment,2025-01-27
ASG-004873,EXP-0001,LD-032884,,CO-0048501,paid,2025Q1,CMP-00148,treatment,2025-01-27
ASG-004874,EXP-0001,LD-032885,,CO-0015540,paid,2025Q1,CMP-00149,treatment,2025-01-27
ASG-004875,EXP-0001,LD-032886,,CO-0061395,paid,2025Q1,CMP-00149,treatment,2025-01-27
ASG-004876,EXP-0001,LD-032887,,CO-0061904,paid,2025Q1,CMP-00149,treatment,2025-01-27
ASG-004877,EXP-0001,LD-032888,,CO-0082960,paid,2025Q1,CMP-00149,treatment,2025-01-27
ASG-004878,EXP-0001,LD-032889,,CO-0063899,paid,2025Q1,CMP-00150,treatment,2025-01-27
ASG-004879,EXP-0001,LD-032890,,CO-0042912,paid,2025Q1,CMP-00150,treatment,2025-01-27
ASG-004880,EXP-0001,LD-032891,,CO-0097488,paid,2025Q1,CMP-00150,treatment,2025-01-27
ASG-004881,EXP-0001,LD-032892,,CO-0086507,paid,2025Q1,CMP-00150,treatment,2025-01-27
ASG-004882,EXP-0001,LD-032893,,CO-0050341,paid,2025Q1,CMP-00150,treatment,2025-01-27
ASG-004883,EXP-0001,LD-032894,,CO-0065491,paid,2025Q1,CMP-00151,control,2025-01-27
ASG-004884,EXP-0001,LD-032895,,CO-0122416,paid,2025Q1,CMP-00151,control,2025-01-27
ASG-004885,EXP-0001,LD-032898,ACC-000817,CO-0002538,paid,2025Q1,CMP-00147,treatment,2025-01-28
ASG-004886,EXP-0001,LD-032900,ACC-006298,CO-0086060,paid,2025Q1,CMP-00148,treatment,2025-01-28
ASG-004887,EXP-0001,LD-032917,,CO-0053513,paid,2025Q1,CMP-00147,treatment,2025-01-28
ASG-004888,EXP-0001,LD-032918,,CO-0011948,paid,2025Q1,CMP-00147,treatment,2025-01-28
ASG-004889,EXP-0001,LD-032919,,CO-0039472,paid,2025Q1,CMP-00147,treatment,2025-01-28
ASG-004890,EXP-0001,LD-032920,,CO-0008708,paid,2025Q1,CMP-00147,treatment,2025-01-28
ASG-004891,EXP-0001,LD-032921,,CO-0026376,paid,2025Q1,CMP-00147,treatment,2025-01-28
ASG-004892,EXP-0001,LD-032922,,CO-0037268,paid,2025Q1,CMP-00148,treatment,2025-01-28
ASG-004893,EXP-0001,LD-032923,,CO-0077260,paid,2025Q1,CMP-00148,treatment,2025-01-28
ASG-004894,EXP-0001,LD-032924,,CO-0035278,paid,2025Q1,CMP-00148,treatment,2025-01-28
ASG-004895,EXP-0001,LD-032925,,CO-0033455,paid,2025Q1,CMP-00148,treatment,2025-01-28
ASG-004896,EXP-0001,LD-032926,,CO-0072617,paid,2025Q1,CMP-00148,treatment,2025-01-28
ASG-004897,EXP-0001,LD-032927,,CO-0070813,paid,2025Q1,CMP-00148,treatment,2025-01-28
ASG-004898,EXP-0001,LD-032928,,CO-0019198,paid,2025Q1,CMP-00148,treatment,2025-01-28
ASG-004899,EXP-0001,LD-032929,,CO-0013101,paid,2025Q1,CMP-00148,treatment,2025-01-28
ASG-004900,EXP-0001,LD-032930,,CO-0102493,paid,2025Q1,CMP-00149,treatment,2025-01-28
ASG-004901,EXP-0001,LD-032931,,CO-0070781,paid,2025Q1,CMP-00149,treatment,2025-01-28
ASG-004902,EXP-0001,LD-032932,,CO-0030472,paid,2025Q1,CMP-00149,treatment,2025-01-28
ASG-004903,EXP-0001,LD-032933,,CO-0106089,paid,2025Q1,CMP-00149,treatment,2025-01-28
ASG-004904,EXP-0001,LD-032934,,CO-0040617,paid,2025Q1,CMP-00149,treatment,2025-01-28
ASG-004905,EXP-0001,LD-032935,,CO-0112029,paid,2025Q1,CMP-00150,treatment,2025-01-28
ASG-004906,EXP-0001,LD-032936,,CO-0062606,paid,2025Q1,CMP-00150,treatment,2025-01-28
ASG-004907,EXP-0001,LD-032937,,CO-0050538,paid,2025Q1,CMP-00150,treatment,2025-01-28
ASG-004908,EXP-0001,LD-032938,,CO-0032023,paid,2025Q1,CMP-00151,control,2025-01-28
ASG-004909,EXP-0001,LD-032940,ACC-001033,CO-0110491,paid,2025Q1,CMP-00149,treatment,2025-01-29
ASG-004910,EXP-0001,LD-032941,ACC-004479,CO-0068565,paid,2025Q1,CMP-00150,treatment,2025-01-29
ASG-004911,EXP-0001,LD-032960,,CO-0019815,paid,2025Q1,CMP-00147,treatment,2025-01-29
ASG-004912,EXP-0001,LD-032961,,CO-0092267,paid,2025Q1,CMP-00147,treatment,2025-01-29
ASG-004913,EXP-0001,LD-032962,,CO-0072829,paid,2025Q1,CMP-00147,treatment,2025-01-29
ASG-004914,EXP-0001,LD-032963,,CO-0053684,paid,2025Q1,CMP-00147,treatment,2025-01-29
ASG-004915,EXP-0001,LD-032964,,CO-0032228,paid,2025Q1,CMP-00148,treatment,2025-01-29
ASG-004916,EXP-0001,LD-032965,,CO-0107494,paid,2025Q1,CMP-00148,treatment,2025-01-29
ASG-004917,EXP-0001,LD-032966,,CO-0119651,paid,2025Q1,CMP-00148,treatment,2025-01-29
ASG-004918,EXP-0001,LD-032967,,CO-0068190,paid,2025Q1,CMP-00148,treatment,2025-01-29
ASG-004919,EXP-0001,LD-032968,,CO-0060177,paid,2025Q1,CMP-00148,treatment,2025-01-29
ASG-004920,EXP-0001,LD-032969,,CO-0049597,paid,2025Q1,CMP-00148,treatment,2025-01-29
ASG-004921,EXP-0001,LD-032970,,CO-0064472,paid,2025Q1,CMP-00149,treatment,2025-01-29
ASG-004922,EXP-0001,LD-032971,,CO-0015920,paid,2025Q1,CMP-00149,treatment,2025-01-29
ASG-004923,EXP-0001,LD-032972,,CO-0107006,paid,2025Q1,CMP-00149,treatment,2025-01-29
ASG-004924,EXP-0001,LD-032973,,CO-0036121,paid,2025Q1,CMP-00150,treatment,2025-01-29
ASG-004925,EXP-0001,LD-032974,,CO-0107627,paid,2025Q1,CMP-00150,treatment,2025-01-29
ASG-004926,EXP-0001,LD-032975,,CO-0113425,paid,2025Q1,CMP-00150,treatment,2025-01-29
ASG-004927,EXP-0001,LD-032976,,CO-0068360,paid,2025Q1,CMP-00151,control,2025-01-29
ASG-004928,EXP-0001,LD-032977,,CO-0035140,paid,2025Q1,CMP-00151,control,2025-01-29
ASG-004929,EXP-0001,LD-032978,,CO-0051888,paid,2025Q1,CMP-00151,control,2025-01-29
ASG-004930,EXP-0001,LD-032979,,CO-0019313,paid,2025Q1,CMP-00151,control,2025-01-29
ASG-004931,EXP-0001,LD-032980,ACC-000768,CO-0031228,paid,2025Q1,CMP-00147,treatment,2025-01-30
ASG-004932,EXP-0001,LD-032995,,CO-0063444,paid,2025Q1,CMP-00147,treatment,2025-01-30
ASG-004933,EXP-0001,LD-032996,,CO-0003555,paid,2025Q1,CMP-00147,treatment,2025-01-30
ASG-004934,EXP-0001,LD-032997,,CO-0103118,paid,2025Q1,CMP-00148,treatment,2025-01-30
ASG-004935,EXP-0001,LD-032998,,CO-0058405,paid,2025Q1,CMP-00148,treatment,2025-01-30
ASG-004936,EXP-0001,LD-032999,,CO-0009554,paid,2025Q1,CMP-00148,treatment,2025-01-30
ASG-004937,EXP-0001,LD-033000,,CO-0091983,paid,2025Q1,CMP-00148,treatment,2025-01-30
ASG-004938,EXP-0001,LD-033001,,CO-0116600,paid,2025Q1,CMP-00149,treatment,2025-01-30
ASG-004939,EXP-0001,LD-033002,,CO-0002569,paid,2025Q1,CMP-00149,treatment,2025-01-30
ASG-004940,EXP-0001,LD-033003,,CO-0034243,paid,2025Q1,CMP-00149,treatment,2025-01-30
ASG-004941,EXP-0001,LD-033004,,CO-0049530,paid,2025Q1,CMP-00149,treatment,2025-01-30
ASG-004942,EXP-0001,LD-033005,,CO-0012803,paid,2025Q1,CMP-00150,treatment,2025-01-30
ASG-004943,EXP-0001,LD-033006,,CO-0001341,paid,2025Q1,CMP-00150,treatment,2025-01-30
ASG-004944,EXP-0001,LD-033007,,CO-0090999,paid,2025Q1,CMP-00150,treatment,2025-01-30
ASG-004945,EXP-0001,LD-033008,,CO-0103489,paid,2025Q1,CMP-00150,treatment,2025-01-30
ASG-004946,EXP-0001,LD-033009,,CO-0087206,paid,2025Q1,CMP-00151,control,2025-01-30
ASG-004947,EXP-0001,LD-033010,,CO-0013398,paid,2025Q1,CMP-00151,control,2025-01-30
ASG-004948,EXP-0001,LD-033011,,CO-0075046,paid,2025Q1,CMP-00151,control,2025-01-30
ASG-004949,EXP-0001,LD-033026,,CO-0057476,paid,2025Q1,CMP-00147,treatment,2025-01-31
ASG-004950,EXP-0001,LD-033027,,CO-0119888,paid,2025Q1,CMP-00147,treatment,2025-01-31
ASG-004951,EXP-0001,LD-033028,,CO-0107524,paid,2025Q1,CMP-00147,treatment,2025-01-31
ASG-004952,EXP-0001,LD-033029,,CO-0044330,paid,2025Q1,CMP-00148,treatment,2025-01-31
ASG-004953,EXP-0001,LD-033030,,CO-0005162,paid,2025Q1,CMP-00148,treatment,2025-01-31
ASG-004954,EXP-0001,LD-033031,,CO-0009731,paid,2025Q1,CMP-00148,treatment,2025-01-31
ASG-004955,EXP-0001,LD-033032,,CO-0082213,paid,2025Q1,CMP-00148,treatment,2025-01-31
ASG-004956,EXP-0001,LD-033033,,CO-0101734,paid,2025Q1,CMP-00148,treatment,2025-01-31
ASG-004957,EXP-0001,LD-033034,,CO-0014986,paid,2025Q1,CMP-00148,treatment,2025-01-31
ASG-004958,EXP-0001,LD-033035,,CO-0119516,paid,2025Q1,CMP-00148,treatment,2025-01-31
ASG-004959,EXP-0001,LD-033036,,CO-0093326,paid,2025Q1,CMP-00149,treatment,2025-01-31
ASG-004960,EXP-0001,LD-033037,,CO-0036386,paid,2025Q1,CMP-00149,treatment,2025-01-31
ASG-004961,EXP-0001,LD-033038,,CO-0078677,paid,2025Q1,CMP-00149,treatment,2025-01-31
ASG-004962,EXP-0001,LD-033039,,CO-0088945,paid,2025Q1,CMP-00149,treatment,2025-01-31
ASG-004963,EXP-0001,LD-033040,,CO-0046720,paid,2025Q1,CMP-00149,treatment,2025-01-31
ASG-004964,EXP-0001,LD-033041,,CO-0080768,paid,2025Q1,CMP-00150,treatment,2025-01-31
ASG-004965,EXP-0001,LD-033042,,CO-0038003,paid,2025Q1,CMP-00150,treatment,2025-01-31
ASG-004966,EXP-0001,LD-033043,,CO-0087212,paid,2025Q1,CMP-00150,treatment,2025-01-31
ASG-004967,EXP-0001,LD-033044,,CO-0103147,paid,2025Q1,CMP-00150,treatment,2025-01-31
ASG-004968,EXP-0001,LD-033045,,CO-0000618,paid,2025Q1,CMP-00150,treatment,2025-01-31
ASG-004969,EXP-0001,LD-033046,,CO-0011944,paid,2025Q1,CMP-00150,treatment,2025-01-31
ASG-004970,EXP-0001,LD-033047,,CO-0064775,paid,2025Q1,CMP-00151,control,2025-01-31
ASG-004971,EXP-0001,LD-033048,,CO-0084568,paid,2025Q1,CMP-00151,control,2025-01-31
ASG-004972,EXP-0001,LD-033049,,CO-0054118,paid,2025Q1,CMP-00151,control,2025-01-31
ASG-004973,EXP-0001,LD-033050,,CO-0087960,paid,2025Q1,CMP-00151,control,2025-01-31
ASG-004974,EXP-0001,LD-033056,ACC-004596,CO-0104585,paid,2025Q1,CMP-00148,treatment,2025-02-01
ASG-004975,EXP-0001,LD-033076,,CO-0107765,paid,2025Q1,CMP-00147,treatment,2025-02-01
ASG-004976,EXP-0001,LD-033077,,CO-0069981,paid,2025Q1,CMP-00147,treatment,2025-02-01
ASG-004977,EXP-0001,LD-033078,,CO-0118963,paid,2025Q1,CMP-00148,treatment,2025-02-01
ASG-004978,EXP-0001,LD-033079,,CO-0018987,paid,2025Q1,CMP-00148,treatment,2025-02-01
ASG-004979,EXP-0001,LD-033080,,CO-0057365,paid,2025Q1,CMP-00148,treatment,2025-02-01
ASG-004980,EXP-0001,LD-033081,,CO-0077520,paid,2025Q1,CMP-00148,treatment,2025-02-01
ASG-004981,EXP-0001,LD-033082,,CO-0017662,paid,2025Q1,CMP-00148,treatment,2025-02-01
ASG-004982,EXP-0001,LD-033083,,CO-0050795,paid,2025Q1,CMP-00149,treatment,2025-02-01
ASG-004983,EXP-0001,LD-033084,,CO-0035511,paid,2025Q1,CMP-00149,treatment,2025-02-01
ASG-004984,EXP-0001,LD-033085,,CO-0022398,paid,2025Q1,CMP-00149,treatment,2025-02-01
ASG-004985,EXP-0001,LD-033086,,CO-0051074,paid,2025Q1,CMP-00149,treatment,2025-02-01
ASG-004986,EXP-0001,LD-033087,,CO-0114298,paid,2025Q1,CMP-00150,treatment,2025-02-01
ASG-004987,EXP-0001,LD-033088,,CO-0036381,paid,2025Q1,CMP-00150,treatment,2025-02-01
ASG-004988,EXP-0001,LD-033089,,CO-0024550,paid,2025Q1,CMP-00150,treatment,2025-02-01
ASG-004989,EXP-0001,LD-033090,,CO-0047283,paid,2025Q1,CMP-00150,treatment,2025-02-01
ASG-004990,EXP-0001,LD-033091,,CO-0089554,paid,2025Q1,CMP-00150,treatment,2025-02-01
ASG-004991,EXP-0001,LD-033092,,CO-0024386,paid,2025Q1,CMP-00151,control,2025-02-01
ASG-004992,EXP-0001,LD-033093,,CO-0083582,paid,2025Q1,CMP-00151,control,2025-02-01
ASG-004993,EXP-0001,LD-033114,,CO-0071273,paid,2025Q1,CMP-00147,treatment,2025-02-02
ASG-004994,EXP-0001,LD-033115,,CO-0119454,paid,2025Q1,CMP-00147,treatment,2025-02-02
ASG-004995,EXP-0001,LD-033116,,CO-0057669,paid,2025Q1,CMP-00148,treatment,2025-02-02
ASG-004996,EXP-0001,LD-033117,,CO-0104296,paid,2025Q1,CMP-00148,treatment,2025-02-02
ASG-004997,EXP-0001,LD-033118,,CO-0119183,paid,2025Q1,CMP-00148,treatment,2025-02-02
ASG-004998,EXP-0001,LD-033119,,CO-0101842,paid,2025Q1,CMP-00148,treatment,2025-02-02
ASG-004999,EXP-0001,LD-033120,,CO-0108148,paid,2025Q1,CMP-00148,treatment,2025-02-02
ASG-005000,EXP-0001,LD-033121,,CO-0105852,paid,2025Q1,CMP-00148,treatment,2025-02-02
ASG-005001,EXP-0001,LD-033122,,CO-0037135,paid,2025Q1,CMP-00148,treatment,2025-02-02
ASG-005002,EXP-0001,LD-033123,,CO-0055411,paid,2025Q1,CMP-00148,treatment,2025-02-02
ASG-005003,EXP-0001,LD-033124,,CO-0004203,paid,2025Q1,CMP-00149,treatment,2025-02-02
ASG-005004,EXP-0001,LD-033125,,CO-0078725,paid,2025Q1,CMP-00149,treatment,2025-02-02
ASG-005005,EXP-0001,LD-033126,,CO-0084531,paid,2025Q1,CMP-00149,treatment,2025-02-02
ASG-005006,EXP-0001,LD-033127,,CO-0017989,paid,2025Q1,CMP-00150,treatment,2025-02-02
ASG-005007,EXP-0001,LD-033128,,CO-0023262,paid,2025Q1,CMP-00150,treatment,2025-02-02
ASG-005008,EXP-0001,LD-033129,,CO-0086743,paid,2025Q1,CMP-00151,control,2025-02-02
ASG-005009,EXP-0001,LD-033130,,CO-0062517,paid,2025Q1,CMP-00151,control,2025-02-02
ASG-005010,EXP-0001,LD-033131,,CO-0098420,paid,2025Q1,CMP-00151,control,2025-02-02
ASG-005011,EXP-0001,LD-033136,ACC-001517,CO-0020819,paid,2025Q1,CMP-00147,treatment,2025-02-03
ASG-005012,EXP-0001,LD-033137,ACC-007320,CO-0073856,paid,2025Q1,CMP-00148,treatment,2025-02-03
ASG-005013,EXP-0001,LD-033157,,CO-0080752,paid,2025Q1,CMP-00147,treatment,2025-02-03
ASG-005014,EXP-0001,LD-033158,,CO-0120637,paid,2025Q1,CMP-00147,treatment,2025-02-03
ASG-005015,EXP-0001,LD-033159,,CO-0048460,paid,2025Q1,CMP-00147,treatment,2025-02-03
ASG-005016,EXP-0001,LD-033160,,CO-0004874,paid,2025Q1,CMP-00147,treatment,2025-02-03
ASG-005017,EXP-0001,LD-033161,,CO-0012778,paid,2025Q1,CMP-00148,treatment,2025-02-03
ASG-005018,EXP-0001,LD-033162,,CO-0088306,paid,2025Q1,CMP-00148,treatment,2025-02-03
ASG-005019,EXP-0001,LD-033163,,CO-0017009,paid,2025Q1,CMP-00148,treatment,2025-02-03
ASG-005020,EXP-0001,LD-033164,,CO-0006201,paid,2025Q1,CMP-00148,treatment,2025-02-03
ASG-005021,EXP-0001,LD-033165,,CO-0090160,paid,2025Q1,CMP-00148,treatment,2025-02-03
ASG-005022,EXP-0001,LD-033166,,CO-0056738,paid,2025Q1,CMP-00149,treatment,2025-02-03
ASG-005023,EXP-0001,LD-033167,,CO-0071051,paid,2025Q1,CMP-00149,treatment,2025-02-03
ASG-005024,EXP-0001,LD-033168,,CO-0035168,paid,2025Q1,CMP-00149,treatment,2025-02-03
ASG-005025,EXP-0001,LD-033169,,CO-0095473,paid,2025Q1,CMP-00149,treatment,2025-02-03
ASG-005026,EXP-0001,LD-033170,,CO-0103240,paid,2025Q1,CMP-00150,treatment,2025-02-03
ASG-005027,EXP-0001,LD-033171,,CO-0045296,paid,2025Q1,CMP-00150,treatment,2025-02-03
ASG-005028,EXP-0001,LD-033172,,CO-0083277,paid,2025Q1,CMP-00150,treatment,2025-02-03
ASG-005029,EXP-0001,LD-033173,,CO-0021097,paid,2025Q1,CMP-00150,treatment,2025-02-03
ASG-005030,EXP-0001,LD-033174,,CO-0101848,paid,2025Q1,CMP-00150,treatment,2025-02-03
ASG-005031,EXP-0001,LD-033175,,CO-0088334,paid,2025Q1,CMP-00150,treatment,2025-02-03
ASG-005032,EXP-0001,LD-033176,,CO-0120055,paid,2025Q1,CMP-00150,treatment,2025-02-03
ASG-005033,EXP-0001,LD-033177,,CO-0052118,paid,2025Q1,CMP-00150,treatment,2025-02-03
ASG-005034,EXP-0001,LD-033178,,CO-0028930,paid,2025Q1,CMP-00150,treatment,2025-02-03
ASG-005035,EXP-0001,LD-033179,,CO-0101424,paid,2025Q1,CMP-00151,control,2025-02-03
ASG-005036,EXP-0001,LD-033180,,CO-0017867,paid,2025Q1,CMP-00151,control,2025-02-03
ASG-005037,EXP-0001,LD-033181,,CO-0037130,paid,2025Q1,CMP-00151,control,2025-02-03
ASG-005038,EXP-0001,LD-033190,ACC-002816,CO-0060280,paid,2025Q1,CMP-00149,treatment,2025-02-04
ASG-005039,EXP-0001,LD-033193,ACC-004652,CO-0083503,paid,2025Q1,CMP-00148,treatment,2025-02-04
ASG-005040,EXP-0001,LD-033209,,CO-0026965,paid,2025Q1,CMP-00147,treatment,2025-02-04
ASG-005041,EXP-0001,LD-033210,,CO-0057396,paid,2025Q1,CMP-00148,treatment,2025-02-04
ASG-005042,EXP-0001,LD-033211,,CO-0075030,paid,2025Q1,CMP-00148,treatment,2025-02-04
ASG-005043,EXP-0001,LD-033212,,CO-0095767,paid,2025Q1,CMP-00148,treatment,2025-02-04
ASG-005044,EXP-0001,LD-033213,,CO-0000524,paid,2025Q1,CMP-00148,treatment,2025-02-04
ASG-005045,EXP-0001,LD-033214,,CO-0027892,paid,2025Q1,CMP-00148,treatment,2025-02-04
ASG-005046,EXP-0001,LD-033215,,CO-0022190,paid,2025Q1,CMP-00149,treatment,2025-02-04
ASG-005047,EXP-0001,LD-033216,,CO-0093979,paid,2025Q1,CMP-00149,treatment,2025-02-04
ASG-005048,EXP-0001,LD-033217,,CO-0025321,paid,2025Q1,CMP-00149,treatment,2025-02-04
ASG-005049,EXP-0001,LD-033218,,CO-0038188,paid,2025Q1,CMP-00149,treatment,2025-02-04
ASG-005050,EXP-0001,LD-033219,,CO-0008957,paid,2025Q1,CMP-00150,treatment,2025-02-04
ASG-005051,EXP-0001,LD-033220,,CO-0022856,paid,2025Q1,CMP-00150,treatment,2025-02-04
ASG-005052,EXP-0001,LD-033221,,CO-0091113,paid,2025Q1,CMP-00150,treatment,2025-02-04
ASG-005053,EXP-0001,LD-033222,,CO-0122279,paid,2025Q1,CMP-00150,treatment,2025-02-04
ASG-005054,EXP-0001,LD-033223,,CO-0028569,paid,2025Q1,CMP-00150,treatment,2025-02-04
ASG-005055,EXP-0001,LD-033224,,CO-0030413,paid,2025Q1,CMP-00150,treatment,2025-02-04
ASG-005056,EXP-0001,LD-033225,,CO-0078756,paid,2025Q1,CMP-00151,control,2025-02-04
ASG-005057,EXP-0001,LD-033226,,CO-0001622,paid,2025Q1,CMP-00151,control,2025-02-04
ASG-005058,EXP-0001,LD-033227,,CO-0050535,paid,2025Q1,CMP-00151,control,2025-02-04
ASG-005059,EXP-0001,LD-033228,,CO-0059699,paid,2025Q1,CMP-00151,control,2025-02-04
ASG-005060,EXP-0001,LD-033229,,CO-0038280,paid,2025Q1,CMP-00151,control,2025-02-04
ASG-005061,EXP-0001,LD-033230,,CO-0022418,paid,2025Q1,CMP-00151,control,2025-02-04
ASG-005062,EXP-0001,LD-033251,,CO-0028262,paid,2025Q1,CMP-00147,treatment,2025-02-05
ASG-005063,EXP-0001,LD-033252,,CO-0038063,paid,2025Q1,CMP-00148,treatment,2025-02-05
ASG-005064,EXP-0001,LD-033253,,CO-0001024,paid,2025Q1,CMP-00148,treatment,2025-02-05
ASG-005065,EXP-0001,LD-033254,,CO-0098860,paid,2025Q1,CMP-00148,treatment,2025-02-05
ASG-005066,EXP-0001,LD-033255,,CO-0057273,paid,2025Q1,CMP-00148,treatment,2025-02-05
ASG-005067,EXP-0001,LD-033256,,CO-0098282,paid,2025Q1,CMP-00148,treatment,2025-02-05
ASG-005068,EXP-0001,LD-033257,,CO-0030369,paid,2025Q1,CMP-00148,treatment,2025-02-05
ASG-005069,EXP-0001,LD-033258,,CO-0066402,paid,2025Q1,CMP-00149,treatment,2025-02-05
ASG-005070,EXP-0001,LD-033259,,CO-0059213,paid,2025Q1,CMP-00149,treatment,2025-02-05
ASG-005071,EXP-0001,LD-033260,,CO-0015996,paid,2025Q1,CMP-00149,treatment,2025-02-05
ASG-005072,EXP-0001,LD-033261,,CO-0112799,paid,2025Q1,CMP-00149,treatment,2025-02-05
ASG-005073,EXP-0001,LD-033262,,CO-0122799,paid,2025Q1,CMP-00150,treatment,2025-02-05
ASG-005074,EXP-0001,LD-033263,,CO-0022915,paid,2025Q1,CMP-00150,treatment,2025-02-05
ASG-005075,EXP-0001,LD-033264,,CO-0120686,paid,2025Q1,CMP-00150,treatment,2025-02-05
ASG-005076,EXP-0001,LD-033265,,CO-0119268,paid,2025Q1,CMP-00150,treatment,2025-02-05
ASG-005077,EXP-0001,LD-033266,,CO-0098070,paid,2025Q1,CMP-00150,treatment,2025-02-05
ASG-005078,EXP-0001,LD-033267,,CO-0084146,paid,2025Q1,CMP-00150,treatment,2025-02-05
ASG-005079,EXP-0001,LD-033268,,CO-0056318,paid,2025Q1,CMP-00151,control,2025-02-05
ASG-005080,EXP-0001,LD-033269,,CO-0022635,paid,2025Q1,CMP-00151,control,2025-02-05
ASG-005081,EXP-0001,LD-033270,,CO-0014490,paid,2025Q1,CMP-00151,control,2025-02-05
ASG-005082,EXP-0001,LD-033271,,CO-0099641,paid,2025Q1,CMP-00151,control,2025-02-05
ASG-005083,EXP-0001,LD-033291,,CO-0082510,paid,2025Q1,CMP-00147,treatment,2025-02-06
ASG-005084,EXP-0001,LD-033292,,CO-0111709,paid,2025Q1,CMP-00147,treatment,2025-02-06
ASG-005085,EXP-0001,LD-033293,,CO-0085608,paid,2025Q1,CMP-00148,treatment,2025-02-06
ASG-005086,EXP-0001,LD-033294,,CO-0053454,paid,2025Q1,CMP-00148,treatment,2025-02-06
ASG-005087,EXP-0001,LD-033295,,CO-0103265,paid,2025Q1,CMP-00148,treatment,2025-02-06
ASG-005088,EXP-0001,LD-033296,,CO-0070082,paid,2025Q1,CMP-00148,treatment,2025-02-06
ASG-005089,EXP-0001,LD-033297,,CO-0057078,paid,2025Q1,CMP-00149,treatment,2025-02-06
ASG-005090,EXP-0001,LD-033298,,CO-0040452,paid,2025Q1,CMP-00149,treatment,2025-02-06
ASG-005091,EXP-0001,LD-033299,,CO-0052931,paid,2025Q1,CMP-00149,treatment,2025-02-06
ASG-005092,EXP-0001,LD-033300,,CO-0064362,paid,2025Q1,CMP-00149,treatment,2025-02-06
ASG-005093,EXP-0001,LD-033301,,CO-0027015,paid,2025Q1,CMP-00150,treatment,2025-02-06
ASG-005094,EXP-0001,LD-033302,,CO-0112986,paid,2025Q1,CMP-00150,treatment,2025-02-06
ASG-005095,EXP-0001,LD-033303,,CO-0019821,paid,2025Q1,CMP-00150,treatment,2025-02-06
ASG-005096,EXP-0001,LD-033304,,CO-0028156,paid,2025Q1,CMP-00150,treatment,2025-02-06
ASG-005097,EXP-0001,LD-033305,,CO-0040234,paid,2025Q1,CMP-00150,treatment,2025-02-06
ASG-005098,EXP-0001,LD-033306,,CO-0060545,paid,2025Q1,CMP-00151,control,2025-02-06
ASG-005099,EXP-0001,LD-033307,,CO-0115728,paid,2025Q1,CMP-00151,control,2025-02-06
ASG-005100,EXP-0001,LD-033308,,CO-0021862,paid,2025Q1,CMP-00151,control,2025-02-06
ASG-005101,EXP-0001,LD-033332,,CO-0108354,paid,2025Q1,CMP-00147,treatment,2025-02-07
ASG-005102,EXP-0001,LD-033333,,CO-0109232,paid,2025Q1,CMP-00147,treatment,2025-02-07
ASG-005103,EXP-0001,LD-033334,,CO-0046846,paid,2025Q1,CMP-00147,treatment,2025-02-07
ASG-005104,EXP-0001,LD-033335,,CO-0107614,paid,2025Q1,CMP-00148,treatment,2025-02-07
ASG-005105,EXP-0001,LD-033336,,CO-0023227,paid,2025Q1,CMP-00148,treatment,2025-02-07
ASG-005106,EXP-0001,LD-033337,,CO-0001455,paid,2025Q1,CMP-00148,treatment,2025-02-07
ASG-005107,EXP-0001,LD-033338,,CO-0016457,paid,2025Q1,CMP-00148,treatment,2025-02-07
ASG-005108,EXP-0001,LD-033339,,CO-0017800,paid,2025Q1,CMP-00148,treatment,2025-02-07
ASG-005109,EXP-0001,LD-033340,,CO-0063005,paid,2025Q1,CMP-00148,treatment,2025-02-07
ASG-005110,EXP-0001,LD-033341,,CO-0046351,paid,2025Q1,CMP-00148,treatment,2025-02-07
ASG-005111,EXP-0001,LD-033342,,CO-0052986,paid,2025Q1,CMP-00148,treatment,2025-02-07
ASG-005112,EXP-0001,LD-033343,,CO-0089546,paid,2025Q1,CMP-00148,treatment,2025-02-07
ASG-005113,EXP-0001,LD-033344,,CO-0045394,paid,2025Q1,CMP-00148,treatment,2025-02-07
ASG-005114,EXP-0001,LD-033345,,CO-0022937,paid,2025Q1,CMP-00148,treatment,2025-02-07
ASG-005115,EXP-0001,LD-033346,,CO-0018582,paid,2025Q1,CMP-00149,treatment,2025-02-07
ASG-005116,EXP-0001,LD-033347,,CO-0057084,paid,2025Q1,CMP-00149,treatment,2025-02-07
ASG-005117,EXP-0001,LD-033348,,CO-0086506,paid,2025Q1,CMP-00149,treatment,2025-02-07
ASG-005118,EXP-0001,LD-033349,,CO-0043958,paid,2025Q1,CMP-00149,treatment,2025-02-07
ASG-005119,EXP-0001,LD-033350,,CO-0116282,paid,2025Q1,CMP-00149,treatment,2025-02-07
ASG-005120,EXP-0001,LD-033351,,CO-0030498,paid,2025Q1,CMP-00149,treatment,2025-02-07
ASG-005121,EXP-0001,LD-033352,,CO-0093816,paid,2025Q1,CMP-00150,treatment,2025-02-07
ASG-005122,EXP-0001,LD-033353,,CO-0109370,paid,2025Q1,CMP-00150,treatment,2025-02-07
ASG-005123,EXP-0001,LD-033354,,CO-0022279,paid,2025Q1,CMP-00150,treatment,2025-02-07
ASG-005124,EXP-0001,LD-033355,,CO-0052725,paid,2025Q1,CMP-00150,treatment,2025-02-07
ASG-005125,EXP-0001,LD-033356,,CO-0043158,paid,2025Q1,CMP-00150,treatment,2025-02-07
ASG-005126,EXP-0001,LD-033357,,CO-0036484,paid,2025Q1,CMP-00150,treatment,2025-02-07
ASG-005127,EXP-0001,LD-033358,,CO-0069930,paid,2025Q1,CMP-00151,control,2025-02-07
ASG-005128,EXP-0001,LD-033359,,CO-0040353,paid,2025Q1,CMP-00151,control,2025-02-07
ASG-005129,EXP-0001,LD-033363,ACC-004051,CO-0015916,paid,2025Q1,CMP-00150,treatment,2025-02-08
ASG-005130,EXP-0001,LD-033365,ACC-005549,CO-0102175,paid,2025Q1,CMP-00150,treatment,2025-02-08
ASG-005131,EXP-0001,LD-033384,,CO-0089766,paid,2025Q1,CMP-00147,treatment,2025-02-08
ASG-005132,EXP-0001,LD-033385,,CO-0073334,paid,2025Q1,CMP-00147,treatment,2025-02-08
ASG-005133,EXP-0001,LD-033386,,CO-0080160,paid,2025Q1,CMP-00147,treatment,2025-02-08
ASG-005134,EXP-0001,LD-033387,,CO-0077070,paid,2025Q1,CMP-00147,treatment,2025-02-08
ASG-005135,EXP-0001,LD-033388,,CO-0018823,paid,2025Q1,CMP-00147,treatment,2025-02-08
ASG-005136,EXP-0001,LD-033389,,CO-0122058,paid,2025Q1,CMP-00148,treatment,2025-02-08
ASG-005137,EXP-0001,LD-033390,,CO-0011969,paid,2025Q1,CMP-00148,treatment,2025-02-08
ASG-005138,EXP-0001,LD-033391,,CO-0057579,paid,2025Q1,CMP-00148,treatment,2025-02-08
ASG-005139,EXP-0001,LD-033392,,CO-0084274,paid,2025Q1,CMP-00148,treatment,2025-02-08
ASG-005140,EXP-0001,LD-033393,,CO-0105397,paid,2025Q1,CMP-00148,treatment,2025-02-08
ASG-005141,EXP-0001,LD-033394,,CO-0122193,paid,2025Q1,CMP-00148,treatment,2025-02-08
ASG-005142,EXP-0001,LD-033395,,CO-0099682,paid,2025Q1,CMP-00148,treatment,2025-02-08
ASG-005143,EXP-0001,LD-033396,,CO-0033617,paid,2025Q1,CMP-00149,treatment,2025-02-08
ASG-005144,EXP-0001,LD-033397,,CO-0002873,paid,2025Q1,CMP-00149,treatment,2025-02-08
ASG-005145,EXP-0001,LD-033398,,CO-0028106,paid,2025Q1,CMP-00149,treatment,2025-02-08
ASG-005146,EXP-0001,LD-033399,,CO-0031855,paid,2025Q1,CMP-00149,treatment,2025-02-08
ASG-005147,EXP-0001,LD-033400,,CO-0006762,paid,2025Q1,CMP-00149,treatment,2025-02-08
ASG-005148,EXP-0001,LD-033401,,CO-0052969,paid,2025Q1,CMP-00150,treatment,2025-02-08
ASG-005149,EXP-0001,LD-033402,,CO-0084697,paid,2025Q1,CMP-00150,treatment,2025-02-08
ASG-005150,EXP-0001,LD-033403,,CO-0119613,paid,2025Q1,CMP-00150,treatment,2025-02-08
ASG-005151,EXP-0001,LD-033404,,CO-0084924,paid,2025Q1,CMP-00150,treatment,2025-02-08
ASG-005152,EXP-0001,LD-033405,,CO-0095224,paid,2025Q1,CMP-00150,treatment,2025-02-08
ASG-005153,EXP-0001,LD-033406,,CO-0076836,paid,2025Q1,CMP-00150,treatment,2025-02-08
ASG-005154,EXP-0001,LD-033407,,CO-0050503,paid,2025Q1,CMP-00151,control,2025-02-08
ASG-005155,EXP-0001,LD-033408,,CO-0091699,paid,2025Q1,CMP-00151,control,2025-02-08
ASG-005156,EXP-0001,LD-033409,,CO-0073332,paid,2025Q1,CMP-00151,control,2025-02-08
ASG-005157,EXP-0001,LD-033421,ACC-006891,CO-0054134,paid,2025Q1,CMP-00148,treatment,2025-02-09
ASG-005158,EXP-0001,LD-033436,,CO-0121072,paid,2025Q1,CMP-00147,treatment,2025-02-09
ASG-005159,EXP-0001,LD-033437,,CO-0001597,paid,2025Q1,CMP-00147,treatment,2025-02-09
ASG-005160,EXP-0001,LD-033438,,CO-0000981,paid,2025Q1,CMP-00147,treatment,2025-02-09
ASG-005161,EXP-0001,LD-033439,,CO-0003873,paid,2025Q1,CMP-00148,treatment,2025-02-09
ASG-005162,EXP-0001,LD-033440,,CO-0019877,paid,2025Q1,CMP-00148,treatment,2025-02-09
ASG-005163,EXP-0001,LD-033441,,CO-0024901,paid,2025Q1,CMP-00148,treatment,2025-02-09
ASG-005164,EXP-0001,LD-033442,,CO-0001238,paid,2025Q1,CMP-00148,treatment,2025-02-09
ASG-005165,EXP-0001,LD-033443,,CO-0006049,paid,2025Q1,CMP-00148,treatment,2025-02-09
ASG-005166,EXP-0001,LD-033444,,CO-0011773,paid,2025Q1,CMP-00149,treatment,2025-02-09
ASG-005167,EXP-0001,LD-033445,,CO-0047279,paid,2025Q1,CMP-00149,treatment,2025-02-09
ASG-005168,EXP-0001,LD-033446,,CO-0060563,paid,2025Q1,CMP-00149,treatment,2025-02-09
ASG-005169,EXP-0001,LD-033447,,CO-0092821,paid,2025Q1,CMP-00149,treatment,2025-02-09
ASG-005170,EXP-0001,LD-033448,,CO-0009356,paid,2025Q1,CMP-00149,treatment,2025-02-09
ASG-005171,EXP-0001,LD-033449,,CO-0042641,paid,2025Q1,CMP-00149,treatment,2025-02-09
ASG-005172,EXP-0001,LD-033450,,CO-0083547,paid,2025Q1,CMP-00150,treatment,2025-02-09
ASG-005173,EXP-0001,LD-033451,,CO-0122040,paid,2025Q1,CMP-00150,treatment,2025-02-09
ASG-005174,EXP-0001,LD-033452,,CO-0033853,paid,2025Q1,CMP-00150,treatment,2025-02-09
ASG-005175,EXP-0001,LD-033453,,CO-0053439,paid,2025Q1,CMP-00150,treatment,2025-02-09
ASG-005176,EXP-0001,LD-033454,,CO-0050091,paid,2025Q1,CMP-00150,treatment,2025-02-09
ASG-005177,EXP-0001,LD-033455,,CO-0058142,paid,2025Q1,CMP-00150,treatment,2025-02-09
ASG-005178,EXP-0001,LD-033456,,CO-0121299,paid,2025Q1,CMP-00151,control,2025-02-09
ASG-005179,EXP-0001,LD-033457,,CO-0023266,paid,2025Q1,CMP-00151,control,2025-02-09
ASG-005180,EXP-0001,LD-033461,ACC-003306,CO-0066694,paid,2025Q1,CMP-00148,treatment,2025-02-10
ASG-005181,EXP-0001,LD-033463,ACC-005478,CO-0009584,paid,2025Q1,CMP-00148,treatment,2025-02-10
ASG-005182,EXP-0001,LD-033480,,CO-0069342,paid,2025Q1,CMP-00147,treatment,2025-02-10
ASG-005183,EXP-0001,LD-033481,,CO-0104432,paid,2025Q1,CMP-00147,treatment,2025-02-10
ASG-005184,EXP-0001,LD-033482,,CO-0102326,paid,2025Q1,CMP-00147,treatment,2025-02-10
ASG-005185,EXP-0001,LD-033483,,CO-0087350,paid,2025Q1,CMP-00147,treatment,2025-02-10
ASG-005186,EXP-0001,LD-033484,,CO-0081830,paid,2025Q1,CMP-00147,treatment,2025-02-10
ASG-005187,EXP-0001,LD-033485,,CO-0024816,paid,2025Q1,CMP-00148,treatment,2025-02-10
ASG-005188,EXP-0001,LD-033486,,CO-0093533,paid,2025Q1,CMP-00148,treatment,2025-02-10
ASG-005189,EXP-0001,LD-033487,,CO-0000151,paid,2025Q1,CMP-00148,treatment,2025-02-10
ASG-005190,EXP-0001,LD-033488,,CO-0043675,paid,2025Q1,CMP-00148,treatment,2025-02-10
ASG-005191,EXP-0001,LD-033489,,CO-0110294,paid,2025Q1,CMP-00148,treatment,2025-02-10
ASG-005192,EXP-0001,LD-033490,,CO-0100211,paid,2025Q1,CMP-00148,treatment,2025-02-10
ASG-005193,EXP-0001,LD-033491,,CO-0042014,paid,2025Q1,CMP-00148,treatment,2025-02-10
ASG-005194,EXP-0001,LD-033492,,CO-0033665,paid,2025Q1,CMP-00148,treatment,2025-02-10
ASG-005195,EXP-0001,LD-033493,,CO-0052180,paid,2025Q1,CMP-00148,treatment,2025-02-10
ASG-005196,EXP-0001,LD-033494,,CO-0092991,paid,2025Q1,CMP-00149,treatment,2025-02-10
ASG-005197,EXP-0001,LD-033495,,CO-0001378,paid,2025Q1,CMP-00149,treatment,2025-02-10
ASG-005198,EXP-0001,LD-033496,,CO-0094618,paid,2025Q1,CMP-00149,treatment,2025-02-10
ASG-005199,EXP-0001,LD-033497,,CO-0120344,paid,2025Q1,CMP-00150,treatment,2025-02-10
ASG-005200,EXP-0001,LD-033498,,CO-0070121,paid,2025Q1,CMP-00150,treatment,2025-02-10
ASG-005201,EXP-0001,LD-033499,,CO-0091158,paid,2025Q1,CMP-00150,treatment,2025-02-10
ASG-005202,EXP-0001,LD-033500,,CO-0102248,paid,2025Q1,CMP-00150,treatment,2025-02-10
ASG-005203,EXP-0001,LD-033501,,CO-0060919,paid,2025Q1,CMP-00151,control,2025-02-10
ASG-005204,EXP-0001,LD-033502,,CO-0094154,paid,2025Q1,CMP-00151,control,2025-02-10
ASG-005205,EXP-0001,LD-033503,,CO-0051404,paid,2025Q1,CMP-00151,control,2025-02-10
ASG-005206,EXP-0001,LD-033507,ACC-001751,CO-0040972,paid,2025Q1,CMP-00149,treatment,2025-02-11
ASG-005207,EXP-0001,LD-033523,,CO-0107723,paid,2025Q1,CMP-00147,treatment,2025-02-11
ASG-005208,EXP-0001,LD-033524,,CO-0025375,paid,2025Q1,CMP-00148,treatment,2025-02-11
ASG-005209,EXP-0001,LD-033525,,CO-0004831,paid,2025Q1,CMP-00148,treatment,2025-02-11
ASG-005210,EXP-0001,LD-033526,,CO-0104248,paid,2025Q1,CMP-00148,treatment,2025-02-11
ASG-005211,EXP-0001,LD-033527,,CO-0007561,paid,2025Q1,CMP-00148,treatment,2025-02-11
ASG-005212,EXP-0001,LD-033528,,CO-0005342,paid,2025Q1,CMP-00148,treatment,2025-02-11
ASG-005213,EXP-0001,LD-033529,,CO-0006190,paid,2025Q1,CMP-00150,treatment,2025-02-11
ASG-005214,EXP-0001,LD-033530,,CO-0099727,paid,2025Q1,CMP-00150,treatment,2025-02-11
ASG-005215,EXP-0001,LD-033531,,CO-0004104,paid,2025Q1,CMP-00150,treatment,2025-02-11
ASG-005216,EXP-0001,LD-033532,,CO-0049780,paid,2025Q1,CMP-00150,treatment,2025-02-11
ASG-005217,EXP-0001,LD-033533,,CO-0021066,paid,2025Q1,CMP-00150,treatment,2025-02-11
ASG-005218,EXP-0001,LD-033534,,CO-0055015,paid,2025Q1,CMP-00150,treatment,2025-02-11
ASG-005219,EXP-0001,LD-033535,,CO-0051970,paid,2025Q1,CMP-00150,treatment,2025-02-11
ASG-005220,EXP-0001,LD-033536,,CO-0009404,paid,2025Q1,CMP-00150,treatment,2025-02-11
ASG-005221,EXP-0001,LD-033537,,CO-0000434,paid,2025Q1,CMP-00151,control,2025-02-11
ASG-005222,EXP-0001,LD-033538,,CO-0040497,paid,2025Q1,CMP-00151,control,2025-02-11
ASG-005223,EXP-0001,LD-033546,ACC-001724,CO-0115386,paid,2025Q1,CMP-00151,control,2025-02-12
ASG-005224,EXP-0001,LD-033548,ACC-006103,CO-0100991,paid,2025Q1,CMP-00149,treatment,2025-02-12
ASG-005225,EXP-0001,LD-033565,,CO-0103975,paid,2025Q1,CMP-00147,treatment,2025-02-12
ASG-005226,EXP-0001,LD-033566,,CO-0033970,paid,2025Q1,CMP-00147,treatment,2025-02-12
ASG-005227,EXP-0001,LD-033567,,CO-0101541,paid,2025Q1,CMP-00147,treatment,2025-02-12
ASG-005228,EXP-0001,LD-033568,,CO-0080939,paid,2025Q1,CMP-00147,treatment,2025-02-12
ASG-005229,EXP-0001,LD-033569,,CO-0107129,paid,2025Q1,CMP-00147,treatment,2025-02-12
ASG-005230,EXP-0001,LD-033570,,CO-0030355,paid,2025Q1,CMP-00147,treatment,2025-02-12
ASG-005231,EXP-0001,LD-033571,,CO-0118890,paid,2025Q1,CMP-00147,treatment,2025-02-12
ASG-005232,EXP-0001,LD-033572,,CO-0094513,paid,2025Q1,CMP-00147,treatment,2025-02-12
ASG-005233,EXP-0001,LD-033573,,CO-0004008,paid,2025Q1,CMP-00147,treatment,2025-02-12
ASG-005234,EXP-0001,LD-033574,,CO-0099072,paid,2025Q1,CMP-00148,treatment,2025-02-12
ASG-005235,EXP-0001,LD-033575,,CO-0008295,paid,2025Q1,CMP-00148,treatment,2025-02-12
ASG-005236,EXP-0001,LD-033576,,CO-0030442,paid,2025Q1,CMP-00148,treatment,2025-02-12
ASG-005237,EXP-0001,LD-033577,,CO-0107909,paid,2025Q1,CMP-00148,treatment,2025-02-12
ASG-005238,EXP-0001,LD-033578,,CO-0061345,paid,2025Q1,CMP-00148,treatment,2025-02-12
ASG-005239,EXP-0001,LD-033579,,CO-0014283,paid,2025Q1,CMP-00148,treatment,2025-02-12
ASG-005240,EXP-0001,LD-033580,,CO-0028116,paid,2025Q1,CMP-00148,treatment,2025-02-12
ASG-005241,EXP-0001,LD-033581,,CO-0025943,paid,2025Q1,CMP-00148,treatment,2025-02-12
ASG-005242,EXP-0001,LD-033582,,CO-0018238,paid,2025Q1,CMP-00149,treatment,2025-02-12
ASG-005243,EXP-0001,LD-033583,,CO-0111760,paid,2025Q1,CMP-00149,treatment,2025-02-12
ASG-005244,EXP-0001,LD-033584,,CO-0018002,paid,2025Q1,CMP-00149,treatment,2025-02-12
ASG-005245,EXP-0001,LD-033585,,CO-0016993,paid,2025Q1,CMP-00150,treatment,2025-02-12
ASG-005246,EXP-0001,LD-033586,,CO-0040292,paid,2025Q1,CMP-00150,treatment,2025-02-12
ASG-005247,EXP-0001,LD-033587,,CO-0051488,paid,2025Q1,CMP-00150,treatment,2025-02-12
ASG-005248,EXP-0001,LD-033588,,CO-0048533,paid,2025Q1,CMP-00151,control,2025-02-12
ASG-005249,EXP-0001,LD-033589,,CO-0047075,paid,2025Q1,CMP-00151,control,2025-02-12
ASG-005250,EXP-0001,LD-033590,,CO-0026643,paid,2025Q1,CMP-00151,control,2025-02-12
ASG-005251,EXP-0001,LD-033591,,CO-0087339,paid,2025Q1,CMP-00151,control,2025-02-12
ASG-005252,EXP-0001,LD-033592,,CO-0000888,paid,2025Q1,CMP-00151,control,2025-02-12
ASG-005253,EXP-0001,LD-033593,,CO-0042792,paid,2025Q1,CMP-00151,control,2025-02-12
ASG-005254,EXP-0001,LD-033594,,CO-0002687,paid,2025Q1,CMP-00151,control,2025-02-12
ASG-005255,EXP-0001,LD-033613,,CO-0098299,paid,2025Q1,CMP-00147,treatment,2025-02-13
ASG-005256,EXP-0001,LD-033614,,CO-0014758,paid,2025Q1,CMP-00147,treatment,2025-02-13
ASG-005257,EXP-0001,LD-033615,,CO-0016193,paid,2025Q1,CMP-00148,treatment,2025-02-13
ASG-005258,EXP-0001,LD-033616,,CO-0079636,paid,2025Q1,CMP-00148,treatment,2025-02-13
ASG-005259,EXP-0001,LD-033617,,CO-0026059,paid,2025Q1,CMP-00149,treatment,2025-02-13
ASG-005260,EXP-0001,LD-033618,,CO-0082699,paid,2025Q1,CMP-00149,treatment,2025-02-13
ASG-005261,EXP-0001,LD-033619,,CO-0064654,paid,2025Q1,CMP-00149,treatment,2025-02-13
ASG-005262,EXP-0001,LD-033620,,CO-0100490,paid,2025Q1,CMP-00149,treatment,2025-02-13
ASG-005263,EXP-0001,LD-033621,,CO-0030433,paid,2025Q1,CMP-00149,treatment,2025-02-13
ASG-005264,EXP-0001,LD-033622,,CO-0095375,paid,2025Q1,CMP-00149,treatment,2025-02-13
ASG-005265,EXP-0001,LD-033623,,CO-0098182,paid,2025Q1,CMP-00150,treatment,2025-02-13
ASG-005266,EXP-0001,LD-033624,,CO-0115249,paid,2025Q1,CMP-00150,treatment,2025-02-13
ASG-005267,EXP-0001,LD-033625,,CO-0086243,paid,2025Q1,CMP-00150,treatment,2025-02-13
ASG-005268,EXP-0001,LD-033626,,CO-0036391,paid,2025Q1,CMP-00151,control,2025-02-13
ASG-005269,EXP-0001,LD-033627,,CO-0037774,paid,2025Q1,CMP-00151,control,2025-02-13
ASG-005270,EXP-0001,LD-033647,,CO-0096021,paid,2025Q1,CMP-00147,treatment,2025-02-14
ASG-005271,EXP-0001,LD-033648,,CO-0094657,paid,2025Q1,CMP-00148,treatment,2025-02-14
ASG-005272,EXP-0001,LD-033649,,CO-0100223,paid,2025Q1,CMP-00148,treatment,2025-02-14
ASG-005273,EXP-0001,LD-033650,,CO-0027077,paid,2025Q1,CMP-00148,treatment,2025-02-14
ASG-005274,EXP-0001,LD-033651,,CO-0060267,paid,2025Q1,CMP-00148,treatment,2025-02-14
ASG-005275,EXP-0001,LD-033652,,CO-0081952,paid,2025Q1,CMP-00148,treatment,2025-02-14
ASG-005276,EXP-0001,LD-033653,,CO-0081701,paid,2025Q1,CMP-00148,treatment,2025-02-14
ASG-005277,EXP-0001,LD-033654,,CO-0024632,paid,2025Q1,CMP-00148,treatment,2025-02-14
ASG-005278,EXP-0001,LD-033655,,CO-0088820,paid,2025Q1,CMP-00148,treatment,2025-02-14
ASG-005279,EXP-0001,LD-033656,,CO-0093394,paid,2025Q1,CMP-00148,treatment,2025-02-14
ASG-005280,EXP-0001,LD-033657,,CO-0077756,paid,2025Q1,CMP-00149,treatment,2025-02-14
ASG-005281,EXP-0001,LD-033658,,CO-0100344,paid,2025Q1,CMP-00149,treatment,2025-02-14
ASG-005282,EXP-0001,LD-033659,,CO-0116135,paid,2025Q1,CMP-00149,treatment,2025-02-14
ASG-005283,EXP-0001,LD-033660,,CO-0065121,paid,2025Q1,CMP-00149,treatment,2025-02-14
ASG-005284,EXP-0001,LD-033661,,CO-0066857,paid,2025Q1,CMP-00149,treatment,2025-02-14
ASG-005285,EXP-0001,LD-033662,,CO-0003966,paid,2025Q1,CMP-00150,treatment,2025-02-14
ASG-005286,EXP-0001,LD-033663,,CO-0090463,paid,2025Q1,CMP-00150,treatment,2025-02-14
ASG-005287,EXP-0001,LD-033664,,CO-0108804,paid,2025Q1,CMP-00150,treatment,2025-02-14
ASG-005288,EXP-0001,LD-033665,,CO-0001757,paid,2025Q1,CMP-00150,treatment,2025-02-14
ASG-005289,EXP-0001,LD-033666,,CO-0081667,paid,2025Q1,CMP-00150,treatment,2025-02-14
ASG-005290,EXP-0001,LD-033667,,CO-0007411,paid,2025Q1,CMP-00151,control,2025-02-14
ASG-005291,EXP-0001,LD-033668,,CO-0040411,paid,2025Q1,CMP-00151,control,2025-02-14
ASG-005292,EXP-0001,LD-033671,ACC-002919,CO-0056380,paid,2025Q1,CMP-00148,treatment,2025-02-15
ASG-005293,EXP-0001,LD-033690,,CO-0087982,paid,2025Q1,CMP-00147,treatment,2025-02-15
ASG-005294,EXP-0001,LD-033691,,CO-0012751,paid,2025Q1,CMP-00147,treatment,2025-02-15
ASG-005295,EXP-0001,LD-033692,,CO-0121122,paid,2025Q1,CMP-00148,treatment,2025-02-15
ASG-005296,EXP-0001,LD-033693,,CO-0035380,paid,2025Q1,CMP-00148,treatment,2025-02-15
ASG-005297,EXP-0001,LD-033694,,CO-0075261,paid,2025Q1,CMP-00148,treatment,2025-02-15
ASG-005298,EXP-0001,LD-033695,,CO-0068639,paid,2025Q1,CMP-00148,treatment,2025-02-15
ASG-005299,EXP-0001,LD-033696,,CO-0057017,paid,2025Q1,CMP-00148,treatment,2025-02-15
ASG-005300,EXP-0001,LD-033697,,CO-0025318,paid,2025Q1,CMP-00148,treatment,2025-02-15
ASG-005301,EXP-0001,LD-033698,,CO-0105146,paid,2025Q1,CMP-00148,treatment,2025-02-15
ASG-005302,EXP-0001,LD-033699,,CO-0039607,paid,2025Q1,CMP-00148,treatment,2025-02-15
ASG-005303,EXP-0001,LD-033700,,CO-0042921,paid,2025Q1,CMP-00149,treatment,2025-02-15
ASG-005304,EXP-0001,LD-033701,,CO-0096712,paid,2025Q1,CMP-00149,treatment,2025-02-15
ASG-005305,EXP-0001,LD-033702,,CO-0108092,paid,2025Q1,CMP-00149,treatment,2025-02-15
ASG-005306,EXP-0001,LD-033703,,CO-0084371,paid,2025Q1,CMP-00150,treatment,2025-02-15
ASG-005307,EXP-0001,LD-033704,,CO-0068468,paid,2025Q1,CMP-00150,treatment,2025-02-15
ASG-005308,EXP-0001,LD-033705,,CO-0071847,paid,2025Q1,CMP-00150,treatment,2025-02-15
ASG-005309,EXP-0001,LD-033706,,CO-0061337,paid,2025Q1,CMP-00150,treatment,2025-02-15
ASG-005310,EXP-0001,LD-033707,,CO-0118695,paid,2025Q1,CMP-00150,treatment,2025-02-15
ASG-005311,EXP-0001,LD-033708,,CO-0032811,paid,2025Q1,CMP-00151,control,2025-02-15
ASG-005312,EXP-0001,LD-033709,,CO-0023655,paid,2025Q1,CMP-00151,control,2025-02-15
ASG-005313,EXP-0001,LD-033710,,CO-0070034,paid,2025Q1,CMP-00151,control,2025-02-15
ASG-005314,EXP-0001,LD-033731,,CO-0011142,paid,2025Q1,CMP-00147,treatment,2025-02-16
ASG-005315,EXP-0001,LD-033732,,CO-0054568,paid,2025Q1,CMP-00147,treatment,2025-02-16
ASG-005316,EXP-0001,LD-033733,,CO-0101497,paid,2025Q1,CMP-00148,treatment,2025-02-16
ASG-005317,EXP-0001,LD-033734,,CO-0087686,paid,2025Q1,CMP-00148,treatment,2025-02-16
ASG-005318,EXP-0001,LD-033735,,CO-0036537,paid,2025Q1,CMP-00148,treatment,2025-02-16
ASG-005319,EXP-0001,LD-033736,,CO-0101804,paid,2025Q1,CMP-00148,treatment,2025-02-16
ASG-005320,EXP-0001,LD-033737,,CO-0047724,paid,2025Q1,CMP-00148,treatment,2025-02-16
ASG-005321,EXP-0001,LD-033738,,CO-0001426,paid,2025Q1,CMP-00149,treatment,2025-02-16
ASG-005322,EXP-0001,LD-033739,,CO-0058713,paid,2025Q1,CMP-00149,treatment,2025-02-16
ASG-005323,EXP-0001,LD-033740,,CO-0069653,paid,2025Q1,CMP-00150,treatment,2025-02-16
ASG-005324,EXP-0001,LD-033741,,CO-0065502,paid,2025Q1,CMP-00150,treatment,2025-02-16
ASG-005325,EXP-0001,LD-033742,,CO-0005106,paid,2025Q1,CMP-00150,treatment,2025-02-16
ASG-005326,EXP-0001,LD-033743,,CO-0078994,paid,2025Q1,CMP-00150,treatment,2025-02-16
ASG-005327,EXP-0001,LD-033744,,CO-0038787,paid,2025Q1,CMP-00150,treatment,2025-02-16
ASG-005328,EXP-0001,LD-033745,,CO-0093949,paid,2025Q1,CMP-00150,treatment,2025-02-16
ASG-005329,EXP-0001,LD-033746,,CO-0002340,paid,2025Q1,CMP-00151,control,2025-02-16
ASG-005330,EXP-0001,LD-033747,,CO-0019046,paid,2025Q1,CMP-00151,control,2025-02-16
ASG-005331,EXP-0001,LD-033748,,CO-0100122,paid,2025Q1,CMP-00151,control,2025-02-16
ASG-005332,EXP-0001,LD-033749,,CO-0110983,paid,2025Q1,CMP-00151,control,2025-02-16
ASG-005333,EXP-0001,LD-033750,,CO-0097698,paid,2025Q1,CMP-00151,control,2025-02-16
ASG-005334,EXP-0001,LD-033775,,CO-0104680,paid,2025Q1,CMP-00147,treatment,2025-02-17
ASG-005335,EXP-0001,LD-033776,,CO-0090341,paid,2025Q1,CMP-00147,treatment,2025-02-17
ASG-005336,EXP-0001,LD-033777,,CO-0119305,paid,2025Q1,CMP-00147,treatment,2025-02-17
ASG-005337,EXP-0001,LD-033778,,CO-0004220,paid,2025Q1,CMP-00147,treatment,2025-02-17
ASG-005338,EXP-0001,LD-033779,,CO-0118732,paid,2025Q1,CMP-00148,treatment,2025-02-17
ASG-005339,EXP-0001,LD-033780,,CO-0004199,paid,2025Q1,CMP-00148,treatment,2025-02-17
ASG-005340,EXP-0001,LD-033781,,CO-0017901,paid,2025Q1,CMP-00148,treatment,2025-02-17
ASG-005341,EXP-0001,LD-033782,,CO-0108714,paid,2025Q1,CMP-00149,treatment,2025-02-17
ASG-005342,EXP-0001,LD-033783,,CO-0111166,paid,2025Q1,CMP-00149,treatment,2025-02-17
ASG-005343,EXP-0001,LD-033784,,CO-0039901,paid,2025Q1,CMP-00149,treatment,2025-02-17
ASG-005344,EXP-0001,LD-033785,,CO-0043208,paid,2025Q1,CMP-00149,treatment,2025-02-17
ASG-005345,EXP-0001,LD-033786,,CO-0062179,paid,2025Q1,CMP-00149,treatment,2025-02-17
ASG-005346,EXP-0001,LD-033787,,CO-0012243,paid,2025Q1,CMP-00150,treatment,2025-02-17
ASG-005347,EXP-0001,LD-033788,,CO-0109518,paid,2025Q1,CMP-00150,treatment,2025-02-17
ASG-005348,EXP-0001,LD-033789,,CO-0013656,paid,2025Q1,CMP-00150,treatment,2025-02-17
ASG-005349,EXP-0001,LD-033790,,CO-0056221,paid,2025Q1,CMP-00150,treatment,2025-02-17
ASG-005350,EXP-0001,LD-033791,,CO-0029948,paid,2025Q1,CMP-00150,treatment,2025-02-17
ASG-005351,EXP-0001,LD-033792,,CO-0064772,paid,2025Q1,CMP-00150,treatment,2025-02-17
ASG-005352,EXP-0001,LD-033793,,CO-0095185,paid,2025Q1,CMP-00150,treatment,2025-02-17
ASG-005353,EXP-0001,LD-033794,,CO-0097730,paid,2025Q1,CMP-00150,treatment,2025-02-17
ASG-005354,EXP-0001,LD-033795,,CO-0017476,paid,2025Q1,CMP-00150,treatment,2025-02-17
ASG-005355,EXP-0001,LD-033796,,CO-0037367,paid,2025Q1,CMP-00151,control,2025-02-17
ASG-005356,EXP-0001,LD-033797,,CO-0119576,paid,2025Q1,CMP-00151,control,2025-02-17
ASG-005357,EXP-0001,LD-033798,,CO-0058515,paid,2025Q1,CMP-00151,control,2025-02-17
ASG-005358,EXP-0001,LD-033799,,CO-0090399,paid,2025Q1,CMP-00151,control,2025-02-17
ASG-005359,EXP-0001,LD-033800,,CO-0087733,paid,2025Q1,CMP-00151,control,2025-02-17
ASG-005360,EXP-0001,LD-033805,ACC-006569,CO-0006608,paid,2025Q1,CMP-00150,treatment,2025-02-18
ASG-005361,EXP-0001,LD-033821,,CO-0000906,paid,2025Q1,CMP-00147,treatment,2025-02-18
ASG-005362,EXP-0001,LD-033822,,CO-0055745,paid,2025Q1,CMP-00147,treatment,2025-02-18
ASG-005363,EXP-0001,LD-033823,,CO-0072139,paid,2025Q1,CMP-00147,treatment,2025-02-18
ASG-005364,EXP-0001,LD-033824,,CO-0110812,paid,2025Q1,CMP-00147,treatment,2025-02-18
ASG-005365,EXP-0001,LD-033825,,CO-0122677,paid,2025Q1,CMP-00147,treatment,2025-02-18
ASG-005366,EXP-0001,LD-033826,,CO-0059870,paid,2025Q1,CMP-00147,treatment,2025-02-18
ASG-005367,EXP-0001,LD-033827,,CO-0101550,paid,2025Q1,CMP-00147,treatment,2025-02-18
ASG-005368,EXP-0001,LD-033828,,CO-0113884,paid,2025Q1,CMP-00148,treatment,2025-02-18
ASG-005369,EXP-0001,LD-033829,,CO-0013216,paid,2025Q1,CMP-00148,treatment,2025-02-18
ASG-005370,EXP-0001,LD-033830,,CO-0090310,paid,2025Q1,CMP-00148,treatment,2025-02-18
ASG-005371,EXP-0001,LD-033831,,CO-0063060,paid,2025Q1,CMP-00148,treatment,2025-02-18
ASG-005372,EXP-0001,LD-033832,,CO-0106966,paid,2025Q1,CMP-00148,treatment,2025-02-18
ASG-005373,EXP-0001,LD-033833,,CO-0082147,paid,2025Q1,CMP-00148,treatment,2025-02-18
ASG-005374,EXP-0001,LD-033834,,CO-0062063,paid,2025Q1,CMP-00149,treatment,2025-02-18
ASG-005375,EXP-0001,LD-033835,,CO-0062678,paid,2025Q1,CMP-00149,treatment,2025-02-18
ASG-005376,EXP-0001,LD-033836,,CO-0012217,paid,2025Q1,CMP-00149,treatment,2025-02-18
ASG-005377,EXP-0001,LD-033837,,CO-0005930,paid,2025Q1,CMP-00149,treatment,2025-02-18
ASG-005378,EXP-0001,LD-033838,,CO-0035905,paid,2025Q1,CMP-00149,treatment,2025-02-18
ASG-005379,EXP-0001,LD-033839,,CO-0018167,paid,2025Q1,CMP-00149,treatment,2025-02-18
ASG-005380,EXP-0001,LD-033840,,CO-0086699,paid,2025Q1,CMP-00150,treatment,2025-02-18
ASG-005381,EXP-0001,LD-033841,,CO-0112604,paid,2025Q1,CMP-00150,treatment,2025-02-18
ASG-005382,EXP-0001,LD-033842,,CO-0108091,paid,2025Q1,CMP-00150,treatment,2025-02-18
ASG-005383,EXP-0001,LD-033843,,CO-0107280,paid,2025Q1,CMP-00150,treatment,2025-02-18
ASG-005384,EXP-0001,LD-033844,,CO-0048665,paid,2025Q1,CMP-00150,treatment,2025-02-18
ASG-005385,EXP-0001,LD-033845,,CO-0079356,paid,2025Q1,CMP-00150,treatment,2025-02-18
ASG-005386,EXP-0001,LD-033846,,CO-0046160,paid,2025Q1,CMP-00150,treatment,2025-02-18
ASG-005387,EXP-0001,LD-033847,,CO-0106293,paid,2025Q1,CMP-00151,control,2025-02-18
ASG-005388,EXP-0001,LD-033848,,CO-0026609,paid,2025Q1,CMP-00151,control,2025-02-18
ASG-005389,EXP-0001,LD-033855,ACC-000633,CO-0002465,paid,2025Q1,CMP-00150,treatment,2025-02-19
ASG-005390,EXP-0001,LD-033857,ACC-007560,CO-0026788,paid,2025Q1,CMP-00148,treatment,2025-02-19
ASG-005391,EXP-0001,LD-033877,,CO-0021061,paid,2025Q1,CMP-00147,treatment,2025-02-19
ASG-005392,EXP-0001,LD-033878,,CO-0068890,paid,2025Q1,CMP-00147,treatment,2025-02-19
ASG-005393,EXP-0001,LD-033879,,CO-0037918,paid,2025Q1,CMP-00148,treatment,2025-02-19
ASG-005394,EXP-0001,LD-033880,,CO-0117734,paid,2025Q1,CMP-00148,treatment,2025-02-19
ASG-005395,EXP-0001,LD-033881,,CO-0062152,paid,2025Q1,CMP-00148,treatment,2025-02-19
ASG-005396,EXP-0001,LD-033882,,CO-0005350,paid,2025Q1,CMP-00149,treatment,2025-02-19
ASG-005397,EXP-0001,LD-033883,,CO-0115584,paid,2025Q1,CMP-00149,treatment,2025-02-19
ASG-005398,EXP-0001,LD-033884,,CO-0048354,paid,2025Q1,CMP-00150,treatment,2025-02-19
ASG-005399,EXP-0001,LD-033885,,CO-0048653,paid,2025Q1,CMP-00150,treatment,2025-02-19
ASG-005400,EXP-0001,LD-033886,,CO-0122652,paid,2025Q1,CMP-00150,treatment,2025-02-19
ASG-005401,EXP-0001,LD-033887,,CO-0012505,paid,2025Q1,CMP-00150,treatment,2025-02-19
ASG-005402,EXP-0001,LD-033888,,CO-0028695,paid,2025Q1,CMP-00150,treatment,2025-02-19
ASG-005403,EXP-0001,LD-033889,,CO-0090492,paid,2025Q1,CMP-00150,treatment,2025-02-19
ASG-005404,EXP-0001,LD-033890,,CO-0026926,paid,2025Q1,CMP-00150,treatment,2025-02-19
ASG-005405,EXP-0001,LD-033891,,CO-0109371,paid,2025Q1,CMP-00151,control,2025-02-19
ASG-005406,EXP-0001,LD-033892,,CO-0110557,paid,2025Q1,CMP-00151,control,2025-02-19
ASG-005407,EXP-0001,LD-033893,,CO-0098302,paid,2025Q1,CMP-00151,control,2025-02-19
ASG-005408,EXP-0001,LD-033894,,CO-0074149,paid,2025Q1,CMP-00151,control,2025-02-19
ASG-005409,EXP-0001,LD-033895,,CO-0096606,paid,2025Q1,CMP-00151,control,2025-02-19
ASG-005410,EXP-0001,LD-033896,,CO-0052458,paid,2025Q1,CMP-00151,control,2025-02-19
ASG-005411,EXP-0001,LD-033900,ACC-001014,CO-0062629,paid,2025Q1,CMP-00148,treatment,2025-02-20
ASG-005412,EXP-0001,LD-033912,,CO-0019363,paid,2025Q1,CMP-00147,treatment,2025-02-20
ASG-005413,EXP-0001,LD-033913,,CO-0034474,paid,2025Q1,CMP-00147,treatment,2025-02-20
ASG-005414,EXP-0001,LD-033914,,CO-0004178,paid,2025Q1,CMP-00148,treatment,2025-02-20
ASG-005415,EXP-0001,LD-033915,,CO-0081683,paid,2025Q1,CMP-00148,treatment,2025-02-20
ASG-005416,EXP-0001,LD-033916,,CO-0078330,paid,2025Q1,CMP-00149,treatment,2025-02-20
ASG-005417,EXP-0001,LD-033917,,CO-0068024,paid,2025Q1,CMP-00149,treatment,2025-02-20
ASG-005418,EXP-0001,LD-033918,,CO-0010521,paid,2025Q1,CMP-00149,treatment,2025-02-20
ASG-005419,EXP-0001,LD-033919,,CO-0008458,paid,2025Q1,CMP-00149,treatment,2025-02-20
ASG-005420,EXP-0001,LD-033920,,CO-0028003,paid,2025Q1,CMP-00150,treatment,2025-02-20
ASG-005421,EXP-0001,LD-033921,,CO-0080826,paid,2025Q1,CMP-00150,treatment,2025-02-20
ASG-005422,EXP-0001,LD-033922,,CO-0093689,paid,2025Q1,CMP-00150,treatment,2025-02-20
ASG-005423,EXP-0001,LD-033923,,CO-0089291,paid,2025Q1,CMP-00150,treatment,2025-02-20
ASG-005424,EXP-0001,LD-033924,,CO-0111313,paid,2025Q1,CMP-00151,control,2025-02-20
ASG-005425,EXP-0001,LD-033925,,CO-0024825,paid,2025Q1,CMP-00151,control,2025-02-20
ASG-005426,EXP-0001,LD-033926,,CO-0110480,paid,2025Q1,CMP-00151,control,2025-02-20
ASG-005427,EXP-0001,LD-033927,,CO-0019590,paid,2025Q1,CMP-00151,control,2025-02-20
ASG-005428,EXP-0001,LD-033933,ACC-002125,CO-0082168,paid,2025Q1,CMP-00148,treatment,2025-02-21
ASG-005429,EXP-0001,LD-033934,ACC-005768,CO-0084865,paid,2025Q1,CMP-00149,treatment,2025-02-21
ASG-005430,EXP-0001,LD-033949,,CO-0072132,paid,2025Q1,CMP-00147,treatment,2025-02-21
ASG-005431,EXP-0001,LD-033950,,CO-0046961,paid,2025Q1,CMP-00147,treatment,2025-02-21
ASG-005432,EXP-0001,LD-033951,,CO-0096467,paid,2025Q1,CMP-00147,treatment,2025-02-21
ASG-005433,EXP-0001,LD-033952,,CO-0028555,paid,2025Q1,CMP-00147,treatment,2025-02-21
ASG-005434,EXP-0001,LD-033953,,CO-0063757,paid,2025Q1,CMP-00148,treatment,2025-02-21
ASG-005435,EXP-0001,LD-033954,,CO-0029240,paid,2025Q1,CMP-00148,treatment,2025-02-21
ASG-005436,EXP-0001,LD-033955,,CO-0078949,paid,2025Q1,CMP-00148,treatment,2025-02-21
ASG-005437,EXP-0001,LD-033956,,CO-0093383,paid,2025Q1,CMP-00148,treatment,2025-02-21
ASG-005438,EXP-0001,LD-033957,,CO-0121661,paid,2025Q1,CMP-00148,treatment,2025-02-21
ASG-005439,EXP-0001,LD-033958,,CO-0111277,paid,2025Q1,CMP-00149,treatment,2025-02-21
ASG-005440,EXP-0001,LD-033959,,CO-0121643,paid,2025Q1,CMP-00149,treatment,2025-02-21
ASG-005441,EXP-0001,LD-033960,,CO-0117513,paid,2025Q1,CMP-00149,treatment,2025-02-21
ASG-005442,EXP-0001,LD-033961,,CO-0098931,paid,2025Q1,CMP-00149,treatment,2025-02-21
ASG-005443,EXP-0001,LD-033962,,CO-0096650,paid,2025Q1,CMP-00149,treatment,2025-02-21
ASG-005444,EXP-0001,LD-033963,,CO-0073572,paid,2025Q1,CMP-00150,treatment,2025-02-21
ASG-005445,EXP-0001,LD-033964,,CO-0041920,paid,2025Q1,CMP-00150,treatment,2025-02-21
ASG-005446,EXP-0001,LD-033965,,CO-0062394,paid,2025Q1,CMP-00150,treatment,2025-02-21
ASG-005447,EXP-0001,LD-033966,,CO-0082248,paid,2025Q1,CMP-00150,treatment,2025-02-21
ASG-005448,EXP-0001,LD-033967,,CO-0097169,paid,2025Q1,CMP-00150,treatment,2025-02-21
ASG-005449,EXP-0001,LD-033968,,CO-0071730,paid,2025Q1,CMP-00150,treatment,2025-02-21
ASG-005450,EXP-0001,LD-033969,,CO-0090556,paid,2025Q1,CMP-00150,treatment,2025-02-21
ASG-005451,EXP-0001,LD-033970,,CO-0084584,paid,2025Q1,CMP-00151,control,2025-02-21
ASG-005452,EXP-0001,LD-033971,,CO-0015790,paid,2025Q1,CMP-00151,control,2025-02-21
ASG-005453,EXP-0001,LD-033972,,CO-0113188,paid,2025Q1,CMP-00151,control,2025-02-21
ASG-005454,EXP-0001,LD-033973,,CO-0110464,paid,2025Q1,CMP-00151,control,2025-02-21
ASG-005455,EXP-0001,LD-033995,,CO-0032537,paid,2025Q1,CMP-00147,treatment,2025-02-22
ASG-005456,EXP-0001,LD-033996,,CO-0016720,paid,2025Q1,CMP-00147,treatment,2025-02-22
ASG-005457,EXP-0001,LD-033997,,CO-0016109,paid,2025Q1,CMP-00147,treatment,2025-02-22
ASG-005458,EXP-0001,LD-033998,,CO-0003408,paid,2025Q1,CMP-00148,treatment,2025-02-22
ASG-005459,EXP-0001,LD-033999,,CO-0048067,paid,2025Q1,CMP-00148,treatment,2025-02-22
ASG-005460,EXP-0001,LD-034000,,CO-0014406,paid,2025Q1,CMP-00148,treatment,2025-02-22
ASG-005461,EXP-0001,LD-034001,,CO-0056602,paid,2025Q1,CMP-00149,treatment,2025-02-22
ASG-005462,EXP-0001,LD-034002,,CO-0070377,paid,2025Q1,CMP-00149,treatment,2025-02-22
ASG-005463,EXP-0001,LD-034003,,CO-0051799,paid,2025Q1,CMP-00149,treatment,2025-02-22
ASG-005464,EXP-0001,LD-034004,,CO-0069796,paid,2025Q1,CMP-00149,treatment,2025-02-22
ASG-005465,EXP-0001,LD-034005,,CO-0087964,paid,2025Q1,CMP-00149,treatment,2025-02-22
ASG-005466,EXP-0001,LD-034006,,CO-0033458,paid,2025Q1,CMP-00149,treatment,2025-02-22
ASG-005467,EXP-0001,LD-034007,,CO-0123037,paid,2025Q1,CMP-00149,treatment,2025-02-22
ASG-005468,EXP-0001,LD-034008,,CO-0081040,paid,2025Q1,CMP-00150,treatment,2025-02-22
ASG-005469,EXP-0001,LD-034009,,CO-0010357,paid,2025Q1,CMP-00150,treatment,2025-02-22
ASG-005470,EXP-0001,LD-034010,,CO-0107315,paid,2025Q1,CMP-00150,treatment,2025-02-22
ASG-005471,EXP-0001,LD-034011,,CO-0011334,paid,2025Q1,CMP-00150,treatment,2025-02-22
ASG-005472,EXP-0001,LD-034012,,CO-0009626,paid,2025Q1,CMP-00151,control,2025-02-22
ASG-005473,EXP-0001,LD-034030,,CO-0089709,paid,2025Q1,CMP-00147,treatment,2025-02-23
ASG-005474,EXP-0001,LD-034031,,CO-0076181,paid,2025Q1,CMP-00147,treatment,2025-02-23
ASG-005475,EXP-0001,LD-034032,,CO-0084392,paid,2025Q1,CMP-00147,treatment,2025-02-23
ASG-005476,EXP-0001,LD-034033,,CO-0011438,paid,2025Q1,CMP-00147,treatment,2025-02-23
ASG-005477,EXP-0001,LD-034034,,CO-0094050,paid,2025Q1,CMP-00148,treatment,2025-02-23
ASG-005478,EXP-0001,LD-034035,,CO-0079071,paid,2025Q1,CMP-00148,treatment,2025-02-23
ASG-005479,EXP-0001,LD-034036,,CO-0000735,paid,2025Q1,CMP-00148,treatment,2025-02-23
ASG-005480,EXP-0001,LD-034037,,CO-0034861,paid,2025Q1,CMP-00148,treatment,2025-02-23
ASG-005481,EXP-0001,LD-034038,,CO-0101292,paid,2025Q1,CMP-00148,treatment,2025-02-23
ASG-005482,EXP-0001,LD-034039,,CO-0081497,paid,2025Q1,CMP-00148,treatment,2025-02-23
ASG-005483,EXP-0001,LD-034040,,CO-0097423,paid,2025Q1,CMP-00148,treatment,2025-02-23
ASG-005484,EXP-0001,LD-034041,,CO-0095335,paid,2025Q1,CMP-00148,treatment,2025-02-23
ASG-005485,EXP-0001,LD-034042,,CO-0090229,paid,2025Q1,CMP-00148,treatment,2025-02-23
ASG-005486,EXP-0001,LD-034043,,CO-0052915,paid,2025Q1,CMP-00148,treatment,2025-02-23
ASG-005487,EXP-0001,LD-034044,,CO-0075289,paid,2025Q1,CMP-00149,treatment,2025-02-23
ASG-005488,EXP-0001,LD-034045,,CO-0093097,paid,2025Q1,CMP-00150,treatment,2025-02-23
ASG-005489,EXP-0001,LD-034046,,CO-0013365,paid,2025Q1,CMP-00150,treatment,2025-02-23
ASG-005490,EXP-0001,LD-034047,,CO-0102985,paid,2025Q1,CMP-00150,treatment,2025-02-23
ASG-005491,EXP-0001,LD-034048,,CO-0001854,paid,2025Q1,CMP-00150,treatment,2025-02-23
ASG-005492,EXP-0001,LD-034049,,CO-0090035,paid,2025Q1,CMP-00150,treatment,2025-02-23
ASG-005493,EXP-0001,LD-034050,,CO-0080137,paid,2025Q1,CMP-00150,treatment,2025-02-23
ASG-005494,EXP-0001,LD-034051,,CO-0066983,paid,2025Q1,CMP-00150,treatment,2025-02-23
ASG-005495,EXP-0001,LD-034052,,CO-0035596,paid,2025Q1,CMP-00151,control,2025-02-23
ASG-005496,EXP-0001,LD-034053,,CO-0116738,paid,2025Q1,CMP-00151,control,2025-02-23
ASG-005497,EXP-0001,LD-034054,,CO-0037764,paid,2025Q1,CMP-00151,control,2025-02-23
ASG-005498,EXP-0001,LD-034055,,CO-0021957,paid,2025Q1,CMP-00151,control,2025-02-23
ASG-005499,EXP-0001,LD-034063,ACC-005125,CO-0012945,paid,2025Q1,CMP-00147,treatment,2025-02-24
ASG-005500,EXP-0001,LD-034084,,CO-0063371,paid,2025Q1,CMP-00147,treatment,2025-02-24
ASG-005501,EXP-0001,LD-034085,,CO-0121120,paid,2025Q1,CMP-00147,treatment,2025-02-24
ASG-005502,EXP-0001,LD-034086,,CO-0031561,paid,2025Q1,CMP-00147,treatment,2025-02-24
ASG-005503,EXP-0001,LD-034087,,CO-0027721,paid,2025Q1,CMP-00147,treatment,2025-02-24
ASG-005504,EXP-0001,LD-034088,,CO-0070131,paid,2025Q1,CMP-00147,treatment,2025-02-24
ASG-005505,EXP-0001,LD-034089,,CO-0099400,paid,2025Q1,CMP-00148,treatment,2025-02-24
ASG-005506,EXP-0001,LD-034090,,CO-0076381,paid,2025Q1,CMP-00148,treatment,2025-02-24
ASG-005507,EXP-0001,LD-034091,,CO-0085241,paid,2025Q1,CMP-00148,treatment,2025-02-24
ASG-005508,EXP-0001,LD-034092,,CO-0070640,paid,2025Q1,CMP-00148,treatment,2025-02-24
ASG-005509,EXP-0001,LD-034093,,CO-0001154,paid,2025Q1,CMP-00148,treatment,2025-02-24
ASG-005510,EXP-0001,LD-034094,,CO-0057212,paid,2025Q1,CMP-00148,treatment,2025-02-24
ASG-005511,EXP-0001,LD-034095,,CO-0094664,paid,2025Q1,CMP-00148,treatment,2025-02-24
ASG-005512,EXP-0001,LD-034096,,CO-0000974,paid,2025Q1,CMP-00149,treatment,2025-02-24
ASG-005513,EXP-0001,LD-034097,,CO-0096427,paid,2025Q1,CMP-00149,treatment,2025-02-24
ASG-005514,EXP-0001,LD-034098,,CO-0005416,paid,2025Q1,CMP-00149,treatment,2025-02-24
ASG-005515,EXP-0001,LD-034099,,CO-0052178,paid,2025Q1,CMP-00149,treatment,2025-02-24
ASG-005516,EXP-0001,LD-034100,,CO-0106177,paid,2025Q1,CMP-00150,treatment,2025-02-24
ASG-005517,EXP-0001,LD-034101,,CO-0117087,paid,2025Q1,CMP-00150,treatment,2025-02-24
ASG-005518,EXP-0001,LD-034102,,CO-0004112,paid,2025Q1,CMP-00150,treatment,2025-02-24
ASG-005519,EXP-0001,LD-034103,,CO-0027752,paid,2025Q1,CMP-00150,treatment,2025-02-24
ASG-005520,EXP-0001,LD-034104,,CO-0094336,paid,2025Q1,CMP-00150,treatment,2025-02-24
ASG-005521,EXP-0001,LD-034105,,CO-0034845,paid,2025Q1,CMP-00151,control,2025-02-24
ASG-005522,EXP-0001,LD-034106,,CO-0093741,paid,2025Q1,CMP-00151,control,2025-02-24
ASG-005523,EXP-0001,LD-034107,,CO-0120437,paid,2025Q1,CMP-00151,control,2025-02-24
ASG-005524,EXP-0001,LD-034108,,CO-0068364,paid,2025Q1,CMP-00151,control,2025-02-24
ASG-005525,EXP-0001,LD-034109,,CO-0097775,paid,2025Q1,CMP-00151,control,2025-02-24
ASG-005526,EXP-0001,LD-034113,ACC-002356,CO-0076382,paid,2025Q1,CMP-00148,treatment,2025-02-25
ASG-005527,EXP-0001,LD-034129,,CO-0070936,paid,2025Q1,CMP-00147,treatment,2025-02-25
ASG-005528,EXP-0001,LD-034130,,CO-0105616,paid,2025Q1,CMP-00147,treatment,2025-02-25
ASG-005529,EXP-0001,LD-034131,,CO-0082011,paid,2025Q1,CMP-00148,treatment,2025-02-25
ASG-005530,EXP-0001,LD-034132,,CO-0091270,paid,2025Q1,CMP-00148,treatment,2025-02-25
ASG-005531,EXP-0001,LD-034133,,CO-0080009,paid,2025Q1,CMP-00148,treatment,2025-02-25
ASG-005532,EXP-0001,LD-034134,,CO-0062403,paid,2025Q1,CMP-00148,treatment,2025-02-25
ASG-005533,EXP-0001,LD-034135,,CO-0022378,paid,2025Q1,CMP-00148,treatment,2025-02-25
ASG-005534,EXP-0001,LD-034136,,CO-0052176,paid,2025Q1,CMP-00149,treatment,2025-02-25
ASG-005535,EXP-0001,LD-034137,,CO-0082342,paid,2025Q1,CMP-00149,treatment,2025-02-25
ASG-005536,EXP-0001,LD-034138,,CO-0036892,paid,2025Q1,CMP-00149,treatment,2025-02-25
ASG-005537,EXP-0001,LD-034139,,CO-0104490,paid,2025Q1,CMP-00149,treatment,2025-02-25
ASG-005538,EXP-0001,LD-034140,,CO-0002560,paid,2025Q1,CMP-00149,treatment,2025-02-25
ASG-005539,EXP-0001,LD-034141,,CO-0080335,paid,2025Q1,CMP-00149,treatment,2025-02-25
ASG-005540,EXP-0001,LD-034142,,CO-0101847,paid,2025Q1,CMP-00149,treatment,2025-02-25
ASG-005541,EXP-0001,LD-034143,,CO-0009453,paid,2025Q1,CMP-00149,treatment,2025-02-25
ASG-005542,EXP-0001,LD-034144,,CO-0049692,paid,2025Q1,CMP-00149,treatment,2025-02-25
ASG-005543,EXP-0001,LD-034145,,CO-0113036,paid,2025Q1,CMP-00150,treatment,2025-02-25
ASG-005544,EXP-0001,LD-034146,,CO-0088260,paid,2025Q1,CMP-00150,treatment,2025-02-25
ASG-005545,EXP-0001,LD-034147,,CO-0010094,paid,2025Q1,CMP-00150,treatment,2025-02-25
ASG-005546,EXP-0001,LD-034148,,CO-0101504,paid,2025Q1,CMP-00150,treatment,2025-02-25
ASG-005547,EXP-0001,LD-034149,,CO-0039750,paid,2025Q1,CMP-00150,treatment,2025-02-25
ASG-005548,EXP-0001,LD-034150,,CO-0051634,paid,2025Q1,CMP-00150,treatment,2025-02-25
ASG-005549,EXP-0001,LD-034151,,CO-0052554,paid,2025Q1,CMP-00151,control,2025-02-25
ASG-005550,EXP-0001,LD-034152,,CO-0103867,paid,2025Q1,CMP-00151,control,2025-02-25
ASG-005551,EXP-0001,LD-034159,ACC-002556,CO-0010567,paid,2025Q1,CMP-00150,treatment,2025-02-26
ASG-005552,EXP-0001,LD-034160,ACC-006533,CO-0073731,paid,2025Q1,CMP-00150,treatment,2025-02-26
ASG-005553,EXP-0001,LD-034175,,CO-0099027,paid,2025Q1,CMP-00147,treatment,2025-02-26
ASG-005554,EXP-0001,LD-034176,,CO-0081201,paid,2025Q1,CMP-00147,treatment,2025-02-26
ASG-005555,EXP-0001,LD-034177,,CO-0115167,paid,2025Q1,CMP-00147,treatment,2025-02-26
ASG-005556,EXP-0001,LD-034178,,CO-0079032,paid,2025Q1,CMP-00148,treatment,2025-02-26
ASG-005557,EXP-0001,LD-034179,,CO-0116572,paid,2025Q1,CMP-00148,treatment,2025-02-26
ASG-005558,EXP-0001,LD-034180,,CO-0032216,paid,2025Q1,CMP-00148,treatment,2025-02-26
ASG-005559,EXP-0001,LD-034181,,CO-0115438,paid,2025Q1,CMP-00148,treatment,2025-02-26
ASG-005560,EXP-0001,LD-034182,,CO-0052598,paid,2025Q1,CMP-00149,treatment,2025-02-26
ASG-005561,EXP-0001,LD-034183,,CO-0004695,paid,2025Q1,CMP-00150,treatment,2025-02-26
ASG-005562,EXP-0001,LD-034184,,CO-0081916,paid,2025Q1,CMP-00150,treatment,2025-02-26
ASG-005563,EXP-0001,LD-034185,,CO-0066575,paid,2025Q1,CMP-00150,treatment,2025-02-26
ASG-005564,EXP-0001,LD-034186,,CO-0006063,paid,2025Q1,CMP-00150,treatment,2025-02-26
ASG-005565,EXP-0001,LD-034187,,CO-0010059,paid,2025Q1,CMP-00150,treatment,2025-02-26
ASG-005566,EXP-0001,LD-034188,,CO-0079391,paid,2025Q1,CMP-00150,treatment,2025-02-26
ASG-005567,EXP-0001,LD-034189,,CO-0051684,paid,2025Q1,CMP-00150,treatment,2025-02-26
ASG-005568,EXP-0001,LD-034190,,CO-0077209,paid,2025Q1,CMP-00150,treatment,2025-02-26
ASG-005569,EXP-0001,LD-034191,,CO-0047385,paid,2025Q1,CMP-00150,treatment,2025-02-26
ASG-005570,EXP-0001,LD-034192,,CO-0056590,paid,2025Q1,CMP-00150,treatment,2025-02-26
ASG-005571,EXP-0001,LD-034193,,CO-0025347,paid,2025Q1,CMP-00151,control,2025-02-26
ASG-005572,EXP-0001,LD-034194,,CO-0052769,paid,2025Q1,CMP-00151,control,2025-02-26
ASG-005573,EXP-0001,LD-034195,,CO-0070269,paid,2025Q1,CMP-00151,control,2025-02-26
ASG-005574,EXP-0001,LD-034196,,CO-0080325,paid,2025Q1,CMP-00151,control,2025-02-26
ASG-005575,EXP-0001,LD-034197,,CO-0073803,paid,2025Q1,CMP-00151,control,2025-02-26
ASG-005576,EXP-0001,LD-034198,,CO-0100780,paid,2025Q1,CMP-00151,control,2025-02-26
ASG-005577,EXP-0001,LD-034199,,CO-0071431,paid,2025Q1,CMP-00151,control,2025-02-26
ASG-005578,EXP-0001,LD-034233,,CO-0018649,paid,2025Q1,CMP-00147,treatment,2025-02-27
ASG-005579,EXP-0001,LD-034234,,CO-0088422,paid,2025Q1,CMP-00147,treatment,2025-02-27
ASG-005580,EXP-0001,LD-034235,,CO-0098565,paid,2025Q1,CMP-00148,treatment,2025-02-27
ASG-005581,EXP-0001,LD-034236,,CO-0065405,paid,2025Q1,CMP-00148,treatment,2025-02-27
ASG-005582,EXP-0001,LD-034237,,CO-0080312,paid,2025Q1,CMP-00148,treatment,2025-02-27
ASG-005583,EXP-0001,LD-034238,,CO-0080486,paid,2025Q1,CMP-00148,treatment,2025-02-27
ASG-005584,EXP-0001,LD-034239,,CO-0036861,paid,2025Q1,CMP-00148,treatment,2025-02-27
ASG-005585,EXP-0001,LD-034240,,CO-0070584,paid,2025Q1,CMP-00148,treatment,2025-02-27
ASG-005586,EXP-0001,LD-034241,,CO-0111179,paid,2025Q1,CMP-00148,treatment,2025-02-27
ASG-005587,EXP-0001,LD-034242,,CO-0088571,paid,2025Q1,CMP-00149,treatment,2025-02-27
ASG-005588,EXP-0001,LD-034243,,CO-0112067,paid,2025Q1,CMP-00150,treatment,2025-02-27
ASG-005589,EXP-0001,LD-034244,,CO-0060293,paid,2025Q1,CMP-00150,treatment,2025-02-27
ASG-005590,EXP-0001,LD-034245,,CO-0002221,paid,2025Q1,CMP-00151,control,2025-02-27
ASG-005591,EXP-0001,LD-034246,,CO-0063609,paid,2025Q1,CMP-00151,control,2025-02-27
ASG-005592,EXP-0001,LD-034247,,CO-0120783,paid,2025Q1,CMP-00151,control,2025-02-27
ASG-005593,EXP-0001,LD-034248,,CO-0104465,paid,2025Q1,CMP-00151,control,2025-02-27
ASG-005594,EXP-0001,LD-034249,,CO-0060835,paid,2025Q1,CMP-00151,control,2025-02-27
ASG-005595,EXP-0001,LD-034252,ACC-002177,CO-0101761,paid,2025Q1,CMP-00150,treatment,2025-02-28
ASG-005596,EXP-0001,LD-034271,,CO-0010010,paid,2025Q1,CMP-00147,treatment,2025-02-28
ASG-005597,EXP-0001,LD-034272,,CO-0012192,paid,2025Q1,CMP-00147,treatment,2025-02-28
ASG-005598,EXP-0001,LD-034273,,CO-0118821,paid,2025Q1,CMP-00147,treatment,2025-02-28
ASG-005599,EXP-0001,LD-034274,,CO-0044569,paid,2025Q1,CMP-00147,treatment,2025-02-28
ASG-005600,EXP-0001,LD-034275,,CO-0008712,paid,2025Q1,CMP-00148,treatment,2025-02-28
ASG-005601,EXP-0001,LD-034276,,CO-0078397,paid,2025Q1,CMP-00148,treatment,2025-02-28
ASG-005602,EXP-0001,LD-034277,,CO-0029293,paid,2025Q1,CMP-00148,treatment,2025-02-28
ASG-005603,EXP-0001,LD-034278,,CO-0036770,paid,2025Q1,CMP-00148,treatment,2025-02-28
ASG-005604,EXP-0001,LD-034279,,CO-0047654,paid,2025Q1,CMP-00148,treatment,2025-02-28
ASG-005605,EXP-0001,LD-034280,,CO-0107615,paid,2025Q1,CMP-00148,treatment,2025-02-28
ASG-005606,EXP-0001,LD-034281,,CO-0063346,paid,2025Q1,CMP-00148,treatment,2025-02-28
ASG-005607,EXP-0001,LD-034282,,CO-0035331,paid,2025Q1,CMP-00149,treatment,2025-02-28
ASG-005608,EXP-0001,LD-034283,,CO-0033546,paid,2025Q1,CMP-00149,treatment,2025-02-28
ASG-005609,EXP-0001,LD-034284,,CO-0060638,paid,2025Q1,CMP-00149,treatment,2025-02-28
ASG-005610,EXP-0001,LD-034285,,CO-0119691,paid,2025Q1,CMP-00149,treatment,2025-02-28
ASG-005611,EXP-0001,LD-034286,,CO-0119453,paid,2025Q1,CMP-00149,treatment,2025-02-28
ASG-005612,EXP-0001,LD-034287,,CO-0088713,paid,2025Q1,CMP-00150,treatment,2025-02-28
ASG-005613,EXP-0001,LD-034288,,CO-0111371,paid,2025Q1,CMP-00150,treatment,2025-02-28
ASG-005614,EXP-0001,LD-034289,,CO-0066729,paid,2025Q1,CMP-00150,treatment,2025-02-28
ASG-005615,EXP-0001,LD-034290,,CO-0086694,paid,2025Q1,CMP-00150,treatment,2025-02-28
ASG-005616,EXP-0001,LD-034291,,CO-0023336,paid,2025Q1,CMP-00150,treatment,2025-02-28
ASG-005617,EXP-0001,LD-034292,,CO-0087496,paid,2025Q1,CMP-00150,treatment,2025-02-28
ASG-005618,EXP-0001,LD-034293,,CO-0116108,paid,2025Q1,CMP-00150,treatment,2025-02-28
ASG-005619,EXP-0001,LD-034294,,CO-0059638,paid,2025Q1,CMP-00150,treatment,2025-02-28
ASG-005620,EXP-0001,LD-034295,,CO-0000703,paid,2025Q1,CMP-00150,treatment,2025-02-28
ASG-005621,EXP-0001,LD-034296,,CO-0001465,paid,2025Q1,CMP-00150,treatment,2025-02-28
ASG-005622,EXP-0001,LD-034297,,CO-0060117,paid,2025Q1,CMP-00150,treatment,2025-02-28
ASG-005623,EXP-0001,LD-034298,,CO-0099243,paid,2025Q1,CMP-00151,control,2025-02-28
ASG-005624,EXP-0001,LD-034299,,CO-0058191,paid,2025Q1,CMP-00151,control,2025-02-28
ASG-005625,EXP-0001,LD-034300,,CO-0057846,paid,2025Q1,CMP-00151,control,2025-02-28
ASG-005626,EXP-0001,LD-034301,,CO-0052957,paid,2025Q1,CMP-00151,control,2025-02-28
ASG-005627,EXP-0001,LD-034302,,CO-0080739,paid,2025Q1,CMP-00151,control,2025-02-28
ASG-005628,EXP-0001,LD-034303,,CO-0092550,paid,2025Q1,CMP-00151,control,2025-02-28
ASG-005629,EXP-0001,LD-034304,,CO-0084989,paid,2025Q1,CMP-00151,control,2025-02-28
ASG-005630,EXP-0001,LD-034305,,CO-0109125,paid,2025Q1,CMP-00151,control,2025-02-28
ASG-005631,EXP-0001,LD-034306,,CO-0029360,paid,2025Q1,CMP-00151,control,2025-02-28
ASG-005632,EXP-0001,LD-034307,,CO-0031782,paid,2025Q1,CMP-00151,control,2025-02-28
ASG-005633,EXP-0001,LD-034310,ACC-000181,CO-0083381,paid,2025Q1,CMP-00148,treatment,2025-03-01
ASG-005634,EXP-0001,LD-034311,ACC-001025,CO-0093866,paid,2025Q1,CMP-00148,treatment,2025-03-01
ASG-005635,EXP-0001,LD-034323,,CO-0039243,paid,2025Q1,CMP-00147,treatment,2025-03-01
ASG-005636,EXP-0001,LD-034324,,CO-0010773,paid,2025Q1,CMP-00147,treatment,2025-03-01
ASG-005637,EXP-0001,LD-034325,,CO-0113787,paid,2025Q1,CMP-00147,treatment,2025-03-01
ASG-005638,EXP-0001,LD-034326,,CO-0044329,paid,2025Q1,CMP-00147,treatment,2025-03-01
ASG-005639,EXP-0001,LD-034327,,CO-0016623,paid,2025Q1,CMP-00147,treatment,2025-03-01
ASG-005640,EXP-0001,LD-034328,,CO-0088628,paid,2025Q1,CMP-00147,treatment,2025-03-01
ASG-005641,EXP-0001,LD-034329,,CO-0041721,paid,2025Q1,CMP-00147,treatment,2025-03-01
ASG-005642,EXP-0001,LD-034330,,CO-0032656,paid,2025Q1,CMP-00148,treatment,2025-03-01
ASG-005643,EXP-0001,LD-034331,,CO-0022423,paid,2025Q1,CMP-00148,treatment,2025-03-01
ASG-005644,EXP-0001,LD-034332,,CO-0027548,paid,2025Q1,CMP-00148,treatment,2025-03-01
ASG-005645,EXP-0001,LD-034333,,CO-0009725,paid,2025Q1,CMP-00148,treatment,2025-03-01
ASG-005646,EXP-0001,LD-034334,,CO-0102548,paid,2025Q1,CMP-00149,treatment,2025-03-01
ASG-005647,EXP-0001,LD-034335,,CO-0090085,paid,2025Q1,CMP-00149,treatment,2025-03-01
ASG-005648,EXP-0001,LD-034336,,CO-0000952,paid,2025Q1,CMP-00149,treatment,2025-03-01
ASG-005649,EXP-0001,LD-034337,,CO-0054202,paid,2025Q1,CMP-00150,treatment,2025-03-01
ASG-005650,EXP-0001,LD-034338,,CO-0068776,paid,2025Q1,CMP-00150,treatment,2025-03-01
ASG-005651,EXP-0001,LD-034339,,CO-0044529,paid,2025Q1,CMP-00150,treatment,2025-03-01
ASG-005652,EXP-0001,LD-034340,,CO-0102506,paid,2025Q1,CMP-00150,treatment,2025-03-01
ASG-005653,EXP-0001,LD-034341,,CO-0072677,paid,2025Q1,CMP-00150,treatment,2025-03-01
ASG-005654,EXP-0001,LD-034342,,CO-0008217,paid,2025Q1,CMP-00150,treatment,2025-03-01
ASG-005655,EXP-0001,LD-034343,,CO-0071775,paid,2025Q1,CMP-00151,control,2025-03-01
ASG-005656,EXP-0001,LD-034344,,CO-0024487,paid,2025Q1,CMP-00151,control,2025-03-01
ASG-005657,EXP-0001,LD-034345,,CO-0069870,paid,2025Q1,CMP-00151,control,2025-03-01
ASG-005658,EXP-0001,LD-034365,,CO-0012030,paid,2025Q1,CMP-00147,treatment,2025-03-02
ASG-005659,EXP-0001,LD-034366,,CO-0068943,paid,2025Q1,CMP-00147,treatment,2025-03-02
ASG-005660,EXP-0001,LD-034367,,CO-0110734,paid,2025Q1,CMP-00147,treatment,2025-03-02
ASG-005661,EXP-0001,LD-034368,,CO-0019858,paid,2025Q1,CMP-00147,treatment,2025-03-02
ASG-005662,EXP-0001,LD-034369,,CO-0080985,paid,2025Q1,CMP-00147,treatment,2025-03-02
ASG-005663,EXP-0001,LD-034370,,CO-0034145,paid,2025Q1,CMP-00148,treatment,2025-03-02
ASG-005664,EXP-0001,LD-034371,,CO-0016682,paid,2025Q1,CMP-00148,treatment,2025-03-02
ASG-005665,EXP-0001,LD-034372,,CO-0037703,paid,2025Q1,CMP-00148,treatment,2025-03-02
ASG-005666,EXP-0001,LD-034373,,CO-0084095,paid,2025Q1,CMP-00149,treatment,2025-03-02
ASG-005667,EXP-0001,LD-034374,,CO-0119440,paid,2025Q1,CMP-00149,treatment,2025-03-02
ASG-005668,EXP-0001,LD-034375,,CO-0106099,paid,2025Q1,CMP-00149,treatment,2025-03-02
ASG-005669,EXP-0001,LD-034376,,CO-0091705,paid,2025Q1,CMP-00149,treatment,2025-03-02
ASG-005670,EXP-0001,LD-034377,,CO-0104067,paid,2025Q1,CMP-00149,treatment,2025-03-02
ASG-005671,EXP-0001,LD-034378,,CO-0117455,paid,2025Q1,CMP-00150,treatment,2025-03-02
ASG-005672,EXP-0001,LD-034379,,CO-0086097,paid,2025Q1,CMP-00150,treatment,2025-03-02
ASG-005673,EXP-0001,LD-034380,,CO-0117867,paid,2025Q1,CMP-00150,treatment,2025-03-02
ASG-005674,EXP-0001,LD-034381,,CO-0075128,paid,2025Q1,CMP-00150,treatment,2025-03-02
ASG-005675,EXP-0001,LD-034382,,CO-0063463,paid,2025Q1,CMP-00150,treatment,2025-03-02
ASG-005676,EXP-0001,LD-034383,,CO-0023325,paid,2025Q1,CMP-00151,control,2025-03-02
ASG-005677,EXP-0001,LD-034384,,CO-0087142,paid,2025Q1,CMP-00151,control,2025-03-02
ASG-005678,EXP-0001,LD-034385,,CO-0019010,paid,2025Q1,CMP-00151,control,2025-03-02
ASG-005679,EXP-0001,LD-034386,,CO-0092680,paid,2025Q1,CMP-00151,control,2025-03-02
ASG-005680,EXP-0001,LD-034387,,CO-0090446,paid,2025Q1,CMP-00151,control,2025-03-02
ASG-005681,EXP-0001,LD-034393,ACC-000052,CO-0062446,paid,2025Q1,CMP-00150,treatment,2025-03-03
ASG-005682,EXP-0001,LD-034408,,CO-0092342,paid,2025Q1,CMP-00147,treatment,2025-03-03
ASG-005683,EXP-0001,LD-034409,,CO-0089482,paid,2025Q1,CMP-00147,treatment,2025-03-03
ASG-005684,EXP-0001,LD-034410,,CO-0052001,paid,2025Q1,CMP-00147,treatment,2025-03-03
ASG-005685,EXP-0001,LD-034411,,CO-0086451,paid,2025Q1,CMP-00147,treatment,2025-03-03
ASG-005686,EXP-0001,LD-034412,,CO-0033246,paid,2025Q1,CMP-00147,treatment,2025-03-03
ASG-005687,EXP-0001,LD-034413,,CO-0097192,paid,2025Q1,CMP-00147,treatment,2025-03-03
ASG-005688,EXP-0001,LD-034414,,CO-0098990,paid,2025Q1,CMP-00147,treatment,2025-03-03
ASG-005689,EXP-0001,LD-034415,,CO-0109917,paid,2025Q1,CMP-00148,treatment,2025-03-03
ASG-005690,EXP-0001,LD-034416,,CO-0115014,paid,2025Q1,CMP-00148,treatment,2025-03-03
ASG-005691,EXP-0001,LD-034417,,CO-0024533,paid,2025Q1,CMP-00148,treatment,2025-03-03
ASG-005692,EXP-0001,LD-034418,,CO-0122033,paid,2025Q1,CMP-00148,treatment,2025-03-03
ASG-005693,EXP-0001,LD-034419,,CO-0044730,paid,2025Q1,CMP-00149,treatment,2025-03-03
ASG-005694,EXP-0001,LD-034420,,CO-0046789,paid,2025Q1,CMP-00149,treatment,2025-03-03
ASG-005695,EXP-0001,LD-034421,,CO-0031534,paid,2025Q1,CMP-00149,treatment,2025-03-03
ASG-005696,EXP-0001,LD-034422,,CO-0005574,paid,2025Q1,CMP-00149,treatment,2025-03-03
ASG-005697,EXP-0001,LD-034423,,CO-0049751,paid,2025Q1,CMP-00150,treatment,2025-03-03
ASG-005698,EXP-0001,LD-034424,,CO-0014364,paid,2025Q1,CMP-00150,treatment,2025-03-03
ASG-005699,EXP-0001,LD-034425,,CO-0116807,paid,2025Q1,CMP-00150,treatment,2025-03-03
ASG-005700,EXP-0001,LD-034426,,CO-0092387,paid,2025Q1,CMP-00150,treatment,2025-03-03
ASG-005701,EXP-0001,LD-034427,,CO-0041975,paid,2025Q1,CMP-00150,treatment,2025-03-03
ASG-005702,EXP-0001,LD-034428,,CO-0036849,paid,2025Q1,CMP-00150,treatment,2025-03-03
ASG-005703,EXP-0001,LD-034429,,CO-0056136,paid,2025Q1,CMP-00151,control,2025-03-03
ASG-005704,EXP-0001,LD-034430,,CO-0020652,paid,2025Q1,CMP-00151,control,2025-03-03
ASG-005705,EXP-0001,LD-034435,ACC-003827,CO-0072651,paid,2025Q1,CMP-00151,control,2025-03-04
ASG-005706,EXP-0001,LD-034449,,CO-0046192,paid,2025Q1,CMP-00147,treatment,2025-03-04
ASG-005707,EXP-0001,LD-034450,,CO-0079913,paid,2025Q1,CMP-00147,treatment,2025-03-04
ASG-005708,EXP-0001,LD-034451,,CO-0081411,paid,2025Q1,CMP-00147,treatment,2025-03-04
ASG-005709,EXP-0001,LD-034452,,CO-0024624,paid,2025Q1,CMP-00147,treatment,2025-03-04
ASG-005710,EXP-0001,LD-034453,,CO-0112610,paid,2025Q1,CMP-00147,treatment,2025-03-04
ASG-005711,EXP-0001,LD-034454,,CO-0047446,paid,2025Q1,CMP-00148,treatment,2025-03-04
ASG-005712,EXP-0001,LD-034455,,CO-0091450,paid,2025Q1,CMP-00148,treatment,2025-03-04
ASG-005713,EXP-0001,LD-034456,,CO-0025095,paid,2025Q1,CMP-00148,treatment,2025-03-04
ASG-005714,EXP-0001,LD-034457,,CO-0052601,paid,2025Q1,CMP-00148,treatment,2025-03-04
ASG-005715,EXP-0001,LD-034458,,CO-0064287,paid,2025Q1,CMP-00148,treatment,2025-03-04
ASG-005716,EXP-0001,LD-034459,,CO-0092891,paid,2025Q1,CMP-00149,treatment,2025-03-04
ASG-005717,EXP-0001,LD-034460,,CO-0080625,paid,2025Q1,CMP-00149,treatment,2025-03-04
ASG-005718,EXP-0001,LD-034461,,CO-0122057,paid,2025Q1,CMP-00149,treatment,2025-03-04
ASG-005719,EXP-0001,LD-034462,,CO-0079080,paid,2025Q1,CMP-00149,treatment,2025-03-04
ASG-005720,EXP-0001,LD-034463,,CO-0120767,paid,2025Q1,CMP-00149,treatment,2025-03-04
ASG-005721,EXP-0001,LD-034464,,CO-0079006,paid,2025Q1,CMP-00149,treatment,2025-03-04
ASG-005722,EXP-0001,LD-034465,,CO-0084166,paid,2025Q1,CMP-00150,treatment,2025-03-04
ASG-005723,EXP-0001,LD-034466,,CO-0044051,paid,2025Q1,CMP-00150,treatment,2025-03-04
ASG-005724,EXP-0001,LD-034467,,CO-0093184,paid,2025Q1,CMP-00150,treatment,2025-03-04
ASG-005725,EXP-0001,LD-034468,,CO-0101442,paid,2025Q1,CMP-00150,treatment,2025-03-04
ASG-005726,EXP-0001,LD-034469,,CO-0087881,paid,2025Q1,CMP-00150,treatment,2025-03-04
ASG-005727,EXP-0001,LD-034470,,CO-0036219,paid,2025Q1,CMP-00150,treatment,2025-03-04
ASG-005728,EXP-0001,LD-034471,,CO-0070649,paid,2025Q1,CMP-00150,treatment,2025-03-04
ASG-005729,EXP-0001,LD-034472,,CO-0096358,paid,2025Q1,CMP-00151,control,2025-03-04
ASG-005730,EXP-0001,LD-034473,,CO-0033272,paid,2025Q1,CMP-00151,control,2025-03-04
ASG-005731,EXP-0001,LD-034474,,CO-0087459,paid,2025Q1,CMP-00151,control,2025-03-04
ASG-005732,EXP-0001,LD-034475,,CO-0107876,paid,2025Q1,CMP-00151,control,2025-03-04
ASG-005733,EXP-0001,LD-034476,,CO-0085141,paid,2025Q1,CMP-00151,control,2025-03-04
ASG-005734,EXP-0001,LD-034501,,CO-0037427,paid,2025Q1,CMP-00147,treatment,2025-03-05
ASG-005735,EXP-0001,LD-034502,,CO-0073518,paid,2025Q1,CMP-00147,treatment,2025-03-05
ASG-005736,EXP-0001,LD-034503,,CO-0036038,paid,2025Q1,CMP-00147,treatment,2025-03-05
ASG-005737,EXP-0001,LD-034504,,CO-0041349,paid,2025Q1,CMP-00148,treatment,2025-03-05
ASG-005738,EXP-0001,LD-034505,,CO-0000347,paid,2025Q1,CMP-00148,treatment,2025-03-05
ASG-005739,EXP-0001,LD-034506,,CO-0103220,paid,2025Q1,CMP-00148,treatment,2025-03-05
ASG-005740,EXP-0001,LD-034507,,CO-0121692,paid,2025Q1,CMP-00148,treatment,2025-03-05
ASG-005741,EXP-0001,LD-034508,,CO-0027054,paid,2025Q1,CMP-00148,treatment,2025-03-05
ASG-005742,EXP-0001,LD-034509,,CO-0021654,paid,2025Q1,CMP-00148,treatment,2025-03-05
ASG-005743,EXP-0001,LD-034510,,CO-0072133,paid,2025Q1,CMP-00148,treatment,2025-03-05
ASG-005744,EXP-0001,LD-034511,,CO-0075608,paid,2025Q1,CMP-00148,treatment,2025-03-05
ASG-005745,EXP-0001,LD-034512,,CO-0008642,paid,2025Q1,CMP-00148,treatment,2025-03-05
ASG-005746,EXP-0001,LD-034513,,CO-0018032,paid,2025Q1,CMP-00149,treatment,2025-03-05
ASG-005747,EXP-0001,LD-034514,,CO-0063475,paid,2025Q1,CMP-00149,treatment,2025-03-05
ASG-005748,EXP-0001,LD-034515,,CO-0075798,paid,2025Q1,CMP-00149,treatment,2025-03-05
ASG-005749,EXP-0001,LD-034516,,CO-0091254,paid,2025Q1,CMP-00149,treatment,2025-03-05
ASG-005750,EXP-0001,LD-034517,,CO-0097471,paid,2025Q1,CMP-00150,treatment,2025-03-05
ASG-005751,EXP-0001,LD-034518,,CO-0119396,paid,2025Q1,CMP-00150,treatment,2025-03-05
ASG-005752,EXP-0001,LD-034519,,CO-0073299,paid,2025Q1,CMP-00150,treatment,2025-03-05
ASG-005753,EXP-0001,LD-034520,,CO-0014434,paid,2025Q1,CMP-00150,treatment,2025-03-05
ASG-005754,EXP-0001,LD-034521,,CO-0004663,paid,2025Q1,CMP-00150,treatment,2025-03-05
ASG-005755,EXP-0001,LD-034522,,CO-0088902,paid,2025Q1,CMP-00150,treatment,2025-03-05
ASG-005756,EXP-0001,LD-034523,,CO-0089012,paid,2025Q1,CMP-00151,control,2025-03-05
ASG-005757,EXP-0001,LD-034524,,CO-0101405,paid,2025Q1,CMP-00151,control,2025-03-05
ASG-005758,EXP-0001,LD-034525,,CO-0087975,paid,2025Q1,CMP-00151,control,2025-03-05
ASG-005759,EXP-0001,LD-034526,,CO-0019429,paid,2025Q1,CMP-00151,control,2025-03-05
ASG-005760,EXP-0001,LD-034527,,CO-0085326,paid,2025Q1,CMP-00151,control,2025-03-05
ASG-005761,EXP-0001,LD-034528,,CO-0033793,paid,2025Q1,CMP-00151,control,2025-03-05
ASG-005762,EXP-0001,LD-034551,,CO-0042502,paid,2025Q1,CMP-00147,treatment,2025-03-06
ASG-005763,EXP-0001,LD-034552,,CO-0060454,paid,2025Q1,CMP-00147,treatment,2025-03-06
ASG-005764,EXP-0001,LD-034553,,CO-0032547,paid,2025Q1,CMP-00147,treatment,2025-03-06
ASG-005765,EXP-0001,LD-034554,,CO-0076795,paid,2025Q1,CMP-00147,treatment,2025-03-06
ASG-005766,EXP-0001,LD-034555,,CO-0049402,paid,2025Q1,CMP-00147,treatment,2025-03-06
ASG-005767,EXP-0001,LD-034556,,CO-0015549,paid,2025Q1,CMP-00147,treatment,2025-03-06
ASG-005768,EXP-0001,LD-034557,,CO-0013929,paid,2025Q1,CMP-00148,treatment,2025-03-06
ASG-005769,EXP-0001,LD-034558,,CO-0101983,paid,2025Q1,CMP-00148,treatment,2025-03-06
ASG-005770,EXP-0001,LD-034559,,CO-0065353,paid,2025Q1,CMP-00148,treatment,2025-03-06
ASG-005771,EXP-0001,LD-034560,,CO-0111681,paid,2025Q1,CMP-00148,treatment,2025-03-06
ASG-005772,EXP-0001,LD-034561,,CO-0058433,paid,2025Q1,CMP-00148,treatment,2025-03-06
ASG-005773,EXP-0001,LD-034562,,CO-0114137,paid,2025Q1,CMP-00148,treatment,2025-03-06
ASG-005774,EXP-0001,LD-034563,,CO-0035880,paid,2025Q1,CMP-00148,treatment,2025-03-06
ASG-005775,EXP-0001,LD-034564,,CO-0067341,paid,2025Q1,CMP-00148,treatment,2025-03-06
ASG-005776,EXP-0001,LD-034565,,CO-0054187,paid,2025Q1,CMP-00148,treatment,2025-03-06
ASG-005777,EXP-0001,LD-034566,,CO-0052082,paid,2025Q1,CMP-00148,treatment,2025-03-06
ASG-005778,EXP-0001,LD-034567,,CO-0004840,paid,2025Q1,CMP-00148,treatment,2025-03-06
ASG-005779,EXP-0001,LD-034568,,CO-0088646,paid,2025Q1,CMP-00148,treatment,2025-03-06
ASG-005780,EXP-0001,LD-034569,,CO-0038381,paid,2025Q1,CMP-00149,treatment,2025-03-06
ASG-005781,EXP-0001,LD-034570,,CO-0078035,paid,2025Q1,CMP-00149,treatment,2025-03-06
ASG-005782,EXP-0001,LD-034571,,CO-0017944,paid,2025Q1,CMP-00149,treatment,2025-03-06
ASG-005783,EXP-0001,LD-034572,,CO-0078014,paid,2025Q1,CMP-00150,treatment,2025-03-06
ASG-005784,EXP-0001,LD-034573,,CO-0008571,paid,2025Q1,CMP-00150,treatment,2025-03-06
ASG-005785,EXP-0001,LD-034574,,CO-0110510,paid,2025Q1,CMP-00151,control,2025-03-06
ASG-005786,EXP-0001,LD-034575,,CO-0108815,paid,2025Q1,CMP-00151,control,2025-03-06
ASG-005787,EXP-0001,LD-034576,,CO-0077547,paid,2025Q1,CMP-00151,control,2025-03-06
ASG-005788,EXP-0001,LD-034577,,CO-0005172,paid,2025Q1,CMP-00151,control,2025-03-06
ASG-005789,EXP-0001,LD-034578,,CO-0000996,paid,2025Q1,CMP-00151,control,2025-03-06
ASG-005790,EXP-0001,LD-034579,,CO-0087676,paid,2025Q1,CMP-00151,control,2025-03-06
ASG-005791,EXP-0001,LD-034580,,CO-0035794,paid,2025Q1,CMP-00151,control,2025-03-06
ASG-005792,EXP-0001,LD-034586,ACC-002328,CO-0006076,paid,2025Q1,CMP-00148,treatment,2025-03-07
ASG-005793,EXP-0001,LD-034587,ACC-003642,CO-0108951,paid,2025Q1,CMP-00150,treatment,2025-03-07
ASG-005794,EXP-0001,LD-034588,ACC-004957,CO-0074319,paid,2025Q1,CMP-00151,control,2025-03-07
ASG-005795,EXP-0001,LD-034606,,CO-0004422,paid,2025Q1,CMP-00147,treatment,2025-03-07
ASG-005796,EXP-0001,LD-034607,,CO-0072114,paid,2025Q1,CMP-00147,treatment,2025-03-07
ASG-005797,EXP-0001,LD-034608,,CO-0082062,paid,2025Q1,CMP-00147,treatment,2025-03-07
ASG-005798,EXP-0001,LD-034609,,CO-0108713,paid,2025Q1,CMP-00147,treatment,2025-03-07
ASG-005799,EXP-0001,LD-034610,,CO-0068597,paid,2025Q1,CMP-00148,treatment,2025-03-07
ASG-005800,EXP-0001,LD-034611,,CO-0119853,paid,2025Q1,CMP-00148,treatment,2025-03-07
ASG-005801,EXP-0001,LD-034612,,CO-0102464,paid,2025Q1,CMP-00148,treatment,2025-03-07
ASG-005802,EXP-0001,LD-034613,,CO-0074442,paid,2025Q1,CMP-00148,treatment,2025-03-07
ASG-005803,EXP-0001,LD-034614,,CO-0090281,paid,2025Q1,CMP-00148,treatment,2025-03-07
ASG-005804,EXP-0001,LD-034615,,CO-0072624,paid,2025Q1,CMP-00148,treatment,2025-03-07
ASG-005805,EXP-0001,LD-034616,,CO-0049717,paid,2025Q1,CMP-00148,treatment,2025-03-07
ASG-005806,EXP-0001,LD-034617,,CO-0122125,paid,2025Q1,CMP-00149,treatment,2025-03-07
ASG-005807,EXP-0001,LD-034618,,CO-0062150,paid,2025Q1,CMP-00149,treatment,2025-03-07
ASG-005808,EXP-0001,LD-034619,,CO-0101811,paid,2025Q1,CMP-00149,treatment,2025-03-07
ASG-005809,EXP-0001,LD-034620,,CO-0113679,paid,2025Q1,CMP-00150,treatment,2025-03-07
ASG-005810,EXP-0001,LD-034621,,CO-0072816,paid,2025Q1,CMP-00150,treatment,2025-03-07
ASG-005811,EXP-0001,LD-034622,,CO-0031438,paid,2025Q1,CMP-00150,treatment,2025-03-07
ASG-005812,EXP-0001,LD-034623,,CO-0020220,paid,2025Q1,CMP-00150,treatment,2025-03-07
ASG-005813,EXP-0001,LD-034624,,CO-0102123,paid,2025Q1,CMP-00150,treatment,2025-03-07
ASG-005814,EXP-0001,LD-034625,,CO-0111252,paid,2025Q1,CMP-00150,treatment,2025-03-07
ASG-005815,EXP-0001,LD-034626,,CO-0115905,paid,2025Q1,CMP-00151,control,2025-03-07
ASG-005816,EXP-0001,LD-034627,,CO-0086775,paid,2025Q1,CMP-00151,control,2025-03-07
ASG-005817,EXP-0001,LD-034628,,CO-0001963,paid,2025Q1,CMP-00151,control,2025-03-07
ASG-005818,EXP-0001,LD-034629,,CO-0027666,paid,2025Q1,CMP-00151,control,2025-03-07
ASG-005819,EXP-0001,LD-034630,,CO-0035501,paid,2025Q1,CMP-00151,control,2025-03-07
ASG-005820,EXP-0001,LD-034651,,CO-0104910,paid,2025Q1,CMP-00147,treatment,2025-03-08
ASG-005821,EXP-0001,LD-034652,,CO-0042216,paid,2025Q1,CMP-00147,treatment,2025-03-08
ASG-005822,EXP-0001,LD-034653,,CO-0031491,paid,2025Q1,CMP-00147,treatment,2025-03-08
ASG-005823,EXP-0001,LD-034654,,CO-0005672,paid,2025Q1,CMP-00147,treatment,2025-03-08
ASG-005824,EXP-0001,LD-034655,,CO-0110633,paid,2025Q1,CMP-00148,treatment,2025-03-08
ASG-005825,EXP-0001,LD-034656,,CO-0107860,paid,2025Q1,CMP-00148,treatment,2025-03-08
ASG-005826,EXP-0001,LD-034657,,CO-0099402,paid,2025Q1,CMP-00148,treatment,2025-03-08
ASG-005827,EXP-0001,LD-034658,,CO-0027208,paid,2025Q1,CMP-00148,treatment,2025-03-08
ASG-005828,EXP-0001,LD-034659,,CO-0056827,paid,2025Q1,CMP-00148,treatment,2025-03-08
ASG-005829,EXP-0001,LD-034660,,CO-0023070,paid,2025Q1,CMP-00149,treatment,2025-03-08
ASG-005830,EXP-0001,LD-034661,,CO-0050629,paid,2025Q1,CMP-00149,treatment,2025-03-08
ASG-005831,EXP-0001,LD-034662,,CO-0095916,paid,2025Q1,CMP-00149,treatment,2025-03-08
ASG-005832,EXP-0001,LD-034663,,CO-0018633,paid,2025Q1,CMP-00149,treatment,2025-03-08
ASG-005833,EXP-0001,LD-034664,,CO-0005660,paid,2025Q1,CMP-00150,treatment,2025-03-08
ASG-005834,EXP-0001,LD-034665,,CO-0056012,paid,2025Q1,CMP-00150,treatment,2025-03-08
ASG-005835,EXP-0001,LD-034666,,CO-0096446,paid,2025Q1,CMP-00150,treatment,2025-03-08
ASG-005836,EXP-0001,LD-034667,,CO-0056600,paid,2025Q1,CMP-00150,treatment,2025-03-08
ASG-005837,EXP-0001,LD-034668,,CO-0024718,paid,2025Q1,CMP-00150,treatment,2025-03-08
ASG-005838,EXP-0001,LD-034669,,CO-0076659,paid,2025Q1,CMP-00150,treatment,2025-03-08
ASG-005839,EXP-0001,LD-034670,,CO-0080066,paid,2025Q1,CMP-00150,treatment,2025-03-08
ASG-005840,EXP-0001,LD-034671,,CO-0022720,paid,2025Q1,CMP-00151,control,2025-03-08
ASG-005841,EXP-0001,LD-034672,,CO-0112022,paid,2025Q1,CMP-00151,control,2025-03-08
ASG-005842,EXP-0001,LD-034673,,CO-0119014,paid,2025Q1,CMP-00151,control,2025-03-08
ASG-005843,EXP-0001,LD-034674,,CO-0115122,paid,2025Q1,CMP-00151,control,2025-03-08
ASG-005844,EXP-0001,LD-034675,,CO-0026525,paid,2025Q1,CMP-00151,control,2025-03-08
ASG-005845,EXP-0001,LD-034676,,CO-0050310,paid,2025Q1,CMP-00151,control,2025-03-08
ASG-005846,EXP-0001,LD-034677,,CO-0099452,paid,2025Q1,CMP-00151,control,2025-03-08
ASG-005847,EXP-0001,LD-034685,ACC-000664,CO-0013772,paid,2025Q1,CMP-00148,treatment,2025-03-09
ASG-005848,EXP-0001,LD-034686,ACC-004247,CO-0050105,paid,2025Q1,CMP-00149,treatment,2025-03-09
ASG-005849,EXP-0001,LD-034699,,CO-0123194,paid,2025Q1,CMP-00147,treatment,2025-03-09
ASG-005850,EXP-0001,LD-034700,,CO-0009046,paid,2025Q1,CMP-00147,treatment,2025-03-09
ASG-005851,EXP-0001,LD-034701,,CO-0026249,paid,2025Q1,CMP-00148,treatment,2025-03-09
ASG-005852,EXP-0001,LD-034702,,CO-0014314,paid,2025Q1,CMP-00148,treatment,2025-03-09
ASG-005853,EXP-0001,LD-034703,,CO-0105528,paid,2025Q1,CMP-00148,treatment,2025-03-09
ASG-005854,EXP-0001,LD-034704,,CO-0104918,paid,2025Q1,CMP-00148,treatment,2025-03-09
ASG-005855,EXP-0001,LD-034705,,CO-0114781,paid,2025Q1,CMP-00148,treatment,2025-03-09
ASG-005856,EXP-0001,LD-034706,,CO-0055534,paid,2025Q1,CMP-00148,treatment,2025-03-09
ASG-005857,EXP-0001,LD-034707,,CO-0026417,paid,2025Q1,CMP-00148,treatment,2025-03-09
ASG-005858,EXP-0001,LD-034708,,CO-0045329,paid,2025Q1,CMP-00149,treatment,2025-03-09
ASG-005859,EXP-0001,LD-034709,,CO-0110445,paid,2025Q1,CMP-00149,treatment,2025-03-09
ASG-005860,EXP-0001,LD-034710,,CO-0049069,paid,2025Q1,CMP-00150,treatment,2025-03-09
ASG-005861,EXP-0001,LD-034711,,CO-0112383,paid,2025Q1,CMP-00150,treatment,2025-03-09
ASG-005862,EXP-0001,LD-034712,,CO-0001326,paid,2025Q1,CMP-00150,treatment,2025-03-09
ASG-005863,EXP-0001,LD-034713,,CO-0119283,paid,2025Q1,CMP-00151,control,2025-03-09
ASG-005864,EXP-0001,LD-034714,,CO-0103769,paid,2025Q1,CMP-00151,control,2025-03-09
ASG-005865,EXP-0001,LD-034729,,CO-0058841,paid,2025Q1,CMP-00147,treatment,2025-03-10
ASG-005866,EXP-0001,LD-034730,,CO-0061549,paid,2025Q1,CMP-00147,treatment,2025-03-10
ASG-005867,EXP-0001,LD-034731,,CO-0007864,paid,2025Q1,CMP-00147,treatment,2025-03-10
ASG-005868,EXP-0001,LD-034732,,CO-0035949,paid,2025Q1,CMP-00147,treatment,2025-03-10
ASG-005869,EXP-0001,LD-034733,,CO-0021885,paid,2025Q1,CMP-00147,treatment,2025-03-10
ASG-005870,EXP-0001,LD-034734,,CO-0010753,paid,2025Q1,CMP-00148,treatment,2025-03-10
ASG-005871,EXP-0001,LD-034735,,CO-0015017,paid,2025Q1,CMP-00148,treatment,2025-03-10
ASG-005872,EXP-0001,LD-034736,,CO-0051881,paid,2025Q1,CMP-00148,treatment,2025-03-10
ASG-005873,EXP-0001,LD-034737,,CO-0002424,paid,2025Q1,CMP-00148,treatment,2025-03-10
ASG-005874,EXP-0001,LD-034738,,CO-0016626,paid,2025Q1,CMP-00148,treatment,2025-03-10
ASG-005875,EXP-0001,LD-034739,,CO-0117663,paid,2025Q1,CMP-00148,treatment,2025-03-10
ASG-005876,EXP-0001,LD-034740,,CO-0097907,paid,2025Q1,CMP-00149,treatment,2025-03-10
ASG-005877,EXP-0001,LD-034741,,CO-0059833,paid,2025Q1,CMP-00149,treatment,2025-03-10
ASG-005878,EXP-0001,LD-034742,,CO-0022852,paid,2025Q1,CMP-00149,treatment,2025-03-10
ASG-005879,EXP-0001,LD-034743,,CO-0073744,paid,2025Q1,CMP-00149,treatment,2025-03-10
ASG-005880,EXP-0001,LD-034744,,CO-0117879,paid,2025Q1,CMP-00149,treatment,2025-03-10
ASG-005881,EXP-0001,LD-034745,,CO-0029986,paid,2025Q1,CMP-00150,treatment,2025-03-10
ASG-005882,EXP-0001,LD-034746,,CO-0043597,paid,2025Q1,CMP-00150,treatment,2025-03-10
ASG-005883,EXP-0001,LD-034747,,CO-0046521,paid,2025Q1,CMP-00150,treatment,2025-03-10
ASG-005884,EXP-0001,LD-034748,,CO-0062509,paid,2025Q1,CMP-00150,treatment,2025-03-10
ASG-005885,EXP-0001,LD-034749,,CO-0055728,paid,2025Q1,CMP-00151,control,2025-03-10
ASG-005886,EXP-0001,LD-034750,,CO-0077001,paid,2025Q1,CMP-00151,control,2025-03-10
ASG-005887,EXP-0001,LD-034751,,CO-0065513,paid,2025Q1,CMP-00151,control,2025-03-10
ASG-005888,EXP-0001,LD-034767,,CO-0083129,paid,2025Q1,CMP-00147,treatment,2025-03-11
ASG-005889,EXP-0001,LD-034768,,CO-0079177,paid,2025Q1,CMP-00147,treatment,2025-03-11
ASG-005890,EXP-0001,LD-034769,,CO-0071546,paid,2025Q1,CMP-00147,treatment,2025-03-11
ASG-005891,EXP-0001,LD-034770,,CO-0074871,paid,2025Q1,CMP-00147,treatment,2025-03-11
ASG-005892,EXP-0001,LD-034771,,CO-0117274,paid,2025Q1,CMP-00147,treatment,2025-03-11
ASG-005893,EXP-0001,LD-034772,,CO-0079705,paid,2025Q1,CMP-00147,treatment,2025-03-11
ASG-005894,EXP-0001,LD-034773,,CO-0115456,paid,2025Q1,CMP-00147,treatment,2025-03-11
ASG-005895,EXP-0001,LD-034774,,CO-0000938,paid,2025Q1,CMP-00147,treatment,2025-03-11
ASG-005896,EXP-0001,LD-034775,,CO-0004568,paid,2025Q1,CMP-00148,treatment,2025-03-11
ASG-005897,EXP-0001,LD-034776,,CO-0067477,paid,2025Q1,CMP-00148,treatment,2025-03-11
ASG-005898,EXP-0001,LD-034777,,CO-0047757,paid,2025Q1,CMP-00148,treatment,2025-03-11
ASG-005899,EXP-0001,LD-034778,,CO-0070762,paid,2025Q1,CMP-00149,treatment,2025-03-11
ASG-005900,EXP-0001,LD-034779,,CO-0113468,paid,2025Q1,CMP-00149,treatment,2025-03-11
ASG-005901,EXP-0001,LD-034780,,CO-0088417,paid,2025Q1,CMP-00149,treatment,2025-03-11
ASG-005902,EXP-0001,LD-034781,,CO-0118936,paid,2025Q1,CMP-00149,treatment,2025-03-11
ASG-005903,EXP-0001,LD-034782,,CO-0066741,paid,2025Q1,CMP-00150,treatment,2025-03-11
ASG-005904,EXP-0001,LD-034783,,CO-0047493,paid,2025Q1,CMP-00150,treatment,2025-03-11
ASG-005905,EXP-0001,LD-034784,,CO-0081191,paid,2025Q1,CMP-00150,treatment,2025-03-11
ASG-005906,EXP-0001,LD-034785,,CO-0040747,paid,2025Q1,CMP-00150,treatment,2025-03-11
ASG-005907,EXP-0001,LD-034786,,CO-0007029,paid,2025Q1,CMP-00150,treatment,2025-03-11
ASG-005908,EXP-0001,LD-034787,,CO-0004434,paid,2025Q1,CMP-00150,treatment,2025-03-11
ASG-005909,EXP-0001,LD-034788,,CO-0005227,paid,2025Q1,CMP-00151,control,2025-03-11
ASG-005910,EXP-0001,LD-034789,,CO-0016655,paid,2025Q1,CMP-00151,control,2025-03-11
ASG-005911,EXP-0001,LD-034811,,CO-0069555,paid,2025Q1,CMP-00147,treatment,2025-03-12
ASG-005912,EXP-0001,LD-034812,,CO-0107029,paid,2025Q1,CMP-00147,treatment,2025-03-12
ASG-005913,EXP-0001,LD-034813,,CO-0051207,paid,2025Q1,CMP-00147,treatment,2025-03-12
ASG-005914,EXP-0001,LD-034814,,CO-0039498,paid,2025Q1,CMP-00147,treatment,2025-03-12
ASG-005915,EXP-0001,LD-034815,,CO-0018960,paid,2025Q1,CMP-00147,treatment,2025-03-12
ASG-005916,EXP-0001,LD-034816,,CO-0107674,paid,2025Q1,CMP-00147,treatment,2025-03-12
ASG-005917,EXP-0001,LD-034817,,CO-0030533,paid,2025Q1,CMP-00147,treatment,2025-03-12
ASG-005918,EXP-0001,LD-034818,,CO-0070840,paid,2025Q1,CMP-00148,treatment,2025-03-12
ASG-005919,EXP-0001,LD-034819,,CO-0031105,paid,2025Q1,CMP-00148,treatment,2025-03-12
ASG-005920,EXP-0001,LD-034820,,CO-0107819,paid,2025Q1,CMP-00149,treatment,2025-03-12
ASG-005921,EXP-0001,LD-034821,,CO-0002747,paid,2025Q1,CMP-00149,treatment,2025-03-12
ASG-005922,EXP-0001,LD-034822,,CO-0011574,paid,2025Q1,CMP-00149,treatment,2025-03-12
ASG-005923,EXP-0001,LD-034823,,CO-0108944,paid,2025Q1,CMP-00149,treatment,2025-03-12
ASG-005924,EXP-0001,LD-034824,,CO-0107623,paid,2025Q1,CMP-00149,treatment,2025-03-12
ASG-005925,EXP-0001,LD-034825,,CO-0105684,paid,2025Q1,CMP-00149,treatment,2025-03-12
ASG-005926,EXP-0001,LD-034826,,CO-0082293,paid,2025Q1,CMP-00150,treatment,2025-03-12
ASG-005927,EXP-0001,LD-034827,,CO-0101228,paid,2025Q1,CMP-00150,treatment,2025-03-12
ASG-005928,EXP-0001,LD-034828,,CO-0001809,paid,2025Q1,CMP-00150,treatment,2025-03-12
ASG-005929,EXP-0001,LD-034829,,CO-0106235,paid,2025Q1,CMP-00150,treatment,2025-03-12
ASG-005930,EXP-0001,LD-034830,,CO-0021755,paid,2025Q1,CMP-00150,treatment,2025-03-12
ASG-005931,EXP-0001,LD-034831,,CO-0084322,paid,2025Q1,CMP-00151,control,2025-03-12
ASG-005932,EXP-0001,LD-034832,,CO-0102891,paid,2025Q1,CMP-00151,control,2025-03-12
ASG-005933,EXP-0001,LD-034833,,CO-0033339,paid,2025Q1,CMP-00151,control,2025-03-12
ASG-005934,EXP-0001,LD-034834,,CO-0098405,paid,2025Q1,CMP-00151,control,2025-03-12
ASG-005935,EXP-0001,LD-034835,,CO-0063412,paid,2025Q1,CMP-00151,control,2025-03-12
ASG-005936,EXP-0001,LD-034836,,CO-0113295,paid,2025Q1,CMP-00151,control,2025-03-12
ASG-005937,EXP-0001,LD-034837,,CO-0032818,paid,2025Q1,CMP-00151,control,2025-03-12
ASG-005938,EXP-0001,LD-034838,,CO-0106865,paid,2025Q1,CMP-00151,control,2025-03-12
ASG-005939,EXP-0001,LD-034851,,CO-0121940,paid,2025Q1,CMP-00147,treatment,2025-03-13
ASG-005940,EXP-0001,LD-034852,,CO-0100641,paid,2025Q1,CMP-00147,treatment,2025-03-13
ASG-005941,EXP-0001,LD-034853,,CO-0071306,paid,2025Q1,CMP-00147,treatment,2025-03-13
ASG-005942,EXP-0001,LD-034854,,CO-0040620,paid,2025Q1,CMP-00147,treatment,2025-03-13
ASG-005943,EXP-0001,LD-034855,,CO-0086773,paid,2025Q1,CMP-00148,treatment,2025-03-13
ASG-005944,EXP-0001,LD-034856,,CO-0020179,paid,2025Q1,CMP-00148,treatment,2025-03-13
ASG-005945,EXP-0001,LD-034857,,CO-0087732,paid,2025Q1,CMP-00148,treatment,2025-03-13
ASG-005946,EXP-0001,LD-034858,,CO-0091670,paid,2025Q1,CMP-00148,treatment,2025-03-13
ASG-005947,EXP-0001,LD-034859,,CO-0088024,paid,2025Q1,CMP-00148,treatment,2025-03-13
ASG-005948,EXP-0001,LD-034860,,CO-0046270,paid,2025Q1,CMP-00148,treatment,2025-03-13
ASG-005949,EXP-0001,LD-034861,,CO-0098000,paid,2025Q1,CMP-00148,treatment,2025-03-13
ASG-005950,EXP-0001,LD-034862,,CO-0065977,paid,2025Q1,CMP-00148,treatment,2025-03-13
ASG-005951,EXP-0001,LD-034863,,CO-0054206,paid,2025Q1,CMP-00149,treatment,2025-03-13
ASG-005952,EXP-0001,LD-034864,,CO-0104161,paid,2025Q1,CMP-00150,treatment,2025-03-13
ASG-005953,EXP-0001,LD-034865,,CO-0064491,paid,2025Q1,CMP-00150,treatment,2025-03-13
ASG-005954,EXP-0001,LD-034866,,CO-0032115,paid,2025Q1,CMP-00150,treatment,2025-03-13
ASG-005955,EXP-0001,LD-034867,,CO-0084630,paid,2025Q1,CMP-00151,control,2025-03-13
ASG-005956,EXP-0001,LD-034868,,CO-0083070,paid,2025Q1,CMP-00151,control,2025-03-13
ASG-005957,EXP-0001,LD-034869,,CO-0097953,paid,2025Q1,CMP-00151,control,2025-03-13
ASG-005958,EXP-0001,LD-034870,,CO-0046392,paid,2025Q1,CMP-00151,control,2025-03-13
ASG-005959,EXP-0001,LD-034889,,CO-0027174,paid,2025Q1,CMP-00147,treatment,2025-03-14
ASG-005960,EXP-0001,LD-034890,,CO-0020971,paid,2025Q1,CMP-00147,treatment,2025-03-14
ASG-005961,EXP-0001,LD-034891,,CO-0050467,paid,2025Q1,CMP-00148,treatment,2025-03-14
ASG-005962,EXP-0001,LD-034892,,CO-0077591,paid,2025Q1,CMP-00148,treatment,2025-03-14
ASG-005963,EXP-0001,LD-034893,,CO-0048724,paid,2025Q1,CMP-00148,treatment,2025-03-14
ASG-005964,EXP-0001,LD-034894,,CO-0094905,paid,2025Q1,CMP-00149,treatment,2025-03-14
ASG-005965,EXP-0001,LD-034895,,CO-0099561,paid,2025Q1,CMP-00149,treatment,2025-03-14
ASG-005966,EXP-0001,LD-034896,,CO-0109683,paid,2025Q1,CMP-00149,treatment,2025-03-14
ASG-005967,EXP-0001,LD-034897,,CO-0084962,paid,2025Q1,CMP-00149,treatment,2025-03-14
ASG-005968,EXP-0001,LD-034898,,CO-0121966,paid,2025Q1,CMP-00150,treatment,2025-03-14
ASG-005969,EXP-0001,LD-034899,,CO-0063600,paid,2025Q1,CMP-00150,treatment,2025-03-14
ASG-005970,EXP-0001,LD-034900,,CO-0081829,paid,2025Q1,CMP-00151,control,2025-03-14
ASG-005971,EXP-0001,LD-034901,,CO-0084118,paid,2025Q1,CMP-00151,control,2025-03-14
ASG-005972,EXP-0001,LD-034902,,CO-0020366,paid,2025Q1,CMP-00151,control,2025-03-14
ASG-005973,EXP-0001,LD-034903,,CO-0083739,paid,2025Q1,CMP-00151,control,2025-03-14
ASG-005974,EXP-0001,LD-034904,,CO-0016512,paid,2025Q1,CMP-00151,control,2025-03-14
ASG-005975,EXP-0001,LD-034905,,CO-0049007,paid,2025Q1,CMP-00151,control,2025-03-14
ASG-005976,EXP-0001,LD-034906,,CO-0106019,paid,2025Q1,CMP-00151,control,2025-03-14
ASG-005977,EXP-0001,LD-034907,,CO-0111944,paid,2025Q1,CMP-00151,control,2025-03-14
ASG-005978,EXP-0001,LD-034911,ACC-002093,CO-0053804,paid,2025Q1,CMP-00148,treatment,2025-03-15
ASG-005979,EXP-0001,LD-034912,ACC-002255,CO-0098954,paid,2025Q1,CMP-00148,treatment,2025-03-15
ASG-005980,EXP-0001,LD-034913,ACC-006919,CO-0029489,paid,2025Q1,CMP-00147,treatment,2025-03-15
ASG-005981,EXP-0001,LD-034933,,CO-0101335,paid,2025Q1,CMP-00147,treatment,2025-03-15
ASG-005982,EXP-0001,LD-034934,,CO-0042511,paid,2025Q1,CMP-00148,treatment,2025-03-15
ASG-005983,EXP-0001,LD-034935,,CO-0092275,paid,2025Q1,CMP-00148,treatment,2025-03-15
ASG-005984,EXP-0001,LD-034936,,CO-0033741,paid,2025Q1,CMP-00148,treatment,2025-03-15
ASG-005985,EXP-0001,LD-034937,,CO-0091817,paid,2025Q1,CMP-00148,treatment,2025-03-15
ASG-005986,EXP-0001,LD-034938,,CO-0014245,paid,2025Q1,CMP-00148,treatment,2025-03-15
ASG-005987,EXP-0001,LD-034939,,CO-0072596,paid,2025Q1,CMP-00148,treatment,2025-03-15
ASG-005988,EXP-0001,LD-034940,,CO-0065920,paid,2025Q1,CMP-00148,treatment,2025-03-15
ASG-005989,EXP-0001,LD-034941,,CO-0063090,paid,2025Q1,CMP-00148,treatment,2025-03-15
ASG-005990,EXP-0001,LD-034942,,CO-0090943,paid,2025Q1,CMP-00148,treatment,2025-03-15
ASG-005991,EXP-0001,LD-034943,,CO-0115469,paid,2025Q1,CMP-00149,treatment,2025-03-15
ASG-005992,EXP-0001,LD-034944,,CO-0019484,paid,2025Q1,CMP-00149,treatment,2025-03-15
ASG-005993,EXP-0001,LD-034945,,CO-0019523,paid,2025Q1,CMP-00149,treatment,2025-03-15
ASG-005994,EXP-0001,LD-034946,,CO-0056325,paid,2025Q1,CMP-00149,treatment,2025-03-15
ASG-005995,EXP-0001,LD-034947,,CO-0113745,paid,2025Q1,CMP-00149,treatment,2025-03-15
ASG-005996,EXP-0001,LD-034948,,CO-0108540,paid,2025Q1,CMP-00149,treatment,2025-03-15
ASG-005997,EXP-0001,LD-034949,,CO-0077632,paid,2025Q1,CMP-00149,treatment,2025-03-15
ASG-005998,EXP-0001,LD-034950,,CO-0082134,paid,2025Q1,CMP-00149,treatment,2025-03-15
ASG-005999,EXP-0001,LD-034951,,CO-0110932,paid,2025Q1,CMP-00150,treatment,2025-03-15
ASG-006000,EXP-0001,LD-034952,,CO-0018910,paid,2025Q1,CMP-00150,treatment,2025-03-15
ASG-006001,EXP-0001,LD-034953,,CO-0069521,paid,2025Q1,CMP-00150,treatment,2025-03-15
ASG-006002,EXP-0001,LD-034954,,CO-0089632,paid,2025Q1,CMP-00150,treatment,2025-03-15
ASG-006003,EXP-0001,LD-034955,,CO-0025925,paid,2025Q1,CMP-00150,treatment,2025-03-15
ASG-006004,EXP-0001,LD-034956,,CO-0118211,paid,2025Q1,CMP-00150,treatment,2025-03-15
ASG-006005,EXP-0001,LD-034957,,CO-0045268,paid,2025Q1,CMP-00151,control,2025-03-15
ASG-006006,EXP-0001,LD-034961,ACC-002397,CO-0084572,paid,2025Q1,CMP-00149,treatment,2025-03-16
ASG-006007,EXP-0001,LD-034962,ACC-003813,CO-0016888,paid,2025Q1,CMP-00150,treatment,2025-03-16
ASG-006008,EXP-0001,LD-034975,,CO-0073882,paid,2025Q1,CMP-00147,treatment,2025-03-16
ASG-006009,EXP-0001,LD-034976,,CO-0004528,paid,2025Q1,CMP-00147,treatment,2025-03-16
ASG-006010,EXP-0001,LD-034977,,CO-0076747,paid,2025Q1,CMP-00147,treatment,2025-03-16
ASG-006011,EXP-0001,LD-034978,,CO-0040017,paid,2025Q1,CMP-00147,treatment,2025-03-16
ASG-006012,EXP-0001,LD-034979,,CO-0061038,paid,2025Q1,CMP-00147,treatment,2025-03-16
ASG-006013,EXP-0001,LD-034980,,CO-0032643,paid,2025Q1,CMP-00147,treatment,2025-03-16
ASG-006014,EXP-0001,LD-034981,,CO-0035330,paid,2025Q1,CMP-00148,treatment,2025-03-16
ASG-006015,EXP-0001,LD-034982,,CO-0028135,paid,2025Q1,CMP-00148,treatment,2025-03-16
ASG-006016,EXP-0001,LD-034983,,CO-0057796,paid,2025Q1,CMP-00148,treatment,2025-03-16
ASG-006017,EXP-0001,LD-034984,,CO-0123157,paid,2025Q1,CMP-00148,treatment,2025-03-16
ASG-006018,EXP-0001,LD-034985,,CO-0042643,paid,2025Q1,CMP-00148,treatment,2025-03-16
ASG-006019,EXP-0001,LD-034986,,CO-0032119,paid,2025Q1,CMP-00148,treatment,2025-03-16
ASG-006020,EXP-0001,LD-034987,,CO-0043733,paid,2025Q1,CMP-00148,treatment,2025-03-16
ASG-006021,EXP-0001,LD-034988,,CO-0007162,paid,2025Q1,CMP-00149,treatment,2025-03-16
ASG-006022,EXP-0001,LD-034989,,CO-0094052,paid,2025Q1,CMP-00149,treatment,2025-03-16
ASG-006023,EXP-0001,LD-034990,,CO-0029004,paid,2025Q1,CMP-00149,treatment,2025-03-16
ASG-006024,EXP-0001,LD-034991,,CO-0021605,paid,2025Q1,CMP-00149,treatment,2025-03-16
ASG-006025,EXP-0001,LD-034992,,CO-0103857,paid,2025Q1,CMP-00149,treatment,2025-03-16
ASG-006026,EXP-0001,LD-034993,,CO-0039994,paid,2025Q1,CMP-00150,treatment,2025-03-16
ASG-006027,EXP-0001,LD-034994,,CO-0016240,paid,2025Q1,CMP-00150,treatment,2025-03-16
ASG-006028,EXP-0001,LD-034995,,CO-0043931,paid,2025Q1,CMP-00150,treatment,2025-03-16
ASG-006029,EXP-0001,LD-034996,,CO-0016977,paid,2025Q1,CMP-00151,control,2025-03-16
ASG-006030,EXP-0001,LD-034997,,CO-0098031,paid,2025Q1,CMP-00151,control,2025-03-16
ASG-006031,EXP-0001,LD-034998,,CO-0023235,paid,2025Q1,CMP-00151,control,2025-03-16
ASG-006032,EXP-0001,LD-034999,,CO-0074459,paid,2025Q1,CMP-00151,control,2025-03-16
ASG-006033,EXP-0001,LD-035015,,CO-0110331,paid,2025Q1,CMP-00147,treatment,2025-03-17
ASG-006034,EXP-0001,LD-035016,,CO-0090377,paid,2025Q1,CMP-00148,treatment,2025-03-17
ASG-006035,EXP-0001,LD-035017,,CO-0060831,paid,2025Q1,CMP-00148,treatment,2025-03-17
ASG-006036,EXP-0001,LD-035018,,CO-0019879,paid,2025Q1,CMP-00148,treatment,2025-03-17
ASG-006037,EXP-0001,LD-035019,,CO-0098649,paid,2025Q1,CMP-00148,treatment,2025-03-17
ASG-006038,EXP-0001,LD-035020,,CO-0037924,paid,2025Q1,CMP-00149,treatment,2025-03-17
ASG-006039,EXP-0001,LD-035021,,CO-0066453,paid,2025Q1,CMP-00149,treatment,2025-03-17
ASG-006040,EXP-0001,LD-035022,,CO-0085030,paid,2025Q1,CMP-00149,treatment,2025-03-17
ASG-006041,EXP-0001,LD-035023,,CO-0001624,paid,2025Q1,CMP-00149,treatment,2025-03-17
ASG-006042,EXP-0001,LD-035024,,CO-0045753,paid,2025Q1,CMP-00150,treatment,2025-03-17
ASG-006043,EXP-0001,LD-035025,,CO-0080221,paid,2025Q1,CMP-00150,treatment,2025-03-17
ASG-006044,EXP-0001,LD-035026,,CO-0051474,paid,2025Q1,CMP-00150,treatment,2025-03-17
ASG-006045,EXP-0001,LD-035027,,CO-0057733,paid,2025Q1,CMP-00150,treatment,2025-03-17
ASG-006046,EXP-0001,LD-035028,,CO-0062783,paid,2025Q1,CMP-00150,treatment,2025-03-17
ASG-006047,EXP-0001,LD-035029,,CO-0026127,paid,2025Q1,CMP-00150,treatment,2025-03-17
ASG-006048,EXP-0001,LD-035030,,CO-0024458,paid,2025Q1,CMP-00151,control,2025-03-17
ASG-006049,EXP-0001,LD-035031,,CO-0042120,paid,2025Q1,CMP-00151,control,2025-03-17
ASG-006050,EXP-0001,LD-035032,,CO-0074578,paid,2025Q1,CMP-00151,control,2025-03-17
ASG-006051,EXP-0001,LD-035033,,CO-0001376,paid,2025Q1,CMP-00151,control,2025-03-17
ASG-006052,EXP-0001,LD-035034,,CO-0028552,paid,2025Q1,CMP-00151,control,2025-03-17
ASG-006053,EXP-0001,LD-035035,,CO-0008673,paid,2025Q1,CMP-00151,control,2025-03-17
ASG-006054,EXP-0001,LD-035036,,CO-0071053,paid,2025Q1,CMP-00151,control,2025-03-17
ASG-006055,EXP-0001,LD-035050,,CO-0116856,paid,2025Q1,CMP-00147,treatment,2025-03-18
ASG-006056,EXP-0001,LD-035051,,CO-0021976,paid,2025Q1,CMP-00147,treatment,2025-03-18
ASG-006057,EXP-0001,LD-035052,,CO-0085435,paid,2025Q1,CMP-00147,treatment,2025-03-18
ASG-006058,EXP-0001,LD-035053,,CO-0053728,paid,2025Q1,CMP-00147,treatment,2025-03-18
ASG-006059,EXP-0001,LD-035054,,CO-0018808,paid,2025Q1,CMP-00148,treatment,2025-03-18
ASG-006060,EXP-0001,LD-035055,,CO-0068157,paid,2025Q1,CMP-00148,treatment,2025-03-18
ASG-006061,EXP-0001,LD-035056,,CO-0112030,paid,2025Q1,CMP-00148,treatment,2025-03-18
ASG-006062,EXP-0001,LD-035057,,CO-0122730,paid,2025Q1,CMP-00148,treatment,2025-03-18
ASG-006063,EXP-0001,LD-035058,,CO-0005754,paid,2025Q1,CMP-00149,treatment,2025-03-18
ASG-006064,EXP-0001,LD-035059,,CO-0070218,paid,2025Q1,CMP-00149,treatment,2025-03-18
ASG-006065,EXP-0001,LD-035060,,CO-0014255,paid,2025Q1,CMP-00150,treatment,2025-03-18
ASG-006066,EXP-0001,LD-035061,,CO-0055557,paid,2025Q1,CMP-00150,treatment,2025-03-18
ASG-006067,EXP-0001,LD-035062,,CO-0093412,paid,2025Q1,CMP-00150,treatment,2025-03-18
ASG-006068,EXP-0001,LD-035063,,CO-0032582,paid,2025Q1,CMP-00150,treatment,2025-03-18
ASG-006069,EXP-0001,LD-035064,,CO-0001905,paid,2025Q1,CMP-00150,treatment,2025-03-18
ASG-006070,EXP-0001,LD-035065,,CO-0007421,paid,2025Q1,CMP-00150,treatment,2025-03-18
ASG-006071,EXP-0001,LD-035066,,CO-0047474,paid,2025Q1,CMP-00151,control,2025-03-18
ASG-006072,EXP-0001,LD-035067,,CO-0080605,paid,2025Q1,CMP-00151,control,2025-03-18
ASG-006073,EXP-0001,LD-035068,,CO-0024581,paid,2025Q1,CMP-00151,control,2025-03-18
ASG-006074,EXP-0001,LD-035094,,CO-0033842,paid,2025Q1,CMP-00147,treatment,2025-03-19
ASG-006075,EXP-0001,LD-035095,,CO-0035643,paid,2025Q1,CMP-00147,treatment,2025-03-19
ASG-006076,EXP-0001,LD-035096,,CO-0089903,paid,2025Q1,CMP-00147,treatment,2025-03-19
ASG-006077,EXP-0001,LD-035097,,CO-0010447,paid,2025Q1,CMP-00147,treatment,2025-03-19
ASG-006078,EXP-0001,LD-035098,,CO-0001962,paid,2025Q1,CMP-00147,treatment,2025-03-19
ASG-006079,EXP-0001,LD-035099,,CO-0084601,paid,2025Q1,CMP-00148,treatment,2025-03-19
ASG-006080,EXP-0001,LD-035100,,CO-0041740,paid,2025Q1,CMP-00148,treatment,2025-03-19
ASG-006081,EXP-0001,LD-035101,,CO-0002055,paid,2025Q1,CMP-00149,treatment,2025-03-19
ASG-006082,EXP-0001,LD-035102,,CO-0058798,paid,2025Q1,CMP-00149,treatment,2025-03-19
ASG-006083,EXP-0001,LD-035103,,CO-0050634,paid,2025Q1,CMP-00150,treatment,2025-03-19
ASG-006084,EXP-0001,LD-035104,,CO-0091316,paid,2025Q1,CMP-00150,treatment,2025-03-19
ASG-006085,EXP-0001,LD-035105,,CO-0083549,paid,2025Q1,CMP-00151,control,2025-03-19
ASG-006086,EXP-0001,LD-035106,,CO-0016381,paid,2025Q1,CMP-00151,control,2025-03-19
ASG-006087,EXP-0001,LD-035107,,CO-0033082,paid,2025Q1,CMP-00151,control,2025-03-19
ASG-006088,EXP-0001,LD-035108,,CO-0107587,paid,2025Q1,CMP-00151,control,2025-03-19
ASG-006089,EXP-0001,LD-035113,ACC-000538,CO-0073724,paid,2025Q1,CMP-00149,treatment,2025-03-20
ASG-006090,EXP-0001,LD-035124,,CO-0046377,paid,2025Q1,CMP-00147,treatment,2025-03-20
ASG-006091,EXP-0001,LD-035125,,CO-0022197,paid,2025Q1,CMP-00147,treatment,2025-03-20
ASG-006092,EXP-0001,LD-035126,,CO-0045818,paid,2025Q1,CMP-00147,treatment,2025-03-20
ASG-006093,EXP-0001,LD-035127,,CO-0012310,paid,2025Q1,CMP-00147,treatment,2025-03-20
ASG-006094,EXP-0001,LD-035128,,CO-0096346,paid,2025Q1,CMP-00147,treatment,2025-03-20
ASG-006095,EXP-0001,LD-035129,,CO-0113482,paid,2025Q1,CMP-00147,treatment,2025-03-20
ASG-006096,EXP-0001,LD-035130,,CO-0100537,paid,2025Q1,CMP-00147,treatment,2025-03-20
ASG-006097,EXP-0001,LD-035131,,CO-0025602,paid,2025Q1,CMP-00148,treatment,2025-03-20
ASG-006098,EXP-0001,LD-035132,,CO-0076430,paid,2025Q1,CMP-00148,treatment,2025-03-20
ASG-006099,EXP-0001,LD-035133,,CO-0013296,paid,2025Q1,CMP-00148,treatment,2025-03-20
ASG-006100,EXP-0001,LD-035134,,CO-0004381,paid,2025Q1,CMP-00148,treatment,2025-03-20
ASG-006101,EXP-0001,LD-035135,,CO-0044396,paid,2025Q1,CMP-00148,treatment,2025-03-20
ASG-006102,EXP-0001,LD-035136,,CO-0045094,paid,2025Q1,CMP-00148,treatment,2025-03-20
ASG-006103,EXP-0001,LD-035137,,CO-0122731,paid,2025Q1,CMP-00148,treatment,2025-03-20
ASG-006104,EXP-0001,LD-035138,,CO-0112093,paid,2025Q1,CMP-00149,treatment,2025-03-20
ASG-006105,EXP-0001,LD-035139,,CO-0088409,paid,2025Q1,CMP-00149,treatment,2025-03-20
ASG-006106,EXP-0001,LD-035140,,CO-0087518,paid,2025Q1,CMP-00150,treatment,2025-03-20
ASG-006107,EXP-0001,LD-035141,,CO-0045617,paid,2025Q1,CMP-00150,treatment,2025-03-20
ASG-006108,EXP-0001,LD-035142,,CO-0033435,paid,2025Q1,CMP-00150,treatment,2025-03-20
ASG-006109,EXP-0001,LD-035143,,CO-0077361,paid,2025Q1,CMP-00150,treatment,2025-03-20
ASG-006110,EXP-0001,LD-035144,,CO-0075233,paid,2025Q1,CMP-00150,treatment,2025-03-20
ASG-006111,EXP-0001,LD-035145,,CO-0093958,paid,2025Q1,CMP-00151,control,2025-03-20
ASG-006112,EXP-0001,LD-035170,,CO-0086602,paid,2025Q1,CMP-00147,treatment,2025-03-21
ASG-006113,EXP-0001,LD-035171,,CO-0015733,paid,2025Q1,CMP-00147,treatment,2025-03-21
ASG-006114,EXP-0001,LD-035172,,CO-0119382,paid,2025Q1,CMP-00147,treatment,2025-03-21
ASG-006115,EXP-0001,LD-035173,,CO-0024495,paid,2025Q1,CMP-00148,treatment,2025-03-21
ASG-006116,EXP-0001,LD-035174,,CO-0077125,paid,2025Q1,CMP-00148,treatment,2025-03-21
ASG-006117,EXP-0001,LD-035175,,CO-0066433,paid,2025Q1,CMP-00148,treatment,2025-03-21
ASG-006118,EXP-0001,LD-035176,,CO-0079953,paid,2025Q1,CMP-00148,treatment,2025-03-21
ASG-006119,EXP-0001,LD-035177,,CO-0066285,paid,2025Q1,CMP-00149,treatment,2025-03-21
ASG-006120,EXP-0001,LD-035178,,CO-0118426,paid,2025Q1,CMP-00149,treatment,2025-03-21
ASG-006121,EXP-0001,LD-035179,,CO-0098286,paid,2025Q1,CMP-00149,treatment,2025-03-21
ASG-006122,EXP-0001,LD-035180,,CO-0023810,paid,2025Q1,CMP-00149,treatment,2025-03-21
ASG-006123,EXP-0001,LD-035181,,CO-0016535,paid,2025Q1,CMP-00150,treatment,2025-03-21
ASG-006124,EXP-0001,LD-035182,,CO-0086402,paid,2025Q1,CMP-00150,treatment,2025-03-21
ASG-006125,EXP-0001,LD-035183,,CO-0046634,paid,2025Q1,CMP-00150,treatment,2025-03-21
ASG-006126,EXP-0001,LD-035184,,CO-0076835,paid,2025Q1,CMP-00150,treatment,2025-03-21
ASG-006127,EXP-0001,LD-035185,,CO-0009933,paid,2025Q1,CMP-00150,treatment,2025-03-21
ASG-006128,EXP-0001,LD-035186,,CO-0117144,paid,2025Q1,CMP-00151,control,2025-03-21
ASG-006129,EXP-0001,LD-035187,,CO-0025829,paid,2025Q1,CMP-00151,control,2025-03-21
ASG-006130,EXP-0001,LD-035188,,CO-0066852,paid,2025Q1,CMP-00151,control,2025-03-21
ASG-006131,EXP-0001,LD-035189,,CO-0059519,paid,2025Q1,CMP-00151,control,2025-03-21
ASG-006132,EXP-0001,LD-035190,,CO-0068378,paid,2025Q1,CMP-00151,control,2025-03-21
ASG-006133,EXP-0001,LD-035192,ACC-003493,CO-0116577,paid,2025Q1,CMP-00150,treatment,2025-03-22
ASG-006134,EXP-0001,LD-035193,ACC-006037,CO-0096683,paid,2025Q1,CMP-00150,treatment,2025-03-22
ASG-006135,EXP-0001,LD-035207,,CO-0036117,paid,2025Q1,CMP-00147,treatment,2025-03-22
ASG-006136,EXP-0001,LD-035208,,CO-0076904,paid,2025Q1,CMP-00147,treatment,2025-03-22
ASG-006137,EXP-0001,LD-035209,,CO-0035031,paid,2025Q1,CMP-00147,treatment,2025-03-22
ASG-006138,EXP-0001,LD-035210,,CO-0063539,paid,2025Q1,CMP-00147,treatment,2025-03-22
ASG-006139,EXP-0001,LD-035211,,CO-0108644,paid,2025Q1,CMP-00148,treatment,2025-03-22
ASG-006140,EXP-0001,LD-035212,,CO-0005083,paid,2025Q1,CMP-00148,treatment,2025-03-22
ASG-006141,EXP-0001,LD-035213,,CO-0000100,paid,2025Q1,CMP-00148,treatment,2025-03-22
ASG-006142,EXP-0001,LD-035214,,CO-0046448,paid,2025Q1,CMP-00148,treatment,2025-03-22
ASG-006143,EXP-0001,LD-035215,,CO-0048792,paid,2025Q1,CMP-00148,treatment,2025-03-22
ASG-006144,EXP-0001,LD-035216,,CO-0102355,paid,2025Q1,CMP-00148,treatment,2025-03-22
ASG-006145,EXP-0001,LD-035217,,CO-0034654,paid,2025Q1,CMP-00148,treatment,2025-03-22
ASG-006146,EXP-0001,LD-035218,,CO-0047270,paid,2025Q1,CMP-00148,treatment,2025-03-22
ASG-006147,EXP-0001,LD-035219,,CO-0119910,paid,2025Q1,CMP-00148,treatment,2025-03-22
ASG-006148,EXP-0001,LD-035220,,CO-0111251,paid,2025Q1,CMP-00149,treatment,2025-03-22
ASG-006149,EXP-0001,LD-035221,,CO-0056418,paid,2025Q1,CMP-00150,treatment,2025-03-22
ASG-006150,EXP-0001,LD-035222,,CO-0088223,paid,2025Q1,CMP-00150,treatment,2025-03-22
ASG-006151,EXP-0001,LD-035223,,CO-0005848,paid,2025Q1,CMP-00150,treatment,2025-03-22
ASG-006152,EXP-0001,LD-035224,,CO-0103621,paid,2025Q1,CMP-00150,treatment,2025-03-22
ASG-006153,EXP-0001,LD-035225,,CO-0095933,paid,2025Q1,CMP-00150,treatment,2025-03-22
ASG-006154,EXP-0001,LD-035226,,CO-0119488,paid,2025Q1,CMP-00150,treatment,2025-03-22
ASG-006155,EXP-0001,LD-035227,,CO-0005942,paid,2025Q1,CMP-00151,control,2025-03-22
ASG-006156,EXP-0001,LD-035228,,CO-0001708,paid,2025Q1,CMP-00151,control,2025-03-22
ASG-006157,EXP-0001,LD-035229,,CO-0058155,paid,2025Q1,CMP-00151,control,2025-03-22
ASG-006158,EXP-0001,LD-035230,,CO-0077518,paid,2025Q1,CMP-00151,control,2025-03-22
ASG-006159,EXP-0001,LD-035231,,CO-0044679,paid,2025Q1,CMP-00151,control,2025-03-22
ASG-006160,EXP-0001,LD-035235,ACC-006610,CO-0077225,paid,2025Q1,CMP-00150,treatment,2025-03-23
ASG-006161,EXP-0001,LD-035252,,CO-0065838,paid,2025Q1,CMP-00147,treatment,2025-03-23
ASG-006162,EXP-0001,LD-035253,,CO-0028654,paid,2025Q1,CMP-00147,treatment,2025-03-23
ASG-006163,EXP-0001,LD-035254,,CO-0120746,paid,2025Q1,CMP-00147,treatment,2025-03-23
ASG-006164,EXP-0001,LD-035255,,CO-0002431,paid,2025Q1,CMP-00148,treatment,2025-03-23
ASG-006165,EXP-0001,LD-035256,,CO-0056570,paid,2025Q1,CMP-00148,treatment,2025-03-23
ASG-006166,EXP-0001,LD-035257,,CO-0027082,paid,2025Q1,CMP-00148,treatment,2025-03-23
ASG-006167,EXP-0001,LD-035258,,CO-0064442,paid,2025Q1,CMP-00148,treatment,2025-03-23
ASG-006168,EXP-0001,LD-035259,,CO-0034694,paid,2025Q1,CMP-00148,treatment,2025-03-23
ASG-006169,EXP-0001,LD-035260,,CO-0072195,paid,2025Q1,CMP-00148,treatment,2025-03-23
ASG-006170,EXP-0001,LD-035261,,CO-0088815,paid,2025Q1,CMP-00150,treatment,2025-03-23
ASG-006171,EXP-0001,LD-035262,,CO-0001004,paid,2025Q1,CMP-00150,treatment,2025-03-23
ASG-006172,EXP-0001,LD-035263,,CO-0084144,paid,2025Q1,CMP-00150,treatment,2025-03-23
ASG-006173,EXP-0001,LD-035264,,CO-0048489,paid,2025Q1,CMP-00150,treatment,2025-03-23
ASG-006174,EXP-0001,LD-035265,,CO-0041064,paid,2025Q1,CMP-00150,treatment,2025-03-23
ASG-006175,EXP-0001,LD-035266,,CO-0004847,paid,2025Q1,CMP-00150,treatment,2025-03-23
ASG-006176,EXP-0001,LD-035267,,CO-0098320,paid,2025Q1,CMP-00151,control,2025-03-23
ASG-006177,EXP-0001,LD-035287,,CO-0062922,paid,2025Q1,CMP-00147,treatment,2025-03-24
ASG-006178,EXP-0001,LD-035288,,CO-0122929,paid,2025Q1,CMP-00147,treatment,2025-03-24
ASG-006179,EXP-0001,LD-035289,,CO-0012455,paid,2025Q1,CMP-00147,treatment,2025-03-24
ASG-006180,EXP-0001,LD-035290,,CO-0027781,paid,2025Q1,CMP-00148,treatment,2025-03-24
ASG-006181,EXP-0001,LD-035291,,CO-0088798,paid,2025Q1,CMP-00148,treatment,2025-03-24
ASG-006182,EXP-0001,LD-035292,,CO-0092992,paid,2025Q1,CMP-00148,treatment,2025-03-24
ASG-006183,EXP-0001,LD-035293,,CO-0081531,paid,2025Q1,CMP-00148,treatment,2025-03-24
ASG-006184,EXP-0001,LD-035294,,CO-0061826,paid,2025Q1,CMP-00148,treatment,2025-03-24
ASG-006185,EXP-0001,LD-035295,,CO-0014128,paid,2025Q1,CMP-00148,treatment,2025-03-24
ASG-006186,EXP-0001,LD-035296,,CO-0094640,paid,2025Q1,CMP-00148,treatment,2025-03-24
ASG-006187,EXP-0001,LD-035297,,CO-0001744,paid,2025Q1,CMP-00148,treatment,2025-03-24
ASG-006188,EXP-0001,LD-035298,,CO-0039678,paid,2025Q1,CMP-00149,treatment,2025-03-24
ASG-006189,EXP-0001,LD-035299,,CO-0019854,paid,2025Q1,CMP-00149,treatment,2025-03-24
ASG-006190,EXP-0001,LD-035300,,CO-0059054,paid,2025Q1,CMP-00150,treatment,2025-03-24
ASG-006191,EXP-0001,LD-035301,,CO-0026141,paid,2025Q1,CMP-00150,treatment,2025-03-24
ASG-006192,EXP-0001,LD-035302,,CO-0077235,paid,2025Q1,CMP-00150,treatment,2025-03-24
ASG-006193,EXP-0001,LD-035303,,CO-0077199,paid,2025Q1,CMP-00150,treatment,2025-03-24
ASG-006194,EXP-0001,LD-035304,,CO-0037904,paid,2025Q1,CMP-00150,treatment,2025-03-24
ASG-006195,EXP-0001,LD-035305,,CO-0077785,paid,2025Q1,CMP-00150,treatment,2025-03-24
ASG-006196,EXP-0001,LD-035306,,CO-0020428,paid,2025Q1,CMP-00150,treatment,2025-03-24
ASG-006197,EXP-0001,LD-035307,,CO-0108586,paid,2025Q1,CMP-00150,treatment,2025-03-24
ASG-006198,EXP-0001,LD-035308,,CO-0103394,paid,2025Q1,CMP-00150,treatment,2025-03-24
ASG-006199,EXP-0001,LD-035309,,CO-0017358,paid,2025Q1,CMP-00150,treatment,2025-03-24
ASG-006200,EXP-0001,LD-035310,,CO-0081203,paid,2025Q1,CMP-00151,control,2025-03-24
ASG-006201,EXP-0001,LD-035311,,CO-0044539,paid,2025Q1,CMP-00151,control,2025-03-24
ASG-006202,EXP-0001,LD-035327,,CO-0034462,paid,2025Q1,CMP-00147,treatment,2025-03-25
ASG-006203,EXP-0001,LD-035328,,CO-0118358,paid,2025Q1,CMP-00147,treatment,2025-03-25
ASG-006204,EXP-0001,LD-035329,,CO-0120680,paid,2025Q1,CMP-00147,treatment,2025-03-25
ASG-006205,EXP-0001,LD-035330,,CO-0107710,paid,2025Q1,CMP-00149,treatment,2025-03-25
ASG-006206,EXP-0001,LD-035331,,CO-0042078,paid,2025Q1,CMP-00149,treatment,2025-03-25
ASG-006207,EXP-0001,LD-035332,,CO-0102247,paid,2025Q1,CMP-00149,treatment,2025-03-25
ASG-006208,EXP-0001,LD-035333,,CO-0068998,paid,2025Q1,CMP-00149,treatment,2025-03-25
ASG-006209,EXP-0001,LD-035334,,CO-0099807,paid,2025Q1,CMP-00149,treatment,2025-03-25
ASG-006210,EXP-0001,LD-035335,,CO-0081740,paid,2025Q1,CMP-00149,treatment,2025-03-25
ASG-006211,EXP-0001,LD-035336,,CO-0083759,paid,2025Q1,CMP-00150,treatment,2025-03-25
ASG-006212,EXP-0001,LD-035337,,CO-0087448,paid,2025Q1,CMP-00150,treatment,2025-03-25
ASG-006213,EXP-0001,LD-035338,,CO-0084812,paid,2025Q1,CMP-00151,control,2025-03-25
ASG-006214,EXP-0001,LD-035339,,CO-0044307,paid,2025Q1,CMP-00151,control,2025-03-25
ASG-006215,EXP-0001,LD-035340,,CO-0075771,paid,2025Q1,CMP-00151,control,2025-03-25
ASG-006216,EXP-0001,LD-035360,,CO-0041812,paid,2025Q1,CMP-00147,treatment,2025-03-26
ASG-006217,EXP-0001,LD-035361,,CO-0107693,paid,2025Q1,CMP-00147,treatment,2025-03-26
ASG-006218,EXP-0001,LD-035362,,CO-0028401,paid,2025Q1,CMP-00147,treatment,2025-03-26
ASG-006219,EXP-0001,LD-035363,,CO-0121976,paid,2025Q1,CMP-00147,treatment,2025-03-26
ASG-006220,EXP-0001,LD-035364,,CO-0047983,paid,2025Q1,CMP-00149,treatment,2025-03-26
ASG-006221,EXP-0001,LD-035365,,CO-0105408,paid,2025Q1,CMP-00149,treatment,2025-03-26
ASG-006222,EXP-0001,LD-035366,,CO-0121374,paid,2025Q1,CMP-00149,treatment,2025-03-26
ASG-006223,EXP-0001,LD-035367,,CO-0112988,paid,2025Q1,CMP-00149,treatment,2025-03-26
ASG-006224,EXP-0001,LD-035368,,CO-0114180,paid,2025Q1,CMP-00149,treatment,2025-03-26
ASG-006225,EXP-0001,LD-035369,,CO-0057895,paid,2025Q1,CMP-00151,control,2025-03-26
ASG-006226,EXP-0001,LD-035370,,CO-0063874,paid,2025Q1,CMP-00151,control,2025-03-26
ASG-006227,EXP-0001,LD-035371,,CO-0020988,paid,2025Q1,CMP-00151,control,2025-03-26
ASG-006228,EXP-0001,LD-035372,,CO-0017720,paid,2025Q1,CMP-00151,control,2025-03-26
ASG-006229,EXP-0001,LD-035373,,CO-0009230,paid,2025Q1,CMP-00151,control,2025-03-26
ASG-006230,EXP-0001,LD-035374,,CO-0077133,paid,2025Q1,CMP-00151,control,2025-03-26
ASG-006231,EXP-0001,LD-035379,ACC-007482,CO-0120992,paid,2025Q1,CMP-00147,treatment,2025-03-27
ASG-006232,EXP-0001,LD-035392,,CO-0045660,paid,2025Q1,CMP-00147,treatment,2025-03-27
ASG-006233,EXP-0001,LD-035393,,CO-0077896,paid,2025Q1,CMP-00147,treatment,2025-03-27
ASG-006234,EXP-0001,LD-035394,,CO-0053567,paid,2025Q1,CMP-00151,control,2025-03-27
ASG-006235,EXP-0001,LD-035395,,CO-0049338,paid,2025Q1,CMP-00151,control,2025-03-27
ASG-006236,EXP-0001,LD-035396,,CO-0112102,paid,2025Q1,CMP-00151,control,2025-03-27
ASG-006237,EXP-0001,LD-035397,,CO-0115252,paid,2025Q1,CMP-00151,control,2025-03-27
ASG-006238,EXP-0001,LD-035403,ACC-001913,CO-0110570,paid,2025Q1,CMP-00147,treatment,2025-03-28
ASG-006239,EXP-0001,LD-035414,,CO-0068285,paid,2025Q1,CMP-00147,treatment,2025-03-28
ASG-006240,EXP-0001,LD-035415,,CO-0005694,paid,2025Q1,CMP-00147,treatment,2025-03-28
ASG-006241,EXP-0001,LD-035416,,CO-0075370,paid,2025Q1,CMP-00147,treatment,2025-03-28
ASG-006242,EXP-0001,LD-035417,,CO-0048569,paid,2025Q1,CMP-00147,treatment,2025-03-28
ASG-006243,EXP-0001,LD-035418,,CO-0024408,paid,2025Q1,CMP-00147,treatment,2025-03-28
ASG-006244,EXP-0001,LD-035419,,CO-0118566,paid,2025Q1,CMP-00147,treatment,2025-03-28
ASG-006245,EXP-0001,LD-035420,,CO-0105033,paid,2025Q1,CMP-00151,control,2025-03-28
ASG-006246,EXP-0001,LD-035421,,CO-0070213,paid,2025Q1,CMP-00151,control,2025-03-28
ASG-006247,EXP-0001,LD-035422,,CO-0037471,paid,2025Q1,CMP-00151,control,2025-03-28
ASG-006248,EXP-0001,LD-035438,,CO-0074999,paid,2025Q1,CMP-00147,treatment,2025-03-29
ASG-006249,EXP-0001,LD-035439,,CO-0109057,paid,2025Q1,CMP-00151,control,2025-03-29
ASG-006250,EXP-0001,LD-035440,,CO-0077684,paid,2025Q1,CMP-00151,control,2025-03-29
ASG-006251,EXP-0001,LD-035441,,CO-0112855,paid,2025Q1,CMP-00151,control,2025-03-29
ASG-006252,EXP-0001,LD-035442,,CO-0111852,paid,2025Q1,CMP-00151,control,2025-03-29
ASG-006253,EXP-0001,LD-035443,,CO-0061102,paid,2025Q1,CMP-00151,control,2025-03-29
ASG-006254,EXP-0001,LD-035446,ACC-002532,CO-0114531,paid,2025Q1,CMP-00147,treatment,2025-03-30
ASG-006255,EXP-0001,LD-035447,ACC-003434,CO-0081674,paid,2025Q1,CMP-00151,control,2025-03-30
ASG-006256,EXP-0001,LD-035457,,CO-0017957,paid,2025Q1,CMP-00151,control,2025-03-30
ASG-006257,EXP-0001,LD-035458,,CO-0022973,paid,2025Q1,CMP-00151,control,2025-03-30
ASG-006258,EXP-0001,LD-035459,,CO-0043590,paid,2025Q1,CMP-00151,control,2025-03-30
ASG-006259,EXP-0001,LD-035460,,CO-0063188,paid,2025Q1,CMP-00151,control,2025-03-30
ASG-006260,EXP-0001,LD-035487,,CO-0007173,paid,2025Q1,CMP-00147,treatment,2025-03-31
ASG-006261,EXP-0001,LD-035488,,CO-0096114,paid,2025Q1,CMP-00147,treatment,2025-03-31
ASG-006262,EXP-0001,LD-035489,,CO-0107355,paid,2025Q1,CMP-00151,control,2025-03-31
ASG-006263,EXP-0001,LD-035490,,CO-0035109,paid,2025Q1,CMP-00151,control,2025-03-31
ASG-006264,EXP-0001,LD-035491,,CO-0115886,paid,2025Q1,CMP-00151,control,2025-03-31
ASG-006265,EXP-0001,LD-035492,,CO-0084749,paid,2025Q1,CMP-00151,control,2025-03-31
