opportunity_id,snapshot_date,rep_forecast_category,manager_forecast_category
OPP-0001293,2023-01-06,Pipeline,Pipeline
OPP-0001296,2023-01-06,Best Case,Best Case
OPP-0001296,2023-01-13,Commit,Commit
OPP-0001298,2023-01-06,Commit,Commit
OPP-0001298,2023-01-13,Commit,Commit
OPP-0001298,2023-01-20,Commit,Commit
OPP-0001338,2023-01-06,Pipeline,Pipeline
OPP-0001338,2023-01-13,Pipeline,Pipeline
OPP-0001346,2023-01-06,Omitted,Omitted
OPP-0001346,2023-01-13,Omitted,Omitted
OPP-0001346,2023-01-20,Omitted,Omitted
OPP-0001346,2023-01-27,Omitted,Omitted
OPP-0001346,2023-02-03,Omitted,Omitted
OPP-0001346,2023-02-10,Omitted,Omitted
OPP-0001346,2023-02-17,Pipeline,Omitted
OPP-0001358,2023-01-06,Best Case,Pipeline
OPP-0001358,2023-01-13,Best Case,Best Case
OPP-0001358,2023-01-20,Best Case,Best Case
OPP-0001358,2023-01-27,Best Case,Pipeline
OPP-0001358,2023-02-03,Pipeline,Pipeline
OPP-0001358,2023-02-10,Best Case,Best Case
OPP-0001358,2023-02-17,Best Case,Best Case
OPP-0001358,2023-02-24,Best Case,Omitted
OPP-0001381,2023-01-06,Pipeline,Pipeline
OPP-0001381,2023-01-13,Pipeline,Pipeline
OPP-0001381,2023-01-20,Pipeline,Pipeline
OPP-0001381,2023-01-27,Pipeline,Pipeline
OPP-0001381,2023-02-03,Omitted,Omitted
OPP-0001381,2023-02-10,Omitted,Pipeline
OPP-0001381,2023-02-17,Pipeline,Pipeline
OPP-0001381,2023-02-24,Pipeline,Omitted
OPP-0001381,2023-03-03,Pipeline,Omitted
OPP-0001384,2023-01-06,Omitted,Omitted
OPP-0001384,2023-01-13,Omitted,Omitted
OPP-0001384,2023-01-20,Omitted,Omitted
OPP-0001384,2023-01-27,Omitted,Omitted
OPP-0001384,2023-02-03,Omitted,Omitted
OPP-0001384,2023-02-10,Omitted,Omitted
OPP-0001384,2023-02-17,Omitted,Omitted
OPP-0001384,2023-02-24,Pipeline,Pipeline
OPP-0001400,2023-01-06,Pipeline,Pipeline
OPP-0001400,2023-01-13,Pipeline,Pipeline
OPP-0001400,2023-01-20,Pipeline,Best Case
OPP-0001400,2023-01-27,Pipeline,Omitted
OPP-0001401,2023-01-06,Best Case,Best Case
OPP-0001401,2023-01-13,Pipeline,Pipeline
OPP-0001401,2023-01-20,Pipeline,Pipeline
OPP-0001401,2023-01-27,Best Case,Best Case
OPP-0001401,2023-02-03,Best Case,Best Case
OPP-0001401,2023-02-10,Best Case,Best Case
OPP-0001401,2023-02-17,Pipeline,Pipeline
OPP-0001401,2023-02-24,Omitted,Pipeline
OPP-0001401,2023-03-03,Pipeline,Pipeline
OPP-0001401,2023-03-10,Pipeline,Pipeline
OPP-0001401,2023-03-17,Pipeline,Pipeline
OPP-0001402,2023-01-06,Commit,Commit
OPP-0001420,2023-01-06,Pipeline,Pipeline
OPP-0001420,2023-01-13,Omitted,Omitted
OPP-0001420,2023-01-20,Omitted,Omitted
OPP-0001420,2023-01-27,Omitted,Omitted
OPP-0001420,2023-02-03,Pipeline,Omitted
OPP-0001420,2023-02-10,Omitted,Omitted
OPP-0001420,2023-02-17,Omitted,Omitted
OPP-0001420,2023-02-24,Pipeline,Omitted
OPP-0001420,2023-03-03,Omitted,Omitted
OPP-0001420,2023-03-10,Omitted,Omitted
OPP-0001428,2023-01-06,Pipeline,Pipeline
OPP-0001428,2023-01-13,Pipeline,Pipeline
OPP-0001428,2023-01-20,Pipeline,Pipeline
OPP-0001428,2023-01-27,Pipeline,Omitted
OPP-0001428,2023-02-03,Pipeline,Pipeline
OPP-0001428,2023-02-10,Pipeline,Pipeline
OPP-0001433,2023-01-06,Pipeline,Omitted
OPP-0001433,2023-01-13,Pipeline,Omitted
OPP-0001433,2023-01-20,Pipeline,Pipeline
OPP-0001433,2023-01-27,Omitted,Omitted
OPP-0001433,2023-02-03,Pipeline,Omitted
OPP-0001433,2023-02-10,Best Case,Best Case
OPP-0001433,2023-02-17,Best Case,Best Case
OPP-0001433,2023-02-24,Omitted,Omitted
OPP-0001433,2023-03-03,Pipeline,Omitted
OPP-0001433,2023-03-10,Omitted,Omitted
OPP-0001433,2023-03-17,Pipeline,Omitted
OPP-0001433,2023-03-24,Pipeline,Omitted
OPP-0001433,2023-03-31,Pipeline,Omitted
OPP-0001433,2023-04-07,Omitted,Omitted
OPP-0001441,2023-01-06,Best Case,Best Case
OPP-0001441,2023-01-13,Best Case,Pipeline
OPP-0001441,2023-01-20,Best Case,Best Case
OPP-0001441,2023-01-27,Best Case,Best Case
OPP-0001441,2023-02-03,Best Case,Best Case
OPP-0001441,2023-02-10,Best Case,Best Case
OPP-0001441,2023-02-17,Best Case,Best Case
OPP-0001441,2023-02-24,Best Case,Pipeline
OPP-0001442,2023-01-06,Commit,Commit
OPP-0001445,2023-01-06,Best Case,Best Case
OPP-0001445,2023-01-13,Pipeline,Pipeline
OPP-0001445,2023-01-20,Pipeline,Pipeline
OPP-0001445,2023-01-27,Best Case,Pipeline
OPP-0001445,2023-02-03,Pipeline,Pipeline
OPP-0001445,2023-02-10,Pipeline,Pipeline
OPP-0001445,2023-02-17,Pipeline,Pipeline
OPP-0001445,2023-02-24,Pipeline,Pipeline
OPP-0001445,2023-03-03,Pipeline,Pipeline
OPP-0001445,2023-03-10,Omitted,Pipeline
OPP-0001445,2023-03-17,Pipeline,Pipeline
OPP-0001451,2023-01-06,Pipeline,Best Case
OPP-0001451,2023-01-13,Pipeline,Pipeline
OPP-0001451,2023-01-20,Best Case,Best Case
OPP-0001451,2023-01-27,Pipeline,Pipeline
OPP-0001451,2023-02-03,Pipeline,Pipeline
OPP-0001453,2023-01-06,Commit,Commit
OPP-0001453,2023-01-13,Commit,Commit
OPP-0001453,2023-01-20,Commit,Commit
OPP-0001455,2023-01-06,Omitted,Omitted
OPP-0001455,2023-01-13,Omitted,Omitted
OPP-0001455,2023-01-20,Omitted,Omitted
OPP-0001455,2023-01-27,Pipeline,Omitted
OPP-0001455,2023-02-03,Pipeline,Pipeline
OPP-0001455,2023-02-10,Pipeline,Pipeline
OPP-0001455,2023-02-17,Pipeline,Best Case
OPP-0001455,2023-02-24,Best Case,Best Case
OPP-0001455,2023-03-03,Pipeline,Best Case
OPP-0001455,2023-03-10,Best Case,Commit
OPP-0001455,2023-03-17,Best Case,Best Case
OPP-0001455,2023-03-24,Commit,Commit
OPP-0001455,2023-03-31,Best Case,Best Case
OPP-0001455,2023-04-07,Commit,Commit
OPP-0001455,2023-04-14,Commit,Commit
OPP-0001456,2023-01-06,Pipeline,Pipeline
OPP-0001456,2023-01-13,Pipeline,Omitted
OPP-0001456,2023-01-20,Pipeline,Omitted
OPP-0001456,2023-01-27,Pipeline,Omitted
OPP-0001456,2023-02-03,Omitted,Omitted
OPP-0001456,2023-02-10,Pipeline,Omitted
OPP-0001456,2023-02-17,Omitted,Omitted
OPP-0001456,2023-02-24,Pipeline,Omitted
OPP-0001456,2023-03-03,Pipeline,Omitted
OPP-0001456,2023-03-10,Best Case,Best Case
OPP-0001458,2023-01-06,Commit,Best Case
OPP-0001463,2023-01-06,Pipeline,Omitted
OPP-0001463,2023-01-13,Omitted,Omitted
OPP-0001463,2023-01-20,Omitted,Omitted
OPP-0001463,2023-01-27,Omitted,Omitted
OPP-0001463,2023-02-03,Omitted,Omitted
OPP-0001463,2023-02-10,Omitted,Omitted
OPP-0001463,2023-02-17,Pipeline,Pipeline
OPP-0001463,2023-02-24,Pipeline,Pipeline
OPP-0001463,2023-03-03,Pipeline,Pipeline
OPP-0001463,2023-03-10,Best Case,Best Case
OPP-0001463,2023-03-17,Best Case,Pipeline
OPP-0001463,2023-03-24,Pipeline,Pipeline
OPP-0001463,2023-03-31,Best Case,Best Case
OPP-0001464,2023-01-06,Pipeline,Omitted
OPP-0001464,2023-01-13,Pipeline,Omitted
OPP-0001464,2023-01-20,Pipeline,Omitted
OPP-0001464,2023-01-27,Omitted,Omitted
OPP-0001464,2023-02-03,Omitted,Omitted
OPP-0001464,2023-02-10,Pipeline,Pipeline
OPP-0001464,2023-02-17,Commit,Commit
OPP-0001464,2023-02-24,Commit,Commit
OPP-0001464,2023-03-03,Best Case,Best Case
OPP-0001464,2023-03-10,Best Case,Best Case
OPP-0001464,2023-03-17,Best Case,Best Case
OPP-0001470,2023-01-06,Omitted,Omitted
OPP-0001470,2023-01-13,Omitted,Omitted
OPP-0001470,2023-01-20,Omitted,Omitted
OPP-0001475,2023-01-06,Commit,Commit
OPP-0001475,2023-01-13,Commit,Commit
OPP-0001475,2023-01-20,Commit,Commit
OPP-0001475,2023-01-27,Commit,Commit
OPP-0001475,2023-02-03,Commit,Commit
OPP-0001475,2023-02-10,Commit,Commit
OPP-0001475,2023-02-17,Commit,Commit
OPP-0001475,2023-02-24,Commit,Commit
OPP-0001475,2023-03-03,Commit,Commit
OPP-0001475,2023-03-10,Commit,Commit
OPP-0001475,2023-03-17,Commit,Commit
OPP-0001479,2023-01-06,Omitted,Omitted
OPP-0001479,2023-01-13,Omitted,Omitted
OPP-0001479,2023-01-20,Pipeline,Omitted
OPP-0001479,2023-01-27,Omitted,Omitted
OPP-0001479,2023-02-03,Omitted,Pipeline
OPP-0001479,2023-02-10,Pipeline,Pipeline
OPP-0001479,2023-02-17,Omitted,Omitted
OPP-0001479,2023-02-24,Omitted,Omitted
OPP-0001479,2023-03-03,Omitted,Omitted
OPP-0001480,2023-01-06,Pipeline,Omitted
OPP-0001480,2023-01-13,Pipeline,Pipeline
OPP-0001480,2023-01-20,Pipeline,Omitted
OPP-0001480,2023-01-27,Pipeline,Pipeline
OPP-0001480,2023-02-03,Pipeline,Pipeline
OPP-0001480,2023-02-10,Pipeline,Pipeline
OPP-0001480,2023-02-17,Pipeline,Pipeline
OPP-0001480,2023-02-24,Omitted,Omitted
OPP-0001480,2023-03-03,Pipeline,Omitted
OPP-0001480,2023-03-10,Pipeline,Pipeline
OPP-0001480,2023-03-17,Omitted,Omitted
OPP-0001481,2023-01-06,Pipeline,Pipeline
OPP-0001481,2023-01-13,Pipeline,Pipeline
OPP-0001481,2023-01-20,Best Case,Best Case
OPP-0001483,2023-01-06,Best Case,Pipeline
OPP-0001483,2023-01-13,Pipeline,Omitted
OPP-0001483,2023-01-20,Pipeline,Omitted
OPP-0001483,2023-01-27,Pipeline,Omitted
OPP-0001483,2023-02-03,Omitted,Pipeline
OPP-0001483,2023-02-10,Pipeline,Pipeline
OPP-0001483,2023-02-17,Pipeline,Pipeline
OPP-0001483,2023-02-24,Pipeline,Pipeline
OPP-0001483,2023-03-03,Pipeline,Pipeline
OPP-0001483,2023-03-10,Best Case,Best Case
OPP-0001487,2023-01-06,Pipeline,Pipeline
OPP-0001487,2023-01-13,Pipeline,Pipeline
OPP-0001487,2023-01-20,Best Case,Best Case
OPP-0001487,2023-01-27,Best Case,Best Case
OPP-0001487,2023-02-03,Best Case,Pipeline
OPP-0001487,2023-02-10,Pipeline,Omitted
OPP-0001487,2023-02-17,Pipeline,Omitted
OPP-0001487,2023-02-24,Omitted,Pipeline
OPP-0001487,2023-03-03,Pipeline,Pipeline
OPP-0001487,2023-03-10,Pipeline,Pipeline
OPP-0001487,2023-03-17,Pipeline,Pipeline
OPP-0001487,2023-03-24,Pipeline,Omitted
OPP-0001488,2023-01-06,Best Case,Best Case
OPP-0001488,2023-01-13,Best Case,Best Case
OPP-0001488,2023-01-20,Best Case,Best Case
OPP-0001488,2023-01-27,Best Case,Best Case
OPP-0001488,2023-02-03,Pipeline,Pipeline
OPP-0001491,2023-01-06,Pipeline,Omitted
OPP-0001491,2023-01-13,Best Case,Omitted
OPP-0001491,2023-01-20,Pipeline,Omitted
OPP-0001491,2023-01-27,Pipeline,Omitted
OPP-0001491,2023-02-03,Pipeline,Pipeline
OPP-0001491,2023-02-10,Pipeline,Omitted
OPP-0001491,2023-02-17,Pipeline,Pipeline
OPP-0001491,2023-02-24,Omitted,Pipeline
OPP-0001491,2023-03-03,Pipeline,Pipeline
OPP-0001491,2023-03-10,Pipeline,Pipeline
OPP-0001491,2023-03-17,Best Case,Pipeline
OPP-0001491,2023-03-24,Best Case,Best Case
OPP-0001491,2023-03-31,Best Case,Best Case
OPP-0001491,2023-04-07,Best Case,Best Case
OPP-0001492,2023-01-06,Pipeline,Omitted
OPP-0001492,2023-01-13,Omitted,Omitted
OPP-0001492,2023-01-20,Pipeline,Omitted
OPP-0001492,2023-01-27,Pipeline,Pipeline
OPP-0001492,2023-02-03,Pipeline,Pipeline
OPP-0001496,2023-01-06,Pipeline,Best Case
OPP-0001496,2023-01-13,Best Case,Best Case
OPP-0001496,2023-01-20,Best Case,Best Case
OPP-0001496,2023-01-27,Best Case,Best Case
OPP-0001496,2023-02-03,Commit,Commit
OPP-0001496,2023-02-10,Best Case,Best Case
OPP-0001496,2023-02-17,Commit,Commit
OPP-0001496,2023-02-24,Commit,Commit
OPP-0001496,2023-03-03,Commit,Commit
OPP-0001498,2023-01-06,Pipeline,Pipeline
OPP-0001498,2023-01-13,Pipeline,Pipeline
OPP-0001498,2023-01-20,Pipeline,Pipeline
OPP-0001498,2023-01-27,Pipeline,Pipeline
OPP-0001498,2023-02-03,Best Case,Best Case
OPP-0001498,2023-02-10,Best Case,Best Case
OPP-0001498,2023-02-17,Pipeline,Pipeline
OPP-0001498,2023-02-24,Pipeline,Omitted
OPP-0001498,2023-03-03,Omitted,Omitted
OPP-0001500,2023-01-06,Commit,Commit
OPP-0001500,2023-01-13,Commit,Commit
OPP-0001500,2023-01-20,Commit,Commit
OPP-0001500,2023-01-27,Commit,Commit
OPP-0001500,2023-02-03,Commit,Commit
OPP-0001500,2023-02-10,Commit,Commit
OPP-0001500,2023-02-17,Commit,Commit
OPP-0001500,2023-02-24,Commit,Commit
OPP-0001500,2023-03-03,Commit,Commit
OPP-0001500,2023-03-10,Commit,Commit
OPP-0001503,2023-01-06,Pipeline,Pipeline
OPP-0001503,2023-01-13,Best Case,Best Case
OPP-0001503,2023-01-20,Pipeline,Pipeline
OPP-0001503,2023-01-27,Pipeline,Pipeline
OPP-0001503,2023-02-03,Commit,Commit
OPP-0001505,2023-01-06,Best Case,Pipeline
OPP-0001508,2023-01-06,Pipeline,Pipeline
OPP-0001508,2023-01-13,Pipeline,Pipeline
OPP-0001508,2023-01-20,Pipeline,Pipeline
OPP-0001508,2023-01-27,Pipeline,Pipeline
OPP-0001508,2023-02-03,Pipeline,Pipeline
OPP-0001508,2023-02-10,Omitted,Pipeline
OPP-0001508,2023-02-17,Pipeline,Pipeline
OPP-0001508,2023-02-24,Pipeline,Omitted
OPP-0001508,2023-03-03,Pipeline,Pipeline
OPP-0001508,2023-03-10,Best Case,Best Case
OPP-0001508,2023-03-17,Commit,Commit
OPP-0001508,2023-03-24,Commit,Commit
OPP-0001508,2023-03-31,Commit,Best Case
OPP-0001508,2023-04-07,Commit,Commit
OPP-0001508,2023-04-14,Commit,Commit
OPP-0001509,2023-01-06,Commit,Commit
OPP-0001509,2023-01-13,Commit,Commit
OPP-0001509,2023-01-20,Commit,Commit
OPP-0001509,2023-01-27,Commit,Commit
OPP-0001510,2023-01-06,Pipeline,Omitted
OPP-0001510,2023-01-13,Omitted,Omitted
OPP-0001510,2023-01-20,Pipeline,Omitted
OPP-0001510,2023-01-27,Pipeline,Omitted
OPP-0001510,2023-02-03,Pipeline,Pipeline
OPP-0001510,2023-02-10,Pipeline,Pipeline
OPP-0001510,2023-02-17,Best Case,Best Case
OPP-0001510,2023-02-24,Best Case,Commit
OPP-0001510,2023-03-03,Best Case,Best Case
OPP-0001510,2023-03-10,Best Case,Best Case
OPP-0001514,2023-01-06,Omitted,Omitted
OPP-0001514,2023-01-13,Omitted,Omitted
OPP-0001514,2023-01-20,Omitted,Omitted
OPP-0001514,2023-01-27,Omitted,Omitted
OPP-0001514,2023-02-03,Omitted,Pipeline
OPP-0001514,2023-02-10,Pipeline,Pipeline
OPP-0001514,2023-02-17,Pipeline,Pipeline
OPP-0001514,2023-02-24,Best Case,Best Case
OPP-0001514,2023-03-03,Best Case,Best Case
OPP-0001514,2023-03-10,Best Case,Best Case
OPP-0001514,2023-03-17,Best Case,Best Case
OPP-0001514,2023-03-24,Best Case,Best Case
OPP-0001514,2023-03-31,Best Case,Best Case
OPP-0001514,2023-04-07,Pipeline,Pipeline
OPP-0001514,2023-04-14,Pipeline,Pipeline
OPP-0001514,2023-04-21,Best Case,Best Case
OPP-0001514,2023-04-28,Best Case,Best Case
OPP-0001514,2023-05-05,Best Case,Best Case
OPP-0001519,2023-01-06,Best Case,Best Case
OPP-0001520,2023-01-06,Pipeline,Omitted
OPP-0001520,2023-01-13,Pipeline,Omitted
OPP-0001520,2023-01-20,Pipeline,Omitted
OPP-0001520,2023-01-27,Pipeline,Omitted
OPP-0001520,2023-02-03,Pipeline,Omitted
OPP-0001520,2023-02-10,Best Case,Omitted
OPP-0001520,2023-02-17,Best Case,Best Case
OPP-0001520,2023-02-24,Commit,Best Case
OPP-0001520,2023-03-03,Commit,Commit
OPP-0001520,2023-03-10,Best Case,Best Case
OPP-0001520,2023-03-17,Best Case,Best Case
OPP-0001520,2023-03-24,Best Case,Best Case
OPP-0001520,2023-03-31,Best Case,Pipeline
OPP-0001520,2023-04-07,Best Case,Best Case
OPP-0001521,2023-01-06,Omitted,Omitted
OPP-0001521,2023-01-13,Pipeline,Omitted
OPP-0001521,2023-01-20,Pipeline,Pipeline
OPP-0001521,2023-01-27,Pipeline,Pipeline
OPP-0001521,2023-02-03,Pipeline,Pipeline
OPP-0001521,2023-02-10,Pipeline,Pipeline
OPP-0001521,2023-02-17,Pipeline,Pipeline
OPP-0001521,2023-02-24,Omitted,Pipeline
OPP-0001521,2023-03-03,Omitted,Omitted
OPP-0001521,2023-03-10,Omitted,Omitted
OPP-0001521,2023-03-17,Pipeline,Omitted
OPP-0001521,2023-03-24,Omitted,Omitted
OPP-0001521,2023-03-31,Omitted,Omitted
OPP-0001521,2023-04-07,Pipeline,Pipeline
OPP-0001522,2023-01-06,Commit,Commit
OPP-0001522,2023-01-13,Commit,Commit
OPP-0001522,2023-01-20,Commit,Commit
OPP-0001522,2023-01-27,Commit,Commit
OPP-0001524,2023-01-06,Commit,Commit
OPP-0001524,2023-01-13,Best Case,Best Case
OPP-0001526,2023-01-06,Omitted,Pipeline
OPP-0001526,2023-01-13,Omitted,Omitted
OPP-0001526,2023-01-20,Omitted,Omitted
OPP-0001526,2023-01-27,Omitted,Omitted
OPP-0001526,2023-02-03,Omitted,Omitted
OPP-0001526,2023-02-10,Pipeline,Pipeline
OPP-0001526,2023-02-17,Pipeline,Pipeline
OPP-0001526,2023-02-24,Omitted,Omitted
OPP-0001526,2023-03-03,Omitted,Omitted
OPP-0001526,2023-03-10,Pipeline,Omitted
OPP-0001526,2023-03-17,Omitted,Omitted
OPP-0001526,2023-03-24,Omitted,Omitted
OPP-0001526,2023-03-31,Omitted,Omitted
OPP-0001526,2023-04-07,Omitted,Omitted
OPP-0001526,2023-04-14,Omitted,Omitted
OPP-0001526,2023-04-21,Omitted,Pipeline
OPP-0001526,2023-04-28,Best Case,Best Case
OPP-0001526,2023-05-05,Best Case,Best Case
OPP-0001526,2023-05-12,Best Case,Best Case
OPP-0001533,2023-01-06,Commit,Commit
OPP-0001534,2023-01-06,Best Case,Best Case
OPP-0001534,2023-01-13,Best Case,Best Case
OPP-0001537,2023-01-06,Commit,Commit
OPP-0001539,2023-01-06,Pipeline,Pipeline
OPP-0001539,2023-01-13,Pipeline,Pipeline
OPP-0001539,2023-01-20,Pipeline,Pipeline
OPP-0001539,2023-01-27,Pipeline,Pipeline
OPP-0001539,2023-02-03,Best Case,Best Case
OPP-0001539,2023-02-10,Commit,Commit
OPP-0001543,2023-01-06,Best Case,Pipeline
OPP-0001544,2023-01-06,Best Case,Best Case
OPP-0001544,2023-01-13,Commit,Commit
OPP-0001544,2023-01-20,Commit,Commit
OPP-0001544,2023-01-27,Commit,Commit
OPP-0001544,2023-02-03,Commit,Commit
OPP-0001544,2023-02-10,Commit,Commit
OPP-0001544,2023-02-17,Commit,Commit
OPP-0001544,2023-02-24,Commit,Commit
OPP-0001547,2023-01-06,Best Case,Pipeline
OPP-0001547,2023-01-13,Pipeline,Pipeline
OPP-0001550,2023-01-06,Best Case,Best Case
OPP-0001550,2023-01-13,Best Case,Best Case
OPP-0001551,2023-01-06,Pipeline,Pipeline
OPP-0001551,2023-01-13,Pipeline,Best Case
OPP-0001551,2023-01-20,Best Case,Best Case
OPP-0001551,2023-01-27,Commit,Commit
OPP-0001552,2023-01-06,Commit,Best Case
OPP-0001552,2023-01-13,Commit,Commit
OPP-0001552,2023-01-20,Commit,Commit
OPP-0001552,2023-01-27,Commit,Best Case
OPP-0001555,2023-01-06,Commit,Commit
OPP-0001555,2023-01-13,Commit,Commit
OPP-0001555,2023-01-20,Commit,Commit
OPP-0001555,2023-01-27,Commit,Commit
OPP-0001556,2023-01-06,Commit,Commit
OPP-0001557,2023-01-06,Omitted,Omitted
OPP-0001557,2023-01-13,Pipeline,Omitted
OPP-0001557,2023-01-20,Pipeline,Pipeline
OPP-0001557,2023-01-27,Pipeline,Pipeline
OPP-0001557,2023-02-03,Pipeline,Pipeline
OPP-0001557,2023-02-10,Pipeline,Pipeline
OPP-0001557,2023-02-17,Best Case,Best Case
OPP-0001557,2023-02-24,Pipeline,Pipeline
OPP-0001557,2023-03-03,Pipeline,Pipeline
OPP-0001557,2023-03-10,Pipeline,Pipeline
OPP-0001557,2023-03-17,Omitted,Omitted
OPP-0001557,2023-03-24,Pipeline,Pipeline
OPP-0001559,2023-01-06,Commit,Commit
OPP-0001559,2023-01-13,Commit,Best Case
OPP-0001559,2023-01-20,Commit,Commit
OPP-0001559,2023-01-27,Commit,Best Case
OPP-0001561,2023-01-06,Best Case,Best Case
OPP-0001561,2023-01-13,Best Case,Best Case
OPP-0001561,2023-01-20,Best Case,Commit
OPP-0001563,2023-01-06,Pipeline,Omitted
OPP-0001565,2023-01-06,Best Case,Commit
OPP-0001565,2023-01-13,Commit,Best Case
OPP-0001566,2023-01-06,Pipeline,Pipeline
OPP-0001566,2023-01-13,Pipeline,Omitted
OPP-0001566,2023-01-20,Pipeline,Omitted
OPP-0001566,2023-01-27,Best Case,Best Case
OPP-0001566,2023-02-03,Pipeline,Pipeline
OPP-0001566,2023-02-10,Pipeline,Pipeline
OPP-0001566,2023-02-17,Pipeline,Pipeline
OPP-0001566,2023-02-24,Pipeline,Omitted
OPP-0001566,2023-03-03,Omitted,Omitted
OPP-0001566,2023-03-10,Pipeline,Omitted
OPP-0001568,2023-01-06,Commit,Commit
OPP-0001569,2023-01-06,Best Case,Best Case
OPP-0001569,2023-01-13,Commit,Commit
OPP-0001573,2023-01-06,Commit,Commit
OPP-0001573,2023-01-13,Commit,Commit
OPP-0001576,2023-01-06,Commit,Commit
OPP-0001576,2023-01-13,Commit,Commit
OPP-0001576,2023-01-20,Commit,Commit
OPP-0001576,2023-01-27,Commit,Commit
OPP-0001578,2023-01-06,Pipeline,Omitted
OPP-0001578,2023-01-13,Pipeline,Pipeline
OPP-0001578,2023-01-20,Omitted,Omitted
OPP-0001578,2023-01-27,Omitted,Omitted
OPP-0001578,2023-02-03,Pipeline,Omitted
OPP-0001578,2023-02-10,Omitted,Omitted
OPP-0001578,2023-02-17,Pipeline,Omitted
OPP-0001578,2023-02-24,Pipeline,Omitted
OPP-0001578,2023-03-03,Pipeline,Pipeline
OPP-0001578,2023-03-10,Pipeline,Pipeline
OPP-0001578,2023-03-17,Pipeline,Pipeline
OPP-0001578,2023-03-24,Pipeline,Pipeline
OPP-0001578,2023-03-31,Omitted,Pipeline
OPP-0001578,2023-04-07,Pipeline,Omitted
OPP-0001578,2023-04-14,Pipeline,Pipeline
OPP-0001578,2023-04-21,Pipeline,Pipeline
OPP-0001578,2023-04-28,Pipeline,Pipeline
OPP-0001578,2023-05-05,Best Case,Best Case
OPP-0001579,2023-01-06,Pipeline,Pipeline
OPP-0001579,2023-01-13,Pipeline,Pipeline
OPP-0001579,2023-01-20,Pipeline,Pipeline
OPP-0001579,2023-01-27,Pipeline,Pipeline
OPP-0001579,2023-02-03,Pipeline,Pipeline
OPP-0001579,2023-02-10,Pipeline,Pipeline
OPP-0001579,2023-02-17,Pipeline,Pipeline
OPP-0001579,2023-02-24,Omitted,Pipeline
OPP-0001579,2023-03-03,Pipeline,Pipeline
OPP-0001579,2023-03-10,Pipeline,Pipeline
OPP-0001579,2023-03-17,Pipeline,Pipeline
OPP-0001579,2023-03-24,Best Case,Best Case
OPP-0001579,2023-03-31,Pipeline,Pipeline
OPP-0001579,2023-04-07,Pipeline,Pipeline
OPP-0001579,2023-04-14,Pipeline,Best Case
OPP-0001579,2023-04-21,Pipeline,Pipeline
OPP-0001579,2023-04-28,Omitted,Pipeline
OPP-0001579,2023-05-05,Pipeline,Pipeline
OPP-0001581,2023-01-06,Commit,Commit
OPP-0001581,2023-01-13,Commit,Commit
OPP-0001581,2023-01-20,Commit,Commit
OPP-0001581,2023-01-27,Commit,Commit
OPP-0001582,2023-01-06,Best Case,Best Case
OPP-0001583,2023-01-06,Pipeline,Pipeline
OPP-0001583,2023-01-13,Pipeline,Best Case
OPP-0001583,2023-01-20,Best Case,Best Case
OPP-0001583,2023-01-27,Best Case,Best Case
OPP-0001583,2023-02-03,Best Case,Commit
OPP-0001583,2023-02-10,Commit,Commit
OPP-0001584,2023-01-06,Pipeline,Pipeline
OPP-0001584,2023-01-13,Pipeline,Pipeline
OPP-0001589,2023-01-06,Pipeline,Omitted
OPP-0001589,2023-01-13,Pipeline,Omitted
OPP-0001589,2023-01-20,Best Case,Best Case
OPP-0001589,2023-01-27,Best Case,Best Case
OPP-0001593,2023-01-06,Pipeline,Pipeline
OPP-0001593,2023-01-13,Pipeline,Pipeline
OPP-0001593,2023-01-20,Pipeline,Pipeline
OPP-0001593,2023-01-27,Pipeline,Pipeline
OPP-0001593,2023-02-03,Best Case,Best Case
OPP-0001593,2023-02-10,Best Case,Best Case
OPP-0001593,2023-02-17,Best Case,Best Case
OPP-0001593,2023-02-24,Pipeline,Pipeline
OPP-0001593,2023-03-03,Best Case,Best Case
OPP-0001593,2023-03-10,Best Case,Best Case
OPP-0001593,2023-03-17,Best Case,Best Case
OPP-0001593,2023-03-24,Commit,Commit
OPP-0001593,2023-03-31,Best Case,Best Case
OPP-0001593,2023-04-07,Best Case,Best Case
OPP-0001593,2023-04-14,Best Case,Best Case
OPP-0001593,2023-04-21,Commit,Commit
OPP-0001593,2023-04-28,Commit,Commit
OPP-0001593,2023-05-05,Best Case,Commit
OPP-0001593,2023-05-12,Commit,Commit
OPP-0001593,2023-05-19,Best Case,Best Case
OPP-0001593,2023-05-26,Commit,Commit
OPP-0001593,2023-06-02,Commit,Best Case
OPP-0001599,2023-01-06,Commit,Commit
OPP-0001599,2023-01-13,Commit,Commit
OPP-0001599,2023-01-20,Commit,Commit
OPP-0001599,2023-01-27,Commit,Commit
OPP-0001600,2023-01-06,Best Case,Best Case
OPP-0001600,2023-01-13,Pipeline,Pipeline
OPP-0001600,2023-01-20,Best Case,Best Case
OPP-0001600,2023-01-27,Pipeline,Pipeline
OPP-0001600,2023-02-03,Best Case,Best Case
OPP-0001601,2023-01-06,Best Case,Pipeline
OPP-0001601,2023-01-13,Best Case,Pipeline
OPP-0001601,2023-01-20,Commit,Best Case
OPP-0001601,2023-01-27,Commit,Best Case
OPP-0001601,2023-02-03,Commit,Commit
OPP-0001601,2023-02-10,Commit,Commit
OPP-0001601,2023-02-17,Commit,Commit
OPP-0001601,2023-02-24,Commit,Best Case
OPP-0001606,2023-01-06,Pipeline,Pipeline
OPP-0001606,2023-01-13,Best Case,Best Case
OPP-0001606,2023-01-20,Pipeline,Pipeline
OPP-0001606,2023-01-27,Pipeline,Pipeline
OPP-0001606,2023-02-03,Best Case,Commit
OPP-0001606,2023-02-10,Best Case,Best Case
OPP-0001607,2023-01-06,Pipeline,Omitted
OPP-0001607,2023-01-13,Pipeline,Omitted
OPP-0001607,2023-01-20,Pipeline,Omitted
OPP-0001607,2023-01-27,Pipeline,Omitted
OPP-0001607,2023-02-03,Best Case,Best Case
OPP-0001607,2023-02-10,Best Case,Omitted
OPP-0001607,2023-02-17,Best Case,Omitted
OPP-0001607,2023-02-24,Pipeline,Pipeline
OPP-0001607,2023-03-03,Omitted,Omitted
OPP-0001608,2023-01-06,Pipeline,Pipeline
OPP-0001608,2023-01-13,Pipeline,Omitted
OPP-0001608,2023-01-20,Omitted,Omitted
OPP-0001608,2023-01-27,Pipeline,Pipeline
OPP-0001608,2023-02-03,Pipeline,Omitted
OPP-0001608,2023-02-10,Pipeline,Omitted
OPP-0001608,2023-02-17,Pipeline,Pipeline
OPP-0001608,2023-02-24,Best Case,Best Case
OPP-0001608,2023-03-03,Pipeline,Pipeline
OPP-0001608,2023-03-10,Pipeline,Pipeline
OPP-0001608,2023-03-17,Pipeline,Pipeline
OPP-0001608,2023-03-24,Pipeline,Pipeline
OPP-0001608,2023-03-31,Pipeline,Pipeline
OPP-0001608,2023-04-07,Pipeline,Pipeline
OPP-0001608,2023-04-14,Pipeline,Pipeline
OPP-0001608,2023-04-21,Pipeline,Pipeline
OPP-0001608,2023-04-28,Pipeline,Pipeline
OPP-0001608,2023-05-05,Pipeline,Omitted
OPP-0001608,2023-05-12,Pipeline,Omitted
OPP-0001608,2023-05-19,Pipeline,Pipeline
OPP-0001608,2023-05-26,Pipeline,Pipeline
OPP-0001608,2023-06-02,Pipeline,Pipeline
OPP-0001608,2023-06-09,Pipeline,Pipeline
OPP-0001608,2023-06-16,Pipeline,Pipeline
OPP-0001608,2023-06-23,Pipeline,Omitted
OPP-0001609,2023-01-06,Pipeline,Pipeline
OPP-0001609,2023-01-13,Pipeline,Pipeline
OPP-0001609,2023-01-20,Pipeline,Pipeline
OPP-0001609,2023-01-27,Best Case,Best Case
OPP-0001609,2023-02-03,Pipeline,Best Case
OPP-0001609,2023-02-10,Best Case,Best Case
OPP-0001609,2023-02-17,Best Case,Best Case
OPP-0001610,2023-01-06,Omitted,Omitted
OPP-0001610,2023-01-13,Omitted,Omitted
OPP-0001610,2023-01-20,Omitted,Omitted
OPP-0001610,2023-01-27,Pipeline,Omitted
OPP-0001610,2023-02-03,Pipeline,Omitted
OPP-0001610,2023-02-10,Pipeline,Pipeline
OPP-0001610,2023-02-17,Omitted,Pipeline
OPP-0001610,2023-02-24,Pipeline,Pipeline
OPP-0001610,2023-03-03,Pipeline,Pipeline
OPP-0001610,2023-03-10,Pipeline,Pipeline
OPP-0001610,2023-03-17,Pipeline,Pipeline
OPP-0001610,2023-03-24,Pipeline,Pipeline
OPP-0001610,2023-03-31,Pipeline,Omitted
OPP-0001610,2023-04-07,Pipeline,Pipeline
OPP-0001610,2023-04-14,Pipeline,Omitted
OPP-0001610,2023-04-21,Pipeline,Omitted
OPP-0001610,2023-04-28,Pipeline,Omitted
OPP-0001610,2023-05-05,Omitted,Omitted
OPP-0001610,2023-05-12,Pipeline,Omitted
OPP-0001610,2023-05-19,Omitted,Omitted
OPP-0001610,2023-05-26,Omitted,Omitted
OPP-0001611,2023-01-06,Pipeline,Omitted
OPP-0001611,2023-01-13,Pipeline,Omitted
OPP-0001611,2023-01-20,Omitted,Omitted
OPP-0001611,2023-01-27,Omitted,Pipeline
OPP-0001611,2023-02-03,Pipeline,Pipeline
OPP-0001611,2023-02-10,Pipeline,Omitted
OPP-0001611,2023-02-17,Pipeline,Pipeline
OPP-0001611,2023-02-24,Pipeline,Omitted
OPP-0001611,2023-03-03,Pipeline,Pipeline
OPP-0001611,2023-03-10,Pipeline,Pipeline
OPP-0001611,2023-03-17,Pipeline,Pipeline
OPP-0001611,2023-03-24,Pipeline,Pipeline
OPP-0001611,2023-03-31,Pipeline,Pipeline
OPP-0001611,2023-04-07,Omitted,Omitted
OPP-0001611,2023-04-14,Pipeline,Omitted
OPP-0001611,2023-04-21,Pipeline,Omitted
OPP-0001611,2023-04-28,Pipeline,Omitted
OPP-0001611,2023-05-05,Omitted,Omitted
OPP-0001612,2023-01-06,Pipeline,Omitted
OPP-0001612,2023-01-13,Pipeline,Pipeline
OPP-0001612,2023-01-20,Pipeline,Omitted
OPP-0001612,2023-01-27,Omitted,Omitted
OPP-0001612,2023-02-03,Best Case,Best Case
OPP-0001613,2023-01-06,Best Case,Best Case
OPP-0001613,2023-01-13,Best Case,Pipeline
OPP-0001613,2023-01-20,Best Case,Pipeline
OPP-0001613,2023-01-27,Best Case,Pipeline
OPP-0001613,2023-02-03,Commit,Commit
OPP-0001613,2023-02-10,Commit,Commit
OPP-0001613,2023-02-17,Commit,Commit
OPP-0001616,2023-01-13,Best Case,Best Case
OPP-0001616,2023-01-20,Commit,Pipeline
OPP-0001616,2023-01-27,Commit,Commit
OPP-0001622,2023-01-13,Pipeline,Pipeline
OPP-0001622,2023-01-20,Best Case,Pipeline
OPP-0001622,2023-01-27,Best Case,Best Case
OPP-0001623,2023-01-13,Pipeline,Omitted
OPP-0001623,2023-01-20,Pipeline,Omitted
OPP-0001623,2023-01-27,Pipeline,Pipeline
OPP-0001623,2023-02-03,Pipeline,Pipeline
OPP-0001623,2023-02-10,Pipeline,Pipeline
OPP-0001623,2023-02-17,Pipeline,Pipeline
OPP-0001627,2023-01-13,Best Case,Best Case
OPP-0001627,2023-01-20,Pipeline,Best Case
OPP-0001628,2023-01-13,Pipeline,Omitted
OPP-0001628,2023-01-20,Pipeline,Omitted
OPP-0001628,2023-01-27,Pipeline,Omitted
OPP-0001628,2023-02-03,Best Case,Pipeline
OPP-0001632,2023-01-13,Best Case,Best Case
OPP-0001632,2023-01-20,Pipeline,Omitted
OPP-0001632,2023-01-27,Pipeline,Omitted
OPP-0001632,2023-02-03,Pipeline,Omitted
OPP-0001632,2023-02-10,Best Case,Pipeline
OPP-0001632,2023-02-17,Best Case,Best Case
OPP-0001633,2023-01-13,Commit,Commit
OPP-0001633,2023-01-20,Commit,Commit
OPP-0001633,2023-01-27,Commit,Commit
OPP-0001633,2023-02-03,Commit,Commit
OPP-0001633,2023-02-10,Commit,Commit
OPP-0001633,2023-02-17,Commit,Commit
OPP-0001633,2023-02-24,Commit,Commit
OPP-0001633,2023-03-03,Commit,Commit
OPP-0001633,2023-03-10,Commit,Commit
OPP-0001633,2023-03-17,Commit,Commit
OPP-0001633,2023-03-24,Commit,Commit
OPP-0001634,2023-01-13,Pipeline,Pipeline
OPP-0001634,2023-01-20,Pipeline,Best Case
OPP-0001634,2023-01-27,Best Case,Best Case
OPP-0001634,2023-02-03,Best Case,Best Case
OPP-0001638,2023-01-13,Pipeline,Omitted
OPP-0001638,2023-01-20,Pipeline,Pipeline
OPP-0001638,2023-01-27,Pipeline,Pipeline
OPP-0001638,2023-02-03,Pipeline,Pipeline
OPP-0001639,2023-01-13,Pipeline,Pipeline
OPP-0001639,2023-01-20,Best Case,Best Case
OPP-0001647,2023-01-20,Pipeline,Pipeline
OPP-0001647,2023-01-27,Best Case,Best Case
OPP-0001648,2023-01-20,Omitted,Omitted
OPP-0001648,2023-01-27,Pipeline,Pipeline
OPP-0001648,2023-02-03,Pipeline,Omitted
OPP-0001648,2023-02-10,Pipeline,Omitted
OPP-0001648,2023-02-17,Best Case,Pipeline
OPP-0001651,2023-01-20,Commit,Commit
OPP-0001651,2023-01-27,Commit,Commit
OPP-0001652,2023-01-20,Pipeline,Omitted
OPP-0001652,2023-01-27,Pipeline,Pipeline
OPP-0001652,2023-02-03,Best Case,Best Case
OPP-0001652,2023-02-10,Best Case,Best Case
OPP-0001652,2023-02-17,Best Case,Pipeline
OPP-0001653,2023-01-20,Pipeline,Omitted
OPP-0001653,2023-01-27,Pipeline,Pipeline
OPP-0001653,2023-02-03,Pipeline,Omitted
OPP-0001653,2023-02-10,Pipeline,Omitted
OPP-0001653,2023-02-17,Pipeline,Pipeline
OPP-0001653,2023-02-24,Pipeline,Pipeline
OPP-0001653,2023-03-03,Pipeline,Pipeline
OPP-0001653,2023-03-10,Pipeline,Pipeline
OPP-0001653,2023-03-17,Pipeline,Pipeline
OPP-0001653,2023-03-24,Omitted,Pipeline
OPP-0001653,2023-03-31,Best Case,Best Case
OPP-0001653,2023-04-07,Pipeline,Pipeline
OPP-0001653,2023-04-14,Omitted,Omitted
OPP-0001653,2023-04-21,Omitted,Omitted
OPP-0001653,2023-04-28,Omitted,Omitted
OPP-0001653,2023-05-05,Omitted,Omitted
OPP-0001653,2023-05-12,Omitted,Omitted
OPP-0001653,2023-05-19,Omitted,Omitted
OPP-0001654,2023-01-20,Commit,Commit
OPP-0001654,2023-01-27,Commit,Commit
OPP-0001654,2023-02-03,Commit,Commit
OPP-0001654,2023-02-10,Commit,Commit
OPP-0001654,2023-02-17,Commit,Commit
OPP-0001654,2023-02-24,Commit,Commit
OPP-0001654,2023-03-03,Commit,Commit
OPP-0001654,2023-03-10,Commit,Commit
OPP-0001654,2023-03-17,Commit,Commit
OPP-0001654,2023-03-24,Commit,Commit
OPP-0001654,2023-03-31,Commit,Commit
OPP-0001657,2023-01-20,Commit,Commit
OPP-0001657,2023-01-27,Commit,Commit
OPP-0001657,2023-02-03,Commit,Commit
OPP-0001657,2023-02-10,Commit,Commit
OPP-0001657,2023-02-17,Commit,Commit
OPP-0001657,2023-02-24,Commit,Commit
OPP-0001658,2023-01-20,Pipeline,Pipeline
OPP-0001658,2023-01-27,Pipeline,Omitted
OPP-0001658,2023-02-03,Pipeline,Omitted
OPP-0001658,2023-02-10,Pipeline,Pipeline
OPP-0001658,2023-02-17,Pipeline,Pipeline
OPP-0001658,2023-02-24,Pipeline,Pipeline
OPP-0001658,2023-03-03,Best Case,Best Case
OPP-0001658,2023-03-10,Best Case,Best Case
OPP-0001658,2023-03-17,Best Case,Best Case
OPP-0001658,2023-03-24,Best Case,Best Case
OPP-0001658,2023-03-31,Pipeline,Pipeline
OPP-0001658,2023-04-07,Pipeline,Pipeline
OPP-0001662,2023-01-20,Best Case,Best Case
OPP-0001662,2023-01-27,Best Case,Best Case
OPP-0001662,2023-02-03,Commit,Commit
OPP-0001662,2023-02-10,Commit,Best Case
OPP-0001662,2023-02-17,Commit,Commit
OPP-0001662,2023-02-24,Commit,Commit
OPP-0001663,2023-01-20,Pipeline,Omitted
OPP-0001663,2023-01-27,Pipeline,Omitted
OPP-0001663,2023-02-03,Best Case,Pipeline
OPP-0001663,2023-02-10,Pipeline,Pipeline
OPP-0001664,2023-01-20,Best Case,Best Case
OPP-0001664,2023-01-27,Commit,Commit
OPP-0001664,2023-02-03,Best Case,Best Case
OPP-0001666,2023-01-20,Omitted,Omitted
OPP-0001666,2023-01-27,Pipeline,Omitted
OPP-0001666,2023-02-03,Pipeline,Omitted
OPP-0001666,2023-02-10,Best Case,Best Case
OPP-0001667,2023-01-20,Pipeline,Omitted
OPP-0001667,2023-01-27,Pipeline,Pipeline
OPP-0001667,2023-02-03,Best Case,Best Case
OPP-0001667,2023-02-10,Pipeline,Pipeline
OPP-0001667,2023-02-17,Best Case,Best Case
OPP-0001671,2023-01-27,Pipeline,Omitted
OPP-0001671,2023-02-03,Pipeline,Omitted
OPP-0001671,2023-02-10,Pipeline,Pipeline
OPP-0001671,2023-02-17,Pipeline,Pipeline
OPP-0001671,2023-02-24,Pipeline,Omitted
OPP-0001671,2023-03-03,Pipeline,Pipeline
OPP-0001671,2023-03-10,Pipeline,Pipeline
OPP-0001671,2023-03-17,Pipeline,Pipeline
OPP-0001671,2023-03-24,Pipeline,Omitted
OPP-0001671,2023-03-31,Pipeline,Omitted
OPP-0001671,2023-04-07,Pipeline,Pipeline
OPP-0001671,2023-04-14,Best Case,Best Case
OPP-0001671,2023-04-21,Commit,Commit
OPP-0001672,2023-01-27,Pipeline,Pipeline
OPP-0001672,2023-02-03,Pipeline,Pipeline
OPP-0001672,2023-02-10,Pipeline,Omitted
OPP-0001672,2023-02-17,Best Case,Best Case
OPP-0001676,2023-01-27,Pipeline,Omitted
OPP-0001676,2023-02-03,Pipeline,Pipeline
OPP-0001676,2023-02-10,Pipeline,Pipeline
OPP-0001676,2023-02-17,Pipeline,Pipeline
OPP-0001676,2023-02-24,Pipeline,Pipeline
OPP-0001676,2023-03-03,Best Case,Best Case
OPP-0001676,2023-03-10,Commit,Commit
OPP-0001676,2023-03-17,Commit,Commit
OPP-0001676,2023-03-24,Commit,Best Case
OPP-0001676,2023-03-31,Best Case,Best Case
OPP-0001676,2023-04-07,Best Case,Best Case
OPP-0001676,2023-04-14,Best Case,Best Case
OPP-0001677,2023-01-27,Omitted,Pipeline
OPP-0001677,2023-02-03,Omitted,Omitted
OPP-0001677,2023-02-10,Omitted,Omitted
OPP-0001677,2023-02-17,Pipeline,Pipeline
OPP-0001677,2023-02-24,Omitted,Pipeline
OPP-0001677,2023-03-03,Pipeline,Pipeline
OPP-0001677,2023-03-10,Pipeline,Pipeline
OPP-0001677,2023-03-17,Pipeline,Pipeline
OPP-0001677,2023-03-24,Pipeline,Pipeline
OPP-0001677,2023-03-31,Best Case,Commit
OPP-0001677,2023-04-07,Commit,Commit
OPP-0001681,2023-01-27,Pipeline,Pipeline
OPP-0001681,2023-02-03,Pipeline,Pipeline
OPP-0001681,2023-02-10,Pipeline,Pipeline
OPP-0001681,2023-02-17,Best Case,Best Case
OPP-0001681,2023-02-24,Best Case,Best Case
OPP-0001682,2023-01-27,Pipeline,Omitted
OPP-0001682,2023-02-03,Best Case,Best Case
OPP-0001682,2023-02-10,Commit,Commit
OPP-0001682,2023-02-17,Best Case,Best Case
OPP-0001683,2023-01-27,Pipeline,Omitted
OPP-0001683,2023-02-03,Pipeline,Best Case
OPP-0001683,2023-02-10,Best Case,Best Case
OPP-0001683,2023-02-17,Best Case,Best Case
OPP-0001683,2023-02-24,Pipeline,Pipeline
OPP-0001684,2023-01-27,Pipeline,Pipeline
OPP-0001684,2023-02-03,Pipeline,Pipeline
OPP-0001684,2023-02-10,Best Case,Best Case
OPP-0001684,2023-02-17,Pipeline,Pipeline
OPP-0001684,2023-02-24,Commit,Commit
OPP-0001684,2023-03-03,Pipeline,Best Case
OPP-0001690,2023-01-27,Commit,Best Case
OPP-0001690,2023-02-03,Commit,Commit
OPP-0001690,2023-02-10,Commit,Commit
OPP-0001690,2023-02-17,Commit,Commit
OPP-0001690,2023-02-24,Commit,Commit
OPP-0001691,2023-01-27,Pipeline,Pipeline
OPP-0001691,2023-02-03,Pipeline,Pipeline
OPP-0001691,2023-02-10,Best Case,Best Case
OPP-0001691,2023-02-17,Best Case,Best Case
OPP-0001691,2023-02-24,Best Case,Best Case
OPP-0001691,2023-03-03,Best Case,Best Case
OPP-0001697,2023-01-27,Pipeline,Omitted
OPP-0001697,2023-02-03,Pipeline,Pipeline
OPP-0001697,2023-02-10,Best Case,Best Case
OPP-0001706,2023-02-03,Best Case,Best Case
OPP-0001706,2023-02-10,Commit,Commit
OPP-0001706,2023-02-17,Commit,Commit
OPP-0001706,2023-02-24,Best Case,Best Case
OPP-0001706,2023-03-03,Pipeline,Best Case
OPP-0001706,2023-03-10,Best Case,Pipeline
OPP-0001708,2023-02-03,Omitted,Omitted
OPP-0001708,2023-02-10,Pipeline,Omitted
OPP-0001708,2023-02-17,Pipeline,Omitted
OPP-0001708,2023-02-24,Best Case,Pipeline
OPP-0001709,2023-02-03,Pipeline,Omitted
OPP-0001709,2023-02-10,Best Case,Pipeline
OPP-0001709,2023-02-17,Best Case,Pipeline
OPP-0001710,2023-02-03,Pipeline,Omitted
OPP-0001710,2023-02-10,Pipeline,Pipeline
OPP-0001710,2023-02-17,Pipeline,Omitted
OPP-0001710,2023-02-24,Pipeline,Omitted
OPP-0001710,2023-03-03,Pipeline,Pipeline
OPP-0001710,2023-03-10,Pipeline,Pipeline
OPP-0001711,2023-02-03,Pipeline,Pipeline
OPP-0001711,2023-02-10,Pipeline,Pipeline
OPP-0001711,2023-02-17,Pipeline,Pipeline
OPP-0001711,2023-02-24,Best Case,Pipeline
OPP-0001711,2023-03-03,Best Case,Best Case
OPP-0001711,2023-03-10,Best Case,Best Case
OPP-0001711,2023-03-17,Commit,Pipeline
OPP-0001711,2023-03-24,Best Case,Best Case
OPP-0001711,2023-03-31,Best Case,Best Case
OPP-0001711,2023-04-07,Best Case,Best Case
OPP-0001711,2023-04-14,Pipeline,Pipeline
OPP-0001711,2023-04-21,Pipeline,Pipeline
OPP-0001711,2023-04-28,Best Case,Best Case
OPP-0001711,2023-05-05,Omitted,Omitted
OPP-0001711,2023-05-12,Pipeline,Omitted
OPP-0001711,2023-05-19,Pipeline,Omitted
OPP-0001711,2023-05-26,Pipeline,Omitted
OPP-0001712,2023-02-03,Best Case,Pipeline
OPP-0001712,2023-02-10,Best Case,Omitted
OPP-0001712,2023-02-17,Commit,Best Case
OPP-0001712,2023-02-24,Commit,Commit
OPP-0001712,2023-03-03,Commit,Commit
OPP-0001713,2023-02-03,Pipeline,Pipeline
OPP-0001713,2023-02-10,Best Case,Best Case
OPP-0001713,2023-02-17,Best Case,Pipeline
OPP-0001713,2023-02-24,Best Case,Best Case
OPP-0001713,2023-03-03,Commit,Commit
OPP-0001714,2023-02-03,Omitted,Omitted
OPP-0001714,2023-02-10,Omitted,Omitted
OPP-0001714,2023-02-17,Omitted,Omitted
OPP-0001714,2023-02-24,Pipeline,Omitted
OPP-0001714,2023-03-03,Omitted,Omitted
OPP-0001714,2023-03-10,Pipeline,Omitted
OPP-0001714,2023-03-17,Omitted,Omitted
OPP-0001714,2023-03-24,Pipeline,Omitted
OPP-0001714,2023-03-31,Pipeline,Omitted
OPP-0001714,2023-04-07,Pipeline,Omitted
OPP-0001714,2023-04-14,Pipeline,Omitted
OPP-0001714,2023-04-21,Pipeline,Omitted
OPP-0001714,2023-04-28,Pipeline,Omitted
OPP-0001714,2023-05-05,Pipeline,Omitted
OPP-0001714,2023-05-12,Pipeline,Pipeline
OPP-0001714,2023-05-19,Omitted,Omitted
OPP-0001714,2023-05-26,Omitted,Omitted
OPP-0001714,2023-06-02,Omitted,Omitted
OPP-0001714,2023-06-09,Omitted,Omitted
OPP-0001720,2023-02-03,Pipeline,Pipeline
OPP-0001720,2023-02-10,Pipeline,Pipeline
OPP-0001720,2023-02-17,Pipeline,Pipeline
OPP-0001720,2023-02-24,Pipeline,Pipeline
OPP-0001720,2023-03-03,Best Case,Best Case
OPP-0001721,2023-02-03,Pipeline,Omitted
OPP-0001721,2023-02-10,Pipeline,Omitted
OPP-0001721,2023-02-17,Best Case,Best Case
OPP-0001721,2023-02-24,Pipeline,Pipeline
OPP-0001721,2023-03-03,Pipeline,Pipeline
OPP-0001721,2023-03-10,Best Case,Best Case
OPP-0001721,2023-03-17,Pipeline,Pipeline
OPP-0001721,2023-03-24,Pipeline,Pipeline
OPP-0001721,2023-03-31,Best Case,Pipeline
OPP-0001721,2023-04-07,Pipeline,Omitted
OPP-0001721,2023-04-14,Best Case,Best Case
OPP-0001721,2023-04-21,Pipeline,Pipeline
OPP-0001721,2023-04-28,Best Case,Best Case
OPP-0001721,2023-05-05,Best Case,Best Case
OPP-0001721,2023-05-12,Best Case,Best Case
OPP-0001721,2023-05-19,Best Case,Best Case
OPP-0001721,2023-05-26,Best Case,Best Case
OPP-0001721,2023-06-02,Pipeline,Omitted
OPP-0001723,2023-02-10,Pipeline,Omitted
OPP-0001723,2023-02-17,Pipeline,Pipeline
OPP-0001723,2023-02-24,Best Case,Best Case
OPP-0001724,2023-02-10,Pipeline,Pipeline
OPP-0001724,2023-02-17,Pipeline,Pipeline
OPP-0001725,2023-02-10,Pipeline,Pipeline
OPP-0001725,2023-02-17,Pipeline,Pipeline
OPP-0001725,2023-02-24,Pipeline,Pipeline
OPP-0001725,2023-03-03,Pipeline,Pipeline
OPP-0001725,2023-03-10,Best Case,Best Case
OPP-0001725,2023-03-17,Best Case,Best Case
OPP-0001725,2023-03-24,Pipeline,Best Case
OPP-0001725,2023-03-31,Best Case,Commit
OPP-0001725,2023-04-07,Commit,Best Case
OPP-0001725,2023-04-14,Commit,Commit
OPP-0001725,2023-04-21,Commit,Commit
OPP-0001725,2023-04-28,Commit,Commit
OPP-0001725,2023-05-05,Commit,Commit
OPP-0001725,2023-05-12,Commit,Commit
OPP-0001726,2023-02-10,Commit,Commit
OPP-0001726,2023-02-17,Commit,Commit
OPP-0001726,2023-02-24,Commit,Commit
OPP-0001726,2023-03-03,Commit,Commit
OPP-0001726,2023-03-10,Commit,Commit
OPP-0001726,2023-03-17,Commit,Commit
OPP-0001726,2023-03-24,Commit,Commit
OPP-0001726,2023-03-31,Commit,Commit
OPP-0001726,2023-04-07,Commit,Commit
OPP-0001726,2023-04-14,Commit,Commit
OPP-0001726,2023-04-21,Commit,Commit
OPP-0001726,2023-04-28,Commit,Commit
OPP-0001726,2023-05-05,Commit,Commit
OPP-0001726,2023-05-12,Commit,Commit
OPP-0001726,2023-05-19,Commit,Commit
OPP-0001726,2023-05-26,Commit,Commit
OPP-0001726,2023-06-02,Commit,Commit
OPP-0001726,2023-06-09,Commit,Commit
OPP-0001726,2023-06-16,Commit,Commit
OPP-0001726,2023-06-23,Commit,Commit
OPP-0001726,2023-06-30,Commit,Commit
OPP-0001727,2023-02-10,Commit,Commit
OPP-0001727,2023-02-17,Commit,Commit
OPP-0001727,2023-02-24,Commit,Commit
OPP-0001727,2023-03-03,Commit,Commit
OPP-0001727,2023-03-10,Commit,Commit
OPP-0001727,2023-03-17,Commit,Commit
OPP-0001727,2023-03-24,Commit,Commit
OPP-0001727,2023-03-31,Commit,Commit
OPP-0001727,2023-04-07,Commit,Best Case
OPP-0001728,2023-02-10,Best Case,Best Case
OPP-0001728,2023-02-17,Commit,Best Case
OPP-0001728,2023-02-24,Commit,Best Case
OPP-0001728,2023-03-03,Commit,Commit
OPP-0001728,2023-03-10,Commit,Commit
OPP-0001728,2023-03-17,Commit,Commit
OPP-0001728,2023-03-24,Commit,Commit
OPP-0001728,2023-03-31,Commit,Commit
OPP-0001728,2023-04-07,Commit,Commit
OPP-0001728,2023-04-14,Commit,Commit
OPP-0001728,2023-04-21,Commit,Commit
OPP-0001728,2023-04-28,Commit,Commit
OPP-0001730,2023-02-10,Pipeline,Pipeline
OPP-0001730,2023-02-17,Pipeline,Pipeline
OPP-0001730,2023-02-24,Pipeline,Omitted
OPP-0001730,2023-03-03,Best Case,Best Case
OPP-0001736,2023-02-10,Pipeline,Omitted
OPP-0001736,2023-02-17,Pipeline,Omitted
OPP-0001736,2023-02-24,Pipeline,Omitted
OPP-0001736,2023-03-03,Pipeline,Pipeline
OPP-0001737,2023-02-10,Pipeline,Pipeline
OPP-0001737,2023-02-17,Pipeline,Omitted
OPP-0001737,2023-02-24,Pipeline,Pipeline
OPP-0001737,2023-03-03,Omitted,Pipeline
OPP-0001737,2023-03-10,Omitted,Pipeline
OPP-0001737,2023-03-17,Omitted,Omitted
OPP-0001737,2023-03-24,Omitted,Pipeline
OPP-0001737,2023-03-31,Pipeline,Omitted
OPP-0001737,2023-04-07,Pipeline,Pipeline
OPP-0001737,2023-04-14,Pipeline,Pipeline
OPP-0001737,2023-04-21,Pipeline,Pipeline
OPP-0001737,2023-04-28,Pipeline,Pipeline
OPP-0001737,2023-05-05,Pipeline,Pipeline
OPP-0001737,2023-05-12,Pipeline,Pipeline
OPP-0001737,2023-05-19,Pipeline,Pipeline
OPP-0001737,2023-05-26,Pipeline,Pipeline
OPP-0001737,2023-06-02,Pipeline,Pipeline
OPP-0001737,2023-06-09,Pipeline,Omitted
OPP-0001737,2023-06-16,Omitted,Omitted
OPP-0001737,2023-06-23,Omitted,Omitted
OPP-0001737,2023-06-30,Omitted,Omitted
OPP-0001737,2023-07-07,Omitted,Omitted
OPP-0001738,2023-02-10,Commit,Commit
OPP-0001738,2023-02-17,Commit,Commit
OPP-0001738,2023-02-24,Commit,Commit
OPP-0001738,2023-03-03,Commit,Commit
OPP-0001738,2023-03-10,Commit,Commit
OPP-0001738,2023-03-17,Commit,Commit
OPP-0001738,2023-03-24,Commit,Commit
OPP-0001738,2023-03-31,Commit,Commit
OPP-0001738,2023-04-07,Commit,Commit
OPP-0001738,2023-04-14,Commit,Commit
OPP-0001742,2023-02-10,Commit,Commit
OPP-0001742,2023-02-17,Commit,Commit
OPP-0001742,2023-02-24,Commit,Commit
OPP-0001743,2023-02-10,Omitted,Omitted
OPP-0001743,2023-02-17,Pipeline,Omitted
OPP-0001743,2023-02-24,Pipeline,Pipeline
OPP-0001743,2023-03-03,Best Case,Best Case
OPP-0001743,2023-03-10,Pipeline,Pipeline
OPP-0001743,2023-03-17,Pipeline,Pipeline
OPP-0001743,2023-03-24,Pipeline,Pipeline
OPP-0001743,2023-03-31,Pipeline,Pipeline
OPP-0001743,2023-04-07,Omitted,Omitted
OPP-0001743,2023-04-14,Pipeline,Pipeline
OPP-0001743,2023-04-21,Pipeline,Pipeline
OPP-0001743,2023-04-28,Omitted,Omitted
OPP-0001745,2023-02-10,Best Case,Best Case
OPP-0001745,2023-02-17,Pipeline,Pipeline
OPP-0001745,2023-02-24,Pipeline,Pipeline
OPP-0001745,2023-03-03,Best Case,Omitted
OPP-0001745,2023-03-10,Best Case,Best Case
OPP-0001746,2023-02-10,Pipeline,Pipeline
OPP-0001746,2023-02-17,Pipeline,Pipeline
OPP-0001746,2023-02-24,Best Case,Best Case
OPP-0001746,2023-03-03,Pipeline,Pipeline
OPP-0001746,2023-03-10,Pipeline,Best Case
OPP-0001746,2023-03-17,Pipeline,Pipeline
OPP-0001746,2023-03-24,Pipeline,Best Case
OPP-0001746,2023-03-31,Pipeline,Pipeline
OPP-0001746,2023-04-07,Pipeline,Pipeline
OPP-0001746,2023-04-14,Pipeline,Pipeline
OPP-0001746,2023-04-21,Pipeline,Pipeline
OPP-0001746,2023-04-28,Pipeline,Pipeline
OPP-0001746,2023-05-05,Pipeline,Pipeline
OPP-0001746,2023-05-12,Pipeline,Pipeline
OPP-0001746,2023-05-19,Pipeline,Pipeline
OPP-0001746,2023-05-26,Pipeline,Pipeline
OPP-0001746,2023-06-02,Pipeline,Pipeline
OPP-0001746,2023-06-09,Omitted,Pipeline
OPP-0001746,2023-06-16,Pipeline,Omitted
OPP-0001746,2023-06-23,Pipeline,Pipeline
OPP-0001746,2023-06-30,Pipeline,Pipeline
OPP-0001746,2023-07-07,Best Case,Best Case
OPP-0001746,2023-07-14,Omitted,Omitted
OPP-0001746,2023-07-21,Pipeline,Omitted
OPP-0001746,2023-07-28,Omitted,Pipeline
OPP-0001746,2023-08-04,Pipeline,Pipeline
OPP-0001748,2023-02-10,Commit,Commit
OPP-0001748,2023-02-17,Commit,Commit
OPP-0001748,2023-02-24,Commit,Commit
OPP-0001748,2023-03-03,Commit,Commit
OPP-0001748,2023-03-10,Commit,Commit
OPP-0001748,2023-03-17,Commit,Commit
OPP-0001748,2023-03-24,Commit,Commit
OPP-0001755,2023-02-17,Pipeline,Omitted
OPP-0001755,2023-02-24,Pipeline,Pipeline
OPP-0001756,2023-02-17,Pipeline,Pipeline
OPP-0001756,2023-02-24,Pipeline,Pipeline
OPP-0001756,2023-03-03,Pipeline,Best Case
OPP-0001757,2023-02-17,Commit,Commit
OPP-0001757,2023-02-24,Commit,Commit
OPP-0001757,2023-03-03,Commit,Commit
OPP-0001757,2023-03-10,Commit,Commit
OPP-0001761,2023-02-17,Pipeline,Pipeline
OPP-0001761,2023-02-24,Omitted,Pipeline
OPP-0001761,2023-03-03,Pipeline,Omitted
OPP-0001761,2023-03-10,Pipeline,Pipeline
OPP-0001761,2023-03-17,Best Case,Best Case
OPP-0001761,2023-03-24,Pipeline,Pipeline
OPP-0001765,2023-02-17,Commit,Commit
OPP-0001765,2023-02-24,Best Case,Commit
OPP-0001765,2023-03-03,Commit,Commit
OPP-0001765,2023-03-10,Commit,Commit
OPP-0001765,2023-03-17,Commit,Commit
OPP-0001765,2023-03-24,Commit,Commit
OPP-0001765,2023-03-31,Best Case,Commit
OPP-0001765,2023-04-07,Best Case,Pipeline
OPP-0001765,2023-04-14,Best Case,Pipeline
OPP-0001765,2023-04-21,Commit,Best Case
OPP-0001765,2023-04-28,Commit,Best Case
OPP-0001766,2023-02-17,Commit,Commit
OPP-0001766,2023-02-24,Commit,Commit
OPP-0001766,2023-03-03,Commit,Commit
OPP-0001766,2023-03-10,Commit,Commit
OPP-0001766,2023-03-17,Commit,Commit
OPP-0001766,2023-03-24,Commit,Commit
OPP-0001766,2023-03-31,Commit,Commit
OPP-0001766,2023-04-07,Commit,Commit
OPP-0001766,2023-04-14,Commit,Commit
OPP-0001766,2023-04-21,Commit,Commit
OPP-0001766,2023-04-28,Commit,Commit
OPP-0001769,2023-02-17,Omitted,Omitted
OPP-0001769,2023-02-24,Best Case,Best Case
OPP-0001770,2023-02-17,Best Case,Best Case
OPP-0001770,2023-02-24,Best Case,Best Case
OPP-0001770,2023-03-03,Best Case,Pipeline
OPP-0001770,2023-03-10,Best Case,Best Case
OPP-0001773,2023-02-17,Commit,Commit
OPP-0001773,2023-02-24,Commit,Commit
OPP-0001773,2023-03-03,Commit,Commit
OPP-0001773,2023-03-10,Commit,Commit
OPP-0001773,2023-03-17,Commit,Commit
OPP-0001773,2023-03-24,Commit,Commit
OPP-0001773,2023-03-31,Commit,Commit
OPP-0001774,2023-02-17,Omitted,Pipeline
OPP-0001774,2023-02-24,Pipeline,Pipeline
OPP-0001774,2023-03-03,Pipeline,Pipeline
OPP-0001774,2023-03-10,Pipeline,Pipeline
OPP-0001774,2023-03-17,Pipeline,Pipeline
OPP-0001774,2023-03-24,Pipeline,Pipeline
OPP-0001774,2023-03-31,Pipeline,Pipeline
OPP-0001774,2023-04-07,Pipeline,Pipeline
OPP-0001774,2023-04-14,Pipeline,Pipeline
OPP-0001774,2023-04-21,Best Case,Best Case
OPP-0001774,2023-04-28,Pipeline,Pipeline
OPP-0001774,2023-05-05,Omitted,Omitted
OPP-0001774,2023-05-12,Omitted,Omitted
OPP-0001774,2023-05-19,Omitted,Omitted
OPP-0001775,2023-02-17,Pipeline,Pipeline
OPP-0001775,2023-02-24,Best Case,Best Case
OPP-0001775,2023-03-03,Best Case,Best Case
OPP-0001777,2023-02-17,Commit,Commit
OPP-0001777,2023-02-24,Commit,Commit
OPP-0001777,2023-03-03,Commit,Commit
OPP-0001777,2023-03-10,Commit,Commit
OPP-0001777,2023-03-17,Commit,Commit
OPP-0001777,2023-03-24,Commit,Commit
OPP-0001777,2023-03-31,Commit,Commit
OPP-0001778,2023-02-17,Pipeline,Pipeline
OPP-0001778,2023-02-24,Pipeline,Pipeline
OPP-0001778,2023-03-03,Pipeline,Pipeline
OPP-0001778,2023-03-10,Omitted,Pipeline
OPP-0001778,2023-03-17,Pipeline,Pipeline
OPP-0001778,2023-03-24,Best Case,Best Case
OPP-0001784,2023-02-24,Pipeline,Omitted
OPP-0001784,2023-03-03,Pipeline,Omitted
OPP-0001784,2023-03-10,Pipeline,Pipeline
OPP-0001793,2023-02-24,Best Case,Best Case
OPP-0001793,2023-03-03,Best Case,Best Case
OPP-0001794,2023-02-24,Pipeline,Pipeline
OPP-0001794,2023-03-03,Pipeline,Pipeline
OPP-0001794,2023-03-10,Best Case,Pipeline
OPP-0001794,2023-03-17,Best Case,Best Case
OPP-0001794,2023-03-24,Best Case,Best Case
OPP-0001794,2023-03-31,Pipeline,Pipeline
OPP-0001795,2023-02-24,Commit,Commit
OPP-0001795,2023-03-03,Commit,Commit
OPP-0001795,2023-03-10,Commit,Commit
OPP-0001795,2023-03-17,Commit,Commit
OPP-0001795,2023-03-24,Commit,Commit
OPP-0001795,2023-03-31,Commit,Commit
OPP-0001795,2023-04-07,Commit,Commit
OPP-0001795,2023-04-14,Commit,Commit
OPP-0001795,2023-04-21,Commit,Commit
OPP-0001795,2023-04-28,Commit,Commit
OPP-0001800,2023-02-24,Best Case,Best Case
OPP-0001800,2023-03-03,Pipeline,Pipeline
OPP-0001800,2023-03-10,Pipeline,Pipeline
OPP-0001804,2023-02-24,Pipeline,Pipeline
OPP-0001804,2023-03-03,Commit,Pipeline
OPP-0001810,2023-02-24,Pipeline,Pipeline
OPP-0001810,2023-03-03,Omitted,Pipeline
OPP-0001810,2023-03-10,Pipeline,Omitted
OPP-0001810,2023-03-17,Pipeline,Pipeline
OPP-0001815,2023-03-03,Commit,Commit
OPP-0001815,2023-03-10,Commit,Commit
OPP-0001816,2023-03-03,Omitted,Omitted
OPP-0001816,2023-03-10,Pipeline,Omitted
OPP-0001816,2023-03-17,Omitted,Pipeline
OPP-0001816,2023-03-24,Best Case,Omitted
OPP-0001818,2023-03-03,Commit,Commit
OPP-0001818,2023-03-10,Commit,Commit
OPP-0001818,2023-03-17,Commit,Commit
OPP-0001818,2023-03-24,Commit,Commit
OPP-0001818,2023-03-31,Commit,Commit
OPP-0001819,2023-03-03,Omitted,Omitted
OPP-0001819,2023-03-10,Pipeline,Omitted
OPP-0001819,2023-03-17,Pipeline,Omitted
OPP-0001819,2023-03-24,Omitted,Omitted
OPP-0001819,2023-03-31,Pipeline,Pipeline
OPP-0001820,2023-03-03,Pipeline,Omitted
OPP-0001820,2023-03-10,Pipeline,Omitted
OPP-0001820,2023-03-17,Omitted,Omitted
OPP-0001820,2023-03-24,Omitted,Omitted
OPP-0001820,2023-03-31,Pipeline,Omitted
OPP-0001820,2023-04-07,Best Case,Pipeline
OPP-0001821,2023-03-03,Pipeline,Pipeline
OPP-0001821,2023-03-10,Pipeline,Pipeline
OPP-0001821,2023-03-17,Pipeline,Omitted
OPP-0001821,2023-03-24,Best Case,Best Case
OPP-0001821,2023-03-31,Best Case,Best Case
OPP-0001821,2023-04-07,Pipeline,Pipeline
OPP-0001826,2023-03-03,Omitted,Omitted
OPP-0001826,2023-03-10,Pipeline,Pipeline
OPP-0001826,2023-03-17,Pipeline,Pipeline
OPP-0001826,2023-03-24,Omitted,Pipeline
OPP-0001827,2023-03-03,Omitted,Omitted
OPP-0001827,2023-03-10,Best Case,Best Case
OPP-0001827,2023-03-17,Pipeline,Pipeline
OPP-0001828,2023-03-03,Pipeline,Omitted
OPP-0001828,2023-03-10,Best Case,Best Case
OPP-0001829,2023-03-03,Pipeline,Omitted
OPP-0001829,2023-03-10,Pipeline,Pipeline
OPP-0001829,2023-03-17,Pipeline,Pipeline
OPP-0001829,2023-03-24,Pipeline,Pipeline
OPP-0001829,2023-03-31,Best Case,Best Case
OPP-0001829,2023-04-07,Pipeline,Pipeline
OPP-0001829,2023-04-14,Pipeline,Pipeline
OPP-0001829,2023-04-21,Pipeline,Omitted
OPP-0001829,2023-04-28,Pipeline,Pipeline
OPP-0001829,2023-05-05,Pipeline,Pipeline
OPP-0001829,2023-05-12,Pipeline,Omitted
OPP-0001829,2023-05-19,Pipeline,Omitted
OPP-0001829,2023-05-26,Omitted,Omitted
OPP-0001829,2023-06-02,Pipeline,Omitted
OPP-0001829,2023-06-09,Omitted,Omitted
OPP-0001829,2023-06-16,Omitted,Omitted
OPP-0001829,2023-06-23,Omitted,Omitted
OPP-0001829,2023-06-30,Omitted,Omitted
OPP-0001829,2023-07-07,Pipeline,Omitted
OPP-0001829,2023-07-14,Pipeline,Omitted
OPP-0001829,2023-07-21,Pipeline,Omitted
OPP-0001829,2023-07-28,Pipeline,Omitted
OPP-0001829,2023-08-04,Pipeline,Omitted
OPP-0001830,2023-03-03,Commit,Commit
OPP-0001830,2023-03-10,Commit,Commit
OPP-0001830,2023-03-17,Commit,Commit
OPP-0001830,2023-03-24,Commit,Commit
OPP-0001830,2023-03-31,Commit,Commit
OPP-0001831,2023-03-03,Pipeline,Omitted
OPP-0001831,2023-03-10,Best Case,Best Case
OPP-0001831,2023-03-17,Pipeline,Pipeline
OPP-0001832,2023-03-03,Omitted,Omitted
OPP-0001832,2023-03-10,Pipeline,Pipeline
OPP-0001832,2023-03-17,Pipeline,Pipeline
OPP-0001834,2023-03-03,Pipeline,Omitted
OPP-0001834,2023-03-10,Pipeline,Omitted
OPP-0001837,2023-03-03,Pipeline,Pipeline
OPP-0001837,2023-03-10,Pipeline,Pipeline
OPP-0001837,2023-03-17,Pipeline,Pipeline
OPP-0001837,2023-03-24,Best Case,Pipeline
OPP-0001837,2023-03-31,Best Case,Best Case
OPP-0001838,2023-03-03,Best Case,Omitted
OPP-0001838,2023-03-10,Best Case,Best Case
OPP-0001838,2023-03-17,Best Case,Best Case
OPP-0001838,2023-03-24,Commit,Commit
OPP-0001843,2023-03-03,Omitted,Omitted
OPP-0001843,2023-03-10,Omitted,Omitted
OPP-0001843,2023-03-17,Omitted,Omitted
OPP-0001843,2023-03-24,Omitted,Omitted
OPP-0001843,2023-03-31,Omitted,Omitted
OPP-0001843,2023-04-07,Omitted,Omitted
OPP-0001843,2023-04-14,Omitted,Omitted
OPP-0001843,2023-04-21,Omitted,Omitted
OPP-0001843,2023-04-28,Omitted,Omitted
OPP-0001843,2023-05-05,Omitted,Omitted
OPP-0001843,2023-05-12,Omitted,Omitted
OPP-0001843,2023-05-19,Omitted,Omitted
OPP-0001843,2023-05-26,Omitted,Omitted
OPP-0001843,2023-06-02,Omitted,Omitted
OPP-0001843,2023-06-09,Omitted,Omitted
OPP-0001843,2023-06-16,Pipeline,Omitted
OPP-0001848,2023-03-10,Best Case,Pipeline
OPP-0001848,2023-03-17,Omitted,Pipeline
OPP-0001848,2023-03-24,Pipeline,Pipeline
OPP-0001848,2023-03-31,Best Case,Best Case
OPP-0001849,2023-03-10,Commit,Commit
OPP-0001849,2023-03-17,Commit,Commit
OPP-0001849,2023-03-24,Commit,Commit
OPP-0001849,2023-03-31,Commit,Commit
OPP-0001849,2023-04-07,Commit,Commit
OPP-0001849,2023-04-14,Best Case,Best Case
OPP-0001849,2023-04-21,Commit,Commit
OPP-0001849,2023-04-28,Commit,Commit
OPP-0001849,2023-05-05,Commit,Commit
OPP-0001859,2023-03-10,Pipeline,Omitted
OPP-0001859,2023-03-17,Pipeline,Pipeline
OPP-0001859,2023-03-24,Pipeline,Omitted
OPP-0001859,2023-03-31,Pipeline,Omitted
OPP-0001859,2023-04-07,Pipeline,Pipeline
OPP-0001859,2023-04-14,Best Case,Best Case
OPP-0001860,2023-03-10,Pipeline,Omitted
OPP-0001860,2023-03-17,Pipeline,Pipeline
OPP-0001860,2023-03-24,Best Case,Pipeline
OPP-0001861,2023-03-10,Pipeline,Omitted
OPP-0001861,2023-03-17,Omitted,Omitted
OPP-0001861,2023-03-24,Omitted,Omitted
OPP-0001861,2023-03-31,Omitted,Omitted
OPP-0001861,2023-04-07,Pipeline,Omitted
OPP-0001861,2023-04-14,Pipeline,Omitted
OPP-0001861,2023-04-21,Pipeline,Pipeline
OPP-0001861,2023-04-28,Pipeline,Omitted
OPP-0001861,2023-05-05,Pipeline,Omitted
OPP-0001861,2023-05-12,Pipeline,Omitted
OPP-0001861,2023-05-19,Omitted,Omitted
OPP-0001863,2023-03-10,Omitted,Omitted
OPP-0001863,2023-03-17,Pipeline,Omitted
OPP-0001863,2023-03-24,Pipeline,Omitted
OPP-0001863,2023-03-31,Omitted,Omitted
OPP-0001863,2023-04-07,Best Case,Best Case
OPP-0001864,2023-03-10,Pipeline,Pipeline
OPP-0001864,2023-03-17,Best Case,Pipeline
OPP-0001864,2023-03-24,Pipeline,Pipeline
OPP-0001864,2023-03-31,Pipeline,Pipeline
OPP-0001864,2023-04-07,Pipeline,Pipeline
OPP-0001864,2023-04-14,Best Case,Best Case
OPP-0001864,2023-04-21,Best Case,Best Case
OPP-0001864,2023-04-28,Omitted,Omitted
OPP-0001864,2023-05-05,Omitted,Pipeline
OPP-0001864,2023-05-12,Pipeline,Pipeline
OPP-0001864,2023-05-19,Omitted,Omitted
OPP-0001864,2023-05-26,Pipeline,Pipeline
OPP-0001864,2023-06-02,Pipeline,Omitted
OPP-0001864,2023-06-09,Pipeline,Pipeline
OPP-0001868,2023-03-10,Pipeline,Pipeline
OPP-0001868,2023-03-17,Pipeline,Best Case
OPP-0001868,2023-03-24,Best Case,Best Case
OPP-0001868,2023-03-31,Best Case,Best Case
OPP-0001868,2023-04-07,Best Case,Best Case
OPP-0001869,2023-03-10,Pipeline,Omitted
OPP-0001869,2023-03-17,Pipeline,Pipeline
OPP-0001869,2023-03-24,Pipeline,Pipeline
OPP-0001869,2023-03-31,Omitted,Pipeline
OPP-0001869,2023-04-07,Pipeline,Pipeline
OPP-0001869,2023-04-14,Pipeline,Pipeline
OPP-0001869,2023-04-21,Pipeline,Pipeline
OPP-0001869,2023-04-28,Pipeline,Pipeline
OPP-0001869,2023-05-05,Pipeline,Pipeline
OPP-0001869,2023-05-12,Omitted,Pipeline
OPP-0001869,2023-05-19,Pipeline,Pipeline
OPP-0001869,2023-05-26,Omitted,Omitted
OPP-0001870,2023-03-10,Omitted,Omitted
OPP-0001870,2023-03-17,Omitted,Omitted
OPP-0001870,2023-03-24,Omitted,Omitted
OPP-0001870,2023-03-31,Omitted,Omitted
OPP-0001870,2023-04-07,Omitted,Omitted
OPP-0001870,2023-04-14,Pipeline,Omitted
OPP-0001870,2023-04-21,Omitted,Omitted
OPP-0001870,2023-04-28,Pipeline,Omitted
OPP-0001870,2023-05-05,Omitted,Omitted
OPP-0001870,2023-05-12,Pipeline,Omitted
OPP-0001870,2023-05-19,Omitted,Omitted
OPP-0001870,2023-05-26,Omitted,Omitted
OPP-0001870,2023-06-02,Omitted,Omitted
OPP-0001870,2023-06-09,Omitted,Omitted
OPP-0001870,2023-06-16,Omitted,Omitted
OPP-0001870,2023-06-23,Omitted,Omitted
OPP-0001870,2023-06-30,Pipeline,Omitted
OPP-0001870,2023-07-07,Omitted,Omitted
OPP-0001873,2023-03-10,Omitted,Omitted
OPP-0001873,2023-03-17,Pipeline,Omitted
OPP-0001873,2023-03-24,Pipeline,Omitted
OPP-0001873,2023-03-31,Pipeline,Pipeline
OPP-0001873,2023-04-07,Pipeline,Omitted
OPP-0001873,2023-04-14,Pipeline,Omitted
OPP-0001873,2023-04-21,Pipeline,Omitted
OPP-0001873,2023-04-28,Best Case,Best Case
OPP-0001873,2023-05-05,Pipeline,Omitted
OPP-0001873,2023-05-12,Pipeline,Omitted
OPP-0001873,2023-05-19,Pipeline,Omitted
OPP-0001873,2023-05-26,Pipeline,Pipeline
OPP-0001873,2023-06-02,Pipeline,Pipeline
OPP-0001873,2023-06-09,Pipeline,Pipeline
OPP-0001873,2023-06-16,Pipeline,Pipeline
OPP-0001873,2023-06-23,Best Case,Best Case
OPP-0001873,2023-06-30,Pipeline,Pipeline
OPP-0001873,2023-07-07,Best Case,Omitted
OPP-0001873,2023-07-14,Pipeline,Omitted
OPP-0001873,2023-07-21,Omitted,Omitted
OPP-0001873,2023-07-28,Pipeline,Omitted
OPP-0001873,2023-08-04,Pipeline,Omitted
OPP-0001873,2023-08-11,Pipeline,Omitted
OPP-0001873,2023-08-18,Best Case,Best Case
OPP-0001874,2023-03-10,Commit,Best Case
OPP-0001874,2023-03-17,Commit,Commit
OPP-0001874,2023-03-24,Commit,Commit
OPP-0001874,2023-03-31,Commit,Best Case
OPP-0001874,2023-04-07,Commit,Commit
OPP-0001874,2023-04-14,Commit,Best Case
OPP-0001874,2023-04-21,Commit,Commit
OPP-0001874,2023-04-28,Commit,Best Case
OPP-0001874,2023-05-05,Commit,Best Case
OPP-0001874,2023-05-12,Commit,Best Case
OPP-0001874,2023-05-19,Commit,Commit
OPP-0001874,2023-05-26,Commit,Commit
OPP-0001878,2023-03-10,Commit,Commit
OPP-0001878,2023-03-17,Commit,Commit
OPP-0001878,2023-03-24,Commit,Commit
OPP-0001878,2023-03-31,Commit,Commit
OPP-0001879,2023-03-10,Pipeline,Pipeline
OPP-0001879,2023-03-17,Best Case,Best Case
OPP-0001879,2023-03-24,Pipeline,Pipeline
OPP-0001879,2023-03-31,Best Case,Pipeline
OPP-0001879,2023-04-07,Best Case,Best Case
OPP-0001879,2023-04-14,Best Case,Best Case
OPP-0001880,2023-03-10,Pipeline,Omitted
OPP-0001880,2023-03-17,Pipeline,Pipeline
OPP-0001880,2023-03-24,Pipeline,Pipeline
OPP-0001880,2023-03-31,Pipeline,Pipeline
OPP-0001880,2023-04-07,Pipeline,Pipeline
OPP-0001880,2023-04-14,Pipeline,Omitted
OPP-0001884,2023-03-17,Pipeline,Pipeline
OPP-0001884,2023-03-24,Best Case,Best Case
OPP-0001884,2023-03-31,Best Case,Best Case
OPP-0001885,2023-03-17,Omitted,Pipeline
OPP-0001885,2023-03-24,Best Case,Best Case
OPP-0001886,2023-03-17,Pipeline,Omitted
OPP-0001886,2023-03-24,Omitted,Omitted
OPP-0001886,2023-03-31,Best Case,Pipeline
OPP-0001886,2023-04-07,Best Case,Best Case
OPP-0001887,2023-03-17,Omitted,Omitted
OPP-0001887,2023-03-24,Pipeline,Omitted
OPP-0001887,2023-03-31,Pipeline,Omitted
OPP-0001887,2023-04-07,Pipeline,Pipeline
OPP-0001887,2023-04-14,Omitted,Omitted
OPP-0001887,2023-04-21,Omitted,Pipeline
OPP-0001887,2023-04-28,Omitted,Omitted
OPP-0001887,2023-05-05,Omitted,Omitted
OPP-0001887,2023-05-12,Omitted,Omitted
OPP-0001887,2023-05-19,Omitted,Omitted
OPP-0001890,2023-03-17,Commit,Best Case
OPP-0001890,2023-03-24,Commit,Best Case
OPP-0001890,2023-03-31,Commit,Best Case
OPP-0001891,2023-03-17,Omitted,Omitted
OPP-0001891,2023-03-24,Pipeline,Omitted
OPP-0001891,2023-03-31,Pipeline,Pipeline
OPP-0001891,2023-04-07,Best Case,Best Case
OPP-0001892,2023-03-17,Commit,Commit
OPP-0001892,2023-03-24,Commit,Commit
OPP-0001892,2023-03-31,Commit,Commit
OPP-0001892,2023-04-07,Commit,Commit
OPP-0001895,2023-03-17,Omitted,Omitted
OPP-0001895,2023-03-24,Pipeline,Omitted
OPP-0001895,2023-03-31,Omitted,Omitted
OPP-0001895,2023-04-07,Pipeline,Omitted
OPP-0001895,2023-04-14,Pipeline,Pipeline
OPP-0001895,2023-04-21,Best Case,Best Case
OPP-0001896,2023-03-17,Pipeline,Pipeline
OPP-0001896,2023-03-24,Pipeline,Pipeline
OPP-0001896,2023-03-31,Best Case,Best Case
OPP-0001896,2023-04-07,Best Case,Best Case
OPP-0001896,2023-04-14,Best Case,Best Case
OPP-0001896,2023-04-21,Best Case,Pipeline
OPP-0001897,2023-03-17,Commit,Commit
OPP-0001897,2023-03-24,Commit,Commit
OPP-0001897,2023-03-31,Commit,Commit
OPP-0001897,2023-04-07,Commit,Commit
OPP-0001897,2023-04-14,Best Case,Commit
OPP-0001897,2023-04-21,Best Case,Commit
OPP-0001897,2023-04-28,Best Case,Commit
OPP-0001897,2023-05-05,Best Case,Pipeline
OPP-0001897,2023-05-12,Commit,Best Case
OPP-0001897,2023-05-19,Commit,Commit
OPP-0001897,2023-05-26,Commit,Best Case
OPP-0001898,2023-03-17,Commit,Commit
OPP-0001898,2023-03-24,Commit,Commit
OPP-0001898,2023-03-31,Commit,Commit
OPP-0001898,2023-04-07,Commit,Commit
OPP-0001898,2023-04-14,Commit,Commit
OPP-0001898,2023-04-21,Commit,Commit
OPP-0001908,2023-03-17,Commit,Commit
OPP-0001908,2023-03-24,Commit,Commit
OPP-0001908,2023-03-31,Commit,Commit
OPP-0001909,2023-03-17,Pipeline,Pipeline
OPP-0001909,2023-03-24,Pipeline,Pipeline
OPP-0001909,2023-03-31,Pipeline,Best Case
OPP-0001909,2023-04-07,Best Case,Best Case
OPP-0001909,2023-04-14,Best Case,Best Case
OPP-0001911,2023-03-17,Omitted,Omitted
OPP-0001911,2023-03-24,Omitted,Omitted
OPP-0001911,2023-03-31,Pipeline,Pipeline
OPP-0001911,2023-04-07,Pipeline,Pipeline
OPP-0001911,2023-04-14,Pipeline,Omitted
OPP-0001911,2023-04-21,Pipeline,Omitted
OPP-0001912,2023-03-17,Pipeline,Pipeline
OPP-0001912,2023-03-24,Pipeline,Pipeline
OPP-0001912,2023-03-31,Best Case,Best Case
OPP-0001913,2023-03-17,Omitted,Omitted
OPP-0001913,2023-03-24,Pipeline,Pipeline
OPP-0001913,2023-03-31,Pipeline,Pipeline
OPP-0001913,2023-04-07,Pipeline,Pipeline
OPP-0001913,2023-04-14,Pipeline,Omitted
OPP-0001913,2023-04-21,Pipeline,Pipeline
OPP-0001913,2023-04-28,Omitted,Pipeline
OPP-0001913,2023-05-05,Pipeline,Omitted
OPP-0001913,2023-05-12,Omitted,Pipeline
OPP-0001913,2023-05-19,Omitted,Omitted
OPP-0001913,2023-05-26,Omitted,Omitted
OPP-0001913,2023-06-02,Pipeline,Omitted
OPP-0001913,2023-06-09,Omitted,Omitted
OPP-0001913,2023-06-16,Omitted,Omitted
OPP-0001913,2023-06-23,Omitted,Pipeline
OPP-0001913,2023-06-30,Omitted,Pipeline
OPP-0001913,2023-07-07,Pipeline,Best Case
OPP-0001913,2023-07-14,Best Case,Best Case
OPP-0001913,2023-07-21,Best Case,Best Case
OPP-0001913,2023-07-28,Pipeline,Best Case
OPP-0001913,2023-08-04,Best Case,Best Case
OPP-0001913,2023-08-11,Pipeline,Best Case
OPP-0001917,2023-03-17,Pipeline,Omitted
OPP-0001917,2023-03-24,Best Case,Best Case
OPP-0001917,2023-03-31,Commit,Commit
OPP-0001918,2023-03-17,Pipeline,Omitted
OPP-0001918,2023-03-24,Omitted,Pipeline
OPP-0001918,2023-03-31,Omitted,Omitted
OPP-0001918,2023-04-07,Omitted,Omitted
OPP-0001918,2023-04-14,Omitted,Pipeline
OPP-0001918,2023-04-21,Pipeline,Pipeline
OPP-0001918,2023-04-28,Pipeline,Pipeline
OPP-0001918,2023-05-05,Pipeline,Pipeline
OPP-0001918,2023-05-12,Pipeline,Pipeline
OPP-0001918,2023-05-19,Pipeline,Pipeline
OPP-0001918,2023-05-26,Best Case,Best Case
OPP-0001918,2023-06-02,Pipeline,Pipeline
OPP-0001918,2023-06-09,Pipeline,Pipeline
OPP-0001918,2023-06-16,Pipeline,Pipeline
OPP-0001918,2023-06-23,Omitted,Omitted
OPP-0001918,2023-06-30,Omitted,Omitted
OPP-0001918,2023-07-07,Pipeline,Omitted
OPP-0001918,2023-07-14,Omitted,Omitted
OPP-0001918,2023-07-21,Pipeline,Omitted
OPP-0001918,2023-07-28,Omitted,Pipeline
OPP-0001918,2023-08-04,Pipeline,Omitted
OPP-0001918,2023-08-11,Omitted,Omitted
OPP-0001919,2023-03-17,Commit,Commit
OPP-0001919,2023-03-24,Commit,Commit
OPP-0001919,2023-03-31,Commit,Commit
OPP-0001919,2023-04-07,Commit,Commit
OPP-0001919,2023-04-14,Commit,Commit
OPP-0001919,2023-04-21,Commit,Commit
OPP-0001919,2023-04-28,Commit,Commit
OPP-0001919,2023-05-05,Commit,Commit
OPP-0001919,2023-05-12,Commit,Commit
OPP-0001919,2023-05-19,Commit,Commit
OPP-0001919,2023-05-26,Commit,Commit
OPP-0001925,2023-03-24,Omitted,Omitted
OPP-0001925,2023-03-31,Omitted,Omitted
OPP-0001925,2023-04-07,Omitted,Omitted
OPP-0001925,2023-04-14,Omitted,Omitted
OPP-0001925,2023-04-21,Omitted,Omitted
OPP-0001925,2023-04-28,Omitted,Omitted
OPP-0001925,2023-05-05,Omitted,Omitted
OPP-0001925,2023-05-12,Omitted,Omitted
OPP-0001925,2023-05-19,Pipeline,Omitted
OPP-0001925,2023-05-26,Omitted,Omitted
OPP-0001925,2023-06-02,Omitted,Omitted
OPP-0001925,2023-06-09,Omitted,Omitted
OPP-0001925,2023-06-16,Omitted,Omitted
OPP-0001925,2023-06-23,Omitted,Omitted
OPP-0001925,2023-06-30,Omitted,Omitted
OPP-0001925,2023-07-07,Omitted,Omitted
OPP-0001926,2023-03-24,Pipeline,Omitted
OPP-0001926,2023-03-31,Pipeline,Omitted
OPP-0001927,2023-03-24,Pipeline,Pipeline
OPP-0001927,2023-03-31,Best Case,Best Case
OPP-0001927,2023-04-07,Best Case,Pipeline
OPP-0001927,2023-04-14,Pipeline,Pipeline
OPP-0001927,2023-04-21,Best Case,Best Case
OPP-0001927,2023-04-28,Best Case,Best Case
OPP-0001933,2023-03-24,Commit,Best Case
OPP-0001933,2023-03-31,Commit,Best Case
OPP-0001933,2023-04-07,Commit,Best Case
OPP-0001933,2023-04-14,Commit,Commit
OPP-0001933,2023-04-21,Commit,Commit
OPP-0001933,2023-04-28,Commit,Best Case
OPP-0001934,2023-03-24,Omitted,Omitted
OPP-0001934,2023-03-31,Omitted,Omitted
OPP-0001934,2023-04-07,Omitted,Omitted
OPP-0001934,2023-04-14,Pipeline,Omitted
OPP-0001934,2023-04-21,Pipeline,Omitted
OPP-0001937,2023-03-24,Commit,Commit
OPP-0001937,2023-03-31,Commit,Commit
OPP-0001937,2023-04-07,Commit,Commit
OPP-0001937,2023-04-14,Commit,Commit
OPP-0001937,2023-04-21,Commit,Commit
OPP-0001937,2023-04-28,Commit,Commit
OPP-0001938,2023-03-24,Omitted,Pipeline
OPP-0001938,2023-03-31,Pipeline,Omitted
OPP-0001938,2023-04-07,Pipeline,Omitted
OPP-0001938,2023-04-14,Pipeline,Omitted
OPP-0001938,2023-04-21,Pipeline,Pipeline
OPP-0001938,2023-04-28,Pipeline,Pipeline
OPP-0001938,2023-05-05,Pipeline,Pipeline
OPP-0001938,2023-05-12,Pipeline,Pipeline
OPP-0001938,2023-05-19,Pipeline,Pipeline
OPP-0001938,2023-05-26,Omitted,Pipeline
OPP-0001938,2023-06-02,Omitted,Pipeline
OPP-0001938,2023-06-09,Pipeline,Omitted
OPP-0001938,2023-06-16,Omitted,Omitted
OPP-0001938,2023-06-23,Omitted,Omitted
OPP-0001938,2023-06-30,Omitted,Omitted
OPP-0001938,2023-07-07,Pipeline,Pipeline
OPP-0001938,2023-07-14,Pipeline,Pipeline
OPP-0001938,2023-07-21,Pipeline,Pipeline
OPP-0001938,2023-07-28,Pipeline,Pipeline
OPP-0001938,2023-08-04,Pipeline,Pipeline
OPP-0001938,2023-08-11,Omitted,Omitted
OPP-0001938,2023-08-18,Omitted,Omitted
OPP-0001938,2023-08-25,Omitted,Pipeline
OPP-0001938,2023-09-01,Omitted,Omitted
OPP-0001938,2023-09-08,Omitted,Omitted
OPP-0001940,2023-03-24,Pipeline,Pipeline
OPP-0001940,2023-03-31,Pipeline,Pipeline
OPP-0001940,2023-04-07,Pipeline,Best Case
OPP-0001940,2023-04-14,Pipeline,Pipeline
OPP-0001940,2023-04-21,Best Case,Best Case
OPP-0001943,2023-03-24,Commit,Commit
OPP-0001943,2023-03-31,Best Case,Commit
OPP-0001943,2023-04-07,Commit,Commit
OPP-0001943,2023-04-14,Commit,Commit
OPP-0001943,2023-04-21,Commit,Commit
OPP-0001943,2023-04-28,Commit,Commit
OPP-0001943,2023-05-05,Best Case,Best Case
OPP-0001943,2023-05-12,Best Case,Pipeline
OPP-0001943,2023-05-19,Commit,Best Case
OPP-0001943,2023-05-26,Best Case,Pipeline
OPP-0001943,2023-06-02,Commit,Best Case
OPP-0001943,2023-06-09,Commit,Best Case
OPP-0001943,2023-06-16,Commit,Best Case
OPP-0001944,2023-03-24,Best Case,Best Case
OPP-0001944,2023-03-31,Best Case,Pipeline
OPP-0001944,2023-04-07,Best Case,Pipeline
OPP-0001944,2023-04-14,Best Case,Pipeline
OPP-0001944,2023-04-21,Commit,Best Case
OPP-0001944,2023-04-28,Commit,Best Case
OPP-0001955,2023-03-31,Pipeline,Omitted
OPP-0001955,2023-04-07,Pipeline,Pipeline
OPP-0001955,2023-04-14,Pipeline,Pipeline
OPP-0001955,2023-04-21,Pipeline,Pipeline
OPP-0001955,2023-04-28,Best Case,Best Case
OPP-0001968,2023-03-31,Omitted,Omitted
OPP-0001968,2023-04-07,Omitted,Omitted
OPP-0001969,2023-03-31,Omitted,Omitted
OPP-0001969,2023-04-07,Omitted,Omitted
OPP-0001969,2023-04-14,Omitted,Omitted
OPP-0001969,2023-04-21,Omitted,Omitted
OPP-0001970,2023-03-31,Best Case,Pipeline
OPP-0001970,2023-04-07,Best Case,Best Case
OPP-0001970,2023-04-14,Best Case,Best Case
OPP-0001970,2023-04-21,Commit,Commit
OPP-0001971,2023-03-31,Commit,Commit
OPP-0001971,2023-04-07,Commit,Commit
OPP-0001971,2023-04-14,Commit,Commit
OPP-0001971,2023-04-21,Commit,Commit
OPP-0001971,2023-04-28,Commit,Commit
OPP-0001971,2023-05-05,Commit,Commit
OPP-0001971,2023-05-12,Commit,Commit
OPP-0001971,2023-05-19,Commit,Commit
OPP-0001971,2023-05-26,Commit,Commit
OPP-0001974,2023-03-31,Omitted,Omitted
OPP-0001974,2023-04-07,Pipeline,Pipeline
OPP-0001974,2023-04-14,Best Case,Best Case
OPP-0001974,2023-04-21,Best Case,Pipeline
OPP-0001975,2023-03-31,Pipeline,Omitted
OPP-0001975,2023-04-07,Pipeline,Omitted
OPP-0001975,2023-04-14,Best Case,Best Case
OPP-0001975,2023-04-21,Best Case,Best Case
OPP-0001979,2023-03-31,Pipeline,Omitted
OPP-0001979,2023-04-07,Best Case,Best Case
OPP-0001979,2023-04-14,Best Case,Best Case
OPP-0001979,2023-04-21,Pipeline,Pipeline
OPP-0001979,2023-04-28,Best Case,Best Case
OPP-0001980,2023-03-31,Pipeline,Omitted
OPP-0001980,2023-04-07,Best Case,Pipeline
OPP-0001980,2023-04-14,Best Case,Pipeline
OPP-0001980,2023-04-21,Best Case,Pipeline
OPP-0001980,2023-04-28,Best Case,Pipeline
OPP-0001980,2023-05-05,Pipeline,Pipeline
OPP-0001980,2023-05-12,Best Case,Pipeline
OPP-0001980,2023-05-19,Best Case,Pipeline
OPP-0001980,2023-05-26,Best Case,Pipeline
OPP-0001981,2023-04-07,Commit,Commit
OPP-0001981,2023-04-14,Commit,Best Case
OPP-0001981,2023-04-21,Commit,Best Case
OPP-0001981,2023-04-28,Commit,Best Case
OPP-0001984,2023-04-07,Commit,Commit
OPP-0001984,2023-04-14,Commit,Commit
OPP-0001984,2023-04-21,Commit,Commit
OPP-0001984,2023-04-28,Commit,Commit
OPP-0001985,2023-04-07,Omitted,Omitted
OPP-0001985,2023-04-14,Pipeline,Omitted
OPP-0001985,2023-04-21,Pipeline,Omitted
OPP-0001985,2023-04-28,Omitted,Omitted
OPP-0001985,2023-05-05,Pipeline,Pipeline
OPP-0001985,2023-05-12,Best Case,Best Case
OPP-0001988,2023-04-07,Commit,Commit
OPP-0001988,2023-04-14,Commit,Commit
OPP-0001988,2023-04-21,Commit,Commit
OPP-0001988,2023-04-28,Commit,Commit
OPP-0001989,2023-04-07,Best Case,Best Case
OPP-0001989,2023-04-14,Best Case,Pipeline
OPP-0001989,2023-04-21,Best Case,Best Case
OPP-0001993,2023-04-07,Best Case,Pipeline
OPP-0001993,2023-04-14,Commit,Best Case
OPP-0001993,2023-04-21,Best Case,Pipeline
OPP-0001993,2023-04-28,Commit,Best Case
OPP-0001993,2023-05-05,Best Case,Best Case
OPP-0001993,2023-05-12,Best Case,Best Case
OPP-0001993,2023-05-19,Commit,Best Case
OPP-0001993,2023-05-26,Commit,Best Case
OPP-0001993,2023-06-02,Best Case,Best Case
OPP-0001997,2023-04-07,Omitted,Omitted
OPP-0001997,2023-04-14,Omitted,Pipeline
OPP-0001997,2023-04-21,Omitted,Omitted
OPP-0001997,2023-04-28,Pipeline,Omitted
OPP-0001997,2023-05-05,Omitted,Omitted
OPP-0001998,2023-04-07,Best Case,Pipeline
OPP-0001998,2023-04-14,Commit,Best Case
OPP-0001998,2023-04-21,Commit,Best Case
OPP-0001998,2023-04-28,Commit,Best Case
OPP-0001998,2023-05-05,Commit,Best Case
OPP-0001998,2023-05-12,Best Case,Pipeline
OPP-0001998,2023-05-19,Best Case,Pipeline
OPP-0001998,2023-05-26,Commit,Best Case
OPP-0001998,2023-06-02,Commit,Best Case
OPP-0001998,2023-06-09,Commit,Best Case
OPP-0001998,2023-06-16,Commit,Best Case
OPP-0001998,2023-06-23,Commit,Best Case
OPP-0001998,2023-06-30,Commit,Commit
OPP-0001999,2023-04-07,Pipeline,Omitted
OPP-0001999,2023-04-14,Best Case,Best Case
OPP-0001999,2023-04-21,Best Case,Best Case
OPP-0002000,2023-04-07,Omitted,Omitted
OPP-0002000,2023-04-14,Omitted,Omitted
OPP-0002000,2023-04-21,Omitted,Omitted
OPP-0002000,2023-04-28,Omitted,Omitted
OPP-0002000,2023-05-05,Omitted,Omitted
OPP-0002000,2023-05-12,Best Case,Best Case
OPP-0002000,2023-05-19,Pipeline,Pipeline
OPP-0002001,2023-04-07,Pipeline,Omitted
OPP-0002001,2023-04-14,Omitted,Omitted
OPP-0002001,2023-04-21,Pipeline,Pipeline
OPP-0002003,2023-04-07,Omitted,Omitted
OPP-0002003,2023-04-14,Pipeline,Omitted
OPP-0002003,2023-04-21,Omitted,Omitted
OPP-0002003,2023-04-28,Omitted,Omitted
OPP-0002003,2023-05-05,Pipeline,Pipeline
OPP-0002004,2023-04-07,Omitted,Omitted
OPP-0002004,2023-04-14,Omitted,Omitted
OPP-0002004,2023-04-21,Omitted,Omitted
OPP-0002004,2023-04-28,Omitted,Omitted
OPP-0002008,2023-04-14,Omitted,Omitted
OPP-0002008,2023-04-21,Pipeline,Pipeline
OPP-0002008,2023-04-28,Pipeline,Pipeline
OPP-0002008,2023-05-05,Pipeline,Pipeline
OPP-0002008,2023-05-12,Best Case,Best Case
OPP-0002009,2023-04-14,Omitted,Omitted
OPP-0002009,2023-04-21,Pipeline,Omitted
OPP-0002009,2023-04-28,Pipeline,Omitted
OPP-0002009,2023-05-05,Pipeline,Omitted
OPP-0002009,2023-05-12,Pipeline,Omitted
OPP-0002009,2023-05-19,Pipeline,Pipeline
OPP-0002009,2023-05-26,Pipeline,Omitted
OPP-0002009,2023-06-02,Omitted,Omitted
OPP-0002009,2023-06-09,Omitted,Omitted
OPP-0002009,2023-06-16,Omitted,Omitted
OPP-0002009,2023-06-23,Omitted,Omitted
OPP-0002009,2023-06-30,Omitted,Omitted
OPP-0002009,2023-07-07,Omitted,Omitted
OPP-0002009,2023-07-14,Omitted,Omitted
OPP-0002010,2023-04-14,Commit,Commit
OPP-0002010,2023-04-21,Commit,Commit
OPP-0002010,2023-04-28,Commit,Commit
OPP-0002010,2023-05-05,Commit,Best Case
OPP-0002010,2023-05-12,Commit,Best Case
OPP-0002010,2023-05-19,Commit,Best Case
OPP-0002010,2023-05-26,Commit,Best Case
OPP-0002015,2023-04-14,Omitted,Omitted
OPP-0002015,2023-04-21,Omitted,Omitted
OPP-0002015,2023-04-28,Omitted,Omitted
OPP-0002015,2023-05-05,Pipeline,Pipeline
OPP-0002015,2023-05-12,Pipeline,Pipeline
OPP-0002015,2023-05-19,Pipeline,Pipeline
OPP-0002018,2023-04-14,Omitted,Pipeline
OPP-0002018,2023-04-21,Pipeline,Pipeline
OPP-0002018,2023-04-28,Pipeline,Pipeline
OPP-0002018,2023-05-05,Best Case,Best Case
OPP-0002021,2023-04-14,Pipeline,Omitted
OPP-0002021,2023-04-21,Pipeline,Omitted
OPP-0002021,2023-04-28,Omitted,Omitted
OPP-0002021,2023-05-05,Pipeline,Omitted
OPP-0002021,2023-05-12,Pipeline,Omitted
OPP-0002021,2023-05-19,Omitted,Omitted
OPP-0002021,2023-05-26,Pipeline,Omitted
OPP-0002021,2023-06-02,Pipeline,Omitted
OPP-0002021,2023-06-09,Pipeline,Omitted
OPP-0002021,2023-06-16,Pipeline,Pipeline
OPP-0002021,2023-06-23,Pipeline,Omitted
OPP-0002021,2023-06-30,Pipeline,Pipeline
OPP-0002021,2023-07-07,Pipeline,Pipeline
OPP-0002021,2023-07-14,Pipeline,Pipeline
OPP-0002021,2023-07-21,Pipeline,Omitted
OPP-0002021,2023-07-28,Pipeline,Pipeline
OPP-0002021,2023-08-04,Omitted,Omitted
OPP-0002021,2023-08-11,Pipeline,Pipeline
OPP-0002021,2023-08-18,Pipeline,Pipeline
OPP-0002021,2023-08-25,Pipeline,Omitted
OPP-0002021,2023-09-01,Omitted,Omitted
OPP-0002023,2023-04-14,Pipeline,Omitted
OPP-0002023,2023-04-21,Pipeline,Omitted
OPP-0002023,2023-04-28,Best Case,Pipeline
OPP-0002023,2023-05-05,Pipeline,Pipeline
OPP-0002024,2023-04-14,Omitted,Pipeline
OPP-0002024,2023-04-21,Pipeline,Pipeline
OPP-0002024,2023-04-28,Best Case,Best Case
OPP-0002024,2023-05-05,Best Case,Best Case
OPP-0002024,2023-05-12,Best Case,Best Case
OPP-0002024,2023-05-19,Pipeline,Pipeline
OPP-0002025,2023-04-14,Omitted,Omitted
OPP-0002025,2023-04-21,Omitted,Omitted
OPP-0002025,2023-04-28,Omitted,Omitted
OPP-0002025,2023-05-05,Omitted,Omitted
OPP-0002025,2023-05-12,Omitted,Omitted
OPP-0002025,2023-05-19,Omitted,Omitted
OPP-0002025,2023-05-26,Omitted,Omitted
OPP-0002025,2023-06-02,Omitted,Omitted
OPP-0002025,2023-06-09,Omitted,Omitted
OPP-0002025,2023-06-16,Omitted,Omitted
OPP-0002025,2023-06-23,Omitted,Omitted
OPP-0002025,2023-06-30,Omitted,Omitted
OPP-0002025,2023-07-07,Omitted,Omitted
OPP-0002025,2023-07-14,Omitted,Omitted
OPP-0002025,2023-07-21,Omitted,Omitted
OPP-0002025,2023-07-28,Omitted,Omitted
OPP-0002034,2023-04-14,Pipeline,Pipeline
OPP-0002034,2023-04-21,Pipeline,Pipeline
OPP-0002040,2023-04-21,Commit,Commit
OPP-0002040,2023-04-28,Commit,Commit
OPP-0002041,2023-04-21,Omitted,Omitted
OPP-0002041,2023-04-28,Pipeline,Omitted
OPP-0002041,2023-05-05,Pipeline,Omitted
OPP-0002041,2023-05-12,Pipeline,Pipeline
OPP-0002041,2023-05-19,Pipeline,Pipeline
OPP-0002041,2023-05-26,Pipeline,Pipeline
OPP-0002041,2023-06-02,Omitted,Pipeline
OPP-0002041,2023-06-09,Pipeline,Pipeline
OPP-0002041,2023-06-16,Best Case,Pipeline
OPP-0002041,2023-06-23,Pipeline,Omitted
OPP-0002041,2023-06-30,Omitted,Pipeline
OPP-0002046,2023-04-21,Omitted,Omitted
OPP-0002046,2023-04-28,Omitted,Omitted
OPP-0002046,2023-05-05,Omitted,Omitted
OPP-0002046,2023-05-12,Pipeline,Pipeline
OPP-0002046,2023-05-19,Pipeline,Pipeline
OPP-0002051,2023-04-21,Omitted,Omitted
OPP-0002051,2023-04-28,Omitted,Omitted
OPP-0002051,2023-05-05,Omitted,Omitted
OPP-0002051,2023-05-12,Pipeline,Omitted
OPP-0002051,2023-05-19,Omitted,Omitted
OPP-0002051,2023-05-26,Omitted,Omitted
OPP-0002051,2023-06-02,Omitted,Omitted
OPP-0002051,2023-06-09,Omitted,Omitted
OPP-0002051,2023-06-16,Pipeline,Omitted
OPP-0002051,2023-06-23,Omitted,Omitted
OPP-0002051,2023-06-30,Omitted,Omitted
OPP-0002051,2023-07-07,Omitted,Omitted
OPP-0002051,2023-07-14,Omitted,Omitted
OPP-0002051,2023-07-21,Omitted,Omitted
OPP-0002051,2023-07-28,Omitted,Omitted
OPP-0002051,2023-08-04,Pipeline,Omitted
OPP-0002051,2023-08-11,Omitted,Omitted
OPP-0002051,2023-08-18,Omitted,Omitted
OPP-0002051,2023-08-25,Omitted,Pipeline
OPP-0002051,2023-09-01,Pipeline,Pipeline
OPP-0002052,2023-04-21,Commit,Commit
OPP-0002052,2023-04-28,Commit,Commit
OPP-0002052,2023-05-05,Commit,Commit
OPP-0002052,2023-05-12,Commit,Commit
OPP-0002052,2023-05-19,Commit,Commit
OPP-0002052,2023-05-26,Commit,Commit
OPP-0002052,2023-06-02,Commit,Commit
OPP-0002052,2023-06-09,Commit,Commit
OPP-0002052,2023-06-16,Commit,Commit
OPP-0002052,2023-06-23,Commit,Commit
OPP-0002052,2023-06-30,Commit,Commit
OPP-0002058,2023-04-21,Omitted,Omitted
OPP-0002058,2023-04-28,Pipeline,Pipeline
OPP-0002058,2023-05-05,Omitted,Omitted
OPP-0002058,2023-05-12,Pipeline,Pipeline
OPP-0002058,2023-05-19,Pipeline,Pipeline
OPP-0002058,2023-05-26,Omitted,Pipeline
OPP-0002058,2023-06-02,Pipeline,Pipeline
OPP-0002058,2023-06-09,Pipeline,Pipeline
OPP-0002058,2023-06-16,Pipeline,Pipeline
OPP-0002058,2023-06-23,Pipeline,Pipeline
OPP-0002058,2023-06-30,Pipeline,Pipeline
OPP-0002058,2023-07-07,Pipeline,Pipeline
OPP-0002058,2023-07-14,Best Case,Best Case
OPP-0002058,2023-07-21,Pipeline,Pipeline
OPP-0002060,2023-04-28,Commit,Commit
OPP-0002060,2023-05-05,Commit,Commit
OPP-0002060,2023-05-12,Commit,Commit
OPP-0002060,2023-05-19,Commit,Commit
OPP-0002060,2023-05-26,Commit,Commit
OPP-0002062,2023-04-28,Omitted,Omitted
OPP-0002062,2023-05-05,Pipeline,Pipeline
OPP-0002062,2023-05-12,Best Case,Best Case
OPP-0002063,2023-04-28,Omitted,Omitted
OPP-0002063,2023-05-05,Omitted,Omitted
OPP-0002063,2023-05-12,Omitted,Pipeline
OPP-0002064,2023-04-28,Best Case,Best Case
OPP-0002064,2023-05-05,Best Case,Best Case
OPP-0002064,2023-05-12,Best Case,Pipeline
OPP-0002064,2023-05-19,Best Case,Pipeline
OPP-0002065,2023-04-28,Pipeline,Pipeline
OPP-0002065,2023-05-05,Pipeline,Pipeline
OPP-0002066,2023-04-28,Pipeline,Pipeline
OPP-0002066,2023-05-05,Best Case,Omitted
OPP-0002066,2023-05-12,Pipeline,Pipeline
OPP-0002066,2023-05-19,Pipeline,Omitted
OPP-0002066,2023-05-26,Pipeline,Omitted
OPP-0002066,2023-06-02,Pipeline,Omitted
OPP-0002066,2023-06-09,Pipeline,Pipeline
OPP-0002066,2023-06-16,Pipeline,Pipeline
OPP-0002066,2023-06-23,Best Case,Best Case
OPP-0002066,2023-06-30,Best Case,Best Case
OPP-0002066,2023-07-07,Best Case,Best Case
OPP-0002066,2023-07-14,Best Case,Best Case
OPP-0002066,2023-07-21,Best Case,Best Case
OPP-0002066,2023-07-28,Pipeline,Pipeline
OPP-0002066,2023-08-04,Best Case,Best Case
OPP-0002066,2023-08-11,Commit,Commit
OPP-0002066,2023-08-18,Commit,Commit
OPP-0002068,2023-04-28,Commit,Commit
OPP-0002068,2023-05-05,Commit,Best Case
OPP-0002068,2023-05-12,Commit,Best Case
OPP-0002068,2023-05-19,Commit,Best Case
OPP-0002068,2023-05-26,Commit,Commit
OPP-0002069,2023-04-28,Pipeline,Pipeline
OPP-0002069,2023-05-05,Best Case,Best Case
OPP-0002073,2023-04-28,Commit,Commit
OPP-0002073,2023-05-05,Best Case,Commit
OPP-0002073,2023-05-12,Commit,Commit
OPP-0002073,2023-05-19,Commit,Commit
OPP-0002073,2023-05-26,Commit,Best Case
OPP-0002073,2023-06-02,Commit,Best Case
OPP-0002073,2023-06-09,Commit,Best Case
OPP-0002073,2023-06-16,Commit,Best Case
OPP-0002074,2023-04-28,Commit,Commit
OPP-0002074,2023-05-05,Commit,Commit
OPP-0002074,2023-05-12,Commit,Commit
OPP-0002074,2023-05-19,Commit,Commit
OPP-0002074,2023-05-26,Commit,Commit
OPP-0002074,2023-06-02,Commit,Commit
OPP-0002074,2023-06-09,Commit,Commit
OPP-0002074,2023-06-16,Commit,Commit
OPP-0002074,2023-06-23,Commit,Commit
OPP-0002074,2023-06-30,Commit,Commit
OPP-0002081,2023-04-28,Omitted,Omitted
OPP-0002081,2023-05-05,Omitted,Omitted
OPP-0002081,2023-05-12,Omitted,Omitted
OPP-0002081,2023-05-19,Omitted,Omitted
OPP-0002081,2023-05-26,Omitted,Omitted
OPP-0002081,2023-06-02,Omitted,Omitted
OPP-0002081,2023-06-09,Omitted,Omitted
OPP-0002081,2023-06-16,Omitted,Omitted
OPP-0002081,2023-06-23,Omitted,Omitted
OPP-0002081,2023-06-30,Omitted,Omitted
OPP-0002081,2023-07-07,Omitted,Omitted
OPP-0002081,2023-07-14,Omitted,Omitted
OPP-0002081,2023-07-21,Omitted,Omitted
OPP-0002081,2023-07-28,Omitted,Omitted
OPP-0002081,2023-08-04,Omitted,Omitted
OPP-0002081,2023-08-11,Omitted,Omitted
OPP-0002081,2023-08-18,Omitted,Omitted
OPP-0002081,2023-08-25,Omitted,Omitted
OPP-0002081,2023-09-01,Pipeline,Pipeline
OPP-0002081,2023-09-08,Omitted,Omitted
OPP-0002081,2023-09-15,Omitted,Omitted
OPP-0002082,2023-04-28,Pipeline,Omitted
OPP-0002082,2023-05-05,Pipeline,Pipeline
OPP-0002082,2023-05-12,Best Case,Best Case
OPP-0002088,2023-04-28,Omitted,Omitted
OPP-0002088,2023-05-05,Pipeline,Pipeline
OPP-0002088,2023-05-12,Omitted,Pipeline
OPP-0002088,2023-05-19,Best Case,Best Case
OPP-0002089,2023-04-28,Best Case,Best Case
OPP-0002089,2023-05-05,Best Case,Best Case
OPP-0002089,2023-05-12,Best Case,Best Case
OPP-0002089,2023-05-19,Best Case,Best Case
OPP-0002089,2023-05-26,Best Case,Best Case
OPP-0002089,2023-06-02,Best Case,Best Case
OPP-0002089,2023-06-09,Commit,Commit
OPP-0002089,2023-06-16,Best Case,Commit
OPP-0002089,2023-06-23,Commit,Commit
OPP-0002089,2023-06-30,Commit,Commit
OPP-0002089,2023-07-07,Commit,Commit
OPP-0002089,2023-07-14,Commit,Commit
OPP-0002089,2023-07-21,Commit,Commit
OPP-0002089,2023-07-28,Commit,Commit
OPP-0002089,2023-08-04,Commit,Commit
OPP-0002089,2023-08-11,Commit,Commit
OPP-0002089,2023-08-18,Commit,Commit
OPP-0002095,2023-05-05,Omitted,Pipeline
OPP-0002095,2023-05-12,Pipeline,Omitted
OPP-0002095,2023-05-19,Omitted,Omitted
OPP-0002095,2023-05-26,Pipeline,Pipeline
OPP-0002095,2023-06-02,Omitted,Pipeline
OPP-0002095,2023-06-09,Omitted,Omitted
OPP-0002095,2023-06-16,Pipeline,Pipeline
OPP-0002095,2023-06-23,Pipeline,Pipeline
OPP-0002095,2023-06-30,Pipeline,Pipeline
OPP-0002095,2023-07-07,Pipeline,Pipeline
OPP-0002095,2023-07-14,Pipeline,Omitted
OPP-0002095,2023-07-21,Omitted,Omitted
OPP-0002095,2023-07-28,Omitted,Omitted
OPP-0002095,2023-08-04,Omitted,Omitted
OPP-0002095,2023-08-11,Omitted,Omitted
OPP-0002095,2023-08-18,Omitted,Omitted
OPP-0002096,2023-05-05,Pipeline,Pipeline
OPP-0002096,2023-05-12,Pipeline,Pipeline
OPP-0002096,2023-05-19,Pipeline,Omitted
OPP-0002096,2023-05-26,Pipeline,Pipeline
OPP-0002096,2023-06-02,Pipeline,Omitted
OPP-0002096,2023-06-09,Best Case,Best Case
OPP-0002096,2023-06-16,Pipeline,Pipeline
OPP-0002096,2023-06-23,Pipeline,Pipeline
OPP-0002096,2023-06-30,Pipeline,Omitted
OPP-0002096,2023-07-07,Best Case,Best Case
OPP-0002096,2023-07-14,Best Case,Best Case
OPP-0002096,2023-07-21,Pipeline,Pipeline
OPP-0002096,2023-07-28,Best Case,Best Case
OPP-0002096,2023-08-04,Best Case,Best Case
OPP-0002097,2023-05-05,Pipeline,Omitted
OPP-0002097,2023-05-12,Pipeline,Omitted
OPP-0002097,2023-05-19,Pipeline,Omitted
OPP-0002098,2023-05-05,Omitted,Omitted
OPP-0002098,2023-05-12,Pipeline,Omitted
OPP-0002098,2023-05-19,Best Case,Best Case
OPP-0002099,2023-05-05,Omitted,Omitted
OPP-0002099,2023-05-12,Omitted,Omitted
OPP-0002099,2023-05-19,Omitted,Omitted
OPP-0002099,2023-05-26,Omitted,Omitted
OPP-0002099,2023-06-02,Omitted,Omitted
OPP-0002099,2023-06-09,Omitted,Omitted
OPP-0002099,2023-06-16,Omitted,Omitted
OPP-0002099,2023-06-23,Omitted,Omitted
OPP-0002099,2023-06-30,Pipeline,Omitted
OPP-0002099,2023-07-07,Omitted,Omitted
OPP-0002099,2023-07-14,Omitted,Omitted
OPP-0002099,2023-07-21,Omitted,Omitted
OPP-0002099,2023-07-28,Omitted,Omitted
OPP-0002099,2023-08-04,Pipeline,Omitted
OPP-0002099,2023-08-11,Omitted,Omitted
OPP-0002099,2023-08-18,Omitted,Omitted
OPP-0002099,2023-08-25,Omitted,Omitted
OPP-0002099,2023-09-01,Omitted,Omitted
OPP-0002099,2023-09-08,Omitted,Omitted
OPP-0002104,2023-05-05,Best Case,Best Case
OPP-0002104,2023-05-12,Best Case,Best Case
OPP-0002104,2023-05-19,Commit,Pipeline
OPP-0002104,2023-05-26,Commit,Best Case
OPP-0002104,2023-06-02,Commit,Commit
OPP-0002104,2023-06-09,Best Case,Best Case
OPP-0002111,2023-05-05,Omitted,Omitted
OPP-0002111,2023-05-12,Omitted,Omitted
OPP-0002111,2023-05-19,Pipeline,Omitted
OPP-0002111,2023-05-26,Omitted,Omitted
OPP-0002111,2023-06-02,Pipeline,Pipeline
OPP-0002112,2023-05-05,Omitted,Omitted
OPP-0002112,2023-05-12,Omitted,Omitted
OPP-0002112,2023-05-19,Omitted,Omitted
OPP-0002112,2023-05-26,Omitted,Omitted
OPP-0002112,2023-06-02,Pipeline,Omitted
OPP-0002112,2023-06-09,Omitted,Omitted
OPP-0002112,2023-06-16,Omitted,Omitted
OPP-0002112,2023-06-23,Pipeline,Omitted
OPP-0002112,2023-06-30,Omitted,Omitted
OPP-0002112,2023-07-07,Pipeline,Omitted
OPP-0002112,2023-07-14,Pipeline,Omitted
OPP-0002112,2023-07-21,Pipeline,Omitted
OPP-0002112,2023-07-28,Pipeline,Omitted
OPP-0002112,2023-08-04,Pipeline,Omitted
OPP-0002112,2023-08-11,Pipeline,Omitted
OPP-0002112,2023-08-18,Pipeline,Omitted
OPP-0002112,2023-08-25,Pipeline,Omitted
OPP-0002112,2023-09-01,Best Case,Best Case
OPP-0002112,2023-09-08,Best Case,Best Case
OPP-0002112,2023-09-15,Pipeline,Omitted
OPP-0002112,2023-09-22,Pipeline,Omitted
OPP-0002112,2023-09-29,Pipeline,Omitted
OPP-0002112,2023-10-06,Best Case,Omitted
OPP-0002113,2023-05-05,Pipeline,Omitted
OPP-0002113,2023-05-12,Pipeline,Omitted
OPP-0002113,2023-05-19,Pipeline,Omitted
OPP-0002113,2023-05-26,Pipeline,Omitted
OPP-0002113,2023-06-02,Pipeline,Omitted
OPP-0002113,2023-06-09,Pipeline,Omitted
OPP-0002113,2023-06-16,Pipeline,Omitted
OPP-0002113,2023-06-23,Best Case,Omitted
OPP-0002113,2023-06-30,Pipeline,Omitted
OPP-0002113,2023-07-07,Pipeline,Pipeline
OPP-0002113,2023-07-14,Pipeline,Omitted
OPP-0002113,2023-07-21,Pipeline,Omitted
OPP-0002113,2023-07-28,Pipeline,Omitted
OPP-0002113,2023-08-04,Pipeline,Omitted
OPP-0002113,2023-08-11,Pipeline,Omitted
OPP-0002113,2023-08-18,Pipeline,Omitted
OPP-0002113,2023-08-25,Omitted,Omitted
OPP-0002113,2023-09-01,Omitted,Omitted
OPP-0002114,2023-05-05,Best Case,Pipeline
OPP-0002114,2023-05-12,Commit,Best Case
OPP-0002114,2023-05-19,Commit,Best Case
OPP-0002114,2023-05-26,Commit,Best Case
OPP-0002114,2023-06-02,Commit,Best Case
OPP-0002114,2023-06-09,Commit,Best Case
OPP-0002114,2023-06-16,Commit,Best Case
OPP-0002114,2023-06-23,Commit,Best Case
OPP-0002114,2023-06-30,Commit,Commit
OPP-0002114,2023-07-07,Commit,Commit
OPP-0002114,2023-07-14,Commit,Best Case
OPP-0002114,2023-07-21,Commit,Commit
OPP-0002114,2023-07-28,Commit,Best Case
OPP-0002120,2023-05-05,Pipeline,Pipeline
OPP-0002120,2023-05-12,Best Case,Best Case
OPP-0002120,2023-05-19,Best Case,Best Case
OPP-0002120,2023-05-26,Best Case,Best Case
OPP-0002120,2023-06-02,Best Case,Best Case
OPP-0002120,2023-06-09,Best Case,Best Case
OPP-0002120,2023-06-16,Best Case,Best Case
OPP-0002123,2023-05-12,Commit,Commit
OPP-0002123,2023-05-19,Commit,Commit
OPP-0002123,2023-05-26,Commit,Commit
OPP-0002124,2023-05-12,Omitted,Omitted
OPP-0002124,2023-05-19,Omitted,Omitted
OPP-0002124,2023-05-26,Omitted,Omitted
OPP-0002124,2023-06-02,Omitted,Omitted
OPP-0002124,2023-06-09,Omitted,Omitted
OPP-0002124,2023-06-16,Omitted,Omitted
OPP-0002124,2023-06-23,Omitted,Omitted
OPP-0002124,2023-06-30,Omitted,Omitted
OPP-0002124,2023-07-07,Omitted,Omitted
OPP-0002124,2023-07-14,Omitted,Omitted
OPP-0002124,2023-07-21,Omitted,Omitted
OPP-0002124,2023-07-28,Omitted,Omitted
OPP-0002124,2023-08-04,Omitted,Omitted
OPP-0002124,2023-08-11,Omitted,Omitted
OPP-0002124,2023-08-18,Omitted,Omitted
OPP-0002124,2023-08-25,Omitted,Omitted
OPP-0002124,2023-09-01,Omitted,Omitted
OPP-0002124,2023-09-08,Omitted,Omitted
OPP-0002124,2023-09-15,Omitted,Pipeline
OPP-0002124,2023-09-22,Best Case,Best Case
OPP-0002124,2023-09-29,Best Case,Pipeline
OPP-0002124,2023-10-06,Pipeline,Best Case
OPP-0002125,2023-05-12,Omitted,Omitted
OPP-0002125,2023-05-19,Omitted,Omitted
OPP-0002125,2023-05-26,Omitted,Omitted
OPP-0002125,2023-06-02,Omitted,Omitted
OPP-0002125,2023-06-09,Pipeline,Omitted
OPP-0002125,2023-06-16,Omitted,Omitted
OPP-0002125,2023-06-23,Omitted,Omitted
OPP-0002125,2023-06-30,Omitted,Omitted
OPP-0002125,2023-07-07,Omitted,Omitted
OPP-0002125,2023-07-14,Omitted,Omitted
OPP-0002125,2023-07-21,Omitted,Pipeline
OPP-0002125,2023-07-28,Pipeline,Pipeline
OPP-0002125,2023-08-04,Pipeline,Pipeline
OPP-0002129,2023-05-12,Pipeline,Omitted
OPP-0002129,2023-05-19,Best Case,Pipeline
OPP-0002129,2023-05-26,Best Case,Pipeline
OPP-0002129,2023-06-02,Best Case,Best Case
OPP-0002129,2023-06-09,Best Case,Pipeline
OPP-0002129,2023-06-16,Pipeline,Pipeline
OPP-0002130,2023-05-12,Pipeline,Omitted
OPP-0002130,2023-05-19,Pipeline,Omitted
OPP-0002130,2023-05-26,Pipeline,Pipeline
OPP-0002130,2023-06-02,Pipeline,Pipeline
OPP-0002130,2023-06-09,Pipeline,Pipeline
OPP-0002130,2023-06-16,Pipeline,Omitted
OPP-0002130,2023-06-23,Pipeline,Omitted
OPP-0002130,2023-06-30,Best Case,Omitted
OPP-0002130,2023-07-07,Pipeline,Omitted
OPP-0002130,2023-07-14,Pipeline,Omitted
OPP-0002130,2023-07-21,Pipeline,Omitted
OPP-0002130,2023-07-28,Omitted,Omitted
OPP-0002130,2023-08-04,Omitted,Omitted
OPP-0002130,2023-08-11,Omitted,Omitted
OPP-0002130,2023-08-18,Omitted,Omitted
OPP-0002130,2023-08-25,Omitted,Omitted
OPP-0002130,2023-09-01,Best Case,Pipeline
OPP-0002130,2023-09-08,Best Case,Pipeline
OPP-0002130,2023-09-15,Commit,Commit
OPP-0002131,2023-05-12,Commit,Commit
OPP-0002131,2023-05-19,Commit,Commit
OPP-0002131,2023-05-26,Commit,Commit
OPP-0002131,2023-06-02,Commit,Commit
OPP-0002131,2023-06-09,Commit,Commit
OPP-0002131,2023-06-16,Commit,Commit
OPP-0002131,2023-06-23,Commit,Commit
OPP-0002131,2023-06-30,Commit,Commit
OPP-0002131,2023-07-07,Commit,Commit
OPP-0002131,2023-07-14,Commit,Commit
OPP-0002131,2023-07-21,Commit,Commit
OPP-0002131,2023-07-28,Commit,Commit
OPP-0002131,2023-08-04,Commit,Commit
OPP-0002131,2023-08-11,Commit,Commit
OPP-0002131,2023-08-18,Commit,Commit
OPP-0002131,2023-08-25,Commit,Commit
OPP-0002131,2023-09-01,Commit,Commit
OPP-0002134,2023-05-12,Pipeline,Pipeline
OPP-0002134,2023-05-19,Pipeline,Pipeline
OPP-0002134,2023-05-26,Pipeline,Omitted
OPP-0002134,2023-06-02,Best Case,Best Case
OPP-0002134,2023-06-09,Best Case,Pipeline
OPP-0002134,2023-06-16,Best Case,Best Case
OPP-0002134,2023-06-23,Best Case,Best Case
OPP-0002134,2023-06-30,Best Case,Pipeline
OPP-0002134,2023-07-07,Best Case,Best Case
OPP-0002134,2023-07-14,Best Case,Pipeline
OPP-0002134,2023-07-21,Pipeline,Omitted
OPP-0002142,2023-05-12,Commit,Commit
OPP-0002142,2023-05-19,Commit,Commit
OPP-0002142,2023-05-26,Commit,Commit
OPP-0002142,2023-06-02,Commit,Commit
OPP-0002142,2023-06-09,Commit,Commit
OPP-0002142,2023-06-16,Commit,Commit
OPP-0002142,2023-06-23,Commit,Commit
OPP-0002142,2023-06-30,Commit,Commit
OPP-0002142,2023-07-07,Commit,Commit
OPP-0002145,2023-05-12,Pipeline,Omitted
OPP-0002145,2023-05-19,Pipeline,Pipeline
OPP-0002145,2023-05-26,Best Case,Omitted
OPP-0002145,2023-06-02,Pipeline,Pipeline
OPP-0002145,2023-06-09,Best Case,Pipeline
OPP-0002146,2023-05-12,Omitted,Omitted
OPP-0002146,2023-05-19,Pipeline,Pipeline
OPP-0002146,2023-05-26,Pipeline,Pipeline
OPP-0002147,2023-05-12,Best Case,Best Case
OPP-0002147,2023-05-19,Commit,Commit
OPP-0002147,2023-05-26,Commit,Commit
OPP-0002147,2023-06-02,Commit,Commit
OPP-0002147,2023-06-09,Commit,Commit
OPP-0002147,2023-06-16,Commit,Commit
OPP-0002147,2023-06-23,Commit,Commit
OPP-0002147,2023-06-30,Commit,Commit
OPP-0002147,2023-07-07,Commit,Commit
OPP-0002147,2023-07-14,Commit,Commit
OPP-0002159,2023-05-12,Commit,Commit
OPP-0002159,2023-05-19,Commit,Commit
OPP-0002159,2023-05-26,Commit,Commit
OPP-0002159,2023-06-02,Commit,Commit
OPP-0002159,2023-06-09,Commit,Commit
OPP-0002163,2023-05-19,Pipeline,Best Case
OPP-0002163,2023-05-26,Pipeline,Pipeline
OPP-0002163,2023-06-02,Best Case,Pipeline
OPP-0002163,2023-06-09,Best Case,Pipeline
OPP-0002163,2023-06-16,Pipeline,Pipeline
OPP-0002163,2023-06-23,Pipeline,Best Case
OPP-0002163,2023-06-30,Pipeline,Best Case
OPP-0002166,2023-05-19,Commit,Commit
OPP-0002166,2023-05-26,Commit,Commit
OPP-0002167,2023-05-19,Pipeline,Pipeline
OPP-0002167,2023-05-26,Best Case,Best Case
OPP-0002167,2023-06-02,Pipeline,Pipeline
OPP-0002167,2023-06-09,Best Case,Best Case
OPP-0002168,2023-05-19,Pipeline,Omitted
OPP-0002168,2023-05-26,Pipeline,Omitted
OPP-0002168,2023-06-02,Best Case,Omitted
OPP-0002168,2023-06-09,Pipeline,Omitted
OPP-0002168,2023-06-16,Best Case,Best Case
OPP-0002168,2023-06-23,Pipeline,Omitted
OPP-0002168,2023-06-30,Pipeline,Omitted
OPP-0002168,2023-07-07,Pipeline,Omitted
OPP-0002168,2023-07-14,Pipeline,Omitted
OPP-0002168,2023-07-21,Pipeline,Pipeline
OPP-0002168,2023-07-28,Pipeline,Pipeline
OPP-0002168,2023-08-04,Pipeline,Pipeline
OPP-0002168,2023-08-11,Commit,Best Case
OPP-0002168,2023-08-18,Best Case,Best Case
OPP-0002168,2023-08-25,Best Case,Best Case
OPP-0002168,2023-09-01,Best Case,Best Case
OPP-0002168,2023-09-08,Best Case,Best Case
OPP-0002168,2023-09-15,Best Case,Best Case
OPP-0002168,2023-09-22,Best Case,Best Case
OPP-0002168,2023-09-29,Best Case,Best Case
OPP-0002168,2023-10-06,Commit,Commit
OPP-0002168,2023-10-13,Best Case,Pipeline
OPP-0002168,2023-10-20,Commit,Commit
OPP-0002169,2023-05-19,Pipeline,Omitted
OPP-0002169,2023-05-26,Pipeline,Pipeline
OPP-0002169,2023-06-02,Pipeline,Omitted
OPP-0002169,2023-06-09,Pipeline,Omitted
OPP-0002169,2023-06-16,Best Case,Best Case
OPP-0002169,2023-06-23,Best Case,Pipeline
OPP-0002169,2023-06-30,Best Case,Best Case
OPP-0002169,2023-07-07,Best Case,Best Case
OPP-0002169,2023-07-14,Pipeline,Omitted
OPP-0002169,2023-07-21,Pipeline,Omitted
OPP-0002169,2023-07-28,Pipeline,Omitted
OPP-0002169,2023-08-04,Pipeline,Omitted
OPP-0002169,2023-08-11,Pipeline,Omitted
OPP-0002169,2023-08-18,Pipeline,Omitted
OPP-0002176,2023-05-19,Omitted,Omitted
OPP-0002176,2023-05-26,Pipeline,Pipeline
OPP-0002176,2023-06-02,Pipeline,Pipeline
OPP-0002177,2023-05-19,Pipeline,Omitted
OPP-0002177,2023-05-26,Pipeline,Pipeline
OPP-0002182,2023-05-19,Pipeline,Omitted
OPP-0002182,2023-05-26,Pipeline,Pipeline
OPP-0002182,2023-06-02,Pipeline,Omitted
OPP-0002182,2023-06-09,Pipeline,Omitted
OPP-0002182,2023-06-16,Pipeline,Omitted
OPP-0002182,2023-06-23,Pipeline,Pipeline
OPP-0002182,2023-06-30,Pipeline,Pipeline
OPP-0002182,2023-07-07,Pipeline,Pipeline
OPP-0002182,2023-07-14,Pipeline,Pipeline
OPP-0002182,2023-07-21,Pipeline,Omitted
OPP-0002183,2023-05-19,Commit,Commit
OPP-0002183,2023-05-26,Commit,Commit
OPP-0002183,2023-06-02,Commit,Commit
OPP-0002183,2023-06-09,Commit,Commit
OPP-0002183,2023-06-16,Commit,Commit
OPP-0002183,2023-06-23,Commit,Commit
OPP-0002183,2023-06-30,Best Case,Commit
OPP-0002183,2023-07-07,Commit,Commit
OPP-0002183,2023-07-14,Commit,Commit
OPP-0002183,2023-07-21,Commit,Commit
OPP-0002183,2023-07-28,Commit,Commit
OPP-0002183,2023-08-04,Commit,Commit
OPP-0002186,2023-05-19,Pipeline,Omitted
OPP-0002186,2023-05-26,Pipeline,Omitted
OPP-0002186,2023-06-02,Pipeline,Omitted
OPP-0002186,2023-06-09,Best Case,Omitted
OPP-0002187,2023-05-19,Pipeline,Pipeline
OPP-0002187,2023-05-26,Pipeline,Omitted
OPP-0002187,2023-06-02,Best Case,Best Case
OPP-0002187,2023-06-09,Pipeline,Pipeline
OPP-0002187,2023-06-16,Pipeline,Pipeline
OPP-0002187,2023-06-23,Pipeline,Omitted
OPP-0002187,2023-06-30,Best Case,Pipeline
OPP-0002187,2023-07-07,Best Case,Best Case
OPP-0002187,2023-07-14,Best Case,Best Case
OPP-0002188,2023-05-19,Commit,Best Case
OPP-0002188,2023-05-26,Commit,Best Case
OPP-0002188,2023-06-02,Commit,Commit
OPP-0002188,2023-06-09,Commit,Best Case
OPP-0002188,2023-06-16,Commit,Best Case
OPP-0002188,2023-06-23,Commit,Best Case
OPP-0002188,2023-06-30,Commit,Best Case
OPP-0002188,2023-07-07,Commit,Commit
OPP-0002188,2023-07-14,Commit,Best Case
OPP-0002188,2023-07-21,Commit,Best Case
OPP-0002188,2023-07-28,Commit,Best Case
OPP-0002188,2023-08-04,Commit,Commit
OPP-0002189,2023-05-19,Commit,Commit
OPP-0002189,2023-05-26,Commit,Commit
OPP-0002190,2023-05-19,Commit,Commit
OPP-0002190,2023-05-26,Commit,Commit
OPP-0002190,2023-06-02,Commit,Commit
OPP-0002190,2023-06-09,Commit,Commit
OPP-0002190,2023-06-16,Commit,Commit
OPP-0002190,2023-06-23,Commit,Commit
OPP-0002190,2023-06-30,Commit,Commit
OPP-0002191,2023-05-19,Omitted,Omitted
OPP-0002191,2023-05-26,Omitted,Omitted
OPP-0002191,2023-06-02,Omitted,Omitted
OPP-0002191,2023-06-09,Omitted,Omitted
OPP-0002192,2023-05-19,Pipeline,Pipeline
OPP-0002192,2023-05-26,Best Case,Best Case
OPP-0002192,2023-06-02,Best Case,Best Case
OPP-0002192,2023-06-09,Pipeline,Pipeline
OPP-0002196,2023-05-19,Pipeline,Pipeline
OPP-0002196,2023-05-26,Pipeline,Pipeline
OPP-0002196,2023-06-02,Pipeline,Omitted
OPP-0002196,2023-06-09,Best Case,Best Case
OPP-0002196,2023-06-16,Best Case,Best Case
OPP-0002197,2023-05-19,Commit,Commit
OPP-0002197,2023-05-26,Commit,Commit
OPP-0002197,2023-06-02,Commit,Best Case
OPP-0002197,2023-06-09,Commit,Commit
OPP-0002197,2023-06-16,Commit,Best Case
OPP-0002197,2023-06-23,Commit,Commit
OPP-0002197,2023-06-30,Commit,Best Case
OPP-0002197,2023-07-07,Commit,Commit
OPP-0002197,2023-07-14,Commit,Best Case
OPP-0002197,2023-07-21,Commit,Commit
OPP-0002197,2023-07-28,Commit,Commit
OPP-0002198,2023-05-19,Commit,Commit
OPP-0002198,2023-05-26,Commit,Commit
OPP-0002198,2023-06-02,Best Case,Best Case
OPP-0002198,2023-06-09,Commit,Commit
OPP-0002198,2023-06-16,Commit,Commit
OPP-0002198,2023-06-23,Commit,Commit
OPP-0002198,2023-06-30,Commit,Commit
OPP-0002205,2023-05-26,Commit,Best Case
OPP-0002205,2023-06-02,Commit,Commit
OPP-0002205,2023-06-09,Commit,Commit
OPP-0002205,2023-06-16,Commit,Commit
OPP-0002205,2023-06-23,Commit,Best Case
OPP-0002205,2023-06-30,Commit,Best Case
OPP-0002205,2023-07-07,Commit,Best Case
OPP-0002205,2023-07-14,Commit,Best Case
OPP-0002205,2023-07-21,Commit,Best Case
OPP-0002205,2023-07-28,Commit,Best Case
OPP-0002211,2023-05-26,Pipeline,Pipeline
OPP-0002211,2023-06-02,Best Case,Omitted
OPP-0002211,2023-06-09,Pipeline,Omitted
OPP-0002212,2023-05-26,Pipeline,Omitted
OPP-0002212,2023-06-02,Pipeline,Omitted
OPP-0002212,2023-06-09,Pipeline,Omitted
OPP-0002212,2023-06-16,Pipeline,Omitted
OPP-0002212,2023-06-23,Best Case,Best Case
OPP-0002212,2023-06-30,Omitted,Omitted
OPP-0002212,2023-07-07,Pipeline,Omitted
OPP-0002212,2023-07-14,Omitted,Omitted
OPP-0002212,2023-07-21,Pipeline,Omitted
OPP-0002218,2023-05-26,Pipeline,Omitted
OPP-0002218,2023-06-02,Pipeline,Omitted
OPP-0002218,2023-06-09,Omitted,Omitted
OPP-0002218,2023-06-16,Best Case,Pipeline
OPP-0002218,2023-06-23,Pipeline,Pipeline
OPP-0002219,2023-05-26,Pipeline,Omitted
OPP-0002219,2023-06-02,Pipeline,Omitted
OPP-0002219,2023-06-09,Pipeline,Pipeline
OPP-0002219,2023-06-16,Pipeline,Pipeline
OPP-0002219,2023-06-23,Omitted,Pipeline
OPP-0002220,2023-05-26,Omitted,Omitted
OPP-0002220,2023-06-02,Omitted,Omitted
OPP-0002220,2023-06-09,Omitted,Omitted
OPP-0002220,2023-06-16,Pipeline,Omitted
OPP-0002220,2023-06-23,Omitted,Pipeline
OPP-0002220,2023-06-30,Omitted,Pipeline
OPP-0002220,2023-07-07,Omitted,Pipeline
OPP-0002220,2023-07-14,Pipeline,Pipeline
OPP-0002220,2023-07-21,Omitted,Pipeline
OPP-0002220,2023-07-28,Pipeline,Omitted
OPP-0002220,2023-08-04,Pipeline,Pipeline
OPP-0002220,2023-08-11,Pipeline,Pipeline
OPP-0002220,2023-08-18,Omitted,Omitted
OPP-0002220,2023-08-25,Omitted,Omitted
OPP-0002220,2023-09-01,Omitted,Omitted
OPP-0002220,2023-09-08,Pipeline,Omitted
OPP-0002221,2023-05-26,Pipeline,Omitted
OPP-0002221,2023-06-02,Pipeline,Omitted
OPP-0002221,2023-06-09,Omitted,Omitted
OPP-0002221,2023-06-16,Best Case,Best Case
OPP-0002221,2023-06-23,Pipeline,Pipeline
OPP-0002222,2023-05-26,Best Case,Pipeline
OPP-0002222,2023-06-02,Pipeline,Pipeline
OPP-0002226,2023-05-26,Pipeline,Pipeline
OPP-0002226,2023-06-02,Commit,Commit
OPP-0002226,2023-06-09,Commit,Best Case
OPP-0002226,2023-06-16,Commit,Commit
OPP-0002227,2023-05-26,Best Case,Pipeline
OPP-0002227,2023-06-02,Best Case,Omitted
OPP-0002227,2023-06-09,Best Case,Best Case
OPP-0002227,2023-06-16,Commit,Best Case
OPP-0002229,2023-05-26,Omitted,Omitted
OPP-0002229,2023-06-02,Omitted,Omitted
OPP-0002229,2023-06-09,Omitted,Omitted
OPP-0002229,2023-06-16,Omitted,Omitted
OPP-0002229,2023-06-23,Pipeline,Omitted
OPP-0002229,2023-06-30,Omitted,Pipeline
OPP-0002230,2023-05-26,Pipeline,Pipeline
OPP-0002230,2023-06-02,Pipeline,Pipeline
OPP-0002230,2023-06-09,Pipeline,Pipeline
OPP-0002230,2023-06-16,Pipeline,Best Case
OPP-0002230,2023-06-23,Best Case,Best Case
OPP-0002231,2023-05-26,Pipeline,Omitted
OPP-0002231,2023-06-02,Best Case,Best Case
OPP-0002231,2023-06-09,Best Case,Best Case
OPP-0002236,2023-05-26,Commit,Commit
OPP-0002236,2023-06-02,Commit,Commit
OPP-0002236,2023-06-09,Commit,Commit
OPP-0002236,2023-06-16,Commit,Commit
OPP-0002236,2023-06-23,Commit,Commit
OPP-0002236,2023-06-30,Commit,Commit
OPP-0002240,2023-05-26,Pipeline,Pipeline
OPP-0002240,2023-06-02,Best Case,Best Case
OPP-0002240,2023-06-09,Best Case,Best Case
OPP-0002240,2023-06-16,Best Case,Best Case
OPP-0002240,2023-06-23,Best Case,Pipeline
OPP-0002240,2023-06-30,Best Case,Best Case
OPP-0002241,2023-05-26,Pipeline,Pipeline
OPP-0002241,2023-06-02,Omitted,Pipeline
OPP-0002241,2023-06-09,Pipeline,Pipeline
OPP-0002241,2023-06-16,Pipeline,Pipeline
OPP-0002241,2023-06-23,Best Case,Best Case
OPP-0002242,2023-05-26,Pipeline,Omitted
OPP-0002242,2023-06-02,Pipeline,Omitted
OPP-0002243,2023-05-26,Omitted,Omitted
OPP-0002243,2023-06-02,Omitted,Omitted
OPP-0002243,2023-06-09,Pipeline,Omitted
OPP-0002243,2023-06-16,Pipeline,Omitted
OPP-0002243,2023-06-23,Pipeline,Omitted
OPP-0002243,2023-06-30,Pipeline,Omitted
OPP-0002243,2023-07-07,Pipeline,Omitted
OPP-0002243,2023-07-14,Pipeline,Omitted
OPP-0002243,2023-07-21,Pipeline,Omitted
OPP-0002243,2023-07-28,Best Case,Omitted
OPP-0002243,2023-08-04,Omitted,Omitted
OPP-0002244,2023-05-26,Pipeline,Pipeline
OPP-0002244,2023-06-02,Pipeline,Pipeline
OPP-0002244,2023-06-09,Pipeline,Pipeline
OPP-0002244,2023-06-16,Commit,Best Case
OPP-0002244,2023-06-23,Best Case,Best Case
OPP-0002244,2023-06-30,Best Case,Best Case
OPP-0002249,2023-06-02,Commit,Commit
OPP-0002249,2023-06-09,Commit,Commit
OPP-0002249,2023-06-16,Commit,Commit
OPP-0002249,2023-06-23,Commit,Commit
OPP-0002249,2023-06-30,Commit,Commit
OPP-0002249,2023-07-07,Commit,Commit
OPP-0002249,2023-07-14,Commit,Commit
OPP-0002249,2023-07-21,Commit,Commit
OPP-0002249,2023-07-28,Commit,Commit
OPP-0002251,2023-06-02,Commit,Commit
OPP-0002251,2023-06-09,Commit,Commit
OPP-0002251,2023-06-16,Commit,Commit
OPP-0002251,2023-06-23,Commit,Commit
OPP-0002251,2023-06-30,Commit,Commit
OPP-0002255,2023-06-02,Commit,Commit
OPP-0002255,2023-06-09,Commit,Best Case
OPP-0002255,2023-06-16,Commit,Best Case
OPP-0002255,2023-06-23,Commit,Commit
OPP-0002255,2023-06-30,Commit,Best Case
OPP-0002256,2023-06-02,Omitted,Omitted
OPP-0002256,2023-06-09,Omitted,Omitted
OPP-0002256,2023-06-16,Omitted,Omitted
OPP-0002256,2023-06-23,Omitted,Omitted
OPP-0002256,2023-06-30,Omitted,Omitted
OPP-0002256,2023-07-07,Omitted,Omitted
OPP-0002256,2023-07-14,Omitted,Omitted
OPP-0002256,2023-07-21,Omitted,Omitted
OPP-0002256,2023-07-28,Omitted,Omitted
OPP-0002256,2023-08-04,Omitted,Omitted
OPP-0002256,2023-08-11,Omitted,Omitted
OPP-0002256,2023-08-18,Omitted,Omitted
OPP-0002256,2023-08-25,Omitted,Omitted
OPP-0002256,2023-09-01,Omitted,Omitted
OPP-0002257,2023-06-02,Pipeline,Omitted
OPP-0002257,2023-06-09,Pipeline,Pipeline
OPP-0002257,2023-06-16,Pipeline,Pipeline
OPP-0002257,2023-06-23,Pipeline,Pipeline
OPP-0002257,2023-06-30,Pipeline,Pipeline
OPP-0002257,2023-07-07,Pipeline,Pipeline
OPP-0002257,2023-07-14,Pipeline,Pipeline
OPP-0002257,2023-07-21,Omitted,Omitted
OPP-0002257,2023-07-28,Omitted,Omitted
OPP-0002257,2023-08-04,Pipeline,Omitted
OPP-0002257,2023-08-11,Pipeline,Omitted
OPP-0002257,2023-08-18,Pipeline,Omitted
OPP-0002257,2023-08-25,Omitted,Omitted
OPP-0002257,2023-09-01,Pipeline,Omitted
OPP-0002257,2023-09-08,Omitted,Omitted
OPP-0002258,2023-06-02,Commit,Commit
OPP-0002258,2023-06-09,Commit,Best Case
OPP-0002258,2023-06-16,Commit,Commit
OPP-0002258,2023-06-23,Commit,Commit
OPP-0002258,2023-06-30,Commit,Commit
OPP-0002258,2023-07-07,Commit,Commit
OPP-0002258,2023-07-14,Commit,Commit
OPP-0002258,2023-07-21,Commit,Commit
OPP-0002258,2023-07-28,Commit,Commit
OPP-0002259,2023-06-02,Omitted,Omitted
OPP-0002259,2023-06-09,Omitted,Omitted
OPP-0002259,2023-06-16,Omitted,Omitted
OPP-0002259,2023-06-23,Pipeline,Omitted
OPP-0002259,2023-06-30,Pipeline,Omitted
OPP-0002259,2023-07-07,Omitted,Omitted
OPP-0002259,2023-07-14,Omitted,Omitted
OPP-0002259,2023-07-21,Pipeline,Omitted
OPP-0002259,2023-07-28,Omitted,Omitted
OPP-0002259,2023-08-04,Omitted,Omitted
OPP-0002259,2023-08-11,Omitted,Omitted
OPP-0002259,2023-08-18,Omitted,Omitted
OPP-0002259,2023-08-25,Omitted,Omitted
OPP-0002259,2023-09-01,Omitted,Omitted
OPP-0002259,2023-09-08,Omitted,Omitted
OPP-0002259,2023-09-15,Omitted,Omitted
OPP-0002259,2023-09-22,Omitted,Omitted
OPP-0002259,2023-09-29,Omitted,Pipeline
OPP-0002259,2023-10-06,Best Case,Best Case
OPP-0002259,2023-10-13,Pipeline,Pipeline
OPP-0002266,2023-06-02,Commit,Commit
OPP-0002266,2023-06-09,Commit,Commit
OPP-0002266,2023-06-16,Commit,Commit
OPP-0002266,2023-06-23,Commit,Commit
OPP-0002266,2023-06-30,Commit,Commit
OPP-0002267,2023-06-02,Omitted,Omitted
OPP-0002267,2023-06-09,Omitted,Pipeline
OPP-0002267,2023-06-16,Pipeline,Pipeline
OPP-0002268,2023-06-02,Commit,Best Case
OPP-0002268,2023-06-09,Best Case,Pipeline
OPP-0002268,2023-06-16,Commit,Best Case
OPP-0002268,2023-06-23,Best Case,Pipeline
OPP-0002268,2023-06-30,Commit,Best Case
OPP-0002268,2023-07-07,Commit,Best Case
OPP-0002268,2023-07-14,Commit,Best Case
OPP-0002268,2023-07-21,Commit,Best Case
OPP-0002268,2023-07-28,Commit,Commit
OPP-0002273,2023-06-09,Pipeline,Pipeline
OPP-0002273,2023-06-16,Pipeline,Pipeline
OPP-0002274,2023-06-09,Best Case,Best Case
OPP-0002274,2023-06-16,Commit,Pipeline
OPP-0002275,2023-06-09,Pipeline,Pipeline
OPP-0002275,2023-06-16,Pipeline,Pipeline
OPP-0002275,2023-06-23,Best Case,Best Case
OPP-0002275,2023-06-30,Best Case,Best Case
OPP-0002275,2023-07-07,Pipeline,Pipeline
OPP-0002276,2023-06-09,Commit,Commit
OPP-0002276,2023-06-16,Commit,Commit
OPP-0002276,2023-06-23,Commit,Best Case
OPP-0002276,2023-06-30,Commit,Commit
OPP-0002276,2023-07-07,Commit,Best Case
OPP-0002276,2023-07-14,Commit,Best Case
OPP-0002276,2023-07-21,Commit,Commit
OPP-0002276,2023-07-28,Commit,Best Case
OPP-0002276,2023-08-04,Commit,Best Case
OPP-0002276,2023-08-11,Commit,Best Case
OPP-0002285,2023-06-09,Pipeline,Pipeline
OPP-0002285,2023-06-16,Pipeline,Pipeline
OPP-0002285,2023-06-23,Pipeline,Pipeline
OPP-0002285,2023-06-30,Pipeline,Pipeline
OPP-0002286,2023-06-09,Pipeline,Omitted
OPP-0002286,2023-06-16,Omitted,Omitted
OPP-0002286,2023-06-23,Pipeline,Omitted
OPP-0002286,2023-06-30,Pipeline,Omitted
OPP-0002286,2023-07-07,Omitted,Omitted
OPP-0002286,2023-07-14,Pipeline,Omitted
OPP-0002286,2023-07-21,Omitted,Omitted
OPP-0002286,2023-07-28,Omitted,Omitted
OPP-0002286,2023-08-04,Omitted,Omitted
OPP-0002286,2023-08-11,Omitted,Omitted
OPP-0002287,2023-06-09,Commit,Commit
OPP-0002287,2023-06-16,Commit,Commit
OPP-0002287,2023-06-23,Commit,Commit
OPP-0002287,2023-06-30,Commit,Commit
OPP-0002287,2023-07-07,Commit,Commit
OPP-0002287,2023-07-14,Commit,Commit
OPP-0002287,2023-07-21,Commit,Commit
OPP-0002287,2023-07-28,Commit,Commit
OPP-0002287,2023-08-04,Commit,Commit
OPP-0002287,2023-08-11,Commit,Commit
OPP-0002287,2023-08-18,Commit,Commit
OPP-0002287,2023-08-25,Commit,Commit
OPP-0002291,2023-06-09,Best Case,Pipeline
OPP-0002291,2023-06-16,Best Case,Best Case
OPP-0002291,2023-06-23,Commit,Commit
OPP-0002291,2023-06-30,Commit,Best Case
OPP-0002291,2023-07-07,Commit,Commit
OPP-0002291,2023-07-14,Commit,Commit
OPP-0002291,2023-07-21,Commit,Best Case
OPP-0002291,2023-07-28,Commit,Commit
OPP-0002291,2023-08-04,Commit,Commit
OPP-0002291,2023-08-11,Best Case,Pipeline
OPP-0002293,2023-06-09,Commit,Best Case
OPP-0002293,2023-06-16,Commit,Commit
OPP-0002293,2023-06-23,Commit,Best Case
OPP-0002293,2023-06-30,Best Case,Pipeline
OPP-0002293,2023-07-07,Commit,Commit
OPP-0002294,2023-06-09,Commit,Commit
OPP-0002294,2023-06-16,Commit,Commit
OPP-0002294,2023-06-23,Best Case,Commit
OPP-0002294,2023-06-30,Commit,Commit
OPP-0002294,2023-07-07,Pipeline,Commit
OPP-0002294,2023-07-14,Best Case,Commit
OPP-0002294,2023-07-21,Commit,Commit
OPP-0002294,2023-07-28,Best Case,Best Case
OPP-0002294,2023-08-04,Commit,Commit
OPP-0002294,2023-08-11,Commit,Commit
OPP-0002294,2023-08-18,Commit,Commit
OPP-0002294,2023-08-25,Commit,Commit
OPP-0002297,2023-06-09,Commit,Commit
OPP-0002297,2023-06-16,Commit,Commit
OPP-0002297,2023-06-23,Commit,Commit
OPP-0002297,2023-06-30,Commit,Commit
OPP-0002297,2023-07-07,Commit,Commit
OPP-0002297,2023-07-14,Commit,Commit
OPP-0002297,2023-07-21,Commit,Commit
OPP-0002297,2023-07-28,Commit,Commit
OPP-0002298,2023-06-09,Pipeline,Omitted
OPP-0002298,2023-06-16,Pipeline,Pipeline
OPP-0002298,2023-06-23,Best Case,Best Case
OPP-0002298,2023-06-30,Pipeline,Pipeline
OPP-0002298,2023-07-07,Best Case,Pipeline
OPP-0002298,2023-07-14,Best Case,Best Case
OPP-0002298,2023-07-21,Commit,Commit
OPP-0002298,2023-07-28,Commit,Commit
OPP-0002298,2023-08-04,Commit,Commit
OPP-0002298,2023-08-11,Commit,Commit
OPP-0002298,2023-08-18,Commit,Commit
OPP-0002302,2023-06-16,Pipeline,Pipeline
OPP-0002302,2023-06-23,Best Case,Best Case
OPP-0002302,2023-06-30,Commit,Commit
OPP-0002302,2023-07-07,Best Case,Best Case
OPP-0002302,2023-07-14,Best Case,Best Case
OPP-0002311,2023-06-16,Best Case,Omitted
OPP-0002311,2023-06-23,Best Case,Pipeline
OPP-0002311,2023-06-30,Pipeline,Omitted
OPP-0002311,2023-07-07,Best Case,Best Case
OPP-0002311,2023-07-14,Best Case,Best Case
OPP-0002311,2023-07-21,Pipeline,Omitted
OPP-0002312,2023-06-16,Omitted,Pipeline
OPP-0002312,2023-06-23,Pipeline,Pipeline
OPP-0002312,2023-06-30,Pipeline,Pipeline
OPP-0002312,2023-07-07,Best Case,Best Case
OPP-0002313,2023-06-16,Commit,Commit
OPP-0002313,2023-06-23,Commit,Commit
OPP-0002313,2023-06-30,Commit,Commit
OPP-0002313,2023-07-07,Commit,Best Case
OPP-0002313,2023-07-14,Commit,Best Case
OPP-0002313,2023-07-21,Commit,Best Case
OPP-0002313,2023-07-28,Commit,Best Case
OPP-0002313,2023-08-04,Commit,Commit
OPP-0002313,2023-08-11,Commit,Commit
OPP-0002313,2023-08-18,Commit,Commit
OPP-0002313,2023-08-25,Commit,Commit
OPP-0002313,2023-09-01,Commit,Commit
OPP-0002314,2023-06-16,Pipeline,Pipeline
OPP-0002314,2023-06-23,Omitted,Pipeline
OPP-0002314,2023-06-30,Best Case,Best Case
OPP-0002314,2023-07-07,Pipeline,Pipeline
OPP-0002314,2023-07-14,Pipeline,Pipeline
OPP-0002314,2023-07-21,Pipeline,Omitted
OPP-0002315,2023-06-16,Pipeline,Omitted
OPP-0002315,2023-06-23,Best Case,Best Case
OPP-0002315,2023-06-30,Pipeline,Pipeline
OPP-0002315,2023-07-07,Best Case,Best Case
OPP-0002317,2023-06-16,Best Case,Pipeline
OPP-0002317,2023-06-23,Best Case,Best Case
OPP-0002317,2023-06-30,Best Case,Best Case
OPP-0002317,2023-07-07,Best Case,Best Case
OPP-0002317,2023-07-14,Best Case,Best Case
OPP-0002317,2023-07-21,Commit,Commit
OPP-0002323,2023-06-16,Omitted,Omitted
OPP-0002323,2023-06-23,Pipeline,Omitted
OPP-0002323,2023-06-30,Pipeline,Pipeline
OPP-0002323,2023-07-07,Best Case,Pipeline
OPP-0002323,2023-07-14,Best Case,Pipeline
OPP-0002324,2023-06-16,Pipeline,Omitted
OPP-0002324,2023-06-23,Best Case,Best Case
OPP-0002324,2023-06-30,Best Case,Best Case
OPP-0002324,2023-07-07,Best Case,Best Case
OPP-0002324,2023-07-14,Best Case,Best Case
OPP-0002325,2023-06-16,Pipeline,Omitted
OPP-0002325,2023-06-23,Pipeline,Pipeline
OPP-0002325,2023-06-30,Best Case,Best Case
OPP-0002325,2023-07-07,Best Case,Best Case
OPP-0002326,2023-06-16,Omitted,Omitted
OPP-0002326,2023-06-23,Pipeline,Omitted
OPP-0002326,2023-06-30,Omitted,Omitted
OPP-0002326,2023-07-07,Pipeline,Omitted
OPP-0002326,2023-07-14,Pipeline,Omitted
OPP-0002326,2023-07-21,Pipeline,Omitted
OPP-0002326,2023-07-28,Pipeline,Pipeline
OPP-0002326,2023-08-04,Pipeline,Pipeline
OPP-0002326,2023-08-11,Pipeline,Pipeline
OPP-0002326,2023-08-18,Best Case,Best Case
OPP-0002327,2023-06-16,Pipeline,Omitted
OPP-0002327,2023-06-23,Pipeline,Omitted
OPP-0002327,2023-06-30,Pipeline,Omitted
OPP-0002327,2023-07-07,Pipeline,Omitted
OPP-0002327,2023-07-14,Pipeline,Omitted
OPP-0002327,2023-07-21,Pipeline,Omitted
OPP-0002327,2023-07-28,Pipeline,Pipeline
OPP-0002327,2023-08-04,Pipeline,Omitted
OPP-0002327,2023-08-11,Best Case,Omitted
OPP-0002327,2023-08-18,Pipeline,Pipeline
OPP-0002327,2023-08-25,Pipeline,Omitted
OPP-0002327,2023-09-01,Best Case,Omitted
OPP-0002327,2023-09-08,Pipeline,Omitted
OPP-0002327,2023-09-15,Pipeline,Omitted
OPP-0002327,2023-09-22,Omitted,Omitted
OPP-0002327,2023-09-29,Pipeline,Omitted
OPP-0002327,2023-10-06,Pipeline,Omitted
OPP-0002327,2023-10-13,Pipeline,Omitted
OPP-0002327,2023-10-20,Omitted,Omitted
OPP-0002327,2023-10-27,Omitted,Omitted
OPP-0002327,2023-11-03,Pipeline,Omitted
OPP-0002327,2023-11-10,Pipeline,Omitted
OPP-0002327,2023-11-17,Pipeline,Omitted
OPP-0002327,2023-11-24,Pipeline,Omitted
OPP-0002331,2023-06-16,Commit,Commit
OPP-0002331,2023-06-23,Commit,Commit
OPP-0002331,2023-06-30,Commit,Commit
OPP-0002332,2023-06-16,Pipeline,Omitted
OPP-0002332,2023-06-23,Omitted,Pipeline
OPP-0002332,2023-06-30,Pipeline,Omitted
OPP-0002332,2023-07-07,Pipeline,Pipeline
OPP-0002332,2023-07-14,Best Case,Pipeline
OPP-0002333,2023-06-16,Pipeline,Pipeline
OPP-0002333,2023-06-23,Best Case,Best Case
OPP-0002333,2023-06-30,Best Case,Pipeline
OPP-0002333,2023-07-07,Best Case,Best Case
OPP-0002333,2023-07-14,Best Case,Best Case
OPP-0002333,2023-07-21,Pipeline,Pipeline
OPP-0002334,2023-06-16,Commit,Best Case
OPP-0002334,2023-06-23,Commit,Commit
OPP-0002334,2023-06-30,Commit,Commit
OPP-0002334,2023-07-07,Commit,Commit
OPP-0002334,2023-07-14,Commit,Commit
OPP-0002334,2023-07-21,Commit,Commit
OPP-0002334,2023-07-28,Commit,Commit
OPP-0002334,2023-08-04,Commit,Commit
OPP-0002334,2023-08-11,Commit,Commit
OPP-0002334,2023-08-18,Commit,Commit
OPP-0002334,2023-08-25,Commit,Commit
OPP-0002334,2023-09-01,Commit,Commit
OPP-0002334,2023-09-08,Commit,Commit
OPP-0002339,2023-06-16,Pipeline,Pipeline
OPP-0002339,2023-06-23,Pipeline,Pipeline
OPP-0002339,2023-06-30,Pipeline,Pipeline
OPP-0002339,2023-07-07,Pipeline,Pipeline
OPP-0002339,2023-07-14,Best Case,Best Case
OPP-0002340,2023-06-16,Pipeline,Pipeline
OPP-0002340,2023-06-23,Pipeline,Omitted
OPP-0002340,2023-06-30,Best Case,Best Case
OPP-0002341,2023-06-16,Pipeline,Omitted
OPP-0002341,2023-06-23,Pipeline,Pipeline
OPP-0002341,2023-06-30,Pipeline,Pipeline
OPP-0002341,2023-07-07,Best Case,Pipeline
OPP-0002343,2023-06-23,Best Case,Omitted
OPP-0002343,2023-06-30,Pipeline,Omitted
OPP-0002343,2023-07-07,Pipeline,Omitted
OPP-0002343,2023-07-14,Commit,Commit
OPP-0002344,2023-06-23,Commit,Commit
OPP-0002344,2023-06-30,Commit,Commit
OPP-0002344,2023-07-07,Commit,Commit
OPP-0002344,2023-07-14,Commit,Commit
OPP-0002344,2023-07-21,Commit,Commit
OPP-0002344,2023-07-28,Commit,Commit
OPP-0002344,2023-08-04,Commit,Commit
OPP-0002344,2023-08-11,Commit,Commit
OPP-0002344,2023-08-18,Commit,Commit
OPP-0002344,2023-08-25,Commit,Commit
OPP-0002344,2023-09-01,Commit,Commit
OPP-0002344,2023-09-08,Commit,Commit
OPP-0002344,2023-09-15,Commit,Commit
OPP-0002345,2023-06-23,Omitted,Omitted
OPP-0002345,2023-06-30,Omitted,Omitted
OPP-0002345,2023-07-07,Omitted,Omitted
OPP-0002345,2023-07-14,Omitted,Pipeline
OPP-0002345,2023-07-21,Omitted,Omitted
OPP-0002345,2023-07-28,Omitted,Omitted
OPP-0002345,2023-08-04,Omitted,Omitted
OPP-0002345,2023-08-11,Omitted,Omitted
OPP-0002345,2023-08-18,Omitted,Omitted
OPP-0002345,2023-08-25,Omitted,Omitted
OPP-0002345,2023-09-01,Omitted,Omitted
OPP-0002345,2023-09-08,Omitted,Omitted
OPP-0002345,2023-09-15,Omitted,Omitted
OPP-0002345,2023-09-22,Omitted,Omitted
OPP-0002345,2023-09-29,Pipeline,Omitted
OPP-0002345,2023-10-06,Pipeline,Omitted
OPP-0002345,2023-10-13,Pipeline,Pipeline
OPP-0002345,2023-10-20,Pipeline,Pipeline
OPP-0002345,2023-10-27,Pipeline,Pipeline
OPP-0002345,2023-11-03,Pipeline,Best Case
OPP-0002345,2023-11-10,Pipeline,Pipeline
OPP-0002345,2023-11-17,Omitted,Pipeline
OPP-0002345,2023-11-24,Best Case,Best Case
OPP-0002348,2023-06-23,Commit,Best Case
OPP-0002348,2023-06-30,Commit,Best Case
OPP-0002348,2023-07-07,Commit,Commit
OPP-0002348,2023-07-14,Commit,Commit
OPP-0002348,2023-07-21,Commit,Best Case
OPP-0002348,2023-07-28,Commit,Best Case
OPP-0002348,2023-08-04,Commit,Best Case
OPP-0002348,2023-08-11,Commit,Best Case
OPP-0002348,2023-08-18,Commit,Best Case
OPP-0002354,2023-06-23,Best Case,Best Case
OPP-0002354,2023-06-30,Best Case,Best Case
OPP-0002355,2023-06-23,Pipeline,Omitted
OPP-0002355,2023-06-30,Pipeline,Omitted
OPP-0002355,2023-07-07,Best Case,Best Case
OPP-0002356,2023-06-23,Commit,Commit
OPP-0002356,2023-06-30,Commit,Commit
OPP-0002356,2023-07-07,Commit,Commit
OPP-0002356,2023-07-14,Commit,Commit
OPP-0002356,2023-07-21,Commit,Commit
OPP-0002356,2023-07-28,Commit,Best Case
OPP-0002356,2023-08-04,Commit,Best Case
OPP-0002356,2023-08-11,Commit,Commit
OPP-0002357,2023-06-23,Pipeline,Omitted
OPP-0002357,2023-06-30,Pipeline,Pipeline
OPP-0002357,2023-07-07,Pipeline,Pipeline
OPP-0002357,2023-07-14,Pipeline,Pipeline
OPP-0002366,2023-06-23,Commit,Best Case
OPP-0002366,2023-06-30,Commit,Best Case
OPP-0002366,2023-07-07,Commit,Commit
OPP-0002366,2023-07-14,Commit,Commit
OPP-0002366,2023-07-21,Commit,Commit
OPP-0002366,2023-07-28,Commit,Commit
OPP-0002366,2023-08-04,Commit,Commit
OPP-0002366,2023-08-11,Commit,Commit
OPP-0002366,2023-08-18,Commit,Commit
OPP-0002366,2023-08-25,Commit,Commit
OPP-0002366,2023-09-01,Commit,Commit
OPP-0002367,2023-06-23,Omitted,Omitted
OPP-0002367,2023-06-30,Omitted,Omitted
OPP-0002367,2023-07-07,Omitted,Omitted
OPP-0002367,2023-07-14,Pipeline,Omitted
OPP-0002367,2023-07-21,Omitted,Omitted
OPP-0002367,2023-07-28,Omitted,Omitted
OPP-0002367,2023-08-04,Omitted,Omitted
OPP-0002368,2023-06-23,Pipeline,Omitted
OPP-0002368,2023-06-30,Pipeline,Omitted
OPP-0002368,2023-07-07,Pipeline,Pipeline
OPP-0002374,2023-06-30,Pipeline,Pipeline
OPP-0002374,2023-07-07,Best Case,Best Case
OPP-0002374,2023-07-14,Best Case,Best Case
OPP-0002375,2023-06-30,Pipeline,Pipeline
OPP-0002375,2023-07-07,Best Case,Best Case
OPP-0002378,2023-06-30,Pipeline,Omitted
OPP-0002378,2023-07-07,Omitted,Omitted
OPP-0002378,2023-07-14,Best Case,Omitted
OPP-0002379,2023-06-30,Omitted,Pipeline
OPP-0002379,2023-07-07,Pipeline,Pipeline
OPP-0002379,2023-07-14,Pipeline,Pipeline
OPP-0002379,2023-07-21,Omitted,Pipeline
OPP-0002380,2023-06-30,Best Case,Pipeline
OPP-0002380,2023-07-07,Commit,Best Case
OPP-0002380,2023-07-14,Commit,Commit
OPP-0002380,2023-07-21,Commit,Commit
OPP-0002380,2023-07-28,Commit,Commit
OPP-0002387,2023-06-30,Commit,Commit
OPP-0002387,2023-07-07,Commit,Commit
OPP-0002387,2023-07-14,Commit,Best Case
OPP-0002387,2023-07-21,Commit,Best Case
OPP-0002387,2023-07-28,Commit,Commit
OPP-0002388,2023-06-30,Commit,Commit
OPP-0002388,2023-07-07,Commit,Commit
OPP-0002388,2023-07-14,Commit,Commit
OPP-0002388,2023-07-21,Commit,Commit
OPP-0002388,2023-07-28,Commit,Commit
OPP-0002394,2023-06-30,Commit,Commit
OPP-0002394,2023-07-07,Commit,Commit
OPP-0002394,2023-07-14,Commit,Commit
OPP-0002394,2023-07-21,Commit,Commit
OPP-0002394,2023-07-28,Commit,Commit
OPP-0002396,2023-06-30,Pipeline,Omitted
OPP-0002396,2023-07-07,Best Case,Best Case
OPP-0002396,2023-07-14,Commit,Best Case
OPP-0002397,2023-06-30,Omitted,Omitted
OPP-0002397,2023-07-07,Pipeline,Omitted
OPP-0002397,2023-07-14,Best Case,Pipeline
OPP-0002398,2023-06-30,Pipeline,Omitted
OPP-0002398,2023-07-07,Pipeline,Omitted
OPP-0002398,2023-07-14,Pipeline,Omitted
OPP-0002398,2023-07-21,Pipeline,Omitted
OPP-0002398,2023-07-28,Pipeline,Pipeline
OPP-0002398,2023-08-04,Best Case,Best Case
OPP-0002398,2023-08-11,Pipeline,Omitted
OPP-0002398,2023-08-18,Best Case,Best Case
OPP-0002398,2023-08-25,Best Case,Best Case
OPP-0002398,2023-09-01,Pipeline,Omitted
OPP-0002398,2023-09-08,Omitted,Omitted
OPP-0002399,2023-06-30,Omitted,Omitted
OPP-0002399,2023-07-07,Omitted,Omitted
OPP-0002399,2023-07-14,Omitted,Omitted
OPP-0002399,2023-07-21,Omitted,Omitted
OPP-0002399,2023-07-28,Pipeline,Omitted
OPP-0002399,2023-08-04,Pipeline,Omitted
OPP-0002399,2023-08-11,Pipeline,Omitted
OPP-0002399,2023-08-18,Pipeline,Pipeline
OPP-0002399,2023-08-25,Commit,Commit
OPP-0002399,2023-09-01,Best Case,Pipeline
OPP-0002400,2023-06-30,Omitted,Omitted
OPP-0002400,2023-07-07,Pipeline,Pipeline
OPP-0002400,2023-07-14,Pipeline,Pipeline
OPP-0002400,2023-07-21,Pipeline,Pipeline
OPP-0002401,2023-07-07,Omitted,Omitted
OPP-0002401,2023-07-14,Pipeline,Omitted
OPP-0002401,2023-07-21,Pipeline,Pipeline
OPP-0002401,2023-07-28,Pipeline,Pipeline
OPP-0002401,2023-08-04,Pipeline,Pipeline
OPP-0002401,2023-08-11,Pipeline,Pipeline
OPP-0002401,2023-08-18,Omitted,Pipeline
OPP-0002401,2023-08-25,Pipeline,Pipeline
OPP-0002401,2023-09-01,Pipeline,Pipeline
OPP-0002401,2023-09-08,Best Case,Pipeline
OPP-0002401,2023-09-15,Pipeline,Omitted
OPP-0002401,2023-09-22,Pipeline,Omitted
OPP-0002401,2023-09-29,Pipeline,Pipeline
OPP-0002401,2023-10-06,Omitted,Omitted
OPP-0002401,2023-10-13,Omitted,Omitted
OPP-0002401,2023-10-20,Commit,Best Case
OPP-0002402,2023-07-07,Omitted,Omitted
OPP-0002402,2023-07-14,Omitted,Omitted
OPP-0002402,2023-07-21,Omitted,Omitted
OPP-0002402,2023-07-28,Omitted,Omitted
OPP-0002402,2023-08-04,Omitted,Omitted
OPP-0002402,2023-08-11,Omitted,Omitted
OPP-0002402,2023-08-18,Pipeline,Omitted
OPP-0002402,2023-08-25,Omitted,Pipeline
OPP-0002402,2023-09-01,Pipeline,Pipeline
OPP-0002402,2023-09-08,Pipeline,Pipeline
OPP-0002402,2023-09-15,Pipeline,Pipeline
OPP-0002402,2023-09-22,Pipeline,Pipeline
OPP-0002402,2023-09-29,Best Case,Best Case
OPP-0002402,2023-10-06,Best Case,Best Case
OPP-0002402,2023-10-13,Best Case,Best Case
OPP-0002402,2023-10-20,Best Case,Best Case
OPP-0002402,2023-10-27,Best Case,Best Case
OPP-0002402,2023-11-03,Best Case,Best Case
OPP-0002402,2023-11-10,Best Case,Best Case
OPP-0002402,2023-11-17,Best Case,Commit
OPP-0002403,2023-07-07,Omitted,Omitted
OPP-0002403,2023-07-14,Pipeline,Pipeline
OPP-0002403,2023-07-21,Best Case,Omitted
OPP-0002403,2023-07-28,Best Case,Best Case
OPP-0002404,2023-07-07,Omitted,Omitted
OPP-0002404,2023-07-14,Omitted,Omitted
OPP-0002404,2023-07-21,Pipeline,Omitted
OPP-0002406,2023-07-07,Omitted,Pipeline
OPP-0002406,2023-07-14,Pipeline,Omitted
OPP-0002406,2023-07-21,Pipeline,Pipeline
OPP-0002406,2023-07-28,Pipeline,Pipeline
OPP-0002406,2023-08-04,Best Case,Best Case
OPP-0002407,2023-07-07,Pipeline,Pipeline
OPP-0002407,2023-07-14,Omitted,Omitted
OPP-0002407,2023-07-21,Pipeline,Pipeline
OPP-0002407,2023-07-28,Best Case,Best Case
OPP-0002407,2023-08-04,Best Case,Best Case
OPP-0002407,2023-08-11,Pipeline,Pipeline
OPP-0002414,2023-07-07,Pipeline,Pipeline
OPP-0002414,2023-07-14,Pipeline,Pipeline
OPP-0002414,2023-07-21,Best Case,Best Case
OPP-0002414,2023-07-28,Best Case,Omitted
OPP-0002415,2023-07-07,Pipeline,Omitted
OPP-0002415,2023-07-14,Pipeline,Omitted
OPP-0002415,2023-07-21,Pipeline,Omitted
OPP-0002415,2023-07-28,Best Case,Pipeline
OPP-0002415,2023-08-04,Pipeline,Pipeline
OPP-0002415,2023-08-11,Best Case,Best Case
OPP-0002416,2023-07-07,Pipeline,Omitted
OPP-0002416,2023-07-14,Pipeline,Omitted
OPP-0002416,2023-07-21,Pipeline,Omitted
OPP-0002417,2023-07-07,Pipeline,Omitted
OPP-0002417,2023-07-14,Pipeline,Pipeline
OPP-0002417,2023-07-21,Pipeline,Pipeline
OPP-0002417,2023-07-28,Pipeline,Pipeline
OPP-0002417,2023-08-04,Best Case,Best Case
OPP-0002417,2023-08-11,Commit,Commit
OPP-0002418,2023-07-07,Omitted,Pipeline
OPP-0002418,2023-07-14,Omitted,Omitted
OPP-0002418,2023-07-21,Omitted,Omitted
OPP-0002418,2023-07-28,Pipeline,Omitted
OPP-0002418,2023-08-04,Omitted,Omitted
OPP-0002418,2023-08-11,Pipeline,Omitted
OPP-0002418,2023-08-18,Omitted,Pipeline
OPP-0002418,2023-08-25,Pipeline,Omitted
OPP-0002418,2023-09-01,Pipeline,Pipeline
OPP-0002418,2023-09-08,Pipeline,Pipeline
OPP-0002418,2023-09-15,Pipeline,Pipeline
OPP-0002418,2023-09-22,Best Case,Best Case
OPP-0002420,2023-07-07,Omitted,Omitted
OPP-0002420,2023-07-14,Omitted,Omitted
OPP-0002420,2023-07-21,Best Case,Best Case
OPP-0002420,2023-07-28,Omitted,Omitted
OPP-0002420,2023-08-04,Pipeline,Omitted
OPP-0002420,2023-08-11,Pipeline,Best Case
OPP-0002425,2023-07-07,Commit,Commit
OPP-0002425,2023-07-14,Commit,Commit
OPP-0002425,2023-07-21,Commit,Commit
OPP-0002425,2023-07-28,Commit,Commit
OPP-0002425,2023-08-04,Commit,Commit
OPP-0002425,2023-08-11,Commit,Commit
OPP-0002425,2023-08-18,Commit,Commit
OPP-0002425,2023-08-25,Commit,Commit
OPP-0002425,2023-09-01,Commit,Commit
OPP-0002425,2023-09-08,Commit,Commit
OPP-0002429,2023-07-07,Omitted,Omitted
OPP-0002429,2023-07-14,Pipeline,Omitted
OPP-0002429,2023-07-21,Omitted,Omitted
OPP-0002429,2023-07-28,Pipeline,Pipeline
OPP-0002430,2023-07-07,Best Case,Best Case
OPP-0002430,2023-07-14,Best Case,Best Case
OPP-0002430,2023-07-21,Best Case,Best Case
OPP-0002430,2023-07-28,Commit,Best Case
OPP-0002430,2023-08-04,Commit,Commit
OPP-0002431,2023-07-07,Pipeline,Omitted
OPP-0002431,2023-07-14,Pipeline,Pipeline
OPP-0002431,2023-07-21,Pipeline,Pipeline
OPP-0002431,2023-07-28,Best Case,Pipeline
OPP-0002431,2023-08-04,Pipeline,Pipeline
OPP-0002432,2023-07-07,Pipeline,Best Case
OPP-0002432,2023-07-14,Pipeline,Best Case
OPP-0002432,2023-07-21,Best Case,Pipeline
OPP-0002432,2023-07-28,Pipeline,Best Case
OPP-0002432,2023-08-04,Best Case,Best Case
OPP-0002432,2023-08-11,Commit,Best Case
OPP-0002432,2023-08-18,Commit,Best Case
OPP-0002432,2023-08-25,Commit,Best Case
OPP-0002432,2023-09-01,Best Case,Pipeline
OPP-0002432,2023-09-08,Commit,Best Case
OPP-0002432,2023-09-15,Commit,Best Case
OPP-0002432,2023-09-22,Commit,Best Case
OPP-0002432,2023-09-29,Commit,Best Case
OPP-0002435,2023-07-14,Commit,Best Case
OPP-0002435,2023-07-21,Commit,Commit
OPP-0002435,2023-07-28,Commit,Best Case
OPP-0002435,2023-08-04,Commit,Commit
OPP-0002435,2023-08-11,Commit,Best Case
OPP-0002435,2023-08-18,Commit,Best Case
OPP-0002435,2023-08-25,Commit,Best Case
OPP-0002435,2023-09-01,Commit,Commit
OPP-0002435,2023-09-08,Commit,Commit
OPP-0002435,2023-09-15,Commit,Commit
OPP-0002435,2023-09-22,Commit,Commit
OPP-0002435,2023-09-29,Commit,Commit
OPP-0002438,2023-07-14,Omitted,Pipeline
OPP-0002438,2023-07-21,Pipeline,Omitted
OPP-0002438,2023-07-28,Omitted,Omitted
OPP-0002438,2023-08-04,Pipeline,Pipeline
OPP-0002438,2023-08-11,Pipeline,Pipeline
OPP-0002439,2023-07-14,Pipeline,Omitted
OPP-0002439,2023-07-21,Pipeline,Pipeline
OPP-0002439,2023-07-28,Omitted,Pipeline
OPP-0002439,2023-08-04,Pipeline,Pipeline
OPP-0002439,2023-08-11,Best Case,Best Case
OPP-0002439,2023-08-18,Best Case,Best Case
OPP-0002440,2023-07-14,Pipeline,Pipeline
OPP-0002440,2023-07-21,Best Case,Best Case
OPP-0002440,2023-07-28,Pipeline,Pipeline
OPP-0002440,2023-08-04,Pipeline,Pipeline
OPP-0002440,2023-08-11,Pipeline,Pipeline
OPP-0002440,2023-08-18,Pipeline,Pipeline
OPP-0002440,2023-08-25,Pipeline,Pipeline
OPP-0002440,2023-09-01,Pipeline,Omitted
OPP-0002440,2023-09-08,Pipeline,Omitted
OPP-0002440,2023-09-15,Pipeline,Pipeline
OPP-0002440,2023-09-22,Pipeline,Omitted
OPP-0002440,2023-09-29,Pipeline,Pipeline
OPP-0002440,2023-10-06,Pipeline,Pipeline
OPP-0002440,2023-10-13,Omitted,Omitted
OPP-0002440,2023-10-20,Omitted,Omitted
OPP-0002440,2023-10-27,Pipeline,Omitted
OPP-0002440,2023-11-03,Pipeline,Pipeline
OPP-0002440,2023-11-10,Pipeline,Omitted
OPP-0002442,2023-07-14,Omitted,Omitted
OPP-0002442,2023-07-21,Omitted,Omitted
OPP-0002442,2023-07-28,Omitted,Omitted
OPP-0002442,2023-08-04,Omitted,Omitted
OPP-0002442,2023-08-11,Omitted,Omitted
OPP-0002442,2023-08-18,Omitted,Omitted
OPP-0002442,2023-08-25,Pipeline,Omitted
OPP-0002442,2023-09-01,Omitted,Pipeline
OPP-0002442,2023-09-08,Omitted,Pipeline
OPP-0002442,2023-09-15,Omitted,Omitted
OPP-0002442,2023-09-22,Omitted,Omitted
OPP-0002442,2023-09-29,Omitted,Omitted
OPP-0002442,2023-10-06,Pipeline,Pipeline
OPP-0002442,2023-10-13,Pipeline,Pipeline
OPP-0002442,2023-10-20,Pipeline,Best Case
OPP-0002442,2023-10-27,Best Case,Best Case
OPP-0002443,2023-07-14,Omitted,Omitted
OPP-0002443,2023-07-21,Omitted,Omitted
OPP-0002443,2023-07-28,Pipeline,Omitted
OPP-0002443,2023-08-04,Omitted,Pipeline
OPP-0002443,2023-08-11,Pipeline,Pipeline
OPP-0002443,2023-08-18,Pipeline,Pipeline
OPP-0002443,2023-08-25,Pipeline,Omitted
OPP-0002443,2023-09-01,Pipeline,Pipeline
OPP-0002443,2023-09-08,Pipeline,Pipeline
OPP-0002443,2023-09-15,Pipeline,Pipeline
OPP-0002443,2023-09-22,Pipeline,Pipeline
OPP-0002443,2023-09-29,Pipeline,Omitted
OPP-0002443,2023-10-06,Omitted,Omitted
OPP-0002443,2023-10-13,Pipeline,Pipeline
OPP-0002443,2023-10-20,Omitted,Omitted
OPP-0002444,2023-07-14,Best Case,Best Case
OPP-0002444,2023-07-21,Best Case,Best Case
OPP-0002444,2023-07-28,Pipeline,Omitted
OPP-0002444,2023-08-04,Pipeline,Pipeline
OPP-0002444,2023-08-11,Best Case,Best Case
OPP-0002444,2023-08-18,Best Case,Best Case
OPP-0002448,2023-07-14,Pipeline,Omitted
OPP-0002448,2023-07-21,Omitted,Omitted
OPP-0002448,2023-07-28,Omitted,Omitted
OPP-0002448,2023-08-04,Omitted,Omitted
OPP-0002448,2023-08-11,Pipeline,Omitted
OPP-0002448,2023-08-18,Pipeline,Omitted
OPP-0002448,2023-08-25,Pipeline,Omitted
OPP-0002448,2023-09-01,Pipeline,Pipeline
OPP-0002448,2023-09-08,Pipeline,Omitted
OPP-0002448,2023-09-15,Pipeline,Omitted
OPP-0002448,2023-09-22,Pipeline,Omitted
OPP-0002448,2023-09-29,Pipeline,Omitted
OPP-0002448,2023-10-06,Pipeline,Omitted
OPP-0002448,2023-10-13,Pipeline,Omitted
OPP-0002448,2023-10-20,Pipeline,Omitted
OPP-0002448,2023-10-27,Pipeline,Omitted
OPP-0002448,2023-11-03,Pipeline,Omitted
OPP-0002448,2023-11-10,Pipeline,Omitted
OPP-0002448,2023-11-17,Pipeline,Omitted
OPP-0002449,2023-07-14,Omitted,Omitted
OPP-0002449,2023-07-21,Pipeline,Omitted
OPP-0002449,2023-07-28,Omitted,Omitted
OPP-0002449,2023-08-04,Omitted,Omitted
OPP-0002449,2023-08-11,Omitted,Omitted
OPP-0002449,2023-08-18,Pipeline,Omitted
OPP-0002449,2023-08-25,Pipeline,Omitted
OPP-0002449,2023-09-01,Omitted,Omitted
OPP-0002449,2023-09-08,Omitted,Omitted
OPP-0002449,2023-09-15,Omitted,Omitted
OPP-0002449,2023-09-22,Omitted,Omitted
OPP-0002450,2023-07-14,Pipeline,Omitted
OPP-0002450,2023-07-21,Best Case,Best Case
OPP-0002454,2023-07-14,Commit,Commit
OPP-0002454,2023-07-21,Commit,Commit
OPP-0002454,2023-07-28,Commit,Commit
OPP-0002455,2023-07-14,Omitted,Omitted
OPP-0002455,2023-07-21,Omitted,Omitted
OPP-0002455,2023-07-28,Omitted,Pipeline
OPP-0002455,2023-08-04,Pipeline,Pipeline
OPP-0002458,2023-07-14,Commit,Commit
OPP-0002458,2023-07-21,Commit,Commit
OPP-0002458,2023-07-28,Commit,Commit
OPP-0002458,2023-08-04,Commit,Commit
OPP-0002458,2023-08-11,Commit,Commit
OPP-0002458,2023-08-18,Commit,Commit
OPP-0002464,2023-07-14,Pipeline,Omitted
OPP-0002464,2023-07-21,Pipeline,Pipeline
OPP-0002464,2023-07-28,Best Case,Best Case
OPP-0002465,2023-07-14,Pipeline,Pipeline
OPP-0002465,2023-07-21,Pipeline,Pipeline
OPP-0002465,2023-07-28,Omitted,Pipeline
OPP-0002465,2023-08-04,Pipeline,Omitted
OPP-0002465,2023-08-11,Best Case,Best Case
OPP-0002465,2023-08-18,Best Case,Best Case
OPP-0002471,2023-07-21,Pipeline,Omitted
OPP-0002471,2023-07-28,Omitted,Omitted
OPP-0002471,2023-08-04,Pipeline,Omitted
OPP-0002471,2023-08-11,Omitted,Omitted
OPP-0002471,2023-08-18,Best Case,Best Case
OPP-0002476,2023-07-21,Pipeline,Omitted
OPP-0002476,2023-07-28,Omitted,Omitted
OPP-0002476,2023-08-04,Pipeline,Omitted
OPP-0002476,2023-08-11,Best Case,Omitted
OPP-0002477,2023-07-21,Best Case,Pipeline
OPP-0002477,2023-07-28,Commit,Pipeline
OPP-0002477,2023-08-04,Commit,Commit
OPP-0002480,2023-07-21,Pipeline,Omitted
OPP-0002480,2023-07-28,Pipeline,Omitted
OPP-0002480,2023-08-04,Omitted,Omitted
OPP-0002480,2023-08-11,Omitted,Omitted
OPP-0002480,2023-08-18,Pipeline,Pipeline
OPP-0002483,2023-07-21,Omitted,Omitted
OPP-0002483,2023-07-28,Omitted,Omitted
OPP-0002483,2023-08-04,Omitted,Omitted
OPP-0002483,2023-08-11,Omitted,Omitted
OPP-0002483,2023-08-18,Omitted,Pipeline
OPP-0002483,2023-08-25,Omitted,Omitted
OPP-0002483,2023-09-01,Pipeline,Omitted
OPP-0002483,2023-09-08,Pipeline,Omitted
OPP-0002483,2023-09-15,Pipeline,Omitted
OPP-0002483,2023-09-22,Pipeline,Pipeline
OPP-0002483,2023-09-29,Pipeline,Omitted
OPP-0002483,2023-10-06,Pipeline,Omitted
OPP-0002483,2023-10-13,Omitted,Pipeline
OPP-0002483,2023-10-20,Pipeline,Pipeline
OPP-0002483,2023-10-27,Pipeline,Pipeline
OPP-0002483,2023-11-03,Omitted,Pipeline
OPP-0002483,2023-11-10,Pipeline,Omitted
OPP-0002483,2023-11-17,Pipeline,Omitted
OPP-0002483,2023-11-24,Pipeline,Pipeline
OPP-0002483,2023-12-01,Pipeline,Omitted
OPP-0002483,2023-12-08,Omitted,Omitted
OPP-0002483,2023-12-15,Best Case,Best Case
OPP-0002483,2023-12-22,Omitted,Omitted
OPP-0002484,2023-07-21,Pipeline,Pipeline
OPP-0002484,2023-07-28,Pipeline,Pipeline
OPP-0002484,2023-08-04,Pipeline,Pipeline
OPP-0002484,2023-08-11,Pipeline,Pipeline
OPP-0002484,2023-08-18,Pipeline,Pipeline
OPP-0002484,2023-08-25,Pipeline,Omitted
OPP-0002484,2023-09-01,Pipeline,Pipeline
OPP-0002484,2023-09-08,Best Case,Pipeline
OPP-0002484,2023-09-15,Best Case,Pipeline
OPP-0002484,2023-09-22,Best Case,Best Case
OPP-0002484,2023-09-29,Best Case,Pipeline
OPP-0002484,2023-10-06,Commit,Best Case
OPP-0002485,2023-07-21,Omitted,Omitted
OPP-0002485,2023-07-28,Pipeline,Omitted
OPP-0002485,2023-08-04,Pipeline,Omitted
OPP-0002485,2023-08-11,Pipeline,Pipeline
OPP-0002485,2023-08-18,Pipeline,Pipeline
OPP-0002492,2023-07-21,Pipeline,Omitted
OPP-0002492,2023-07-28,Pipeline,Omitted
OPP-0002492,2023-08-04,Omitted,Omitted
OPP-0002492,2023-08-11,Omitted,Omitted
OPP-0002492,2023-08-18,Omitted,Omitted
OPP-0002492,2023-08-25,Omitted,Omitted
OPP-0002492,2023-09-01,Omitted,Omitted
OPP-0002492,2023-09-08,Pipeline,Omitted
OPP-0002492,2023-09-15,Pipeline,Omitted
OPP-0002492,2023-09-22,Omitted,Omitted
OPP-0002492,2023-09-29,Omitted,Omitted
OPP-0002496,2023-07-21,Pipeline,Pipeline
OPP-0002496,2023-07-28,Pipeline,Pipeline
OPP-0002496,2023-08-04,Pipeline,Pipeline
OPP-0002496,2023-08-11,Best Case,Best Case
OPP-0002497,2023-07-21,Omitted,Omitted
OPP-0002497,2023-07-28,Omitted,Omitted
OPP-0002497,2023-08-04,Omitted,Omitted
OPP-0002497,2023-08-11,Pipeline,Omitted
OPP-0002497,2023-08-18,Pipeline,Omitted
OPP-0002504,2023-07-28,Commit,Commit
OPP-0002504,2023-08-04,Commit,Best Case
OPP-0002504,2023-08-11,Commit,Best Case
OPP-0002504,2023-08-18,Commit,Best Case
OPP-0002504,2023-08-25,Commit,Commit
OPP-0002507,2023-07-28,Commit,Commit
OPP-0002507,2023-08-04,Commit,Commit
OPP-0002507,2023-08-11,Commit,Commit
OPP-0002507,2023-08-18,Commit,Commit
OPP-0002507,2023-08-25,Commit,Commit
OPP-0002508,2023-07-28,Pipeline,Best Case
OPP-0002508,2023-08-04,Best Case,Best Case
OPP-0002508,2023-08-11,Commit,Commit
OPP-0002510,2023-07-28,Pipeline,Pipeline
OPP-0002510,2023-08-04,Pipeline,Pipeline
OPP-0002510,2023-08-11,Omitted,Omitted
OPP-0002513,2023-07-28,Commit,Commit
OPP-0002513,2023-08-04,Commit,Commit
OPP-0002513,2023-08-11,Commit,Commit
OPP-0002513,2023-08-18,Commit,Commit
OPP-0002513,2023-08-25,Commit,Commit
OPP-0002518,2023-07-28,Commit,Commit
OPP-0002518,2023-08-04,Commit,Commit
OPP-0002518,2023-08-11,Commit,Commit
OPP-0002518,2023-08-18,Commit,Commit
OPP-0002518,2023-08-25,Commit,Commit
OPP-0002519,2023-07-28,Omitted,Omitted
OPP-0002519,2023-08-04,Omitted,Omitted
OPP-0002519,2023-08-11,Omitted,Omitted
OPP-0002519,2023-08-18,Omitted,Omitted
OPP-0002519,2023-08-25,Omitted,Omitted
OPP-0002519,2023-09-01,Omitted,Omitted
OPP-0002519,2023-09-08,Omitted,Omitted
OPP-0002519,2023-09-15,Omitted,Omitted
OPP-0002519,2023-09-22,Omitted,Omitted
OPP-0002519,2023-09-29,Omitted,Omitted
OPP-0002519,2023-10-06,Omitted,Omitted
OPP-0002519,2023-10-13,Pipeline,Pipeline
OPP-0002519,2023-10-20,Commit,Best Case
OPP-0002522,2023-08-04,Pipeline,Pipeline
OPP-0002522,2023-08-11,Best Case,Best Case
OPP-0002522,2023-08-18,Best Case,Pipeline
OPP-0002522,2023-08-25,Best Case,Best Case
OPP-0002522,2023-09-01,Commit,Commit
OPP-0002523,2023-08-04,Omitted,Omitted
OPP-0002523,2023-08-11,Omitted,Omitted
OPP-0002523,2023-08-18,Omitted,Omitted
OPP-0002523,2023-08-25,Omitted,Omitted
OPP-0002523,2023-09-01,Omitted,Omitted
OPP-0002523,2023-09-08,Omitted,Omitted
OPP-0002523,2023-09-15,Omitted,Omitted
OPP-0002523,2023-09-22,Omitted,Omitted
OPP-0002523,2023-09-29,Omitted,Omitted
OPP-0002523,2023-10-06,Omitted,Omitted
OPP-0002523,2023-10-13,Omitted,Omitted
OPP-0002523,2023-10-20,Omitted,Omitted
OPP-0002523,2023-10-27,Omitted,Omitted
OPP-0002523,2023-11-03,Omitted,Omitted
OPP-0002523,2023-11-10,Omitted,Omitted
OPP-0002523,2023-11-17,Omitted,Omitted
OPP-0002523,2023-11-24,Omitted,Omitted
OPP-0002523,2023-12-01,Omitted,Omitted
OPP-0002523,2023-12-08,Omitted,Omitted
OPP-0002523,2023-12-15,Omitted,Omitted
OPP-0002523,2023-12-22,Omitted,Omitted
OPP-0002523,2023-12-29,Omitted,Pipeline
OPP-0002523,2024-01-05,Omitted,Omitted
OPP-0002524,2023-08-04,Commit,Commit
OPP-0002524,2023-08-11,Commit,Commit
OPP-0002524,2023-08-18,Commit,Commit
OPP-0002524,2023-08-25,Commit,Commit
OPP-0002524,2023-09-01,Commit,Commit
OPP-0002524,2023-09-08,Commit,Commit
OPP-0002524,2023-09-15,Commit,Commit
OPP-0002524,2023-09-22,Commit,Commit
OPP-0002524,2023-09-29,Commit,Commit
OPP-0002524,2023-10-06,Commit,Commit
OPP-0002524,2023-10-13,Commit,Commit
OPP-0002524,2023-10-20,Commit,Commit
OPP-0002525,2023-08-04,Omitted,Omitted
OPP-0002525,2023-08-11,Omitted,Omitted
OPP-0002525,2023-08-18,Omitted,Omitted
OPP-0002525,2023-08-25,Pipeline,Omitted
OPP-0002525,2023-09-01,Omitted,Omitted
OPP-0002525,2023-09-08,Pipeline,Omitted
OPP-0002525,2023-09-15,Pipeline,Omitted
OPP-0002525,2023-09-22,Omitted,Omitted
OPP-0002525,2023-09-29,Pipeline,Pipeline
OPP-0002525,2023-10-06,Pipeline,Pipeline
OPP-0002525,2023-10-13,Best Case,Best Case
OPP-0002525,2023-10-20,Best Case,Best Case
OPP-0002525,2023-10-27,Pipeline,Pipeline
OPP-0002525,2023-11-03,Best Case,Pipeline
OPP-0002525,2023-11-10,Best Case,Best Case
OPP-0002525,2023-11-17,Best Case,Best Case
OPP-0002525,2023-11-24,Commit,Commit
OPP-0002525,2023-12-01,Best Case,Best Case
OPP-0002532,2023-08-04,Commit,Commit
OPP-0002532,2023-08-11,Commit,Commit
OPP-0002532,2023-08-18,Commit,Commit
OPP-0002532,2023-08-25,Commit,Commit
OPP-0002533,2023-08-04,Commit,Commit
OPP-0002533,2023-08-11,Commit,Commit
OPP-0002533,2023-08-18,Commit,Commit
OPP-0002533,2023-08-25,Commit,Commit
OPP-0002533,2023-09-01,Commit,Commit
OPP-0002533,2023-09-08,Commit,Commit
OPP-0002533,2023-09-15,Commit,Commit
OPP-0002533,2023-09-22,Commit,Commit
OPP-0002533,2023-09-29,Commit,Commit
OPP-0002534,2023-08-04,Pipeline,Omitted
OPP-0002534,2023-08-11,Pipeline,Omitted
OPP-0002534,2023-08-18,Best Case,Pipeline
OPP-0002534,2023-08-25,Best Case,Best Case
OPP-0002534,2023-09-01,Pipeline,Pipeline
OPP-0002534,2023-09-08,Pipeline,Pipeline
OPP-0002545,2023-08-04,Omitted,Omitted
OPP-0002545,2023-08-11,Omitted,Omitted
OPP-0002545,2023-08-18,Pipeline,Omitted
OPP-0002545,2023-08-25,Pipeline,Pipeline
OPP-0002545,2023-09-01,Pipeline,Pipeline
OPP-0002546,2023-08-04,Omitted,Omitted
OPP-0002546,2023-08-11,Omitted,Omitted
OPP-0002546,2023-08-18,Omitted,Omitted
OPP-0002546,2023-08-25,Omitted,Omitted
OPP-0002546,2023-09-01,Omitted,Omitted
OPP-0002546,2023-09-08,Pipeline,Pipeline
OPP-0002546,2023-09-15,Best Case,Best Case
OPP-0002553,2023-08-11,Omitted,Omitted
OPP-0002553,2023-08-18,Pipeline,Omitted
OPP-0002553,2023-08-25,Pipeline,Pipeline
OPP-0002553,2023-09-01,Best Case,Pipeline
OPP-0002556,2023-08-11,Pipeline,Omitted
OPP-0002556,2023-08-18,Best Case,Pipeline
OPP-0002557,2023-08-11,Pipeline,Pipeline
OPP-0002557,2023-08-18,Best Case,Best Case
OPP-0002557,2023-08-25,Best Case,Best Case
OPP-0002557,2023-09-01,Best Case,Best Case
OPP-0002563,2023-08-11,Omitted,Pipeline
OPP-0002563,2023-08-18,Pipeline,Pipeline
OPP-0002563,2023-08-25,Pipeline,Pipeline
OPP-0002563,2023-09-01,Pipeline,Pipeline
OPP-0002563,2023-09-08,Pipeline,Pipeline
OPP-0002563,2023-09-15,Best Case,Best Case
OPP-0002563,2023-09-22,Best Case,Best Case
OPP-0002563,2023-09-29,Best Case,Best Case
OPP-0002563,2023-10-06,Pipeline,Pipeline
OPP-0002563,2023-10-13,Best Case,Best Case
OPP-0002564,2023-08-11,Commit,Commit
OPP-0002564,2023-08-18,Commit,Commit
OPP-0002564,2023-08-25,Commit,Commit
OPP-0002564,2023-09-01,Commit,Commit
OPP-0002564,2023-09-08,Commit,Commit
OPP-0002564,2023-09-15,Commit,Commit
OPP-0002564,2023-09-22,Commit,Commit
OPP-0002564,2023-09-29,Commit,Commit
OPP-0002564,2023-10-06,Commit,Commit
OPP-0002564,2023-10-13,Commit,Best Case
OPP-0002564,2023-10-20,Commit,Best Case
OPP-0002568,2023-08-11,Best Case,Best Case
OPP-0002568,2023-08-18,Best Case,Best Case
OPP-0002568,2023-08-25,Commit,Pipeline
OPP-0002568,2023-09-01,Best Case,Best Case
OPP-0002568,2023-09-08,Commit,Commit
OPP-0002571,2023-08-11,Commit,Commit
OPP-0002571,2023-08-18,Commit,Commit
OPP-0002571,2023-08-25,Commit,Commit
OPP-0002574,2023-08-11,Pipeline,Omitted
OPP-0002574,2023-08-18,Pipeline,Pipeline
OPP-0002574,2023-08-25,Pipeline,Pipeline
OPP-0002574,2023-09-01,Pipeline,Pipeline
OPP-0002575,2023-08-11,Omitted,Omitted
OPP-0002575,2023-08-18,Pipeline,Omitted
OPP-0002575,2023-08-25,Omitted,Omitted
OPP-0002575,2023-09-01,Pipeline,Omitted
OPP-0002575,2023-09-08,Pipeline,Omitted
OPP-0002575,2023-09-15,Pipeline,Omitted
OPP-0002575,2023-09-22,Pipeline,Omitted
OPP-0002575,2023-09-29,Pipeline,Omitted
OPP-0002575,2023-10-06,Best Case,Omitted
OPP-0002575,2023-10-13,Pipeline,Omitted
OPP-0002575,2023-10-20,Pipeline,Omitted
OPP-0002575,2023-10-27,Best Case,Omitted
OPP-0002575,2023-11-03,Best Case,Omitted
OPP-0002575,2023-11-10,Best Case,Omitted
OPP-0002575,2023-11-17,Best Case,Omitted
OPP-0002575,2023-11-24,Pipeline,Pipeline
OPP-0002575,2023-12-01,Best Case,Omitted
OPP-0002575,2023-12-08,Pipeline,Omitted
OPP-0002576,2023-08-11,Best Case,Best Case
OPP-0002576,2023-08-18,Best Case,Best Case
OPP-0002576,2023-08-25,Best Case,Pipeline
OPP-0002576,2023-09-01,Commit,Best Case
OPP-0002576,2023-09-08,Best Case,Pipeline
OPP-0002576,2023-09-15,Best Case,Pipeline
OPP-0002576,2023-09-22,Best Case,Commit
OPP-0002576,2023-09-29,Commit,Best Case
OPP-0002576,2023-10-06,Commit,Commit
OPP-0002576,2023-10-13,Commit,Best Case
OPP-0002576,2023-10-20,Commit,Best Case
OPP-0002576,2023-10-27,Commit,Best Case
OPP-0002584,2023-08-11,Best Case,Best Case
OPP-0002584,2023-08-18,Pipeline,Pipeline
OPP-0002584,2023-08-25,Best Case,Best Case
OPP-0002588,2023-08-18,Omitted,Omitted
OPP-0002588,2023-08-25,Omitted,Omitted
OPP-0002588,2023-09-01,Omitted,Omitted
OPP-0002588,2023-09-08,Pipeline,Omitted
OPP-0002588,2023-09-15,Pipeline,Omitted
OPP-0002594,2023-08-18,Pipeline,Omitted
OPP-0002594,2023-08-25,Omitted,Omitted
OPP-0002594,2023-09-01,Pipeline,Pipeline
OPP-0002603,2023-08-18,Commit,Commit
OPP-0002603,2023-08-25,Commit,Commit
OPP-0002608,2023-08-18,Omitted,Omitted
OPP-0002608,2023-08-25,Omitted,Omitted
OPP-0002608,2023-09-01,Pipeline,Omitted
OPP-0002608,2023-09-08,Omitted,Omitted
OPP-0002609,2023-08-18,Omitted,Omitted
OPP-0002609,2023-08-25,Omitted,Omitted
OPP-0002609,2023-09-01,Omitted,Omitted
OPP-0002609,2023-09-08,Omitted,Omitted
OPP-0002609,2023-09-15,Omitted,Omitted
OPP-0002609,2023-09-22,Omitted,Omitted
OPP-0002609,2023-09-29,Pipeline,Omitted
OPP-0002609,2023-10-06,Pipeline,Omitted
OPP-0002609,2023-10-13,Omitted,Omitted
OPP-0002609,2023-10-20,Omitted,Omitted
OPP-0002609,2023-10-27,Pipeline,Omitted
OPP-0002609,2023-11-03,Pipeline,Omitted
OPP-0002609,2023-11-10,Pipeline,Omitted
OPP-0002609,2023-11-17,Pipeline,Omitted
OPP-0002609,2023-11-24,Pipeline,Omitted
OPP-0002609,2023-12-01,Omitted,Omitted
OPP-0002609,2023-12-08,Omitted,Omitted
OPP-0002609,2023-12-15,Pipeline,Omitted
OPP-0002609,2023-12-22,Omitted,Omitted
OPP-0002609,2023-12-29,Omitted,Omitted
OPP-0002609,2024-01-05,Omitted,Omitted
OPP-0002610,2023-08-18,Best Case,Pipeline
OPP-0002610,2023-08-25,Commit,Best Case
OPP-0002610,2023-09-01,Commit,Best Case
OPP-0002610,2023-09-08,Pipeline,Best Case
OPP-0002610,2023-09-15,Best Case,Pipeline
OPP-0002610,2023-09-22,Commit,Best Case
OPP-0002610,2023-09-29,Commit,Best Case
OPP-0002614,2023-08-18,Pipeline,Pipeline
OPP-0002614,2023-08-25,Pipeline,Pipeline
OPP-0002614,2023-09-01,Pipeline,Pipeline
OPP-0002614,2023-09-08,Pipeline,Pipeline
OPP-0002614,2023-09-15,Best Case,Best Case
OPP-0002622,2023-08-18,Commit,Commit
OPP-0002622,2023-08-25,Commit,Commit
OPP-0002622,2023-09-01,Commit,Commit
OPP-0002622,2023-09-08,Commit,Commit
OPP-0002622,2023-09-15,Commit,Commit
OPP-0002622,2023-09-22,Commit,Commit
OPP-0002622,2023-09-29,Commit,Commit
OPP-0002623,2023-08-18,Commit,Commit
OPP-0002623,2023-08-25,Commit,Commit
OPP-0002624,2023-08-18,Commit,Commit
OPP-0002624,2023-08-25,Commit,Commit
OPP-0002627,2023-08-18,Pipeline,Omitted
OPP-0002627,2023-08-25,Pipeline,Omitted
OPP-0002627,2023-09-01,Best Case,Best Case
OPP-0002627,2023-09-08,Commit,Pipeline
OPP-0002627,2023-09-15,Best Case,Best Case
OPP-0002627,2023-09-22,Best Case,Best Case
OPP-0002627,2023-09-29,Pipeline,Omitted
OPP-0002627,2023-10-06,Pipeline,Omitted
OPP-0002627,2023-10-13,Pipeline,Omitted
OPP-0002627,2023-10-20,Pipeline,Omitted
OPP-0002627,2023-10-27,Pipeline,Omitted
OPP-0002627,2023-11-03,Pipeline,Pipeline
OPP-0002627,2023-11-10,Pipeline,Omitted
OPP-0002627,2023-11-17,Pipeline,Omitted
OPP-0002627,2023-11-24,Pipeline,Omitted
OPP-0002627,2023-12-01,Pipeline,Pipeline
OPP-0002627,2023-12-08,Pipeline,Omitted
OPP-0002627,2023-12-15,Pipeline,Omitted
OPP-0002627,2023-12-22,Pipeline,Omitted
OPP-0002627,2023-12-29,Pipeline,Omitted
OPP-0002627,2024-01-05,Pipeline,Pipeline
OPP-0002627,2024-01-12,Pipeline,Omitted
OPP-0002627,2024-01-19,Pipeline,Omitted
OPP-0002627,2024-01-26,Pipeline,Omitted
OPP-0002627,2024-02-02,Pipeline,Omitted
OPP-0002628,2023-08-18,Omitted,Omitted
OPP-0002628,2023-08-25,Pipeline,Pipeline
OPP-0002632,2023-08-25,Commit,Commit
OPP-0002632,2023-09-01,Commit,Commit
OPP-0002632,2023-09-08,Commit,Commit
OPP-0002632,2023-09-15,Commit,Commit
OPP-0002632,2023-09-22,Commit,Commit
OPP-0002632,2023-09-29,Commit,Commit
OPP-0002635,2023-08-25,Pipeline,Omitted
OPP-0002635,2023-09-01,Omitted,Omitted
OPP-0002635,2023-09-08,Pipeline,Pipeline
OPP-0002635,2023-09-15,Pipeline,Pipeline
OPP-0002635,2023-09-22,Pipeline,Omitted
OPP-0002635,2023-09-29,Pipeline,Pipeline
OPP-0002635,2023-10-06,Pipeline,Pipeline
OPP-0002635,2023-10-13,Pipeline,Pipeline
OPP-0002635,2023-10-20,Pipeline,Pipeline
OPP-0002635,2023-10-27,Pipeline,Pipeline
OPP-0002635,2023-11-03,Pipeline,Omitted
OPP-0002635,2023-11-10,Pipeline,Omitted
OPP-0002635,2023-11-17,Omitted,Omitted
OPP-0002635,2023-11-24,Pipeline,Omitted
OPP-0002635,2023-12-01,Omitted,Omitted
OPP-0002635,2023-12-08,Pipeline,Omitted
OPP-0002635,2023-12-15,Omitted,Omitted
OPP-0002635,2023-12-22,Omitted,Omitted
OPP-0002635,2023-12-29,Best Case,Best Case
OPP-0002635,2024-01-05,Commit,Commit
OPP-0002639,2023-08-25,Pipeline,Pipeline
OPP-0002639,2023-09-01,Pipeline,Omitted
OPP-0002639,2023-09-08,Pipeline,Pipeline
OPP-0002639,2023-09-15,Best Case,Pipeline
OPP-0002640,2023-08-25,Omitted,Omitted
OPP-0002640,2023-09-01,Best Case,Best Case
OPP-0002640,2023-09-08,Best Case,Pipeline
OPP-0002640,2023-09-15,Best Case,Best Case
OPP-0002640,2023-09-22,Pipeline,Pipeline
OPP-0002640,2023-09-29,Pipeline,Best Case
OPP-0002646,2023-08-25,Omitted,Pipeline
OPP-0002646,2023-09-01,Pipeline,Pipeline
OPP-0002646,2023-09-08,Best Case,Best Case
OPP-0002646,2023-09-15,Best Case,Best Case
OPP-0002646,2023-09-22,Pipeline,Pipeline
OPP-0002646,2023-09-29,Pipeline,Pipeline
OPP-0002647,2023-08-25,Omitted,Omitted
OPP-0002647,2023-09-01,Omitted,Omitted
OPP-0002647,2023-09-08,Omitted,Omitted
OPP-0002647,2023-09-15,Pipeline,Omitted
OPP-0002647,2023-09-22,Pipeline,Omitted
OPP-0002647,2023-09-29,Pipeline,Omitted
OPP-0002647,2023-10-06,Pipeline,Omitted
OPP-0002647,2023-10-13,Pipeline,Omitted
OPP-0002647,2023-10-20,Pipeline,Omitted
OPP-0002647,2023-10-27,Pipeline,Omitted
OPP-0002647,2023-11-03,Pipeline,Pipeline
OPP-0002647,2023-11-10,Omitted,Omitted
OPP-0002647,2023-11-17,Pipeline,Omitted
OPP-0002647,2023-11-24,Pipeline,Omitted
OPP-0002647,2023-12-01,Omitted,Omitted
OPP-0002647,2023-12-08,Pipeline,Omitted
OPP-0002647,2023-12-15,Pipeline,Omitted
OPP-0002647,2023-12-22,Pipeline,Omitted
OPP-0002647,2023-12-29,Best Case,Best Case
OPP-0002647,2024-01-05,Best Case,Best Case
OPP-0002647,2024-01-12,Commit,Commit
OPP-0002655,2023-08-25,Omitted,Omitted
OPP-0002655,2023-09-01,Omitted,Omitted
OPP-0002655,2023-09-08,Pipeline,Omitted
OPP-0002655,2023-09-15,Best Case,Best Case
OPP-0002656,2023-08-25,Omitted,Omitted
OPP-0002656,2023-09-01,Best Case,Omitted
OPP-0002656,2023-09-08,Pipeline,Pipeline
OPP-0002657,2023-08-25,Pipeline,Omitted
OPP-0002657,2023-09-01,Pipeline,Omitted
OPP-0002657,2023-09-08,Pipeline,Omitted
OPP-0002657,2023-09-15,Best Case,Best Case
OPP-0002657,2023-09-22,Pipeline,Omitted
OPP-0002657,2023-09-29,Best Case,Best Case
OPP-0002658,2023-08-25,Omitted,Pipeline
OPP-0002658,2023-09-01,Omitted,Omitted
OPP-0002658,2023-09-08,Pipeline,Pipeline
OPP-0002658,2023-09-15,Omitted,Pipeline
OPP-0002666,2023-09-01,Omitted,Omitted
OPP-0002666,2023-09-08,Omitted,Omitted
OPP-0002666,2023-09-15,Omitted,Omitted
OPP-0002666,2023-09-22,Omitted,Omitted
OPP-0002666,2023-09-29,Pipeline,Omitted
OPP-0002666,2023-10-06,Omitted,Omitted
OPP-0002666,2023-10-13,Omitted,Omitted
OPP-0002666,2023-10-20,Omitted,Omitted
OPP-0002666,2023-10-27,Omitted,Omitted
OPP-0002666,2023-11-03,Pipeline,Omitted
OPP-0002666,2023-11-10,Best Case,Best Case
OPP-0002666,2023-11-17,Pipeline,Pipeline
OPP-0002666,2023-11-24,Pipeline,Pipeline
OPP-0002666,2023-12-01,Best Case,Best Case
OPP-0002667,2023-09-01,Pipeline,Omitted
OPP-0002667,2023-09-08,Pipeline,Omitted
OPP-0002667,2023-09-15,Pipeline,Omitted
OPP-0002667,2023-09-22,Omitted,Omitted
OPP-0002667,2023-09-29,Omitted,Omitted
OPP-0002667,2023-10-06,Omitted,Omitted
OPP-0002667,2023-10-13,Omitted,Omitted
OPP-0002667,2023-10-20,Omitted,Omitted
OPP-0002667,2023-10-27,Omitted,Omitted
OPP-0002667,2023-11-03,Omitted,Omitted
OPP-0002667,2023-11-10,Omitted,Omitted
OPP-0002667,2023-11-17,Omitted,Omitted
OPP-0002668,2023-09-01,Pipeline,Omitted
OPP-0002668,2023-09-08,Best Case,Best Case
OPP-0002668,2023-09-15,Best Case,Best Case
OPP-0002668,2023-09-22,Pipeline,Pipeline
OPP-0002671,2023-09-01,Best Case,Best Case
OPP-0002671,2023-09-08,Pipeline,Pipeline
OPP-0002671,2023-09-15,Pipeline,Pipeline
OPP-0002671,2023-09-22,Pipeline,Pipeline
OPP-0002671,2023-09-29,Best Case,Pipeline
OPP-0002672,2023-09-01,Omitted,Omitted
OPP-0002672,2023-09-08,Omitted,Omitted
OPP-0002672,2023-09-15,Omitted,Omitted
OPP-0002672,2023-09-22,Omitted,Omitted
OPP-0002672,2023-09-29,Omitted,Omitted
OPP-0002672,2023-10-06,Omitted,Omitted
OPP-0002672,2023-10-13,Omitted,Omitted
OPP-0002672,2023-10-20,Omitted,Omitted
OPP-0002672,2023-10-27,Pipeline,Omitted
OPP-0002672,2023-11-03,Pipeline,Pipeline
OPP-0002672,2023-11-10,Omitted,Omitted
OPP-0002672,2023-11-17,Omitted,Pipeline
OPP-0002672,2023-11-24,Pipeline,Pipeline
OPP-0002672,2023-12-01,Pipeline,Pipeline
OPP-0002672,2023-12-08,Pipeline,Omitted
OPP-0002672,2023-12-15,Omitted,Pipeline
OPP-0002672,2023-12-22,Pipeline,Omitted
OPP-0002672,2023-12-29,Omitted,Omitted
OPP-0002672,2024-01-05,Omitted,Omitted
OPP-0002672,2024-01-12,Omitted,Omitted
OPP-0002672,2024-01-19,Pipeline,Pipeline
OPP-0002672,2024-01-26,Omitted,Omitted
OPP-0002672,2024-02-02,Omitted,Omitted
OPP-0002672,2024-02-09,Omitted,Omitted
OPP-0002672,2024-02-16,Omitted,Omitted
OPP-0002673,2023-09-01,Omitted,Omitted
OPP-0002673,2023-09-08,Omitted,Omitted
OPP-0002673,2023-09-15,Omitted,Omitted
OPP-0002673,2023-09-22,Omitted,Omitted
OPP-0002673,2023-09-29,Pipeline,Omitted
OPP-0002673,2023-10-06,Omitted,Omitted
OPP-0002673,2023-10-13,Omitted,Omitted
OPP-0002673,2023-10-20,Pipeline,Omitted
OPP-0002673,2023-10-27,Pipeline,Omitted
OPP-0002673,2023-11-03,Pipeline,Omitted
OPP-0002673,2023-11-10,Pipeline,Omitted
OPP-0002673,2023-11-17,Pipeline,Omitted
OPP-0002673,2023-11-24,Pipeline,Omitted
OPP-0002673,2023-12-01,Omitted,Omitted
OPP-0002673,2023-12-08,Omitted,Omitted
OPP-0002673,2023-12-15,Omitted,Omitted
OPP-0002673,2023-12-22,Pipeline,Omitted
OPP-0002673,2023-12-29,Omitted,Omitted
OPP-0002674,2023-09-01,Pipeline,Omitted
OPP-0002674,2023-09-08,Pipeline,Omitted
OPP-0002674,2023-09-15,Pipeline,Pipeline
OPP-0002674,2023-09-22,Omitted,Omitted
OPP-0002674,2023-09-29,Pipeline,Omitted
OPP-0002674,2023-10-06,Pipeline,Pipeline
OPP-0002674,2023-10-13,Omitted,Omitted
OPP-0002674,2023-10-20,Omitted,Omitted
OPP-0002674,2023-10-27,Omitted,Omitted
OPP-0002680,2023-09-01,Pipeline,Pipeline
OPP-0002680,2023-09-08,Pipeline,Pipeline
OPP-0002680,2023-09-15,Pipeline,Pipeline
OPP-0002680,2023-09-22,Pipeline,Pipeline
OPP-0002680,2023-09-29,Best Case,Best Case
OPP-0002681,2023-09-01,Omitted,Omitted
OPP-0002681,2023-09-08,Pipeline,Pipeline
OPP-0002681,2023-09-15,Best Case,Best Case
OPP-0002681,2023-09-22,Best Case,Best Case
OPP-0002681,2023-09-29,Best Case,Best Case
OPP-0002682,2023-09-01,Commit,Commit
OPP-0002682,2023-09-08,Commit,Commit
OPP-0002682,2023-09-15,Commit,Commit
OPP-0002682,2023-09-22,Commit,Commit
OPP-0002682,2023-09-29,Commit,Commit
OPP-0002683,2023-09-01,Omitted,Omitted
OPP-0002683,2023-09-08,Pipeline,Omitted
OPP-0002683,2023-09-15,Omitted,Pipeline
OPP-0002683,2023-09-22,Pipeline,Pipeline
OPP-0002683,2023-09-29,Pipeline,Pipeline
OPP-0002683,2023-10-06,Pipeline,Pipeline
OPP-0002683,2023-10-13,Pipeline,Pipeline
OPP-0002683,2023-10-20,Pipeline,Pipeline
OPP-0002683,2023-10-27,Pipeline,Best Case
OPP-0002683,2023-11-03,Best Case,Best Case
OPP-0002683,2023-11-10,Best Case,Best Case
OPP-0002687,2023-09-08,Pipeline,Omitted
OPP-0002687,2023-09-15,Pipeline,Omitted
OPP-0002687,2023-09-22,Pipeline,Omitted
OPP-0002687,2023-09-29,Pipeline,Omitted
OPP-0002687,2023-10-06,Pipeline,Omitted
OPP-0002688,2023-09-08,Pipeline,Omitted
OPP-0002688,2023-09-15,Best Case,Pipeline
OPP-0002689,2023-09-08,Omitted,Omitted
OPP-0002689,2023-09-15,Omitted,Omitted
OPP-0002689,2023-09-22,Pipeline,Pipeline
OPP-0002689,2023-09-29,Pipeline,Pipeline
OPP-0002689,2023-10-06,Pipeline,Pipeline
OPP-0002689,2023-10-13,Pipeline,Pipeline
OPP-0002689,2023-10-20,Best Case,Best Case
OPP-0002689,2023-10-27,Commit,Commit
OPP-0002689,2023-11-03,Commit,Commit
OPP-0002689,2023-11-10,Commit,Commit
OPP-0002700,2023-09-08,Pipeline,Omitted
OPP-0002700,2023-09-15,Best Case,Best Case
OPP-0002700,2023-09-22,Best Case,Omitted
OPP-0002701,2023-09-08,Pipeline,Omitted
OPP-0002701,2023-09-15,Pipeline,Omitted
OPP-0002701,2023-09-22,Pipeline,Omitted
OPP-0002701,2023-09-29,Best Case,Best Case
OPP-0002701,2023-10-06,Best Case,Best Case
OPP-0002701,2023-10-13,Commit,Commit
OPP-0002702,2023-09-08,Pipeline,Omitted
OPP-0002702,2023-09-15,Pipeline,Omitted
OPP-0002702,2023-09-22,Pipeline,Omitted
OPP-0002702,2023-09-29,Pipeline,Omitted
OPP-0002702,2023-10-06,Pipeline,Omitted
OPP-0002702,2023-10-13,Pipeline,Omitted
OPP-0002702,2023-10-20,Pipeline,Pipeline
OPP-0002702,2023-10-27,Best Case,Pipeline
OPP-0002702,2023-11-03,Best Case,Best Case
OPP-0002702,2023-11-10,Pipeline,Omitted
OPP-0002702,2023-11-17,Omitted,Omitted
OPP-0002702,2023-11-24,Omitted,Omitted
OPP-0002702,2023-12-01,Omitted,Omitted
OPP-0002702,2023-12-08,Pipeline,Omitted
OPP-0002702,2023-12-15,Pipeline,Omitted
OPP-0002707,2023-09-08,Best Case,Pipeline
OPP-0002707,2023-09-15,Best Case,Omitted
OPP-0002707,2023-09-22,Commit,Pipeline
OPP-0002707,2023-09-29,Commit,Pipeline
OPP-0002707,2023-10-06,Best Case,Pipeline
OPP-0002707,2023-10-13,Best Case,Pipeline
OPP-0002708,2023-09-08,Commit,Commit
OPP-0002708,2023-09-15,Commit,Commit
OPP-0002708,2023-09-22,Commit,Commit
OPP-0002708,2023-09-29,Commit,Commit
OPP-0002708,2023-10-06,Commit,Commit
OPP-0002708,2023-10-13,Commit,Commit
OPP-0002708,2023-10-20,Commit,Commit
OPP-0002708,2023-10-27,Commit,Commit
OPP-0002708,2023-11-03,Commit,Commit
OPP-0002708,2023-11-10,Commit,Commit
OPP-0002708,2023-11-17,Commit,Commit
OPP-0002708,2023-11-24,Commit,Commit
OPP-0002712,2023-09-08,Best Case,Pipeline
OPP-0002712,2023-09-15,Best Case,Pipeline
OPP-0002712,2023-09-22,Commit,Best Case
OPP-0002712,2023-09-29,Best Case,Pipeline
OPP-0002712,2023-10-06,Commit,Best Case
OPP-0002712,2023-10-13,Commit,Best Case
OPP-0002712,2023-10-20,Commit,Best Case
OPP-0002712,2023-10-27,Commit,Best Case
OPP-0002712,2023-11-03,Commit,Best Case
OPP-0002712,2023-11-10,Best Case,Pipeline
OPP-0002712,2023-11-17,Commit,Best Case
OPP-0002712,2023-11-24,Best Case,Best Case
OPP-0002719,2023-09-15,Omitted,Pipeline
OPP-0002719,2023-09-22,Pipeline,Pipeline
OPP-0002719,2023-09-29,Pipeline,Pipeline
OPP-0002727,2023-09-15,Commit,Commit
OPP-0002727,2023-09-22,Commit,Commit
OPP-0002727,2023-09-29,Commit,Commit
OPP-0002733,2023-09-15,Commit,Commit
OPP-0002733,2023-09-22,Commit,Commit
OPP-0002733,2023-09-29,Commit,Commit
OPP-0002734,2023-09-15,Pipeline,Omitted
OPP-0002734,2023-09-22,Best Case,Best Case
OPP-0002734,2023-09-29,Commit,Commit
OPP-0002734,2023-10-06,Best Case,Best Case
OPP-0002735,2023-09-15,Omitted,Omitted
OPP-0002735,2023-09-22,Omitted,Omitted
OPP-0002735,2023-09-29,Omitted,Omitted
OPP-0002735,2023-10-06,Omitted,Omitted
OPP-0002735,2023-10-13,Pipeline,Omitted
OPP-0002735,2023-10-20,Omitted,Omitted
OPP-0002735,2023-10-27,Omitted,Omitted
OPP-0002735,2023-11-03,Pipeline,Omitted
OPP-0002735,2023-11-10,Pipeline,Omitted
OPP-0002735,2023-11-17,Pipeline,Omitted
OPP-0002735,2023-11-24,Pipeline,Omitted
OPP-0002735,2023-12-01,Pipeline,Omitted
OPP-0002735,2023-12-08,Omitted,Omitted
OPP-0002735,2023-12-15,Omitted,Omitted
OPP-0002735,2023-12-22,Omitted,Omitted
OPP-0002735,2023-12-29,Pipeline,Omitted
OPP-0002735,2024-01-05,Pipeline,Omitted
OPP-0002740,2023-09-15,Commit,Commit
OPP-0002740,2023-09-22,Commit,Commit
OPP-0002740,2023-09-29,Commit,Commit
OPP-0002741,2023-09-15,Pipeline,Omitted
OPP-0002741,2023-09-22,Pipeline,Omitted
OPP-0002741,2023-09-29,Pipeline,Pipeline
OPP-0002747,2023-09-15,Pipeline,Omitted
OPP-0002747,2023-09-22,Pipeline,Pipeline
OPP-0002747,2023-09-29,Pipeline,Pipeline
OPP-0002747,2023-10-06,Commit,Commit
OPP-0002748,2023-09-15,Pipeline,Omitted
OPP-0002748,2023-09-22,Pipeline,Omitted
OPP-0002748,2023-09-29,Omitted,Omitted
OPP-0002748,2023-10-06,Pipeline,Omitted
OPP-0002748,2023-10-13,Pipeline,Omitted
OPP-0002748,2023-10-20,Pipeline,Omitted
OPP-0002748,2023-10-27,Pipeline,Omitted
OPP-0002748,2023-11-03,Pipeline,Omitted
OPP-0002748,2023-11-10,Pipeline,Omitted
OPP-0002748,2023-11-17,Omitted,Omitted
OPP-0002748,2023-11-24,Pipeline,Omitted
OPP-0002748,2023-12-01,Pipeline,Omitted
OPP-0002748,2023-12-08,Best Case,Omitted
OPP-0002753,2023-09-15,Omitted,Omitted
OPP-0002753,2023-09-22,Omitted,Omitted
OPP-0002753,2023-09-29,Omitted,Omitted
OPP-0002753,2023-10-06,Pipeline,Pipeline
OPP-0002753,2023-10-13,Pipeline,Pipeline
OPP-0002754,2023-09-15,Omitted,Omitted
OPP-0002754,2023-09-22,Pipeline,Omitted
OPP-0002754,2023-09-29,Best Case,Best Case
OPP-0002755,2023-09-15,Omitted,Omitted
OPP-0002755,2023-09-22,Pipeline,Pipeline
OPP-0002755,2023-09-29,Best Case,Pipeline
OPP-0002758,2023-09-22,Omitted,Omitted
OPP-0002758,2023-09-29,Pipeline,Omitted
OPP-0002758,2023-10-06,Omitted,Omitted
OPP-0002758,2023-10-13,Omitted,Omitted
OPP-0002758,2023-10-20,Omitted,Omitted
OPP-0002758,2023-10-27,Pipeline,Omitted
OPP-0002758,2023-11-03,Pipeline,Omitted
OPP-0002758,2023-11-10,Omitted,Omitted
OPP-0002758,2023-11-17,Pipeline,Omitted
OPP-0002758,2023-11-24,Omitted,Omitted
OPP-0002758,2023-12-01,Omitted,Omitted
OPP-0002758,2023-12-08,Omitted,Omitted
OPP-0002758,2023-12-15,Pipeline,Omitted
OPP-0002758,2023-12-22,Omitted,Omitted
OPP-0002758,2023-12-29,Omitted,Omitted
OPP-0002758,2024-01-05,Omitted,Omitted
OPP-0002758,2024-01-12,Pipeline,Omitted
OPP-0002758,2024-01-19,Best Case,Omitted
OPP-0002759,2023-09-22,Commit,Commit
OPP-0002759,2023-09-29,Commit,Commit
OPP-0002759,2023-10-06,Commit,Commit
OPP-0002759,2023-10-13,Commit,Commit
OPP-0002759,2023-10-20,Commit,Commit
OPP-0002759,2023-10-27,Commit,Commit
OPP-0002759,2023-11-03,Commit,Commit
OPP-0002759,2023-11-10,Commit,Commit
OPP-0002759,2023-11-17,Commit,Commit
OPP-0002759,2023-11-24,Commit,Commit
OPP-0002761,2023-09-22,Pipeline,Omitted
OPP-0002761,2023-09-29,Best Case,Omitted
OPP-0002761,2023-10-06,Pipeline,Pipeline
OPP-0002761,2023-10-13,Best Case,Pipeline
OPP-0002761,2023-10-20,Best Case,Best Case
OPP-0002776,2023-09-22,Commit,Commit
OPP-0002776,2023-09-29,Commit,Commit
OPP-0002776,2023-10-06,Commit,Commit
OPP-0002776,2023-10-13,Commit,Commit
OPP-0002776,2023-10-20,Commit,Commit
OPP-0002776,2023-10-27,Commit,Commit
OPP-0002777,2023-09-22,Pipeline,Omitted
OPP-0002777,2023-09-29,Omitted,Omitted
OPP-0002777,2023-10-06,Omitted,Omitted
OPP-0002777,2023-10-13,Pipeline,Omitted
OPP-0002777,2023-10-20,Omitted,Omitted
OPP-0002777,2023-10-27,Pipeline,Omitted
OPP-0002777,2023-11-03,Omitted,Omitted
OPP-0002777,2023-11-10,Pipeline,Omitted
OPP-0002777,2023-11-17,Pipeline,Pipeline
OPP-0002777,2023-11-24,Pipeline,Pipeline
OPP-0002777,2023-12-01,Omitted,Omitted
OPP-0002778,2023-09-22,Commit,Commit
OPP-0002778,2023-09-29,Commit,Commit
OPP-0002778,2023-10-06,Commit,Commit
OPP-0002778,2023-10-13,Commit,Commit
OPP-0002778,2023-10-20,Commit,Commit
OPP-0002778,2023-10-27,Commit,Commit
OPP-0002778,2023-11-03,Commit,Best Case
OPP-0002778,2023-11-10,Commit,Best Case
OPP-0002778,2023-11-17,Commit,Commit
OPP-0002778,2023-11-24,Commit,Commit
OPP-0002778,2023-12-01,Commit,Commit
OPP-0002778,2023-12-08,Commit,Commit
OPP-0002778,2023-12-15,Commit,Commit
OPP-0002778,2023-12-22,Commit,Commit
OPP-0002794,2023-09-29,Commit,Commit
OPP-0002794,2023-10-06,Commit,Commit
OPP-0002794,2023-10-13,Commit,Commit
OPP-0002794,2023-10-20,Commit,Commit
OPP-0002794,2023-10-27,Commit,Commit
OPP-0002795,2023-09-29,Pipeline,Omitted
OPP-0002795,2023-10-06,Best Case,Omitted
OPP-0002795,2023-10-13,Best Case,Omitted
OPP-0002799,2023-09-29,Pipeline,Pipeline
OPP-0002799,2023-10-06,Pipeline,Pipeline
OPP-0002799,2023-10-13,Best Case,Best Case
OPP-0002799,2023-10-20,Pipeline,Pipeline
OPP-0002800,2023-09-29,Pipeline,Omitted
OPP-0002800,2023-10-06,Omitted,Omitted
OPP-0002800,2023-10-13,Pipeline,Omitted
OPP-0002800,2023-10-20,Pipeline,Omitted
OPP-0002800,2023-10-27,Omitted,Omitted
OPP-0002800,2023-11-03,Omitted,Omitted
OPP-0002800,2023-11-10,Pipeline,Pipeline
OPP-0002800,2023-11-17,Pipeline,Omitted
OPP-0002800,2023-11-24,Pipeline,Omitted
OPP-0002800,2023-12-01,Omitted,Omitted
OPP-0002800,2023-12-08,Pipeline,Pipeline
OPP-0002800,2023-12-15,Pipeline,Pipeline
OPP-0002800,2023-12-22,Pipeline,Best Case
OPP-0002800,2023-12-29,Best Case,Best Case
OPP-0002800,2024-01-05,Best Case,Best Case
OPP-0002800,2024-01-12,Best Case,Best Case
OPP-0002800,2024-01-19,Best Case,Best Case
OPP-0002800,2024-01-26,Best Case,Best Case
OPP-0002800,2024-02-02,Best Case,Best Case
OPP-0002800,2024-02-09,Best Case,Best Case
OPP-0002800,2024-02-16,Best Case,Best Case
OPP-0002800,2024-02-23,Best Case,Best Case
OPP-0002800,2024-03-01,Best Case,Best Case
OPP-0002804,2023-09-29,Pipeline,Omitted
OPP-0002804,2023-10-06,Pipeline,Omitted
OPP-0002804,2023-10-13,Pipeline,Omitted
OPP-0002804,2023-10-20,Omitted,Omitted
OPP-0002804,2023-10-27,Best Case,Best Case
OPP-0002804,2023-11-03,Best Case,Best Case
OPP-0002805,2023-09-29,Omitted,Omitted
OPP-0002805,2023-10-06,Best Case,Omitted
OPP-0002806,2023-09-29,Pipeline,Omitted
OPP-0002806,2023-10-06,Pipeline,Omitted
OPP-0002806,2023-10-13,Pipeline,Omitted
OPP-0002806,2023-10-20,Pipeline,Omitted
OPP-0002806,2023-10-27,Pipeline,Omitted
OPP-0002806,2023-11-03,Pipeline,Omitted
OPP-0002806,2023-11-10,Pipeline,Omitted
OPP-0002806,2023-11-17,Omitted,Omitted
OPP-0002806,2023-11-24,Pipeline,Omitted
OPP-0002806,2023-12-01,Pipeline,Omitted
OPP-0002806,2023-12-08,Pipeline,Omitted
OPP-0002806,2023-12-15,Omitted,Omitted
OPP-0002806,2023-12-22,Pipeline,Omitted
OPP-0002806,2023-12-29,Omitted,Omitted
OPP-0002806,2024-01-05,Omitted,Omitted
OPP-0002806,2024-01-12,Omitted,Omitted
OPP-0002806,2024-01-19,Omitted,Omitted
OPP-0002806,2024-01-26,Omitted,Omitted
OPP-0002806,2024-02-02,Pipeline,Omitted
OPP-0002806,2024-02-09,Omitted,Omitted
OPP-0002806,2024-02-16,Best Case,Best Case
OPP-0002813,2023-09-29,Omitted,Omitted
OPP-0002813,2023-10-06,Pipeline,Omitted
OPP-0002814,2023-09-29,Omitted,Omitted
OPP-0002814,2023-10-06,Omitted,Omitted
OPP-0002814,2023-10-13,Omitted,Omitted
OPP-0002814,2023-10-20,Pipeline,Pipeline
OPP-0002814,2023-10-27,Pipeline,Pipeline
OPP-0002814,2023-11-03,Pipeline,Pipeline
OPP-0002814,2023-11-10,Pipeline,Pipeline
OPP-0002814,2023-11-17,Pipeline,Pipeline
OPP-0002814,2023-11-24,Omitted,Pipeline
OPP-0002814,2023-12-01,Pipeline,Pipeline
OPP-0002814,2023-12-08,Pipeline,Pipeline
OPP-0002814,2023-12-15,Pipeline,Pipeline
OPP-0002814,2023-12-22,Pipeline,Omitted
OPP-0002814,2023-12-29,Omitted,Pipeline
OPP-0002814,2024-01-05,Omitted,Pipeline
OPP-0002815,2023-09-29,Commit,Commit
OPP-0002815,2023-10-06,Commit,Commit
OPP-0002815,2023-10-13,Commit,Commit
OPP-0002815,2023-10-20,Commit,Commit
OPP-0002815,2023-10-27,Commit,Commit
OPP-0002815,2023-11-03,Commit,Commit
OPP-0002816,2023-09-29,Pipeline,Pipeline
OPP-0002816,2023-10-06,Best Case,Best Case
OPP-0002820,2023-09-29,Pipeline,Omitted
OPP-0002820,2023-10-06,Pipeline,Pipeline
OPP-0002820,2023-10-13,Best Case,Best Case
OPP-0002820,2023-10-20,Pipeline,Pipeline
OPP-0002820,2023-10-27,Commit,Commit
OPP-0002821,2023-09-29,Pipeline,Pipeline
OPP-0002821,2023-10-06,Best Case,Best Case
OPP-0002821,2023-10-13,Best Case,Best Case
OPP-0002821,2023-10-20,Best Case,Best Case
OPP-0002821,2023-10-27,Commit,Commit
OPP-0002822,2023-09-29,Commit,Commit
OPP-0002822,2023-10-06,Commit,Commit
OPP-0002822,2023-10-13,Commit,Commit
OPP-0002822,2023-10-20,Commit,Commit
OPP-0002822,2023-10-27,Commit,Commit
OPP-0002825,2023-09-29,Omitted,Omitted
OPP-0002825,2023-10-06,Omitted,Omitted
OPP-0002825,2023-10-13,Pipeline,Pipeline
OPP-0002825,2023-10-20,Omitted,Omitted
OPP-0002825,2023-10-27,Pipeline,Pipeline
OPP-0002825,2023-11-03,Pipeline,Pipeline
OPP-0002825,2023-11-10,Omitted,Omitted
OPP-0002825,2023-11-17,Pipeline,Pipeline
OPP-0002825,2023-11-24,Pipeline,Pipeline
OPP-0002825,2023-12-01,Pipeline,Pipeline
OPP-0002825,2023-12-08,Best Case,Pipeline
OPP-0002825,2023-12-15,Best Case,Best Case
OPP-0002825,2023-12-22,Best Case,Best Case
OPP-0002825,2023-12-29,Best Case,Best Case
OPP-0002825,2024-01-05,Commit,Commit
OPP-0002825,2024-01-12,Commit,Commit
OPP-0002825,2024-01-19,Best Case,Best Case
OPP-0002825,2024-01-26,Best Case,Best Case
OPP-0002825,2024-02-02,Commit,Commit
OPP-0002825,2024-02-09,Commit,Commit
OPP-0002825,2024-02-16,Commit,Best Case
OPP-0002825,2024-02-23,Commit,Commit
OPP-0002825,2024-03-01,Best Case,Best Case
OPP-0002825,2024-03-08,Pipeline,Best Case
OPP-0002825,2024-03-15,Best Case,Best Case
OPP-0002826,2023-09-29,Omitted,Omitted
OPP-0002826,2023-10-06,Omitted,Omitted
OPP-0002826,2023-10-13,Omitted,Omitted
OPP-0002826,2023-10-20,Pipeline,Omitted
OPP-0002826,2023-10-27,Omitted,Omitted
OPP-0002826,2023-11-03,Omitted,Omitted
OPP-0002826,2023-11-10,Omitted,Omitted
OPP-0002826,2023-11-17,Pipeline,Omitted
OPP-0002826,2023-11-24,Pipeline,Omitted
OPP-0002826,2023-12-01,Pipeline,Omitted
OPP-0002826,2023-12-08,Omitted,Omitted
OPP-0002826,2023-12-15,Pipeline,Omitted
OPP-0002826,2023-12-22,Pipeline,Omitted
OPP-0002826,2023-12-29,Omitted,Omitted
OPP-0002826,2024-01-05,Omitted,Omitted
OPP-0002826,2024-01-12,Commit,Commit
OPP-0002826,2024-01-19,Best Case,Best Case
OPP-0002826,2024-01-26,Best Case,Best Case
OPP-0002829,2023-09-29,Omitted,Omitted
OPP-0002829,2023-10-06,Omitted,Pipeline
OPP-0002829,2023-10-13,Pipeline,Pipeline
OPP-0002830,2023-09-29,Pipeline,Pipeline
OPP-0002830,2023-10-06,Best Case,Best Case
OPP-0002830,2023-10-13,Best Case,Best Case
OPP-0002831,2023-10-06,Pipeline,Pipeline
OPP-0002831,2023-10-13,Pipeline,Pipeline
OPP-0002831,2023-10-20,Pipeline,Pipeline
OPP-0002831,2023-10-27,Pipeline,Pipeline
OPP-0002831,2023-11-03,Omitted,Pipeline
OPP-0002832,2023-10-06,Best Case,Best Case
OPP-0002832,2023-10-13,Best Case,Pipeline
OPP-0002832,2023-10-20,Commit,Best Case
OPP-0002832,2023-10-27,Best Case,Pipeline
OPP-0002832,2023-11-03,Commit,Commit
OPP-0002832,2023-11-10,Commit,Commit
OPP-0002832,2023-11-17,Commit,Commit
OPP-0002832,2023-11-24,Commit,Commit
OPP-0002832,2023-12-01,Commit,Commit
OPP-0002832,2023-12-08,Commit,Commit
OPP-0002832,2023-12-15,Commit,Commit
OPP-0002833,2023-10-06,Pipeline,Pipeline
OPP-0002833,2023-10-13,Pipeline,Pipeline
OPP-0002833,2023-10-20,Best Case,Best Case
OPP-0002833,2023-10-27,Best Case,Best Case
OPP-0002833,2023-11-03,Pipeline,Pipeline
OPP-0002833,2023-11-10,Commit,Best Case
OPP-0002839,2023-10-06,Pipeline,Omitted
OPP-0002839,2023-10-13,Pipeline,Omitted
OPP-0002839,2023-10-20,Best Case,Pipeline
OPP-0002839,2023-10-27,Pipeline,Pipeline
OPP-0002839,2023-11-03,Pipeline,Pipeline
OPP-0002839,2023-11-10,Best Case,Best Case
OPP-0002840,2023-10-06,Pipeline,Omitted
OPP-0002840,2023-10-13,Pipeline,Omitted
OPP-0002840,2023-10-20,Pipeline,Omitted
OPP-0002840,2023-10-27,Best Case,Pipeline
OPP-0002840,2023-11-03,Best Case,Best Case
OPP-0002840,2023-11-10,Pipeline,Pipeline
OPP-0002844,2023-10-06,Omitted,Omitted
OPP-0002844,2023-10-13,Omitted,Omitted
OPP-0002849,2023-10-06,Commit,Commit
OPP-0002849,2023-10-13,Commit,Commit
OPP-0002849,2023-10-20,Commit,Commit
OPP-0002849,2023-10-27,Commit,Commit
OPP-0002849,2023-11-03,Commit,Commit
OPP-0002849,2023-11-10,Commit,Commit
OPP-0002849,2023-11-17,Commit,Best Case
OPP-0002849,2023-11-24,Commit,Best Case
OPP-0002850,2023-10-06,Pipeline,Omitted
OPP-0002850,2023-10-13,Pipeline,Pipeline
OPP-0002850,2023-10-20,Best Case,Pipeline
OPP-0002850,2023-10-27,Best Case,Best Case
OPP-0002850,2023-11-03,Commit,Pipeline
OPP-0002856,2023-10-06,Pipeline,Pipeline
OPP-0002856,2023-10-13,Pipeline,Omitted
OPP-0002856,2023-10-20,Pipeline,Omitted
OPP-0002857,2023-10-06,Omitted,Pipeline
OPP-0002857,2023-10-13,Pipeline,Pipeline
OPP-0002857,2023-10-20,Best Case,Best Case
OPP-0002862,2023-10-06,Pipeline,Omitted
OPP-0002862,2023-10-13,Pipeline,Pipeline
OPP-0002862,2023-10-20,Best Case,Best Case
OPP-0002862,2023-10-27,Best Case,Best Case
OPP-0002862,2023-11-03,Best Case,Best Case
OPP-0002862,2023-11-10,Best Case,Best Case
OPP-0002862,2023-11-17,Pipeline,Pipeline
OPP-0002863,2023-10-06,Commit,Best Case
OPP-0002863,2023-10-13,Commit,Commit
OPP-0002863,2023-10-20,Commit,Commit
OPP-0002863,2023-10-27,Commit,Best Case
OPP-0002863,2023-11-03,Commit,Commit
OPP-0002863,2023-11-10,Commit,Commit
OPP-0002863,2023-11-17,Commit,Commit
OPP-0002869,2023-10-13,Best Case,Best Case
OPP-0002869,2023-10-20,Best Case,Best Case
OPP-0002869,2023-10-27,Commit,Commit
OPP-0002870,2023-10-13,Omitted,Omitted
OPP-0002870,2023-10-20,Pipeline,Omitted
OPP-0002870,2023-10-27,Omitted,Omitted
OPP-0002870,2023-11-03,Pipeline,Omitted
OPP-0002870,2023-11-10,Pipeline,Omitted
OPP-0002870,2023-11-17,Best Case,Best Case
OPP-0002870,2023-11-24,Best Case,Best Case
OPP-0002870,2023-12-01,Pipeline,Omitted
OPP-0002870,2023-12-08,Omitted,Omitted
OPP-0002870,2023-12-15,Pipeline,Omitted
OPP-0002874,2023-10-13,Commit,Commit
OPP-0002874,2023-10-20,Commit,Commit
OPP-0002874,2023-10-27,Commit,Commit
OPP-0002875,2023-10-13,Pipeline,Omitted
OPP-0002875,2023-10-20,Pipeline,Omitted
OPP-0002875,2023-10-27,Best Case,Pipeline
OPP-0002875,2023-11-03,Pipeline,Omitted
OPP-0002875,2023-11-10,Best Case,Pipeline
OPP-0002876,2023-10-13,Best Case,Pipeline
OPP-0002876,2023-10-20,Omitted,Pipeline
OPP-0002876,2023-10-27,Best Case,Best Case
OPP-0002876,2023-11-03,Pipeline,Pipeline
OPP-0002876,2023-11-10,Best Case,Best Case
OPP-0002876,2023-11-17,Pipeline,Pipeline
OPP-0002876,2023-11-24,Best Case,Pipeline
OPP-0002876,2023-12-01,Best Case,Best Case
OPP-0002876,2023-12-08,Commit,Pipeline
OPP-0002876,2023-12-15,Best Case,Best Case
OPP-0002876,2023-12-22,Best Case,Best Case
OPP-0002876,2023-12-29,Pipeline,Pipeline
OPP-0002876,2024-01-05,Best Case,Best Case
OPP-0002876,2024-01-12,Best Case,Best Case
OPP-0002876,2024-01-19,Commit,Best Case
OPP-0002876,2024-01-26,Best Case,Best Case
OPP-0002876,2024-02-02,Pipeline,Pipeline
OPP-0002876,2024-02-09,Pipeline,Pipeline
OPP-0002876,2024-02-16,Pipeline,Pipeline
OPP-0002876,2024-02-23,Pipeline,Omitted
OPP-0002876,2024-03-01,Pipeline,Omitted
OPP-0002876,2024-03-08,Omitted,Omitted
OPP-0002876,2024-03-15,Pipeline,Omitted
OPP-0002881,2023-10-13,Commit,Commit
OPP-0002881,2023-10-20,Commit,Commit
OPP-0002881,2023-10-27,Commit,Commit
OPP-0002882,2023-10-13,Pipeline,Omitted
OPP-0002882,2023-10-20,Pipeline,Pipeline
OPP-0002882,2023-10-27,Pipeline,Pipeline
OPP-0002883,2023-10-13,Omitted,Omitted
OPP-0002883,2023-10-20,Omitted,Omitted
OPP-0002883,2023-10-27,Pipeline,Pipeline
OPP-0002884,2023-10-13,Pipeline,Omitted
OPP-0002884,2023-10-20,Pipeline,Omitted
OPP-0002884,2023-10-27,Pipeline,Omitted
OPP-0002884,2023-11-03,Best Case,Pipeline
OPP-0002884,2023-11-10,Best Case,Pipeline
OPP-0002885,2023-10-13,Pipeline,Pipeline
OPP-0002885,2023-10-20,Pipeline,Pipeline
OPP-0002885,2023-10-27,Pipeline,Pipeline
OPP-0002885,2023-11-03,Commit,Commit
OPP-0002885,2023-11-10,Best Case,Best Case
OPP-0002886,2023-10-13,Commit,Commit
OPP-0002886,2023-10-20,Commit,Commit
OPP-0002886,2023-10-27,Commit,Commit
OPP-0002886,2023-11-03,Commit,Commit
OPP-0002886,2023-11-10,Commit,Commit
OPP-0002886,2023-11-17,Commit,Commit
OPP-0002886,2023-11-24,Commit,Commit
OPP-0002886,2023-12-01,Commit,Commit
OPP-0002886,2023-12-08,Commit,Commit
OPP-0002886,2023-12-15,Commit,Commit
OPP-0002886,2023-12-22,Commit,Commit
OPP-0002886,2023-12-29,Commit,Commit
OPP-0002890,2023-10-13,Commit,Commit
OPP-0002890,2023-10-20,Commit,Commit
OPP-0002890,2023-10-27,Commit,Commit
OPP-0002896,2023-10-13,Best Case,Pipeline
OPP-0002896,2023-10-20,Best Case,Pipeline
OPP-0002896,2023-10-27,Commit,Best Case
OPP-0002896,2023-11-03,Commit,Commit
OPP-0002896,2023-11-10,Commit,Commit
OPP-0002904,2023-10-13,Commit,Commit
OPP-0002904,2023-10-20,Commit,Commit
OPP-0002904,2023-10-27,Commit,Commit
OPP-0002905,2023-10-13,Commit,Best Case
OPP-0002905,2023-10-20,Commit,Commit
OPP-0002905,2023-10-27,Commit,Best Case
OPP-0002906,2023-10-13,Commit,Commit
OPP-0002906,2023-10-20,Commit,Commit
OPP-0002906,2023-10-27,Commit,Commit
OPP-0002907,2023-10-13,Pipeline,Omitted
OPP-0002907,2023-10-20,Pipeline,Pipeline
OPP-0002907,2023-10-27,Best Case,Best Case
OPP-0002907,2023-11-03,Pipeline,Pipeline
OPP-0002907,2023-11-10,Best Case,Best Case
OPP-0002911,2023-10-13,Commit,Commit
OPP-0002911,2023-10-20,Commit,Commit
OPP-0002911,2023-10-27,Commit,Commit
OPP-0002921,2023-10-20,Commit,Commit
OPP-0002921,2023-10-27,Commit,Commit
OPP-0002922,2023-10-20,Commit,Commit
OPP-0002922,2023-10-27,Commit,Commit
OPP-0002923,2023-10-20,Commit,Commit
OPP-0002923,2023-10-27,Commit,Commit
OPP-0002923,2023-11-03,Commit,Commit
OPP-0002923,2023-11-10,Commit,Commit
OPP-0002923,2023-11-17,Commit,Commit
OPP-0002923,2023-11-24,Commit,Commit
OPP-0002923,2023-12-01,Commit,Best Case
OPP-0002923,2023-12-08,Commit,Commit
OPP-0002928,2023-10-20,Commit,Commit
OPP-0002928,2023-10-27,Commit,Commit
OPP-0002929,2023-10-20,Pipeline,Omitted
OPP-0002929,2023-10-27,Omitted,Omitted
OPP-0002929,2023-11-03,Omitted,Omitted
OPP-0002929,2023-11-10,Pipeline,Omitted
OPP-0002929,2023-11-17,Omitted,Omitted
OPP-0002929,2023-11-24,Omitted,Omitted
OPP-0002929,2023-12-01,Pipeline,Omitted
OPP-0002929,2023-12-08,Pipeline,Omitted
OPP-0002929,2023-12-15,Omitted,Omitted
OPP-0002929,2023-12-22,Commit,Pipeline
OPP-0002929,2023-12-29,Best Case,Best Case
OPP-0002929,2024-01-05,Best Case,Best Case
OPP-0002929,2024-01-12,Best Case,Best Case
OPP-0002929,2024-01-19,Best Case,Best Case
OPP-0002929,2024-01-26,Commit,Best Case
OPP-0002929,2024-02-02,Commit,Best Case
OPP-0002929,2024-02-09,Best Case,Best Case
OPP-0002930,2023-10-20,Pipeline,Omitted
OPP-0002930,2023-10-27,Pipeline,Pipeline
OPP-0002930,2023-11-03,Omitted,Omitted
OPP-0002930,2023-11-10,Omitted,Pipeline
OPP-0002930,2023-11-17,Pipeline,Pipeline
OPP-0002930,2023-11-24,Pipeline,Omitted
OPP-0002930,2023-12-01,Pipeline,Pipeline
OPP-0002930,2023-12-08,Pipeline,Pipeline
OPP-0002930,2023-12-15,Best Case,Best Case
OPP-0002930,2023-12-22,Commit,Commit
OPP-0002930,2023-12-29,Commit,Commit
OPP-0002930,2024-01-05,Commit,Commit
OPP-0002930,2024-01-12,Commit,Commit
OPP-0002930,2024-01-19,Commit,Commit
OPP-0002931,2023-10-20,Commit,Commit
OPP-0002931,2023-10-27,Commit,Commit
OPP-0002932,2023-10-20,Omitted,Omitted
OPP-0002932,2023-10-27,Pipeline,Omitted
OPP-0002932,2023-11-03,Pipeline,Best Case
OPP-0002933,2023-10-20,Pipeline,Pipeline
OPP-0002933,2023-10-27,Commit,Pipeline
OPP-0002933,2023-11-03,Best Case,Best Case
OPP-0002933,2023-11-10,Best Case,Best Case
OPP-0002938,2023-10-20,Commit,Commit
OPP-0002938,2023-10-27,Commit,Commit
OPP-0002939,2023-10-20,Pipeline,Omitted
OPP-0002939,2023-10-27,Pipeline,Pipeline
OPP-0002939,2023-11-03,Best Case,Best Case
OPP-0002943,2023-10-20,Omitted,Omitted
OPP-0002943,2023-10-27,Omitted,Pipeline
OPP-0002943,2023-11-03,Omitted,Omitted
OPP-0002943,2023-11-10,Omitted,Omitted
OPP-0002943,2023-11-17,Omitted,Omitted
OPP-0002944,2023-10-20,Omitted,Omitted
OPP-0002944,2023-10-27,Pipeline,Omitted
OPP-0002944,2023-11-03,Pipeline,Omitted
OPP-0002944,2023-11-10,Best Case,Pipeline
OPP-0002949,2023-10-20,Pipeline,Pipeline
OPP-0002949,2023-10-27,Pipeline,Pipeline
OPP-0002949,2023-11-03,Commit,Best Case
OPP-0002950,2023-10-20,Omitted,Omitted
OPP-0002950,2023-10-27,Omitted,Omitted
OPP-0002950,2023-11-03,Omitted,Omitted
OPP-0002950,2023-11-10,Omitted,Omitted
OPP-0002950,2023-11-17,Omitted,Omitted
OPP-0002950,2023-11-24,Omitted,Omitted
OPP-0002950,2023-12-01,Omitted,Omitted
OPP-0002950,2023-12-08,Omitted,Omitted
OPP-0002950,2023-12-15,Omitted,Omitted
OPP-0002950,2023-12-22,Omitted,Omitted
OPP-0002950,2023-12-29,Omitted,Omitted
OPP-0002950,2024-01-05,Omitted,Omitted
OPP-0002950,2024-01-12,Omitted,Omitted
OPP-0002950,2024-01-19,Pipeline,Omitted
OPP-0002950,2024-01-26,Omitted,Omitted
OPP-0002950,2024-02-02,Omitted,Omitted
OPP-0002950,2024-02-09,Omitted,Pipeline
OPP-0002950,2024-02-16,Omitted,Omitted
OPP-0002950,2024-02-23,Omitted,Omitted
OPP-0002950,2024-03-01,Omitted,Omitted
OPP-0002950,2024-03-08,Omitted,Omitted
OPP-0002950,2024-03-15,Omitted,Omitted
OPP-0002950,2024-03-22,Omitted,Omitted
OPP-0002950,2024-03-29,Omitted,Omitted
OPP-0002951,2023-10-20,Omitted,Omitted
OPP-0002951,2023-10-27,Pipeline,Omitted
OPP-0002951,2023-11-03,Omitted,Omitted
OPP-0002951,2023-11-10,Omitted,Omitted
OPP-0002951,2023-11-17,Omitted,Pipeline
OPP-0002951,2023-11-24,Pipeline,Pipeline
OPP-0002951,2023-12-01,Pipeline,Omitted
OPP-0002951,2023-12-08,Omitted,Omitted
OPP-0002951,2023-12-15,Pipeline,Omitted
OPP-0002951,2023-12-22,Omitted,Omitted
OPP-0002951,2023-12-29,Omitted,Pipeline
OPP-0002951,2024-01-05,Omitted,Pipeline
OPP-0002951,2024-01-12,Best Case,Best Case
OPP-0002951,2024-01-19,Best Case,Best Case
OPP-0002951,2024-01-26,Best Case,Best Case
OPP-0002951,2024-02-02,Pipeline,Pipeline
OPP-0002951,2024-02-09,Best Case,Best Case
OPP-0002952,2023-10-20,Commit,Commit
OPP-0002952,2023-10-27,Commit,Commit
OPP-0002952,2023-11-03,Commit,Commit
OPP-0002952,2023-11-10,Commit,Commit
OPP-0002952,2023-11-17,Commit,Commit
OPP-0002952,2023-11-24,Commit,Commit
OPP-0002952,2023-12-01,Commit,Commit
OPP-0002952,2023-12-08,Commit,Commit
OPP-0002952,2023-12-15,Commit,Commit
OPP-0002952,2023-12-22,Commit,Commit
OPP-0002952,2023-12-29,Commit,Commit
OPP-0002952,2024-01-05,Commit,Commit
OPP-0002952,2024-01-12,Commit,Commit
OPP-0002952,2024-01-19,Commit,Commit
OPP-0002952,2024-01-26,Commit,Commit
OPP-0002952,2024-02-02,Commit,Commit
OPP-0002953,2023-10-20,Pipeline,Pipeline
OPP-0002953,2023-10-27,Best Case,Best Case
OPP-0002953,2023-11-03,Pipeline,Pipeline
OPP-0002953,2023-11-10,Best Case,Best Case
OPP-0002953,2023-11-17,Commit,Commit
OPP-0002959,2023-10-27,Pipeline,Pipeline
OPP-0002959,2023-11-03,Pipeline,Pipeline
OPP-0002959,2023-11-10,Best Case,Best Case
OPP-0002959,2023-11-17,Best Case,Best Case
OPP-0002960,2023-10-27,Best Case,Best Case
OPP-0002960,2023-11-03,Best Case,Best Case
OPP-0002960,2023-11-10,Best Case,Omitted
OPP-0002960,2023-11-17,Best Case,Omitted
OPP-0002960,2023-11-24,Best Case,Best Case
OPP-0002960,2023-12-01,Commit,Best Case
OPP-0002963,2023-10-27,Omitted,Omitted
OPP-0002963,2023-11-03,Omitted,Omitted
OPP-0002963,2023-11-10,Pipeline,Omitted
OPP-0002964,2023-10-27,Pipeline,Omitted
OPP-0002964,2023-11-03,Pipeline,Omitted
OPP-0002964,2023-11-10,Pipeline,Omitted
OPP-0002964,2023-11-17,Pipeline,Omitted
OPP-0002964,2023-11-24,Pipeline,Omitted
OPP-0002964,2023-12-01,Best Case,Best Case
OPP-0002964,2023-12-08,Best Case,Best Case
OPP-0002964,2023-12-15,Pipeline,Omitted
OPP-0002964,2023-12-22,Pipeline,Omitted
OPP-0002964,2023-12-29,Pipeline,Omitted
OPP-0002964,2024-01-05,Omitted,Omitted
OPP-0002964,2024-01-12,Best Case,Omitted
OPP-0002972,2023-10-27,Omitted,Omitted
OPP-0002972,2023-11-03,Omitted,Omitted
OPP-0002972,2023-11-10,Omitted,Omitted
OPP-0002972,2023-11-17,Omitted,Omitted
OPP-0002972,2023-11-24,Omitted,Omitted
OPP-0002972,2023-12-01,Omitted,Omitted
OPP-0002972,2023-12-08,Omitted,Omitted
OPP-0002972,2023-12-15,Omitted,Omitted
OPP-0002972,2023-12-22,Omitted,Omitted
OPP-0002972,2023-12-29,Omitted,Omitted
OPP-0002972,2024-01-05,Omitted,Omitted
OPP-0002972,2024-01-12,Pipeline,Omitted
OPP-0002972,2024-01-19,Pipeline,Omitted
OPP-0002972,2024-01-26,Pipeline,Omitted
OPP-0002972,2024-02-02,Omitted,Omitted
OPP-0002972,2024-02-09,Omitted,Omitted
OPP-0002972,2024-02-16,Omitted,Omitted
OPP-0002973,2023-10-27,Commit,Commit
OPP-0002973,2023-11-03,Commit,Commit
OPP-0002973,2023-11-10,Commit,Commit
OPP-0002973,2023-11-17,Commit,Commit
OPP-0002973,2023-11-24,Commit,Commit
OPP-0002973,2023-12-01,Commit,Commit
OPP-0002973,2023-12-08,Commit,Commit
OPP-0002973,2023-12-15,Commit,Commit
OPP-0002973,2023-12-22,Commit,Commit
OPP-0002973,2023-12-29,Commit,Commit
OPP-0002973,2024-01-05,Commit,Commit
OPP-0002973,2024-01-12,Commit,Commit
OPP-0002976,2023-10-27,Commit,Best Case
OPP-0002976,2023-11-03,Commit,Best Case
OPP-0002976,2023-11-10,Commit,Best Case
OPP-0002976,2023-11-17,Commit,Best Case
OPP-0002976,2023-11-24,Commit,Best Case
OPP-0002976,2023-12-01,Commit,Best Case
OPP-0002976,2023-12-08,Commit,Best Case
OPP-0002977,2023-10-27,Commit,Commit
OPP-0002977,2023-11-03,Best Case,Best Case
OPP-0002977,2023-11-10,Best Case,Best Case
OPP-0002977,2023-11-17,Commit,Commit
OPP-0002977,2023-11-24,Commit,Commit
OPP-0002983,2023-10-27,Commit,Commit
OPP-0002983,2023-11-03,Commit,Commit
OPP-0002983,2023-11-10,Commit,Commit
OPP-0002983,2023-11-17,Commit,Commit
OPP-0002983,2023-11-24,Commit,Commit
OPP-0002984,2023-10-27,Omitted,Omitted
OPP-0002984,2023-11-03,Omitted,Omitted
OPP-0002984,2023-11-10,Omitted,Omitted
OPP-0002984,2023-11-17,Omitted,Omitted
OPP-0002984,2023-11-24,Omitted,Omitted
OPP-0002984,2023-12-01,Pipeline,Omitted
OPP-0002984,2023-12-08,Omitted,Omitted
OPP-0002984,2023-12-15,Omitted,Omitted
OPP-0002984,2023-12-22,Pipeline,Omitted
OPP-0002984,2023-12-29,Omitted,Omitted
OPP-0002984,2024-01-05,Omitted,Omitted
OPP-0002984,2024-01-12,Omitted,Omitted
OPP-0002984,2024-01-19,Omitted,Omitted
OPP-0002984,2024-01-26,Omitted,Omitted
OPP-0002985,2023-10-27,Omitted,Omitted
OPP-0002985,2023-11-03,Omitted,Omitted
OPP-0002985,2023-11-10,Omitted,Omitted
OPP-0002985,2023-11-17,Omitted,Omitted
OPP-0002985,2023-11-24,Pipeline,Pipeline
OPP-0002985,2023-12-01,Pipeline,Pipeline
OPP-0002985,2023-12-08,Pipeline,Pipeline
OPP-0002985,2023-12-15,Pipeline,Pipeline
OPP-0002985,2023-12-22,Pipeline,Omitted
OPP-0002985,2023-12-29,Omitted,Pipeline
OPP-0002985,2024-01-05,Pipeline,Omitted
OPP-0002985,2024-01-12,Pipeline,Omitted
OPP-0002985,2024-01-19,Omitted,Omitted
OPP-0002985,2024-01-26,Omitted,Omitted
OPP-0002985,2024-02-02,Omitted,Pipeline
OPP-0002985,2024-02-09,Pipeline,Pipeline
OPP-0002985,2024-02-16,Omitted,Omitted
OPP-0002985,2024-02-23,Omitted,Omitted
OPP-0002985,2024-03-01,Omitted,Omitted
OPP-0002985,2024-03-08,Omitted,Omitted
OPP-0002985,2024-03-15,Omitted,Omitted
OPP-0002999,2023-11-03,Pipeline,Omitted
OPP-0002999,2023-11-10,Pipeline,Pipeline
OPP-0002999,2023-11-17,Pipeline,Pipeline
OPP-0003000,2023-11-03,Omitted,Omitted
OPP-0003000,2023-11-10,Omitted,Omitted
OPP-0003000,2023-11-17,Pipeline,Omitted
OPP-0003000,2023-11-24,Omitted,Pipeline
OPP-0003000,2023-12-01,Omitted,Omitted
OPP-0003000,2023-12-08,Pipeline,Pipeline
OPP-0003000,2023-12-15,Pipeline,Pipeline
OPP-0003000,2023-12-22,Omitted,Pipeline
OPP-0003000,2023-12-29,Pipeline,Pipeline
OPP-0003000,2024-01-05,Pipeline,Omitted
OPP-0003000,2024-01-12,Pipeline,Pipeline
OPP-0003000,2024-01-19,Omitted,Omitted
OPP-0003001,2023-11-03,Pipeline,Omitted
OPP-0003001,2023-11-10,Pipeline,Pipeline
OPP-0003001,2023-11-17,Best Case,Best Case
OPP-0003002,2023-11-03,Omitted,Omitted
OPP-0003002,2023-11-10,Pipeline,Omitted
OPP-0003003,2023-11-03,Omitted,Omitted
OPP-0003003,2023-11-10,Pipeline,Pipeline
OPP-0003003,2023-11-17,Best Case,Pipeline
OPP-0003004,2023-11-03,Omitted,Omitted
OPP-0003004,2023-11-10,Pipeline,Omitted
OPP-0003004,2023-11-17,Pipeline,Pipeline
OPP-0003004,2023-11-24,Pipeline,Omitted
OPP-0003004,2023-12-01,Pipeline,Pipeline
OPP-0003004,2023-12-08,Best Case,Best Case
OPP-0003004,2023-12-15,Best Case,Best Case
OPP-0003004,2023-12-22,Best Case,Omitted
OPP-0003004,2023-12-29,Pipeline,Pipeline
OPP-0003004,2024-01-05,Pipeline,Pipeline
OPP-0003004,2024-01-12,Omitted,Omitted
OPP-0003004,2024-01-19,Best Case,Best Case
OPP-0003004,2024-01-26,Best Case,Best Case
OPP-0003004,2024-02-02,Pipeline,Omitted
OPP-0003004,2024-02-09,Pipeline,Omitted
OPP-0003004,2024-02-16,Pipeline,Omitted
OPP-0003004,2024-02-23,Omitted,Omitted
OPP-0003004,2024-03-01,Best Case,Omitted
OPP-0003004,2024-03-08,Pipeline,Omitted
OPP-0003004,2024-03-15,Pipeline,Omitted
OPP-0003004,2024-03-22,Best Case,Omitted
OPP-0003004,2024-03-29,Pipeline,Pipeline
OPP-0003005,2023-11-03,Commit,Commit
OPP-0003005,2023-11-10,Commit,Commit
OPP-0003005,2023-11-17,Commit,Commit
OPP-0003005,2023-11-24,Commit,Commit
OPP-0003006,2023-11-03,Best Case,Best Case
OPP-0003006,2023-11-10,Best Case,Best Case
OPP-0003006,2023-11-17,Commit,Commit
OPP-0003007,2023-11-03,Omitted,Omitted
OPP-0003007,2023-11-10,Omitted,Omitted
OPP-0003007,2023-11-17,Omitted,Omitted
OPP-0003007,2023-11-24,Omitted,Omitted
OPP-0003007,2023-12-01,Omitted,Omitted
OPP-0003007,2023-12-08,Omitted,Omitted
OPP-0003007,2023-12-15,Omitted,Omitted
OPP-0003007,2023-12-22,Pipeline,Omitted
OPP-0003007,2023-12-29,Pipeline,Omitted
OPP-0003007,2024-01-05,Omitted,Omitted
OPP-0003007,2024-01-12,Omitted,Omitted
OPP-0003007,2024-01-19,Omitted,Omitted
OPP-0003007,2024-01-26,Omitted,Omitted
OPP-0003007,2024-02-02,Pipeline,Omitted
OPP-0003007,2024-02-09,Pipeline,Omitted
OPP-0003007,2024-02-16,Omitted,Pipeline
OPP-0003007,2024-02-23,Pipeline,Best Case
OPP-0003007,2024-03-01,Best Case,Best Case
OPP-0003007,2024-03-08,Best Case,Best Case
OPP-0003008,2023-11-03,Pipeline,Omitted
OPP-0003008,2023-11-10,Omitted,Omitted
OPP-0003008,2023-11-17,Omitted,Omitted
OPP-0003008,2023-11-24,Omitted,Omitted
OPP-0003008,2023-12-01,Omitted,Omitted
OPP-0003008,2023-12-08,Pipeline,Omitted
OPP-0003008,2023-12-15,Pipeline,Omitted
OPP-0003008,2023-12-22,Best Case,Omitted
OPP-0003008,2023-12-29,Pipeline,Omitted
OPP-0003008,2024-01-05,Pipeline,Omitted
OPP-0003008,2024-01-12,Pipeline,Omitted
OPP-0003008,2024-01-19,Omitted,Omitted
OPP-0003008,2024-01-26,Pipeline,Omitted
OPP-0003008,2024-02-02,Pipeline,Omitted
OPP-0003008,2024-02-09,Pipeline,Omitted
OPP-0003008,2024-02-16,Omitted,Omitted
OPP-0003008,2024-02-23,Omitted,Omitted
OPP-0003008,2024-03-01,Pipeline,Omitted
OPP-0003008,2024-03-08,Pipeline,Pipeline
OPP-0003008,2024-03-15,Commit,Commit
OPP-0003008,2024-03-22,Best Case,Best Case
OPP-0003009,2023-11-03,Pipeline,Omitted
OPP-0003009,2023-11-10,Pipeline,Pipeline
OPP-0003009,2023-11-17,Best Case,Omitted
OPP-0003009,2023-11-24,Pipeline,Omitted
OPP-0003009,2023-12-01,Pipeline,Pipeline
OPP-0003009,2023-12-08,Pipeline,Pipeline
OPP-0003009,2023-12-15,Pipeline,Omitted
OPP-0003009,2023-12-22,Pipeline,Omitted
OPP-0003009,2023-12-29,Best Case,Omitted
OPP-0003009,2024-01-05,Commit,Best Case
OPP-0003015,2023-11-03,Omitted,Omitted
OPP-0003015,2023-11-10,Omitted,Omitted
OPP-0003015,2023-11-17,Pipeline,Omitted
OPP-0003015,2023-11-24,Pipeline,Omitted
OPP-0003015,2023-12-01,Pipeline,Pipeline
OPP-0003015,2023-12-08,Pipeline,Omitted
OPP-0003016,2023-11-03,Pipeline,Pipeline
OPP-0003016,2023-11-10,Pipeline,Pipeline
OPP-0003016,2023-11-17,Best Case,Best Case
OPP-0003017,2023-11-03,Best Case,Best Case
OPP-0003017,2023-11-10,Best Case,Best Case
OPP-0003017,2023-11-17,Commit,Commit
OPP-0003017,2023-11-24,Commit,Commit
OPP-0003017,2023-12-01,Commit,Commit
OPP-0003017,2023-12-08,Commit,Commit
OPP-0003017,2023-12-15,Commit,Commit
OPP-0003017,2023-12-22,Commit,Commit
OPP-0003017,2023-12-29,Commit,Commit
OPP-0003017,2024-01-05,Commit,Best Case
OPP-0003017,2024-01-12,Commit,Best Case
OPP-0003017,2024-01-19,Commit,Best Case
OPP-0003018,2023-11-03,Commit,Commit
OPP-0003018,2023-11-10,Commit,Commit
OPP-0003018,2023-11-17,Commit,Commit
OPP-0003018,2023-11-24,Commit,Commit
OPP-0003018,2023-12-01,Commit,Commit
OPP-0003018,2023-12-08,Commit,Commit
OPP-0003018,2023-12-15,Commit,Commit
OPP-0003018,2023-12-22,Commit,Commit
OPP-0003018,2023-12-29,Commit,Commit
OPP-0003019,2023-11-03,Commit,Commit
OPP-0003019,2023-11-10,Commit,Commit
OPP-0003019,2023-11-17,Commit,Commit
OPP-0003019,2023-11-24,Commit,Commit
OPP-0003019,2023-12-01,Commit,Commit
OPP-0003019,2023-12-08,Commit,Commit
OPP-0003019,2023-12-15,Commit,Commit
OPP-0003019,2023-12-22,Commit,Commit
OPP-0003019,2023-12-29,Commit,Commit
OPP-0003020,2023-11-03,Pipeline,Omitted
OPP-0003020,2023-11-10,Pipeline,Omitted
OPP-0003020,2023-11-17,Pipeline,Omitted
OPP-0003020,2023-11-24,Pipeline,Omitted
OPP-0003020,2023-12-01,Best Case,Omitted
OPP-0003020,2023-12-08,Pipeline,Pipeline
OPP-0003020,2023-12-15,Pipeline,Pipeline
OPP-0003020,2023-12-22,Pipeline,Pipeline
OPP-0003020,2023-12-29,Pipeline,Omitted
OPP-0003020,2024-01-05,Best Case,Omitted
OPP-0003020,2024-01-12,Pipeline,Omitted
OPP-0003020,2024-01-19,Omitted,Omitted
OPP-0003020,2024-01-26,Omitted,Omitted
OPP-0003020,2024-02-02,Pipeline,Omitted
OPP-0003020,2024-02-09,Pipeline,Pipeline
OPP-0003020,2024-02-16,Pipeline,Pipeline
OPP-0003020,2024-02-23,Best Case,Best Case
OPP-0003020,2024-03-01,Best Case,Best Case
OPP-0003020,2024-03-08,Best Case,Best Case
OPP-0003020,2024-03-15,Best Case,Best Case
OPP-0003020,2024-03-22,Commit,Commit
OPP-0003020,2024-03-29,Best Case,Best Case
OPP-0003020,2024-04-05,Best Case,Best Case
OPP-0003020,2024-04-12,Commit,Commit
OPP-0003021,2023-11-03,Pipeline,Omitted
OPP-0003021,2023-11-10,Pipeline,Pipeline
OPP-0003021,2023-11-17,Pipeline,Omitted
OPP-0003021,2023-11-24,Pipeline,Omitted
OPP-0003021,2023-12-01,Omitted,Omitted
OPP-0003028,2023-11-10,Omitted,Omitted
OPP-0003028,2023-11-17,Pipeline,Pipeline
OPP-0003028,2023-11-24,Best Case,Best Case
OPP-0003035,2023-11-10,Pipeline,Omitted
OPP-0003035,2023-11-17,Pipeline,Omitted
OPP-0003035,2023-11-24,Best Case,Pipeline
OPP-0003036,2023-11-10,Pipeline,Omitted
OPP-0003036,2023-11-17,Pipeline,Pipeline
OPP-0003036,2023-11-24,Pipeline,Omitted
OPP-0003036,2023-12-01,Best Case,Omitted
OPP-0003036,2023-12-08,Pipeline,Pipeline
OPP-0003036,2023-12-15,Pipeline,Pipeline
OPP-0003036,2023-12-22,Pipeline,Pipeline
OPP-0003036,2023-12-29,Best Case,Best Case
OPP-0003036,2024-01-05,Pipeline,Pipeline
OPP-0003036,2024-01-12,Pipeline,Pipeline
OPP-0003036,2024-01-19,Pipeline,Pipeline
OPP-0003036,2024-01-26,Pipeline,Omitted
OPP-0003036,2024-02-02,Omitted,Omitted
OPP-0003036,2024-02-09,Pipeline,Omitted
OPP-0003036,2024-02-16,Pipeline,Pipeline
OPP-0003036,2024-02-23,Best Case,Best Case
OPP-0003036,2024-03-01,Best Case,Pipeline
OPP-0003036,2024-03-08,Pipeline,Omitted
OPP-0003036,2024-03-15,Pipeline,Omitted
OPP-0003036,2024-03-22,Pipeline,Omitted
OPP-0003036,2024-03-29,Pipeline,Pipeline
OPP-0003036,2024-04-05,Pipeline,Omitted
OPP-0003036,2024-04-12,Pipeline,Omitted
OPP-0003037,2023-11-10,Commit,Commit
OPP-0003037,2023-11-17,Commit,Commit
OPP-0003037,2023-11-24,Commit,Commit
OPP-0003037,2023-12-01,Commit,Commit
OPP-0003037,2023-12-08,Commit,Commit
OPP-0003037,2023-12-15,Commit,Commit
OPP-0003037,2023-12-22,Commit,Commit
OPP-0003037,2023-12-29,Commit,Commit
OPP-0003038,2023-11-10,Commit,Commit
OPP-0003038,2023-11-17,Commit,Commit
OPP-0003038,2023-11-24,Commit,Commit
OPP-0003038,2023-12-01,Commit,Commit
OPP-0003038,2023-12-08,Commit,Commit
OPP-0003038,2023-12-15,Commit,Commit
OPP-0003038,2023-12-22,Commit,Commit
OPP-0003038,2023-12-29,Commit,Commit
OPP-0003038,2024-01-05,Commit,Commit
OPP-0003038,2024-01-12,Commit,Commit
OPP-0003038,2024-01-19,Commit,Commit
OPP-0003038,2024-01-26,Commit,Commit
OPP-0003039,2023-11-10,Commit,Commit
OPP-0003039,2023-11-17,Commit,Commit
OPP-0003039,2023-11-24,Commit,Commit
OPP-0003039,2023-12-01,Best Case,Commit
OPP-0003039,2023-12-08,Best Case,Commit
OPP-0003039,2023-12-15,Commit,Commit
OPP-0003039,2023-12-22,Commit,Commit
OPP-0003039,2023-12-29,Commit,Commit
OPP-0003039,2024-01-05,Commit,Best Case
OPP-0003039,2024-01-12,Commit,Commit
OPP-0003039,2024-01-19,Commit,Commit
OPP-0003039,2024-01-26,Commit,Best Case
OPP-0003045,2023-11-10,Commit,Commit
OPP-0003045,2023-11-17,Commit,Commit
OPP-0003045,2023-11-24,Commit,Commit
OPP-0003046,2023-11-10,Best Case,Omitted
OPP-0003046,2023-11-17,Commit,Pipeline
OPP-0003046,2023-11-24,Best Case,Pipeline
OPP-0003046,2023-12-01,Best Case,Best Case
OPP-0003046,2023-12-08,Pipeline,Pipeline
OPP-0003051,2023-11-10,Omitted,Omitted
OPP-0003051,2023-11-17,Omitted,Omitted
OPP-0003051,2023-11-24,Omitted,Omitted
OPP-0003051,2023-12-01,Pipeline,Pipeline
OPP-0003051,2023-12-08,Best Case,Best Case
OPP-0003051,2023-12-15,Pipeline,Pipeline
OPP-0003051,2023-12-22,Pipeline,Pipeline
OPP-0003051,2023-12-29,Pipeline,Omitted
OPP-0003051,2024-01-05,Pipeline,Pipeline
OPP-0003051,2024-01-12,Pipeline,Pipeline
OPP-0003051,2024-01-19,Pipeline,Omitted
OPP-0003051,2024-01-26,Pipeline,Omitted
OPP-0003051,2024-02-02,Pipeline,Omitted
OPP-0003051,2024-02-09,Pipeline,Omitted
OPP-0003051,2024-02-16,Omitted,Pipeline
OPP-0003051,2024-02-23,Omitted,Omitted
OPP-0003051,2024-03-01,Omitted,Omitted
OPP-0003051,2024-03-08,Omitted,Omitted
OPP-0003051,2024-03-15,Best Case,Pipeline
OPP-0003051,2024-03-22,Best Case,Best Case
OPP-0003051,2024-03-29,Best Case,Best Case
OPP-0003051,2024-04-05,Commit,Commit
OPP-0003051,2024-04-12,Best Case,Best Case
OPP-0003051,2024-04-19,Commit,Commit
OPP-0003051,2024-04-26,Commit,Commit
OPP-0003054,2023-11-10,Pipeline,Omitted
OPP-0003054,2023-11-17,Omitted,Omitted
OPP-0003054,2023-11-24,Pipeline,Omitted
OPP-0003054,2023-12-01,Pipeline,Omitted
OPP-0003054,2023-12-08,Pipeline,Omitted
OPP-0003054,2023-12-15,Best Case,Pipeline
OPP-0003062,2023-11-17,Commit,Commit
OPP-0003062,2023-11-24,Commit,Commit
OPP-0003063,2023-11-17,Pipeline,Omitted
OPP-0003063,2023-11-24,Best Case,Pipeline
OPP-0003064,2023-11-17,Pipeline,Omitted
OPP-0003064,2023-11-24,Pipeline,Omitted
OPP-0003064,2023-12-01,Pipeline,Omitted
OPP-0003064,2023-12-08,Pipeline,Omitted
OPP-0003064,2023-12-15,Omitted,Omitted
OPP-0003064,2023-12-22,Pipeline,Pipeline
OPP-0003069,2023-11-17,Best Case,Best Case
OPP-0003069,2023-11-24,Pipeline,Pipeline
OPP-0003069,2023-12-01,Pipeline,Pipeline
OPP-0003069,2023-12-08,Pipeline,Omitted
OPP-0003069,2023-12-15,Pipeline,Pipeline
OPP-0003069,2023-12-22,Best Case,Best Case
OPP-0003069,2023-12-29,Pipeline,Pipeline
OPP-0003069,2024-01-05,Pipeline,Pipeline
OPP-0003069,2024-01-12,Best Case,Best Case
OPP-0003069,2024-01-19,Pipeline,Pipeline
OPP-0003069,2024-01-26,Best Case,Pipeline
OPP-0003069,2024-02-02,Best Case,Pipeline
OPP-0003069,2024-02-09,Commit,Pipeline
OPP-0003069,2024-02-16,Best Case,Pipeline
OPP-0003069,2024-02-23,Best Case,Best Case
OPP-0003069,2024-03-01,Pipeline,Pipeline
OPP-0003069,2024-03-08,Best Case,Best Case
OPP-0003069,2024-03-15,Pipeline,Pipeline
OPP-0003069,2024-03-22,Pipeline,Pipeline
OPP-0003069,2024-03-29,Pipeline,Pipeline
OPP-0003069,2024-04-05,Pipeline,Pipeline
OPP-0003069,2024-04-12,Pipeline,Pipeline
OPP-0003069,2024-04-19,Pipeline,Pipeline
OPP-0003070,2023-11-17,Omitted,Omitted
OPP-0003070,2023-11-24,Omitted,Omitted
OPP-0003070,2023-12-01,Pipeline,Omitted
OPP-0003070,2023-12-08,Omitted,Omitted
OPP-0003070,2023-12-15,Pipeline,Omitted
OPP-0003070,2023-12-22,Omitted,Pipeline
OPP-0003070,2023-12-29,Omitted,Omitted
OPP-0003070,2024-01-05,Omitted,Omitted
OPP-0003070,2024-01-12,Omitted,Omitted
OPP-0003070,2024-01-19,Omitted,Omitted
OPP-0003075,2023-11-17,Omitted,Pipeline
OPP-0003075,2023-11-24,Omitted,Omitted
OPP-0003075,2023-12-01,Pipeline,Pipeline
OPP-0003075,2023-12-08,Pipeline,Pipeline
OPP-0003075,2023-12-15,Pipeline,Pipeline
OPP-0003075,2023-12-22,Pipeline,Pipeline
OPP-0003075,2023-12-29,Omitted,Pipeline
OPP-0003075,2024-01-05,Pipeline,Pipeline
OPP-0003075,2024-01-12,Pipeline,Pipeline
OPP-0003075,2024-01-19,Pipeline,Pipeline
OPP-0003075,2024-01-26,Best Case,Best Case
OPP-0003075,2024-02-02,Pipeline,Best Case
OPP-0003075,2024-02-09,Pipeline,Omitted
OPP-0003075,2024-02-16,Pipeline,Omitted
OPP-0003075,2024-02-23,Omitted,Pipeline
OPP-0003075,2024-03-01,Omitted,Pipeline
OPP-0003083,2023-11-17,Pipeline,Pipeline
OPP-0003083,2023-11-24,Pipeline,Pipeline
OPP-0003084,2023-11-17,Omitted,Omitted
OPP-0003084,2023-11-24,Omitted,Omitted
OPP-0003084,2023-12-01,Pipeline,Omitted
OPP-0003084,2023-12-08,Omitted,Omitted
OPP-0003084,2023-12-15,Pipeline,Omitted
OPP-0003084,2023-12-22,Omitted,Omitted
OPP-0003084,2023-12-29,Omitted,Omitted
OPP-0003084,2024-01-05,Omitted,Omitted
OPP-0003084,2024-01-12,Omitted,Omitted
OPP-0003093,2023-11-17,Omitted,Omitted
OPP-0003093,2023-11-24,Pipeline,Pipeline
OPP-0003093,2023-12-01,Omitted,Pipeline
OPP-0003093,2023-12-08,Pipeline,Omitted
OPP-0003093,2023-12-15,Omitted,Omitted
OPP-0003093,2023-12-22,Pipeline,Pipeline
OPP-0003093,2023-12-29,Pipeline,Pipeline
OPP-0003093,2024-01-05,Pipeline,Pipeline
OPP-0003093,2024-01-12,Best Case,Best Case
OPP-0003093,2024-01-19,Pipeline,Best Case
OPP-0003093,2024-01-26,Commit,Commit
OPP-0003093,2024-02-02,Commit,Best Case
OPP-0003093,2024-02-09,Commit,Commit
OPP-0003093,2024-02-16,Commit,Commit
OPP-0003093,2024-02-23,Best Case,Best Case
OPP-0003093,2024-03-01,Best Case,Best Case
OPP-0003093,2024-03-08,Best Case,Best Case
OPP-0003093,2024-03-15,Commit,Commit
OPP-0003093,2024-03-22,Best Case,Best Case
OPP-0003093,2024-03-29,Best Case,Best Case
OPP-0003096,2023-11-17,Commit,Commit
OPP-0003096,2023-11-24,Commit,Commit
OPP-0003097,2023-11-17,Omitted,Omitted
OPP-0003097,2023-11-24,Omitted,Omitted
OPP-0003097,2023-12-01,Omitted,Omitted
OPP-0003097,2023-12-08,Omitted,Omitted
OPP-0003097,2023-12-15,Omitted,Omitted
OPP-0003097,2023-12-22,Omitted,Omitted
OPP-0003097,2023-12-29,Omitted,Omitted
OPP-0003097,2024-01-05,Pipeline,Pipeline
OPP-0003097,2024-01-12,Best Case,Best Case
OPP-0003102,2023-11-24,Pipeline,Pipeline
OPP-0003102,2023-12-01,Pipeline,Pipeline
OPP-0003102,2023-12-08,Pipeline,Pipeline
OPP-0003102,2023-12-15,Pipeline,Pipeline
OPP-0003102,2023-12-22,Best Case,Best Case
OPP-0003102,2023-12-29,Best Case,Best Case
OPP-0003102,2024-01-05,Best Case,Best Case
OPP-0003102,2024-01-12,Best Case,Pipeline
OPP-0003102,2024-01-19,Best Case,Best Case
OPP-0003102,2024-01-26,Best Case,Pipeline
OPP-0003102,2024-02-02,Best Case,Best Case
OPP-0003102,2024-02-09,Best Case,Best Case
OPP-0003102,2024-02-16,Best Case,Best Case
OPP-0003102,2024-02-23,Best Case,Best Case
OPP-0003102,2024-03-01,Best Case,Best Case
OPP-0003102,2024-03-08,Pipeline,Pipeline
OPP-0003102,2024-03-15,Pipeline,Omitted
OPP-0003102,2024-03-22,Commit,Commit
OPP-0003102,2024-03-29,Commit,Commit
OPP-0003102,2024-04-05,Commit,Commit
OPP-0003109,2023-11-24,Pipeline,Pipeline
OPP-0003109,2023-12-01,Pipeline,Omitted
OPP-0003109,2023-12-08,Pipeline,Omitted
OPP-0003109,2023-12-15,Omitted,Omitted
OPP-0003109,2023-12-22,Omitted,Omitted
OPP-0003109,2023-12-29,Best Case,Pipeline
OPP-0003110,2023-11-24,Best Case,Pipeline
OPP-0003110,2023-12-01,Best Case,Best Case
OPP-0003110,2023-12-08,Best Case,Best Case
OPP-0003110,2023-12-15,Best Case,Commit
OPP-0003111,2023-11-24,Pipeline,Omitted
OPP-0003111,2023-12-01,Pipeline,Omitted
OPP-0003111,2023-12-08,Commit,Pipeline
OPP-0003118,2023-11-24,Omitted,Omitted
OPP-0003118,2023-12-01,Best Case,Best Case
OPP-0003118,2023-12-08,Pipeline,Pipeline
OPP-0003119,2023-11-24,Omitted,Omitted
OPP-0003119,2023-12-01,Omitted,Omitted
OPP-0003119,2023-12-08,Omitted,Omitted
OPP-0003119,2023-12-15,Omitted,Omitted
OPP-0003119,2023-12-22,Pipeline,Omitted
OPP-0003119,2023-12-29,Pipeline,Omitted
OPP-0003119,2024-01-05,Pipeline,Omitted
OPP-0003119,2024-01-12,Pipeline,Omitted
OPP-0003119,2024-01-19,Omitted,Omitted
OPP-0003119,2024-01-26,Omitted,Omitted
OPP-0003119,2024-02-02,Pipeline,Pipeline
OPP-0003120,2023-11-24,Pipeline,Omitted
OPP-0003120,2023-12-01,Omitted,Pipeline
OPP-0003120,2023-12-08,Pipeline,Omitted
OPP-0003120,2023-12-15,Pipeline,Pipeline
OPP-0003120,2023-12-22,Pipeline,Pipeline
OPP-0003120,2023-12-29,Pipeline,Omitted
OPP-0003120,2024-01-05,Pipeline,Pipeline
OPP-0003120,2024-01-12,Pipeline,Omitted
OPP-0003120,2024-01-19,Pipeline,Pipeline
OPP-0003120,2024-01-26,Pipeline,Omitted
OPP-0003120,2024-02-02,Pipeline,Pipeline
OPP-0003120,2024-02-09,Pipeline,Pipeline
OPP-0003120,2024-02-16,Pipeline,Omitted
OPP-0003120,2024-02-23,Omitted,Pipeline
OPP-0003120,2024-03-01,Pipeline,Omitted
OPP-0003120,2024-03-08,Omitted,Omitted
OPP-0003120,2024-03-15,Best Case,Best Case
OPP-0003120,2024-03-22,Best Case,Best Case
OPP-0003120,2024-03-29,Commit,Commit
OPP-0003120,2024-04-05,Best Case,Best Case
OPP-0003120,2024-04-12,Best Case,Best Case
OPP-0003129,2023-11-24,Commit,Commit
OPP-0003129,2023-12-01,Commit,Commit
OPP-0003129,2023-12-08,Commit,Commit
OPP-0003129,2023-12-15,Commit,Commit
OPP-0003129,2023-12-22,Commit,Commit
OPP-0003129,2023-12-29,Commit,Commit
OPP-0003138,2023-11-24,Commit,Commit
OPP-0003138,2023-12-01,Commit,Commit
OPP-0003138,2023-12-08,Commit,Commit
OPP-0003138,2023-12-15,Commit,Commit
OPP-0003138,2023-12-22,Commit,Commit
OPP-0003138,2023-12-29,Commit,Commit
OPP-0003139,2023-11-24,Pipeline,Pipeline
OPP-0003139,2023-12-01,Best Case,Best Case
OPP-0003139,2023-12-08,Commit,Commit
OPP-0003145,2023-11-24,Pipeline,Omitted
OPP-0003145,2023-12-01,Pipeline,Omitted
OPP-0003145,2023-12-08,Pipeline,Omitted
OPP-0003145,2023-12-15,Best Case,Best Case
OPP-0003145,2023-12-22,Commit,Pipeline
OPP-0003146,2023-11-24,Best Case,Pipeline
OPP-0003146,2023-12-01,Best Case,Commit
OPP-0003146,2023-12-08,Commit,Commit
OPP-0003146,2023-12-15,Commit,Commit
OPP-0003146,2023-12-22,Commit,Commit
OPP-0003146,2023-12-29,Commit,Commit
OPP-0003146,2024-01-05,Commit,Commit
OPP-0003146,2024-01-12,Commit,Commit
OPP-0003146,2024-01-19,Commit,Commit
OPP-0003146,2024-01-26,Commit,Commit
OPP-0003146,2024-02-02,Commit,Commit
OPP-0003149,2023-11-24,Commit,Commit
OPP-0003149,2023-12-01,Commit,Commit
OPP-0003149,2023-12-08,Commit,Commit
OPP-0003149,2023-12-15,Commit,Commit
OPP-0003149,2023-12-22,Commit,Commit
OPP-0003149,2023-12-29,Commit,Commit
OPP-0003150,2023-11-24,Pipeline,Omitted
OPP-0003150,2023-12-01,Omitted,Omitted
OPP-0003150,2023-12-08,Pipeline,Pipeline
OPP-0003151,2023-11-24,Omitted,Omitted
OPP-0003151,2023-12-01,Omitted,Pipeline
OPP-0003151,2023-12-08,Pipeline,Omitted
OPP-0003151,2023-12-15,Pipeline,Pipeline
OPP-0003151,2023-12-22,Pipeline,Pipeline
OPP-0003151,2023-12-29,Pipeline,Pipeline
OPP-0003151,2024-01-05,Pipeline,Pipeline
OPP-0003151,2024-01-12,Pipeline,Pipeline
OPP-0003151,2024-01-19,Omitted,Pipeline
OPP-0003151,2024-01-26,Pipeline,Pipeline
OPP-0003151,2024-02-02,Pipeline,Pipeline
OPP-0003151,2024-02-09,Best Case,Best Case
OPP-0003151,2024-02-16,Pipeline,Pipeline
OPP-0003151,2024-02-23,Pipeline,Pipeline
OPP-0003151,2024-03-01,Best Case,Best Case
OPP-0003151,2024-03-08,Pipeline,Best Case
OPP-0003155,2023-12-01,Omitted,Omitted
OPP-0003155,2023-12-08,Omitted,Omitted
OPP-0003155,2023-12-15,Omitted,Omitted
OPP-0003155,2023-12-22,Omitted,Omitted
OPP-0003155,2023-12-29,Omitted,Omitted
OPP-0003155,2024-01-05,Omitted,Omitted
OPP-0003155,2024-01-12,Omitted,Omitted
OPP-0003155,2024-01-19,Omitted,Omitted
OPP-0003155,2024-01-26,Omitted,Omitted
OPP-0003155,2024-02-02,Omitted,Omitted
OPP-0003155,2024-02-09,Omitted,Omitted
OPP-0003155,2024-02-16,Omitted,Omitted
OPP-0003155,2024-02-23,Omitted,Pipeline
OPP-0003155,2024-03-01,Pipeline,Omitted
OPP-0003155,2024-03-08,Omitted,Omitted
OPP-0003155,2024-03-15,Omitted,Omitted
OPP-0003155,2024-03-22,Pipeline,Omitted
OPP-0003155,2024-03-29,Omitted,Omitted
OPP-0003155,2024-04-05,Omitted,Omitted
OPP-0003155,2024-04-12,Best Case,Best Case
OPP-0003156,2023-12-01,Omitted,Omitted
OPP-0003156,2023-12-08,Omitted,Pipeline
OPP-0003156,2023-12-15,Omitted,Pipeline
OPP-0003156,2023-12-22,Omitted,Pipeline
OPP-0003156,2023-12-29,Omitted,Pipeline
OPP-0003156,2024-01-05,Pipeline,Pipeline
OPP-0003156,2024-01-12,Pipeline,Pipeline
OPP-0003156,2024-01-19,Pipeline,Omitted
OPP-0003156,2024-01-26,Omitted,Omitted
OPP-0003156,2024-02-02,Omitted,Omitted
OPP-0003156,2024-02-09,Omitted,Omitted
OPP-0003156,2024-02-16,Omitted,Omitted
OPP-0003156,2024-02-23,Omitted,Omitted
OPP-0003156,2024-03-01,Omitted,Omitted
OPP-0003156,2024-03-08,Omitted,Omitted
OPP-0003156,2024-03-15,Omitted,Omitted
OPP-0003156,2024-03-22,Pipeline,Pipeline
OPP-0003156,2024-03-29,Pipeline,Pipeline
OPP-0003156,2024-04-05,Best Case,Best Case
OPP-0003156,2024-04-12,Best Case,Best Case
OPP-0003156,2024-04-19,Best Case,Best Case
OPP-0003156,2024-04-26,Best Case,Best Case
OPP-0003156,2024-05-03,Pipeline,Best Case
OPP-0003157,2023-12-01,Omitted,Omitted
OPP-0003157,2023-12-08,Pipeline,Omitted
OPP-0003157,2023-12-15,Pipeline,Omitted
OPP-0003157,2023-12-22,Pipeline,Pipeline
OPP-0003157,2023-12-29,Best Case,Pipeline
OPP-0003157,2024-01-05,Best Case,Pipeline
OPP-0003162,2023-12-01,Commit,Commit
OPP-0003162,2023-12-08,Commit,Commit
OPP-0003162,2023-12-15,Commit,Commit
OPP-0003162,2023-12-22,Commit,Commit
OPP-0003163,2023-12-01,Commit,Commit
OPP-0003163,2023-12-08,Commit,Commit
OPP-0003163,2023-12-15,Commit,Commit
OPP-0003163,2023-12-22,Commit,Commit
OPP-0003163,2023-12-29,Commit,Commit
OPP-0003163,2024-01-05,Best Case,Best Case
OPP-0003163,2024-01-12,Best Case,Pipeline
OPP-0003163,2024-01-19,Best Case,Pipeline
OPP-0003163,2024-01-26,Commit,Best Case
OPP-0003164,2023-12-01,Best Case,Best Case
OPP-0003164,2023-12-08,Best Case,Pipeline
OPP-0003164,2023-12-15,Commit,Commit
OPP-0003167,2023-12-01,Commit,Commit
OPP-0003167,2023-12-08,Commit,Commit
OPP-0003167,2023-12-15,Commit,Commit
OPP-0003167,2023-12-22,Commit,Commit
OPP-0003167,2023-12-29,Commit,Commit
OPP-0003167,2024-01-05,Commit,Commit
OPP-0003167,2024-01-12,Commit,Commit
OPP-0003167,2024-01-19,Commit,Commit
OPP-0003167,2024-01-26,Commit,Commit
OPP-0003167,2024-02-02,Commit,Commit
OPP-0003168,2023-12-01,Commit,Commit
OPP-0003168,2023-12-08,Commit,Commit
OPP-0003168,2023-12-15,Commit,Commit
OPP-0003168,2023-12-22,Commit,Commit
OPP-0003168,2023-12-29,Commit,Commit
OPP-0003169,2023-12-01,Commit,Commit
OPP-0003169,2023-12-08,Commit,Best Case
OPP-0003169,2023-12-15,Commit,Commit
OPP-0003169,2023-12-22,Commit,Commit
OPP-0003169,2023-12-29,Commit,Commit
OPP-0003169,2024-01-05,Commit,Commit
OPP-0003169,2024-01-12,Commit,Commit
OPP-0003170,2023-12-01,Commit,Commit
OPP-0003170,2023-12-08,Commit,Commit
OPP-0003170,2023-12-15,Commit,Commit
OPP-0003170,2023-12-22,Commit,Commit
OPP-0003170,2023-12-29,Commit,Commit
OPP-0003170,2024-01-05,Commit,Best Case
OPP-0003170,2024-01-12,Commit,Best Case
OPP-0003170,2024-01-19,Commit,Best Case
OPP-0003170,2024-01-26,Commit,Best Case
OPP-0003177,2023-12-01,Commit,Commit
OPP-0003177,2023-12-08,Commit,Commit
OPP-0003177,2023-12-15,Commit,Commit
OPP-0003177,2023-12-22,Commit,Commit
OPP-0003177,2023-12-29,Commit,Commit
OPP-0003177,2024-01-05,Commit,Commit
OPP-0003177,2024-01-12,Commit,Commit
OPP-0003178,2023-12-01,Pipeline,Pipeline
OPP-0003178,2023-12-08,Best Case,Best Case
OPP-0003178,2023-12-15,Best Case,Best Case
OPP-0003178,2023-12-22,Best Case,Best Case
OPP-0003179,2023-12-01,Omitted,Omitted
OPP-0003179,2023-12-08,Omitted,Omitted
OPP-0003179,2023-12-15,Omitted,Omitted
OPP-0003179,2023-12-22,Omitted,Omitted
OPP-0003179,2023-12-29,Omitted,Omitted
OPP-0003179,2024-01-05,Omitted,Omitted
OPP-0003179,2024-01-12,Pipeline,Omitted
OPP-0003179,2024-01-19,Omitted,Omitted
OPP-0003179,2024-01-26,Omitted,Omitted
OPP-0003179,2024-02-02,Pipeline,Omitted
OPP-0003179,2024-02-09,Omitted,Omitted
OPP-0003179,2024-02-16,Omitted,Omitted
OPP-0003179,2024-02-23,Pipeline,Pipeline
OPP-0003179,2024-03-01,Pipeline,Pipeline
OPP-0003179,2024-03-08,Best Case,Pipeline
OPP-0003179,2024-03-15,Best Case,Best Case
OPP-0003179,2024-03-22,Best Case,Best Case
OPP-0003179,2024-03-29,Best Case,Best Case
OPP-0003179,2024-04-05,Best Case,Best Case
OPP-0003179,2024-04-12,Best Case,Best Case
OPP-0003179,2024-04-19,Best Case,Best Case
OPP-0003179,2024-04-26,Best Case,Best Case
OPP-0003179,2024-05-03,Best Case,Best Case
OPP-0003179,2024-05-10,Best Case,Best Case
OPP-0003182,2023-12-08,Pipeline,Pipeline
OPP-0003182,2023-12-15,Omitted,Pipeline
OPP-0003182,2023-12-22,Best Case,Pipeline
OPP-0003183,2023-12-08,Omitted,Omitted
OPP-0003183,2023-12-15,Omitted,Omitted
OPP-0003183,2023-12-22,Omitted,Omitted
OPP-0003183,2023-12-29,Omitted,Omitted
OPP-0003183,2024-01-05,Omitted,Pipeline
OPP-0003183,2024-01-12,Pipeline,Pipeline
OPP-0003183,2024-01-19,Pipeline,Pipeline
OPP-0003183,2024-01-26,Omitted,Pipeline
OPP-0003183,2024-02-02,Pipeline,Pipeline
OPP-0003183,2024-02-09,Pipeline,Omitted
OPP-0003183,2024-02-16,Pipeline,Omitted
OPP-0003183,2024-02-23,Omitted,Pipeline
OPP-0003183,2024-03-01,Pipeline,Pipeline
OPP-0003183,2024-03-08,Pipeline,Pipeline
OPP-0003183,2024-03-15,Best Case,Best Case
OPP-0003183,2024-03-22,Best Case,Best Case
OPP-0003183,2024-03-29,Pipeline,Best Case
OPP-0003183,2024-04-05,Best Case,Commit
OPP-0003191,2023-12-08,Omitted,Omitted
OPP-0003191,2023-12-15,Omitted,Omitted
OPP-0003191,2023-12-22,Omitted,Omitted
OPP-0003191,2023-12-29,Omitted,Omitted
OPP-0003191,2024-01-05,Pipeline,Omitted
OPP-0003192,2023-12-08,Commit,Commit
OPP-0003192,2023-12-15,Commit,Commit
OPP-0003192,2023-12-22,Commit,Commit
OPP-0003192,2023-12-29,Commit,Commit
OPP-0003196,2023-12-08,Commit,Commit
OPP-0003196,2023-12-15,Commit,Commit
OPP-0003196,2023-12-22,Commit,Commit
OPP-0003196,2023-12-29,Commit,Commit
OPP-0003197,2023-12-08,Best Case,Best Case
OPP-0003197,2023-12-15,Best Case,Best Case
OPP-0003197,2023-12-22,Commit,Commit
OPP-0003197,2023-12-29,Commit,Commit
OPP-0003197,2024-01-05,Best Case,Best Case
OPP-0003198,2023-12-08,Pipeline,Omitted
OPP-0003198,2023-12-15,Best Case,Omitted
OPP-0003198,2023-12-22,Commit,Pipeline
OPP-0003208,2023-12-08,Commit,Commit
OPP-0003208,2023-12-15,Commit,Commit
OPP-0003208,2023-12-22,Commit,Commit
OPP-0003208,2023-12-29,Commit,Commit
OPP-0003209,2023-12-08,Commit,Commit
OPP-0003209,2023-12-15,Commit,Commit
OPP-0003209,2023-12-22,Commit,Commit
OPP-0003209,2023-12-29,Commit,Commit
OPP-0003210,2023-12-08,Pipeline,Omitted
OPP-0003210,2023-12-15,Pipeline,Omitted
OPP-0003210,2023-12-22,Pipeline,Pipeline
OPP-0003218,2023-12-08,Omitted,Omitted
OPP-0003218,2023-12-15,Pipeline,Pipeline
OPP-0003218,2023-12-22,Best Case,Best Case
OPP-0003218,2023-12-29,Pipeline,Pipeline
OPP-0003218,2024-01-05,Pipeline,Omitted
OPP-0003219,2023-12-08,Omitted,Omitted
OPP-0003219,2023-12-15,Omitted,Omitted
OPP-0003219,2023-12-22,Omitted,Omitted
OPP-0003219,2023-12-29,Omitted,Omitted
OPP-0003219,2024-01-05,Omitted,Omitted
OPP-0003219,2024-01-12,Omitted,Omitted
OPP-0003219,2024-01-19,Omitted,Omitted
OPP-0003219,2024-01-26,Pipeline,Omitted
OPP-0003219,2024-02-02,Pipeline,Omitted
OPP-0003219,2024-02-09,Omitted,Pipeline
OPP-0003219,2024-02-16,Omitted,Pipeline
OPP-0003219,2024-02-23,Omitted,Pipeline
OPP-0003219,2024-03-01,Omitted,Omitted
OPP-0003220,2023-12-08,Commit,Commit
OPP-0003220,2023-12-15,Commit,Commit
OPP-0003220,2023-12-22,Commit,Commit
OPP-0003220,2023-12-29,Commit,Commit
OPP-0003220,2024-01-05,Commit,Commit
OPP-0003220,2024-01-12,Commit,Commit
OPP-0003220,2024-01-19,Commit,Commit
OPP-0003220,2024-01-26,Commit,Commit
OPP-0003220,2024-02-02,Commit,Commit
OPP-0003220,2024-02-09,Commit,Commit
OPP-0003220,2024-02-16,Commit,Commit
OPP-0003220,2024-02-23,Commit,Commit
OPP-0003225,2023-12-08,Omitted,Omitted
OPP-0003225,2023-12-15,Best Case,Best Case
OPP-0003225,2023-12-22,Pipeline,Omitted
OPP-0003225,2023-12-29,Pipeline,Pipeline
OPP-0003225,2024-01-05,Best Case,Best Case
OPP-0003236,2023-12-15,Commit,Commit
OPP-0003236,2023-12-22,Commit,Commit
OPP-0003236,2023-12-29,Commit,Commit
OPP-0003237,2023-12-15,Omitted,Omitted
OPP-0003237,2023-12-22,Pipeline,Pipeline
OPP-0003237,2023-12-29,Omitted,Omitted
OPP-0003237,2024-01-05,Pipeline,Pipeline
OPP-0003237,2024-01-12,Pipeline,Omitted
OPP-0003237,2024-01-19,Pipeline,Omitted
OPP-0003237,2024-01-26,Best Case,Omitted
OPP-0003237,2024-02-02,Omitted,Pipeline
OPP-0003237,2024-02-09,Pipeline,Pipeline
OPP-0003237,2024-02-16,Best Case,Best Case
OPP-0003237,2024-02-23,Pipeline,Pipeline
OPP-0003237,2024-03-01,Best Case,Best Case
OPP-0003243,2023-12-15,Omitted,Omitted
OPP-0003243,2023-12-22,Omitted,Omitted
OPP-0003243,2023-12-29,Pipeline,Omitted
OPP-0003243,2024-01-05,Pipeline,Pipeline
OPP-0003246,2023-12-15,Commit,Commit
OPP-0003246,2023-12-22,Commit,Commit
OPP-0003246,2023-12-29,Commit,Commit
OPP-0003247,2023-12-15,Omitted,Omitted
OPP-0003247,2023-12-22,Omitted,Omitted
OPP-0003247,2023-12-29,Omitted,Omitted
OPP-0003247,2024-01-05,Pipeline,Omitted
OPP-0003247,2024-01-12,Pipeline,Omitted
OPP-0003247,2024-01-19,Pipeline,Omitted
OPP-0003261,2023-12-15,Pipeline,Omitted
OPP-0003261,2023-12-22,Pipeline,Omitted
OPP-0003261,2023-12-29,Best Case,Best Case
OPP-0003261,2024-01-05,Best Case,Best Case
OPP-0003262,2023-12-15,Omitted,Omitted
OPP-0003262,2023-12-22,Omitted,Omitted
OPP-0003262,2023-12-29,Pipeline,Omitted
OPP-0003262,2024-01-05,Omitted,Omitted
OPP-0003262,2024-01-12,Omitted,Omitted
OPP-0003262,2024-01-19,Omitted,Omitted
OPP-0003262,2024-01-26,Omitted,Omitted
OPP-0003262,2024-02-02,Omitted,Omitted
OPP-0003262,2024-02-09,Omitted,Omitted
OPP-0003262,2024-02-16,Omitted,Omitted
OPP-0003262,2024-02-23,Omitted,Omitted
OPP-0003262,2024-03-01,Omitted,Omitted
OPP-0003262,2024-03-08,Pipeline,Omitted
OPP-0003262,2024-03-15,Pipeline,Omitted
OPP-0003262,2024-03-22,Omitted,Omitted
OPP-0003262,2024-03-29,Omitted,Omitted
OPP-0003262,2024-04-05,Omitted,Omitted
OPP-0003262,2024-04-12,Omitted,Omitted
OPP-0003262,2024-04-19,Omitted,Omitted
OPP-0003262,2024-04-26,Pipeline,Pipeline
OPP-0003262,2024-05-03,Pipeline,Pipeline
OPP-0003263,2023-12-15,Commit,Commit
OPP-0003263,2023-12-22,Commit,Commit
OPP-0003263,2023-12-29,Commit,Commit
OPP-0003263,2024-01-05,Commit,Commit
OPP-0003263,2024-01-12,Commit,Commit
OPP-0003263,2024-01-19,Commit,Commit
OPP-0003263,2024-01-26,Commit,Commit
OPP-0003264,2023-12-15,Best Case,Pipeline
OPP-0003264,2023-12-22,Best Case,Pipeline
OPP-0003264,2023-12-29,Best Case,Pipeline
OPP-0003264,2024-01-05,Best Case,Pipeline
OPP-0003264,2024-01-12,Best Case,Commit
OPP-0003264,2024-01-19,Commit,Best Case
OPP-0003264,2024-01-26,Commit,Best Case
OPP-0003264,2024-02-02,Commit,Commit
OPP-0003264,2024-02-09,Commit,Commit
OPP-0003264,2024-02-16,Commit,Commit
OPP-0003264,2024-02-23,Commit,Commit
OPP-0003265,2023-12-15,Pipeline,Pipeline
OPP-0003265,2023-12-22,Best Case,Best Case
OPP-0003265,2023-12-29,Commit,Commit
OPP-0003265,2024-01-05,Best Case,Best Case
OPP-0003270,2023-12-22,Omitted,Omitted
OPP-0003270,2023-12-29,Pipeline,Omitted
OPP-0003270,2024-01-05,Pipeline,Omitted
OPP-0003270,2024-01-12,Pipeline,Omitted
OPP-0003271,2023-12-22,Best Case,Pipeline
OPP-0003271,2023-12-29,Best Case,Pipeline
OPP-0003271,2024-01-05,Best Case,Best Case
OPP-0003271,2024-01-12,Best Case,Pipeline
OPP-0003271,2024-01-19,Best Case,Pipeline
OPP-0003271,2024-01-26,Best Case,Pipeline
OPP-0003271,2024-02-02,Commit,Commit
OPP-0003271,2024-02-09,Commit,Commit
OPP-0003271,2024-02-16,Commit,Commit
OPP-0003271,2024-02-23,Commit,Commit
OPP-0003278,2023-12-22,Commit,Commit
OPP-0003278,2023-12-29,Commit,Commit
OPP-0003279,2023-12-22,Pipeline,Pipeline
OPP-0003279,2023-12-29,Omitted,Pipeline
OPP-0003279,2024-01-05,Pipeline,Pipeline
OPP-0003279,2024-01-12,Best Case,Best Case
OPP-0003279,2024-01-19,Best Case,Best Case
OPP-0003280,2023-12-22,Pipeline,Omitted
OPP-0003280,2023-12-29,Pipeline,Pipeline
OPP-0003280,2024-01-05,Pipeline,Pipeline
OPP-0003281,2023-12-22,Best Case,Best Case
OPP-0003281,2023-12-29,Commit,Commit
OPP-0003281,2024-01-05,Commit,Best Case
OPP-0003281,2024-01-12,Commit,Best Case
OPP-0003281,2024-01-19,Commit,Commit
OPP-0003281,2024-01-26,Commit,Best Case
OPP-0003281,2024-02-02,Commit,Commit
OPP-0003281,2024-02-09,Commit,Commit
OPP-0003281,2024-02-16,Commit,Commit
OPP-0003281,2024-02-23,Commit,Commit
OPP-0003281,2024-03-01,Commit,Commit
OPP-0003281,2024-03-08,Commit,Commit
OPP-0003285,2023-12-22,Commit,Commit
OPP-0003285,2023-12-29,Commit,Commit
OPP-0003293,2023-12-22,Commit,Commit
OPP-0003293,2023-12-29,Commit,Commit
OPP-0003293,2024-01-05,Commit,Commit
OPP-0003293,2024-01-12,Commit,Commit
OPP-0003293,2024-01-19,Commit,Commit
OPP-0003293,2024-01-26,Commit,Commit
OPP-0003294,2023-12-22,Commit,Commit
OPP-0003294,2023-12-29,Commit,Commit
OPP-0003294,2024-01-05,Commit,Commit
OPP-0003294,2024-01-12,Commit,Commit
OPP-0003294,2024-01-19,Commit,Commit
OPP-0003294,2024-01-26,Commit,Commit
OPP-0003295,2023-12-22,Commit,Commit
OPP-0003295,2023-12-29,Commit,Commit
OPP-0003295,2024-01-05,Commit,Commit
OPP-0003295,2024-01-12,Commit,Commit
OPP-0003295,2024-01-19,Commit,Commit
OPP-0003295,2024-01-26,Commit,Commit
OPP-0003296,2023-12-22,Pipeline,Omitted
OPP-0003296,2023-12-29,Pipeline,Pipeline
OPP-0003302,2023-12-22,Commit,Best Case
OPP-0003302,2023-12-29,Commit,Best Case
OPP-0003302,2024-01-05,Commit,Best Case
OPP-0003302,2024-01-12,Commit,Best Case
OPP-0003302,2024-01-19,Commit,Commit
OPP-0003302,2024-01-26,Commit,Best Case
OPP-0003303,2023-12-22,Omitted,Omitted
OPP-0003303,2023-12-29,Omitted,Omitted
OPP-0003303,2024-01-05,Omitted,Omitted
OPP-0003304,2023-12-22,Omitted,Omitted
OPP-0003304,2023-12-29,Omitted,Omitted
OPP-0003304,2024-01-05,Omitted,Omitted
OPP-0003304,2024-01-12,Omitted,Omitted
OPP-0003304,2024-01-19,Pipeline,Omitted
OPP-0003304,2024-01-26,Omitted,Omitted
OPP-0003304,2024-02-02,Omitted,Omitted
OPP-0003304,2024-02-09,Pipeline,Omitted
OPP-0003304,2024-02-16,Pipeline,Omitted
OPP-0003304,2024-02-23,Pipeline,Omitted
OPP-0003304,2024-03-01,Pipeline,Omitted
OPP-0003304,2024-03-08,Omitted,Omitted
OPP-0003304,2024-03-15,Pipeline,Pipeline
OPP-0003304,2024-03-22,Pipeline,Omitted
OPP-0003304,2024-03-29,Pipeline,Omitted
OPP-0003304,2024-04-05,Omitted,Omitted
OPP-0003304,2024-04-12,Omitted,Omitted
OPP-0003304,2024-04-19,Pipeline,Omitted
OPP-0003304,2024-04-26,Omitted,Omitted
OPP-0003304,2024-05-03,Pipeline,Omitted
OPP-0003304,2024-05-10,Pipeline,Omitted
OPP-0003304,2024-05-17,Pipeline,Omitted
OPP-0003304,2024-05-24,Omitted,Omitted
OPP-0003304,2024-05-31,Omitted,Omitted
OPP-0003305,2023-12-22,Pipeline,Omitted
OPP-0003305,2023-12-29,Pipeline,Pipeline
OPP-0003305,2024-01-05,Pipeline,Pipeline
OPP-0003305,2024-01-12,Pipeline,Pipeline
OPP-0003305,2024-01-19,Pipeline,Pipeline
OPP-0003305,2024-01-26,Best Case,Omitted
OPP-0003305,2024-02-02,Pipeline,Pipeline
OPP-0003305,2024-02-09,Pipeline,Pipeline
OPP-0003305,2024-02-16,Best Case,Best Case
OPP-0003305,2024-02-23,Commit,Commit
OPP-0003308,2023-12-22,Commit,Commit
OPP-0003308,2023-12-29,Commit,Commit
OPP-0003308,2024-01-05,Commit,Commit
OPP-0003308,2024-01-12,Commit,Commit
OPP-0003308,2024-01-19,Commit,Commit
OPP-0003308,2024-01-26,Commit,Commit
OPP-0003309,2023-12-22,Commit,Commit
OPP-0003309,2023-12-29,Commit,Commit
OPP-0003309,2024-01-05,Best Case,Best Case
OPP-0003309,2024-01-12,Commit,Commit
OPP-0003309,2024-01-19,Commit,Commit
OPP-0003309,2024-01-26,Commit,Commit
OPP-0003315,2023-12-22,Pipeline,Omitted
OPP-0003315,2023-12-29,Pipeline,Omitted
OPP-0003315,2024-01-05,Pipeline,Pipeline
OPP-0003315,2024-01-12,Pipeline,Pipeline
OPP-0003315,2024-01-19,Pipeline,Pipeline
OPP-0003316,2023-12-22,Commit,Best Case
OPP-0003316,2023-12-29,Commit,Commit
OPP-0003316,2024-01-05,Commit,Best Case
OPP-0003316,2024-01-12,Commit,Best Case
OPP-0003316,2024-01-19,Best Case,Pipeline
OPP-0003316,2024-01-26,Best Case,Pipeline
OPP-0003316,2024-02-02,Commit,Commit
OPP-0003316,2024-02-09,Commit,Commit
OPP-0003316,2024-02-16,Commit,Commit
OPP-0003316,2024-02-23,Commit,Commit
OPP-0003316,2024-03-01,Commit,Commit
OPP-0003316,2024-03-08,Commit,Commit
OPP-0003317,2023-12-22,Commit,Commit
OPP-0003317,2023-12-29,Commit,Commit
OPP-0003317,2024-01-05,Commit,Commit
OPP-0003317,2024-01-12,Commit,Commit
OPP-0003317,2024-01-19,Commit,Commit
OPP-0003317,2024-01-26,Commit,Commit
OPP-0003317,2024-02-02,Commit,Commit
OPP-0003317,2024-02-09,Commit,Commit
OPP-0003317,2024-02-16,Commit,Commit
OPP-0003318,2023-12-22,Omitted,Omitted
OPP-0003318,2023-12-29,Omitted,Omitted
OPP-0003318,2024-01-05,Omitted,Omitted
OPP-0003318,2024-01-12,Omitted,Omitted
OPP-0003318,2024-01-19,Pipeline,Omitted
OPP-0003318,2024-01-26,Pipeline,Omitted
OPP-0003318,2024-02-02,Pipeline,Omitted
OPP-0003318,2024-02-09,Omitted,Omitted
OPP-0003318,2024-02-16,Pipeline,Pipeline
OPP-0003318,2024-02-23,Pipeline,Pipeline
OPP-0003318,2024-03-01,Pipeline,Omitted
OPP-0003318,2024-03-08,Best Case,Best Case
OPP-0003318,2024-03-15,Pipeline,Pipeline
OPP-0003318,2024-03-22,Best Case,Best Case
OPP-0003318,2024-03-29,Best Case,Best Case
OPP-0003318,2024-04-05,Best Case,Best Case
OPP-0003318,2024-04-12,Pipeline,Pipeline
OPP-0003318,2024-04-19,Best Case,Best Case
OPP-0003319,2023-12-22,Pipeline,Pipeline
OPP-0003319,2023-12-29,Best Case,Best Case
OPP-0003319,2024-01-05,Best Case,Best Case
OPP-0003319,2024-01-12,Pipeline,Pipeline
OPP-0003319,2024-01-19,Pipeline,Omitted
OPP-0003322,2023-12-29,Commit,Commit
OPP-0003322,2024-01-05,Commit,Commit
OPP-0003322,2024-01-12,Commit,Commit
OPP-0003322,2024-01-19,Commit,Commit
OPP-0003322,2024-01-26,Commit,Commit
OPP-0003323,2023-12-29,Commit,Commit
OPP-0003323,2024-01-05,Commit,Commit
OPP-0003323,2024-01-12,Commit,Commit
OPP-0003323,2024-01-19,Commit,Commit
OPP-0003323,2024-01-26,Commit,Commit
OPP-0003324,2023-12-29,Pipeline,Omitted
OPP-0003324,2024-01-05,Pipeline,Omitted
OPP-0003324,2024-01-12,Pipeline,Pipeline
OPP-0003324,2024-01-19,Pipeline,Omitted
OPP-0003325,2023-12-29,Pipeline,Omitted
OPP-0003325,2024-01-05,Omitted,Omitted
OPP-0003325,2024-01-12,Pipeline,Omitted
OPP-0003325,2024-01-19,Pipeline,Pipeline
OPP-0003326,2023-12-29,Omitted,Omitted
OPP-0003326,2024-01-05,Omitted,Omitted
OPP-0003326,2024-01-12,Pipeline,Omitted
OPP-0003326,2024-01-19,Best Case,Pipeline
OPP-0003327,2023-12-29,Commit,Commit
OPP-0003327,2024-01-05,Commit,Commit
OPP-0003327,2024-01-12,Commit,Commit
OPP-0003327,2024-01-19,Commit,Commit
OPP-0003327,2024-01-26,Commit,Commit
OPP-0003328,2023-12-29,Commit,Commit
OPP-0003328,2024-01-05,Commit,Commit
OPP-0003328,2024-01-12,Commit,Best Case
OPP-0003328,2024-01-19,Commit,Commit
OPP-0003328,2024-01-26,Commit,Commit
OPP-0003328,2024-02-02,Commit,Best Case
OPP-0003328,2024-02-09,Commit,Best Case
OPP-0003328,2024-02-16,Commit,Commit
OPP-0003328,2024-02-23,Commit,Best Case
OPP-0003337,2023-12-29,Omitted,Omitted
OPP-0003337,2024-01-05,Pipeline,Omitted
OPP-0003345,2023-12-29,Omitted,Omitted
OPP-0003345,2024-01-05,Pipeline,Omitted
OPP-0003345,2024-01-12,Omitted,Omitted
OPP-0003351,2023-12-29,Pipeline,Pipeline
OPP-0003351,2024-01-05,Best Case,Best Case
OPP-0003351,2024-01-12,Best Case,Best Case
OPP-0003352,2023-12-29,Pipeline,Omitted
OPP-0003352,2024-01-05,Pipeline,Pipeline
OPP-0003352,2024-01-12,Pipeline,Pipeline
OPP-0003352,2024-01-19,Pipeline,Pipeline
OPP-0003352,2024-01-26,Best Case,Best Case
OPP-0003352,2024-02-02,Best Case,Best Case
OPP-0003353,2023-12-29,Commit,Commit
OPP-0003353,2024-01-05,Best Case,Commit
OPP-0003353,2024-01-12,Commit,Commit
OPP-0003353,2024-01-19,Commit,Commit
OPP-0003353,2024-01-26,Commit,Commit
OPP-0003353,2024-02-02,Commit,Commit
OPP-0003353,2024-02-09,Commit,Commit
OPP-0003353,2024-02-16,Commit,Commit
OPP-0003353,2024-02-23,Commit,Commit
OPP-0003353,2024-03-01,Commit,Commit
OPP-0003354,2023-12-29,Omitted,Omitted
OPP-0003354,2024-01-05,Pipeline,Pipeline
OPP-0003354,2024-01-12,Pipeline,Pipeline
OPP-0003358,2023-12-29,Omitted,Omitted
OPP-0003358,2024-01-05,Omitted,Omitted
OPP-0003359,2023-12-29,Omitted,Omitted
OPP-0003359,2024-01-05,Omitted,Omitted
OPP-0003359,2024-01-12,Pipeline,Omitted
OPP-0003359,2024-01-19,Pipeline,Omitted
OPP-0003360,2024-01-05,Commit,Commit
OPP-0003360,2024-01-12,Commit,Commit
OPP-0003360,2024-01-19,Commit,Commit
OPP-0003360,2024-01-26,Commit,Commit
OPP-0003361,2024-01-05,Pipeline,Pipeline
OPP-0003361,2024-01-12,Pipeline,Pipeline
OPP-0003361,2024-01-19,Best Case,Best Case
OPP-0003361,2024-01-26,Best Case,Pipeline
OPP-0003361,2024-02-02,Pipeline,Pipeline
OPP-0003362,2024-01-05,Pipeline,Omitted
OPP-0003362,2024-01-12,Pipeline,Pipeline
OPP-0003362,2024-01-19,Pipeline,Pipeline
OPP-0003363,2024-01-05,Omitted,Omitted
OPP-0003363,2024-01-12,Pipeline,Omitted
OPP-0003363,2024-01-19,Pipeline,Omitted
OPP-0003363,2024-01-26,Pipeline,Pipeline
OPP-0003363,2024-02-02,Pipeline,Pipeline
OPP-0003364,2024-01-05,Pipeline,Best Case
OPP-0003364,2024-01-12,Best Case,Pipeline
OPP-0003364,2024-01-19,Commit,Best Case
OPP-0003364,2024-01-26,Commit,Best Case
OPP-0003364,2024-02-02,Commit,Commit
OPP-0003365,2024-01-05,Commit,Commit
OPP-0003365,2024-01-12,Commit,Commit
OPP-0003365,2024-01-19,Commit,Commit
OPP-0003365,2024-01-26,Commit,Commit
OPP-0003366,2024-01-05,Commit,Best Case
OPP-0003366,2024-01-12,Best Case,Pipeline
OPP-0003366,2024-01-19,Commit,Best Case
OPP-0003366,2024-01-26,Commit,Best Case
OPP-0003367,2024-01-05,Commit,Commit
OPP-0003367,2024-01-12,Commit,Commit
OPP-0003367,2024-01-19,Commit,Commit
OPP-0003367,2024-01-26,Commit,Commit
OPP-0003368,2024-01-05,Pipeline,Pipeline
OPP-0003368,2024-01-12,Pipeline,Pipeline
OPP-0003368,2024-01-19,Commit,Commit
OPP-0003368,2024-01-26,Best Case,Best Case
OPP-0003368,2024-02-02,Best Case,Best Case
OPP-0003368,2024-02-09,Pipeline,Best Case
OPP-0003371,2024-01-05,Omitted,Omitted
OPP-0003371,2024-01-12,Pipeline,Omitted
OPP-0003371,2024-01-19,Omitted,Omitted
OPP-0003371,2024-01-26,Omitted,Omitted
OPP-0003371,2024-02-02,Omitted,Omitted
OPP-0003371,2024-02-09,Best Case,Best Case
OPP-0003372,2024-01-05,Pipeline,Omitted
OPP-0003372,2024-01-12,Pipeline,Omitted
OPP-0003372,2024-01-19,Omitted,Omitted
OPP-0003372,2024-01-26,Best Case,Best Case
OPP-0003372,2024-02-02,Commit,Pipeline
OPP-0003373,2024-01-05,Pipeline,Omitted
OPP-0003373,2024-01-12,Best Case,Omitted
OPP-0003374,2024-01-05,Pipeline,Pipeline
OPP-0003374,2024-01-12,Best Case,Best Case
OPP-0003374,2024-01-19,Best Case,Best Case
OPP-0003375,2024-01-05,Omitted,Omitted
OPP-0003375,2024-01-12,Omitted,Omitted
OPP-0003375,2024-01-19,Omitted,Omitted
OPP-0003375,2024-01-26,Omitted,Omitted
OPP-0003375,2024-02-02,Pipeline,Omitted
OPP-0003375,2024-02-09,Omitted,Omitted
OPP-0003375,2024-02-16,Pipeline,Omitted
OPP-0003375,2024-02-23,Pipeline,Omitted
OPP-0003375,2024-03-01,Best Case,Pipeline
OPP-0003375,2024-03-08,Pipeline,Pipeline
OPP-0003375,2024-03-15,Best Case,Best Case
OPP-0003376,2024-01-05,Best Case,Pipeline
OPP-0003376,2024-01-12,Best Case,Pipeline
OPP-0003376,2024-01-19,Best Case,Pipeline
OPP-0003376,2024-01-26,Best Case,Pipeline
OPP-0003376,2024-02-02,Commit,Commit
OPP-0003376,2024-02-09,Commit,Commit
OPP-0003376,2024-02-16,Commit,Commit
OPP-0003383,2024-01-05,Commit,Commit
OPP-0003383,2024-01-12,Commit,Commit
OPP-0003383,2024-01-19,Commit,Commit
OPP-0003383,2024-01-26,Commit,Commit
OPP-0003384,2024-01-05,Pipeline,Omitted
OPP-0003384,2024-01-12,Omitted,Omitted
OPP-0003384,2024-01-19,Omitted,Omitted
OPP-0003384,2024-01-26,Omitted,Omitted
OPP-0003384,2024-02-02,Pipeline,Omitted
OPP-0003384,2024-02-09,Pipeline,Omitted
OPP-0003384,2024-02-16,Omitted,Omitted
OPP-0003384,2024-02-23,Omitted,Omitted
OPP-0003384,2024-03-01,Pipeline,Pipeline
OPP-0003384,2024-03-08,Pipeline,Pipeline
OPP-0003384,2024-03-15,Pipeline,Pipeline
OPP-0003384,2024-03-22,Pipeline,Pipeline
OPP-0003384,2024-03-29,Pipeline,Pipeline
OPP-0003384,2024-04-05,Pipeline,Pipeline
OPP-0003384,2024-04-12,Pipeline,Pipeline
OPP-0003384,2024-04-19,Pipeline,Pipeline
OPP-0003384,2024-04-26,Pipeline,Pipeline
OPP-0003384,2024-05-03,Pipeline,Pipeline
OPP-0003384,2024-05-10,Pipeline,Pipeline
OPP-0003384,2024-05-17,Pipeline,Omitted
OPP-0003384,2024-05-24,Pipeline,Pipeline
OPP-0003390,2024-01-05,Omitted,Omitted
OPP-0003390,2024-01-12,Pipeline,Pipeline
OPP-0003390,2024-01-19,Best Case,Pipeline
OPP-0003396,2024-01-05,Commit,Commit
OPP-0003396,2024-01-12,Commit,Commit
OPP-0003396,2024-01-19,Commit,Commit
OPP-0003396,2024-01-26,Commit,Commit
OPP-0003397,2024-01-05,Commit,Commit
OPP-0003397,2024-01-12,Commit,Commit
OPP-0003397,2024-01-19,Commit,Commit
OPP-0003397,2024-01-26,Commit,Commit
OPP-0003398,2024-01-05,Pipeline,Pipeline
OPP-0003398,2024-01-12,Pipeline,Best Case
OPP-0003398,2024-01-19,Best Case,Pipeline
OPP-0003398,2024-01-26,Pipeline,Pipeline
OPP-0003398,2024-02-02,Pipeline,Best Case
OPP-0003398,2024-02-09,Best Case,Best Case
OPP-0003398,2024-02-16,Pipeline,Pipeline
OPP-0003398,2024-02-23,Omitted,Pipeline
OPP-0003398,2024-03-01,Pipeline,Pipeline
OPP-0003398,2024-03-08,Best Case,Best Case
OPP-0003398,2024-03-15,Pipeline,Pipeline
OPP-0003399,2024-01-05,Pipeline,Omitted
OPP-0003399,2024-01-12,Omitted,Omitted
OPP-0003399,2024-01-19,Pipeline,Pipeline
OPP-0003399,2024-01-26,Omitted,Pipeline
OPP-0003399,2024-02-02,Best Case,Pipeline
OPP-0003399,2024-02-09,Commit,Best Case
OPP-0003399,2024-02-16,Best Case,Pipeline
OPP-0003399,2024-02-23,Commit,Best Case
OPP-0003399,2024-03-01,Commit,Best Case
OPP-0003399,2024-03-08,Commit,Best Case
OPP-0003399,2024-03-15,Best Case,Pipeline
OPP-0003399,2024-03-22,Commit,Best Case
OPP-0003399,2024-03-29,Best Case,Pipeline
OPP-0003400,2024-01-05,Pipeline,Pipeline
OPP-0003400,2024-01-12,Pipeline,Pipeline
OPP-0003400,2024-01-19,Best Case,Best Case
OPP-0003400,2024-01-26,Best Case,Best Case
OPP-0003400,2024-02-02,Best Case,Best Case
OPP-0003400,2024-02-09,Commit,Commit
OPP-0003408,2024-01-12,Pipeline,Omitted
OPP-0003408,2024-01-19,Best Case,Best Case
OPP-0003408,2024-01-26,Best Case,Pipeline
OPP-0003408,2024-02-02,Best Case,Best Case
OPP-0003416,2024-01-12,Omitted,Omitted
OPP-0003416,2024-01-19,Omitted,Omitted
OPP-0003416,2024-01-26,Omitted,Omitted
OPP-0003416,2024-02-02,Pipeline,Omitted
OPP-0003416,2024-02-09,Omitted,Omitted
OPP-0003416,2024-02-16,Omitted,Omitted
OPP-0003417,2024-01-12,Omitted,Omitted
OPP-0003417,2024-01-19,Pipeline,Pipeline
OPP-0003417,2024-01-26,Pipeline,Pipeline
OPP-0003417,2024-02-02,Pipeline,Pipeline
OPP-0003417,2024-02-09,Pipeline,Pipeline
OPP-0003417,2024-02-16,Pipeline,Pipeline
OPP-0003417,2024-02-23,Pipeline,Omitted
OPP-0003417,2024-03-01,Pipeline,Pipeline
OPP-0003417,2024-03-08,Pipeline,Omitted
OPP-0003417,2024-03-15,Pipeline,Pipeline
OPP-0003417,2024-03-22,Omitted,Omitted
OPP-0003417,2024-03-29,Pipeline,Omitted
OPP-0003417,2024-04-05,Omitted,Omitted
OPP-0003417,2024-04-12,Omitted,Pipeline
OPP-0003417,2024-04-19,Pipeline,Omitted
OPP-0003417,2024-04-26,Pipeline,Omitted
OPP-0003417,2024-05-03,Pipeline,Omitted
OPP-0003417,2024-05-10,Omitted,Pipeline
OPP-0003417,2024-05-17,Pipeline,Omitted
OPP-0003417,2024-05-24,Pipeline,Pipeline
OPP-0003417,2024-05-31,Pipeline,Pipeline
OPP-0003417,2024-06-07,Pipeline,Pipeline
OPP-0003417,2024-06-14,Pipeline,Omitted
OPP-0003418,2024-01-12,Omitted,Omitted
OPP-0003418,2024-01-19,Omitted,Omitted
OPP-0003418,2024-01-26,Omitted,Pipeline
OPP-0003418,2024-02-02,Pipeline,Pipeline
OPP-0003418,2024-02-09,Pipeline,Pipeline
OPP-0003418,2024-02-16,Best Case,Best Case
OPP-0003418,2024-02-23,Best Case,Best Case
OPP-0003418,2024-03-01,Best Case,Best Case
OPP-0003418,2024-03-08,Commit,Pipeline
OPP-0003424,2024-01-12,Omitted,Omitted
OPP-0003424,2024-01-19,Pipeline,Omitted
OPP-0003424,2024-01-26,Omitted,Omitted
OPP-0003424,2024-02-02,Omitted,Omitted
OPP-0003424,2024-02-09,Pipeline,Omitted
OPP-0003424,2024-02-16,Pipeline,Omitted
OPP-0003425,2024-01-12,Omitted,Omitted
OPP-0003425,2024-01-19,Pipeline,Pipeline
OPP-0003425,2024-01-26,Pipeline,Pipeline
OPP-0003426,2024-01-12,Omitted,Pipeline
OPP-0003426,2024-01-19,Pipeline,Omitted
OPP-0003426,2024-01-26,Pipeline,Omitted
OPP-0003426,2024-02-02,Pipeline,Pipeline
OPP-0003426,2024-02-09,Pipeline,Pipeline
OPP-0003426,2024-02-16,Pipeline,Pipeline
OPP-0003426,2024-02-23,Pipeline,Pipeline
OPP-0003426,2024-03-01,Omitted,Pipeline
OPP-0003426,2024-03-08,Pipeline,Pipeline
OPP-0003426,2024-03-15,Pipeline,Pipeline
OPP-0003426,2024-03-22,Omitted,Omitted
OPP-0003426,2024-03-29,Pipeline,Pipeline
OPP-0003426,2024-04-05,Pipeline,Omitted
OPP-0003426,2024-04-12,Pipeline,Omitted
OPP-0003426,2024-04-19,Pipeline,Omitted
OPP-0003426,2024-04-26,Pipeline,Omitted
OPP-0003426,2024-05-03,Pipeline,Omitted
OPP-0003426,2024-05-10,Pipeline,Omitted
OPP-0003426,2024-05-17,Best Case,Best Case
OPP-0003426,2024-05-24,Pipeline,Best Case
OPP-0003426,2024-05-31,Omitted,Omitted
OPP-0003426,2024-06-07,Omitted,Omitted
OPP-0003426,2024-06-14,Pipeline,Omitted
OPP-0003426,2024-06-21,Pipeline,Pipeline
OPP-0003426,2024-06-28,Pipeline,Pipeline
OPP-0003426,2024-07-05,Pipeline,Pipeline
OPP-0003431,2024-01-12,Commit,Commit
OPP-0003431,2024-01-19,Commit,Commit
OPP-0003431,2024-01-26,Commit,Commit
OPP-0003432,2024-01-12,Commit,Best Case
OPP-0003432,2024-01-19,Best Case,Pipeline
OPP-0003432,2024-01-26,Best Case,Pipeline
OPP-0003432,2024-02-02,Commit,Commit
OPP-0003432,2024-02-09,Commit,Commit
OPP-0003432,2024-02-16,Commit,Commit
OPP-0003432,2024-02-23,Commit,Commit
OPP-0003432,2024-03-01,Commit,Commit
OPP-0003432,2024-03-08,Commit,Commit
OPP-0003432,2024-03-15,Commit,Commit
OPP-0003433,2024-01-12,Omitted,Omitted
OPP-0003433,2024-01-19,Omitted,Pipeline
OPP-0003433,2024-01-26,Omitted,Pipeline
OPP-0003433,2024-02-02,Pipeline,Pipeline
OPP-0003433,2024-02-09,Omitted,Omitted
OPP-0003433,2024-02-16,Pipeline,Pipeline
OPP-0003433,2024-02-23,Pipeline,Pipeline
OPP-0003433,2024-03-01,Best Case,Best Case
OPP-0003433,2024-03-08,Pipeline,Pipeline
OPP-0003433,2024-03-15,Best Case,Pipeline
OPP-0003433,2024-03-22,Pipeline,Best Case
OPP-0003434,2024-01-12,Pipeline,Omitted
OPP-0003434,2024-01-19,Best Case,Best Case
OPP-0003434,2024-01-26,Pipeline,Pipeline
OPP-0003434,2024-02-02,Best Case,Best Case
OPP-0003434,2024-02-09,Commit,Commit
OPP-0003438,2024-01-12,Best Case,Pipeline
OPP-0003438,2024-01-19,Commit,Best Case
OPP-0003438,2024-01-26,Commit,Best Case
OPP-0003438,2024-02-02,Commit,Commit
OPP-0003438,2024-02-09,Commit,Commit
OPP-0003438,2024-02-16,Commit,Commit
OPP-0003439,2024-01-12,Commit,Commit
OPP-0003439,2024-01-19,Commit,Commit
OPP-0003439,2024-01-26,Commit,Commit
OPP-0003439,2024-02-02,Commit,Commit
OPP-0003439,2024-02-09,Commit,Commit
OPP-0003439,2024-02-16,Commit,Commit
OPP-0003440,2024-01-12,Omitted,Omitted
OPP-0003440,2024-01-19,Best Case,Pipeline
OPP-0003440,2024-01-26,Pipeline,Omitted
OPP-0003440,2024-02-02,Pipeline,Pipeline
OPP-0003440,2024-02-09,Best Case,Best Case
OPP-0003445,2024-01-12,Commit,Commit
OPP-0003445,2024-01-19,Commit,Commit
OPP-0003445,2024-01-26,Commit,Commit
OPP-0003455,2024-01-19,Commit,Commit
OPP-0003455,2024-01-26,Commit,Commit
OPP-0003456,2024-01-19,Pipeline,Omitted
OPP-0003456,2024-01-26,Best Case,Pipeline
OPP-0003456,2024-02-02,Pipeline,Pipeline
OPP-0003457,2024-01-19,Commit,Commit
OPP-0003457,2024-01-26,Commit,Commit
OPP-0003457,2024-02-02,Commit,Commit
OPP-0003457,2024-02-09,Commit,Commit
OPP-0003457,2024-02-16,Commit,Commit
OPP-0003457,2024-02-23,Commit,Commit
OPP-0003457,2024-03-01,Commit,Commit
OPP-0003465,2024-01-19,Pipeline,Pipeline
OPP-0003465,2024-01-26,Pipeline,Pipeline
OPP-0003465,2024-02-02,Pipeline,Pipeline
OPP-0003465,2024-02-09,Best Case,Best Case
OPP-0003465,2024-02-16,Pipeline,Best Case
OPP-0003466,2024-01-19,Commit,Commit
OPP-0003466,2024-01-26,Commit,Best Case
OPP-0003466,2024-02-02,Commit,Commit
OPP-0003466,2024-02-09,Commit,Commit
OPP-0003466,2024-02-16,Commit,Commit
OPP-0003466,2024-02-23,Commit,Commit
OPP-0003466,2024-03-01,Commit,Best Case
OPP-0003466,2024-03-08,Commit,Commit
OPP-0003466,2024-03-15,Commit,Best Case
OPP-0003466,2024-03-22,Commit,Best Case
OPP-0003466,2024-03-29,Commit,Best Case
OPP-0003466,2024-04-05,Commit,Commit
OPP-0003466,2024-04-12,Commit,Best Case
OPP-0003466,2024-04-19,Commit,Commit
OPP-0003466,2024-04-26,Commit,Best Case
OPP-0003466,2024-05-03,Commit,Best Case
OPP-0003466,2024-05-10,Best Case,Pipeline
OPP-0003466,2024-05-17,Commit,Best Case
OPP-0003466,2024-05-24,Best Case,Pipeline
OPP-0003466,2024-05-31,Best Case,Pipeline
OPP-0003467,2024-01-19,Commit,Best Case
OPP-0003467,2024-01-26,Commit,Best Case
OPP-0003467,2024-02-02,Commit,Commit
OPP-0003467,2024-02-09,Commit,Commit
OPP-0003467,2024-02-16,Commit,Commit
OPP-0003467,2024-02-23,Commit,Commit
OPP-0003467,2024-03-01,Commit,Best Case
OPP-0003467,2024-03-08,Commit,Best Case
OPP-0003467,2024-03-15,Commit,Best Case
OPP-0003467,2024-03-22,Commit,Commit
OPP-0003467,2024-03-29,Commit,Commit
OPP-0003470,2024-01-19,Omitted,Omitted
OPP-0003470,2024-01-26,Omitted,Omitted
OPP-0003470,2024-02-02,Pipeline,Omitted
OPP-0003470,2024-02-09,Pipeline,Omitted
OPP-0003470,2024-02-16,Pipeline,Omitted
OPP-0003470,2024-02-23,Pipeline,Omitted
OPP-0003470,2024-03-01,Pipeline,Omitted
OPP-0003470,2024-03-08,Omitted,Omitted
OPP-0003470,2024-03-15,Omitted,Omitted
OPP-0003470,2024-03-22,Omitted,Omitted
OPP-0003470,2024-03-29,Omitted,Omitted
OPP-0003470,2024-04-05,Pipeline,Pipeline
OPP-0003470,2024-04-12,Pipeline,Omitted
OPP-0003470,2024-04-19,Omitted,Omitted
OPP-0003470,2024-04-26,Omitted,Omitted
OPP-0003470,2024-05-03,Pipeline,Omitted
OPP-0003470,2024-05-10,Pipeline,Omitted
OPP-0003477,2024-01-19,Omitted,Omitted
OPP-0003477,2024-01-26,Omitted,Omitted
OPP-0003477,2024-02-02,Omitted,Omitted
OPP-0003477,2024-02-09,Omitted,Omitted
OPP-0003477,2024-02-16,Omitted,Omitted
OPP-0003477,2024-02-23,Omitted,Omitted
OPP-0003477,2024-03-01,Omitted,Omitted
OPP-0003477,2024-03-08,Omitted,Omitted
OPP-0003477,2024-03-15,Omitted,Omitted
OPP-0003477,2024-03-22,Omitted,Omitted
OPP-0003477,2024-03-29,Omitted,Omitted
OPP-0003477,2024-04-05,Omitted,Omitted
OPP-0003477,2024-04-12,Omitted,Omitted
OPP-0003477,2024-04-19,Omitted,Omitted
OPP-0003477,2024-04-26,Best Case,Best Case
OPP-0003477,2024-05-03,Pipeline,Best Case
OPP-0003477,2024-05-10,Best Case,Best Case
OPP-0003477,2024-05-17,Pipeline,Pipeline
OPP-0003477,2024-05-24,Pipeline,Best Case
OPP-0003481,2024-01-19,Commit,Commit
OPP-0003481,2024-01-26,Commit,Commit
OPP-0003481,2024-02-02,Commit,Commit
OPP-0003481,2024-02-09,Commit,Commit
OPP-0003481,2024-02-16,Commit,Commit
OPP-0003481,2024-02-23,Commit,Commit
OPP-0003482,2024-01-19,Pipeline,Pipeline
OPP-0003482,2024-01-26,Pipeline,Omitted
OPP-0003482,2024-02-02,Pipeline,Omitted
OPP-0003482,2024-02-09,Pipeline,Omitted
OPP-0003482,2024-02-16,Best Case,Best Case
OPP-0003482,2024-02-23,Best Case,Best Case
OPP-0003489,2024-01-19,Commit,Commit
OPP-0003489,2024-01-26,Commit,Commit
OPP-0003489,2024-02-02,Commit,Commit
OPP-0003489,2024-02-09,Commit,Commit
OPP-0003489,2024-02-16,Commit,Commit
OPP-0003489,2024-02-23,Commit,Commit
OPP-0003490,2024-01-19,Best Case,Omitted
OPP-0003490,2024-01-26,Pipeline,Omitted
OPP-0003490,2024-02-02,Best Case,Best Case
OPP-0003490,2024-02-09,Best Case,Best Case
OPP-0003490,2024-02-16,Pipeline,Pipeline
OPP-0003490,2024-02-23,Best Case,Best Case
OPP-0003491,2024-01-19,Pipeline,Pipeline
OPP-0003491,2024-01-26,Best Case,Best Case
OPP-0003492,2024-01-19,Pipeline,Pipeline
OPP-0003492,2024-01-26,Pipeline,Pipeline
OPP-0003492,2024-02-02,Pipeline,Pipeline
OPP-0003492,2024-02-09,Pipeline,Pipeline
OPP-0003492,2024-02-16,Pipeline,Best Case
OPP-0003493,2024-01-19,Omitted,Omitted
OPP-0003493,2024-01-26,Omitted,Omitted
OPP-0003493,2024-02-02,Pipeline,Pipeline
OPP-0003493,2024-02-09,Omitted,Omitted
OPP-0003493,2024-02-16,Pipeline,Pipeline
OPP-0003493,2024-02-23,Pipeline,Pipeline
OPP-0003494,2024-01-19,Commit,Best Case
OPP-0003494,2024-01-26,Commit,Commit
OPP-0003494,2024-02-02,Commit,Commit
OPP-0003494,2024-02-09,Commit,Commit
OPP-0003494,2024-02-16,Commit,Commit
OPP-0003494,2024-02-23,Commit,Commit
OPP-0003500,2024-01-19,Commit,Commit
OPP-0003500,2024-01-26,Commit,Best Case
OPP-0003500,2024-02-02,Commit,Best Case
OPP-0003500,2024-02-09,Commit,Best Case
OPP-0003500,2024-02-16,Commit,Best Case
OPP-0003500,2024-02-23,Commit,Commit
OPP-0003500,2024-03-01,Commit,Best Case
OPP-0003500,2024-03-08,Commit,Best Case
OPP-0003500,2024-03-15,Commit,Best Case
OPP-0003500,2024-03-22,Commit,Commit
OPP-0003501,2024-01-19,Best Case,Best Case
OPP-0003501,2024-01-26,Best Case,Pipeline
OPP-0003501,2024-02-02,Commit,Commit
OPP-0003501,2024-02-09,Commit,Commit
OPP-0003501,2024-02-16,Commit,Commit
OPP-0003501,2024-02-23,Commit,Commit
OPP-0003501,2024-03-01,Commit,Commit
OPP-0003501,2024-03-08,Commit,Commit
OPP-0003501,2024-03-15,Commit,Commit
OPP-0003501,2024-03-22,Commit,Commit
OPP-0003501,2024-03-29,Commit,Commit
OPP-0003510,2024-01-26,Pipeline,Omitted
OPP-0003510,2024-02-02,Pipeline,Pipeline
OPP-0003520,2024-01-26,Commit,Commit
OPP-0003520,2024-02-02,Commit,Commit
OPP-0003520,2024-02-09,Commit,Commit
OPP-0003520,2024-02-16,Commit,Commit
OPP-0003520,2024-02-23,Commit,Commit
OPP-0003521,2024-01-26,Omitted,Omitted
OPP-0003521,2024-02-02,Omitted,Omitted
OPP-0003521,2024-02-09,Pipeline,Omitted
OPP-0003526,2024-01-26,Commit,Commit
OPP-0003526,2024-02-02,Commit,Commit
OPP-0003526,2024-02-09,Commit,Commit
OPP-0003526,2024-02-16,Commit,Commit
OPP-0003526,2024-02-23,Commit,Commit
OPP-0003527,2024-01-26,Pipeline,Omitted
OPP-0003527,2024-02-02,Commit,Pipeline
OPP-0003532,2024-01-26,Commit,Commit
OPP-0003532,2024-02-02,Commit,Commit
OPP-0003532,2024-02-09,Commit,Commit
OPP-0003532,2024-02-16,Commit,Commit
OPP-0003532,2024-02-23,Commit,Commit
OPP-0003533,2024-01-26,Omitted,Omitted
OPP-0003533,2024-02-02,Omitted,Omitted
OPP-0003533,2024-02-09,Omitted,Omitted
OPP-0003533,2024-02-16,Omitted,Omitted
OPP-0003533,2024-02-23,Omitted,Omitted
OPP-0003533,2024-03-01,Omitted,Omitted
OPP-0003533,2024-03-08,Omitted,Omitted
OPP-0003533,2024-03-15,Omitted,Pipeline
OPP-0003533,2024-03-22,Pipeline,Omitted
OPP-0003533,2024-03-29,Pipeline,Omitted
OPP-0003533,2024-04-05,Omitted,Omitted
OPP-0003533,2024-04-12,Omitted,Omitted
OPP-0003533,2024-04-19,Pipeline,Omitted
OPP-0003533,2024-04-26,Omitted,Omitted
OPP-0003533,2024-05-03,Omitted,Omitted
OPP-0003533,2024-05-10,Omitted,Omitted
OPP-0003533,2024-05-17,Omitted,Pipeline
OPP-0003533,2024-05-24,Pipeline,Pipeline
OPP-0003533,2024-05-31,Best Case,Best Case
OPP-0003533,2024-06-07,Best Case,Best Case
OPP-0003533,2024-06-14,Commit,Best Case
OPP-0003533,2024-06-21,Best Case,Best Case
OPP-0003538,2024-01-26,Pipeline,Pipeline
OPP-0003538,2024-02-02,Pipeline,Pipeline
OPP-0003538,2024-02-09,Best Case,Best Case
OPP-0003538,2024-02-16,Best Case,Best Case
OPP-0003539,2024-01-26,Pipeline,Pipeline
OPP-0003539,2024-02-02,Best Case,Best Case
OPP-0003539,2024-02-09,Pipeline,Pipeline
OPP-0003539,2024-02-16,Pipeline,Pipeline
OPP-0003539,2024-02-23,Pipeline,Pipeline
OPP-0003539,2024-03-01,Best Case,Best Case
OPP-0003539,2024-03-08,Best Case,Best Case
OPP-0003540,2024-01-26,Omitted,Omitted
OPP-0003540,2024-02-02,Omitted,Omitted
OPP-0003540,2024-02-09,Omitted,Omitted
OPP-0003540,2024-02-16,Omitted,Omitted
OPP-0003540,2024-02-23,Omitted,Pipeline
OPP-0003540,2024-03-01,Omitted,Pipeline
OPP-0003540,2024-03-08,Pipeline,Omitted
OPP-0003540,2024-03-15,Pipeline,Omitted
OPP-0003540,2024-03-22,Pipeline,Pipeline
OPP-0003540,2024-03-29,Pipeline,Pipeline
OPP-0003540,2024-04-05,Best Case,Best Case
OPP-0003546,2024-02-02,Pipeline,Pipeline
OPP-0003546,2024-02-09,Commit,Pipeline
OPP-0003546,2024-02-16,Commit,Pipeline
OPP-0003546,2024-02-23,Best Case,Pipeline
OPP-0003553,2024-02-02,Omitted,Omitted
OPP-0003553,2024-02-09,Omitted,Omitted
OPP-0003553,2024-02-16,Omitted,Omitted
OPP-0003553,2024-02-23,Omitted,Omitted
OPP-0003553,2024-03-01,Pipeline,Pipeline
OPP-0003554,2024-02-02,Commit,Commit
OPP-0003554,2024-02-09,Commit,Commit
OPP-0003554,2024-02-16,Commit,Commit
OPP-0003554,2024-02-23,Commit,Commit
OPP-0003554,2024-03-01,Commit,Commit
OPP-0003554,2024-03-08,Commit,Commit
OPP-0003554,2024-03-15,Commit,Commit
OPP-0003554,2024-03-22,Commit,Commit
OPP-0003554,2024-03-29,Commit,Commit
OPP-0003554,2024-04-05,Commit,Commit
OPP-0003558,2024-02-02,Commit,Commit
OPP-0003558,2024-02-09,Commit,Commit
OPP-0003558,2024-02-16,Commit,Commit
OPP-0003558,2024-02-23,Commit,Commit
OPP-0003559,2024-02-02,Commit,Commit
OPP-0003559,2024-02-09,Commit,Commit
OPP-0003559,2024-02-16,Commit,Commit
OPP-0003559,2024-02-23,Commit,Commit
OPP-0003560,2024-02-02,Omitted,Omitted
OPP-0003560,2024-02-09,Omitted,Pipeline
OPP-0003560,2024-02-16,Pipeline,Pipeline
OPP-0003560,2024-02-23,Pipeline,Pipeline
OPP-0003560,2024-03-01,Best Case,Best Case
OPP-0003560,2024-03-08,Best Case,Pipeline
OPP-0003561,2024-02-02,Commit,Commit
OPP-0003561,2024-02-09,Commit,Commit
OPP-0003561,2024-02-16,Commit,Commit
OPP-0003561,2024-02-23,Commit,Commit
OPP-0003561,2024-03-01,Commit,Commit
OPP-0003561,2024-03-08,Commit,Commit
OPP-0003561,2024-03-15,Commit,Commit
OPP-0003561,2024-03-22,Commit,Commit
OPP-0003562,2024-02-02,Pipeline,Pipeline
OPP-0003562,2024-02-09,Omitted,Omitted
OPP-0003562,2024-02-16,Pipeline,Pipeline
OPP-0003562,2024-02-23,Pipeline,Pipeline
OPP-0003562,2024-03-01,Pipeline,Pipeline
OPP-0003562,2024-03-08,Best Case,Best Case
OPP-0003562,2024-03-15,Pipeline,Pipeline
OPP-0003562,2024-03-22,Pipeline,Pipeline
OPP-0003562,2024-03-29,Pipeline,Pipeline
OPP-0003562,2024-04-05,Pipeline,Pipeline
OPP-0003562,2024-04-12,Pipeline,Pipeline
OPP-0003562,2024-04-19,Pipeline,Pipeline
OPP-0003562,2024-04-26,Best Case,Best Case
OPP-0003562,2024-05-03,Pipeline,Pipeline
OPP-0003562,2024-05-10,Best Case,Best Case
OPP-0003562,2024-05-17,Best Case,Best Case
OPP-0003562,2024-05-24,Best Case,Commit
OPP-0003562,2024-05-31,Commit,Commit
OPP-0003562,2024-06-07,Commit,Commit
OPP-0003562,2024-06-14,Commit,Commit
OPP-0003562,2024-06-21,Commit,Commit
OPP-0003562,2024-06-28,Commit,Commit
OPP-0003562,2024-07-05,Commit,Best Case
OPP-0003563,2024-02-02,Pipeline,Omitted
OPP-0003563,2024-02-09,Omitted,Omitted
OPP-0003563,2024-02-16,Omitted,Pipeline
OPP-0003563,2024-02-23,Pipeline,Pipeline
OPP-0003563,2024-03-01,Omitted,Pipeline
OPP-0003563,2024-03-08,Omitted,Omitted
OPP-0003563,2024-03-15,Omitted,Omitted
OPP-0003563,2024-03-22,Pipeline,Pipeline
OPP-0003563,2024-03-29,Omitted,Pipeline
OPP-0003563,2024-04-05,Pipeline,Pipeline
OPP-0003563,2024-04-12,Pipeline,Pipeline
OPP-0003563,2024-04-19,Best Case,Pipeline
OPP-0003563,2024-04-26,Pipeline,Pipeline
OPP-0003563,2024-05-03,Pipeline,Pipeline
OPP-0003563,2024-05-10,Pipeline,Pipeline
OPP-0003563,2024-05-17,Pipeline,Pipeline
OPP-0003563,2024-05-24,Pipeline,Pipeline
OPP-0003563,2024-05-31,Pipeline,Pipeline
OPP-0003563,2024-06-07,Pipeline,Pipeline
OPP-0003563,2024-06-14,Best Case,Best Case
OPP-0003563,2024-06-21,Pipeline,Pipeline
OPP-0003563,2024-06-28,Pipeline,Pipeline
OPP-0003563,2024-07-05,Pipeline,Pipeline
OPP-0003563,2024-07-12,Pipeline,Pipeline
OPP-0003563,2024-07-19,Pipeline,Pipeline
OPP-0003564,2024-02-02,Pipeline,Pipeline
OPP-0003564,2024-02-09,Pipeline,Omitted
OPP-0003564,2024-02-16,Pipeline,Pipeline
OPP-0003564,2024-02-23,Pipeline,Pipeline
OPP-0003569,2024-02-02,Commit,Commit
OPP-0003569,2024-02-09,Commit,Commit
OPP-0003569,2024-02-16,Commit,Commit
OPP-0003569,2024-02-23,Commit,Commit
OPP-0003570,2024-02-02,Pipeline,Pipeline
OPP-0003570,2024-02-09,Best Case,Best Case
OPP-0003570,2024-02-16,Best Case,Best Case
OPP-0003570,2024-02-23,Commit,Best Case
OPP-0003570,2024-03-01,Commit,Best Case
OPP-0003571,2024-02-02,Commit,Commit
OPP-0003571,2024-02-09,Commit,Commit
OPP-0003571,2024-02-16,Commit,Commit
OPP-0003571,2024-02-23,Commit,Commit
OPP-0003571,2024-03-01,Commit,Commit
OPP-0003571,2024-03-08,Commit,Commit
OPP-0003571,2024-03-15,Commit,Commit
OPP-0003571,2024-03-22,Commit,Commit
OPP-0003571,2024-03-29,Commit,Commit
OPP-0003571,2024-04-05,Commit,Commit
OPP-0003571,2024-04-12,Commit,Commit
OPP-0003576,2024-02-09,Pipeline,Omitted
OPP-0003576,2024-02-16,Omitted,Omitted
OPP-0003576,2024-02-23,Pipeline,Omitted
OPP-0003576,2024-03-01,Pipeline,Pipeline
OPP-0003576,2024-03-08,Pipeline,Omitted
OPP-0003576,2024-03-15,Best Case,Best Case
OPP-0003576,2024-03-22,Pipeline,Omitted
OPP-0003576,2024-03-29,Pipeline,Omitted
OPP-0003576,2024-04-05,Pipeline,Pipeline
OPP-0003576,2024-04-12,Best Case,Best Case
OPP-0003576,2024-04-19,Best Case,Best Case
OPP-0003576,2024-04-26,Pipeline,Omitted
OPP-0003576,2024-05-03,Pipeline,Pipeline
OPP-0003576,2024-05-10,Pipeline,Omitted
OPP-0003576,2024-05-17,Pipeline,Pipeline
OPP-0003576,2024-05-24,Pipeline,Omitted
OPP-0003576,2024-05-31,Pipeline,Pipeline
OPP-0003576,2024-06-07,Best Case,Omitted
OPP-0003576,2024-06-14,Pipeline,Pipeline
OPP-0003576,2024-06-21,Pipeline,Omitted
OPP-0003588,2024-02-09,Commit,Commit
OPP-0003588,2024-02-16,Commit,Commit
OPP-0003588,2024-02-23,Commit,Commit
OPP-0003588,2024-03-01,Commit,Best Case
OPP-0003588,2024-03-08,Commit,Best Case
OPP-0003588,2024-03-15,Best Case,Pipeline
OPP-0003588,2024-03-22,Commit,Best Case
OPP-0003588,2024-03-29,Best Case,Pipeline
OPP-0003588,2024-04-05,Commit,Best Case
OPP-0003589,2024-02-09,Commit,Commit
OPP-0003589,2024-02-16,Commit,Commit
OPP-0003589,2024-02-23,Commit,Commit
OPP-0003589,2024-03-01,Commit,Commit
OPP-0003589,2024-03-08,Commit,Commit
OPP-0003589,2024-03-15,Commit,Commit
OPP-0003589,2024-03-22,Commit,Commit
OPP-0003589,2024-03-29,Commit,Commit
OPP-0003589,2024-04-05,Commit,Commit
OPP-0003589,2024-04-12,Commit,Commit
OPP-0003589,2024-04-19,Commit,Commit
OPP-0003589,2024-04-26,Commit,Commit
OPP-0003590,2024-02-09,Pipeline,Pipeline
OPP-0003590,2024-02-16,Pipeline,Pipeline
OPP-0003593,2024-02-09,Commit,Commit
OPP-0003593,2024-02-16,Commit,Commit
OPP-0003593,2024-02-23,Commit,Commit
OPP-0003594,2024-02-09,Commit,Commit
OPP-0003594,2024-02-16,Commit,Commit
OPP-0003594,2024-02-23,Commit,Commit
OPP-0003594,2024-03-01,Commit,Commit
OPP-0003594,2024-03-08,Commit,Commit
OPP-0003594,2024-03-15,Commit,Commit
OPP-0003594,2024-03-22,Commit,Commit
OPP-0003594,2024-03-29,Commit,Commit
OPP-0003594,2024-04-05,Commit,Commit
OPP-0003594,2024-04-12,Commit,Commit
OPP-0003595,2024-02-09,Commit,Commit
OPP-0003595,2024-02-16,Commit,Commit
OPP-0003595,2024-02-23,Commit,Commit
OPP-0003595,2024-03-01,Commit,Commit
OPP-0003595,2024-03-08,Commit,Commit
OPP-0003595,2024-03-15,Commit,Commit
OPP-0003595,2024-03-22,Commit,Commit
OPP-0003595,2024-03-29,Commit,Commit
OPP-0003595,2024-04-05,Commit,Commit
OPP-0003595,2024-04-12,Commit,Commit
OPP-0003595,2024-04-19,Commit,Commit
OPP-0003595,2024-04-26,Commit,Commit
OPP-0003596,2024-02-09,Pipeline,Omitted
OPP-0003596,2024-02-16,Omitted,Omitted
OPP-0003596,2024-02-23,Pipeline,Pipeline
OPP-0003596,2024-03-01,Pipeline,Omitted
OPP-0003596,2024-03-08,Pipeline,Pipeline
OPP-0003596,2024-03-15,Pipeline,Pipeline
OPP-0003596,2024-03-22,Pipeline,Pipeline
OPP-0003596,2024-03-29,Pipeline,Pipeline
OPP-0003596,2024-04-05,Best Case,Best Case
OPP-0003596,2024-04-12,Best Case,Best Case
OPP-0003596,2024-04-19,Pipeline,Pipeline
OPP-0003600,2024-02-09,Omitted,Pipeline
OPP-0003600,2024-02-16,Pipeline,Pipeline
OPP-0003600,2024-02-23,Pipeline,Pipeline
OPP-0003600,2024-03-01,Best Case,Best Case
OPP-0003601,2024-02-09,Pipeline,Omitted
OPP-0003601,2024-02-16,Omitted,Omitted
OPP-0003601,2024-02-23,Pipeline,Pipeline
OPP-0003601,2024-03-01,Pipeline,Pipeline
OPP-0003602,2024-02-09,Best Case,Pipeline
OPP-0003602,2024-02-16,Pipeline,Pipeline
OPP-0003602,2024-02-23,Best Case,Best Case
OPP-0003602,2024-03-01,Best Case,Best Case
OPP-0003602,2024-03-08,Pipeline,Pipeline
OPP-0003602,2024-03-15,Best Case,Best Case
OPP-0003602,2024-03-22,Best Case,Best Case
OPP-0003602,2024-03-29,Best Case,Best Case
OPP-0003602,2024-04-05,Best Case,Best Case
OPP-0003602,2024-04-12,Best Case,Best Case
OPP-0003602,2024-04-19,Commit,Commit
OPP-0003602,2024-04-26,Best Case,Best Case
OPP-0003602,2024-05-03,Best Case,Best Case
OPP-0003602,2024-05-10,Best Case,Best Case
OPP-0003603,2024-02-09,Omitted,Pipeline
OPP-0003603,2024-02-16,Pipeline,Pipeline
OPP-0003603,2024-02-23,Pipeline,Pipeline
OPP-0003603,2024-03-01,Pipeline,Pipeline
OPP-0003603,2024-03-08,Best Case,Best Case
OPP-0003603,2024-03-15,Best Case,Best Case
OPP-0003605,2024-02-09,Omitted,Omitted
OPP-0003605,2024-02-16,Omitted,Omitted
OPP-0003605,2024-02-23,Pipeline,Omitted
OPP-0003605,2024-03-01,Pipeline,Pipeline
OPP-0003605,2024-03-08,Pipeline,Pipeline
OPP-0003605,2024-03-15,Pipeline,Pipeline
OPP-0003613,2024-02-09,Commit,Commit
OPP-0003613,2024-02-16,Commit,Commit
OPP-0003613,2024-02-23,Commit,Commit
OPP-0003614,2024-02-09,Pipeline,Omitted
OPP-0003614,2024-02-16,Omitted,Pipeline
OPP-0003614,2024-02-23,Pipeline,Pipeline
OPP-0003614,2024-03-01,Pipeline,Omitted
OPP-0003614,2024-03-08,Pipeline,Omitted
OPP-0003614,2024-03-15,Pipeline,Omitted
OPP-0003614,2024-03-22,Pipeline,Omitted
OPP-0003614,2024-03-29,Pipeline,Pipeline
OPP-0003614,2024-04-05,Pipeline,Pipeline
OPP-0003614,2024-04-12,Best Case,Best Case
OPP-0003614,2024-04-19,Pipeline,Pipeline
OPP-0003614,2024-04-26,Pipeline,Pipeline
OPP-0003614,2024-05-03,Pipeline,Pipeline
OPP-0003614,2024-05-10,Commit,Commit
OPP-0003615,2024-02-09,Commit,Commit
OPP-0003615,2024-02-16,Commit,Commit
OPP-0003615,2024-02-23,Commit,Commit
OPP-0003615,2024-03-01,Commit,Best Case
OPP-0003615,2024-03-08,Commit,Best Case
OPP-0003615,2024-03-15,Commit,Best Case
OPP-0003615,2024-03-22,Commit,Best Case
OPP-0003615,2024-03-29,Commit,Best Case
OPP-0003618,2024-02-16,Omitted,Omitted
OPP-0003618,2024-02-23,Omitted,Pipeline
OPP-0003618,2024-03-01,Pipeline,Pipeline
OPP-0003619,2024-02-16,Commit,Commit
OPP-0003619,2024-02-23,Commit,Commit
OPP-0003619,2024-03-01,Commit,Commit
OPP-0003619,2024-03-08,Commit,Commit
OPP-0003619,2024-03-15,Commit,Commit
OPP-0003619,2024-03-22,Commit,Commit
OPP-0003619,2024-03-29,Commit,Commit
OPP-0003619,2024-04-05,Commit,Commit
OPP-0003619,2024-04-12,Commit,Commit
OPP-0003619,2024-04-19,Commit,Commit
OPP-0003619,2024-04-26,Commit,Commit
OPP-0003620,2024-02-16,Pipeline,Pipeline
OPP-0003620,2024-02-23,Pipeline,Pipeline
OPP-0003620,2024-03-01,Best Case,Best Case
OPP-0003620,2024-03-08,Pipeline,Pipeline
OPP-0003626,2024-02-16,Pipeline,Omitted
OPP-0003626,2024-02-23,Omitted,Omitted
OPP-0003626,2024-03-01,Omitted,Omitted
OPP-0003626,2024-03-08,Pipeline,Pipeline
OPP-0003626,2024-03-15,Best Case,Best Case
OPP-0003627,2024-02-16,Commit,Commit
OPP-0003627,2024-02-23,Commit,Commit
OPP-0003627,2024-03-01,Commit,Commit
OPP-0003627,2024-03-08,Commit,Commit
OPP-0003627,2024-03-15,Commit,Commit
OPP-0003627,2024-03-22,Commit,Commit
OPP-0003642,2024-02-16,Commit,Commit
OPP-0003642,2024-02-23,Commit,Commit
OPP-0003642,2024-03-01,Commit,Commit
OPP-0003642,2024-03-08,Commit,Commit
OPP-0003642,2024-03-15,Commit,Commit
OPP-0003642,2024-03-22,Commit,Commit
OPP-0003642,2024-03-29,Commit,Commit
OPP-0003642,2024-04-05,Commit,Commit
OPP-0003642,2024-04-12,Commit,Commit
OPP-0003642,2024-04-19,Commit,Commit
OPP-0003642,2024-04-26,Commit,Commit
OPP-0003642,2024-05-03,Commit,Commit
OPP-0003642,2024-05-10,Commit,Commit
OPP-0003642,2024-05-17,Commit,Commit
OPP-0003642,2024-05-24,Commit,Commit
OPP-0003642,2024-05-31,Commit,Commit
OPP-0003646,2024-02-16,Omitted,Omitted
OPP-0003646,2024-02-23,Pipeline,Omitted
OPP-0003646,2024-03-01,Pipeline,Pipeline
OPP-0003647,2024-02-16,Omitted,Omitted
OPP-0003647,2024-02-23,Omitted,Omitted
OPP-0003647,2024-03-01,Pipeline,Omitted
OPP-0003647,2024-03-08,Pipeline,Omitted
OPP-0003647,2024-03-15,Omitted,Omitted
OPP-0003647,2024-03-22,Omitted,Omitted
OPP-0003648,2024-02-16,Omitted,Omitted
OPP-0003648,2024-02-23,Omitted,Omitted
OPP-0003648,2024-03-01,Pipeline,Pipeline
OPP-0003648,2024-03-08,Pipeline,Pipeline
OPP-0003648,2024-03-15,Best Case,Best Case
OPP-0003648,2024-03-22,Best Case,Best Case
OPP-0003654,2024-02-16,Pipeline,Omitted
OPP-0003654,2024-02-23,Best Case,Best Case
OPP-0003654,2024-03-01,Pipeline,Best Case
OPP-0003654,2024-03-08,Best Case,Best Case
OPP-0003654,2024-03-15,Pipeline,Pipeline
OPP-0003655,2024-02-16,Omitted,Omitted
OPP-0003655,2024-02-23,Omitted,Omitted
OPP-0003655,2024-03-01,Omitted,Omitted
OPP-0003655,2024-03-08,Omitted,Pipeline
OPP-0003655,2024-03-15,Best Case,Omitted
OPP-0003655,2024-03-22,Pipeline,Pipeline
OPP-0003655,2024-03-29,Pipeline,Pipeline
OPP-0003655,2024-04-05,Pipeline,Pipeline
OPP-0003655,2024-04-12,Best Case,Best Case
OPP-0003655,2024-04-19,Commit,Commit
OPP-0003664,2024-02-16,Commit,Commit
OPP-0003664,2024-02-23,Commit,Commit
OPP-0003664,2024-03-01,Commit,Commit
OPP-0003664,2024-03-08,Commit,Commit
OPP-0003664,2024-03-15,Commit,Commit
OPP-0003664,2024-03-22,Commit,Commit
OPP-0003664,2024-03-29,Commit,Commit
OPP-0003665,2024-02-16,Omitted,Omitted
OPP-0003665,2024-02-23,Omitted,Omitted
OPP-0003665,2024-03-01,Omitted,Omitted
OPP-0003665,2024-03-08,Omitted,Omitted
OPP-0003665,2024-03-15,Omitted,Omitted
OPP-0003665,2024-03-22,Omitted,Omitted
OPP-0003665,2024-03-29,Pipeline,Omitted
OPP-0003665,2024-04-05,Pipeline,Pipeline
OPP-0003665,2024-04-12,Pipeline,Pipeline
OPP-0003665,2024-04-19,Pipeline,Pipeline
OPP-0003665,2024-04-26,Pipeline,Pipeline
OPP-0003665,2024-05-03,Best Case,Best Case
OPP-0003665,2024-05-10,Best Case,Best Case
OPP-0003665,2024-05-17,Pipeline,Pipeline
OPP-0003665,2024-05-24,Omitted,Pipeline
OPP-0003665,2024-05-31,Omitted,Pipeline
OPP-0003665,2024-06-07,Omitted,Pipeline
OPP-0003665,2024-06-14,Omitted,Omitted
OPP-0003665,2024-06-21,Omitted,Omitted
OPP-0003665,2024-06-28,Pipeline,Omitted
OPP-0003665,2024-07-05,Pipeline,Omitted
OPP-0003665,2024-07-12,Pipeline,Pipeline
OPP-0003665,2024-07-19,Omitted,Pipeline
OPP-0003665,2024-07-26,Pipeline,Pipeline
OPP-0003665,2024-08-02,Pipeline,Pipeline
OPP-0003665,2024-08-09,Pipeline,Pipeline
OPP-0003666,2024-02-16,Omitted,Omitted
OPP-0003666,2024-02-23,Omitted,Omitted
OPP-0003666,2024-03-01,Omitted,Omitted
OPP-0003666,2024-03-08,Omitted,Omitted
OPP-0003666,2024-03-15,Omitted,Omitted
OPP-0003666,2024-03-22,Omitted,Omitted
OPP-0003666,2024-03-29,Pipeline,Omitted
OPP-0003666,2024-04-05,Omitted,Omitted
OPP-0003666,2024-04-12,Omitted,Omitted
OPP-0003666,2024-04-19,Omitted,Omitted
OPP-0003666,2024-04-26,Omitted,Omitted
OPP-0003666,2024-05-03,Omitted,Omitted
OPP-0003666,2024-05-10,Pipeline,Omitted
OPP-0003666,2024-05-17,Omitted,Omitted
OPP-0003666,2024-05-24,Omitted,Omitted
OPP-0003666,2024-05-31,Omitted,Omitted
OPP-0003666,2024-06-07,Pipeline,Pipeline
OPP-0003666,2024-06-14,Pipeline,Pipeline
OPP-0003666,2024-06-21,Pipeline,Pipeline
OPP-0003666,2024-06-28,Pipeline,Pipeline
OPP-0003666,2024-07-05,Pipeline,Pipeline
OPP-0003666,2024-07-12,Pipeline,Pipeline
OPP-0003666,2024-07-19,Omitted,Omitted
OPP-0003667,2024-02-16,Commit,Commit
OPP-0003667,2024-02-23,Commit,Commit
OPP-0003667,2024-03-01,Commit,Commit
OPP-0003667,2024-03-08,Commit,Commit
OPP-0003667,2024-03-15,Commit,Commit
OPP-0003667,2024-03-22,Commit,Commit
OPP-0003668,2024-02-16,Commit,Commit
OPP-0003668,2024-02-23,Commit,Commit
OPP-0003668,2024-03-01,Commit,Commit
OPP-0003668,2024-03-08,Commit,Commit
OPP-0003668,2024-03-15,Commit,Commit
OPP-0003668,2024-03-22,Commit,Commit
OPP-0003668,2024-03-29,Commit,Commit
OPP-0003669,2024-02-16,Omitted,Omitted
OPP-0003669,2024-02-23,Omitted,Omitted
OPP-0003669,2024-03-01,Pipeline,Pipeline
OPP-0003669,2024-03-08,Pipeline,Omitted
OPP-0003669,2024-03-15,Omitted,Omitted
OPP-0003669,2024-03-22,Best Case,Best Case
OPP-0003679,2024-02-23,Pipeline,Pipeline
OPP-0003679,2024-03-01,Pipeline,Omitted
OPP-0003679,2024-03-08,Pipeline,Pipeline
OPP-0003679,2024-03-15,Pipeline,Pipeline
OPP-0003679,2024-03-22,Best Case,Best Case
OPP-0003680,2024-02-23,Omitted,Omitted
OPP-0003680,2024-03-01,Omitted,Omitted
OPP-0003680,2024-03-08,Pipeline,Omitted
OPP-0003680,2024-03-15,Pipeline,Pipeline
OPP-0003680,2024-03-22,Pipeline,Omitted
OPP-0003680,2024-03-29,Omitted,Pipeline
OPP-0003681,2024-02-23,Commit,Commit
OPP-0003681,2024-03-01,Commit,Commit
OPP-0003681,2024-03-08,Commit,Commit
OPP-0003681,2024-03-15,Commit,Commit
OPP-0003681,2024-03-22,Commit,Commit
OPP-0003681,2024-03-29,Commit,Commit
OPP-0003681,2024-04-05,Commit,Commit
OPP-0003681,2024-04-12,Commit,Commit
OPP-0003681,2024-04-19,Commit,Commit
OPP-0003681,2024-04-26,Commit,Commit
OPP-0003681,2024-05-03,Commit,Commit
OPP-0003681,2024-05-10,Commit,Commit
OPP-0003687,2024-02-23,Omitted,Omitted
OPP-0003687,2024-03-01,Omitted,Omitted
OPP-0003687,2024-03-08,Omitted,Omitted
OPP-0003687,2024-03-15,Omitted,Omitted
OPP-0003687,2024-03-22,Omitted,Omitted
OPP-0003687,2024-03-29,Pipeline,Pipeline
OPP-0003688,2024-02-23,Pipeline,Pipeline
OPP-0003688,2024-03-01,Best Case,Best Case
OPP-0003688,2024-03-08,Best Case,Best Case
OPP-0003688,2024-03-15,Best Case,Best Case
OPP-0003689,2024-02-23,Pipeline,Omitted
OPP-0003689,2024-03-01,Best Case,Omitted
OPP-0003689,2024-03-08,Pipeline,Pipeline
OPP-0003689,2024-03-15,Best Case,Omitted
OPP-0003689,2024-03-22,Pipeline,Pipeline
OPP-0003689,2024-03-29,Pipeline,Pipeline
OPP-0003689,2024-04-05,Omitted,Pipeline
OPP-0003689,2024-04-12,Pipeline,Omitted
OPP-0003689,2024-04-19,Pipeline,Pipeline
OPP-0003690,2024-02-23,Omitted,Omitted
OPP-0003690,2024-03-01,Pipeline,Omitted
OPP-0003691,2024-02-23,Omitted,Omitted
OPP-0003691,2024-03-01,Best Case,Pipeline
OPP-0003691,2024-03-08,Pipeline,Omitted
OPP-0003691,2024-03-15,Best Case,Best Case
OPP-0003694,2024-02-23,Omitted,Omitted
OPP-0003694,2024-03-01,Best Case,Pipeline
OPP-0003695,2024-02-23,Pipeline,Omitted
OPP-0003695,2024-03-01,Omitted,Omitted
OPP-0003695,2024-03-08,Pipeline,Omitted
OPP-0003695,2024-03-15,Pipeline,Omitted
OPP-0003695,2024-03-22,Pipeline,Omitted
OPP-0003695,2024-03-29,Pipeline,Pipeline
OPP-0003695,2024-04-05,Best Case,Best Case
OPP-0003695,2024-04-12,Best Case,Best Case
OPP-0003695,2024-04-19,Pipeline,Pipeline
OPP-0003695,2024-04-26,Pipeline,Pipeline
OPP-0003695,2024-05-03,Pipeline,Pipeline
OPP-0003695,2024-05-10,Pipeline,Pipeline
OPP-0003695,2024-05-17,Pipeline,Pipeline
OPP-0003695,2024-05-24,Best Case,Best Case
OPP-0003695,2024-05-31,Pipeline,Pipeline
OPP-0003695,2024-06-07,Pipeline,Omitted
OPP-0003695,2024-06-14,Omitted,Omitted
OPP-0003695,2024-06-21,Pipeline,Omitted
OPP-0003698,2024-02-23,Commit,Commit
OPP-0003698,2024-03-01,Commit,Commit
OPP-0003698,2024-03-08,Commit,Commit
OPP-0003698,2024-03-15,Commit,Commit
OPP-0003698,2024-03-22,Commit,Commit
OPP-0003698,2024-03-29,Commit,Commit
OPP-0003699,2024-02-23,Pipeline,Pipeline
OPP-0003699,2024-03-01,Pipeline,Pipeline
OPP-0003699,2024-03-08,Pipeline,Omitted
OPP-0003699,2024-03-15,Pipeline,Omitted
OPP-0003699,2024-03-22,Pipeline,Omitted
OPP-0003699,2024-03-29,Pipeline,Pipeline
OPP-0003699,2024-04-05,Best Case,Best Case
OPP-0003699,2024-04-12,Commit,Best Case
OPP-0003699,2024-04-19,Commit,Commit
OPP-0003699,2024-04-26,Best Case,Pipeline
OPP-0003700,2024-02-23,Omitted,Omitted
OPP-0003700,2024-03-01,Best Case,Best Case
OPP-0003700,2024-03-08,Pipeline,Omitted
OPP-0003700,2024-03-15,Pipeline,Omitted
OPP-0003700,2024-03-22,Pipeline,Omitted
OPP-0003700,2024-03-29,Pipeline,Best Case
OPP-0003700,2024-04-05,Pipeline,Pipeline
OPP-0003700,2024-04-12,Pipeline,Pipeline
OPP-0003700,2024-04-19,Pipeline,Pipeline
OPP-0003700,2024-04-26,Pipeline,Pipeline
OPP-0003700,2024-05-03,Pipeline,Pipeline
OPP-0003700,2024-05-10,Pipeline,Pipeline
OPP-0003700,2024-05-17,Best Case,Best Case
OPP-0003700,2024-05-24,Pipeline,Pipeline
OPP-0003700,2024-05-31,Omitted,Pipeline
OPP-0003700,2024-06-07,Pipeline,Omitted
OPP-0003700,2024-06-14,Pipeline,Pipeline
OPP-0003700,2024-06-21,Omitted,Pipeline
OPP-0003700,2024-06-28,Omitted,Omitted
OPP-0003700,2024-07-05,Omitted,Omitted
OPP-0003700,2024-07-12,Omitted,Omitted
OPP-0003700,2024-07-19,Pipeline,Omitted
OPP-0003700,2024-07-26,Pipeline,Pipeline
OPP-0003700,2024-08-02,Pipeline,Pipeline
OPP-0003700,2024-08-09,Pipeline,Pipeline
OPP-0003705,2024-02-23,Pipeline,Omitted
OPP-0003705,2024-03-01,Pipeline,Pipeline
OPP-0003705,2024-03-08,Pipeline,Pipeline
OPP-0003705,2024-03-15,Pipeline,Pipeline
OPP-0003705,2024-03-22,Pipeline,Pipeline
OPP-0003705,2024-03-29,Pipeline,Pipeline
OPP-0003706,2024-02-23,Pipeline,Omitted
OPP-0003706,2024-03-01,Pipeline,Omitted
OPP-0003706,2024-03-08,Best Case,Best Case
OPP-0003706,2024-03-15,Best Case,Best Case
OPP-0003707,2024-02-23,Pipeline,Pipeline
OPP-0003707,2024-03-01,Best Case,Best Case
OPP-0003707,2024-03-08,Commit,Commit
OPP-0003711,2024-02-23,Commit,Commit
OPP-0003711,2024-03-01,Commit,Commit
OPP-0003711,2024-03-08,Commit,Commit
OPP-0003711,2024-03-15,Commit,Commit
OPP-0003711,2024-03-22,Commit,Commit
OPP-0003711,2024-03-29,Commit,Commit
OPP-0003717,2024-03-01,Commit,Commit
OPP-0003717,2024-03-08,Commit,Commit
OPP-0003717,2024-03-15,Commit,Commit
OPP-0003717,2024-03-22,Commit,Commit
OPP-0003717,2024-03-29,Commit,Commit
OPP-0003718,2024-03-01,Best Case,Best Case
OPP-0003718,2024-03-08,Best Case,Best Case
OPP-0003719,2024-03-01,Pipeline,Pipeline
OPP-0003719,2024-03-08,Pipeline,Omitted
OPP-0003719,2024-03-15,Best Case,Best Case
OPP-0003719,2024-03-22,Best Case,Best Case
OPP-0003719,2024-03-29,Pipeline,Pipeline
OPP-0003719,2024-04-05,Best Case,Best Case
OPP-0003719,2024-04-12,Best Case,Best Case
OPP-0003719,2024-04-19,Pipeline,Pipeline
OPP-0003719,2024-04-26,Pipeline,Pipeline
OPP-0003719,2024-05-03,Pipeline,Pipeline
OPP-0003719,2024-05-10,Best Case,Pipeline
OPP-0003719,2024-05-17,Pipeline,Pipeline
OPP-0003719,2024-05-24,Pipeline,Pipeline
OPP-0003719,2024-05-31,Pipeline,Pipeline
OPP-0003719,2024-06-07,Pipeline,Pipeline
OPP-0003720,2024-03-01,Omitted,Omitted
OPP-0003720,2024-03-08,Pipeline,Pipeline
OPP-0003728,2024-03-01,Pipeline,Pipeline
OPP-0003728,2024-03-08,Pipeline,Pipeline
OPP-0003728,2024-03-15,Pipeline,Pipeline
OPP-0003728,2024-03-22,Best Case,Pipeline
OPP-0003728,2024-03-29,Pipeline,Pipeline
OPP-0003728,2024-04-05,Best Case,Best Case
OPP-0003728,2024-04-12,Pipeline,Pipeline
OPP-0003728,2024-04-19,Pipeline,Best Case
OPP-0003728,2024-04-26,Best Case,Best Case
OPP-0003728,2024-05-03,Pipeline,Pipeline
OPP-0003728,2024-05-10,Best Case,Pipeline
OPP-0003728,2024-05-17,Best Case,Pipeline
OPP-0003728,2024-05-24,Best Case,Pipeline
OPP-0003729,2024-03-01,Commit,Commit
OPP-0003729,2024-03-08,Commit,Commit
OPP-0003729,2024-03-15,Commit,Commit
OPP-0003729,2024-03-22,Commit,Commit
OPP-0003729,2024-03-29,Commit,Commit
OPP-0003729,2024-04-05,Commit,Commit
OPP-0003729,2024-04-12,Commit,Commit
OPP-0003729,2024-04-19,Commit,Commit
OPP-0003729,2024-04-26,Commit,Commit
OPP-0003732,2024-03-01,Omitted,Omitted
OPP-0003732,2024-03-08,Pipeline,Omitted
OPP-0003732,2024-03-15,Omitted,Pipeline
OPP-0003732,2024-03-22,Pipeline,Omitted
OPP-0003732,2024-03-29,Pipeline,Pipeline
OPP-0003732,2024-04-05,Pipeline,Pipeline
OPP-0003733,2024-03-01,Pipeline,Omitted
OPP-0003733,2024-03-08,Best Case,Omitted
OPP-0003733,2024-03-15,Pipeline,Pipeline
OPP-0003740,2024-03-01,Pipeline,Pipeline
OPP-0003740,2024-03-08,Pipeline,Pipeline
OPP-0003740,2024-03-15,Best Case,Best Case
OPP-0003741,2024-03-01,Commit,Commit
OPP-0003741,2024-03-08,Commit,Commit
OPP-0003741,2024-03-15,Commit,Commit
OPP-0003741,2024-03-22,Commit,Commit
OPP-0003741,2024-03-29,Commit,Commit
OPP-0003746,2024-03-01,Omitted,Omitted
OPP-0003746,2024-03-08,Omitted,Omitted
OPP-0003746,2024-03-15,Omitted,Omitted
OPP-0003746,2024-03-22,Omitted,Omitted
OPP-0003746,2024-03-29,Omitted,Omitted
OPP-0003746,2024-04-05,Omitted,Pipeline
OPP-0003746,2024-04-12,Omitted,Omitted
OPP-0003746,2024-04-19,Pipeline,Omitted
OPP-0003746,2024-04-26,Omitted,Omitted
OPP-0003746,2024-05-03,Pipeline,Pipeline
OPP-0003746,2024-05-10,Pipeline,Pipeline
OPP-0003746,2024-05-17,Pipeline,Pipeline
OPP-0003746,2024-05-24,Pipeline,Pipeline
OPP-0003746,2024-05-31,Pipeline,Pipeline
OPP-0003746,2024-06-07,Best Case,Best Case
OPP-0003746,2024-06-14,Pipeline,Pipeline
OPP-0003746,2024-06-21,Best Case,Best Case
OPP-0003746,2024-06-28,Pipeline,Pipeline
OPP-0003746,2024-07-05,Omitted,Omitted
OPP-0003746,2024-07-12,Pipeline,Pipeline
OPP-0003746,2024-07-19,Pipeline,Omitted
OPP-0003747,2024-03-01,Commit,Commit
OPP-0003747,2024-03-08,Commit,Commit
OPP-0003747,2024-03-15,Commit,Commit
OPP-0003747,2024-03-22,Commit,Commit
OPP-0003747,2024-03-29,Commit,Commit
OPP-0003747,2024-04-05,Commit,Commit
OPP-0003747,2024-04-12,Commit,Commit
OPP-0003747,2024-04-19,Commit,Commit
OPP-0003747,2024-04-26,Commit,Commit
OPP-0003747,2024-05-03,Commit,Commit
OPP-0003747,2024-05-10,Commit,Commit
OPP-0003747,2024-05-17,Commit,Commit
OPP-0003747,2024-05-24,Commit,Commit
OPP-0003747,2024-05-31,Commit,Commit
OPP-0003747,2024-06-07,Commit,Commit
OPP-0003747,2024-06-14,Commit,Commit
OPP-0003747,2024-06-21,Commit,Commit
OPP-0003747,2024-06-28,Commit,Commit
OPP-0003747,2024-07-05,Commit,Commit
OPP-0003748,2024-03-01,Commit,Commit
OPP-0003748,2024-03-08,Commit,Commit
OPP-0003748,2024-03-15,Commit,Commit
OPP-0003748,2024-03-22,Commit,Commit
OPP-0003748,2024-03-29,Commit,Commit
OPP-0003748,2024-04-05,Commit,Commit
OPP-0003748,2024-04-12,Commit,Commit
OPP-0003748,2024-04-19,Commit,Commit
OPP-0003749,2024-03-01,Best Case,Pipeline
OPP-0003749,2024-03-08,Commit,Best Case
OPP-0003749,2024-03-15,Best Case,Best Case
OPP-0003749,2024-03-22,Best Case,Best Case
OPP-0003749,2024-03-29,Best Case,Best Case
OPP-0003749,2024-04-05,Best Case,Pipeline
OPP-0003749,2024-04-12,Pipeline,Pipeline
OPP-0003749,2024-04-19,Pipeline,Pipeline
OPP-0003749,2024-04-26,Best Case,Pipeline
OPP-0003750,2024-03-01,Pipeline,Pipeline
OPP-0003750,2024-03-08,Best Case,Best Case
OPP-0003750,2024-03-15,Best Case,Best Case
OPP-0003750,2024-03-22,Commit,Commit
OPP-0003750,2024-03-29,Best Case,Best Case
OPP-0003750,2024-04-05,Best Case,Best Case
OPP-0003753,2024-03-01,Pipeline,Pipeline
OPP-0003753,2024-03-08,Pipeline,Pipeline
OPP-0003753,2024-03-15,Pipeline,Omitted
OPP-0003754,2024-03-01,Pipeline,Omitted
OPP-0003754,2024-03-08,Pipeline,Pipeline
OPP-0003754,2024-03-15,Pipeline,Pipeline
OPP-0003755,2024-03-01,Omitted,Omitted
OPP-0003755,2024-03-08,Omitted,Omitted
OPP-0003755,2024-03-15,Pipeline,Pipeline
OPP-0003755,2024-03-22,Pipeline,Pipeline
OPP-0003755,2024-03-29,Best Case,Best Case
OPP-0003756,2024-03-01,Omitted,Omitted
OPP-0003756,2024-03-08,Omitted,Omitted
OPP-0003756,2024-03-15,Pipeline,Omitted
OPP-0003756,2024-03-22,Omitted,Omitted
OPP-0003756,2024-03-29,Pipeline,Pipeline
OPP-0003756,2024-04-05,Pipeline,Pipeline
OPP-0003756,2024-04-12,Best Case,Best Case
OPP-0003757,2024-03-01,Best Case,Omitted
OPP-0003757,2024-03-08,Best Case,Best Case
OPP-0003757,2024-03-15,Best Case,Best Case
OPP-0003757,2024-03-22,Best Case,Best Case
OPP-0003758,2024-03-01,Omitted,Omitted
OPP-0003758,2024-03-08,Omitted,Omitted
OPP-0003758,2024-03-15,Best Case,Best Case
OPP-0003759,2024-03-01,Pipeline,Omitted
OPP-0003759,2024-03-08,Best Case,Omitted
OPP-0003759,2024-03-15,Pipeline,Pipeline
OPP-0003759,2024-03-22,Best Case,Best Case
OPP-0003764,2024-03-08,Commit,Commit
OPP-0003764,2024-03-15,Commit,Commit
OPP-0003764,2024-03-22,Commit,Commit
OPP-0003764,2024-03-29,Commit,Commit
OPP-0003764,2024-04-05,Commit,Commit
OPP-0003765,2024-03-08,Pipeline,Pipeline
OPP-0003765,2024-03-15,Best Case,Best Case
OPP-0003765,2024-03-22,Pipeline,Best Case
OPP-0003765,2024-03-29,Best Case,Best Case
OPP-0003765,2024-04-05,Best Case,Best Case
OPP-0003765,2024-04-12,Best Case,Best Case
OPP-0003766,2024-03-08,Omitted,Omitted
OPP-0003766,2024-03-15,Pipeline,Omitted
OPP-0003766,2024-03-22,Pipeline,Omitted
OPP-0003766,2024-03-29,Pipeline,Pipeline
OPP-0003766,2024-04-05,Pipeline,Omitted
OPP-0003767,2024-03-08,Pipeline,Pipeline
OPP-0003767,2024-03-15,Best Case,Pipeline
OPP-0003767,2024-03-22,Best Case,Best Case
OPP-0003767,2024-03-29,Best Case,Best Case
OPP-0003767,2024-04-05,Best Case,Best Case
OPP-0003768,2024-03-08,Commit,Commit
OPP-0003768,2024-03-15,Commit,Commit
OPP-0003768,2024-03-22,Commit,Commit
OPP-0003768,2024-03-29,Commit,Commit
OPP-0003768,2024-04-05,Commit,Commit
OPP-0003768,2024-04-12,Commit,Commit
OPP-0003768,2024-04-19,Commit,Commit
OPP-0003768,2024-04-26,Commit,Best Case
OPP-0003768,2024-05-03,Commit,Commit
OPP-0003768,2024-05-10,Commit,Commit
OPP-0003768,2024-05-17,Commit,Commit
OPP-0003768,2024-05-24,Commit,Commit
OPP-0003768,2024-05-31,Commit,Commit
OPP-0003768,2024-06-07,Commit,Commit
OPP-0003769,2024-03-08,Commit,Commit
OPP-0003769,2024-03-15,Commit,Commit
OPP-0003769,2024-03-22,Commit,Commit
OPP-0003769,2024-03-29,Commit,Commit
OPP-0003769,2024-04-05,Commit,Best Case
OPP-0003769,2024-04-12,Commit,Best Case
OPP-0003769,2024-04-19,Commit,Best Case
OPP-0003769,2024-04-26,Commit,Best Case
OPP-0003785,2024-03-08,Commit,Commit
OPP-0003785,2024-03-15,Commit,Commit
OPP-0003785,2024-03-22,Commit,Commit
OPP-0003785,2024-03-29,Commit,Commit
OPP-0003789,2024-03-08,Commit,Commit
OPP-0003789,2024-03-15,Commit,Commit
OPP-0003789,2024-03-22,Commit,Commit
OPP-0003789,2024-03-29,Commit,Commit
OPP-0003790,2024-03-08,Commit,Commit
OPP-0003790,2024-03-15,Commit,Commit
OPP-0003790,2024-03-22,Commit,Commit
OPP-0003790,2024-03-29,Commit,Commit
OPP-0003791,2024-03-08,Pipeline,Omitted
OPP-0003791,2024-03-15,Best Case,Best Case
OPP-0003791,2024-03-22,Pipeline,Pipeline
OPP-0003792,2024-03-08,Omitted,Omitted
OPP-0003792,2024-03-15,Omitted,Omitted
OPP-0003792,2024-03-22,Omitted,Omitted
OPP-0003792,2024-03-29,Pipeline,Omitted
OPP-0003792,2024-04-05,Pipeline,Omitted
OPP-0003792,2024-04-12,Pipeline,Omitted
OPP-0003792,2024-04-19,Pipeline,Omitted
OPP-0003793,2024-03-08,Pipeline,Pipeline
OPP-0003793,2024-03-15,Pipeline,Pipeline
OPP-0003793,2024-03-22,Pipeline,Pipeline
OPP-0003793,2024-03-29,Pipeline,Best Case
OPP-0003793,2024-04-05,Best Case,Pipeline
OPP-0003793,2024-04-12,Best Case,Pipeline
OPP-0003793,2024-04-19,Best Case,Pipeline
OPP-0003793,2024-04-26,Best Case,Best Case
OPP-0003793,2024-05-03,Pipeline,Pipeline
OPP-0003793,2024-05-10,Pipeline,Best Case
OPP-0003793,2024-05-17,Commit,Best Case
OPP-0003799,2024-03-08,Omitted,Pipeline
OPP-0003799,2024-03-15,Pipeline,Omitted
OPP-0003800,2024-03-08,Commit,Commit
OPP-0003800,2024-03-15,Commit,Commit
OPP-0003800,2024-03-22,Commit,Commit
OPP-0003800,2024-03-29,Commit,Commit
OPP-0003800,2024-04-05,Commit,Commit
OPP-0003800,2024-04-12,Commit,Commit
OPP-0003800,2024-04-19,Commit,Commit
OPP-0003808,2024-03-15,Commit,Commit
OPP-0003808,2024-03-22,Commit,Commit
OPP-0003808,2024-03-29,Commit,Commit
OPP-0003809,2024-03-15,Commit,Commit
OPP-0003809,2024-03-22,Commit,Commit
OPP-0003809,2024-03-29,Commit,Commit
OPP-0003809,2024-04-05,Commit,Commit
OPP-0003809,2024-04-12,Commit,Commit
OPP-0003809,2024-04-19,Commit,Commit
OPP-0003809,2024-04-26,Commit,Commit
OPP-0003810,2024-03-15,Commit,Commit
OPP-0003810,2024-03-22,Commit,Commit
OPP-0003810,2024-03-29,Commit,Commit
OPP-0003810,2024-04-05,Commit,Commit
OPP-0003810,2024-04-12,Commit,Commit
OPP-0003810,2024-04-19,Commit,Commit
OPP-0003810,2024-04-26,Commit,Commit
OPP-0003811,2024-03-15,Omitted,Omitted
OPP-0003811,2024-03-22,Pipeline,Omitted
OPP-0003811,2024-03-29,Pipeline,Pipeline
OPP-0003811,2024-04-05,Pipeline,Pipeline
OPP-0003811,2024-04-12,Pipeline,Pipeline
OPP-0003811,2024-04-19,Pipeline,Pipeline
OPP-0003811,2024-04-26,Pipeline,Pipeline
OPP-0003811,2024-05-03,Best Case,Best Case
OPP-0003811,2024-05-10,Commit,Commit
OPP-0003814,2024-03-15,Pipeline,Pipeline
OPP-0003814,2024-03-22,Best Case,Pipeline
OPP-0003815,2024-03-15,Omitted,Pipeline
OPP-0003815,2024-03-22,Pipeline,Pipeline
OPP-0003815,2024-03-29,Pipeline,Omitted
OPP-0003815,2024-04-05,Best Case,Best Case
OPP-0003815,2024-04-12,Best Case,Best Case
OPP-0003816,2024-03-15,Omitted,Omitted
OPP-0003816,2024-03-22,Pipeline,Omitted
OPP-0003816,2024-03-29,Omitted,Pipeline
OPP-0003816,2024-04-05,Omitted,Pipeline
OPP-0003816,2024-04-12,Omitted,Pipeline
OPP-0003816,2024-04-19,Pipeline,Pipeline
OPP-0003816,2024-04-26,Omitted,Pipeline
OPP-0003816,2024-05-03,Pipeline,Pipeline
OPP-0003816,2024-05-10,Pipeline,Pipeline
OPP-0003816,2024-05-17,Pipeline,Pipeline
OPP-0003816,2024-05-24,Pipeline,Pipeline
OPP-0003816,2024-05-31,Pipeline,Pipeline
OPP-0003816,2024-06-07,Pipeline,Pipeline
OPP-0003816,2024-06-14,Pipeline,Pipeline
OPP-0003816,2024-06-21,Pipeline,Pipeline
OPP-0003816,2024-06-28,Pipeline,Pipeline
OPP-0003816,2024-07-05,Pipeline,Omitted
OPP-0003816,2024-07-12,Best Case,Best Case
OPP-0003816,2024-07-19,Pipeline,Pipeline
OPP-0003816,2024-07-26,Omitted,Omitted
OPP-0003816,2024-08-02,Omitted,Pipeline
OPP-0003816,2024-08-09,Pipeline,Pipeline
OPP-0003816,2024-08-16,Pipeline,Pipeline
OPP-0003816,2024-08-23,Pipeline,Pipeline
OPP-0003821,2024-03-15,Pipeline,Omitted
OPP-0003821,2024-03-22,Best Case,Best Case
OPP-0003822,2024-03-15,Omitted,Omitted
OPP-0003822,2024-03-22,Omitted,Omitted
OPP-0003822,2024-03-29,Omitted,Omitted
OPP-0003822,2024-04-05,Omitted,Pipeline
OPP-0003822,2024-04-12,Pipeline,Omitted
OPP-0003822,2024-04-19,Best Case,Omitted
OPP-0003822,2024-04-26,Pipeline,Pipeline
OPP-0003822,2024-05-03,Best Case,Pipeline
OPP-0003822,2024-05-10,Omitted,Omitted
OPP-0003822,2024-05-17,Omitted,Pipeline
OPP-0003835,2024-03-15,Commit,Commit
OPP-0003835,2024-03-22,Commit,Commit
OPP-0003835,2024-03-29,Commit,Commit
OPP-0003836,2024-03-15,Commit,Commit
OPP-0003836,2024-03-22,Commit,Commit
OPP-0003836,2024-03-29,Commit,Commit
OPP-0003836,2024-04-05,Commit,Commit
OPP-0003836,2024-04-12,Commit,Commit
OPP-0003845,2024-03-15,Pipeline,Pipeline
OPP-0003845,2024-03-22,Best Case,Best Case
OPP-0003845,2024-03-29,Best Case,Pipeline
OPP-0003850,2024-03-15,Commit,Commit
OPP-0003850,2024-03-22,Commit,Commit
OPP-0003850,2024-03-29,Commit,Commit
OPP-0003851,2024-03-15,Omitted,Omitted
OPP-0003851,2024-03-22,Pipeline,Omitted
OPP-0003851,2024-03-29,Pipeline,Pipeline
OPP-0003851,2024-04-05,Pipeline,Pipeline
OPP-0003851,2024-04-12,Pipeline,Pipeline
OPP-0003851,2024-04-19,Best Case,Best Case
OPP-0003851,2024-04-26,Best Case,Best Case
OPP-0003851,2024-05-03,Best Case,Best Case
OPP-0003851,2024-05-10,Commit,Commit
OPP-0003851,2024-05-17,Commit,Commit
OPP-0003851,2024-05-24,Commit,Commit
OPP-0003858,2024-03-22,Commit,Commit
OPP-0003858,2024-03-29,Commit,Commit
OPP-0003859,2024-03-22,Omitted,Omitted
OPP-0003859,2024-03-29,Omitted,Omitted
OPP-0003859,2024-04-05,Omitted,Omitted
OPP-0003859,2024-04-12,Omitted,Omitted
OPP-0003859,2024-04-19,Omitted,Omitted
OPP-0003859,2024-04-26,Omitted,Omitted
OPP-0003859,2024-05-03,Pipeline,Pipeline
OPP-0003859,2024-05-10,Pipeline,Pipeline
OPP-0003859,2024-05-17,Pipeline,Pipeline
OPP-0003859,2024-05-24,Pipeline,Pipeline
OPP-0003859,2024-05-31,Omitted,Omitted
OPP-0003859,2024-06-07,Pipeline,Omitted
OPP-0003859,2024-06-14,Omitted,Omitted
OPP-0003859,2024-06-21,Pipeline,Pipeline
OPP-0003860,2024-03-22,Best Case,Pipeline
OPP-0003860,2024-03-29,Best Case,Best Case
OPP-0003860,2024-04-05,Pipeline,Pipeline
OPP-0003860,2024-04-12,Pipeline,Pipeline
OPP-0003860,2024-04-19,Best Case,Pipeline
OPP-0003860,2024-04-26,Commit,Best Case
OPP-0003860,2024-05-03,Commit,Best Case
OPP-0003867,2024-03-22,Commit,Commit
OPP-0003867,2024-03-29,Commit,Commit
OPP-0003868,2024-03-22,Pipeline,Omitted
OPP-0003868,2024-03-29,Pipeline,Pipeline
OPP-0003868,2024-04-05,Pipeline,Omitted
OPP-0003868,2024-04-12,Pipeline,Pipeline
OPP-0003869,2024-03-22,Commit,Commit
OPP-0003869,2024-03-29,Commit,Commit
OPP-0003869,2024-04-05,Commit,Commit
OPP-0003869,2024-04-12,Commit,Commit
OPP-0003869,2024-04-19,Best Case,Commit
OPP-0003869,2024-04-26,Commit,Commit
OPP-0003869,2024-05-03,Best Case,Commit
OPP-0003869,2024-05-10,Commit,Best Case
OPP-0003869,2024-05-17,Best Case,Pipeline
OPP-0003869,2024-05-24,Commit,Commit
OPP-0003869,2024-05-31,Commit,Commit
OPP-0003869,2024-06-07,Commit,Commit
OPP-0003870,2024-03-22,Omitted,Omitted
OPP-0003870,2024-03-29,Omitted,Omitted
OPP-0003870,2024-04-05,Pipeline,Pipeline
OPP-0003882,2024-03-22,Commit,Best Case
OPP-0003882,2024-03-29,Commit,Best Case
OPP-0003883,2024-03-22,Best Case,Omitted
OPP-0003883,2024-03-29,Best Case,Pipeline
OPP-0003883,2024-04-05,Best Case,Pipeline
OPP-0003884,2024-03-22,Omitted,Omitted
OPP-0003884,2024-03-29,Pipeline,Pipeline
OPP-0003884,2024-04-05,Pipeline,Pipeline
OPP-0003884,2024-04-12,Pipeline,Pipeline
OPP-0003884,2024-04-19,Best Case,Pipeline
OPP-0003884,2024-04-26,Pipeline,Pipeline
OPP-0003884,2024-05-03,Best Case,Best Case
OPP-0003884,2024-05-10,Pipeline,Pipeline
OPP-0003884,2024-05-17,Pipeline,Pipeline
OPP-0003884,2024-05-24,Pipeline,Pipeline
OPP-0003884,2024-05-31,Pipeline,Pipeline
OPP-0003884,2024-06-07,Pipeline,Pipeline
OPP-0003884,2024-06-14,Pipeline,Pipeline
OPP-0003884,2024-06-21,Pipeline,Pipeline
OPP-0003884,2024-06-28,Best Case,Best Case
OPP-0003884,2024-07-05,Pipeline,Pipeline
OPP-0003884,2024-07-12,Pipeline,Pipeline
OPP-0003884,2024-07-19,Omitted,Pipeline
OPP-0003884,2024-07-26,Omitted,Omitted
OPP-0003884,2024-08-02,Pipeline,Omitted
OPP-0003884,2024-08-09,Omitted,Pipeline
OPP-0003884,2024-08-16,Pipeline,Pipeline
OPP-0003884,2024-08-23,Pipeline,Omitted
OPP-0003884,2024-08-30,Pipeline,Pipeline
OPP-0003884,2024-09-06,Best Case,Pipeline
OPP-0003891,2024-03-22,Best Case,Commit
OPP-0003891,2024-03-29,Best Case,Commit
OPP-0003891,2024-04-05,Commit,Commit
OPP-0003891,2024-04-12,Commit,Commit
OPP-0003891,2024-04-19,Commit,Commit
OPP-0003891,2024-04-26,Commit,Commit
OPP-0003896,2024-03-22,Omitted,Pipeline
OPP-0003896,2024-03-29,Pipeline,Pipeline
OPP-0003896,2024-04-05,Best Case,Best Case
OPP-0003896,2024-04-12,Best Case,Best Case
OPP-0003897,2024-03-22,Omitted,Omitted
OPP-0003897,2024-03-29,Omitted,Omitted
OPP-0003897,2024-04-05,Pipeline,Omitted
OPP-0003897,2024-04-12,Omitted,Omitted
OPP-0003897,2024-04-19,Pipeline,Omitted
OPP-0003897,2024-04-26,Pipeline,Omitted
OPP-0003897,2024-05-03,Pipeline,Omitted
OPP-0003897,2024-05-10,Pipeline,Omitted
OPP-0003897,2024-05-17,Pipeline,Omitted
OPP-0003897,2024-05-24,Omitted,Omitted
OPP-0003897,2024-05-31,Pipeline,Omitted
OPP-0003897,2024-06-07,Omitted,Omitted
OPP-0003897,2024-06-14,Best Case,Omitted
OPP-0003898,2024-03-22,Commit,Commit
OPP-0003898,2024-03-29,Commit,Commit
OPP-0003898,2024-04-05,Commit,Commit
OPP-0003898,2024-04-12,Commit,Commit
OPP-0003898,2024-04-19,Commit,Commit
OPP-0003898,2024-04-26,Commit,Commit
OPP-0003898,2024-05-03,Commit,Commit
OPP-0003898,2024-05-10,Commit,Commit
OPP-0003898,2024-05-17,Commit,Commit
OPP-0003898,2024-05-24,Commit,Commit
OPP-0003898,2024-05-31,Commit,Commit
OPP-0003899,2024-03-22,Omitted,Pipeline
OPP-0003899,2024-03-29,Pipeline,Omitted
OPP-0003899,2024-04-05,Pipeline,Pipeline
OPP-0003899,2024-04-12,Pipeline,Pipeline
OPP-0003899,2024-04-19,Pipeline,Pipeline
OPP-0003899,2024-04-26,Pipeline,Pipeline
OPP-0003899,2024-05-03,Pipeline,Pipeline
OPP-0003899,2024-05-10,Pipeline,Best Case
OPP-0003899,2024-05-17,Pipeline,Pipeline
OPP-0003899,2024-05-24,Pipeline,Pipeline
OPP-0003899,2024-05-31,Best Case,Best Case
OPP-0003899,2024-06-07,Commit,Commit
OPP-0003900,2024-03-22,Omitted,Omitted
OPP-0003900,2024-03-29,Pipeline,Omitted
OPP-0003900,2024-04-05,Omitted,Omitted
OPP-0003900,2024-04-12,Pipeline,Pipeline
OPP-0003900,2024-04-19,Best Case,Best Case
OPP-0003900,2024-04-26,Best Case,Best Case
OPP-0003906,2024-03-22,Commit,Commit
OPP-0003906,2024-03-29,Commit,Commit
OPP-0003906,2024-04-05,Commit,Commit
OPP-0003906,2024-04-12,Commit,Commit
OPP-0003906,2024-04-19,Commit,Commit
OPP-0003906,2024-04-26,Commit,Commit
OPP-0003907,2024-03-22,Commit,Commit
OPP-0003907,2024-03-29,Commit,Commit
OPP-0003907,2024-04-05,Commit,Commit
OPP-0003907,2024-04-12,Commit,Commit
OPP-0003907,2024-04-19,Commit,Commit
OPP-0003907,2024-04-26,Commit,Commit
OPP-0003908,2024-03-22,Commit,Commit
OPP-0003908,2024-03-29,Commit,Commit
OPP-0003908,2024-04-05,Commit,Commit
OPP-0003908,2024-04-12,Commit,Commit
OPP-0003908,2024-04-19,Commit,Commit
OPP-0003908,2024-04-26,Commit,Commit
OPP-0003909,2024-03-22,Omitted,Omitted
OPP-0003909,2024-03-29,Omitted,Omitted
OPP-0003909,2024-04-05,Omitted,Omitted
OPP-0003909,2024-04-12,Omitted,Omitted
OPP-0003909,2024-04-19,Omitted,Omitted
OPP-0003909,2024-04-26,Omitted,Omitted
OPP-0003909,2024-05-03,Omitted,Pipeline
OPP-0003909,2024-05-10,Omitted,Pipeline
OPP-0003909,2024-05-17,Omitted,Pipeline
OPP-0003909,2024-05-24,Omitted,Pipeline
OPP-0003909,2024-05-31,Pipeline,Pipeline
OPP-0003909,2024-06-07,Pipeline,Pipeline
OPP-0003909,2024-06-14,Omitted,Omitted
OPP-0003909,2024-06-21,Pipeline,Pipeline
OPP-0003909,2024-06-28,Best Case,Best Case
OPP-0003909,2024-07-05,Best Case,Best Case
OPP-0003909,2024-07-12,Best Case,Best Case
OPP-0003909,2024-07-19,Best Case,Best Case
OPP-0003909,2024-07-26,Best Case,Best Case
OPP-0003909,2024-08-02,Pipeline,Best Case
OPP-0003909,2024-08-09,Best Case,Best Case
OPP-0003909,2024-08-16,Best Case,Best Case
OPP-0003910,2024-03-22,Best Case,Best Case
OPP-0003910,2024-03-29,Pipeline,Pipeline
OPP-0003910,2024-04-05,Best Case,Best Case
OPP-0003918,2024-03-22,Omitted,Omitted
OPP-0003918,2024-03-29,Pipeline,Omitted
OPP-0003918,2024-04-05,Pipeline,Omitted
OPP-0003918,2024-04-12,Best Case,Best Case
OPP-0003924,2024-03-29,Pipeline,Pipeline
OPP-0003924,2024-04-05,Pipeline,Omitted
OPP-0003924,2024-04-12,Pipeline,Pipeline
OPP-0003924,2024-04-19,Best Case,Best Case
OPP-0003924,2024-04-26,Pipeline,Pipeline
OPP-0003924,2024-05-03,Best Case,Omitted
OPP-0003924,2024-05-10,Pipeline,Omitted
OPP-0003924,2024-05-17,Pipeline,Omitted
OPP-0003924,2024-05-24,Pipeline,Omitted
OPP-0003924,2024-05-31,Pipeline,Omitted
OPP-0003924,2024-06-07,Pipeline,Omitted
OPP-0003924,2024-06-14,Pipeline,Omitted
OPP-0003924,2024-06-21,Best Case,Pipeline
OPP-0003924,2024-06-28,Best Case,Best Case
OPP-0003924,2024-07-05,Best Case,Pipeline
OPP-0003924,2024-07-12,Best Case,Best Case
OPP-0003924,2024-07-19,Commit,Pipeline
OPP-0003924,2024-07-26,Best Case,Best Case
OPP-0003924,2024-08-02,Best Case,Best Case
OPP-0003924,2024-08-09,Commit,Commit
OPP-0003924,2024-08-16,Pipeline,Omitted
OPP-0003924,2024-08-23,Pipeline,Pipeline
OPP-0003924,2024-08-30,Best Case,Pipeline
OPP-0003924,2024-09-06,Pipeline,Pipeline
OPP-0003924,2024-09-13,Commit,Pipeline
OPP-0003936,2024-03-29,Pipeline,Omitted
OPP-0003936,2024-04-05,Best Case,Pipeline
OPP-0003939,2024-03-29,Commit,Commit
OPP-0003939,2024-04-05,Commit,Commit
OPP-0003939,2024-04-12,Commit,Commit
OPP-0003939,2024-04-19,Commit,Commit
OPP-0003939,2024-04-26,Commit,Commit
OPP-0003940,2024-03-29,Commit,Commit
OPP-0003940,2024-04-05,Commit,Commit
OPP-0003940,2024-04-12,Commit,Commit
OPP-0003940,2024-04-19,Commit,Commit
OPP-0003940,2024-04-26,Commit,Commit
OPP-0003941,2024-03-29,Commit,Commit
OPP-0003941,2024-04-05,Commit,Commit
OPP-0003941,2024-04-12,Commit,Commit
OPP-0003941,2024-04-19,Commit,Commit
OPP-0003941,2024-04-26,Commit,Commit
OPP-0003942,2024-03-29,Pipeline,Omitted
OPP-0003942,2024-04-05,Pipeline,Pipeline
OPP-0003942,2024-04-12,Best Case,Pipeline
OPP-0003943,2024-03-29,Omitted,Omitted
OPP-0003943,2024-04-05,Omitted,Omitted
OPP-0003943,2024-04-12,Omitted,Omitted
OPP-0003943,2024-04-19,Omitted,Omitted
OPP-0003943,2024-04-26,Omitted,Omitted
OPP-0003943,2024-05-03,Pipeline,Pipeline
OPP-0003943,2024-05-10,Omitted,Pipeline
OPP-0003943,2024-05-17,Pipeline,Pipeline
OPP-0003943,2024-05-24,Omitted,Pipeline
OPP-0003943,2024-05-31,Pipeline,Pipeline
OPP-0003943,2024-06-07,Omitted,Pipeline
OPP-0003943,2024-06-14,Pipeline,Pipeline
OPP-0003943,2024-06-21,Omitted,Pipeline
OPP-0003943,2024-06-28,Pipeline,Omitted
OPP-0003943,2024-07-05,Pipeline,Pipeline
OPP-0003943,2024-07-12,Omitted,Omitted
OPP-0003943,2024-07-19,Pipeline,Pipeline
OPP-0003943,2024-07-26,Best Case,Best Case
OPP-0003943,2024-08-02,Best Case,Commit
OPP-0003943,2024-08-09,Commit,Commit
OPP-0003943,2024-08-16,Best Case,Best Case
OPP-0003943,2024-08-23,Best Case,Commit
OPP-0003943,2024-08-30,Best Case,Best Case
OPP-0003943,2024-09-06,Best Case,Best Case
OPP-0003944,2024-03-29,Best Case,Pipeline
OPP-0003944,2024-04-05,Pipeline,Best Case
OPP-0003944,2024-04-12,Best Case,Best Case
OPP-0003944,2024-04-19,Commit,Commit
OPP-0003944,2024-04-26,Commit,Best Case
OPP-0003945,2024-03-29,Omitted,Omitted
OPP-0003945,2024-04-05,Pipeline,Omitted
OPP-0003945,2024-04-12,Pipeline,Pipeline
OPP-0003945,2024-04-19,Pipeline,Omitted
OPP-0003950,2024-03-29,Pipeline,Omitted
OPP-0003950,2024-04-05,Best Case,Best Case
OPP-0003951,2024-03-29,Omitted,Omitted
OPP-0003951,2024-04-05,Omitted,Omitted
OPP-0003951,2024-04-12,Pipeline,Omitted
OPP-0003951,2024-04-19,Omitted,Omitted
OPP-0003951,2024-04-26,Pipeline,Pipeline
OPP-0003951,2024-05-03,Pipeline,Pipeline
OPP-0003951,2024-05-10,Pipeline,Pipeline
OPP-0003951,2024-05-17,Pipeline,Pipeline
OPP-0003951,2024-05-24,Pipeline,Pipeline
OPP-0003951,2024-05-31,Pipeline,Pipeline
OPP-0003951,2024-06-07,Pipeline,Omitted
OPP-0003951,2024-06-14,Pipeline,Pipeline
OPP-0003951,2024-06-21,Pipeline,Omitted
OPP-0003951,2024-06-28,Pipeline,Pipeline
OPP-0003951,2024-07-05,Pipeline,Pipeline
OPP-0003951,2024-07-12,Pipeline,Pipeline
OPP-0003951,2024-07-19,Pipeline,Pipeline
OPP-0003951,2024-07-26,Pipeline,Pipeline
OPP-0003951,2024-08-02,Pipeline,Pipeline
OPP-0003951,2024-08-09,Pipeline,Omitted
OPP-0003951,2024-08-16,Pipeline,Omitted
OPP-0003952,2024-03-29,Commit,Best Case
OPP-0003952,2024-04-05,Commit,Commit
OPP-0003952,2024-04-12,Commit,Commit
OPP-0003952,2024-04-19,Commit,Commit
OPP-0003952,2024-04-26,Commit,Commit
OPP-0003952,2024-05-03,Commit,Commit
OPP-0003952,2024-05-10,Best Case,Best Case
OPP-0003952,2024-05-17,Best Case,Pipeline
OPP-0003952,2024-05-24,Commit,Commit
OPP-0003953,2024-03-29,Commit,Commit
OPP-0003953,2024-04-05,Commit,Commit
OPP-0003953,2024-04-12,Commit,Commit
OPP-0003953,2024-04-19,Commit,Commit
OPP-0003953,2024-04-26,Commit,Commit
OPP-0003953,2024-05-03,Commit,Commit
OPP-0003953,2024-05-10,Commit,Commit
OPP-0003953,2024-05-17,Commit,Commit
OPP-0003953,2024-05-24,Commit,Commit
OPP-0003953,2024-05-31,Commit,Commit
OPP-0003958,2024-03-29,Commit,Commit
OPP-0003958,2024-04-05,Commit,Commit
OPP-0003958,2024-04-12,Commit,Commit
OPP-0003958,2024-04-19,Commit,Commit
OPP-0003958,2024-04-26,Commit,Commit
OPP-0003959,2024-03-29,Omitted,Omitted
OPP-0003959,2024-04-05,Omitted,Omitted
OPP-0003959,2024-04-12,Omitted,Omitted
OPP-0003959,2024-04-19,Omitted,Omitted
OPP-0003959,2024-04-26,Pipeline,Omitted
OPP-0003959,2024-05-03,Pipeline,Pipeline
OPP-0003959,2024-05-10,Pipeline,Omitted
OPP-0003959,2024-05-17,Pipeline,Pipeline
OPP-0003959,2024-05-24,Omitted,Pipeline
OPP-0003959,2024-05-31,Omitted,Pipeline
OPP-0003959,2024-06-07,Pipeline,Pipeline
OPP-0003959,2024-06-14,Omitted,Omitted
OPP-0003959,2024-06-21,Pipeline,Pipeline
OPP-0003959,2024-06-28,Pipeline,Pipeline
OPP-0003959,2024-07-05,Pipeline,Pipeline
OPP-0003959,2024-07-12,Pipeline,Pipeline
OPP-0003959,2024-07-19,Pipeline,Pipeline
OPP-0003959,2024-07-26,Pipeline,Pipeline
OPP-0003959,2024-08-02,Pipeline,Omitted
OPP-0003959,2024-08-09,Pipeline,Pipeline
OPP-0003959,2024-08-16,Omitted,Pipeline
OPP-0003959,2024-08-23,Omitted,Pipeline
OPP-0003960,2024-03-29,Commit,Commit
OPP-0003960,2024-04-05,Commit,Commit
OPP-0003960,2024-04-12,Commit,Commit
OPP-0003960,2024-04-19,Commit,Commit
OPP-0003960,2024-04-26,Commit,Commit
OPP-0003966,2024-03-29,Commit,Commit
OPP-0003966,2024-04-05,Commit,Commit
OPP-0003966,2024-04-12,Commit,Commit
OPP-0003966,2024-04-19,Commit,Commit
OPP-0003966,2024-04-26,Commit,Commit
OPP-0003967,2024-03-29,Commit,Commit
OPP-0003967,2024-04-05,Commit,Commit
OPP-0003967,2024-04-12,Commit,Commit
OPP-0003967,2024-04-19,Commit,Commit
OPP-0003967,2024-04-26,Commit,Commit
OPP-0003968,2024-03-29,Omitted,Omitted
OPP-0003968,2024-04-05,Omitted,Omitted
OPP-0003968,2024-04-12,Omitted,Omitted
OPP-0003968,2024-04-19,Pipeline,Omitted
OPP-0003968,2024-04-26,Pipeline,Pipeline
OPP-0003968,2024-05-03,Pipeline,Omitted
OPP-0003968,2024-05-10,Pipeline,Pipeline
OPP-0003968,2024-05-17,Omitted,Omitted
OPP-0003968,2024-05-24,Omitted,Omitted
OPP-0003968,2024-05-31,Omitted,Pipeline
OPP-0003968,2024-06-07,Pipeline,Omitted
OPP-0003968,2024-06-14,Omitted,Omitted
OPP-0003968,2024-06-21,Omitted,Omitted
OPP-0003968,2024-06-28,Omitted,Omitted
OPP-0003968,2024-07-05,Omitted,Omitted
OPP-0003968,2024-07-12,Pipeline,Omitted
OPP-0003968,2024-07-19,Omitted,Omitted
OPP-0003969,2024-03-29,Commit,Commit
OPP-0003969,2024-04-05,Commit,Commit
OPP-0003969,2024-04-12,Commit,Commit
OPP-0003969,2024-04-19,Commit,Commit
OPP-0003969,2024-04-26,Commit,Commit
OPP-0003970,2024-03-29,Pipeline,Omitted
OPP-0003970,2024-04-05,Omitted,Omitted
OPP-0003970,2024-04-12,Pipeline,Omitted
OPP-0003970,2024-04-19,Pipeline,Pipeline
OPP-0003970,2024-04-26,Pipeline,Pipeline
OPP-0003970,2024-05-03,Pipeline,Pipeline
OPP-0003970,2024-05-10,Pipeline,Pipeline
OPP-0003970,2024-05-17,Pipeline,Pipeline
OPP-0003970,2024-05-24,Pipeline,Pipeline
OPP-0003970,2024-05-31,Pipeline,Pipeline
OPP-0003970,2024-06-07,Pipeline,Pipeline
OPP-0003970,2024-06-14,Best Case,Best Case
OPP-0003970,2024-06-21,Pipeline,Pipeline
OPP-0003970,2024-06-28,Best Case,Best Case
OPP-0003970,2024-07-05,Pipeline,Best Case
OPP-0003970,2024-07-12,Pipeline,Omitted
OPP-0003970,2024-07-19,Pipeline,Omitted
OPP-0003971,2024-03-29,Pipeline,Omitted
OPP-0003971,2024-04-05,Pipeline,Omitted
OPP-0003971,2024-04-12,Pipeline,Pipeline
OPP-0003971,2024-04-19,Best Case,Best Case
OPP-0003972,2024-04-05,Commit,Commit
OPP-0003972,2024-04-12,Commit,Commit
OPP-0003972,2024-04-19,Commit,Commit
OPP-0003972,2024-04-26,Commit,Commit
OPP-0003973,2024-04-05,Commit,Commit
OPP-0003973,2024-04-12,Commit,Commit
OPP-0003973,2024-04-19,Commit,Commit
OPP-0003973,2024-04-26,Commit,Commit
OPP-0003974,2024-04-05,Omitted,Pipeline
OPP-0003974,2024-04-12,Best Case,Best Case
OPP-0003974,2024-04-19,Best Case,Best Case
OPP-0003974,2024-04-26,Best Case,Best Case
OPP-0003975,2024-04-05,Commit,Commit
OPP-0003975,2024-04-12,Commit,Commit
OPP-0003975,2024-04-19,Commit,Commit
OPP-0003975,2024-04-26,Commit,Commit
OPP-0003976,2024-04-05,Commit,Commit
OPP-0003976,2024-04-12,Commit,Commit
OPP-0003976,2024-04-19,Commit,Commit
OPP-0003976,2024-04-26,Commit,Commit
OPP-0003977,2024-04-05,Pipeline,Omitted
OPP-0003977,2024-04-12,Pipeline,Pipeline
OPP-0003977,2024-04-19,Best Case,Best Case
OPP-0003977,2024-04-26,Best Case,Best Case
OPP-0003977,2024-05-03,Best Case,Best Case
OPP-0003977,2024-05-10,Commit,Pipeline
OPP-0003977,2024-05-17,Best Case,Omitted
OPP-0003977,2024-05-24,Pipeline,Pipeline
OPP-0003977,2024-05-31,Best Case,Pipeline
OPP-0003978,2024-04-05,Best Case,Pipeline
OPP-0003978,2024-04-12,Commit,Commit
OPP-0003978,2024-04-19,Commit,Best Case
OPP-0003978,2024-04-26,Commit,Best Case
OPP-0003978,2024-05-03,Commit,Best Case
OPP-0003978,2024-05-10,Commit,Commit
OPP-0003978,2024-05-17,Commit,Best Case
OPP-0003978,2024-05-24,Commit,Best Case
OPP-0003978,2024-05-31,Commit,Best Case
OPP-0003988,2024-04-05,Pipeline,Omitted
OPP-0003988,2024-04-12,Omitted,Omitted
OPP-0003988,2024-04-19,Omitted,Omitted
OPP-0003988,2024-04-26,Pipeline,Pipeline
OPP-0003988,2024-05-03,Pipeline,Pipeline
OPP-0003988,2024-05-10,Pipeline,Pipeline
OPP-0003994,2024-04-05,Commit,Commit
OPP-0003994,2024-04-12,Commit,Commit
OPP-0003994,2024-04-19,Commit,Commit
OPP-0003994,2024-04-26,Commit,Commit
OPP-0003994,2024-05-03,Commit,Commit
OPP-0003994,2024-05-10,Commit,Commit
OPP-0003994,2024-05-17,Commit,Commit
OPP-0003994,2024-05-24,Commit,Commit
OPP-0003994,2024-05-31,Commit,Commit
OPP-0003994,2024-06-07,Commit,Commit
OPP-0004002,2024-04-05,Pipeline,Pipeline
OPP-0004002,2024-04-12,Pipeline,Pipeline
OPP-0004002,2024-04-19,Pipeline,Pipeline
OPP-0004002,2024-04-26,Best Case,Best Case
OPP-0004002,2024-05-03,Best Case,Best Case
OPP-0004002,2024-05-10,Pipeline,Best Case
OPP-0004008,2024-04-12,Commit,Commit
OPP-0004008,2024-04-19,Commit,Commit
OPP-0004008,2024-04-26,Commit,Commit
OPP-0004009,2024-04-12,Pipeline,Omitted
OPP-0004009,2024-04-19,Pipeline,Omitted
OPP-0004009,2024-04-26,Best Case,Best Case
OPP-0004010,2024-04-12,Pipeline,Omitted
OPP-0004010,2024-04-19,Pipeline,Pipeline
OPP-0004010,2024-04-26,Pipeline,Pipeline
OPP-0004010,2024-05-03,Best Case,Best Case
OPP-0004010,2024-05-10,Best Case,Best Case
OPP-0004011,2024-04-12,Pipeline,Omitted
OPP-0004011,2024-04-19,Pipeline,Omitted
OPP-0004011,2024-04-26,Pipeline,Omitted
OPP-0004011,2024-05-03,Best Case,Omitted
OPP-0004011,2024-05-10,Pipeline,Omitted
OPP-0004011,2024-05-17,Best Case,Best Case
OPP-0004011,2024-05-24,Pipeline,Pipeline
OPP-0004011,2024-05-31,Pipeline,Pipeline
OPP-0004011,2024-06-07,Best Case,Pipeline
OPP-0004011,2024-06-14,Pipeline,Pipeline
OPP-0004011,2024-06-21,Best Case,Best Case
OPP-0004011,2024-06-28,Commit,Commit
OPP-0004011,2024-07-05,Commit,Commit
OPP-0004012,2024-04-12,Commit,Commit
OPP-0004012,2024-04-19,Commit,Commit
OPP-0004012,2024-04-26,Commit,Commit
OPP-0004012,2024-05-03,Commit,Commit
OPP-0004012,2024-05-10,Commit,Commit
OPP-0004012,2024-05-17,Commit,Commit
OPP-0004012,2024-05-24,Commit,Commit
OPP-0004012,2024-05-31,Commit,Commit
OPP-0004012,2024-06-07,Best Case,Pipeline
OPP-0004012,2024-06-14,Commit,Best Case
OPP-0004012,2024-06-21,Commit,Commit
OPP-0004012,2024-06-28,Commit,Best Case
OPP-0004020,2024-04-12,Pipeline,Omitted
OPP-0004020,2024-04-19,Pipeline,Omitted
OPP-0004020,2024-04-26,Pipeline,Omitted
OPP-0004020,2024-05-03,Pipeline,Omitted
OPP-0004020,2024-05-10,Omitted,Omitted
OPP-0004020,2024-05-17,Pipeline,Pipeline
OPP-0004020,2024-05-24,Pipeline,Pipeline
OPP-0004020,2024-05-31,Pipeline,Pipeline
OPP-0004020,2024-06-07,Pipeline,Pipeline
OPP-0004020,2024-06-14,Pipeline,Pipeline
OPP-0004020,2024-06-21,Best Case,Best Case
OPP-0004020,2024-06-28,Pipeline,Pipeline
OPP-0004020,2024-07-05,Commit,Commit
OPP-0004020,2024-07-12,Commit,Best Case
OPP-0004020,2024-07-19,Commit,Best Case
OPP-0004020,2024-07-26,Commit,Commit
OPP-0004020,2024-08-02,Commit,Best Case
OPP-0004020,2024-08-09,Commit,Commit
OPP-0004020,2024-08-16,Commit,Commit
OPP-0004021,2024-04-12,Commit,Commit
OPP-0004021,2024-04-19,Commit,Commit
OPP-0004021,2024-04-26,Commit,Commit
OPP-0004021,2024-05-03,Commit,Commit
OPP-0004021,2024-05-10,Commit,Commit
OPP-0004021,2024-05-17,Commit,Commit
OPP-0004021,2024-05-24,Commit,Commit
OPP-0004021,2024-05-31,Commit,Commit
OPP-0004023,2024-04-12,Best Case,Pipeline
OPP-0004023,2024-04-19,Best Case,Best Case
OPP-0004024,2024-04-12,Pipeline,Pipeline
OPP-0004024,2024-04-19,Best Case,Best Case
OPP-0004024,2024-04-26,Pipeline,Best Case
OPP-0004024,2024-05-03,Pipeline,Best Case
OPP-0004024,2024-05-10,Pipeline,Best Case
OPP-0004025,2024-04-12,Pipeline,Omitted
OPP-0004025,2024-04-19,Pipeline,Omitted
OPP-0004025,2024-04-26,Pipeline,Pipeline
OPP-0004025,2024-05-03,Pipeline,Pipeline
OPP-0004025,2024-05-10,Best Case,Best Case
OPP-0004028,2024-04-12,Omitted,Omitted
OPP-0004028,2024-04-19,Pipeline,Omitted
OPP-0004028,2024-04-26,Pipeline,Omitted
OPP-0004028,2024-05-03,Pipeline,Pipeline
OPP-0004028,2024-05-10,Best Case,Pipeline
OPP-0004029,2024-04-12,Pipeline,Omitted
OPP-0004029,2024-04-19,Pipeline,Pipeline
OPP-0004035,2024-04-12,Pipeline,Pipeline
OPP-0004035,2024-04-19,Pipeline,Pipeline
OPP-0004035,2024-04-26,Pipeline,Pipeline
OPP-0004035,2024-05-03,Pipeline,Pipeline
OPP-0004035,2024-05-10,Pipeline,Pipeline
OPP-0004035,2024-05-17,Best Case,Best Case
OPP-0004035,2024-05-24,Best Case,Pipeline
OPP-0004035,2024-05-31,Best Case,Pipeline
OPP-0004035,2024-06-07,Best Case,Pipeline
OPP-0004035,2024-06-14,Commit,Commit
OPP-0004035,2024-06-21,Commit,Commit
OPP-0004038,2024-04-12,Commit,Commit
OPP-0004038,2024-04-19,Commit,Commit
OPP-0004038,2024-04-26,Commit,Commit
OPP-0004039,2024-04-12,Pipeline,Omitted
OPP-0004039,2024-04-19,Pipeline,Pipeline
OPP-0004039,2024-04-26,Pipeline,Pipeline
OPP-0004039,2024-05-03,Pipeline,Pipeline
OPP-0004039,2024-05-10,Best Case,Pipeline
OPP-0004040,2024-04-12,Best Case,Pipeline
OPP-0004040,2024-04-19,Best Case,Pipeline
OPP-0004040,2024-04-26,Best Case,Pipeline
OPP-0004040,2024-05-03,Commit,Commit
OPP-0004040,2024-05-10,Commit,Best Case
OPP-0004040,2024-05-17,Commit,Best Case
OPP-0004040,2024-05-24,Commit,Commit
OPP-0004043,2024-04-12,Commit,Commit
OPP-0004043,2024-04-19,Commit,Commit
OPP-0004043,2024-04-26,Commit,Commit
OPP-0004043,2024-05-03,Commit,Commit
OPP-0004043,2024-05-10,Commit,Commit
OPP-0004043,2024-05-17,Commit,Commit
OPP-0004043,2024-05-24,Commit,Commit
OPP-0004043,2024-05-31,Commit,Commit
OPP-0004050,2024-04-19,Commit,Commit
OPP-0004050,2024-04-26,Commit,Commit
OPP-0004051,2024-04-19,Pipeline,Pipeline
OPP-0004051,2024-04-26,Best Case,Best Case
OPP-0004052,2024-04-19,Commit,Commit
OPP-0004052,2024-04-26,Commit,Commit
OPP-0004052,2024-05-03,Commit,Commit
OPP-0004052,2024-05-10,Commit,Commit
OPP-0004052,2024-05-17,Commit,Commit
OPP-0004052,2024-05-24,Commit,Commit
OPP-0004052,2024-05-31,Commit,Commit
OPP-0004054,2024-04-19,Commit,Commit
OPP-0004054,2024-04-26,Commit,Commit
OPP-0004055,2024-04-19,Pipeline,Pipeline
OPP-0004055,2024-04-26,Pipeline,Pipeline
OPP-0004055,2024-05-03,Pipeline,Omitted
OPP-0004055,2024-05-10,Pipeline,Pipeline
OPP-0004055,2024-05-17,Best Case,Best Case
OPP-0004055,2024-05-24,Best Case,Pipeline
OPP-0004055,2024-05-31,Pipeline,Pipeline
OPP-0004055,2024-06-07,Best Case,Pipeline
OPP-0004055,2024-06-14,Pipeline,Pipeline
OPP-0004055,2024-06-21,Pipeline,Pipeline
OPP-0004055,2024-06-28,Best Case,Best Case
OPP-0004055,2024-07-05,Best Case,Best Case
OPP-0004055,2024-07-12,Best Case,Best Case
OPP-0004055,2024-07-19,Commit,Pipeline
OPP-0004055,2024-07-26,Best Case,Best Case
OPP-0004055,2024-08-02,Best Case,Best Case
OPP-0004055,2024-08-09,Best Case,Best Case
OPP-0004055,2024-08-16,Pipeline,Pipeline
OPP-0004055,2024-08-23,Best Case,Best Case
OPP-0004055,2024-08-30,Pipeline,Pipeline
OPP-0004055,2024-09-06,Pipeline,Pipeline
OPP-0004055,2024-09-13,Best Case,Pipeline
OPP-0004055,2024-09-20,Pipeline,Pipeline
OPP-0004055,2024-09-27,Best Case,Pipeline
OPP-0004061,2024-04-19,Omitted,Omitted
OPP-0004061,2024-04-26,Pipeline,Pipeline
OPP-0004061,2024-05-03,Pipeline,Pipeline
OPP-0004061,2024-05-10,Pipeline,Pipeline
OPP-0004061,2024-05-17,Pipeline,Pipeline
OPP-0004061,2024-05-24,Best Case,Pipeline
OPP-0004062,2024-04-19,Omitted,Pipeline
OPP-0004062,2024-04-26,Pipeline,Pipeline
OPP-0004062,2024-05-03,Omitted,Pipeline
OPP-0004062,2024-05-10,Best Case,Best Case
OPP-0004062,2024-05-17,Pipeline,Pipeline
OPP-0004062,2024-05-24,Pipeline,Pipeline
OPP-0004062,2024-05-31,Pipeline,Pipeline
OPP-0004062,2024-06-07,Best Case,Best Case
OPP-0004062,2024-06-14,Pipeline,Pipeline
OPP-0004062,2024-06-21,Pipeline,Pipeline
OPP-0004062,2024-06-28,Pipeline,Pipeline
OPP-0004062,2024-07-05,Pipeline,Pipeline
OPP-0004062,2024-07-12,Pipeline,Pipeline
OPP-0004062,2024-07-19,Best Case,Best Case
OPP-0004062,2024-07-26,Pipeline,Best Case
OPP-0004062,2024-08-02,Commit,Commit
OPP-0004062,2024-08-09,Commit,Best Case
OPP-0004062,2024-08-16,Commit,Commit
OPP-0004062,2024-08-23,Commit,Commit
OPP-0004062,2024-08-30,Commit,Commit
OPP-0004062,2024-09-06,Commit,Commit
OPP-0004062,2024-09-13,Best Case,Commit
OPP-0004062,2024-09-20,Commit,Commit
OPP-0004062,2024-09-27,Commit,Commit
OPP-0004062,2024-10-04,Commit,Commit
OPP-0004066,2024-04-19,Best Case,Best Case
OPP-0004066,2024-04-26,Best Case,Pipeline
OPP-0004066,2024-05-03,Pipeline,Pipeline
OPP-0004067,2024-04-19,Omitted,Omitted
OPP-0004067,2024-04-26,Pipeline,Omitted
OPP-0004067,2024-05-03,Omitted,Omitted
OPP-0004067,2024-05-10,Omitted,Omitted
OPP-0004067,2024-05-17,Omitted,Omitted
OPP-0004067,2024-05-24,Omitted,Omitted
OPP-0004067,2024-05-31,Omitted,Omitted
OPP-0004067,2024-06-07,Omitted,Omitted
OPP-0004067,2024-06-14,Pipeline,Omitted
OPP-0004067,2024-06-21,Pipeline,Pipeline
OPP-0004067,2024-06-28,Pipeline,Omitted
OPP-0004067,2024-07-05,Pipeline,Pipeline
OPP-0004067,2024-07-12,Pipeline,Omitted
OPP-0004067,2024-07-19,Pipeline,Pipeline
OPP-0004067,2024-07-26,Pipeline,Pipeline
OPP-0004067,2024-08-02,Omitted,Pipeline
OPP-0004067,2024-08-09,Omitted,Omitted
OPP-0004067,2024-08-16,Pipeline,Omitted
OPP-0004067,2024-08-23,Pipeline,Pipeline
OPP-0004067,2024-08-30,Pipeline,Pipeline
OPP-0004067,2024-09-06,Omitted,Omitted
OPP-0004067,2024-09-13,Omitted,Omitted
OPP-0004067,2024-09-20,Omitted,Omitted
OPP-0004073,2024-04-19,Omitted,Omitted
OPP-0004073,2024-04-26,Omitted,Omitted
OPP-0004073,2024-05-03,Pipeline,Omitted
OPP-0004074,2024-04-19,Commit,Commit
OPP-0004074,2024-04-26,Commit,Commit
OPP-0004074,2024-05-03,Commit,Commit
OPP-0004074,2024-05-10,Commit,Commit
OPP-0004074,2024-05-17,Commit,Commit
OPP-0004074,2024-05-24,Commit,Commit
OPP-0004074,2024-05-31,Commit,Commit
OPP-0004074,2024-06-07,Commit,Commit
OPP-0004074,2024-06-14,Commit,Commit
OPP-0004074,2024-06-21,Commit,Commit
OPP-0004074,2024-06-28,Commit,Commit
OPP-0004074,2024-07-05,Commit,Commit
OPP-0004074,2024-07-12,Commit,Commit
OPP-0004081,2024-04-19,Omitted,Omitted
OPP-0004081,2024-04-26,Omitted,Pipeline
OPP-0004081,2024-05-03,Omitted,Pipeline
OPP-0004081,2024-05-10,Pipeline,Pipeline
OPP-0004081,2024-05-17,Pipeline,Pipeline
OPP-0004081,2024-05-24,Pipeline,Best Case
OPP-0004082,2024-04-19,Omitted,Omitted
OPP-0004082,2024-04-26,Pipeline,Pipeline
OPP-0004082,2024-05-03,Best Case,Pipeline
OPP-0004082,2024-05-10,Best Case,Pipeline
OPP-0004087,2024-04-19,Commit,Commit
OPP-0004087,2024-04-26,Commit,Commit
OPP-0004087,2024-05-03,Commit,Commit
OPP-0004087,2024-05-10,Commit,Commit
OPP-0004087,2024-05-17,Commit,Commit
OPP-0004087,2024-05-24,Commit,Commit
OPP-0004087,2024-05-31,Commit,Commit
OPP-0004088,2024-04-19,Commit,Commit
OPP-0004088,2024-04-26,Commit,Commit
OPP-0004088,2024-05-03,Commit,Commit
OPP-0004088,2024-05-10,Commit,Commit
OPP-0004088,2024-05-17,Commit,Commit
OPP-0004088,2024-05-24,Commit,Commit
OPP-0004088,2024-05-31,Commit,Commit
OPP-0004089,2024-04-19,Pipeline,Pipeline
OPP-0004089,2024-04-26,Best Case,Best Case
OPP-0004090,2024-04-19,Best Case,Commit
OPP-0004090,2024-04-26,Commit,Commit
OPP-0004090,2024-05-03,Best Case,Pipeline
OPP-0004090,2024-05-10,Best Case,Best Case
OPP-0004090,2024-05-17,Best Case,Pipeline
OPP-0004090,2024-05-24,Best Case,Pipeline
OPP-0004090,2024-05-31,Commit,Best Case
OPP-0004090,2024-06-07,Commit,Commit
OPP-0004090,2024-06-14,Commit,Commit
OPP-0004090,2024-06-21,Best Case,Commit
OPP-0004090,2024-06-28,Commit,Best Case
OPP-0004090,2024-07-05,Commit,Best Case
OPP-0004090,2024-07-12,Commit,Commit
OPP-0004095,2024-04-26,Commit,Commit
OPP-0004095,2024-05-03,Commit,Commit
OPP-0004095,2024-05-10,Commit,Commit
OPP-0004095,2024-05-17,Commit,Commit
OPP-0004095,2024-05-24,Commit,Commit
OPP-0004095,2024-05-31,Commit,Commit
OPP-0004096,2024-04-26,Commit,Commit
OPP-0004096,2024-05-03,Commit,Commit
OPP-0004096,2024-05-10,Commit,Commit
OPP-0004096,2024-05-17,Commit,Commit
OPP-0004096,2024-05-24,Commit,Commit
OPP-0004096,2024-05-31,Commit,Commit
OPP-0004097,2024-04-26,Commit,Commit
OPP-0004097,2024-05-03,Commit,Commit
OPP-0004097,2024-05-10,Commit,Commit
OPP-0004097,2024-05-17,Commit,Commit
OPP-0004097,2024-05-24,Commit,Commit
OPP-0004097,2024-05-31,Commit,Commit
OPP-0004102,2024-04-26,Commit,Commit
OPP-0004102,2024-05-03,Commit,Commit
OPP-0004102,2024-05-10,Commit,Commit
OPP-0004102,2024-05-17,Commit,Commit
OPP-0004102,2024-05-24,Commit,Commit
OPP-0004102,2024-05-31,Commit,Commit
OPP-0004103,2024-04-26,Commit,Commit
OPP-0004103,2024-05-03,Commit,Commit
OPP-0004103,2024-05-10,Commit,Commit
OPP-0004103,2024-05-17,Commit,Commit
OPP-0004103,2024-05-24,Commit,Commit
OPP-0004103,2024-05-31,Commit,Commit
OPP-0004104,2024-04-26,Pipeline,Pipeline
OPP-0004104,2024-05-03,Pipeline,Pipeline
OPP-0004104,2024-05-10,Best Case,Pipeline
OPP-0004105,2024-04-26,Pipeline,Omitted
OPP-0004105,2024-05-03,Pipeline,Pipeline
OPP-0004105,2024-05-10,Best Case,Best Case
OPP-0004106,2024-04-26,Commit,Commit
OPP-0004106,2024-05-03,Commit,Commit
OPP-0004106,2024-05-10,Commit,Commit
OPP-0004106,2024-05-17,Commit,Commit
OPP-0004106,2024-05-24,Commit,Commit
OPP-0004106,2024-05-31,Commit,Commit
OPP-0004111,2024-04-26,Best Case,Omitted
OPP-0004111,2024-05-03,Best Case,Pipeline
OPP-0004111,2024-05-10,Best Case,Best Case
OPP-0004111,2024-05-17,Commit,Pipeline
OPP-0004111,2024-05-24,Commit,Pipeline
OPP-0004112,2024-04-26,Pipeline,Omitted
OPP-0004112,2024-05-03,Omitted,Omitted
OPP-0004112,2024-05-10,Omitted,Omitted
OPP-0004112,2024-05-17,Omitted,Omitted
OPP-0004112,2024-05-24,Pipeline,Pipeline
OPP-0004112,2024-05-31,Best Case,Best Case
OPP-0004113,2024-04-26,Best Case,Best Case
OPP-0004113,2024-05-03,Best Case,Pipeline
OPP-0004113,2024-05-10,Pipeline,Pipeline
OPP-0004113,2024-05-17,Commit,Commit
OPP-0004120,2024-04-26,Commit,Commit
OPP-0004120,2024-05-03,Commit,Commit
OPP-0004120,2024-05-10,Commit,Commit
OPP-0004120,2024-05-17,Commit,Commit
OPP-0004120,2024-05-24,Commit,Commit
OPP-0004120,2024-05-31,Commit,Commit
OPP-0004121,2024-04-26,Omitted,Pipeline
OPP-0004121,2024-05-03,Omitted,Pipeline
OPP-0004121,2024-05-10,Pipeline,Omitted
OPP-0004121,2024-05-17,Pipeline,Pipeline
OPP-0004121,2024-05-24,Pipeline,Pipeline
OPP-0004122,2024-04-26,Commit,Commit
OPP-0004122,2024-05-03,Commit,Commit
OPP-0004122,2024-05-10,Commit,Commit
OPP-0004122,2024-05-17,Commit,Commit
OPP-0004122,2024-05-24,Commit,Best Case
OPP-0004122,2024-05-31,Commit,Commit
OPP-0004123,2024-04-26,Commit,Commit
OPP-0004123,2024-05-03,Commit,Commit
OPP-0004123,2024-05-10,Commit,Commit
OPP-0004123,2024-05-17,Commit,Commit
OPP-0004123,2024-05-24,Commit,Commit
OPP-0004123,2024-05-31,Commit,Best Case
OPP-0004123,2024-06-07,Commit,Best Case
OPP-0004123,2024-06-14,Commit,Commit
OPP-0004123,2024-06-21,Commit,Commit
OPP-0004123,2024-06-28,Commit,Commit
OPP-0004133,2024-04-26,Omitted,Omitted
OPP-0004133,2024-05-03,Omitted,Omitted
OPP-0004133,2024-05-10,Pipeline,Omitted
OPP-0004133,2024-05-17,Omitted,Omitted
OPP-0004133,2024-05-24,Pipeline,Omitted
OPP-0004133,2024-05-31,Best Case,Pipeline
OPP-0004134,2024-04-26,Commit,Commit
OPP-0004134,2024-05-03,Pipeline,Best Case
OPP-0004134,2024-05-10,Best Case,Pipeline
OPP-0004134,2024-05-17,Pipeline,Best Case
OPP-0004134,2024-05-24,Commit,Best Case
OPP-0004134,2024-05-31,Commit,Best Case
OPP-0004135,2024-04-26,Pipeline,Pipeline
OPP-0004135,2024-05-03,Best Case,Best Case
OPP-0004135,2024-05-10,Best Case,Best Case
OPP-0004135,2024-05-17,Best Case,Best Case
OPP-0004135,2024-05-24,Commit,Commit
OPP-0004135,2024-05-31,Commit,Commit
OPP-0004139,2024-04-26,Commit,Commit
OPP-0004139,2024-05-03,Commit,Commit
OPP-0004139,2024-05-10,Commit,Commit
OPP-0004139,2024-05-17,Commit,Commit
OPP-0004139,2024-05-24,Commit,Commit
OPP-0004139,2024-05-31,Commit,Commit
OPP-0004140,2024-04-26,Commit,Commit
OPP-0004140,2024-05-03,Commit,Commit
OPP-0004140,2024-05-10,Commit,Commit
OPP-0004140,2024-05-17,Commit,Commit
OPP-0004140,2024-05-24,Commit,Commit
OPP-0004140,2024-05-31,Commit,Commit
OPP-0004141,2024-04-26,Omitted,Omitted
OPP-0004141,2024-05-03,Pipeline,Pipeline
OPP-0004141,2024-05-10,Pipeline,Omitted
OPP-0004141,2024-05-17,Pipeline,Pipeline
OPP-0004141,2024-05-24,Best Case,Best Case
OPP-0004141,2024-05-31,Commit,Commit
OPP-0004142,2024-04-26,Best Case,Best Case
OPP-0004142,2024-05-03,Pipeline,Pipeline
OPP-0004142,2024-05-10,Best Case,Best Case
OPP-0004149,2024-04-26,Commit,Commit
OPP-0004149,2024-05-03,Commit,Commit
OPP-0004149,2024-05-10,Commit,Commit
OPP-0004149,2024-05-17,Commit,Commit
OPP-0004149,2024-05-24,Commit,Commit
OPP-0004149,2024-05-31,Commit,Commit
OPP-0004150,2024-04-26,Pipeline,Omitted
OPP-0004150,2024-05-03,Pipeline,Omitted
OPP-0004150,2024-05-10,Omitted,Omitted
OPP-0004150,2024-05-17,Pipeline,Omitted
OPP-0004150,2024-05-24,Pipeline,Pipeline
OPP-0004150,2024-05-31,Pipeline,Pipeline
OPP-0004150,2024-06-07,Best Case,Best Case
OPP-0004151,2024-04-26,Pipeline,Omitted
OPP-0004151,2024-05-03,Best Case,Pipeline
OPP-0004151,2024-05-10,Best Case,Pipeline
OPP-0004151,2024-05-17,Best Case,Pipeline
OPP-0004152,2024-05-03,Best Case,Pipeline
OPP-0004152,2024-05-10,Pipeline,Pipeline
OPP-0004152,2024-05-17,Commit,Commit
OPP-0004153,2024-05-03,Pipeline,Omitted
OPP-0004153,2024-05-10,Pipeline,Omitted
OPP-0004153,2024-05-17,Omitted,Omitted
OPP-0004153,2024-05-24,Pipeline,Omitted
OPP-0004153,2024-05-31,Best Case,Best Case
OPP-0004153,2024-06-07,Best Case,Best Case
OPP-0004156,2024-05-03,Best Case,Best Case
OPP-0004156,2024-05-10,Commit,Commit
OPP-0004156,2024-05-17,Commit,Commit
OPP-0004157,2024-05-03,Commit,Commit
OPP-0004157,2024-05-10,Commit,Commit
OPP-0004157,2024-05-17,Commit,Commit
OPP-0004157,2024-05-24,Commit,Commit
OPP-0004157,2024-05-31,Commit,Commit
OPP-0004157,2024-06-07,Commit,Commit
OPP-0004157,2024-06-14,Commit,Commit
OPP-0004157,2024-06-21,Commit,Commit
OPP-0004157,2024-06-28,Commit,Commit
OPP-0004158,2024-05-03,Omitted,Omitted
OPP-0004158,2024-05-10,Omitted,Omitted
OPP-0004158,2024-05-17,Pipeline,Omitted
OPP-0004158,2024-05-24,Omitted,Omitted
OPP-0004158,2024-05-31,Pipeline,Pipeline
OPP-0004158,2024-06-07,Pipeline,Pipeline
OPP-0004158,2024-06-14,Pipeline,Pipeline
OPP-0004158,2024-06-21,Pipeline,Pipeline
OPP-0004158,2024-06-28,Pipeline,Pipeline
OPP-0004158,2024-07-05,Pipeline,Pipeline
OPP-0004158,2024-07-12,Pipeline,Pipeline
OPP-0004158,2024-07-19,Best Case,Best Case
OPP-0004163,2024-05-03,Pipeline,Pipeline
OPP-0004163,2024-05-10,Best Case,Best Case
OPP-0004164,2024-05-03,Pipeline,Omitted
OPP-0004164,2024-05-10,Best Case,Best Case
OPP-0004164,2024-05-17,Best Case,Best Case
OPP-0004164,2024-05-24,Best Case,Best Case
OPP-0004164,2024-05-31,Pipeline,Pipeline
OPP-0004164,2024-06-07,Commit,Omitted
OPP-0004164,2024-06-14,Pipeline,Pipeline
OPP-0004164,2024-06-21,Pipeline,Pipeline
OPP-0004164,2024-06-28,Pipeline,Pipeline
OPP-0004164,2024-07-05,Pipeline,Omitted
OPP-0004164,2024-07-12,Best Case,Best Case
OPP-0004164,2024-07-19,Best Case,Pipeline
OPP-0004164,2024-07-26,Pipeline,Omitted
OPP-0004164,2024-08-02,Pipeline,Pipeline
OPP-0004165,2024-05-03,Commit,Commit
OPP-0004165,2024-05-10,Commit,Commit
OPP-0004165,2024-05-17,Commit,Commit
OPP-0004165,2024-05-24,Commit,Commit
OPP-0004165,2024-05-31,Commit,Commit
OPP-0004165,2024-06-07,Commit,Commit
OPP-0004165,2024-06-14,Commit,Commit
OPP-0004165,2024-06-21,Commit,Commit
OPP-0004165,2024-06-28,Commit,Commit
OPP-0004165,2024-07-05,Commit,Best Case
OPP-0004165,2024-07-12,Commit,Best Case
OPP-0004166,2024-05-03,Commit,Commit
OPP-0004166,2024-05-10,Commit,Commit
OPP-0004166,2024-05-17,Commit,Commit
OPP-0004166,2024-05-24,Commit,Commit
OPP-0004166,2024-05-31,Commit,Commit
OPP-0004166,2024-06-07,Commit,Commit
OPP-0004166,2024-06-14,Commit,Commit
OPP-0004166,2024-06-21,Commit,Best Case
OPP-0004166,2024-06-28,Commit,Commit
OPP-0004167,2024-05-03,Commit,Commit
OPP-0004167,2024-05-10,Commit,Commit
OPP-0004167,2024-05-17,Commit,Commit
OPP-0004167,2024-05-24,Commit,Commit
OPP-0004167,2024-05-31,Commit,Commit
OPP-0004170,2024-05-03,Pipeline,Pipeline
OPP-0004170,2024-05-10,Best Case,Pipeline
OPP-0004170,2024-05-17,Pipeline,Pipeline
OPP-0004170,2024-05-24,Pipeline,Pipeline
OPP-0004170,2024-05-31,Best Case,Pipeline
OPP-0004170,2024-06-07,Best Case,Best Case
OPP-0004170,2024-06-14,Best Case,Best Case
OPP-0004170,2024-06-21,Best Case,Best Case
OPP-0004170,2024-06-28,Best Case,Best Case
OPP-0004170,2024-07-05,Pipeline,Best Case
OPP-0004170,2024-07-12,Commit,Commit
OPP-0004170,2024-07-19,Best Case,Best Case
OPP-0004170,2024-07-26,Commit,Commit
OPP-0004170,2024-08-02,Commit,Commit
OPP-0004170,2024-08-09,Commit,Commit
OPP-0004170,2024-08-16,Commit,Commit
OPP-0004174,2024-05-03,Omitted,Omitted
OPP-0004174,2024-05-10,Pipeline,Pipeline
OPP-0004174,2024-05-17,Pipeline,Omitted
OPP-0004174,2024-05-24,Pipeline,Pipeline
OPP-0004174,2024-05-31,Pipeline,Omitted
OPP-0004174,2024-06-07,Pipeline,Pipeline
OPP-0004174,2024-06-14,Pipeline,Omitted
OPP-0004174,2024-06-21,Pipeline,Pipeline
OPP-0004174,2024-06-28,Pipeline,Pipeline
OPP-0004174,2024-07-05,Best Case,Omitted
OPP-0004174,2024-07-12,Pipeline,Omitted
OPP-0004174,2024-07-19,Best Case,Pipeline
OPP-0004174,2024-07-26,Pipeline,Pipeline
OPP-0004174,2024-08-02,Pipeline,Pipeline
OPP-0004174,2024-08-09,Pipeline,Pipeline
OPP-0004174,2024-08-16,Omitted,Pipeline
OPP-0004174,2024-08-23,Pipeline,Omitted
OPP-0004174,2024-08-30,Pipeline,Omitted
OPP-0004174,2024-09-06,Pipeline,Omitted
OPP-0004174,2024-09-13,Pipeline,Omitted
OPP-0004174,2024-09-20,Pipeline,Omitted
OPP-0004174,2024-09-27,Pipeline,Pipeline
OPP-0004174,2024-10-04,Best Case,Best Case
OPP-0004174,2024-10-11,Omitted,Omitted
OPP-0004174,2024-10-18,Pipeline,Pipeline
OPP-0004175,2024-05-03,Commit,Commit
OPP-0004175,2024-05-10,Commit,Commit
OPP-0004175,2024-05-17,Commit,Commit
OPP-0004175,2024-05-24,Commit,Commit
OPP-0004175,2024-05-31,Commit,Commit
OPP-0004175,2024-06-07,Commit,Commit
OPP-0004179,2024-05-10,Pipeline,Pipeline
OPP-0004179,2024-05-17,Pipeline,Best Case
OPP-0004186,2024-05-10,Commit,Commit
OPP-0004186,2024-05-17,Commit,Commit
OPP-0004186,2024-05-24,Commit,Commit
OPP-0004186,2024-05-31,Commit,Commit
OPP-0004187,2024-05-10,Pipeline,Pipeline
OPP-0004187,2024-05-17,Pipeline,Pipeline
OPP-0004187,2024-05-24,Pipeline,Omitted
OPP-0004187,2024-05-31,Pipeline,Omitted
OPP-0004187,2024-06-07,Pipeline,Pipeline
OPP-0004187,2024-06-14,Pipeline,Omitted
OPP-0004187,2024-06-21,Pipeline,Omitted
OPP-0004187,2024-06-28,Pipeline,Omitted
OPP-0004187,2024-07-05,Omitted,Omitted
OPP-0004187,2024-07-12,Pipeline,Omitted
OPP-0004187,2024-07-19,Pipeline,Omitted
OPP-0004187,2024-07-26,Pipeline,Omitted
OPP-0004187,2024-08-02,Omitted,Omitted
OPP-0004187,2024-08-09,Pipeline,Pipeline
OPP-0004187,2024-08-16,Best Case,Best Case
OPP-0004187,2024-08-23,Best Case,Pipeline
OPP-0004187,2024-08-30,Best Case,Pipeline
OPP-0004187,2024-09-06,Best Case,Best Case
OPP-0004188,2024-05-10,Best Case,Pipeline
OPP-0004188,2024-05-17,Best Case,Pipeline
OPP-0004188,2024-05-24,Best Case,Pipeline
OPP-0004188,2024-05-31,Best Case,Pipeline
OPP-0004188,2024-06-07,Pipeline,Pipeline
OPP-0004188,2024-06-14,Pipeline,Pipeline
OPP-0004188,2024-06-21,Pipeline,Pipeline
OPP-0004188,2024-06-28,Pipeline,Pipeline
OPP-0004188,2024-07-05,Best Case,Pipeline
OPP-0004188,2024-07-12,Best Case,Pipeline
OPP-0004188,2024-07-19,Pipeline,Pipeline
OPP-0004188,2024-07-26,Best Case,Pipeline
OPP-0004188,2024-08-02,Commit,Commit
OPP-0004188,2024-08-09,Commit,Best Case
OPP-0004188,2024-08-16,Best Case,Pipeline
OPP-0004189,2024-05-10,Omitted,Omitted
OPP-0004189,2024-05-17,Omitted,Omitted
OPP-0004189,2024-05-24,Omitted,Omitted
OPP-0004189,2024-05-31,Best Case,Pipeline
OPP-0004189,2024-06-07,Pipeline,Pipeline
OPP-0004189,2024-06-14,Pipeline,Pipeline
OPP-0004195,2024-05-10,Commit,Commit
OPP-0004195,2024-05-17,Commit,Commit
OPP-0004195,2024-05-24,Commit,Commit
OPP-0004195,2024-05-31,Commit,Commit
OPP-0004196,2024-05-10,Omitted,Pipeline
OPP-0004196,2024-05-17,Pipeline,Pipeline
OPP-0004196,2024-05-24,Best Case,Best Case
OPP-0004196,2024-05-31,Best Case,Best Case
OPP-0004197,2024-05-10,Omitted,Omitted
OPP-0004197,2024-05-17,Omitted,Omitted
OPP-0004197,2024-05-24,Pipeline,Pipeline
OPP-0004197,2024-05-31,Omitted,Pipeline
OPP-0004197,2024-06-07,Pipeline,Pipeline
OPP-0004197,2024-06-14,Pipeline,Pipeline
OPP-0004197,2024-06-21,Pipeline,Pipeline
OPP-0004197,2024-06-28,Omitted,Omitted
OPP-0004197,2024-07-05,Pipeline,Omitted
OPP-0004204,2024-05-10,Pipeline,Omitted
OPP-0004204,2024-05-17,Best Case,Pipeline
OPP-0004204,2024-05-24,Best Case,Best Case
OPP-0004204,2024-05-31,Pipeline,Pipeline
OPP-0004205,2024-05-10,Pipeline,Pipeline
OPP-0004205,2024-05-17,Pipeline,Pipeline
OPP-0004205,2024-05-24,Pipeline,Omitted
OPP-0004205,2024-05-31,Commit,Commit
OPP-0004205,2024-06-07,Commit,Commit
OPP-0004206,2024-05-10,Pipeline,Omitted
OPP-0004206,2024-05-17,Pipeline,Omitted
OPP-0004206,2024-05-24,Best Case,Best Case
OPP-0004206,2024-05-31,Best Case,Best Case
OPP-0004206,2024-06-07,Best Case,Best Case
OPP-0004206,2024-06-14,Best Case,Pipeline
OPP-0004212,2024-05-10,Omitted,Omitted
OPP-0004212,2024-05-17,Pipeline,Omitted
OPP-0004212,2024-05-24,Omitted,Omitted
OPP-0004212,2024-05-31,Pipeline,Omitted
OPP-0004212,2024-06-07,Pipeline,Omitted
OPP-0004212,2024-06-14,Pipeline,Omitted
OPP-0004212,2024-06-21,Best Case,Omitted
OPP-0004212,2024-06-28,Pipeline,Omitted
OPP-0004212,2024-07-05,Pipeline,Omitted
OPP-0004212,2024-07-12,Pipeline,Omitted
OPP-0004212,2024-07-19,Omitted,Omitted
OPP-0004212,2024-07-26,Best Case,Pipeline
OPP-0004212,2024-08-02,Pipeline,Omitted
OPP-0004212,2024-08-09,Best Case,Best Case
OPP-0004212,2024-08-16,Best Case,Pipeline
OPP-0004212,2024-08-23,Best Case,Best Case
OPP-0004212,2024-08-30,Best Case,Pipeline
OPP-0004213,2024-05-10,Best Case,Best Case
OPP-0004213,2024-05-17,Pipeline,Omitted
OPP-0004213,2024-05-24,Best Case,Omitted
OPP-0004213,2024-05-31,Pipeline,Pipeline
OPP-0004213,2024-06-07,Best Case,Best Case
OPP-0004213,2024-06-14,Best Case,Best Case
OPP-0004213,2024-06-21,Commit,Pipeline
OPP-0004213,2024-06-28,Best Case,Best Case
OPP-0004213,2024-07-05,Best Case,Pipeline
OPP-0004213,2024-07-12,Best Case,Best Case
OPP-0004213,2024-07-19,Best Case,Best Case
OPP-0004213,2024-07-26,Commit,Best Case
OPP-0004213,2024-08-02,Commit,Commit
OPP-0004213,2024-08-09,Commit,Commit
OPP-0004213,2024-08-16,Commit,Commit
OPP-0004213,2024-08-23,Commit,Commit
OPP-0004213,2024-08-30,Commit,Commit
OPP-0004213,2024-09-06,Commit,Commit
OPP-0004213,2024-09-13,Commit,Commit
OPP-0004213,2024-09-20,Commit,Commit
OPP-0004219,2024-05-10,Commit,Commit
OPP-0004219,2024-05-17,Commit,Commit
OPP-0004219,2024-05-24,Commit,Commit
OPP-0004219,2024-05-31,Commit,Commit
OPP-0004220,2024-05-10,Pipeline,Omitted
OPP-0004220,2024-05-17,Best Case,Pipeline
OPP-0004220,2024-05-24,Best Case,Best Case
OPP-0004221,2024-05-10,Omitted,Omitted
OPP-0004221,2024-05-17,Pipeline,Pipeline
OPP-0004221,2024-05-24,Best Case,Best Case
OPP-0004221,2024-05-31,Best Case,Best Case
OPP-0004222,2024-05-10,Pipeline,Pipeline
OPP-0004222,2024-05-17,Pipeline,Pipeline
OPP-0004222,2024-05-24,Best Case,Best Case
OPP-0004222,2024-05-31,Commit,Commit
OPP-0004223,2024-05-10,Commit,Commit
OPP-0004223,2024-05-17,Commit,Commit
OPP-0004223,2024-05-24,Commit,Commit
OPP-0004223,2024-05-31,Commit,Commit
OPP-0004223,2024-06-07,Commit,Commit
OPP-0004223,2024-06-14,Commit,Commit
OPP-0004224,2024-05-10,Best Case,Commit
OPP-0004224,2024-05-17,Commit,Commit
OPP-0004224,2024-05-24,Commit,Commit
OPP-0004224,2024-05-31,Commit,Commit
OPP-0004224,2024-06-07,Commit,Commit
OPP-0004224,2024-06-14,Commit,Commit
OPP-0004224,2024-06-21,Commit,Commit
OPP-0004224,2024-06-28,Commit,Commit
OPP-0004224,2024-07-05,Commit,Commit
OPP-0004224,2024-07-12,Commit,Commit
OPP-0004224,2024-07-19,Commit,Commit
OPP-0004224,2024-07-26,Commit,Commit
OPP-0004225,2024-05-10,Commit,Commit
OPP-0004225,2024-05-17,Commit,Commit
OPP-0004225,2024-05-24,Commit,Commit
OPP-0004225,2024-05-31,Commit,Commit
OPP-0004225,2024-06-07,Commit,Commit
OPP-0004225,2024-06-14,Commit,Commit
OPP-0004225,2024-06-21,Commit,Commit
OPP-0004225,2024-06-28,Commit,Commit
OPP-0004231,2024-05-10,Best Case,Omitted
OPP-0004231,2024-05-17,Best Case,Best Case
OPP-0004232,2024-05-10,Commit,Commit
OPP-0004232,2024-05-17,Commit,Commit
OPP-0004232,2024-05-24,Commit,Commit
OPP-0004232,2024-05-31,Commit,Commit
OPP-0004232,2024-06-07,Commit,Commit
OPP-0004232,2024-06-14,Commit,Commit
OPP-0004232,2024-06-21,Commit,Commit
OPP-0004232,2024-06-28,Commit,Commit
OPP-0004232,2024-07-05,Commit,Best Case
OPP-0004232,2024-07-12,Commit,Commit
OPP-0004232,2024-07-19,Commit,Commit
OPP-0004232,2024-07-26,Commit,Commit
OPP-0004233,2024-05-10,Commit,Commit
OPP-0004233,2024-05-17,Commit,Commit
OPP-0004233,2024-05-24,Commit,Commit
OPP-0004233,2024-05-31,Commit,Commit
OPP-0004233,2024-06-07,Commit,Commit
OPP-0004233,2024-06-14,Commit,Commit
OPP-0004233,2024-06-21,Commit,Commit
OPP-0004233,2024-06-28,Commit,Commit
OPP-0004233,2024-07-05,Commit,Best Case
OPP-0004233,2024-07-12,Commit,Commit
OPP-0004233,2024-07-19,Commit,Commit
OPP-0004233,2024-07-26,Commit,Best Case
OPP-0004234,2024-05-10,Pipeline,Omitted
OPP-0004234,2024-05-17,Pipeline,Omitted
OPP-0004234,2024-05-24,Pipeline,Pipeline
OPP-0004234,2024-05-31,Best Case,Pipeline
OPP-0004253,2024-05-17,Pipeline,Omitted
OPP-0004253,2024-05-24,Omitted,Omitted
OPP-0004253,2024-05-31,Omitted,Omitted
OPP-0004253,2024-06-07,Omitted,Omitted
OPP-0004253,2024-06-14,Pipeline,Pipeline
OPP-0004253,2024-06-21,Pipeline,Pipeline
OPP-0004254,2024-05-17,Pipeline,Pipeline
OPP-0004254,2024-05-24,Best Case,Best Case
OPP-0004254,2024-05-31,Best Case,Best Case
OPP-0004255,2024-05-17,Pipeline,Pipeline
OPP-0004255,2024-05-24,Pipeline,Pipeline
OPP-0004255,2024-05-31,Pipeline,Pipeline
OPP-0004255,2024-06-07,Best Case,Best Case
OPP-0004256,2024-05-17,Best Case,Pipeline
OPP-0004256,2024-05-24,Best Case,Pipeline
OPP-0004256,2024-05-31,Commit,Best Case
OPP-0004256,2024-06-07,Commit,Best Case
OPP-0004256,2024-06-14,Best Case,Pipeline
OPP-0004256,2024-06-21,Commit,Best Case
OPP-0004256,2024-06-28,Commit,Best Case
OPP-0004256,2024-07-05,Best Case,Pipeline
OPP-0004256,2024-07-12,Best Case,Pipeline
OPP-0004256,2024-07-19,Best Case,Commit
OPP-0004256,2024-07-26,Best Case,Pipeline
OPP-0004257,2024-05-17,Pipeline,Best Case
OPP-0004257,2024-05-24,Commit,Commit
OPP-0004265,2024-05-17,Commit,Pipeline
OPP-0004265,2024-05-24,Best Case,Best Case
OPP-0004265,2024-05-31,Best Case,Best Case
OPP-0004265,2024-06-07,Commit,Commit
OPP-0004265,2024-06-14,Commit,Commit
OPP-0004265,2024-06-21,Commit,Commit
OPP-0004266,2024-05-17,Pipeline,Pipeline
OPP-0004266,2024-05-24,Pipeline,Pipeline
OPP-0004266,2024-05-31,Best Case,Best Case
OPP-0004270,2024-05-17,Pipeline,Pipeline
OPP-0004270,2024-05-24,Best Case,Best Case
OPP-0004270,2024-05-31,Best Case,Best Case
OPP-0004270,2024-06-07,Best Case,Best Case
OPP-0004270,2024-06-14,Best Case,Best Case
OPP-0004271,2024-05-17,Omitted,Omitted
OPP-0004271,2024-05-24,Pipeline,Omitted
OPP-0004271,2024-05-31,Omitted,Omitted
OPP-0004271,2024-06-07,Pipeline,Omitted
OPP-0004271,2024-06-14,Best Case,Omitted
OPP-0004271,2024-06-21,Pipeline,Omitted
OPP-0004271,2024-06-28,Omitted,Omitted
OPP-0004271,2024-07-05,Pipeline,Omitted
OPP-0004271,2024-07-12,Omitted,Omitted
OPP-0004271,2024-07-19,Omitted,Omitted
OPP-0004272,2024-05-17,Commit,Commit
OPP-0004272,2024-05-24,Commit,Commit
OPP-0004272,2024-05-31,Commit,Commit
OPP-0004272,2024-06-07,Commit,Commit
OPP-0004272,2024-06-14,Commit,Commit
OPP-0004278,2024-05-17,Omitted,Omitted
OPP-0004278,2024-05-24,Pipeline,Omitted
OPP-0004278,2024-05-31,Best Case,Pipeline
OPP-0004279,2024-05-17,Commit,Commit
OPP-0004279,2024-05-24,Commit,Commit
OPP-0004279,2024-05-31,Commit,Commit
OPP-0004279,2024-06-07,Commit,Commit
OPP-0004279,2024-06-14,Commit,Commit
OPP-0004279,2024-06-21,Commit,Commit
OPP-0004279,2024-06-28,Commit,Commit
OPP-0004280,2024-05-17,Commit,Best Case
OPP-0004280,2024-05-24,Commit,Best Case
OPP-0004280,2024-05-31,Commit,Best Case
OPP-0004280,2024-06-07,Commit,Commit
OPP-0004280,2024-06-14,Commit,Commit
OPP-0004280,2024-06-21,Commit,Commit
OPP-0004280,2024-06-28,Commit,Commit
OPP-0004281,2024-05-17,Omitted,Omitted
OPP-0004281,2024-05-24,Pipeline,Omitted
OPP-0004281,2024-05-31,Pipeline,Omitted
OPP-0004281,2024-06-07,Omitted,Omitted
OPP-0004281,2024-06-14,Omitted,Pipeline
OPP-0004281,2024-06-21,Omitted,Omitted
OPP-0004281,2024-06-28,Pipeline,Pipeline
OPP-0004281,2024-07-05,Pipeline,Pipeline
OPP-0004281,2024-07-12,Pipeline,Pipeline
OPP-0004281,2024-07-19,Omitted,Omitted
OPP-0004281,2024-07-26,Pipeline,Omitted
OPP-0004281,2024-08-02,Pipeline,Omitted
OPP-0004281,2024-08-09,Omitted,Omitted
OPP-0004281,2024-08-16,Omitted,Omitted
OPP-0004281,2024-08-23,Pipeline,Omitted
OPP-0004281,2024-08-30,Omitted,Omitted
OPP-0004281,2024-09-06,Omitted,Omitted
OPP-0004281,2024-09-13,Omitted,Omitted
OPP-0004281,2024-09-20,Pipeline,Pipeline
OPP-0004281,2024-09-27,Pipeline,Pipeline
OPP-0004281,2024-10-04,Best Case,Best Case
OPP-0004281,2024-10-11,Best Case,Best Case
OPP-0004283,2024-05-17,Omitted,Omitted
OPP-0004283,2024-05-24,Pipeline,Pipeline
OPP-0004283,2024-05-31,Best Case,Omitted
OPP-0004283,2024-06-07,Best Case,Best Case
OPP-0004284,2024-05-17,Commit,Commit
OPP-0004284,2024-05-24,Commit,Commit
OPP-0004284,2024-05-31,Commit,Commit
OPP-0004284,2024-06-07,Commit,Commit
OPP-0004284,2024-06-14,Commit,Commit
OPP-0004284,2024-06-21,Commit,Commit
OPP-0004284,2024-06-28,Commit,Commit
OPP-0004291,2024-05-17,Pipeline,Omitted
OPP-0004291,2024-05-24,Pipeline,Pipeline
OPP-0004291,2024-05-31,Best Case,Best Case
OPP-0004292,2024-05-17,Pipeline,Omitted
OPP-0004292,2024-05-24,Pipeline,Omitted
OPP-0004292,2024-05-31,Pipeline,Pipeline
OPP-0004292,2024-06-07,Pipeline,Pipeline
OPP-0004293,2024-05-17,Pipeline,Omitted
OPP-0004293,2024-05-24,Pipeline,Omitted
OPP-0004293,2024-05-31,Omitted,Omitted
OPP-0004293,2024-06-07,Pipeline,Pipeline
OPP-0004293,2024-06-14,Pipeline,Pipeline
OPP-0004293,2024-06-21,Pipeline,Omitted
OPP-0004293,2024-06-28,Pipeline,Omitted
OPP-0004293,2024-07-05,Pipeline,Omitted
OPP-0004293,2024-07-12,Pipeline,Pipeline
OPP-0004293,2024-07-19,Pipeline,Pipeline
OPP-0004293,2024-07-26,Best Case,Best Case
OPP-0004293,2024-08-02,Pipeline,Pipeline
OPP-0004293,2024-08-09,Pipeline,Pipeline
OPP-0004293,2024-08-16,Pipeline,Pipeline
OPP-0004293,2024-08-23,Pipeline,Pipeline
OPP-0004293,2024-08-30,Pipeline,Pipeline
OPP-0004293,2024-09-06,Best Case,Best Case
OPP-0004293,2024-09-13,Pipeline,Pipeline
OPP-0004293,2024-09-20,Pipeline,Pipeline
OPP-0004293,2024-09-27,Pipeline,Pipeline
OPP-0004293,2024-10-04,Pipeline,Pipeline
OPP-0004293,2024-10-11,Pipeline,Pipeline
OPP-0004293,2024-10-18,Best Case,Best Case
OPP-0004293,2024-10-25,Pipeline,Best Case
OPP-0004293,2024-11-01,Pipeline,Pipeline
OPP-0004294,2024-05-17,Commit,Best Case
OPP-0004294,2024-05-24,Commit,Best Case
OPP-0004294,2024-05-31,Commit,Best Case
OPP-0004294,2024-06-07,Commit,Best Case
OPP-0004294,2024-06-14,Commit,Commit
OPP-0004294,2024-06-21,Commit,Best Case
OPP-0004301,2024-05-24,Commit,Commit
OPP-0004301,2024-05-31,Commit,Commit
OPP-0004302,2024-05-24,Best Case,Commit
OPP-0004302,2024-05-31,Commit,Commit
OPP-0004302,2024-06-07,Commit,Commit
OPP-0004302,2024-06-14,Commit,Commit
OPP-0004302,2024-06-21,Commit,Commit
OPP-0004302,2024-06-28,Commit,Commit
OPP-0004302,2024-07-05,Commit,Commit
OPP-0004302,2024-07-12,Commit,Commit
OPP-0004302,2024-07-19,Commit,Commit
OPP-0004302,2024-07-26,Commit,Commit
OPP-0004310,2024-05-24,Pipeline,Pipeline
OPP-0004310,2024-05-31,Pipeline,Pipeline
OPP-0004310,2024-06-07,Pipeline,Pipeline
OPP-0004310,2024-06-14,Pipeline,Pipeline
OPP-0004310,2024-06-21,Pipeline,Pipeline
OPP-0004310,2024-06-28,Pipeline,Pipeline
OPP-0004310,2024-07-05,Pipeline,Pipeline
OPP-0004310,2024-07-12,Pipeline,Pipeline
OPP-0004310,2024-07-19,Pipeline,Pipeline
OPP-0004310,2024-07-26,Pipeline,Pipeline
OPP-0004310,2024-08-02,Pipeline,Pipeline
OPP-0004310,2024-08-09,Best Case,Best Case
OPP-0004310,2024-08-16,Best Case,Best Case
OPP-0004310,2024-08-23,Pipeline,Pipeline
OPP-0004310,2024-08-30,Omitted,Pipeline
OPP-0004310,2024-09-06,Pipeline,Pipeline
OPP-0004310,2024-09-13,Omitted,Pipeline
OPP-0004310,2024-09-20,Pipeline,Omitted
OPP-0004311,2024-05-24,Pipeline,Pipeline
OPP-0004311,2024-05-31,Pipeline,Pipeline
OPP-0004311,2024-06-07,Pipeline,Pipeline
OPP-0004311,2024-06-14,Pipeline,Pipeline
OPP-0004311,2024-06-21,Pipeline,Pipeline
OPP-0004311,2024-06-28,Best Case,Best Case
OPP-0004311,2024-07-05,Pipeline,Pipeline
OPP-0004311,2024-07-12,Pipeline,Best Case
OPP-0004311,2024-07-19,Pipeline,Best Case
OPP-0004311,2024-07-26,Pipeline,Pipeline
OPP-0004311,2024-08-02,Best Case,Best Case
OPP-0004311,2024-08-09,Best Case,Best Case
OPP-0004311,2024-08-16,Best Case,Best Case
OPP-0004311,2024-08-23,Pipeline,Pipeline
OPP-0004311,2024-08-30,Pipeline,Pipeline
OPP-0004311,2024-09-06,Pipeline,Pipeline
OPP-0004311,2024-09-13,Pipeline,Best Case
OPP-0004316,2024-05-24,Commit,Commit
OPP-0004316,2024-05-31,Commit,Commit
OPP-0004316,2024-06-07,Commit,Commit
OPP-0004316,2024-06-14,Commit,Commit
OPP-0004316,2024-06-21,Commit,Commit
OPP-0004316,2024-06-28,Commit,Commit
OPP-0004316,2024-07-05,Commit,Commit
OPP-0004316,2024-07-12,Commit,Commit
OPP-0004316,2024-07-19,Commit,Commit
OPP-0004317,2024-05-24,Best Case,Best Case
OPP-0004317,2024-05-31,Pipeline,Pipeline
OPP-0004317,2024-06-07,Pipeline,Best Case
OPP-0004323,2024-05-24,Pipeline,Pipeline
OPP-0004323,2024-05-31,Best Case,Best Case
OPP-0004323,2024-06-07,Pipeline,Pipeline
OPP-0004323,2024-06-14,Omitted,Pipeline
OPP-0004323,2024-06-21,Omitted,Pipeline
OPP-0004324,2024-05-24,Commit,Commit
OPP-0004324,2024-05-31,Commit,Commit
OPP-0004324,2024-06-07,Commit,Commit
OPP-0004324,2024-06-14,Commit,Commit
OPP-0004324,2024-06-21,Commit,Commit
OPP-0004324,2024-06-28,Commit,Commit
OPP-0004325,2024-05-24,Commit,Commit
OPP-0004325,2024-05-31,Commit,Commit
OPP-0004325,2024-06-07,Commit,Commit
OPP-0004325,2024-06-14,Commit,Commit
OPP-0004325,2024-06-21,Commit,Commit
OPP-0004325,2024-06-28,Commit,Commit
OPP-0004325,2024-07-05,Best Case,Commit
OPP-0004325,2024-07-12,Commit,Commit
OPP-0004325,2024-07-19,Commit,Best Case
OPP-0004325,2024-07-26,Commit,Commit
OPP-0004335,2024-05-24,Commit,Commit
OPP-0004335,2024-05-31,Commit,Commit
OPP-0004335,2024-06-07,Commit,Commit
OPP-0004335,2024-06-14,Commit,Commit
OPP-0004335,2024-06-21,Commit,Commit
OPP-0004335,2024-06-28,Commit,Commit
OPP-0004336,2024-05-24,Pipeline,Pipeline
OPP-0004336,2024-05-31,Best Case,Best Case
OPP-0004337,2024-05-24,Pipeline,Pipeline
OPP-0004337,2024-05-31,Pipeline,Pipeline
OPP-0004337,2024-06-07,Pipeline,Pipeline
OPP-0004337,2024-06-14,Pipeline,Pipeline
OPP-0004337,2024-06-21,Pipeline,Pipeline
OPP-0004337,2024-06-28,Pipeline,Pipeline
OPP-0004337,2024-07-05,Pipeline,Pipeline
OPP-0004337,2024-07-12,Best Case,Best Case
OPP-0004337,2024-07-19,Pipeline,Best Case
OPP-0004337,2024-07-26,Best Case,Best Case
OPP-0004337,2024-08-02,Omitted,Pipeline
OPP-0004337,2024-08-09,Omitted,Pipeline
OPP-0004337,2024-08-16,Pipeline,Pipeline
OPP-0004337,2024-08-23,Pipeline,Pipeline
OPP-0004337,2024-08-30,Pipeline,Pipeline
OPP-0004338,2024-05-24,Commit,Commit
OPP-0004338,2024-05-31,Commit,Commit
OPP-0004338,2024-06-07,Commit,Commit
OPP-0004338,2024-06-14,Commit,Commit
OPP-0004338,2024-06-21,Commit,Commit
OPP-0004338,2024-06-28,Commit,Commit
OPP-0004338,2024-07-05,Commit,Best Case
OPP-0004339,2024-05-24,Pipeline,Pipeline
OPP-0004339,2024-05-31,Pipeline,Pipeline
OPP-0004339,2024-06-07,Pipeline,Pipeline
OPP-0004339,2024-06-14,Pipeline,Best Case
OPP-0004345,2024-05-24,Commit,Commit
OPP-0004345,2024-05-31,Commit,Commit
OPP-0004345,2024-06-07,Commit,Commit
OPP-0004345,2024-06-14,Commit,Commit
OPP-0004345,2024-06-21,Commit,Commit
OPP-0004345,2024-06-28,Commit,Commit
OPP-0004346,2024-05-24,Omitted,Omitted
OPP-0004346,2024-05-31,Best Case,Best Case
OPP-0004346,2024-06-07,Best Case,Pipeline
OPP-0004346,2024-06-14,Pipeline,Pipeline
OPP-0004347,2024-05-24,Omitted,Omitted
OPP-0004347,2024-05-31,Omitted,Omitted
OPP-0004347,2024-06-07,Omitted,Omitted
OPP-0004347,2024-06-14,Omitted,Pipeline
OPP-0004347,2024-06-21,Omitted,Pipeline
OPP-0004347,2024-06-28,Omitted,Pipeline
OPP-0004347,2024-07-05,Omitted,Omitted
OPP-0004347,2024-07-12,Omitted,Omitted
OPP-0004347,2024-07-19,Omitted,Omitted
OPP-0004347,2024-07-26,Omitted,Omitted
OPP-0004347,2024-08-02,Omitted,Omitted
OPP-0004347,2024-08-09,Omitted,Omitted
OPP-0004347,2024-08-16,Omitted,Pipeline
OPP-0004347,2024-08-23,Omitted,Pipeline
OPP-0004347,2024-08-30,Omitted,Omitted
OPP-0004347,2024-09-06,Omitted,Pipeline
OPP-0004347,2024-09-13,Pipeline,Pipeline
OPP-0004347,2024-09-20,Omitted,Omitted
OPP-0004347,2024-09-27,Omitted,Omitted
OPP-0004347,2024-10-04,Pipeline,Pipeline
OPP-0004347,2024-10-11,Pipeline,Pipeline
OPP-0004347,2024-10-18,Omitted,Omitted
OPP-0004347,2024-10-25,Omitted,Pipeline
OPP-0004347,2024-11-01,Omitted,Omitted
OPP-0004347,2024-11-08,Pipeline,Omitted
OPP-0004348,2024-05-24,Best Case,Commit
OPP-0004348,2024-05-31,Commit,Commit
OPP-0004348,2024-06-07,Commit,Commit
OPP-0004348,2024-06-14,Commit,Commit
OPP-0004348,2024-06-21,Commit,Commit
OPP-0004348,2024-06-28,Commit,Commit
OPP-0004348,2024-07-05,Commit,Commit
OPP-0004348,2024-07-12,Commit,Commit
OPP-0004348,2024-07-19,Commit,Commit
OPP-0004348,2024-07-26,Commit,Commit
OPP-0004348,2024-08-02,Commit,Commit
OPP-0004348,2024-08-09,Commit,Commit
OPP-0004355,2024-05-24,Commit,Commit
OPP-0004355,2024-05-31,Commit,Commit
OPP-0004355,2024-06-07,Commit,Commit
OPP-0004355,2024-06-14,Commit,Commit
OPP-0004355,2024-06-21,Commit,Commit
OPP-0004355,2024-06-28,Commit,Commit
OPP-0004356,2024-05-24,Omitted,Omitted
OPP-0004356,2024-05-31,Pipeline,Pipeline
OPP-0004356,2024-06-07,Pipeline,Pipeline
OPP-0004357,2024-05-24,Commit,Commit
OPP-0004357,2024-05-31,Commit,Commit
OPP-0004357,2024-06-07,Commit,Commit
OPP-0004357,2024-06-14,Commit,Commit
OPP-0004357,2024-06-21,Commit,Commit
OPP-0004357,2024-06-28,Commit,Commit
OPP-0004357,2024-07-05,Commit,Commit
OPP-0004357,2024-07-12,Commit,Commit
OPP-0004357,2024-07-19,Commit,Commit
OPP-0004357,2024-07-26,Commit,Best Case
OPP-0004360,2024-05-31,Commit,Commit
OPP-0004360,2024-06-07,Commit,Commit
OPP-0004360,2024-06-14,Commit,Commit
OPP-0004360,2024-06-21,Commit,Commit
OPP-0004360,2024-06-28,Commit,Commit
OPP-0004364,2024-05-31,Commit,Commit
OPP-0004364,2024-06-07,Commit,Commit
OPP-0004364,2024-06-14,Commit,Commit
OPP-0004364,2024-06-21,Commit,Commit
OPP-0004364,2024-06-28,Commit,Commit
OPP-0004365,2024-05-31,Commit,Commit
OPP-0004365,2024-06-07,Commit,Commit
OPP-0004365,2024-06-14,Commit,Commit
OPP-0004365,2024-06-21,Commit,Commit
OPP-0004365,2024-06-28,Commit,Commit
OPP-0004365,2024-07-05,Commit,Commit
OPP-0004365,2024-07-12,Commit,Commit
OPP-0004365,2024-07-19,Commit,Commit
OPP-0004365,2024-07-26,Commit,Commit
OPP-0004365,2024-08-02,Commit,Commit
OPP-0004365,2024-08-09,Commit,Commit
OPP-0004365,2024-08-16,Commit,Commit
OPP-0004371,2024-05-31,Pipeline,Pipeline
OPP-0004371,2024-06-07,Best Case,Pipeline
OPP-0004371,2024-06-14,Best Case,Best Case
OPP-0004371,2024-06-21,Best Case,Best Case
OPP-0004371,2024-06-28,Best Case,Best Case
OPP-0004371,2024-07-05,Best Case,Best Case
OPP-0004371,2024-07-12,Best Case,Best Case
OPP-0004371,2024-07-19,Commit,Commit
OPP-0004371,2024-07-26,Commit,Commit
OPP-0004371,2024-08-02,Commit,Commit
OPP-0004372,2024-05-31,Best Case,Commit
OPP-0004372,2024-06-07,Commit,Commit
OPP-0004372,2024-06-14,Commit,Commit
OPP-0004372,2024-06-21,Commit,Commit
OPP-0004372,2024-06-28,Commit,Commit
OPP-0004372,2024-07-05,Commit,Commit
OPP-0004372,2024-07-12,Commit,Commit
OPP-0004372,2024-07-19,Commit,Commit
OPP-0004372,2024-07-26,Commit,Commit
OPP-0004381,2024-05-31,Commit,Commit
OPP-0004381,2024-06-07,Commit,Commit
OPP-0004381,2024-06-14,Commit,Commit
OPP-0004381,2024-06-21,Commit,Commit
OPP-0004381,2024-06-28,Commit,Commit
OPP-0004382,2024-05-31,Pipeline,Omitted
OPP-0004382,2024-06-07,Best Case,Pipeline
OPP-0004383,2024-05-31,Pipeline,Omitted
OPP-0004383,2024-06-07,Pipeline,Pipeline
OPP-0004383,2024-06-14,Best Case,Pipeline
OPP-0004384,2024-05-31,Best Case,Best Case
OPP-0004384,2024-06-07,Commit,Best Case
OPP-0004384,2024-06-14,Best Case,Pipeline
OPP-0004384,2024-06-21,Best Case,Pipeline
OPP-0004384,2024-06-28,Best Case,Best Case
OPP-0004384,2024-07-05,Commit,Best Case
OPP-0004384,2024-07-12,Commit,Commit
OPP-0004384,2024-07-19,Commit,Commit
OPP-0004384,2024-07-26,Commit,Commit
OPP-0004384,2024-08-02,Commit,Best Case
OPP-0004385,2024-05-31,Omitted,Omitted
OPP-0004385,2024-06-07,Best Case,Best Case
OPP-0004385,2024-06-14,Best Case,Best Case
OPP-0004385,2024-06-21,Pipeline,Pipeline
OPP-0004385,2024-06-28,Best Case,Pipeline
OPP-0004385,2024-07-05,Best Case,Pipeline
OPP-0004385,2024-07-12,Pipeline,Pipeline
OPP-0004386,2024-05-31,Commit,Commit
OPP-0004386,2024-06-07,Commit,Commit
OPP-0004386,2024-06-14,Commit,Commit
OPP-0004386,2024-06-21,Commit,Commit
OPP-0004386,2024-06-28,Commit,Commit
OPP-0004387,2024-05-31,Omitted,Omitted
OPP-0004387,2024-06-07,Omitted,Omitted
OPP-0004387,2024-06-14,Best Case,Best Case
OPP-0004388,2024-05-31,Commit,Commit
OPP-0004388,2024-06-07,Commit,Commit
OPP-0004388,2024-06-14,Commit,Commit
OPP-0004388,2024-06-21,Commit,Commit
OPP-0004388,2024-06-28,Commit,Commit
OPP-0004389,2024-05-31,Omitted,Omitted
OPP-0004389,2024-06-07,Omitted,Pipeline
OPP-0004389,2024-06-14,Pipeline,Pipeline
OPP-0004389,2024-06-21,Pipeline,Pipeline
OPP-0004389,2024-06-28,Pipeline,Omitted
OPP-0004390,2024-06-07,Commit,Commit
OPP-0004390,2024-06-14,Commit,Commit
OPP-0004390,2024-06-21,Commit,Commit
OPP-0004390,2024-06-28,Commit,Commit
OPP-0004391,2024-06-07,Commit,Commit
OPP-0004391,2024-06-14,Commit,Commit
OPP-0004391,2024-06-21,Commit,Commit
OPP-0004391,2024-06-28,Commit,Commit
OPP-0004391,2024-07-05,Commit,Commit
OPP-0004391,2024-07-12,Commit,Commit
OPP-0004391,2024-07-19,Commit,Commit
OPP-0004391,2024-07-26,Commit,Commit
OPP-0004391,2024-08-02,Commit,Best Case
OPP-0004391,2024-08-09,Commit,Best Case
OPP-0004391,2024-08-16,Commit,Commit
OPP-0004391,2024-08-23,Commit,Commit
OPP-0004391,2024-08-30,Commit,Best Case
OPP-0004391,2024-09-06,Commit,Commit
OPP-0004391,2024-09-13,Commit,Commit
OPP-0004392,2024-06-07,Pipeline,Pipeline
OPP-0004392,2024-06-14,Pipeline,Pipeline
OPP-0004392,2024-06-21,Best Case,Pipeline
OPP-0004392,2024-06-28,Best Case,Pipeline
OPP-0004392,2024-07-05,Pipeline,Pipeline
OPP-0004392,2024-07-12,Pipeline,Pipeline
OPP-0004392,2024-07-19,Pipeline,Pipeline
OPP-0004392,2024-07-26,Best Case,Pipeline
OPP-0004392,2024-08-02,Commit,Best Case
OPP-0004392,2024-08-09,Commit,Commit
OPP-0004393,2024-06-07,Pipeline,Pipeline
OPP-0004393,2024-06-14,Best Case,Best Case
OPP-0004393,2024-06-21,Pipeline,Pipeline
OPP-0004399,2024-06-07,Pipeline,Pipeline
OPP-0004399,2024-06-14,Best Case,Best Case
OPP-0004400,2024-06-07,Best Case,Best Case
OPP-0004400,2024-06-14,Pipeline,Pipeline
OPP-0004400,2024-06-21,Commit,Pipeline
OPP-0004400,2024-06-28,Commit,Commit
OPP-0004400,2024-07-05,Best Case,Best Case
OPP-0004401,2024-06-07,Pipeline,Omitted
OPP-0004401,2024-06-14,Pipeline,Pipeline
OPP-0004401,2024-06-21,Best Case,Pipeline
OPP-0004401,2024-06-28,Best Case,Best Case
OPP-0004401,2024-07-05,Pipeline,Pipeline
OPP-0004401,2024-07-12,Best Case,Pipeline
OPP-0004404,2024-06-07,Commit,Commit
OPP-0004404,2024-06-14,Commit,Commit
OPP-0004404,2024-06-21,Commit,Commit
OPP-0004404,2024-06-28,Commit,Commit
OPP-0004405,2024-06-07,Commit,Commit
OPP-0004405,2024-06-14,Commit,Commit
OPP-0004405,2024-06-21,Commit,Commit
OPP-0004405,2024-06-28,Commit,Commit
OPP-0004406,2024-06-07,Pipeline,Pipeline
OPP-0004406,2024-06-14,Best Case,Best Case
OPP-0004406,2024-06-21,Best Case,Best Case
OPP-0004406,2024-06-28,Best Case,Best Case
OPP-0004407,2024-06-07,Omitted,Omitted
OPP-0004407,2024-06-14,Omitted,Omitted
OPP-0004407,2024-06-21,Omitted,Omitted
OPP-0004407,2024-06-28,Pipeline,Omitted
OPP-0004407,2024-07-05,Pipeline,Pipeline
OPP-0004408,2024-06-07,Pipeline,Pipeline
OPP-0004408,2024-06-14,Pipeline,Pipeline
OPP-0004408,2024-06-21,Pipeline,Pipeline
OPP-0004408,2024-06-28,Pipeline,Pipeline
OPP-0004408,2024-07-05,Pipeline,Pipeline
OPP-0004408,2024-07-12,Pipeline,Pipeline
OPP-0004408,2024-07-19,Pipeline,Pipeline
OPP-0004408,2024-07-26,Best Case,Best Case
OPP-0004408,2024-08-02,Best Case,Best Case
OPP-0004408,2024-08-09,Pipeline,Pipeline
OPP-0004408,2024-08-16,Pipeline,Best Case
OPP-0004408,2024-08-23,Pipeline,Pipeline
OPP-0004408,2024-08-30,Pipeline,Pipeline
OPP-0004408,2024-09-06,Pipeline,Pipeline
OPP-0004408,2024-09-13,Pipeline,Pipeline
OPP-0004409,2024-06-07,Pipeline,Pipeline
OPP-0004409,2024-06-14,Best Case,Best Case
OPP-0004409,2024-06-21,Pipeline,Pipeline
OPP-0004409,2024-06-28,Best Case,Best Case
OPP-0004409,2024-07-05,Best Case,Best Case
OPP-0004409,2024-07-12,Best Case,Best Case
OPP-0004409,2024-07-19,Best Case,Best Case
OPP-0004409,2024-07-26,Best Case,Pipeline
OPP-0004409,2024-08-02,Best Case,Best Case
OPP-0004409,2024-08-09,Pipeline,Pipeline
OPP-0004409,2024-08-16,Best Case,Best Case
OPP-0004409,2024-08-23,Best Case,Best Case
OPP-0004409,2024-08-30,Best Case,Pipeline
OPP-0004409,2024-09-06,Best Case,Best Case
OPP-0004409,2024-09-13,Best Case,Pipeline
OPP-0004409,2024-09-20,Best Case,Best Case
OPP-0004409,2024-09-27,Commit,Best Case
OPP-0004409,2024-10-04,Commit,Pipeline
OPP-0004409,2024-10-11,Best Case,Best Case
OPP-0004409,2024-10-18,Pipeline,Pipeline
OPP-0004409,2024-10-25,Best Case,Pipeline
OPP-0004415,2024-06-07,Commit,Commit
OPP-0004415,2024-06-14,Commit,Commit
OPP-0004415,2024-06-21,Commit,Commit
OPP-0004415,2024-06-28,Commit,Commit
OPP-0004416,2024-06-07,Pipeline,Omitted
OPP-0004416,2024-06-14,Best Case,Best Case
OPP-0004416,2024-06-21,Pipeline,Best Case
OPP-0004416,2024-06-28,Pipeline,Pipeline
OPP-0004417,2024-06-07,Commit,Commit
OPP-0004417,2024-06-14,Commit,Commit
OPP-0004417,2024-06-21,Commit,Commit
OPP-0004417,2024-06-28,Commit,Commit
OPP-0004417,2024-07-05,Commit,Commit
OPP-0004417,2024-07-12,Commit,Commit
OPP-0004418,2024-06-07,Commit,Commit
OPP-0004418,2024-06-14,Commit,Commit
OPP-0004418,2024-06-21,Commit,Commit
OPP-0004418,2024-06-28,Commit,Commit
OPP-0004418,2024-07-05,Commit,Commit
OPP-0004418,2024-07-12,Commit,Best Case
OPP-0004418,2024-07-19,Commit,Best Case
OPP-0004418,2024-07-26,Commit,Best Case
OPP-0004421,2024-06-07,Pipeline,Omitted
OPP-0004421,2024-06-14,Pipeline,Omitted
OPP-0004421,2024-06-21,Pipeline,Pipeline
OPP-0004421,2024-06-28,Pipeline,Pipeline
OPP-0004421,2024-07-05,Best Case,Best Case
OPP-0004422,2024-06-07,Best Case,Commit
OPP-0004422,2024-06-14,Commit,Best Case
OPP-0004422,2024-06-21,Commit,Best Case
OPP-0004422,2024-06-28,Commit,Best Case
OPP-0004422,2024-07-05,Commit,Best Case
OPP-0004430,2024-06-07,Omitted,Omitted
OPP-0004430,2024-06-14,Omitted,Omitted
OPP-0004430,2024-06-21,Omitted,Omitted
OPP-0004430,2024-06-28,Omitted,Omitted
OPP-0004430,2024-07-05,Omitted,Omitted
OPP-0004430,2024-07-12,Omitted,Omitted
OPP-0004430,2024-07-19,Omitted,Omitted
OPP-0004430,2024-07-26,Omitted,Omitted
OPP-0004430,2024-08-02,Omitted,Omitted
OPP-0004430,2024-08-09,Best Case,Pipeline
OPP-0004430,2024-08-16,Pipeline,Omitted
OPP-0004430,2024-08-23,Pipeline,Omitted
OPP-0004430,2024-08-30,Pipeline,Omitted
OPP-0004430,2024-09-06,Omitted,Omitted
OPP-0004430,2024-09-13,Omitted,Omitted
OPP-0004430,2024-09-20,Omitted,Omitted
OPP-0004430,2024-09-27,Omitted,Omitted
OPP-0004430,2024-10-04,Omitted,Omitted
OPP-0004430,2024-10-11,Omitted,Omitted
OPP-0004430,2024-10-18,Pipeline,Omitted
OPP-0004430,2024-10-25,Omitted,Omitted
OPP-0004430,2024-11-01,Pipeline,Omitted
OPP-0004430,2024-11-08,Pipeline,Omitted
OPP-0004431,2024-06-07,Pipeline,Pipeline
OPP-0004431,2024-06-14,Pipeline,Pipeline
OPP-0004431,2024-06-21,Best Case,Best Case
OPP-0004431,2024-06-28,Best Case,Best Case
OPP-0004431,2024-07-05,Best Case,Best Case
OPP-0004431,2024-07-12,Pipeline,Pipeline
OPP-0004431,2024-07-19,Pipeline,Pipeline
OPP-0004431,2024-07-26,Best Case,Best Case
OPP-0004431,2024-08-02,Pipeline,Best Case
OPP-0004431,2024-08-09,Pipeline,Best Case
OPP-0004431,2024-08-16,Best Case,Best Case
OPP-0004431,2024-08-23,Pipeline,Pipeline
OPP-0004431,2024-08-30,Pipeline,Pipeline
OPP-0004431,2024-09-06,Best Case,Pipeline
OPP-0004434,2024-06-07,Commit,Commit
OPP-0004434,2024-06-14,Commit,Commit
OPP-0004434,2024-06-21,Commit,Commit
OPP-0004434,2024-06-28,Commit,Commit
OPP-0004435,2024-06-07,Pipeline,Omitted
OPP-0004435,2024-06-14,Best Case,Best Case
OPP-0004435,2024-06-21,Best Case,Best Case
OPP-0004435,2024-06-28,Pipeline,Pipeline
OPP-0004435,2024-07-05,Best Case,Best Case
OPP-0004435,2024-07-12,Best Case,Best Case
OPP-0004436,2024-06-07,Best Case,Commit
OPP-0004436,2024-06-14,Commit,Commit
OPP-0004436,2024-06-21,Commit,Commit
OPP-0004436,2024-06-28,Commit,Commit
OPP-0004436,2024-07-05,Commit,Commit
OPP-0004436,2024-07-12,Commit,Commit
OPP-0004436,2024-07-19,Commit,Commit
OPP-0004436,2024-07-26,Commit,Commit
OPP-0004436,2024-08-02,Commit,Commit
OPP-0004436,2024-08-09,Commit,Commit
OPP-0004436,2024-08-16,Commit,Commit
OPP-0004436,2024-08-23,Commit,Commit
OPP-0004436,2024-08-30,Commit,Commit
OPP-0004437,2024-06-07,Omitted,Omitted
OPP-0004437,2024-06-14,Pipeline,Omitted
OPP-0004437,2024-06-21,Pipeline,Omitted
OPP-0004437,2024-06-28,Pipeline,Omitted
OPP-0004437,2024-07-05,Best Case,Omitted
OPP-0004437,2024-07-12,Best Case,Omitted
OPP-0004437,2024-07-19,Pipeline,Omitted
OPP-0004437,2024-07-26,Pipeline,Omitted
OPP-0004437,2024-08-02,Pipeline,Omitted
OPP-0004437,2024-08-09,Best Case,Best Case
OPP-0004437,2024-08-16,Best Case,Best Case
OPP-0004437,2024-08-23,Commit,Commit
OPP-0004437,2024-08-30,Commit,Commit
OPP-0004438,2024-06-07,Pipeline,Omitted
OPP-0004438,2024-06-14,Best Case,Pipeline
OPP-0004450,2024-06-14,Commit,Commit
OPP-0004450,2024-06-21,Commit,Best Case
OPP-0004450,2024-06-28,Commit,Commit
OPP-0004457,2024-06-14,Commit,Commit
OPP-0004457,2024-06-21,Commit,Commit
OPP-0004457,2024-06-28,Commit,Commit
OPP-0004458,2024-06-14,Omitted,Omitted
OPP-0004458,2024-06-21,Omitted,Omitted
OPP-0004458,2024-06-28,Pipeline,Omitted
OPP-0004458,2024-07-05,Pipeline,Best Case
OPP-0004458,2024-07-12,Best Case,Best Case
OPP-0004459,2024-06-14,Omitted,Pipeline
OPP-0004459,2024-06-21,Pipeline,Pipeline
OPP-0004459,2024-06-28,Pipeline,Pipeline
OPP-0004459,2024-07-05,Pipeline,Pipeline
OPP-0004459,2024-07-12,Pipeline,Pipeline
OPP-0004459,2024-07-19,Pipeline,Pipeline
OPP-0004459,2024-07-26,Pipeline,Best Case
OPP-0004459,2024-08-02,Best Case,Best Case
OPP-0004459,2024-08-09,Pipeline,Best Case
OPP-0004459,2024-08-16,Pipeline,Best Case
OPP-0004459,2024-08-23,Pipeline,Pipeline
OPP-0004459,2024-08-30,Best Case,Best Case
OPP-0004459,2024-09-06,Best Case,Best Case
OPP-0004459,2024-09-13,Pipeline,Pipeline
OPP-0004459,2024-09-20,Omitted,Pipeline
OPP-0004459,2024-09-27,Pipeline,Pipeline
OPP-0004459,2024-10-04,Pipeline,Pipeline
OPP-0004459,2024-10-11,Pipeline,Pipeline
OPP-0004459,2024-10-18,Pipeline,Pipeline
OPP-0004460,2024-06-14,Commit,Commit
OPP-0004460,2024-06-21,Commit,Commit
OPP-0004460,2024-06-28,Commit,Commit
OPP-0004460,2024-07-05,Commit,Commit
OPP-0004460,2024-07-12,Commit,Commit
OPP-0004460,2024-07-19,Commit,Commit
OPP-0004461,2024-06-14,Commit,Best Case
OPP-0004461,2024-06-21,Commit,Best Case
OPP-0004461,2024-06-28,Commit,Best Case
OPP-0004461,2024-07-05,Commit,Commit
OPP-0004461,2024-07-12,Commit,Best Case
OPP-0004462,2024-06-14,Commit,Commit
OPP-0004462,2024-06-21,Commit,Commit
OPP-0004462,2024-06-28,Commit,Commit
OPP-0004462,2024-07-05,Commit,Commit
OPP-0004462,2024-07-12,Commit,Commit
OPP-0004462,2024-07-19,Commit,Commit
OPP-0004462,2024-07-26,Commit,Commit
OPP-0004463,2024-06-14,Omitted,Omitted
OPP-0004463,2024-06-21,Omitted,Omitted
OPP-0004463,2024-06-28,Pipeline,Omitted
OPP-0004463,2024-07-05,Pipeline,Omitted
OPP-0004463,2024-07-12,Omitted,Omitted
OPP-0004463,2024-07-19,Pipeline,Pipeline
OPP-0004467,2024-06-14,Commit,Commit
OPP-0004467,2024-06-21,Commit,Commit
OPP-0004467,2024-06-28,Commit,Commit
OPP-0004468,2024-06-14,Omitted,Omitted
OPP-0004468,2024-06-21,Omitted,Omitted
OPP-0004472,2024-06-14,Pipeline,Pipeline
OPP-0004472,2024-06-21,Pipeline,Pipeline
OPP-0004472,2024-06-28,Pipeline,Pipeline
OPP-0004472,2024-07-05,Omitted,Pipeline
OPP-0004472,2024-07-12,Pipeline,Pipeline
OPP-0004472,2024-07-19,Pipeline,Pipeline
OPP-0004472,2024-07-26,Pipeline,Pipeline
OPP-0004472,2024-08-02,Best Case,Pipeline
OPP-0004472,2024-08-09,Pipeline,Pipeline
OPP-0004472,2024-08-16,Pipeline,Pipeline
OPP-0004472,2024-08-23,Pipeline,Pipeline
OPP-0004472,2024-08-30,Pipeline,Pipeline
OPP-0004473,2024-06-14,Commit,Commit
OPP-0004473,2024-06-21,Commit,Commit
OPP-0004473,2024-06-28,Commit,Commit
OPP-0004473,2024-07-05,Commit,Commit
OPP-0004473,2024-07-12,Commit,Commit
OPP-0004473,2024-07-19,Commit,Commit
OPP-0004473,2024-07-26,Commit,Commit
OPP-0004480,2024-06-14,Commit,Commit
OPP-0004480,2024-06-21,Commit,Commit
OPP-0004480,2024-06-28,Commit,Commit
OPP-0004481,2024-06-14,Pipeline,Omitted
OPP-0004481,2024-06-21,Pipeline,Omitted
OPP-0004481,2024-06-28,Pipeline,Omitted
OPP-0004481,2024-07-05,Omitted,Omitted
OPP-0004481,2024-07-12,Pipeline,Omitted
OPP-0004481,2024-07-19,Pipeline,Omitted
OPP-0004481,2024-07-26,Omitted,Omitted
OPP-0004481,2024-08-02,Pipeline,Omitted
OPP-0004481,2024-08-09,Pipeline,Pipeline
OPP-0004481,2024-08-16,Pipeline,Omitted
OPP-0004481,2024-08-23,Pipeline,Omitted
OPP-0004481,2024-08-30,Pipeline,Omitted
OPP-0004481,2024-09-06,Best Case,Omitted
OPP-0004481,2024-09-13,Best Case,Best Case
OPP-0004481,2024-09-20,Best Case,Best Case
OPP-0004481,2024-09-27,Commit,Commit
OPP-0004481,2024-10-04,Commit,Commit
OPP-0004481,2024-10-11,Commit,Commit
OPP-0004489,2024-06-21,Commit,Commit
OPP-0004489,2024-06-28,Commit,Commit
OPP-0004490,2024-06-21,Commit,Commit
OPP-0004490,2024-06-28,Commit,Commit
OPP-0004491,2024-06-21,Pipeline,Omitted
OPP-0004491,2024-06-28,Omitted,Pipeline
OPP-0004491,2024-07-05,Pipeline,Pipeline
OPP-0004492,2024-06-21,Omitted,Omitted
OPP-0004492,2024-06-28,Pipeline,Omitted
OPP-0004492,2024-07-05,Pipeline,Omitted
OPP-0004492,2024-07-12,Pipeline,Omitted
OPP-0004492,2024-07-19,Pipeline,Omitted
OPP-0004492,2024-07-26,Pipeline,Omitted
OPP-0004492,2024-08-02,Omitted,Omitted
OPP-0004492,2024-08-09,Pipeline,Omitted
OPP-0004492,2024-08-16,Pipeline,Pipeline
OPP-0004492,2024-08-23,Best Case,Pipeline
OPP-0004492,2024-08-30,Omitted,Omitted
OPP-0004492,2024-09-06,Pipeline,Omitted
OPP-0004492,2024-09-13,Pipeline,Omitted
OPP-0004493,2024-06-21,Best Case,Best Case
OPP-0004493,2024-06-28,Pipeline,Pipeline
OPP-0004496,2024-06-21,Omitted,Omitted
OPP-0004496,2024-06-28,Pipeline,Pipeline
OPP-0004496,2024-07-05,Omitted,Omitted
OPP-0004496,2024-07-12,Pipeline,Pipeline
OPP-0004500,2024-06-21,Commit,Commit
OPP-0004500,2024-06-28,Commit,Commit
OPP-0004500,2024-07-05,Commit,Commit
OPP-0004500,2024-07-12,Commit,Commit
OPP-0004500,2024-07-19,Commit,Commit
OPP-0004500,2024-07-26,Commit,Commit
OPP-0004500,2024-08-02,Commit,Commit
OPP-0004500,2024-08-09,Commit,Commit
OPP-0004500,2024-08-16,Commit,Commit
OPP-0004500,2024-08-23,Commit,Commit
OPP-0004500,2024-08-30,Commit,Commit
OPP-0004500,2024-09-06,Commit,Commit
OPP-0004500,2024-09-13,Commit,Commit
OPP-0004500,2024-09-20,Commit,Commit
OPP-0004508,2024-06-21,Pipeline,Omitted
OPP-0004508,2024-06-28,Pipeline,Pipeline
OPP-0004508,2024-07-05,Pipeline,Best Case
OPP-0004508,2024-07-12,Pipeline,Best Case
OPP-0004513,2024-06-21,Commit,Commit
OPP-0004513,2024-06-28,Commit,Commit
OPP-0004513,2024-07-05,Commit,Commit
OPP-0004513,2024-07-12,Commit,Commit
OPP-0004513,2024-07-19,Commit,Commit
OPP-0004513,2024-07-26,Commit,Commit
OPP-0004514,2024-06-21,Omitted,Omitted
OPP-0004514,2024-06-28,Pipeline,Omitted
OPP-0004514,2024-07-05,Pipeline,Pipeline
OPP-0004515,2024-06-21,Pipeline,Pipeline
OPP-0004515,2024-06-28,Pipeline,Omitted
OPP-0004515,2024-07-05,Pipeline,Pipeline
OPP-0004515,2024-07-12,Best Case,Best Case
OPP-0004515,2024-07-19,Pipeline,Pipeline
OPP-0004515,2024-07-26,Pipeline,Pipeline
OPP-0004515,2024-08-02,Pipeline,Pipeline
OPP-0004515,2024-08-09,Best Case,Pipeline
OPP-0004515,2024-08-16,Best Case,Best Case
OPP-0004515,2024-08-23,Best Case,Best Case
OPP-0004515,2024-08-30,Best Case,Best Case
OPP-0004515,2024-09-06,Commit,Commit
OPP-0004515,2024-09-13,Best Case,Best Case
OPP-0004515,2024-09-20,Best Case,Best Case
OPP-0004515,2024-09-27,Best Case,Best Case
OPP-0004515,2024-10-04,Pipeline,Pipeline
OPP-0004515,2024-10-11,Best Case,Pipeline
OPP-0004515,2024-10-18,Pipeline,Pipeline
OPP-0004515,2024-10-25,Best Case,Best Case
OPP-0004515,2024-11-01,Best Case,Best Case
OPP-0004515,2024-11-08,Commit,Commit
OPP-0004516,2024-06-21,Commit,Commit
OPP-0004516,2024-06-28,Commit,Commit
OPP-0004516,2024-07-05,Commit,Best Case
OPP-0004516,2024-07-12,Commit,Best Case
OPP-0004516,2024-07-19,Commit,Commit
OPP-0004516,2024-07-26,Commit,Best Case
OPP-0004516,2024-08-02,Commit,Commit
OPP-0004516,2024-08-09,Commit,Best Case
OPP-0004516,2024-08-16,Commit,Best Case
OPP-0004516,2024-08-23,Commit,Best Case
OPP-0004516,2024-08-30,Commit,Commit
OPP-0004516,2024-09-06,Commit,Best Case
OPP-0004523,2024-06-21,Commit,Commit
OPP-0004523,2024-06-28,Commit,Commit
OPP-0004523,2024-07-05,Commit,Commit
OPP-0004523,2024-07-12,Commit,Commit
OPP-0004523,2024-07-19,Commit,Commit
OPP-0004523,2024-07-26,Commit,Commit
OPP-0004524,2024-06-21,Commit,Best Case
OPP-0004524,2024-06-28,Commit,Best Case
OPP-0004524,2024-07-05,Commit,Best Case
OPP-0004524,2024-07-12,Commit,Commit
OPP-0004524,2024-07-19,Commit,Commit
OPP-0004524,2024-07-26,Commit,Best Case
OPP-0004525,2024-06-21,Commit,Commit
OPP-0004525,2024-06-28,Commit,Commit
OPP-0004525,2024-07-05,Commit,Commit
OPP-0004525,2024-07-12,Commit,Commit
OPP-0004525,2024-07-19,Commit,Commit
OPP-0004525,2024-07-26,Commit,Commit
OPP-0004526,2024-06-21,Commit,Commit
OPP-0004526,2024-06-28,Commit,Commit
OPP-0004526,2024-07-05,Commit,Commit
OPP-0004526,2024-07-12,Commit,Commit
OPP-0004526,2024-07-19,Commit,Commit
OPP-0004526,2024-07-26,Commit,Commit
OPP-0004526,2024-08-02,Commit,Commit
OPP-0004526,2024-08-09,Commit,Commit
OPP-0004526,2024-08-16,Commit,Commit
OPP-0004526,2024-08-23,Commit,Commit
OPP-0004526,2024-08-30,Commit,Commit
OPP-0004527,2024-06-21,Pipeline,Omitted
OPP-0004527,2024-06-28,Omitted,Pipeline
OPP-0004530,2024-06-21,Pipeline,Omitted
OPP-0004530,2024-06-28,Best Case,Pipeline
OPP-0004530,2024-07-05,Best Case,Pipeline
OPP-0004530,2024-07-12,Best Case,Best Case
OPP-0004531,2024-06-21,Best Case,Pipeline
OPP-0004531,2024-06-28,Best Case,Best Case
OPP-0004531,2024-07-05,Best Case,Best Case
OPP-0004532,2024-06-21,Pipeline,Pipeline
OPP-0004532,2024-06-28,Best Case,Best Case
OPP-0004532,2024-07-05,Pipeline,Pipeline
OPP-0004532,2024-07-12,Best Case,Best Case
OPP-0004532,2024-07-19,Best Case,Best Case
OPP-0004532,2024-07-26,Best Case,Best Case
OPP-0004540,2024-06-28,Best Case,Best Case
OPP-0004540,2024-07-05,Best Case,Best Case
OPP-0004540,2024-07-12,Best Case,Best Case
OPP-0004540,2024-07-19,Commit,Commit
OPP-0004541,2024-06-28,Best Case,Best Case
OPP-0004541,2024-07-05,Commit,Commit
OPP-0004542,2024-06-28,Pipeline,Best Case
OPP-0004542,2024-07-05,Best Case,Pipeline
OPP-0004542,2024-07-12,Best Case,Pipeline
OPP-0004542,2024-07-19,Commit,Best Case
OPP-0004542,2024-07-26,Commit,Best Case
OPP-0004542,2024-08-02,Best Case,Pipeline
OPP-0004542,2024-08-09,Best Case,Pipeline
OPP-0004542,2024-08-16,Commit,Best Case
OPP-0004542,2024-08-23,Best Case,Pipeline
OPP-0004542,2024-08-30,Best Case,Pipeline
OPP-0004542,2024-09-06,Commit,Best Case
OPP-0004542,2024-09-13,Commit,Best Case
OPP-0004548,2024-06-28,Commit,Commit
OPP-0004548,2024-07-05,Commit,Commit
OPP-0004548,2024-07-12,Commit,Commit
OPP-0004548,2024-07-19,Commit,Commit
OPP-0004548,2024-07-26,Commit,Commit
OPP-0004549,2024-06-28,Omitted,Omitted
OPP-0004549,2024-07-05,Omitted,Omitted
OPP-0004549,2024-07-12,Pipeline,Pipeline
OPP-0004549,2024-07-19,Best Case,Pipeline
OPP-0004550,2024-06-28,Best Case,Commit
OPP-0004550,2024-07-05,Commit,Commit
OPP-0004550,2024-07-12,Commit,Commit
OPP-0004550,2024-07-19,Commit,Commit
OPP-0004550,2024-07-26,Commit,Commit
OPP-0004552,2024-06-28,Pipeline,Omitted
OPP-0004552,2024-07-05,Omitted,Omitted
OPP-0004552,2024-07-12,Omitted,Omitted
OPP-0004552,2024-07-19,Pipeline,Omitted
OPP-0004552,2024-07-26,Omitted,Omitted
OPP-0004552,2024-08-02,Omitted,Omitted
OPP-0004552,2024-08-09,Pipeline,Pipeline
OPP-0004552,2024-08-16,Pipeline,Pipeline
OPP-0004552,2024-08-23,Best Case,Best Case
OPP-0004552,2024-08-30,Pipeline,Omitted
OPP-0004552,2024-09-06,Pipeline,Omitted
OPP-0004552,2024-09-13,Pipeline,Omitted
OPP-0004552,2024-09-20,Pipeline,Omitted
OPP-0004552,2024-09-27,Pipeline,Omitted
OPP-0004553,2024-06-28,Commit,Commit
OPP-0004553,2024-07-05,Best Case,Commit
OPP-0004553,2024-07-12,Commit,Commit
OPP-0004553,2024-07-19,Commit,Commit
OPP-0004553,2024-07-26,Commit,Commit
OPP-0004553,2024-08-02,Commit,Commit
OPP-0004553,2024-08-09,Commit,Commit
OPP-0004553,2024-08-16,Commit,Commit
OPP-0004553,2024-08-23,Commit,Commit
OPP-0004553,2024-08-30,Commit,Commit
OPP-0004563,2024-06-28,Best Case,Pipeline
OPP-0004563,2024-07-05,Best Case,Pipeline
OPP-0004563,2024-07-12,Pipeline,Pipeline
OPP-0004563,2024-07-19,Best Case,Pipeline
OPP-0004563,2024-07-26,Best Case,Pipeline
OPP-0004563,2024-08-02,Commit,Commit
OPP-0004563,2024-08-09,Commit,Commit
OPP-0004563,2024-08-16,Commit,Commit
OPP-0004564,2024-06-28,Commit,Commit
OPP-0004564,2024-07-05,Commit,Commit
OPP-0004564,2024-07-12,Commit,Commit
OPP-0004564,2024-07-19,Commit,Commit
OPP-0004564,2024-07-26,Commit,Commit
OPP-0004569,2024-06-28,Pipeline,Pipeline
OPP-0004569,2024-07-05,Best Case,Best Case
OPP-0004570,2024-06-28,Omitted,Omitted
OPP-0004570,2024-07-05,Omitted,Omitted
OPP-0004570,2024-07-12,Pipeline,Pipeline
OPP-0004570,2024-07-19,Pipeline,Pipeline
OPP-0004571,2024-06-28,Pipeline,Omitted
OPP-0004571,2024-07-05,Omitted,Omitted
OPP-0004571,2024-07-12,Omitted,Omitted
OPP-0004571,2024-07-19,Pipeline,Omitted
OPP-0004571,2024-07-26,Pipeline,Pipeline
OPP-0004571,2024-08-02,Best Case,Best Case
OPP-0004572,2024-06-28,Best Case,Best Case
OPP-0004572,2024-07-05,Best Case,Best Case
OPP-0004572,2024-07-12,Best Case,Best Case
OPP-0004572,2024-07-19,Pipeline,Pipeline
OPP-0004572,2024-07-26,Pipeline,Pipeline
OPP-0004572,2024-08-02,Best Case,Best Case
OPP-0004572,2024-08-09,Pipeline,Best Case
OPP-0004572,2024-08-16,Best Case,Best Case
OPP-0004572,2024-08-23,Commit,Pipeline
OPP-0004572,2024-08-30,Best Case,Best Case
OPP-0004572,2024-09-06,Commit,Commit
OPP-0004572,2024-09-13,Best Case,Best Case
OPP-0004572,2024-09-20,Best Case,Best Case
OPP-0004572,2024-09-27,Best Case,Best Case
OPP-0004572,2024-10-04,Best Case,Best Case
OPP-0004572,2024-10-11,Commit,Commit
OPP-0004572,2024-10-18,Best Case,Best Case
OPP-0004572,2024-10-25,Best Case,Best Case
OPP-0004573,2024-06-28,Omitted,Omitted
OPP-0004573,2024-07-05,Pipeline,Omitted
OPP-0004573,2024-07-12,Pipeline,Pipeline
OPP-0004573,2024-07-19,Pipeline,Pipeline
OPP-0004573,2024-07-26,Pipeline,Pipeline
OPP-0004573,2024-08-02,Best Case,Best Case
OPP-0004578,2024-06-28,Commit,Commit
OPP-0004578,2024-07-05,Commit,Commit
OPP-0004578,2024-07-12,Commit,Commit
OPP-0004578,2024-07-19,Commit,Commit
OPP-0004578,2024-07-26,Commit,Commit
OPP-0004579,2024-06-28,Commit,Commit
OPP-0004579,2024-07-05,Commit,Commit
OPP-0004579,2024-07-12,Commit,Commit
OPP-0004579,2024-07-19,Commit,Commit
OPP-0004579,2024-07-26,Commit,Commit
OPP-0004580,2024-06-28,Commit,Commit
OPP-0004580,2024-07-05,Commit,Commit
OPP-0004580,2024-07-12,Commit,Commit
OPP-0004580,2024-07-19,Commit,Commit
OPP-0004580,2024-07-26,Commit,Commit
OPP-0004580,2024-08-02,Commit,Best Case
OPP-0004580,2024-08-09,Commit,Best Case
OPP-0004580,2024-08-16,Commit,Commit
OPP-0004580,2024-08-23,Commit,Best Case
OPP-0004580,2024-08-30,Commit,Commit
OPP-0004588,2024-06-28,Omitted,Omitted
OPP-0004588,2024-07-05,Omitted,Omitted
OPP-0004588,2024-07-12,Omitted,Omitted
OPP-0004588,2024-07-19,Omitted,Omitted
OPP-0004588,2024-07-26,Pipeline,Omitted
OPP-0004588,2024-08-02,Pipeline,Omitted
OPP-0004588,2024-08-09,Omitted,Omitted
OPP-0004588,2024-08-16,Omitted,Omitted
OPP-0004588,2024-08-23,Omitted,Pipeline
OPP-0004588,2024-08-30,Omitted,Omitted
OPP-0004588,2024-09-06,Omitted,Pipeline
OPP-0004588,2024-09-13,Pipeline,Pipeline
OPP-0004588,2024-09-20,Pipeline,Pipeline
OPP-0004588,2024-09-27,Pipeline,Pipeline
OPP-0004588,2024-10-04,Pipeline,Pipeline
OPP-0004588,2024-10-11,Omitted,Omitted
OPP-0004588,2024-10-18,Omitted,Omitted
OPP-0004588,2024-10-25,Omitted,Omitted
OPP-0004588,2024-11-01,Pipeline,Omitted
OPP-0004588,2024-11-08,Omitted,Omitted
OPP-0004588,2024-11-15,Omitted,Omitted
OPP-0004589,2024-06-28,Commit,Commit
OPP-0004589,2024-07-05,Commit,Commit
OPP-0004589,2024-07-12,Commit,Commit
OPP-0004589,2024-07-19,Commit,Commit
OPP-0004589,2024-07-26,Commit,Commit
OPP-0004589,2024-08-02,Commit,Commit
OPP-0004591,2024-07-05,Best Case,Best Case
OPP-0004591,2024-07-12,Best Case,Best Case
OPP-0004591,2024-07-19,Best Case,Best Case
OPP-0004591,2024-07-26,Commit,Commit
OPP-0004591,2024-08-02,Best Case,Commit
OPP-0004591,2024-08-09,Commit,Commit
OPP-0004592,2024-07-05,Commit,Commit
OPP-0004592,2024-07-12,Commit,Commit
OPP-0004592,2024-07-19,Commit,Commit
OPP-0004592,2024-07-26,Commit,Commit
OPP-0004593,2024-07-05,Omitted,Omitted
OPP-0004593,2024-07-12,Omitted,Pipeline
OPP-0004593,2024-07-19,Omitted,Pipeline
OPP-0004593,2024-07-26,Omitted,Pipeline
OPP-0004593,2024-08-02,Pipeline,Pipeline
OPP-0004593,2024-08-09,Pipeline,Pipeline
OPP-0004593,2024-08-16,Omitted,Pipeline
OPP-0004593,2024-08-23,Omitted,Pipeline
OPP-0004593,2024-08-30,Omitted,Omitted
OPP-0004593,2024-09-06,Omitted,Omitted
OPP-0004593,2024-09-13,Omitted,Omitted
OPP-0004593,2024-09-20,Omitted,Pipeline
OPP-0004593,2024-09-27,Omitted,Pipeline
OPP-0004593,2024-10-04,Omitted,Omitted
OPP-0004593,2024-10-11,Omitted,Omitted
OPP-0004594,2024-07-05,Omitted,Pipeline
OPP-0004594,2024-07-12,Pipeline,Pipeline
OPP-0004594,2024-07-19,Pipeline,Pipeline
OPP-0004594,2024-07-26,Pipeline,Pipeline
OPP-0004594,2024-08-02,Best Case,Best Case
OPP-0004594,2024-08-09,Pipeline,Pipeline
OPP-0004594,2024-08-16,Pipeline,Pipeline
OPP-0004594,2024-08-23,Pipeline,Pipeline
OPP-0004594,2024-08-30,Pipeline,Pipeline
OPP-0004594,2024-09-06,Pipeline,Best Case
OPP-0004594,2024-09-13,Best Case,Best Case
OPP-0004595,2024-07-05,Pipeline,Pipeline
OPP-0004595,2024-07-12,Pipeline,Best Case
OPP-0004596,2024-07-05,Omitted,Omitted
OPP-0004596,2024-07-12,Omitted,Pipeline
OPP-0004596,2024-07-19,Pipeline,Pipeline
OPP-0004596,2024-07-26,Pipeline,Best Case
OPP-0004596,2024-08-02,Pipeline,Pipeline
OPP-0004596,2024-08-09,Pipeline,Pipeline
OPP-0004597,2024-07-05,Omitted,Omitted
OPP-0004597,2024-07-12,Pipeline,Best Case
OPP-0004601,2024-07-05,Commit,Commit
OPP-0004601,2024-07-12,Commit,Commit
OPP-0004601,2024-07-19,Commit,Commit
OPP-0004601,2024-07-26,Commit,Commit
OPP-0004602,2024-07-05,Commit,Commit
OPP-0004602,2024-07-12,Commit,Commit
OPP-0004602,2024-07-19,Commit,Commit
OPP-0004602,2024-07-26,Commit,Commit
OPP-0004603,2024-07-05,Best Case,Best Case
OPP-0004603,2024-07-12,Best Case,Best Case
OPP-0004603,2024-07-19,Pipeline,Pipeline
OPP-0004603,2024-07-26,Best Case,Best Case
OPP-0004604,2024-07-05,Pipeline,Omitted
OPP-0004604,2024-07-12,Pipeline,Pipeline
OPP-0004604,2024-07-19,Best Case,Best Case
OPP-0004604,2024-07-26,Pipeline,Pipeline
OPP-0004604,2024-08-02,Best Case,Best Case
OPP-0004604,2024-08-09,Pipeline,Pipeline
OPP-0004622,2024-07-05,Commit,Commit
OPP-0004622,2024-07-12,Commit,Commit
OPP-0004622,2024-07-19,Commit,Commit
OPP-0004622,2024-07-26,Commit,Commit
OPP-0004622,2024-08-02,Commit,Commit
OPP-0004622,2024-08-09,Commit,Commit
OPP-0004622,2024-08-16,Commit,Commit
OPP-0004622,2024-08-23,Commit,Commit
OPP-0004622,2024-08-30,Commit,Commit
OPP-0004627,2024-07-05,Pipeline,Omitted
OPP-0004627,2024-07-12,Omitted,Omitted
OPP-0004627,2024-07-19,Pipeline,Omitted
OPP-0004627,2024-07-26,Omitted,Omitted
OPP-0004627,2024-08-02,Pipeline,Omitted
OPP-0004627,2024-08-09,Omitted,Pipeline
OPP-0004628,2024-07-05,Commit,Commit
OPP-0004628,2024-07-12,Commit,Commit
OPP-0004628,2024-07-19,Commit,Commit
OPP-0004628,2024-07-26,Commit,Commit
OPP-0004628,2024-08-02,Commit,Commit
OPP-0004628,2024-08-09,Commit,Commit
OPP-0004628,2024-08-16,Commit,Commit
OPP-0004628,2024-08-23,Commit,Commit
OPP-0004629,2024-07-05,Commit,Commit
OPP-0004629,2024-07-12,Commit,Commit
OPP-0004629,2024-07-19,Commit,Commit
OPP-0004629,2024-07-26,Commit,Commit
OPP-0004629,2024-08-02,Commit,Commit
OPP-0004629,2024-08-09,Commit,Commit
OPP-0004629,2024-08-16,Commit,Commit
OPP-0004629,2024-08-23,Commit,Commit
OPP-0004629,2024-08-30,Commit,Commit
OPP-0004630,2024-07-05,Commit,Commit
OPP-0004630,2024-07-12,Commit,Commit
OPP-0004630,2024-07-19,Commit,Commit
OPP-0004630,2024-07-26,Commit,Commit
OPP-0004630,2024-08-02,Commit,Commit
OPP-0004630,2024-08-09,Commit,Commit
OPP-0004630,2024-08-16,Commit,Commit
OPP-0004630,2024-08-23,Commit,Commit
OPP-0004630,2024-08-30,Commit,Commit
OPP-0004631,2024-07-05,Omitted,Omitted
OPP-0004631,2024-07-12,Omitted,Omitted
OPP-0004631,2024-07-19,Omitted,Omitted
OPP-0004631,2024-07-26,Omitted,Omitted
OPP-0004631,2024-08-02,Omitted,Omitted
OPP-0004631,2024-08-09,Pipeline,Omitted
OPP-0004647,2024-07-12,Pipeline,Omitted
OPP-0004647,2024-07-19,Omitted,Omitted
OPP-0004647,2024-07-26,Pipeline,Pipeline
OPP-0004647,2024-08-02,Best Case,Best Case
OPP-0004647,2024-08-09,Pipeline,Pipeline
OPP-0004647,2024-08-16,Best Case,Best Case
OPP-0004648,2024-07-12,Pipeline,Pipeline
OPP-0004648,2024-07-19,Omitted,Omitted
OPP-0004648,2024-07-26,Best Case,Pipeline
OPP-0004649,2024-07-12,Commit,Commit
OPP-0004649,2024-07-19,Commit,Commit
OPP-0004649,2024-07-26,Commit,Commit
OPP-0004649,2024-08-02,Commit,Commit
OPP-0004649,2024-08-09,Commit,Commit
OPP-0004649,2024-08-16,Commit,Commit
OPP-0004649,2024-08-23,Commit,Commit
OPP-0004649,2024-08-30,Commit,Commit
OPP-0004649,2024-09-06,Commit,Commit
OPP-0004649,2024-09-13,Commit,Commit
OPP-0004649,2024-09-20,Commit,Best Case
OPP-0004650,2024-07-12,Pipeline,Omitted
OPP-0004650,2024-07-19,Pipeline,Omitted
OPP-0004650,2024-07-26,Pipeline,Pipeline
OPP-0004662,2024-07-12,Pipeline,Omitted
OPP-0004662,2024-07-19,Pipeline,Pipeline
OPP-0004662,2024-07-26,Best Case,Best Case
OPP-0004662,2024-08-02,Pipeline,Pipeline
OPP-0004662,2024-08-09,Pipeline,Pipeline
OPP-0004663,2024-07-12,Omitted,Omitted
OPP-0004663,2024-07-19,Pipeline,Pipeline
OPP-0004663,2024-07-26,Pipeline,Pipeline
OPP-0004663,2024-08-02,Pipeline,Pipeline
OPP-0004663,2024-08-09,Pipeline,Omitted
OPP-0004663,2024-08-16,Omitted,Pipeline
OPP-0004663,2024-08-23,Pipeline,Pipeline
OPP-0004663,2024-08-30,Pipeline,Pipeline
OPP-0004663,2024-09-06,Pipeline,Omitted
OPP-0004663,2024-09-13,Pipeline,Pipeline
OPP-0004663,2024-09-20,Pipeline,Pipeline
OPP-0004663,2024-09-27,Pipeline,Pipeline
OPP-0004663,2024-10-04,Pipeline,Pipeline
OPP-0004663,2024-10-11,Pipeline,Best Case
OPP-0004664,2024-07-12,Commit,Commit
OPP-0004664,2024-07-19,Commit,Commit
OPP-0004664,2024-07-26,Commit,Commit
OPP-0004664,2024-08-02,Commit,Best Case
OPP-0004664,2024-08-09,Commit,Best Case
OPP-0004664,2024-08-16,Commit,Best Case
OPP-0004664,2024-08-23,Commit,Best Case
OPP-0004664,2024-08-30,Commit,Best Case
OPP-0004664,2024-09-06,Commit,Commit
OPP-0004664,2024-09-13,Commit,Commit
OPP-0004664,2024-09-20,Commit,Commit
OPP-0004664,2024-09-27,Commit,Commit
OPP-0004664,2024-10-04,Commit,Commit
OPP-0004664,2024-10-11,Commit,Commit
OPP-0004664,2024-10-18,Commit,Commit
OPP-0004665,2024-07-12,Omitted,Pipeline
OPP-0004665,2024-07-19,Omitted,Pipeline
OPP-0004665,2024-07-26,Pipeline,Pipeline
OPP-0004665,2024-08-02,Omitted,Pipeline
OPP-0004665,2024-08-09,Pipeline,Pipeline
OPP-0004665,2024-08-16,Pipeline,Pipeline
OPP-0004665,2024-08-23,Pipeline,Pipeline
OPP-0004665,2024-08-30,Pipeline,Pipeline
OPP-0004665,2024-09-06,Pipeline,Pipeline
OPP-0004665,2024-09-13,Pipeline,Pipeline
OPP-0004665,2024-09-20,Pipeline,Pipeline
OPP-0004665,2024-09-27,Pipeline,Pipeline
OPP-0004665,2024-10-04,Pipeline,Pipeline
OPP-0004665,2024-10-11,Pipeline,Pipeline
OPP-0004665,2024-10-18,Pipeline,Pipeline
OPP-0004665,2024-10-25,Best Case,Best Case
OPP-0004665,2024-11-01,Pipeline,Pipeline
OPP-0004666,2024-07-12,Pipeline,Pipeline
OPP-0004666,2024-07-19,Pipeline,Pipeline
OPP-0004666,2024-07-26,Pipeline,Pipeline
OPP-0004666,2024-08-02,Pipeline,Pipeline
OPP-0004666,2024-08-09,Best Case,Best Case
OPP-0004666,2024-08-16,Best Case,Best Case
OPP-0004674,2024-07-12,Best Case,Pipeline
OPP-0004674,2024-07-19,Best Case,Pipeline
OPP-0004674,2024-07-26,Commit,Best Case
OPP-0004674,2024-08-02,Commit,Best Case
OPP-0004674,2024-08-09,Commit,Best Case
OPP-0004674,2024-08-16,Commit,Best Case
OPP-0004674,2024-08-23,Commit,Commit
OPP-0004674,2024-08-30,Commit,Commit
OPP-0004675,2024-07-12,Pipeline,Pipeline
OPP-0004675,2024-07-19,Best Case,Best Case
OPP-0004675,2024-07-26,Commit,Commit
OPP-0004682,2024-07-12,Commit,Commit
OPP-0004682,2024-07-19,Commit,Commit
OPP-0004682,2024-07-26,Commit,Commit
OPP-0004683,2024-07-12,Best Case,Best Case
OPP-0004683,2024-07-19,Best Case,Best Case
OPP-0004683,2024-07-26,Best Case,Best Case
OPP-0004683,2024-08-02,Pipeline,Omitted
OPP-0004683,2024-08-09,Pipeline,Omitted
OPP-0004683,2024-08-16,Best Case,Pipeline
OPP-0004683,2024-08-23,Best Case,Best Case
OPP-0004684,2024-07-12,Commit,Commit
OPP-0004684,2024-07-19,Commit,Commit
OPP-0004684,2024-07-26,Commit,Commit
OPP-0004684,2024-08-02,Commit,Commit
OPP-0004684,2024-08-09,Commit,Commit
OPP-0004684,2024-08-16,Commit,Commit
OPP-0004684,2024-08-23,Commit,Commit
OPP-0004684,2024-08-30,Commit,Commit
OPP-0004684,2024-09-06,Commit,Commit
OPP-0004684,2024-09-13,Commit,Commit
OPP-0004684,2024-09-20,Commit,Commit
OPP-0004684,2024-09-27,Commit,Commit
OPP-0004685,2024-07-12,Pipeline,Omitted
OPP-0004685,2024-07-19,Pipeline,Pipeline
OPP-0004685,2024-07-26,Pipeline,Omitted
OPP-0004685,2024-08-02,Best Case,Best Case
OPP-0004685,2024-08-09,Pipeline,Omitted
OPP-0004685,2024-08-16,Best Case,Pipeline
OPP-0004685,2024-08-23,Pipeline,Omitted
OPP-0004685,2024-08-30,Pipeline,Pipeline
OPP-0004685,2024-09-06,Best Case,Best Case
OPP-0004685,2024-09-13,Pipeline,Omitted
OPP-0004685,2024-09-20,Pipeline,Omitted
OPP-0004685,2024-09-27,Pipeline,Omitted
OPP-0004685,2024-10-04,Omitted,Omitted
OPP-0004685,2024-10-11,Pipeline,Omitted
OPP-0004685,2024-10-18,Pipeline,Omitted
OPP-0004685,2024-10-25,Commit,Pipeline
OPP-0004685,2024-11-01,Pipeline,Pipeline
OPP-0004685,2024-11-08,Pipeline,Omitted
OPP-0004685,2024-11-15,Pipeline,Pipeline
OPP-0004685,2024-11-22,Pipeline,Omitted
OPP-0004686,2024-07-12,Pipeline,Omitted
OPP-0004686,2024-07-19,Pipeline,Omitted
OPP-0004686,2024-07-26,Best Case,Best Case
OPP-0004686,2024-08-02,Best Case,Best Case
OPP-0004686,2024-08-09,Best Case,Best Case
OPP-0004691,2024-07-12,Omitted,Omitted
OPP-0004691,2024-07-19,Pipeline,Omitted
OPP-0004691,2024-07-26,Omitted,Omitted
OPP-0004691,2024-08-02,Pipeline,Omitted
OPP-0004691,2024-08-09,Commit,Pipeline
OPP-0004691,2024-08-16,Best Case,Best Case
OPP-0004691,2024-08-23,Best Case,Best Case
OPP-0004691,2024-08-30,Best Case,Best Case
OPP-0004691,2024-09-06,Best Case,Best Case
OPP-0004691,2024-09-13,Best Case,Best Case
OPP-0004691,2024-09-20,Best Case,Pipeline
OPP-0004691,2024-09-27,Best Case,Best Case
OPP-0004691,2024-10-04,Pipeline,Pipeline
OPP-0004691,2024-10-11,Best Case,Pipeline
OPP-0004691,2024-10-18,Best Case,Best Case
OPP-0004691,2024-10-25,Best Case,Best Case
OPP-0004691,2024-11-01,Pipeline,Omitted
OPP-0004691,2024-11-08,Pipeline,Omitted
OPP-0004691,2024-11-15,Pipeline,Omitted
OPP-0004691,2024-11-22,Pipeline,Pipeline
OPP-0004692,2024-07-12,Omitted,Omitted
OPP-0004692,2024-07-19,Omitted,Omitted
OPP-0004692,2024-07-26,Omitted,Omitted
OPP-0004692,2024-08-02,Omitted,Omitted
OPP-0004692,2024-08-09,Omitted,Omitted
OPP-0004692,2024-08-16,Omitted,Omitted
OPP-0004692,2024-08-23,Omitted,Omitted
OPP-0004692,2024-08-30,Omitted,Omitted
OPP-0004692,2024-09-06,Omitted,Omitted
OPP-0004692,2024-09-13,Omitted,Omitted
OPP-0004692,2024-09-20,Omitted,Omitted
OPP-0004692,2024-09-27,Omitted,Omitted
OPP-0004692,2024-10-04,Omitted,Omitted
OPP-0004692,2024-10-11,Omitted,Omitted
OPP-0004692,2024-10-18,Omitted,Omitted
OPP-0004692,2024-10-25,Omitted,Omitted
OPP-0004692,2024-11-01,Omitted,Omitted
OPP-0004692,2024-11-08,Omitted,Omitted
OPP-0004692,2024-11-15,Pipeline,Pipeline
OPP-0004692,2024-11-22,Omitted,Omitted
OPP-0004692,2024-11-29,Omitted,Omitted
OPP-0004693,2024-07-12,Pipeline,Omitted
OPP-0004693,2024-07-19,Best Case,Best Case
OPP-0004698,2024-07-12,Pipeline,Pipeline
OPP-0004698,2024-07-19,Best Case,Pipeline
OPP-0004698,2024-07-26,Best Case,Best Case
OPP-0004698,2024-08-02,Best Case,Best Case
OPP-0004698,2024-08-09,Best Case,Best Case
OPP-0004698,2024-08-16,Best Case,Pipeline
OPP-0004699,2024-07-12,Pipeline,Pipeline
OPP-0004699,2024-07-19,Best Case,Best Case
OPP-0004699,2024-07-26,Best Case,Best Case
OPP-0004699,2024-08-02,Commit,Commit
OPP-0004700,2024-07-12,Pipeline,Pipeline
OPP-0004700,2024-07-19,Pipeline,Pipeline
OPP-0004700,2024-07-26,Best Case,Best Case
OPP-0004700,2024-08-02,Pipeline,Best Case
OPP-0004700,2024-08-09,Omitted,Pipeline
OPP-0004700,2024-08-16,Best Case,Best Case
OPP-0004701,2024-07-12,Best Case,Best Case
OPP-0004701,2024-07-19,Best Case,Best Case
OPP-0004701,2024-07-26,Best Case,Pipeline
OPP-0004701,2024-08-02,Best Case,Best Case
OPP-0004701,2024-08-09,Best Case,Pipeline
OPP-0004701,2024-08-16,Best Case,Best Case
OPP-0004701,2024-08-23,Best Case,Pipeline
OPP-0004701,2024-08-30,Best Case,Best Case
OPP-0004701,2024-09-06,Best Case,Best Case
OPP-0004701,2024-09-13,Commit,Commit
OPP-0004701,2024-09-20,Commit,Commit
OPP-0004701,2024-09-27,Commit,Commit
OPP-0004701,2024-10-04,Commit,Commit
OPP-0004701,2024-10-11,Commit,Commit
OPP-0004707,2024-07-19,Best Case,Best Case
OPP-0004707,2024-07-26,Best Case,Best Case
OPP-0004707,2024-08-02,Pipeline,Pipeline
OPP-0004708,2024-07-19,Omitted,Omitted
OPP-0004708,2024-07-26,Best Case,Pipeline
OPP-0004709,2024-07-19,Commit,Commit
OPP-0004709,2024-07-26,Commit,Commit
OPP-0004709,2024-08-02,Commit,Commit
OPP-0004709,2024-08-09,Commit,Commit
OPP-0004709,2024-08-16,Commit,Commit
OPP-0004712,2024-07-19,Commit,Commit
OPP-0004712,2024-07-26,Commit,Commit
OPP-0004718,2024-07-19,Omitted,Omitted
OPP-0004718,2024-07-26,Pipeline,Omitted
OPP-0004718,2024-08-02,Pipeline,Pipeline
OPP-0004718,2024-08-09,Pipeline,Pipeline
OPP-0004718,2024-08-16,Best Case,Pipeline
OPP-0004719,2024-07-19,Pipeline,Omitted
OPP-0004719,2024-07-26,Pipeline,Pipeline
OPP-0004719,2024-08-02,Best Case,Pipeline
OPP-0004725,2024-07-19,Commit,Commit
OPP-0004725,2024-07-26,Commit,Commit
OPP-0004726,2024-07-19,Best Case,Commit
OPP-0004726,2024-07-26,Best Case,Commit
OPP-0004726,2024-08-02,Commit,Best Case
OPP-0004726,2024-08-09,Best Case,Pipeline
OPP-0004726,2024-08-16,Commit,Commit
OPP-0004727,2024-07-19,Commit,Commit
OPP-0004727,2024-07-26,Commit,Commit
OPP-0004727,2024-08-02,Commit,Commit
OPP-0004727,2024-08-09,Commit,Commit
OPP-0004727,2024-08-16,Commit,Commit
OPP-0004728,2024-07-19,Omitted,Pipeline
OPP-0004728,2024-07-26,Best Case,Best Case
OPP-0004728,2024-08-02,Pipeline,Pipeline
OPP-0004732,2024-07-19,Commit,Commit
OPP-0004732,2024-07-26,Commit,Commit
OPP-0004733,2024-07-19,Pipeline,Omitted
OPP-0004733,2024-07-26,Pipeline,Pipeline
OPP-0004733,2024-08-02,Pipeline,Pipeline
OPP-0004733,2024-08-09,Pipeline,Pipeline
OPP-0004733,2024-08-16,Omitted,Omitted
OPP-0004733,2024-08-23,Omitted,Omitted
OPP-0004733,2024-08-30,Omitted,Omitted
OPP-0004733,2024-09-06,Omitted,Omitted
OPP-0004733,2024-09-13,Omitted,Omitted
OPP-0004733,2024-09-20,Omitted,Omitted
OPP-0004733,2024-09-27,Omitted,Omitted
OPP-0004738,2024-07-19,Commit,Commit
OPP-0004738,2024-07-26,Commit,Commit
OPP-0004738,2024-08-02,Commit,Commit
OPP-0004738,2024-08-09,Commit,Commit
OPP-0004738,2024-08-16,Commit,Commit
OPP-0004738,2024-08-23,Commit,Commit
OPP-0004738,2024-08-30,Commit,Commit
OPP-0004739,2024-07-19,Commit,Commit
OPP-0004739,2024-07-26,Commit,Commit
OPP-0004740,2024-07-19,Pipeline,Pipeline
OPP-0004740,2024-07-26,Pipeline,Pipeline
OPP-0004740,2024-08-02,Pipeline,Pipeline
OPP-0004740,2024-08-09,Best Case,Best Case
OPP-0004740,2024-08-16,Best Case,Best Case
OPP-0004740,2024-08-23,Best Case,Best Case
OPP-0004740,2024-08-30,Best Case,Best Case
OPP-0004745,2024-07-19,Commit,Commit
OPP-0004745,2024-07-26,Commit,Commit
OPP-0004745,2024-08-02,Commit,Commit
OPP-0004745,2024-08-09,Commit,Commit
OPP-0004745,2024-08-16,Commit,Commit
OPP-0004745,2024-08-23,Commit,Commit
OPP-0004745,2024-08-30,Commit,Commit
OPP-0004746,2024-07-19,Commit,Best Case
OPP-0004746,2024-07-26,Commit,Best Case
OPP-0004746,2024-08-02,Commit,Best Case
OPP-0004746,2024-08-09,Commit,Best Case
OPP-0004746,2024-08-16,Commit,Best Case
OPP-0004746,2024-08-23,Commit,Best Case
OPP-0004746,2024-08-30,Commit,Best Case
OPP-0004746,2024-09-06,Commit,Best Case
OPP-0004755,2024-07-26,Commit,Commit
OPP-0004755,2024-08-02,Commit,Commit
OPP-0004755,2024-08-09,Commit,Commit
OPP-0004755,2024-08-16,Commit,Commit
OPP-0004755,2024-08-23,Commit,Commit
OPP-0004755,2024-08-30,Commit,Commit
OPP-0004762,2024-07-26,Commit,Commit
OPP-0004762,2024-08-02,Commit,Commit
OPP-0004762,2024-08-09,Commit,Commit
OPP-0004762,2024-08-16,Commit,Commit
OPP-0004762,2024-08-23,Commit,Commit
OPP-0004762,2024-08-30,Commit,Commit
OPP-0004763,2024-07-26,Commit,Commit
OPP-0004763,2024-08-02,Commit,Commit
OPP-0004763,2024-08-09,Commit,Commit
OPP-0004763,2024-08-16,Commit,Commit
OPP-0004763,2024-08-23,Commit,Commit
OPP-0004763,2024-08-30,Commit,Commit
OPP-0004764,2024-07-26,Commit,Commit
OPP-0004764,2024-08-02,Commit,Commit
OPP-0004764,2024-08-09,Commit,Commit
OPP-0004764,2024-08-16,Commit,Commit
OPP-0004764,2024-08-23,Commit,Commit
OPP-0004764,2024-08-30,Commit,Commit
OPP-0004764,2024-09-06,Commit,Commit
OPP-0004764,2024-09-13,Commit,Commit
OPP-0004764,2024-09-20,Commit,Commit
OPP-0004764,2024-09-27,Commit,Commit
OPP-0004767,2024-07-26,Pipeline,Pipeline
OPP-0004767,2024-08-02,Commit,Best Case
OPP-0004767,2024-08-09,Commit,Commit
OPP-0004767,2024-08-16,Best Case,Best Case
OPP-0004767,2024-08-23,Best Case,Best Case
OPP-0004768,2024-07-26,Commit,Commit
OPP-0004768,2024-08-02,Commit,Best Case
OPP-0004768,2024-08-09,Commit,Best Case
OPP-0004768,2024-08-16,Commit,Best Case
OPP-0004769,2024-07-26,Commit,Commit
OPP-0004769,2024-08-02,Commit,Best Case
OPP-0004769,2024-08-09,Commit,Best Case
OPP-0004769,2024-08-16,Best Case,Pipeline
OPP-0004769,2024-08-23,Commit,Best Case
OPP-0004769,2024-08-30,Commit,Best Case
OPP-0004769,2024-09-06,Commit,Commit
OPP-0004769,2024-09-13,Commit,Commit
OPP-0004769,2024-09-20,Commit,Commit
OPP-0004769,2024-09-27,Commit,Commit
OPP-0004773,2024-07-26,Pipeline,Pipeline
OPP-0004773,2024-08-02,Best Case,Best Case
OPP-0004774,2024-07-26,Omitted,Pipeline
OPP-0004774,2024-08-02,Best Case,Best Case
OPP-0004774,2024-08-09,Best Case,Best Case
OPP-0004775,2024-07-26,Pipeline,Omitted
OPP-0004775,2024-08-02,Pipeline,Omitted
OPP-0004775,2024-08-09,Pipeline,Omitted
OPP-0004775,2024-08-16,Pipeline,Omitted
OPP-0004775,2024-08-23,Pipeline,Pipeline
OPP-0004775,2024-08-30,Pipeline,Pipeline
OPP-0004776,2024-07-26,Commit,Pipeline
OPP-0004776,2024-08-02,Best Case,Best Case
OPP-0004776,2024-08-09,Best Case,Best Case
OPP-0004777,2024-07-26,Commit,Commit
OPP-0004777,2024-08-02,Commit,Commit
OPP-0004777,2024-08-09,Commit,Commit
OPP-0004777,2024-08-16,Commit,Commit
OPP-0004777,2024-08-23,Best Case,Best Case
OPP-0004777,2024-08-30,Commit,Commit
OPP-0004780,2024-07-26,Pipeline,Omitted
OPP-0004780,2024-08-02,Omitted,Omitted
OPP-0004780,2024-08-09,Omitted,Omitted
OPP-0004780,2024-08-16,Pipeline,Omitted
OPP-0004780,2024-08-23,Pipeline,Pipeline
OPP-0004780,2024-08-30,Best Case,Best Case
OPP-0004781,2024-07-26,Pipeline,Pipeline
OPP-0004781,2024-08-02,Best Case,Best Case
OPP-0004782,2024-07-26,Pipeline,Pipeline
OPP-0004782,2024-08-02,Best Case,Best Case
OPP-0004783,2024-07-26,Best Case,Best Case
OPP-0004783,2024-08-02,Commit,Pipeline
OPP-0004783,2024-08-09,Commit,Commit
OPP-0004783,2024-08-16,Best Case,Best Case
OPP-0004784,2024-07-26,Commit,Commit
OPP-0004784,2024-08-02,Commit,Commit
OPP-0004784,2024-08-09,Commit,Commit
OPP-0004784,2024-08-16,Commit,Commit
OPP-0004784,2024-08-23,Commit,Commit
OPP-0004784,2024-08-30,Commit,Commit
OPP-0004784,2024-09-06,Commit,Commit
OPP-0004784,2024-09-13,Commit,Commit
OPP-0004784,2024-09-20,Commit,Commit
OPP-0004784,2024-09-27,Commit,Commit
OPP-0004785,2024-07-26,Commit,Best Case
OPP-0004785,2024-08-02,Commit,Commit
OPP-0004785,2024-08-09,Commit,Commit
OPP-0004785,2024-08-16,Commit,Commit
OPP-0004785,2024-08-23,Commit,Commit
OPP-0004785,2024-08-30,Commit,Commit
OPP-0004787,2024-07-26,Omitted,Omitted
OPP-0004787,2024-08-02,Best Case,Best Case
OPP-0004787,2024-08-09,Pipeline,Best Case
OPP-0004788,2024-07-26,Omitted,Omitted
OPP-0004788,2024-08-02,Pipeline,Pipeline
OPP-0004788,2024-08-09,Best Case,Best Case
OPP-0004788,2024-08-16,Pipeline,Pipeline
OPP-0004788,2024-08-23,Best Case,Pipeline
OPP-0004788,2024-08-30,Best Case,Pipeline
OPP-0004789,2024-07-26,Pipeline,Omitted
OPP-0004789,2024-08-02,Omitted,Pipeline
OPP-0004789,2024-08-09,Omitted,Omitted
OPP-0004789,2024-08-16,Pipeline,Omitted
OPP-0004789,2024-08-23,Pipeline,Pipeline
OPP-0004789,2024-08-30,Pipeline,Pipeline
OPP-0004789,2024-09-06,Omitted,Pipeline
OPP-0004789,2024-09-13,Pipeline,Pipeline
OPP-0004789,2024-09-20,Pipeline,Omitted
OPP-0004789,2024-09-27,Pipeline,Pipeline
OPP-0004789,2024-10-04,Pipeline,Pipeline
OPP-0004789,2024-10-11,Pipeline,Omitted
OPP-0004789,2024-10-18,Pipeline,Pipeline
OPP-0004789,2024-10-25,Pipeline,Pipeline
OPP-0004789,2024-11-01,Omitted,Omitted
OPP-0004789,2024-11-08,Omitted,Pipeline
OPP-0004789,2024-11-15,Omitted,Pipeline
OPP-0004789,2024-11-22,Pipeline,Pipeline
OPP-0004789,2024-11-29,Omitted,Omitted
OPP-0004789,2024-12-06,Pipeline,Omitted
OPP-0004789,2024-12-13,Omitted,Omitted
OPP-0004789,2024-12-20,Omitted,Omitted
OPP-0004790,2024-07-26,Pipeline,Omitted
OPP-0004790,2024-08-02,Pipeline,Omitted
OPP-0004790,2024-08-09,Pipeline,Pipeline
OPP-0004790,2024-08-16,Pipeline,Pipeline
OPP-0004790,2024-08-23,Best Case,Best Case
OPP-0004790,2024-08-30,Best Case,Best Case
OPP-0004790,2024-09-06,Best Case,Best Case
OPP-0004790,2024-09-13,Commit,Pipeline
OPP-0004790,2024-09-20,Best Case,Best Case
OPP-0004790,2024-09-27,Best Case,Best Case
OPP-0004790,2024-10-04,Best Case,Best Case
OPP-0004790,2024-10-11,Best Case,Pipeline
OPP-0004791,2024-07-26,Pipeline,Omitted
OPP-0004791,2024-08-02,Pipeline,Pipeline
OPP-0004791,2024-08-09,Omitted,Pipeline
OPP-0004791,2024-08-16,Pipeline,Pipeline
OPP-0004791,2024-08-23,Pipeline,Pipeline
OPP-0004791,2024-08-30,Pipeline,Pipeline
OPP-0004791,2024-09-06,Pipeline,Pipeline
OPP-0004791,2024-09-13,Pipeline,Pipeline
OPP-0004791,2024-09-20,Pipeline,Pipeline
OPP-0004791,2024-09-27,Pipeline,Pipeline
OPP-0004791,2024-10-04,Pipeline,Pipeline
OPP-0004791,2024-10-11,Pipeline,Pipeline
OPP-0004791,2024-10-18,Pipeline,Pipeline
OPP-0004791,2024-10-25,Pipeline,Pipeline
OPP-0004791,2024-11-01,Pipeline,Pipeline
OPP-0004791,2024-11-08,Omitted,Pipeline
OPP-0004791,2024-11-15,Pipeline,Omitted
OPP-0004791,2024-11-22,Pipeline,Pipeline
OPP-0004791,2024-11-29,Pipeline,Pipeline
OPP-0004791,2024-12-06,Omitted,Omitted
OPP-0004791,2024-12-13,Omitted,Pipeline
OPP-0004791,2024-12-20,Best Case,Commit
OPP-0004791,2024-12-27,Commit,Commit
OPP-0004792,2024-07-26,Best Case,Pipeline
OPP-0004792,2024-08-02,Commit,Best Case
OPP-0004792,2024-08-09,Best Case,Pipeline
OPP-0004792,2024-08-16,Commit,Best Case
OPP-0004792,2024-08-23,Commit,Best Case
OPP-0004792,2024-08-30,Commit,Commit
OPP-0004793,2024-07-26,Commit,Commit
OPP-0004793,2024-08-02,Commit,Commit
OPP-0004793,2024-08-09,Commit,Commit
OPP-0004793,2024-08-16,Commit,Commit
OPP-0004793,2024-08-23,Commit,Commit
OPP-0004793,2024-08-30,Commit,Commit
OPP-0004793,2024-09-06,Commit,Commit
OPP-0004793,2024-09-13,Commit,Commit
OPP-0004793,2024-09-20,Commit,Commit
OPP-0004793,2024-09-27,Commit,Commit
OPP-0004807,2024-08-02,Commit,Commit
OPP-0004807,2024-08-09,Commit,Commit
OPP-0004807,2024-08-16,Commit,Commit
OPP-0004807,2024-08-23,Commit,Commit
OPP-0004807,2024-08-30,Commit,Commit
OPP-0004808,2024-08-02,Commit,Commit
OPP-0004808,2024-08-09,Commit,Commit
OPP-0004808,2024-08-16,Commit,Commit
OPP-0004808,2024-08-23,Commit,Commit
OPP-0004808,2024-08-30,Commit,Commit
OPP-0004809,2024-08-02,Commit,Best Case
OPP-0004809,2024-08-09,Commit,Best Case
OPP-0004809,2024-08-16,Commit,Best Case
OPP-0004809,2024-08-23,Commit,Best Case
OPP-0004809,2024-08-30,Commit,Best Case
OPP-0004810,2024-08-02,Pipeline,Pipeline
OPP-0004810,2024-08-09,Best Case,Best Case
OPP-0004810,2024-08-16,Best Case,Best Case
OPP-0004810,2024-08-23,Best Case,Best Case
OPP-0004812,2024-08-02,Omitted,Pipeline
OPP-0004812,2024-08-09,Pipeline,Pipeline
OPP-0004813,2024-08-02,Best Case,Pipeline
OPP-0004813,2024-08-09,Best Case,Pipeline
OPP-0004813,2024-08-16,Best Case,Best Case
OPP-0004813,2024-08-23,Best Case,Pipeline
OPP-0004813,2024-08-30,Commit,Best Case
OPP-0004813,2024-09-06,Commit,Commit
OPP-0004813,2024-09-13,Commit,Commit
OPP-0004813,2024-09-20,Commit,Commit
OPP-0004813,2024-09-27,Commit,Commit
OPP-0004814,2024-08-02,Omitted,Omitted
OPP-0004814,2024-08-09,Pipeline,Omitted
OPP-0004814,2024-08-16,Pipeline,Pipeline
OPP-0004814,2024-08-23,Pipeline,Pipeline
OPP-0004814,2024-08-30,Pipeline,Pipeline
OPP-0004814,2024-09-06,Pipeline,Pipeline
OPP-0004814,2024-09-13,Pipeline,Pipeline
OPP-0004814,2024-09-20,Omitted,Omitted
OPP-0004814,2024-09-27,Pipeline,Pipeline
OPP-0004814,2024-10-04,Best Case,Pipeline
OPP-0004814,2024-10-11,Best Case,Best Case
OPP-0004822,2024-08-02,Pipeline,Omitted
OPP-0004822,2024-08-09,Best Case,Best Case
OPP-0004822,2024-08-16,Best Case,Best Case
OPP-0004823,2024-08-02,Pipeline,Pipeline
OPP-0004823,2024-08-09,Pipeline,Pipeline
OPP-0004823,2024-08-16,Best Case,Best Case
OPP-0004824,2024-08-02,Pipeline,Omitted
OPP-0004824,2024-08-09,Best Case,Best Case
OPP-0004824,2024-08-16,Best Case,Best Case
OPP-0004825,2024-08-02,Pipeline,Pipeline
OPP-0004825,2024-08-09,Pipeline,Omitted
OPP-0004825,2024-08-16,Pipeline,Pipeline
OPP-0004825,2024-08-23,Pipeline,Omitted
OPP-0004825,2024-08-30,Pipeline,Pipeline
OPP-0004825,2024-09-06,Best Case,Best Case
OPP-0004825,2024-09-13,Best Case,Best Case
OPP-0004825,2024-09-20,Best Case,Best Case
OPP-0004825,2024-09-27,Best Case,Best Case
OPP-0004825,2024-10-04,Best Case,Best Case
OPP-0004825,2024-10-11,Best Case,Best Case
OPP-0004825,2024-10-18,Best Case,Best Case
OPP-0004825,2024-10-25,Commit,Commit
OPP-0004825,2024-11-01,Commit,Best Case
OPP-0004825,2024-11-08,Commit,Commit
OPP-0004826,2024-08-02,Commit,Commit
OPP-0004826,2024-08-09,Commit,Commit
OPP-0004826,2024-08-16,Commit,Commit
OPP-0004826,2024-08-23,Commit,Commit
OPP-0004826,2024-08-30,Commit,Commit
OPP-0004827,2024-08-02,Omitted,Omitted
OPP-0004827,2024-08-09,Omitted,Omitted
OPP-0004827,2024-08-16,Pipeline,Omitted
OPP-0004828,2024-08-02,Commit,Commit
OPP-0004828,2024-08-09,Commit,Commit
OPP-0004828,2024-08-16,Commit,Commit
OPP-0004828,2024-08-23,Commit,Commit
OPP-0004828,2024-08-30,Commit,Commit
OPP-0004828,2024-09-06,Commit,Commit
OPP-0004828,2024-09-13,Commit,Commit
OPP-0004828,2024-09-20,Commit,Commit
OPP-0004828,2024-09-27,Commit,Commit
OPP-0004829,2024-08-02,Pipeline,Omitted
OPP-0004829,2024-08-09,Pipeline,Omitted
OPP-0004829,2024-08-16,Pipeline,Omitted
OPP-0004829,2024-08-23,Omitted,Omitted
OPP-0004829,2024-08-30,Pipeline,Omitted
OPP-0004829,2024-09-06,Pipeline,Omitted
OPP-0004829,2024-09-13,Pipeline,Pipeline
OPP-0004829,2024-09-20,Pipeline,Pipeline
OPP-0004829,2024-09-27,Pipeline,Pipeline
OPP-0004829,2024-10-04,Best Case,Best Case
OPP-0004829,2024-10-11,Pipeline,Pipeline
OPP-0004829,2024-10-18,Pipeline,Pipeline
OPP-0004829,2024-10-25,Commit,Pipeline
OPP-0004829,2024-11-01,Best Case,Best Case
OPP-0004829,2024-11-08,Best Case,Best Case
OPP-0004829,2024-11-15,Best Case,Best Case
OPP-0004829,2024-11-22,Best Case,Best Case
OPP-0004829,2024-11-29,Best Case,Best Case
OPP-0004829,2024-12-06,Best Case,Best Case
OPP-0004829,2024-12-13,Pipeline,Pipeline
OPP-0004829,2024-12-20,Best Case,Best Case
OPP-0004829,2024-12-27,Commit,Commit
OPP-0004829,2025-01-03,Commit,Commit
OPP-0004832,2024-08-02,Commit,Commit
OPP-0004832,2024-08-09,Commit,Commit
OPP-0004832,2024-08-16,Commit,Commit
OPP-0004832,2024-08-23,Commit,Commit
OPP-0004832,2024-08-30,Commit,Commit
OPP-0004833,2024-08-02,Omitted,Omitted
OPP-0004833,2024-08-09,Pipeline,Omitted
OPP-0004833,2024-08-16,Pipeline,Pipeline
OPP-0004833,2024-08-23,Pipeline,Omitted
OPP-0004839,2024-08-09,Best Case,Pipeline
OPP-0004839,2024-08-16,Best Case,Pipeline
OPP-0004839,2024-08-23,Commit,Best Case
OPP-0004839,2024-08-30,Commit,Best Case
OPP-0004839,2024-09-06,Commit,Commit
OPP-0004839,2024-09-13,Commit,Commit
OPP-0004839,2024-09-20,Commit,Commit
OPP-0004839,2024-09-27,Commit,Commit
OPP-0004839,2024-10-04,Commit,Commit
OPP-0004839,2024-10-11,Commit,Commit
OPP-0004839,2024-10-18,Commit,Commit
OPP-0004839,2024-10-25,Commit,Commit
OPP-0004843,2024-08-09,Commit,Commit
OPP-0004843,2024-08-16,Commit,Commit
OPP-0004843,2024-08-23,Commit,Commit
OPP-0004843,2024-08-30,Commit,Commit
OPP-0004844,2024-08-09,Commit,Commit
OPP-0004844,2024-08-16,Commit,Commit
OPP-0004844,2024-08-23,Commit,Commit
OPP-0004844,2024-08-30,Commit,Commit
OPP-0004845,2024-08-09,Commit,Best Case
OPP-0004845,2024-08-16,Commit,Best Case
OPP-0004845,2024-08-23,Commit,Best Case
OPP-0004845,2024-08-30,Commit,Best Case
OPP-0004845,2024-09-06,Commit,Commit
OPP-0004854,2024-08-09,Commit,Commit
OPP-0004854,2024-08-16,Commit,Commit
OPP-0004854,2024-08-23,Commit,Commit
OPP-0004854,2024-08-30,Commit,Commit
OPP-0004854,2024-09-06,Commit,Commit
OPP-0004854,2024-09-13,Commit,Commit
OPP-0004855,2024-08-09,Pipeline,Pipeline
OPP-0004855,2024-08-16,Best Case,Best Case
OPP-0004855,2024-08-23,Best Case,Best Case
OPP-0004855,2024-08-30,Pipeline,Pipeline
OPP-0004855,2024-09-06,Best Case,Best Case
OPP-0004855,2024-09-13,Best Case,Best Case
OPP-0004855,2024-09-20,Best Case,Best Case
OPP-0004855,2024-09-27,Best Case,Best Case
OPP-0004855,2024-10-04,Commit,Pipeline
OPP-0004855,2024-10-11,Commit,Commit
OPP-0004855,2024-10-18,Commit,Best Case
OPP-0004855,2024-10-25,Commit,Commit
OPP-0004855,2024-11-01,Commit,Commit
OPP-0004855,2024-11-08,Commit,Commit
OPP-0004855,2024-11-15,Commit,Commit
OPP-0004861,2024-08-09,Commit,Best Case
OPP-0004861,2024-08-16,Commit,Best Case
OPP-0004861,2024-08-23,Commit,Best Case
OPP-0004861,2024-08-30,Commit,Commit
OPP-0004862,2024-08-09,Pipeline,Omitted
OPP-0004862,2024-08-16,Omitted,Omitted
OPP-0004862,2024-08-23,Omitted,Omitted
OPP-0004862,2024-08-30,Pipeline,Pipeline
OPP-0004862,2024-09-06,Pipeline,Omitted
OPP-0004862,2024-09-13,Best Case,Best Case
OPP-0004863,2024-08-09,Pipeline,Omitted
OPP-0004863,2024-08-16,Omitted,Pipeline
OPP-0004863,2024-08-23,Pipeline,Best Case
OPP-0004863,2024-08-30,Best Case,Best Case
OPP-0004863,2024-09-06,Pipeline,Pipeline
OPP-0004864,2024-08-09,Commit,Commit
OPP-0004864,2024-08-16,Commit,Commit
OPP-0004864,2024-08-23,Commit,Commit
OPP-0004864,2024-08-30,Commit,Best Case
OPP-0004864,2024-09-06,Commit,Commit
OPP-0004864,2024-09-13,Commit,Best Case
OPP-0004864,2024-09-20,Commit,Best Case
OPP-0004864,2024-09-27,Commit,Best Case
OPP-0004864,2024-10-04,Commit,Best Case
OPP-0004864,2024-10-11,Commit,Best Case
OPP-0004864,2024-10-18,Commit,Best Case
OPP-0004865,2024-08-09,Commit,Commit
OPP-0004865,2024-08-16,Commit,Commit
OPP-0004865,2024-08-23,Commit,Commit
OPP-0004865,2024-08-30,Commit,Commit
OPP-0004865,2024-09-06,Commit,Commit
OPP-0004865,2024-09-13,Commit,Commit
OPP-0004865,2024-09-20,Commit,Commit
OPP-0004865,2024-09-27,Commit,Commit
OPP-0004865,2024-10-04,Commit,Commit
OPP-0004865,2024-10-11,Commit,Commit
OPP-0004865,2024-10-18,Commit,Commit
OPP-0004865,2024-10-25,Commit,Commit
OPP-0004873,2024-08-09,Commit,Commit
OPP-0004873,2024-08-16,Commit,Commit
OPP-0004873,2024-08-23,Commit,Commit
OPP-0004873,2024-08-30,Commit,Commit
OPP-0004874,2024-08-09,Pipeline,Pipeline
OPP-0004874,2024-08-16,Pipeline,Pipeline
OPP-0004874,2024-08-23,Pipeline,Pipeline
OPP-0004874,2024-08-30,Pipeline,Pipeline
OPP-0004874,2024-09-06,Best Case,Best Case
OPP-0004875,2024-08-09,Best Case,Best Case
OPP-0004875,2024-08-16,Best Case,Pipeline
OPP-0004875,2024-08-23,Commit,Commit
OPP-0004875,2024-08-30,Best Case,Best Case
OPP-0004875,2024-09-06,Commit,Commit
OPP-0004876,2024-08-09,Commit,Best Case
OPP-0004876,2024-08-16,Best Case,Pipeline
OPP-0004876,2024-08-23,Commit,Best Case
OPP-0004876,2024-08-30,Commit,Commit
OPP-0004876,2024-09-06,Commit,Commit
OPP-0004878,2024-08-09,Commit,Commit
OPP-0004878,2024-08-16,Commit,Commit
OPP-0004878,2024-08-23,Commit,Commit
OPP-0004878,2024-08-30,Commit,Commit
OPP-0004888,2024-08-09,Pipeline,Pipeline
OPP-0004888,2024-08-16,Best Case,Best Case
OPP-0004888,2024-08-23,Best Case,Pipeline
OPP-0004888,2024-08-30,Pipeline,Pipeline
OPP-0004888,2024-09-06,Pipeline,Pipeline
OPP-0004888,2024-09-13,Best Case,Omitted
OPP-0004888,2024-09-20,Best Case,Best Case
OPP-0004888,2024-09-27,Best Case,Best Case
OPP-0004888,2024-10-04,Best Case,Pipeline
OPP-0004888,2024-10-11,Best Case,Best Case
OPP-0004888,2024-10-18,Best Case,Best Case
OPP-0004888,2024-10-25,Best Case,Pipeline
OPP-0004888,2024-11-01,Pipeline,Pipeline
OPP-0004888,2024-11-08,Pipeline,Pipeline
OPP-0004888,2024-11-15,Pipeline,Pipeline
OPP-0004888,2024-11-22,Best Case,Best Case
OPP-0004888,2024-11-29,Best Case,Best Case
OPP-0004888,2024-12-06,Commit,Pipeline
OPP-0004888,2024-12-13,Best Case,Pipeline
OPP-0004888,2024-12-20,Best Case,Pipeline
OPP-0004888,2024-12-27,Best Case,Pipeline
OPP-0004888,2025-01-03,Best Case,Pipeline
OPP-0004889,2024-08-09,Best Case,Pipeline
OPP-0004889,2024-08-16,Best Case,Best Case
OPP-0004896,2024-08-16,Pipeline,Pipeline
OPP-0004896,2024-08-23,Omitted,Pipeline
OPP-0004896,2024-08-30,Pipeline,Omitted
OPP-0004896,2024-09-06,Omitted,Pipeline
OPP-0004896,2024-09-13,Omitted,Pipeline
OPP-0004896,2024-09-20,Pipeline,Pipeline
OPP-0004896,2024-09-27,Pipeline,Pipeline
OPP-0004896,2024-10-04,Pipeline,Pipeline
OPP-0004896,2024-10-11,Pipeline,Omitted
OPP-0004896,2024-10-18,Pipeline,Pipeline
OPP-0004896,2024-10-25,Pipeline,Pipeline
OPP-0004896,2024-11-01,Omitted,Pipeline
OPP-0004896,2024-11-08,Omitted,Pipeline
OPP-0004896,2024-11-15,Pipeline,Best Case
OPP-0004896,2024-11-22,Best Case,Commit
OPP-0004896,2024-11-29,Commit,Commit
OPP-0004896,2024-12-06,Commit,Commit
OPP-0004896,2024-12-13,Best Case,Commit
OPP-0004896,2024-12-20,Commit,Commit
OPP-0004897,2024-08-16,Pipeline,Pipeline
OPP-0004897,2024-08-23,Pipeline,Omitted
OPP-0004897,2024-08-30,Best Case,Best Case
OPP-0004897,2024-09-06,Best Case,Best Case
OPP-0004897,2024-09-13,Best Case,Best Case
OPP-0004904,2024-08-16,Pipeline,Omitted
OPP-0004904,2024-08-23,Pipeline,Pipeline
OPP-0004904,2024-08-30,Best Case,Best Case
OPP-0004904,2024-09-06,Pipeline,Pipeline
OPP-0004904,2024-09-13,Pipeline,Pipeline
OPP-0004916,2024-08-16,Commit,Commit
OPP-0004916,2024-08-23,Commit,Commit
OPP-0004916,2024-08-30,Commit,Commit
OPP-0004917,2024-08-16,Commit,Commit
OPP-0004917,2024-08-23,Commit,Commit
OPP-0004917,2024-08-30,Commit,Commit
OPP-0004917,2024-09-06,Commit,Commit
OPP-0004917,2024-09-13,Commit,Commit
OPP-0004917,2024-09-20,Commit,Commit
OPP-0004917,2024-09-27,Commit,Commit
OPP-0004917,2024-10-04,Commit,Commit
OPP-0004917,2024-10-11,Commit,Commit
OPP-0004917,2024-10-18,Commit,Commit
OPP-0004917,2024-10-25,Commit,Commit
OPP-0004917,2024-11-01,Commit,Commit
OPP-0004920,2024-08-16,Commit,Commit
OPP-0004920,2024-08-23,Commit,Commit
OPP-0004920,2024-08-30,Commit,Commit
OPP-0004921,2024-08-16,Omitted,Omitted
OPP-0004921,2024-08-23,Pipeline,Pipeline
OPP-0004921,2024-08-30,Pipeline,Pipeline
OPP-0004921,2024-09-06,Pipeline,Pipeline
OPP-0004922,2024-08-16,Pipeline,Omitted
OPP-0004922,2024-08-23,Best Case,Best Case
OPP-0004922,2024-08-30,Best Case,Best Case
OPP-0004923,2024-08-16,Commit,Commit
OPP-0004923,2024-08-23,Commit,Commit
OPP-0004923,2024-08-30,Commit,Commit
OPP-0004923,2024-09-06,Commit,Commit
OPP-0004923,2024-09-13,Commit,Commit
OPP-0004923,2024-09-20,Commit,Commit
OPP-0004923,2024-09-27,Commit,Commit
OPP-0004923,2024-10-04,Commit,Commit
OPP-0004929,2024-08-23,Commit,Commit
OPP-0004929,2024-08-30,Commit,Commit
OPP-0004930,2024-08-23,Commit,Commit
OPP-0004930,2024-08-30,Commit,Commit
OPP-0004931,2024-08-23,Commit,Commit
OPP-0004931,2024-08-30,Commit,Commit
OPP-0004932,2024-08-23,Pipeline,Omitted
OPP-0004932,2024-08-30,Pipeline,Omitted
OPP-0004932,2024-09-06,Best Case,Omitted
OPP-0004932,2024-09-13,Best Case,Pipeline
OPP-0004932,2024-09-20,Pipeline,Pipeline
OPP-0004932,2024-09-27,Best Case,Omitted
OPP-0004932,2024-10-04,Pipeline,Omitted
OPP-0004932,2024-10-11,Pipeline,Omitted
OPP-0004932,2024-10-18,Pipeline,Omitted
OPP-0004932,2024-10-25,Pipeline,Pipeline
OPP-0004932,2024-11-01,Pipeline,Omitted
OPP-0004932,2024-11-08,Pipeline,Omitted
OPP-0004932,2024-11-15,Pipeline,Omitted
OPP-0004932,2024-11-22,Pipeline,Omitted
OPP-0004932,2024-11-29,Omitted,Omitted
OPP-0004932,2024-12-06,Pipeline,Omitted
OPP-0004932,2024-12-13,Pipeline,Omitted
OPP-0004932,2024-12-20,Pipeline,Omitted
OPP-0004932,2024-12-27,Pipeline,Omitted
OPP-0004932,2025-01-03,Pipeline,Omitted
OPP-0004932,2025-01-10,Best Case,Pipeline
OPP-0004932,2025-01-17,Pipeline,Omitted
OPP-0004932,2025-01-24,Pipeline,Omitted
OPP-0004933,2024-08-23,Pipeline,Omitted
OPP-0004933,2024-08-30,Omitted,Omitted
OPP-0004933,2024-09-06,Pipeline,Pipeline
OPP-0004933,2024-09-13,Pipeline,Pipeline
OPP-0004933,2024-09-20,Best Case,Best Case
OPP-0004945,2024-08-23,Commit,Commit
OPP-0004945,2024-08-30,Commit,Commit
OPP-0004945,2024-09-06,Commit,Commit
OPP-0004945,2024-09-13,Commit,Commit
OPP-0004945,2024-09-20,Commit,Commit
OPP-0004945,2024-09-27,Commit,Commit
OPP-0004946,2024-08-23,Commit,Commit
OPP-0004946,2024-08-30,Commit,Commit
OPP-0004946,2024-09-06,Commit,Commit
OPP-0004946,2024-09-13,Commit,Commit
OPP-0004946,2024-09-20,Commit,Commit
OPP-0004946,2024-09-27,Commit,Commit
OPP-0004947,2024-08-23,Commit,Pipeline
OPP-0004947,2024-08-30,Best Case,Best Case
OPP-0004947,2024-09-06,Commit,Commit
OPP-0004954,2024-08-23,Best Case,Best Case
OPP-0004954,2024-08-30,Best Case,Best Case
OPP-0004954,2024-09-06,Best Case,Omitted
OPP-0004954,2024-09-13,Best Case,Best Case
OPP-0004958,2024-08-23,Commit,Commit
OPP-0004958,2024-08-30,Commit,Commit
OPP-0004958,2024-09-06,Commit,Commit
OPP-0004958,2024-09-13,Commit,Commit
OPP-0004958,2024-09-20,Commit,Commit
OPP-0004958,2024-09-27,Commit,Commit
OPP-0004959,2024-08-23,Commit,Commit
OPP-0004959,2024-08-30,Commit,Commit
OPP-0004959,2024-09-06,Commit,Commit
OPP-0004959,2024-09-13,Commit,Commit
OPP-0004959,2024-09-20,Commit,Commit
OPP-0004959,2024-09-27,Commit,Commit
OPP-0004959,2024-10-04,Commit,Commit
OPP-0004959,2024-10-11,Commit,Commit
OPP-0004959,2024-10-18,Commit,Commit
OPP-0004959,2024-10-25,Commit,Commit
OPP-0004959,2024-11-01,Commit,Commit
OPP-0004966,2024-08-23,Omitted,Pipeline
OPP-0004966,2024-08-30,Pipeline,Omitted
OPP-0004966,2024-09-06,Omitted,Omitted
OPP-0004966,2024-09-13,Pipeline,Pipeline
OPP-0004966,2024-09-20,Best Case,Best Case
OPP-0004966,2024-09-27,Best Case,Best Case
OPP-0004976,2024-08-23,Commit,Commit
OPP-0004976,2024-08-30,Commit,Commit
OPP-0004976,2024-09-06,Commit,Commit
OPP-0004976,2024-09-13,Commit,Commit
OPP-0004976,2024-09-20,Commit,Commit
OPP-0004976,2024-09-27,Commit,Commit
OPP-0004977,2024-08-23,Omitted,Omitted
OPP-0004977,2024-08-30,Omitted,Omitted
OPP-0004977,2024-09-06,Omitted,Omitted
OPP-0004977,2024-09-13,Pipeline,Pipeline
OPP-0004979,2024-08-30,Pipeline,Omitted
OPP-0004979,2024-09-06,Pipeline,Omitted
OPP-0004979,2024-09-13,Pipeline,Pipeline
OPP-0004979,2024-09-20,Pipeline,Pipeline
OPP-0004979,2024-09-27,Best Case,Best Case
OPP-0004979,2024-10-04,Best Case,Best Case
OPP-0004985,2024-08-30,Omitted,Omitted
OPP-0004985,2024-09-06,Best Case,Best Case
OPP-0004985,2024-09-13,Pipeline,Pipeline
OPP-0004996,2024-08-30,Pipeline,Omitted
OPP-0004996,2024-09-06,Omitted,Omitted
OPP-0004996,2024-09-13,Best Case,Best Case
OPP-0005004,2024-08-30,Commit,Commit
OPP-0005004,2024-09-06,Commit,Commit
OPP-0005004,2024-09-13,Commit,Commit
OPP-0005004,2024-09-20,Commit,Commit
OPP-0005004,2024-09-27,Commit,Commit
OPP-0005005,2024-08-30,Commit,Commit
OPP-0005005,2024-09-06,Commit,Commit
OPP-0005005,2024-09-13,Commit,Commit
OPP-0005005,2024-09-20,Commit,Commit
OPP-0005005,2024-09-27,Commit,Commit
OPP-0005006,2024-08-30,Commit,Best Case
OPP-0005006,2024-09-06,Commit,Best Case
OPP-0005006,2024-09-13,Commit,Commit
OPP-0005006,2024-09-20,Commit,Commit
OPP-0005006,2024-09-27,Commit,Best Case
OPP-0005007,2024-08-30,Omitted,Omitted
OPP-0005007,2024-09-06,Omitted,Omitted
OPP-0005007,2024-09-13,Pipeline,Pipeline
OPP-0005007,2024-09-20,Pipeline,Omitted
OPP-0005007,2024-09-27,Pipeline,Pipeline
OPP-0005007,2024-10-04,Pipeline,Pipeline
OPP-0005020,2024-08-30,Pipeline,Pipeline
OPP-0005020,2024-09-06,Pipeline,Pipeline
OPP-0005020,2024-09-13,Pipeline,Pipeline
OPP-0005020,2024-09-20,Commit,Commit
OPP-0005024,2024-08-30,Omitted,Omitted
OPP-0005024,2024-09-06,Pipeline,Pipeline
OPP-0005024,2024-09-13,Pipeline,Pipeline
OPP-0005024,2024-09-20,Pipeline,Pipeline
OPP-0005024,2024-09-27,Best Case,Pipeline
OPP-0005025,2024-08-30,Commit,Best Case
OPP-0005025,2024-09-06,Best Case,Pipeline
OPP-0005025,2024-09-13,Commit,Best Case
OPP-0005025,2024-09-20,Commit,Best Case
OPP-0005025,2024-09-27,Commit,Best Case
OPP-0005026,2024-08-30,Commit,Commit
OPP-0005026,2024-09-06,Commit,Commit
OPP-0005026,2024-09-13,Best Case,Commit
OPP-0005026,2024-09-20,Commit,Commit
OPP-0005026,2024-09-27,Commit,Commit
OPP-0005026,2024-10-04,Commit,Commit
OPP-0005026,2024-10-11,Commit,Commit
OPP-0005026,2024-10-18,Commit,Commit
OPP-0005026,2024-10-25,Commit,Commit
OPP-0005027,2024-08-30,Commit,Commit
OPP-0005027,2024-09-06,Commit,Commit
OPP-0005027,2024-09-13,Commit,Commit
OPP-0005027,2024-09-20,Commit,Commit
OPP-0005027,2024-09-27,Commit,Commit
OPP-0005027,2024-10-04,Commit,Commit
OPP-0005027,2024-10-11,Commit,Commit
OPP-0005027,2024-10-18,Commit,Commit
OPP-0005027,2024-10-25,Commit,Commit
OPP-0005028,2024-08-30,Pipeline,Omitted
OPP-0005028,2024-09-06,Best Case,Omitted
OPP-0005028,2024-09-13,Pipeline,Omitted
OPP-0005028,2024-09-20,Omitted,Pipeline
OPP-0005028,2024-09-27,Pipeline,Omitted
OPP-0005028,2024-10-04,Pipeline,Omitted
OPP-0005028,2024-10-11,Pipeline,Pipeline
OPP-0005028,2024-10-18,Pipeline,Omitted
OPP-0005028,2024-10-25,Pipeline,Omitted
OPP-0005028,2024-11-01,Pipeline,Omitted
OPP-0005028,2024-11-08,Pipeline,Omitted
OPP-0005028,2024-11-15,Pipeline,Omitted
OPP-0005028,2024-11-22,Pipeline,Pipeline
OPP-0005028,2024-11-29,Pipeline,Pipeline
OPP-0005028,2024-12-06,Commit,Best Case
OPP-0005028,2024-12-13,Commit,Pipeline
OPP-0005028,2024-12-20,Best Case,Best Case
OPP-0005029,2024-08-30,Best Case,Pipeline
OPP-0005029,2024-09-06,Commit,Commit
OPP-0005029,2024-09-13,Commit,Commit
OPP-0005029,2024-09-20,Commit,Commit
OPP-0005029,2024-09-27,Commit,Commit
OPP-0005029,2024-10-04,Commit,Commit
OPP-0005029,2024-10-11,Commit,Commit
OPP-0005029,2024-10-18,Commit,Commit
OPP-0005029,2024-10-25,Commit,Commit
OPP-0005030,2024-08-30,Omitted,Pipeline
OPP-0005030,2024-09-06,Pipeline,Pipeline
OPP-0005030,2024-09-13,Pipeline,Pipeline
OPP-0005030,2024-09-20,Best Case,Best Case
OPP-0005030,2024-09-27,Pipeline,Pipeline
OPP-0005030,2024-10-04,Pipeline,Pipeline
OPP-0005031,2024-09-06,Best Case,Best Case
OPP-0005031,2024-09-13,Best Case,Best Case
OPP-0005031,2024-09-20,Commit,Pipeline
OPP-0005031,2024-09-27,Commit,Pipeline
OPP-0005031,2024-10-04,Best Case,Best Case
OPP-0005031,2024-10-11,Best Case,Best Case
OPP-0005031,2024-10-18,Commit,Commit
OPP-0005031,2024-10-25,Pipeline,Pipeline
OPP-0005031,2024-11-01,Pipeline,Pipeline
OPP-0005031,2024-11-08,Pipeline,Pipeline
OPP-0005031,2024-11-15,Best Case,Pipeline
OPP-0005032,2024-09-06,Pipeline,Pipeline
OPP-0005032,2024-09-13,Pipeline,Pipeline
OPP-0005032,2024-09-20,Pipeline,Pipeline
OPP-0005032,2024-09-27,Pipeline,Pipeline
OPP-0005032,2024-10-04,Pipeline,Best Case
OPP-0005032,2024-10-11,Best Case,Best Case
OPP-0005032,2024-10-18,Best Case,Pipeline
OPP-0005032,2024-10-25,Best Case,Commit
OPP-0005032,2024-11-01,Commit,Best Case
OPP-0005032,2024-11-08,Best Case,Pipeline
OPP-0005032,2024-11-15,Commit,Best Case
OPP-0005033,2024-09-06,Commit,Commit
OPP-0005033,2024-09-13,Commit,Commit
OPP-0005033,2024-09-20,Commit,Commit
OPP-0005033,2024-09-27,Commit,Commit
OPP-0005033,2024-10-04,Commit,Commit
OPP-0005033,2024-10-11,Commit,Commit
OPP-0005033,2024-10-18,Commit,Commit
OPP-0005033,2024-10-25,Commit,Commit
OPP-0005033,2024-11-01,Commit,Commit
OPP-0005033,2024-11-08,Commit,Commit
OPP-0005033,2024-11-15,Commit,Commit
OPP-0005033,2024-11-22,Commit,Commit
OPP-0005033,2024-11-29,Commit,Commit
OPP-0005034,2024-09-06,Pipeline,Pipeline
OPP-0005034,2024-09-13,Pipeline,Pipeline
OPP-0005034,2024-09-20,Pipeline,Pipeline
OPP-0005034,2024-09-27,Pipeline,Best Case
OPP-0005034,2024-10-04,Pipeline,Best Case
OPP-0005034,2024-10-11,Best Case,Best Case
OPP-0005035,2024-09-06,Best Case,Best Case
OPP-0005035,2024-09-13,Pipeline,Pipeline
OPP-0005035,2024-09-20,Best Case,Pipeline
OPP-0005035,2024-09-27,Pipeline,Pipeline
OPP-0005035,2024-10-04,Pipeline,Pipeline
OPP-0005036,2024-09-06,Commit,Commit
OPP-0005036,2024-09-13,Commit,Commit
OPP-0005036,2024-09-20,Commit,Commit
OPP-0005036,2024-09-27,Commit,Commit
OPP-0005036,2024-10-04,Commit,Commit
OPP-0005036,2024-10-11,Commit,Commit
OPP-0005036,2024-10-18,Commit,Commit
OPP-0005036,2024-10-25,Commit,Commit
OPP-0005043,2024-09-06,Commit,Commit
OPP-0005043,2024-09-13,Commit,Commit
OPP-0005043,2024-09-20,Commit,Commit
OPP-0005043,2024-09-27,Commit,Commit
OPP-0005044,2024-09-06,Omitted,Omitted
OPP-0005044,2024-09-13,Pipeline,Pipeline
OPP-0005044,2024-09-20,Pipeline,Pipeline
OPP-0005044,2024-09-27,Pipeline,Pipeline
OPP-0005044,2024-10-04,Best Case,Best Case
OPP-0005044,2024-10-11,Commit,Pipeline
OPP-0005044,2024-10-18,Best Case,Best Case
OPP-0005044,2024-10-25,Best Case,Best Case
OPP-0005044,2024-11-01,Best Case,Best Case
OPP-0005044,2024-11-08,Best Case,Best Case
OPP-0005044,2024-11-15,Pipeline,Pipeline
OPP-0005044,2024-11-22,Best Case,Best Case
OPP-0005044,2024-11-29,Best Case,Best Case
OPP-0005044,2024-12-06,Best Case,Best Case
OPP-0005044,2024-12-13,Best Case,Pipeline
OPP-0005044,2024-12-20,Commit,Best Case
OPP-0005044,2024-12-27,Pipeline,Omitted
OPP-0005044,2025-01-03,Pipeline,Pipeline
OPP-0005044,2025-01-10,Pipeline,Pipeline
OPP-0005044,2025-01-17,Best Case,Pipeline
OPP-0005045,2024-09-06,Best Case,Best Case
OPP-0005045,2024-09-13,Commit,Commit
OPP-0005045,2024-09-20,Commit,Commit
OPP-0005051,2024-09-06,Best Case,Omitted
OPP-0005051,2024-09-13,Best Case,Pipeline
OPP-0005051,2024-09-20,Best Case,Pipeline
OPP-0005051,2024-09-27,Best Case,Best Case
OPP-0005051,2024-10-04,Commit,Pipeline
OPP-0005057,2024-09-06,Pipeline,Omitted
OPP-0005057,2024-09-13,Omitted,Omitted
OPP-0005057,2024-09-20,Pipeline,Pipeline
OPP-0005057,2024-09-27,Pipeline,Best Case
OPP-0005057,2024-10-04,Pipeline,Best Case
OPP-0005058,2024-09-06,Omitted,Omitted
OPP-0005058,2024-09-13,Pipeline,Omitted
OPP-0005058,2024-09-20,Pipeline,Omitted
OPP-0005058,2024-09-27,Pipeline,Omitted
OPP-0005058,2024-10-04,Pipeline,Omitted
OPP-0005058,2024-10-11,Pipeline,Omitted
OPP-0005058,2024-10-18,Omitted,Omitted
OPP-0005058,2024-10-25,Omitted,Omitted
OPP-0005058,2024-11-01,Omitted,Omitted
OPP-0005062,2024-09-06,Commit,Commit
OPP-0005062,2024-09-13,Commit,Commit
OPP-0005062,2024-09-20,Commit,Commit
OPP-0005062,2024-09-27,Commit,Commit
OPP-0005062,2024-10-04,Commit,Commit
OPP-0005063,2024-09-06,Best Case,Best Case
OPP-0005063,2024-09-13,Pipeline,Best Case
OPP-0005063,2024-09-20,Pipeline,Pipeline
OPP-0005063,2024-09-27,Pipeline,Pipeline
OPP-0005069,2024-09-06,Commit,Commit
OPP-0005069,2024-09-13,Commit,Commit
OPP-0005069,2024-09-20,Commit,Commit
OPP-0005069,2024-09-27,Commit,Commit
OPP-0005070,2024-09-06,Commit,Commit
OPP-0005070,2024-09-13,Commit,Commit
OPP-0005070,2024-09-20,Commit,Commit
OPP-0005070,2024-09-27,Commit,Commit
OPP-0005071,2024-09-06,Commit,Commit
OPP-0005071,2024-09-13,Commit,Commit
OPP-0005071,2024-09-20,Commit,Commit
OPP-0005071,2024-09-27,Commit,Commit
OPP-0005072,2024-09-06,Commit,Commit
OPP-0005072,2024-09-13,Commit,Commit
OPP-0005072,2024-09-20,Commit,Commit
OPP-0005072,2024-09-27,Commit,Commit
OPP-0005072,2024-10-04,Commit,Commit
OPP-0005072,2024-10-11,Commit,Commit
OPP-0005072,2024-10-18,Commit,Commit
OPP-0005072,2024-10-25,Commit,Commit
OPP-0005073,2024-09-06,Commit,Commit
OPP-0005073,2024-09-13,Commit,Commit
OPP-0005073,2024-09-20,Commit,Commit
OPP-0005073,2024-09-27,Commit,Commit
OPP-0005073,2024-10-04,Commit,Commit
OPP-0005073,2024-10-11,Commit,Commit
OPP-0005073,2024-10-18,Commit,Commit
OPP-0005073,2024-10-25,Commit,Commit
OPP-0005074,2024-09-06,Best Case,Pipeline
OPP-0005074,2024-09-13,Best Case,Pipeline
OPP-0005074,2024-09-20,Commit,Commit
OPP-0005074,2024-09-27,Commit,Best Case
OPP-0005074,2024-10-04,Commit,Commit
OPP-0005074,2024-10-11,Commit,Commit
OPP-0005074,2024-10-18,Commit,Commit
OPP-0005074,2024-10-25,Commit,Commit
OPP-0005080,2024-09-13,Commit,Commit
OPP-0005080,2024-09-20,Commit,Commit
OPP-0005080,2024-09-27,Commit,Commit
OPP-0005081,2024-09-13,Omitted,Omitted
OPP-0005081,2024-09-20,Pipeline,Omitted
OPP-0005081,2024-09-27,Pipeline,Omitted
OPP-0005081,2024-10-04,Omitted,Omitted
OPP-0005081,2024-10-11,Pipeline,Omitted
OPP-0005081,2024-10-18,Pipeline,Omitted
OPP-0005081,2024-10-25,Pipeline,Omitted
OPP-0005081,2024-11-01,Omitted,Omitted
OPP-0005081,2024-11-08,Omitted,Omitted
OPP-0005081,2024-11-15,Pipeline,Omitted
OPP-0005081,2024-11-22,Omitted,Pipeline
OPP-0005081,2024-11-29,Pipeline,Pipeline
OPP-0005081,2024-12-06,Best Case,Best Case
OPP-0005081,2024-12-13,Commit,Best Case
OPP-0005081,2024-12-20,Commit,Commit
OPP-0005082,2024-09-13,Pipeline,Omitted
OPP-0005082,2024-09-20,Pipeline,Omitted
OPP-0005082,2024-09-27,Best Case,Pipeline
OPP-0005082,2024-10-04,Best Case,Best Case
OPP-0005086,2024-09-13,Commit,Commit
OPP-0005086,2024-09-20,Commit,Commit
OPP-0005086,2024-09-27,Commit,Commit
OPP-0005086,2024-10-04,Commit,Commit
OPP-0005086,2024-10-11,Commit,Commit
OPP-0005086,2024-10-18,Commit,Commit
OPP-0005086,2024-10-25,Commit,Commit
OPP-0005087,2024-09-13,Commit,Commit
OPP-0005087,2024-09-20,Commit,Commit
OPP-0005087,2024-09-27,Commit,Commit
OPP-0005087,2024-10-04,Commit,Commit
OPP-0005087,2024-10-11,Commit,Commit
OPP-0005087,2024-10-18,Commit,Commit
OPP-0005087,2024-10-25,Commit,Commit
OPP-0005090,2024-09-13,Commit,Commit
OPP-0005090,2024-09-20,Commit,Commit
OPP-0005090,2024-09-27,Commit,Commit
OPP-0005090,2024-10-04,Commit,Commit
OPP-0005090,2024-10-11,Commit,Commit
OPP-0005090,2024-10-18,Commit,Commit
OPP-0005090,2024-10-25,Commit,Commit
OPP-0005090,2024-11-01,Commit,Commit
OPP-0005090,2024-11-08,Commit,Commit
OPP-0005090,2024-11-15,Commit,Commit
OPP-0005090,2024-11-22,Commit,Commit
OPP-0005091,2024-09-13,Best Case,Best Case
OPP-0005091,2024-09-20,Pipeline,Pipeline
OPP-0005091,2024-09-27,Best Case,Best Case
OPP-0005091,2024-10-04,Commit,Commit
OPP-0005091,2024-10-11,Commit,Commit
OPP-0005091,2024-10-18,Commit,Commit
OPP-0005097,2024-09-13,Omitted,Omitted
OPP-0005097,2024-09-20,Pipeline,Omitted
OPP-0005097,2024-09-27,Omitted,Omitted
OPP-0005097,2024-10-04,Pipeline,Pipeline
OPP-0005097,2024-10-11,Pipeline,Omitted
OPP-0005097,2024-10-18,Pipeline,Pipeline
OPP-0005097,2024-10-25,Pipeline,Pipeline
OPP-0005097,2024-11-01,Pipeline,Pipeline
OPP-0005097,2024-11-08,Pipeline,Pipeline
OPP-0005097,2024-11-15,Pipeline,Pipeline
OPP-0005097,2024-11-22,Pipeline,Pipeline
OPP-0005097,2024-11-29,Omitted,Pipeline
OPP-0005097,2024-12-06,Pipeline,Omitted
OPP-0005097,2024-12-13,Omitted,Pipeline
OPP-0005097,2024-12-20,Pipeline,Omitted
OPP-0005097,2024-12-27,Omitted,Pipeline
OPP-0005097,2025-01-03,Pipeline,Best Case
OPP-0005097,2025-01-10,Best Case,Best Case
OPP-0005097,2025-01-17,Commit,Commit
OPP-0005098,2024-09-13,Omitted,Pipeline
OPP-0005098,2024-09-20,Omitted,Pipeline
OPP-0005098,2024-09-27,Pipeline,Omitted
OPP-0005098,2024-10-04,Pipeline,Pipeline
OPP-0005098,2024-10-11,Pipeline,Pipeline
OPP-0005098,2024-10-18,Pipeline,Pipeline
OPP-0005098,2024-10-25,Pipeline,Pipeline
OPP-0005098,2024-11-01,Pipeline,Pipeline
OPP-0005098,2024-11-08,Pipeline,Pipeline
OPP-0005098,2024-11-15,Pipeline,Pipeline
OPP-0005098,2024-11-22,Pipeline,Pipeline
OPP-0005098,2024-11-29,Pipeline,Pipeline
OPP-0005098,2024-12-06,Pipeline,Pipeline
OPP-0005098,2024-12-13,Commit,Commit
OPP-0005098,2024-12-20,Commit,Commit
OPP-0005108,2024-09-13,Commit,Commit
OPP-0005108,2024-09-20,Commit,Commit
OPP-0005108,2024-09-27,Commit,Commit
OPP-0005109,2024-09-13,Pipeline,Pipeline
OPP-0005109,2024-09-20,Pipeline,Pipeline
OPP-0005109,2024-09-27,Pipeline,Pipeline
OPP-0005109,2024-10-04,Best Case,Best Case
OPP-0005110,2024-09-13,Omitted,Pipeline
OPP-0005110,2024-09-20,Omitted,Pipeline
OPP-0005110,2024-09-27,Pipeline,Pipeline
OPP-0005110,2024-10-04,Pipeline,Omitted
OPP-0005110,2024-10-11,Pipeline,Pipeline
OPP-0005110,2024-10-18,Omitted,Pipeline
OPP-0005110,2024-10-25,Pipeline,Pipeline
OPP-0005110,2024-11-01,Omitted,Pipeline
OPP-0005110,2024-11-08,Pipeline,Pipeline
OPP-0005110,2024-11-15,Omitted,Omitted
OPP-0005119,2024-09-13,Commit,Commit
OPP-0005119,2024-09-20,Commit,Commit
OPP-0005119,2024-09-27,Commit,Commit
OPP-0005120,2024-09-13,Omitted,Omitted
OPP-0005120,2024-09-20,Omitted,Omitted
OPP-0005120,2024-09-27,Pipeline,Omitted
OPP-0005121,2024-09-13,Omitted,Omitted
OPP-0005121,2024-09-20,Omitted,Omitted
OPP-0005121,2024-09-27,Omitted,Omitted
OPP-0005121,2024-10-04,Omitted,Pipeline
OPP-0005121,2024-10-11,Best Case,Best Case
OPP-0005122,2024-09-13,Pipeline,Omitted
OPP-0005122,2024-09-20,Pipeline,Pipeline
OPP-0005122,2024-09-27,Pipeline,Pipeline
OPP-0005122,2024-10-04,Omitted,Pipeline
OPP-0005122,2024-10-11,Best Case,Pipeline
OPP-0005122,2024-10-18,Best Case,Best Case
OPP-0005122,2024-10-25,Best Case,Best Case
OPP-0005122,2024-11-01,Best Case,Best Case
OPP-0005122,2024-11-08,Commit,Commit
OPP-0005122,2024-11-15,Commit,Commit
OPP-0005122,2024-11-22,Commit,Commit
OPP-0005122,2024-11-29,Commit,Commit
OPP-0005122,2024-12-06,Best Case,Best Case
OPP-0005122,2024-12-13,Commit,Commit
OPP-0005122,2024-12-20,Commit,Commit
OPP-0005122,2024-12-27,Best Case,Best Case
OPP-0005122,2025-01-03,Commit,Commit
OPP-0005122,2025-01-10,Commit,Commit
OPP-0005122,2025-01-17,Commit,Commit
OPP-0005122,2025-01-24,Commit,Commit
OPP-0005123,2024-09-13,Best Case,Best Case
OPP-0005123,2024-09-20,Commit,Commit
OPP-0005123,2024-09-27,Commit,Commit
OPP-0005123,2024-10-04,Commit,Commit
OPP-0005123,2024-10-11,Commit,Commit
OPP-0005123,2024-10-18,Commit,Commit
OPP-0005123,2024-10-25,Commit,Commit
OPP-0005124,2024-09-13,Omitted,Omitted
OPP-0005124,2024-09-20,Pipeline,Omitted
OPP-0005124,2024-09-27,Pipeline,Pipeline
OPP-0005124,2024-10-04,Best Case,Best Case
OPP-0005125,2024-09-13,Pipeline,Omitted
OPP-0005125,2024-09-20,Best Case,Pipeline
OPP-0005131,2024-09-20,Commit,Commit
OPP-0005131,2024-09-27,Commit,Commit
OPP-0005132,2024-09-20,Omitted,Omitted
OPP-0005132,2024-09-27,Omitted,Omitted
OPP-0005132,2024-10-04,Omitted,Omitted
OPP-0005132,2024-10-11,Pipeline,Pipeline
OPP-0005132,2024-10-18,Pipeline,Pipeline
OPP-0005132,2024-10-25,Best Case,Pipeline
OPP-0005133,2024-09-20,Commit,Pipeline
OPP-0005133,2024-09-27,Commit,Pipeline
OPP-0005133,2024-10-04,Commit,Best Case
OPP-0005139,2024-09-20,Commit,Commit
OPP-0005139,2024-09-27,Commit,Commit
OPP-0005140,2024-09-20,Best Case,Best Case
OPP-0005140,2024-09-27,Best Case,Best Case
OPP-0005140,2024-10-04,Pipeline,Best Case
OPP-0005140,2024-10-11,Best Case,Best Case
OPP-0005140,2024-10-18,Commit,Pipeline
OPP-0005141,2024-09-20,Commit,Commit
OPP-0005141,2024-09-27,Commit,Commit
OPP-0005141,2024-10-04,Commit,Best Case
OPP-0005141,2024-10-11,Commit,Best Case
OPP-0005141,2024-10-18,Commit,Best Case
OPP-0005141,2024-10-25,Commit,Best Case
OPP-0005142,2024-09-20,Commit,Commit
OPP-0005142,2024-09-27,Commit,Commit
OPP-0005142,2024-10-04,Commit,Commit
OPP-0005142,2024-10-11,Commit,Commit
OPP-0005142,2024-10-18,Commit,Commit
OPP-0005142,2024-10-25,Commit,Best Case
OPP-0005142,2024-11-01,Commit,Commit
OPP-0005142,2024-11-08,Commit,Commit
OPP-0005142,2024-11-15,Commit,Commit
OPP-0005142,2024-11-22,Commit,Commit
OPP-0005142,2024-11-29,Commit,Commit
OPP-0005143,2024-09-20,Best Case,Best Case
OPP-0005143,2024-09-27,Commit,Commit
OPP-0005143,2024-10-04,Best Case,Best Case
OPP-0005143,2024-10-11,Best Case,Best Case
OPP-0005143,2024-10-18,Best Case,Best Case
OPP-0005143,2024-10-25,Best Case,Best Case
OPP-0005144,2024-09-20,Pipeline,Pipeline
OPP-0005144,2024-09-27,Pipeline,Omitted
OPP-0005144,2024-10-04,Best Case,Best Case
OPP-0005144,2024-10-11,Best Case,Best Case
OPP-0005144,2024-10-18,Commit,Commit
OPP-0005151,2024-09-20,Commit,Commit
OPP-0005151,2024-09-27,Commit,Commit
OPP-0005152,2024-09-20,Pipeline,Omitted
OPP-0005152,2024-09-27,Pipeline,Omitted
OPP-0005152,2024-10-04,Best Case,Pipeline
OPP-0005152,2024-10-11,Commit,Pipeline
OPP-0005152,2024-10-18,Best Case,Pipeline
OPP-0005153,2024-09-20,Best Case,Best Case
OPP-0005153,2024-09-27,Best Case,Best Case
OPP-0005153,2024-10-04,Best Case,Best Case
OPP-0005153,2024-10-11,Best Case,Best Case
OPP-0005153,2024-10-18,Best Case,Best Case
OPP-0005153,2024-10-25,Best Case,Pipeline
OPP-0005153,2024-11-01,Best Case,Best Case
OPP-0005153,2024-11-08,Best Case,Best Case
OPP-0005153,2024-11-15,Best Case,Best Case
OPP-0005153,2024-11-22,Best Case,Best Case
OPP-0005153,2024-11-29,Best Case,Best Case
OPP-0005153,2024-12-06,Pipeline,Pipeline
OPP-0005153,2024-12-13,Pipeline,Omitted
OPP-0005153,2024-12-20,Pipeline,Pipeline
OPP-0005153,2024-12-27,Best Case,Pipeline
OPP-0005153,2025-01-03,Omitted,Omitted
OPP-0005153,2025-01-10,Pipeline,Omitted
OPP-0005156,2024-09-20,Best Case,Best Case
OPP-0005156,2024-09-27,Commit,Commit
OPP-0005166,2024-09-20,Commit,Commit
OPP-0005166,2024-09-27,Commit,Commit
OPP-0005166,2024-10-04,Commit,Commit
OPP-0005166,2024-10-11,Commit,Commit
OPP-0005166,2024-10-18,Commit,Commit
OPP-0005166,2024-10-25,Commit,Commit
OPP-0005167,2024-09-20,Commit,Commit
OPP-0005167,2024-09-27,Commit,Commit
OPP-0005167,2024-10-04,Commit,Commit
OPP-0005167,2024-10-11,Commit,Commit
OPP-0005167,2024-10-18,Commit,Commit
OPP-0005167,2024-10-25,Commit,Commit
OPP-0005167,2024-11-01,Commit,Commit
OPP-0005176,2024-09-20,Best Case,Omitted
OPP-0005176,2024-09-27,Pipeline,Pipeline
OPP-0005176,2024-10-04,Omitted,Pipeline
OPP-0005176,2024-10-11,Best Case,Pipeline
OPP-0005177,2024-09-20,Pipeline,Omitted
OPP-0005177,2024-09-27,Pipeline,Pipeline
OPP-0005177,2024-10-04,Best Case,Best Case
OPP-0005177,2024-10-11,Pipeline,Pipeline
OPP-0005177,2024-10-18,Best Case,Best Case
OPP-0005177,2024-10-25,Best Case,Pipeline
OPP-0005177,2024-11-01,Pipeline,Pipeline
OPP-0005177,2024-11-08,Best Case,Best Case
OPP-0005177,2024-11-15,Best Case,Best Case
OPP-0005177,2024-11-22,Pipeline,Omitted
OPP-0005177,2024-11-29,Best Case,Omitted
OPP-0005177,2024-12-06,Pipeline,Pipeline
OPP-0005177,2024-12-13,Best Case,Pipeline
OPP-0005177,2024-12-20,Pipeline,Pipeline
OPP-0005177,2024-12-27,Omitted,Omitted
OPP-0005177,2025-01-03,Pipeline,Pipeline
OPP-0005177,2025-01-10,Pipeline,Omitted
OPP-0005177,2025-01-17,Pipeline,Omitted
OPP-0005177,2025-01-24,Commit,Pipeline
OPP-0005177,2025-01-31,Best Case,Best Case
OPP-0005177,2025-02-07,Pipeline,Pipeline
OPP-0005177,2025-02-14,Best Case,Pipeline
OPP-0005177,2025-02-21,Pipeline,Omitted
OPP-0005177,2025-02-28,Pipeline,Omitted
OPP-0005180,2024-09-20,Pipeline,Pipeline
OPP-0005180,2024-09-27,Pipeline,Pipeline
OPP-0005180,2024-10-04,Commit,Best Case
OPP-0005180,2024-10-11,Best Case,Best Case
OPP-0005180,2024-10-18,Commit,Best Case
OPP-0005180,2024-10-25,Best Case,Pipeline
OPP-0005188,2024-09-27,Commit,Commit
OPP-0005188,2024-10-04,Commit,Commit
OPP-0005188,2024-10-11,Commit,Commit
OPP-0005188,2024-10-18,Commit,Commit
OPP-0005188,2024-10-25,Commit,Commit
OPP-0005189,2024-09-27,Best Case,Best Case
OPP-0005189,2024-10-04,Commit,Commit
OPP-0005195,2024-09-27,Omitted,Omitted
OPP-0005195,2024-10-04,Pipeline,Omitted
OPP-0005195,2024-10-11,Pipeline,Pipeline
OPP-0005195,2024-10-18,Omitted,Omitted
OPP-0005195,2024-10-25,Pipeline,Omitted
OPP-0005195,2024-11-01,Pipeline,Omitted
OPP-0005195,2024-11-08,Pipeline,Omitted
OPP-0005195,2024-11-15,Pipeline,Omitted
OPP-0005195,2024-11-22,Omitted,Omitted
OPP-0005195,2024-11-29,Best Case,Pipeline
OPP-0005195,2024-12-06,Pipeline,Omitted
OPP-0005196,2024-09-27,Pipeline,Omitted
OPP-0005196,2024-10-04,Omitted,Omitted
OPP-0005196,2024-10-11,Omitted,Pipeline
OPP-0005196,2024-10-18,Pipeline,Pipeline
OPP-0005196,2024-10-25,Best Case,Best Case
OPP-0005196,2024-11-01,Best Case,Pipeline
OPP-0005200,2024-09-27,Pipeline,Pipeline
OPP-0005200,2024-10-04,Pipeline,Pipeline
OPP-0005200,2024-10-11,Pipeline,Omitted
OPP-0005200,2024-10-18,Best Case,Best Case
OPP-0005200,2024-10-25,Best Case,Best Case
OPP-0005200,2024-11-01,Best Case,Best Case
OPP-0005208,2024-09-27,Commit,Commit
OPP-0005208,2024-10-04,Commit,Commit
OPP-0005208,2024-10-11,Commit,Commit
OPP-0005208,2024-10-18,Commit,Commit
OPP-0005208,2024-10-25,Commit,Commit
OPP-0005218,2024-09-27,Commit,Commit
OPP-0005218,2024-10-04,Commit,Commit
OPP-0005218,2024-10-11,Commit,Commit
OPP-0005218,2024-10-18,Commit,Commit
OPP-0005218,2024-10-25,Commit,Commit
OPP-0005219,2024-09-27,Commit,Commit
OPP-0005219,2024-10-04,Commit,Commit
OPP-0005219,2024-10-11,Commit,Commit
OPP-0005219,2024-10-18,Commit,Commit
OPP-0005219,2024-10-25,Commit,Commit
OPP-0005220,2024-09-27,Commit,Commit
OPP-0005220,2024-10-04,Commit,Commit
OPP-0005220,2024-10-11,Commit,Commit
OPP-0005220,2024-10-18,Commit,Commit
OPP-0005220,2024-10-25,Commit,Commit
OPP-0005220,2024-11-01,Commit,Best Case
OPP-0005220,2024-11-08,Commit,Commit
OPP-0005220,2024-11-15,Commit,Best Case
OPP-0005228,2024-09-27,Commit,Commit
OPP-0005228,2024-10-04,Commit,Commit
OPP-0005228,2024-10-11,Commit,Commit
OPP-0005228,2024-10-18,Commit,Commit
OPP-0005228,2024-10-25,Commit,Commit
OPP-0005229,2024-09-27,Commit,Commit
OPP-0005229,2024-10-04,Commit,Commit
OPP-0005229,2024-10-11,Commit,Commit
OPP-0005229,2024-10-18,Commit,Commit
OPP-0005229,2024-10-25,Commit,Commit
OPP-0005230,2024-09-27,Pipeline,Pipeline
OPP-0005230,2024-10-04,Pipeline,Pipeline
OPP-0005230,2024-10-11,Pipeline,Omitted
OPP-0005230,2024-10-18,Best Case,Best Case
OPP-0005230,2024-10-25,Best Case,Best Case
OPP-0005230,2024-11-01,Best Case,Best Case
OPP-0005231,2024-09-27,Pipeline,Omitted
OPP-0005231,2024-10-04,Best Case,Best Case
OPP-0005231,2024-10-11,Best Case,Pipeline
OPP-0005231,2024-10-18,Best Case,Best Case
OPP-0005231,2024-10-25,Best Case,Best Case
OPP-0005231,2024-11-01,Commit,Best Case
OPP-0005232,2024-09-27,Best Case,Omitted
OPP-0005232,2024-10-04,Pipeline,Omitted
OPP-0005232,2024-10-11,Pipeline,Pipeline
OPP-0005232,2024-10-18,Pipeline,Pipeline
OPP-0005232,2024-10-25,Pipeline,Pipeline
OPP-0005232,2024-11-01,Pipeline,Pipeline
OPP-0005232,2024-11-08,Pipeline,Pipeline
OPP-0005232,2024-11-15,Best Case,Best Case
OPP-0005232,2024-11-22,Best Case,Best Case
OPP-0005232,2024-11-29,Best Case,Pipeline
OPP-0005232,2024-12-06,Best Case,Best Case
OPP-0005232,2024-12-13,Best Case,Pipeline
OPP-0005232,2024-12-20,Pipeline,Omitted
OPP-0005232,2024-12-27,Pipeline,Omitted
OPP-0005232,2025-01-03,Pipeline,Omitted
OPP-0005232,2025-01-10,Omitted,Omitted
OPP-0005232,2025-01-17,Pipeline,Omitted
OPP-0005232,2025-01-24,Pipeline,Omitted
OPP-0005232,2025-01-31,Omitted,Omitted
OPP-0005232,2025-02-07,Pipeline,Pipeline
OPP-0005232,2025-02-14,Pipeline,Omitted
OPP-0005233,2024-09-27,Best Case,Best Case
OPP-0005233,2024-10-04,Pipeline,Pipeline
OPP-0005233,2024-10-11,Pipeline,Pipeline
OPP-0005233,2024-10-18,Pipeline,Pipeline
OPP-0005233,2024-10-25,Best Case,Best Case
OPP-0005233,2024-11-01,Commit,Pipeline
OPP-0005233,2024-11-08,Best Case,Best Case
OPP-0005233,2024-11-15,Best Case,Best Case
OPP-0005233,2024-11-22,Best Case,Pipeline
OPP-0005233,2024-11-29,Omitted,Pipeline
OPP-0005233,2024-12-06,Pipeline,Pipeline
OPP-0005233,2024-12-13,Omitted,Pipeline
OPP-0005233,2024-12-20,Pipeline,Omitted
OPP-0005234,2024-09-27,Omitted,Omitted
OPP-0005234,2024-10-04,Pipeline,Pipeline
OPP-0005235,2024-09-27,Pipeline,Pipeline
OPP-0005235,2024-10-04,Best Case,Best Case
OPP-0005235,2024-10-11,Best Case,Best Case
OPP-0005236,2024-09-27,Best Case,Pipeline
OPP-0005236,2024-10-04,Pipeline,Pipeline
OPP-0005236,2024-10-11,Best Case,Best Case
OPP-0005236,2024-10-18,Best Case,Best Case
OPP-0005236,2024-10-25,Best Case,Best Case
OPP-0005236,2024-11-01,Commit,Commit
OPP-0005240,2024-10-04,Commit,Commit
OPP-0005240,2024-10-11,Commit,Commit
OPP-0005240,2024-10-18,Commit,Commit
OPP-0005240,2024-10-25,Commit,Commit
OPP-0005241,2024-10-04,Commit,Commit
OPP-0005241,2024-10-11,Best Case,Commit
OPP-0005241,2024-10-18,Commit,Commit
OPP-0005241,2024-10-25,Commit,Commit
OPP-0005241,2024-11-01,Commit,Commit
OPP-0005241,2024-11-08,Commit,Commit
OPP-0005241,2024-11-15,Commit,Commit
OPP-0005241,2024-11-22,Commit,Commit
OPP-0005241,2024-11-29,Commit,Commit
OPP-0005241,2024-12-06,Commit,Commit
OPP-0005241,2024-12-13,Commit,Commit
OPP-0005241,2024-12-20,Commit,Commit
OPP-0005241,2024-12-27,Commit,Commit
OPP-0005241,2025-01-03,Commit,Best Case
OPP-0005241,2025-01-10,Commit,Best Case
OPP-0005241,2025-01-17,Commit,Best Case
OPP-0005241,2025-01-24,Commit,Best Case
OPP-0005241,2025-01-31,Commit,Commit
OPP-0005241,2025-02-07,Commit,Commit
OPP-0005241,2025-02-14,Commit,Commit
OPP-0005242,2024-10-04,Best Case,Pipeline
OPP-0005242,2024-10-11,Pipeline,Pipeline
OPP-0005242,2024-10-18,Pipeline,Pipeline
OPP-0005242,2024-10-25,Best Case,Pipeline
OPP-0005242,2024-11-01,Pipeline,Pipeline
OPP-0005247,2024-10-04,Best Case,Pipeline
OPP-0005247,2024-10-11,Best Case,Best Case
OPP-0005247,2024-10-18,Best Case,Best Case
OPP-0005247,2024-10-25,Commit,Commit
OPP-0005247,2024-11-01,Best Case,Best Case
OPP-0005248,2024-10-04,Pipeline,Pipeline
OPP-0005248,2024-10-11,Pipeline,Pipeline
OPP-0005248,2024-10-18,Best Case,Pipeline
OPP-0005248,2024-10-25,Best Case,Best Case
OPP-0005249,2024-10-04,Commit,Commit
OPP-0005249,2024-10-11,Commit,Commit
OPP-0005249,2024-10-18,Commit,Commit
OPP-0005249,2024-10-25,Commit,Commit
OPP-0005250,2024-10-04,Commit,Best Case
OPP-0005250,2024-10-11,Commit,Commit
OPP-0005250,2024-10-18,Commit,Best Case
OPP-0005250,2024-10-25,Commit,Best Case
OPP-0005250,2024-11-01,Commit,Commit
OPP-0005250,2024-11-08,Commit,Commit
OPP-0005250,2024-11-15,Commit,Commit
OPP-0005250,2024-11-22,Commit,Commit
OPP-0005250,2024-11-29,Commit,Commit
OPP-0005251,2024-10-04,Pipeline,Pipeline
OPP-0005251,2024-10-11,Best Case,Best Case
OPP-0005251,2024-10-18,Best Case,Best Case
OPP-0005251,2024-10-25,Best Case,Best Case
OPP-0005251,2024-11-01,Commit,Commit
OPP-0005252,2024-10-04,Omitted,Omitted
OPP-0005252,2024-10-11,Pipeline,Omitted
OPP-0005252,2024-10-18,Pipeline,Pipeline
OPP-0005252,2024-10-25,Omitted,Omitted
OPP-0005252,2024-11-01,Omitted,Pipeline
OPP-0005252,2024-11-08,Omitted,Omitted
OPP-0005252,2024-11-15,Pipeline,Omitted
OPP-0005252,2024-11-22,Pipeline,Pipeline
OPP-0005252,2024-11-29,Pipeline,Pipeline
OPP-0005252,2024-12-06,Omitted,Pipeline
OPP-0005252,2024-12-13,Pipeline,Pipeline
OPP-0005252,2024-12-20,Pipeline,Pipeline
OPP-0005252,2024-12-27,Pipeline,Pipeline
OPP-0005252,2025-01-03,Pipeline,Pipeline
OPP-0005252,2025-01-10,Pipeline,Pipeline
OPP-0005252,2025-01-17,Omitted,Omitted
OPP-0005252,2025-01-24,Pipeline,Omitted
OPP-0005252,2025-01-31,Pipeline,Pipeline
OPP-0005252,2025-02-07,Pipeline,Pipeline
OPP-0005252,2025-02-14,Pipeline,Pipeline
OPP-0005252,2025-02-21,Pipeline,Omitted
OPP-0005253,2024-10-04,Pipeline,Pipeline
OPP-0005253,2024-10-11,Pipeline,Pipeline
OPP-0005253,2024-10-18,Pipeline,Pipeline
OPP-0005253,2024-10-25,Best Case,Best Case
OPP-0005253,2024-11-01,Best Case,Best Case
OPP-0005254,2024-10-04,Commit,Commit
OPP-0005254,2024-10-11,Commit,Commit
OPP-0005254,2024-10-18,Commit,Commit
OPP-0005254,2024-10-25,Commit,Commit
OPP-0005255,2024-10-04,Pipeline,Pipeline
OPP-0005255,2024-10-11,Best Case,Best Case
OPP-0005263,2024-10-04,Best Case,Omitted
OPP-0005263,2024-10-11,Pipeline,Pipeline
OPP-0005263,2024-10-18,Pipeline,Pipeline
OPP-0005263,2024-10-25,Best Case,Pipeline
OPP-0005263,2024-11-01,Best Case,Best Case
OPP-0005264,2024-10-04,Omitted,Omitted
OPP-0005264,2024-10-11,Omitted,Omitted
OPP-0005264,2024-10-18,Omitted,Omitted
OPP-0005264,2024-10-25,Pipeline,Omitted
OPP-0005264,2024-11-01,Omitted,Omitted
OPP-0005264,2024-11-08,Pipeline,Pipeline
OPP-0005265,2024-10-04,Omitted,Omitted
OPP-0005265,2024-10-11,Pipeline,Pipeline
OPP-0005265,2024-10-18,Pipeline,Pipeline
OPP-0005265,2024-10-25,Pipeline,Omitted
OPP-0005265,2024-11-01,Pipeline,Pipeline
OPP-0005265,2024-11-08,Pipeline,Omitted
OPP-0005265,2024-11-15,Omitted,Omitted
OPP-0005265,2024-11-22,Omitted,Omitted
OPP-0005265,2024-11-29,Omitted,Omitted
OPP-0005265,2024-12-06,Omitted,Omitted
OPP-0005265,2024-12-13,Omitted,Pipeline
OPP-0005265,2024-12-20,Omitted,Omitted
OPP-0005265,2024-12-27,Omitted,Omitted
OPP-0005265,2025-01-03,Omitted,Omitted
OPP-0005265,2025-01-10,Omitted,Omitted
OPP-0005265,2025-01-17,Omitted,Pipeline
OPP-0005265,2025-01-24,Omitted,Omitted
OPP-0005265,2025-01-31,Omitted,Omitted
OPP-0005265,2025-02-07,Omitted,Omitted
OPP-0005265,2025-02-14,Omitted,Omitted
OPP-0005265,2025-02-21,Omitted,Omitted
OPP-0005265,2025-02-28,Omitted,Omitted
OPP-0005273,2024-10-04,Commit,Commit
OPP-0005273,2024-10-11,Commit,Commit
OPP-0005273,2024-10-18,Commit,Commit
OPP-0005273,2024-10-25,Commit,Commit
OPP-0005274,2024-10-04,Commit,Commit
OPP-0005274,2024-10-11,Commit,Commit
OPP-0005274,2024-10-18,Commit,Commit
OPP-0005274,2024-10-25,Commit,Commit
OPP-0005281,2024-10-04,Pipeline,Pipeline
OPP-0005281,2024-10-11,Pipeline,Omitted
OPP-0005281,2024-10-18,Pipeline,Pipeline
OPP-0005281,2024-10-25,Best Case,Best Case
OPP-0005281,2024-11-01,Best Case,Best Case
OPP-0005281,2024-11-08,Pipeline,Pipeline
OPP-0005281,2024-11-15,Pipeline,Pipeline
OPP-0005281,2024-11-22,Pipeline,Pipeline
OPP-0005281,2024-11-29,Pipeline,Omitted
OPP-0005281,2024-12-06,Pipeline,Pipeline
OPP-0005281,2024-12-13,Pipeline,Omitted
OPP-0005281,2024-12-20,Pipeline,Omitted
OPP-0005281,2024-12-27,Pipeline,Best Case
OPP-0005281,2025-01-03,Best Case,Best Case
OPP-0005281,2025-01-10,Commit,Commit
OPP-0005281,2025-01-17,Commit,Commit
OPP-0005286,2024-10-11,Best Case,Best Case
OPP-0005286,2024-10-18,Best Case,Pipeline
OPP-0005286,2024-10-25,Pipeline,Pipeline
OPP-0005287,2024-10-11,Best Case,Best Case
OPP-0005287,2024-10-18,Best Case,Pipeline
OPP-0005287,2024-10-25,Commit,Pipeline
OPP-0005288,2024-10-11,Best Case,Pipeline
OPP-0005288,2024-10-18,Commit,Commit
OPP-0005289,2024-10-11,Commit,Commit
OPP-0005289,2024-10-18,Commit,Commit
OPP-0005289,2024-10-25,Commit,Commit
OPP-0005289,2024-11-01,Commit,Commit
OPP-0005289,2024-11-08,Commit,Commit
OPP-0005289,2024-11-15,Commit,Commit
OPP-0005289,2024-11-22,Commit,Commit
OPP-0005289,2024-11-29,Commit,Commit
OPP-0005289,2024-12-06,Commit,Commit
OPP-0005293,2024-10-11,Commit,Commit
OPP-0005293,2024-10-18,Commit,Commit
OPP-0005293,2024-10-25,Commit,Commit
OPP-0005294,2024-10-11,Commit,Commit
OPP-0005294,2024-10-18,Commit,Commit
OPP-0005294,2024-10-25,Commit,Commit
OPP-0005303,2024-10-11,Commit,Commit
OPP-0005303,2024-10-18,Commit,Commit
OPP-0005303,2024-10-25,Commit,Commit
OPP-0005304,2024-10-11,Pipeline,Pipeline
OPP-0005304,2024-10-18,Pipeline,Pipeline
OPP-0005312,2024-10-11,Commit,Commit
OPP-0005312,2024-10-18,Commit,Commit
OPP-0005312,2024-10-25,Commit,Commit
OPP-0005313,2024-10-11,Commit,Commit
OPP-0005313,2024-10-18,Commit,Commit
OPP-0005313,2024-10-25,Commit,Commit
OPP-0005314,2024-10-11,Pipeline,Pipeline
OPP-0005314,2024-10-18,Best Case,Best Case
OPP-0005314,2024-10-25,Commit,Commit
OPP-0005315,2024-10-11,Commit,Commit
OPP-0005315,2024-10-18,Commit,Commit
OPP-0005315,2024-10-25,Commit,Commit
OPP-0005315,2024-11-01,Commit,Commit
OPP-0005315,2024-11-08,Commit,Commit
OPP-0005315,2024-11-15,Commit,Commit
OPP-0005315,2024-11-22,Commit,Commit
OPP-0005315,2024-11-29,Commit,Commit
OPP-0005316,2024-10-11,Pipeline,Omitted
OPP-0005316,2024-10-18,Pipeline,Pipeline
OPP-0005316,2024-10-25,Pipeline,Pipeline
OPP-0005316,2024-11-01,Best Case,Pipeline
OPP-0005316,2024-11-08,Pipeline,Pipeline
OPP-0005324,2024-10-11,Commit,Commit
OPP-0005324,2024-10-18,Commit,Commit
OPP-0005324,2024-10-25,Commit,Commit
OPP-0005325,2024-10-11,Commit,Commit
OPP-0005325,2024-10-18,Commit,Commit
OPP-0005325,2024-10-25,Commit,Commit
OPP-0005326,2024-10-11,Pipeline,Pipeline
OPP-0005326,2024-10-18,Best Case,Omitted
OPP-0005326,2024-10-25,Pipeline,Omitted
OPP-0005326,2024-11-01,Best Case,Best Case
OPP-0005326,2024-11-08,Commit,Commit
OPP-0005327,2024-10-11,Omitted,Pipeline
OPP-0005327,2024-10-18,Pipeline,Pipeline
OPP-0005327,2024-10-25,Pipeline,Pipeline
OPP-0005327,2024-11-01,Pipeline,Best Case
OPP-0005327,2024-11-08,Pipeline,Pipeline
OPP-0005327,2024-11-15,Best Case,Best Case
OPP-0005327,2024-11-22,Pipeline,Best Case
OPP-0005327,2024-11-29,Pipeline,Best Case
OPP-0005327,2024-12-06,Pipeline,Pipeline
OPP-0005327,2024-12-13,Pipeline,Best Case
OPP-0005327,2024-12-20,Pipeline,Pipeline
OPP-0005327,2024-12-27,Pipeline,Pipeline
OPP-0005327,2025-01-03,Pipeline,Pipeline
OPP-0005327,2025-01-10,Pipeline,Pipeline
OPP-0005327,2025-01-17,Omitted,Pipeline
OPP-0005327,2025-01-24,Pipeline,Pipeline
OPP-0005327,2025-01-31,Omitted,Omitted
OPP-0005327,2025-02-07,Best Case,Best Case
OPP-0005327,2025-02-14,Best Case,Best Case
OPP-0005327,2025-02-21,Commit,Best Case
OPP-0005327,2025-02-28,Best Case,Commit
OPP-0005327,2025-03-07,Commit,Commit
OPP-0005327,2025-03-14,Commit,Commit
OPP-0005337,2024-10-11,Commit,Commit
OPP-0005337,2024-10-18,Commit,Commit
OPP-0005337,2024-10-25,Commit,Commit
OPP-0005337,2024-11-01,Commit,Commit
OPP-0005337,2024-11-08,Commit,Commit
OPP-0005337,2024-11-15,Commit,Commit
OPP-0005337,2024-11-22,Commit,Commit
OPP-0005337,2024-11-29,Commit,Commit
OPP-0005344,2024-10-11,Commit,Commit
OPP-0005344,2024-10-18,Commit,Commit
OPP-0005344,2024-10-25,Commit,Commit
OPP-0005344,2024-11-01,Commit,Commit
OPP-0005344,2024-11-08,Commit,Commit
OPP-0005344,2024-11-15,Commit,Commit
OPP-0005344,2024-11-22,Commit,Commit
OPP-0005344,2024-11-29,Commit,Commit
OPP-0005344,2024-12-06,Commit,Commit
OPP-0005348,2024-10-18,Commit,Commit
OPP-0005348,2024-10-25,Commit,Commit
OPP-0005349,2024-10-18,Commit,Pipeline
OPP-0005349,2024-10-25,Commit,Commit
OPP-0005350,2024-10-18,Pipeline,Omitted
OPP-0005350,2024-10-25,Best Case,Best Case
OPP-0005350,2024-11-01,Best Case,Best Case
OPP-0005350,2024-11-08,Best Case,Best Case
OPP-0005351,2024-10-18,Pipeline,Omitted
OPP-0005351,2024-10-25,Pipeline,Omitted
OPP-0005351,2024-11-01,Pipeline,Pipeline
OPP-0005351,2024-11-08,Best Case,Best Case
OPP-0005358,2024-10-18,Commit,Commit
OPP-0005358,2024-10-25,Commit,Commit
OPP-0005359,2024-10-18,Omitted,Omitted
OPP-0005359,2024-10-25,Pipeline,Omitted
OPP-0005359,2024-11-01,Pipeline,Omitted
OPP-0005359,2024-11-08,Omitted,Pipeline
OPP-0005359,2024-11-15,Pipeline,Omitted
OPP-0005359,2024-11-22,Best Case,Pipeline
OPP-0005360,2024-10-18,Pipeline,Pipeline
OPP-0005360,2024-10-25,Pipeline,Pipeline
OPP-0005360,2024-11-01,Best Case,Best Case
OPP-0005360,2024-11-08,Best Case,Best Case
OPP-0005360,2024-11-15,Pipeline,Best Case
OPP-0005360,2024-11-22,Best Case,Best Case
OPP-0005360,2024-11-29,Best Case,Best Case
OPP-0005360,2024-12-06,Best Case,Best Case
OPP-0005360,2024-12-13,Pipeline,Best Case
OPP-0005360,2024-12-20,Best Case,Pipeline
OPP-0005360,2024-12-27,Best Case,Best Case
OPP-0005360,2025-01-03,Best Case,Best Case
OPP-0005360,2025-01-10,Commit,Commit
OPP-0005360,2025-01-17,Commit,Commit
OPP-0005360,2025-01-24,Commit,Commit
OPP-0005361,2024-10-18,Commit,Commit
OPP-0005361,2024-10-25,Commit,Commit
OPP-0005361,2024-11-01,Commit,Commit
OPP-0005361,2024-11-08,Commit,Commit
OPP-0005361,2024-11-15,Commit,Commit
OPP-0005361,2024-11-22,Commit,Commit
OPP-0005361,2024-11-29,Commit,Commit
OPP-0005361,2024-12-06,Commit,Commit
OPP-0005361,2024-12-13,Commit,Commit
OPP-0005361,2024-12-20,Commit,Commit
OPP-0005361,2024-12-27,Commit,Commit
OPP-0005369,2024-10-18,Commit,Commit
OPP-0005369,2024-10-25,Commit,Commit
OPP-0005370,2024-10-18,Pipeline,Pipeline
OPP-0005370,2024-10-25,Pipeline,Pipeline
OPP-0005370,2024-11-01,Commit,Pipeline
OPP-0005370,2024-11-08,Best Case,Best Case
OPP-0005370,2024-11-15,Best Case,Best Case
OPP-0005371,2024-10-18,Commit,Commit
OPP-0005371,2024-10-25,Commit,Commit
OPP-0005371,2024-11-01,Commit,Commit
OPP-0005371,2024-11-08,Commit,Commit
OPP-0005371,2024-11-15,Commit,Commit
OPP-0005371,2024-11-22,Commit,Commit
OPP-0005371,2024-11-29,Commit,Commit
OPP-0005371,2024-12-06,Commit,Best Case
OPP-0005371,2024-12-13,Commit,Best Case
OPP-0005375,2024-10-18,Pipeline,Pipeline
OPP-0005375,2024-10-25,Pipeline,Pipeline
OPP-0005375,2024-11-01,Pipeline,Pipeline
OPP-0005375,2024-11-08,Best Case,Pipeline
OPP-0005375,2024-11-15,Commit,Commit
OPP-0005375,2024-11-22,Commit,Commit
OPP-0005376,2024-10-18,Pipeline,Omitted
OPP-0005376,2024-10-25,Pipeline,Pipeline
OPP-0005376,2024-11-01,Best Case,Best Case
OPP-0005377,2024-10-18,Best Case,Best Case
OPP-0005377,2024-10-25,Best Case,Commit
OPP-0005377,2024-11-01,Commit,Commit
OPP-0005377,2024-11-08,Commit,Commit
OPP-0005377,2024-11-15,Commit,Commit
OPP-0005377,2024-11-22,Commit,Commit
OPP-0005377,2024-11-29,Commit,Commit
OPP-0005377,2024-12-06,Commit,Commit
OPP-0005377,2024-12-13,Commit,Commit
OPP-0005377,2024-12-20,Commit,Commit
OPP-0005377,2024-12-27,Commit,Commit
OPP-0005377,2025-01-03,Commit,Best Case
OPP-0005387,2024-10-18,Commit,Commit
OPP-0005387,2024-10-25,Commit,Commit
OPP-0005387,2024-11-01,Commit,Commit
OPP-0005387,2024-11-08,Commit,Commit
OPP-0005387,2024-11-15,Commit,Commit
OPP-0005387,2024-11-22,Commit,Commit
OPP-0005387,2024-11-29,Commit,Commit
OPP-0005387,2024-12-06,Commit,Commit
OPP-0005387,2024-12-13,Commit,Commit
OPP-0005387,2024-12-20,Commit,Commit
OPP-0005387,2024-12-27,Commit,Commit
OPP-0005394,2024-10-18,Commit,Commit
OPP-0005394,2024-10-25,Commit,Commit
OPP-0005394,2024-11-01,Commit,Commit
OPP-0005394,2024-11-08,Commit,Commit
OPP-0005394,2024-11-15,Commit,Commit
OPP-0005394,2024-11-22,Commit,Commit
OPP-0005394,2024-11-29,Commit,Commit
OPP-0005395,2024-10-18,Commit,Commit
OPP-0005395,2024-10-25,Commit,Commit
OPP-0005395,2024-11-01,Commit,Commit
OPP-0005395,2024-11-08,Commit,Commit
OPP-0005395,2024-11-15,Commit,Commit
OPP-0005395,2024-11-22,Commit,Commit
OPP-0005395,2024-11-29,Commit,Commit
OPP-0005396,2024-10-18,Commit,Commit
OPP-0005396,2024-10-25,Commit,Commit
OPP-0005396,2024-11-01,Commit,Commit
OPP-0005396,2024-11-08,Commit,Commit
OPP-0005396,2024-11-15,Commit,Commit
OPP-0005396,2024-11-22,Commit,Commit
OPP-0005396,2024-11-29,Commit,Commit
OPP-0005403,2024-10-18,Commit,Commit
OPP-0005403,2024-10-25,Commit,Commit
OPP-0005403,2024-11-01,Commit,Commit
OPP-0005403,2024-11-08,Commit,Commit
OPP-0005403,2024-11-15,Commit,Commit
OPP-0005403,2024-11-22,Commit,Commit
OPP-0005403,2024-11-29,Commit,Commit
OPP-0005403,2024-12-06,Commit,Commit
OPP-0005403,2024-12-13,Commit,Commit
OPP-0005403,2024-12-20,Commit,Commit
OPP-0005403,2024-12-27,Commit,Commit
OPP-0005403,2025-01-03,Commit,Best Case
OPP-0005403,2025-01-10,Commit,Best Case
OPP-0005403,2025-01-17,Commit,Commit
OPP-0005403,2025-01-24,Commit,Commit
OPP-0005403,2025-01-31,Commit,Commit
OPP-0005403,2025-02-07,Commit,Commit
OPP-0005404,2024-10-18,Commit,Commit
OPP-0005404,2024-10-25,Commit,Commit
OPP-0005404,2024-11-01,Commit,Commit
OPP-0005404,2024-11-08,Commit,Commit
OPP-0005404,2024-11-15,Commit,Commit
OPP-0005411,2024-10-25,Pipeline,Pipeline
OPP-0005411,2024-11-01,Pipeline,Omitted
OPP-0005411,2024-11-08,Pipeline,Omitted
OPP-0005411,2024-11-15,Best Case,Best Case
OPP-0005412,2024-10-25,Commit,Commit
OPP-0005412,2024-11-01,Commit,Commit
OPP-0005412,2024-11-08,Commit,Commit
OPP-0005412,2024-11-15,Commit,Commit
OPP-0005413,2024-10-25,Commit,Commit
OPP-0005413,2024-11-01,Commit,Commit
OPP-0005413,2024-11-08,Commit,Commit
OPP-0005413,2024-11-15,Commit,Commit
OPP-0005413,2024-11-22,Commit,Commit
OPP-0005413,2024-11-29,Commit,Commit
OPP-0005417,2024-10-25,Pipeline,Pipeline
OPP-0005417,2024-11-01,Omitted,Omitted
OPP-0005417,2024-11-08,Pipeline,Pipeline
OPP-0005417,2024-11-15,Pipeline,Best Case
OPP-0005417,2024-11-22,Best Case,Best Case
OPP-0005418,2024-10-25,Pipeline,Pipeline
OPP-0005418,2024-11-01,Pipeline,Pipeline
OPP-0005418,2024-11-08,Pipeline,Pipeline
OPP-0005418,2024-11-15,Pipeline,Omitted
OPP-0005418,2024-11-22,Pipeline,Omitted
OPP-0005418,2024-11-29,Best Case,Pipeline
OPP-0005418,2024-12-06,Best Case,Best Case
OPP-0005418,2024-12-13,Best Case,Pipeline
OPP-0005418,2024-12-20,Pipeline,Pipeline
OPP-0005418,2024-12-27,Best Case,Pipeline
OPP-0005418,2025-01-03,Best Case,Pipeline
OPP-0005418,2025-01-10,Best Case,Pipeline
OPP-0005418,2025-01-17,Pipeline,Pipeline
OPP-0005418,2025-01-24,Best Case,Pipeline
OPP-0005418,2025-01-31,Pipeline,Omitted
OPP-0005418,2025-02-07,Pipeline,Omitted
OPP-0005418,2025-02-14,Pipeline,Omitted
OPP-0005418,2025-02-21,Pipeline,Omitted
OPP-0005418,2025-02-28,Pipeline,Omitted
OPP-0005418,2025-03-07,Pipeline,Omitted
OPP-0005418,2025-03-14,Pipeline,Omitted
OPP-0005418,2025-03-21,Pipeline,Pipeline
OPP-0005418,2025-03-28,Best Case,Best Case
OPP-0005418,2025-04-04,Omitted,Omitted
OPP-0005418,2025-04-11,Pipeline,Omitted
OPP-0005425,2024-10-25,Commit,Commit
OPP-0005425,2024-11-01,Commit,Commit
OPP-0005425,2024-11-08,Commit,Commit
OPP-0005425,2024-11-15,Commit,Commit
OPP-0005425,2024-11-22,Commit,Commit
OPP-0005425,2024-11-29,Commit,Commit
OPP-0005426,2024-10-25,Pipeline,Pipeline
OPP-0005426,2024-11-01,Pipeline,Pipeline
OPP-0005426,2024-11-08,Pipeline,Pipeline
OPP-0005426,2024-11-15,Best Case,Best Case
OPP-0005427,2024-10-25,Commit,Commit
OPP-0005427,2024-11-01,Commit,Commit
OPP-0005427,2024-11-08,Commit,Commit
OPP-0005427,2024-11-15,Commit,Commit
OPP-0005427,2024-11-22,Commit,Commit
OPP-0005427,2024-11-29,Commit,Commit
OPP-0005427,2024-12-06,Commit,Commit
OPP-0005427,2024-12-13,Commit,Commit
OPP-0005427,2024-12-20,Commit,Commit
OPP-0005427,2024-12-27,Commit,Commit
OPP-0005431,2024-10-25,Commit,Commit
OPP-0005431,2024-11-01,Commit,Commit
OPP-0005431,2024-11-08,Commit,Commit
OPP-0005431,2024-11-15,Commit,Commit
OPP-0005431,2024-11-22,Commit,Commit
OPP-0005431,2024-11-29,Commit,Commit
OPP-0005432,2024-10-25,Commit,Commit
OPP-0005432,2024-11-01,Commit,Commit
OPP-0005432,2024-11-08,Commit,Commit
OPP-0005432,2024-11-15,Commit,Commit
OPP-0005432,2024-11-22,Commit,Commit
OPP-0005432,2024-11-29,Commit,Commit
OPP-0005433,2024-10-25,Commit,Commit
OPP-0005433,2024-11-01,Commit,Commit
OPP-0005433,2024-11-08,Commit,Commit
OPP-0005433,2024-11-15,Commit,Commit
OPP-0005433,2024-11-22,Commit,Commit
OPP-0005433,2024-11-29,Commit,Commit
OPP-0005434,2024-10-25,Pipeline,Omitted
OPP-0005434,2024-11-01,Best Case,Pipeline
OPP-0005434,2024-11-08,Best Case,Omitted
OPP-0005434,2024-11-15,Pipeline,Omitted
OPP-0005434,2024-11-22,Best Case,Pipeline
OPP-0005435,2024-10-25,Pipeline,Omitted
OPP-0005435,2024-11-01,Pipeline,Pipeline
OPP-0005435,2024-11-08,Best Case,Best Case
OPP-0005436,2024-10-25,Omitted,Omitted
OPP-0005436,2024-11-01,Omitted,Omitted
OPP-0005436,2024-11-08,Omitted,Omitted
OPP-0005436,2024-11-15,Pipeline,Omitted
OPP-0005436,2024-11-22,Omitted,Omitted
OPP-0005436,2024-11-29,Omitted,Omitted
OPP-0005436,2024-12-06,Pipeline,Omitted
OPP-0005436,2024-12-13,Omitted,Pipeline
OPP-0005436,2024-12-20,Pipeline,Pipeline
OPP-0005436,2024-12-27,Pipeline,Pipeline
OPP-0005436,2025-01-03,Pipeline,Omitted
OPP-0005436,2025-01-10,Omitted,Omitted
OPP-0005436,2025-01-17,Omitted,Omitted
OPP-0005436,2025-01-24,Pipeline,Pipeline
OPP-0005436,2025-01-31,Omitted,Omitted
OPP-0005436,2025-02-07,Pipeline,Omitted
OPP-0005436,2025-02-14,Pipeline,Omitted
OPP-0005436,2025-02-21,Pipeline,Omitted
OPP-0005436,2025-02-28,Omitted,Omitted
OPP-0005436,2025-03-07,Omitted,Omitted
OPP-0005436,2025-03-14,Best Case,Best Case
OPP-0005436,2025-03-21,Best Case,Commit
OPP-0005437,2024-10-25,Best Case,Best Case
OPP-0005437,2024-11-01,Best Case,Best Case
OPP-0005437,2024-11-08,Pipeline,Pipeline
OPP-0005437,2024-11-15,Commit,Commit
OPP-0005437,2024-11-22,Commit,Best Case
OPP-0005437,2024-11-29,Commit,Commit
OPP-0005442,2024-10-25,Pipeline,Pipeline
OPP-0005442,2024-11-01,Best Case,Best Case
OPP-0005442,2024-11-08,Pipeline,Pipeline
OPP-0005442,2024-11-15,Pipeline,Omitted
OPP-0005442,2024-11-22,Best Case,Best Case
OPP-0005442,2024-11-29,Pipeline,Pipeline
OPP-0005442,2024-12-06,Pipeline,Pipeline
OPP-0005442,2024-12-13,Pipeline,Pipeline
OPP-0005442,2024-12-20,Commit,Pipeline
OPP-0005442,2024-12-27,Best Case,Pipeline
OPP-0005442,2025-01-03,Best Case,Best Case
OPP-0005442,2025-01-10,Best Case,Best Case
OPP-0005442,2025-01-17,Best Case,Best Case
OPP-0005442,2025-01-24,Pipeline,Pipeline
OPP-0005442,2025-01-31,Best Case,Best Case
OPP-0005442,2025-02-07,Pipeline,Pipeline
OPP-0005442,2025-02-14,Best Case,Best Case
OPP-0005442,2025-02-21,Best Case,Pipeline
OPP-0005442,2025-02-28,Best Case,Best Case
OPP-0005442,2025-03-07,Best Case,Best Case
OPP-0005442,2025-03-14,Commit,Commit
OPP-0005442,2025-03-21,Pipeline,Pipeline
OPP-0005443,2024-10-25,Omitted,Omitted
OPP-0005443,2024-11-01,Pipeline,Pipeline
OPP-0005443,2024-11-08,Pipeline,Omitted
OPP-0005443,2024-11-15,Pipeline,Pipeline
OPP-0005443,2024-11-22,Pipeline,Omitted
OPP-0005443,2024-11-29,Pipeline,Pipeline
OPP-0005443,2024-12-06,Pipeline,Pipeline
OPP-0005443,2024-12-13,Pipeline,Pipeline
OPP-0005443,2024-12-20,Pipeline,Omitted
OPP-0005443,2024-12-27,Omitted,Omitted
OPP-0005443,2025-01-03,Pipeline,Pipeline
OPP-0005443,2025-01-10,Pipeline,Pipeline
OPP-0005443,2025-01-17,Best Case,Best Case
OPP-0005443,2025-01-24,Best Case,Best Case
OPP-0005443,2025-01-31,Best Case,Best Case
OPP-0005443,2025-02-07,Best Case,Best Case
OPP-0005443,2025-02-14,Best Case,Best Case
OPP-0005443,2025-02-21,Commit,Commit
OPP-0005443,2025-02-28,Best Case,Best Case
OPP-0005443,2025-03-07,Commit,Commit
OPP-0005443,2025-03-14,Best Case,Commit
OPP-0005444,2024-10-25,Commit,Commit
OPP-0005444,2024-11-01,Commit,Commit
OPP-0005444,2024-11-08,Commit,Commit
OPP-0005444,2024-11-15,Commit,Commit
OPP-0005444,2024-11-22,Commit,Commit
OPP-0005444,2024-11-29,Commit,Commit
OPP-0005444,2024-12-06,Commit,Commit
OPP-0005444,2024-12-13,Commit,Commit
OPP-0005444,2024-12-20,Commit,Commit
OPP-0005444,2024-12-27,Commit,Commit
OPP-0005445,2024-10-25,Pipeline,Pipeline
OPP-0005445,2024-11-01,Pipeline,Omitted
OPP-0005445,2024-11-08,Pipeline,Pipeline
OPP-0005445,2024-11-15,Pipeline,Omitted
OPP-0005445,2024-11-22,Pipeline,Pipeline
OPP-0005445,2024-11-29,Best Case,Best Case
OPP-0005451,2024-10-25,Commit,Commit
OPP-0005451,2024-11-01,Commit,Commit
OPP-0005451,2024-11-08,Commit,Commit
OPP-0005451,2024-11-15,Commit,Commit
OPP-0005451,2024-11-22,Commit,Commit
OPP-0005451,2024-11-29,Commit,Commit
OPP-0005452,2024-10-25,Best Case,Pipeline
OPP-0005452,2024-11-01,Best Case,Best Case
OPP-0005452,2024-11-08,Pipeline,Pipeline
OPP-0005452,2024-11-15,Pipeline,Pipeline
OPP-0005452,2024-11-22,Pipeline,Best Case
OPP-0005452,2024-11-29,Best Case,Best Case
OPP-0005452,2024-12-06,Commit,Commit
OPP-0005453,2024-10-25,Omitted,Omitted
OPP-0005453,2024-11-01,Omitted,Omitted
OPP-0005453,2024-11-08,Omitted,Omitted
OPP-0005453,2024-11-15,Omitted,Omitted
OPP-0005453,2024-11-22,Omitted,Omitted
OPP-0005453,2024-11-29,Pipeline,Omitted
OPP-0005454,2024-10-25,Commit,Commit
OPP-0005454,2024-11-01,Commit,Commit
OPP-0005454,2024-11-08,Commit,Commit
OPP-0005454,2024-11-15,Commit,Commit
OPP-0005454,2024-11-22,Commit,Commit
OPP-0005454,2024-11-29,Commit,Commit
OPP-0005454,2024-12-06,Commit,Commit
OPP-0005454,2024-12-13,Commit,Best Case
OPP-0005454,2024-12-20,Commit,Best Case
OPP-0005454,2024-12-27,Commit,Commit
OPP-0005454,2025-01-03,Commit,Best Case
OPP-0005454,2025-01-10,Commit,Commit
OPP-0005454,2025-01-17,Commit,Best Case
OPP-0005454,2025-01-24,Commit,Best Case
OPP-0005454,2025-01-31,Commit,Best Case
OPP-0005454,2025-02-07,Commit,Commit
OPP-0005454,2025-02-14,Commit,Commit
OPP-0005454,2025-02-21,Commit,Commit
OPP-0005455,2024-10-25,Best Case,Best Case
OPP-0005455,2024-11-01,Best Case,Best Case
OPP-0005455,2024-11-08,Best Case,Best Case
OPP-0005459,2024-11-01,Commit,Commit
OPP-0005459,2024-11-08,Commit,Commit
OPP-0005459,2024-11-15,Commit,Commit
OPP-0005459,2024-11-22,Commit,Commit
OPP-0005459,2024-11-29,Commit,Commit
OPP-0005460,2024-11-01,Pipeline,Pipeline
OPP-0005460,2024-11-08,Commit,Commit
OPP-0005460,2024-11-15,Best Case,Best Case
OPP-0005460,2024-11-22,Commit,Commit
OPP-0005466,2024-11-01,Best Case,Commit
OPP-0005466,2024-11-08,Commit,Commit
OPP-0005466,2024-11-15,Commit,Commit
OPP-0005466,2024-11-22,Commit,Commit
OPP-0005466,2024-11-29,Commit,Commit
OPP-0005467,2024-11-01,Best Case,Commit
OPP-0005467,2024-11-08,Commit,Commit
OPP-0005467,2024-11-15,Commit,Commit
OPP-0005467,2024-11-22,Commit,Commit
OPP-0005467,2024-11-29,Commit,Commit
OPP-0005468,2024-11-01,Pipeline,Omitted
OPP-0005468,2024-11-08,Pipeline,Pipeline
OPP-0005468,2024-11-15,Pipeline,Pipeline
OPP-0005468,2024-11-22,Best Case,Best Case
OPP-0005474,2024-11-01,Commit,Commit
OPP-0005474,2024-11-08,Commit,Commit
OPP-0005474,2024-11-15,Commit,Commit
OPP-0005474,2024-11-22,Commit,Commit
OPP-0005474,2024-11-29,Commit,Commit
OPP-0005475,2024-11-01,Commit,Commit
OPP-0005475,2024-11-08,Commit,Commit
OPP-0005475,2024-11-15,Commit,Commit
OPP-0005475,2024-11-22,Commit,Commit
OPP-0005475,2024-11-29,Commit,Commit
OPP-0005475,2024-12-06,Commit,Commit
OPP-0005475,2024-12-13,Commit,Commit
OPP-0005475,2024-12-20,Commit,Best Case
OPP-0005475,2024-12-27,Commit,Commit
OPP-0005482,2024-11-01,Omitted,Omitted
OPP-0005482,2024-11-08,Pipeline,Pipeline
OPP-0005482,2024-11-15,Best Case,Best Case
OPP-0005483,2024-11-01,Omitted,Omitted
OPP-0005483,2024-11-08,Pipeline,Omitted
OPP-0005483,2024-11-15,Pipeline,Omitted
OPP-0005484,2024-11-01,Commit,Commit
OPP-0005484,2024-11-08,Commit,Commit
OPP-0005484,2024-11-15,Commit,Commit
OPP-0005484,2024-11-22,Commit,Commit
OPP-0005484,2024-11-29,Commit,Commit
OPP-0005485,2024-11-01,Commit,Commit
OPP-0005485,2024-11-08,Commit,Commit
OPP-0005485,2024-11-15,Commit,Commit
OPP-0005485,2024-11-22,Commit,Commit
OPP-0005485,2024-11-29,Commit,Commit
OPP-0005485,2024-12-06,Commit,Commit
OPP-0005485,2024-12-13,Commit,Commit
OPP-0005485,2024-12-20,Commit,Commit
OPP-0005485,2024-12-27,Commit,Commit
OPP-0005486,2024-11-01,Commit,Commit
OPP-0005486,2024-11-08,Commit,Commit
OPP-0005486,2024-11-15,Commit,Commit
OPP-0005486,2024-11-22,Commit,Commit
OPP-0005486,2024-11-29,Commit,Commit
OPP-0005487,2024-11-01,Pipeline,Pipeline
OPP-0005487,2024-11-08,Best Case,Pipeline
OPP-0005487,2024-11-15,Best Case,Best Case
OPP-0005488,2024-11-01,Commit,Commit
OPP-0005488,2024-11-08,Commit,Commit
OPP-0005488,2024-11-15,Commit,Commit
OPP-0005488,2024-11-22,Commit,Commit
OPP-0005488,2024-11-29,Commit,Commit
OPP-0005488,2024-12-06,Commit,Commit
OPP-0005488,2024-12-13,Commit,Commit
OPP-0005488,2024-12-20,Commit,Commit
OPP-0005488,2024-12-27,Commit,Commit
OPP-0005488,2025-01-03,Commit,Commit
OPP-0005488,2025-01-10,Commit,Commit
OPP-0005489,2024-11-01,Commit,Commit
OPP-0005489,2024-11-08,Commit,Commit
OPP-0005489,2024-11-15,Commit,Commit
OPP-0005489,2024-11-22,Commit,Commit
OPP-0005489,2024-11-29,Commit,Commit
OPP-0005489,2024-12-06,Commit,Commit
OPP-0005489,2024-12-13,Commit,Commit
OPP-0005489,2024-12-20,Commit,Commit
OPP-0005489,2024-12-27,Commit,Commit
OPP-0005490,2024-11-01,Commit,Commit
OPP-0005490,2024-11-08,Commit,Commit
OPP-0005490,2024-11-15,Commit,Commit
OPP-0005490,2024-11-22,Commit,Commit
OPP-0005490,2024-11-29,Commit,Commit
OPP-0005495,2024-11-08,Commit,Commit
OPP-0005495,2024-11-15,Commit,Commit
OPP-0005495,2024-11-22,Commit,Commit
OPP-0005495,2024-11-29,Commit,Commit
OPP-0005496,2024-11-08,Best Case,Pipeline
OPP-0005496,2024-11-15,Commit,Commit
OPP-0005503,2024-11-08,Commit,Commit
OPP-0005503,2024-11-15,Commit,Commit
OPP-0005503,2024-11-22,Commit,Commit
OPP-0005503,2024-11-29,Commit,Commit
OPP-0005504,2024-11-08,Pipeline,Omitted
OPP-0005504,2024-11-15,Pipeline,Omitted
OPP-0005504,2024-11-22,Pipeline,Pipeline
OPP-0005504,2024-11-29,Pipeline,Pipeline
OPP-0005504,2024-12-06,Best Case,Best Case
OPP-0005504,2024-12-13,Pipeline,Pipeline
OPP-0005513,2024-11-08,Commit,Commit
OPP-0005513,2024-11-15,Commit,Commit
OPP-0005513,2024-11-22,Commit,Commit
OPP-0005513,2024-11-29,Commit,Commit
OPP-0005514,2024-11-08,Commit,Commit
OPP-0005514,2024-11-15,Commit,Commit
OPP-0005514,2024-11-22,Commit,Commit
OPP-0005514,2024-11-29,Commit,Commit
OPP-0005526,2024-11-08,Commit,Commit
OPP-0005526,2024-11-15,Commit,Commit
OPP-0005526,2024-11-22,Commit,Commit
OPP-0005526,2024-11-29,Commit,Commit
OPP-0005527,2024-11-08,Pipeline,Pipeline
OPP-0005527,2024-11-15,Pipeline,Pipeline
OPP-0005527,2024-11-22,Pipeline,Omitted
OPP-0005527,2024-11-29,Best Case,Best Case
OPP-0005528,2024-11-08,Best Case,Best Case
OPP-0005528,2024-11-15,Commit,Pipeline
OPP-0005528,2024-11-22,Commit,Best Case
OPP-0005529,2024-11-08,Pipeline,Pipeline
OPP-0005529,2024-11-15,Best Case,Best Case
OPP-0005529,2024-11-22,Pipeline,Pipeline
OPP-0005529,2024-11-29,Best Case,Best Case
OPP-0005529,2024-12-06,Pipeline,Pipeline
OPP-0005529,2024-12-13,Pipeline,Pipeline
OPP-0005529,2024-12-20,Pipeline,Pipeline
OPP-0005529,2024-12-27,Best Case,Pipeline
OPP-0005529,2025-01-03,Best Case,Best Case
OPP-0005529,2025-01-10,Best Case,Best Case
OPP-0005529,2025-01-17,Best Case,Best Case
OPP-0005529,2025-01-24,Best Case,Pipeline
OPP-0005529,2025-01-31,Best Case,Best Case
OPP-0005529,2025-02-07,Best Case,Pipeline
OPP-0005529,2025-02-14,Best Case,Best Case
OPP-0005529,2025-02-21,Best Case,Best Case
OPP-0005529,2025-02-28,Best Case,Best Case
OPP-0005529,2025-03-07,Best Case,Best Case
OPP-0005529,2025-03-14,Commit,Pipeline
OPP-0005529,2025-03-21,Pipeline,Pipeline
OPP-0005530,2024-11-08,Omitted,Omitted
OPP-0005530,2024-11-15,Omitted,Omitted
OPP-0005530,2024-11-22,Omitted,Omitted
OPP-0005530,2024-11-29,Omitted,Omitted
OPP-0005530,2024-12-06,Omitted,Omitted
OPP-0005530,2024-12-13,Omitted,Omitted
OPP-0005530,2024-12-20,Omitted,Omitted
OPP-0005530,2024-12-27,Omitted,Omitted
OPP-0005530,2025-01-03,Omitted,Omitted
OPP-0005530,2025-01-10,Omitted,Omitted
OPP-0005530,2025-01-17,Omitted,Omitted
OPP-0005530,2025-01-24,Omitted,Pipeline
OPP-0005530,2025-01-31,Omitted,Omitted
OPP-0005530,2025-02-07,Pipeline,Pipeline
OPP-0005530,2025-02-14,Pipeline,Omitted
OPP-0005530,2025-02-21,Pipeline,Pipeline
OPP-0005530,2025-02-28,Pipeline,Omitted
OPP-0005530,2025-03-07,Omitted,Omitted
OPP-0005530,2025-03-14,Pipeline,Omitted
OPP-0005530,2025-03-21,Omitted,Omitted
OPP-0005530,2025-03-28,Pipeline,Pipeline
OPP-0005530,2025-04-04,Omitted,Omitted
OPP-0005530,2025-04-11,Omitted,Omitted
OPP-0005537,2024-11-08,Pipeline,Pipeline
OPP-0005537,2024-11-15,Pipeline,Pipeline
OPP-0005537,2024-11-22,Pipeline,Pipeline
OPP-0005537,2024-11-29,Pipeline,Omitted
OPP-0005537,2024-12-06,Pipeline,Pipeline
OPP-0005537,2024-12-13,Pipeline,Pipeline
OPP-0005538,2024-11-08,Commit,Commit
OPP-0005538,2024-11-15,Commit,Commit
OPP-0005538,2024-11-22,Commit,Commit
OPP-0005538,2024-11-29,Commit,Commit
OPP-0005538,2024-12-06,Commit,Commit
OPP-0005538,2024-12-13,Commit,Commit
OPP-0005538,2024-12-20,Commit,Commit
OPP-0005538,2024-12-27,Commit,Commit
OPP-0005538,2025-01-03,Commit,Commit
OPP-0005538,2025-01-10,Commit,Commit
OPP-0005538,2025-01-17,Commit,Commit
OPP-0005538,2025-01-24,Commit,Commit
OPP-0005538,2025-01-31,Commit,Best Case
OPP-0005538,2025-02-07,Commit,Commit
OPP-0005538,2025-02-14,Commit,Commit
OPP-0005538,2025-02-21,Commit,Commit
OPP-0005538,2025-02-28,Commit,Commit
OPP-0005562,2024-11-08,Commit,Commit
OPP-0005562,2024-11-15,Commit,Commit
OPP-0005562,2024-11-22,Commit,Commit
OPP-0005562,2024-11-29,Commit,Commit
OPP-0005563,2024-11-08,Pipeline,Pipeline
OPP-0005563,2024-11-15,Pipeline,Pipeline
OPP-0005563,2024-11-22,Pipeline,Pipeline
OPP-0005563,2024-11-29,Pipeline,Pipeline
OPP-0005563,2024-12-06,Pipeline,Best Case
OPP-0005563,2024-12-13,Best Case,Best Case
OPP-0005563,2024-12-20,Best Case,Best Case
OPP-0005563,2024-12-27,Pipeline,Pipeline
OPP-0005563,2025-01-03,Pipeline,Pipeline
OPP-0005563,2025-01-10,Pipeline,Pipeline
OPP-0005563,2025-01-17,Best Case,Pipeline
OPP-0005563,2025-01-24,Pipeline,Pipeline
OPP-0005563,2025-01-31,Omitted,Pipeline
OPP-0005564,2024-11-08,Commit,Commit
OPP-0005564,2024-11-15,Commit,Commit
OPP-0005564,2024-11-22,Best Case,Commit
OPP-0005564,2024-11-29,Commit,Commit
OPP-0005564,2024-12-06,Commit,Commit
OPP-0005564,2024-12-13,Commit,Commit
OPP-0005564,2024-12-20,Commit,Commit
OPP-0005564,2024-12-27,Commit,Commit
OPP-0005564,2025-01-03,Best Case,Pipeline
OPP-0005564,2025-01-10,Commit,Best Case
OPP-0005564,2025-01-17,Commit,Best Case
OPP-0005564,2025-01-24,Best Case,Pipeline
OPP-0005564,2025-01-31,Commit,Best Case
OPP-0005571,2024-11-15,Commit,Commit
OPP-0005571,2024-11-22,Commit,Commit
OPP-0005571,2024-11-29,Commit,Commit
OPP-0005572,2024-11-15,Commit,Commit
OPP-0005572,2024-11-22,Commit,Commit
OPP-0005572,2024-11-29,Commit,Commit
OPP-0005573,2024-11-15,Best Case,Best Case
OPP-0005573,2024-11-22,Best Case,Best Case
OPP-0005573,2024-11-29,Best Case,Best Case
OPP-0005573,2024-12-06,Commit,Commit
OPP-0005578,2024-11-15,Omitted,Omitted
OPP-0005578,2024-11-22,Omitted,Omitted
OPP-0005579,2024-11-15,Pipeline,Pipeline
OPP-0005579,2024-11-22,Pipeline,Pipeline
OPP-0005579,2024-11-29,Best Case,Best Case
OPP-0005579,2024-12-06,Best Case,Best Case
OPP-0005579,2024-12-13,Best Case,Best Case
OPP-0005580,2024-11-15,Pipeline,Pipeline
OPP-0005580,2024-11-22,Best Case,Pipeline
OPP-0005580,2024-11-29,Pipeline,Pipeline
OPP-0005580,2024-12-06,Best Case,Best Case
OPP-0005580,2024-12-13,Best Case,Pipeline
OPP-0005580,2024-12-20,Pipeline,Omitted
OPP-0005580,2024-12-27,Pipeline,Omitted
OPP-0005580,2025-01-03,Pipeline,Omitted
OPP-0005580,2025-01-10,Pipeline,Pipeline
OPP-0005587,2024-11-15,Commit,Commit
OPP-0005587,2024-11-22,Commit,Commit
OPP-0005587,2024-11-29,Commit,Commit
OPP-0005588,2024-11-15,Commit,Commit
OPP-0005588,2024-11-22,Commit,Commit
OPP-0005588,2024-11-29,Commit,Commit
OPP-0005588,2024-12-06,Commit,Commit
OPP-0005588,2024-12-13,Commit,Commit
OPP-0005588,2024-12-20,Commit,Commit
OPP-0005588,2024-12-27,Commit,Commit
OPP-0005588,2025-01-03,Commit,Commit
OPP-0005588,2025-01-10,Commit,Best Case
OPP-0005588,2025-01-17,Commit,Best Case
OPP-0005588,2025-01-24,Commit,Best Case
OPP-0005588,2025-01-31,Commit,Best Case
OPP-0005591,2024-11-15,Commit,Commit
OPP-0005591,2024-11-22,Commit,Commit
OPP-0005591,2024-11-29,Commit,Commit
OPP-0005592,2024-11-15,Pipeline,Pipeline
OPP-0005592,2024-11-22,Best Case,Pipeline
OPP-0005592,2024-11-29,Best Case,Pipeline
OPP-0005592,2024-12-06,Best Case,Best Case
OPP-0005592,2024-12-13,Best Case,Best Case
OPP-0005593,2024-11-15,Commit,Commit
OPP-0005593,2024-11-22,Commit,Commit
OPP-0005593,2024-11-29,Commit,Commit
OPP-0005593,2024-12-06,Commit,Commit
OPP-0005593,2024-12-13,Commit,Commit
OPP-0005593,2024-12-20,Commit,Commit
OPP-0005593,2024-12-27,Commit,Commit
OPP-0005593,2025-01-03,Commit,Commit
OPP-0005593,2025-01-10,Commit,Commit
OPP-0005594,2024-11-15,Commit,Commit
OPP-0005594,2024-11-22,Commit,Commit
OPP-0005594,2024-11-29,Commit,Commit
OPP-0005594,2024-12-06,Commit,Best Case
OPP-0005594,2024-12-13,Commit,Best Case
OPP-0005595,2024-11-15,Commit,Commit
OPP-0005595,2024-11-22,Commit,Commit
OPP-0005595,2024-11-29,Commit,Commit
OPP-0005595,2024-12-06,Commit,Commit
OPP-0005595,2024-12-13,Commit,Commit
OPP-0005595,2024-12-20,Commit,Commit
OPP-0005595,2024-12-27,Commit,Commit
OPP-0005599,2024-11-15,Commit,Commit
OPP-0005599,2024-11-22,Commit,Commit
OPP-0005599,2024-11-29,Commit,Commit
OPP-0005600,2024-11-15,Commit,Commit
OPP-0005600,2024-11-22,Commit,Commit
OPP-0005600,2024-11-29,Commit,Commit
OPP-0005600,2024-12-06,Commit,Commit
OPP-0005600,2024-12-13,Commit,Commit
OPP-0005600,2024-12-20,Commit,Commit
OPP-0005600,2024-12-27,Commit,Commit
OPP-0005600,2025-01-03,Commit,Commit
OPP-0005600,2025-01-10,Commit,Commit
OPP-0005600,2025-01-17,Commit,Commit
OPP-0005600,2025-01-24,Commit,Commit
OPP-0005600,2025-01-31,Commit,Commit
OPP-0005600,2025-02-07,Commit,Commit
OPP-0005600,2025-02-14,Commit,Commit
OPP-0005600,2025-02-21,Commit,Commit
OPP-0005600,2025-02-28,Commit,Commit
OPP-0005600,2025-03-07,Commit,Commit
OPP-0005602,2024-11-15,Commit,Commit
OPP-0005602,2024-11-22,Commit,Commit
OPP-0005602,2024-11-29,Commit,Commit
OPP-0005603,2024-11-15,Omitted,Omitted
OPP-0005603,2024-11-22,Best Case,Best Case
OPP-0005603,2024-11-29,Best Case,Best Case
OPP-0005604,2024-11-15,Pipeline,Omitted
OPP-0005604,2024-11-22,Pipeline,Pipeline
OPP-0005604,2024-11-29,Pipeline,Omitted
OPP-0005604,2024-12-06,Best Case,Omitted
OPP-0005604,2024-12-13,Best Case,Best Case
OPP-0005605,2024-11-15,Omitted,Omitted
OPP-0005605,2024-11-22,Omitted,Omitted
OPP-0005605,2024-11-29,Omitted,Omitted
OPP-0005605,2024-12-06,Pipeline,Omitted
OPP-0005605,2024-12-13,Pipeline,Pipeline
OPP-0005605,2024-12-20,Best Case,Pipeline
OPP-0005606,2024-11-15,Commit,Best Case
OPP-0005606,2024-11-22,Commit,Best Case
OPP-0005606,2024-11-29,Commit,Best Case
OPP-0005606,2024-12-06,Commit,Commit
OPP-0005606,2024-12-13,Commit,Commit
OPP-0005606,2024-12-20,Commit,Commit
OPP-0005606,2024-12-27,Commit,Commit
OPP-0005606,2025-01-03,Best Case,Pipeline
OPP-0005606,2025-01-10,Best Case,Best Case
OPP-0005606,2025-01-17,Commit,Commit
OPP-0005606,2025-01-24,Commit,Best Case
OPP-0005606,2025-01-31,Commit,Commit
OPP-0005613,2024-11-15,Pipeline,Omitted
OPP-0005613,2024-11-22,Pipeline,Omitted
OPP-0005613,2024-11-29,Best Case,Pipeline
OPP-0005613,2024-12-06,Best Case,Pipeline
OPP-0005613,2024-12-13,Best Case,Pipeline
OPP-0005613,2024-12-20,Pipeline,Pipeline
OPP-0005614,2024-11-15,Pipeline,Pipeline
OPP-0005614,2024-11-22,Pipeline,Omitted
OPP-0005614,2024-11-29,Pipeline,Best Case
OPP-0005614,2024-12-06,Best Case,Best Case
OPP-0005615,2024-11-15,Omitted,Omitted
OPP-0005615,2024-11-22,Omitted,Omitted
OPP-0005615,2024-11-29,Omitted,Omitted
OPP-0005615,2024-12-06,Omitted,Omitted
OPP-0005615,2024-12-13,Pipeline,Omitted
OPP-0005615,2024-12-20,Pipeline,Omitted
OPP-0005615,2024-12-27,Pipeline,Pipeline
OPP-0005615,2025-01-03,Omitted,Omitted
OPP-0005615,2025-01-10,Omitted,Pipeline
OPP-0005615,2025-01-17,Omitted,Pipeline
OPP-0005615,2025-01-24,Omitted,Pipeline
OPP-0005615,2025-01-31,Pipeline,Pipeline
OPP-0005615,2025-02-07,Pipeline,Pipeline
OPP-0005615,2025-02-14,Omitted,Omitted
OPP-0005615,2025-02-21,Omitted,Omitted
OPP-0005615,2025-02-28,Omitted,Omitted
OPP-0005616,2024-11-15,Commit,Commit
OPP-0005616,2024-11-22,Commit,Commit
OPP-0005616,2024-11-29,Commit,Commit
OPP-0005616,2024-12-06,Commit,Commit
OPP-0005616,2024-12-13,Commit,Commit
OPP-0005616,2024-12-20,Commit,Commit
OPP-0005616,2024-12-27,Commit,Commit
OPP-0005617,2024-11-15,Commit,Commit
OPP-0005617,2024-11-22,Commit,Commit
OPP-0005617,2024-11-29,Commit,Commit
OPP-0005617,2024-12-06,Commit,Commit
OPP-0005617,2024-12-13,Commit,Commit
OPP-0005617,2024-12-20,Commit,Commit
OPP-0005617,2024-12-27,Commit,Commit
OPP-0005627,2024-11-22,Commit,Commit
OPP-0005627,2024-11-29,Commit,Commit
OPP-0005634,2024-11-22,Commit,Commit
OPP-0005634,2024-11-29,Commit,Commit
OPP-0005634,2024-12-06,Commit,Commit
OPP-0005634,2024-12-13,Commit,Commit
OPP-0005634,2024-12-20,Commit,Commit
OPP-0005634,2024-12-27,Commit,Commit
OPP-0005635,2024-11-22,Omitted,Omitted
OPP-0005635,2024-11-29,Pipeline,Omitted
OPP-0005635,2024-12-06,Pipeline,Pipeline
OPP-0005635,2024-12-13,Pipeline,Pipeline
OPP-0005636,2024-11-22,Commit,Commit
OPP-0005636,2024-11-29,Commit,Commit
OPP-0005636,2024-12-06,Commit,Commit
OPP-0005636,2024-12-13,Commit,Commit
OPP-0005636,2024-12-20,Commit,Commit
OPP-0005636,2024-12-27,Commit,Commit
OPP-0005636,2025-01-03,Commit,Commit
OPP-0005636,2025-01-10,Commit,Commit
OPP-0005636,2025-01-17,Commit,Commit
OPP-0005636,2025-01-24,Commit,Commit
OPP-0005636,2025-01-31,Commit,Commit
OPP-0005637,2024-11-22,Commit,Commit
OPP-0005637,2024-11-29,Commit,Commit
OPP-0005637,2024-12-06,Commit,Commit
OPP-0005637,2024-12-13,Commit,Commit
OPP-0005637,2024-12-20,Commit,Commit
OPP-0005637,2024-12-27,Commit,Commit
OPP-0005637,2025-01-03,Commit,Best Case
OPP-0005637,2025-01-10,Commit,Commit
OPP-0005637,2025-01-17,Commit,Best Case
OPP-0005637,2025-01-24,Commit,Commit
OPP-0005637,2025-01-31,Commit,Commit
OPP-0005638,2024-11-22,Pipeline,Pipeline
OPP-0005638,2024-11-29,Commit,Commit
OPP-0005638,2024-12-06,Commit,Commit
OPP-0005638,2024-12-13,Best Case,Best Case
OPP-0005645,2024-11-22,Commit,Commit
OPP-0005645,2024-11-29,Commit,Commit
OPP-0005645,2024-12-06,Commit,Commit
OPP-0005645,2024-12-13,Commit,Best Case
OPP-0005645,2024-12-20,Commit,Commit
OPP-0005645,2024-12-27,Commit,Best Case
OPP-0005646,2024-11-22,Commit,Commit
OPP-0005646,2024-11-29,Commit,Commit
OPP-0005646,2024-12-06,Commit,Commit
OPP-0005646,2024-12-13,Commit,Commit
OPP-0005646,2024-12-20,Commit,Commit
OPP-0005646,2024-12-27,Commit,Commit
OPP-0005647,2024-11-22,Best Case,Best Case
OPP-0005647,2024-11-29,Best Case,Best Case
OPP-0005647,2024-12-06,Commit,Commit
OPP-0005647,2024-12-13,Best Case,Best Case
OPP-0005647,2024-12-20,Best Case,Best Case
OPP-0005648,2024-11-22,Pipeline,Omitted
OPP-0005648,2024-11-29,Pipeline,Omitted
OPP-0005648,2024-12-06,Pipeline,Omitted
OPP-0005648,2024-12-13,Pipeline,Omitted
OPP-0005648,2024-12-20,Pipeline,Omitted
OPP-0005648,2024-12-27,Pipeline,Omitted
OPP-0005648,2025-01-03,Pipeline,Omitted
OPP-0005648,2025-01-10,Best Case,Pipeline
OPP-0005648,2025-01-17,Pipeline,Pipeline
OPP-0005648,2025-01-24,Best Case,Pipeline
OPP-0005648,2025-01-31,Pipeline,Omitted
OPP-0005648,2025-02-07,Pipeline,Pipeline
OPP-0005648,2025-02-14,Omitted,Omitted
OPP-0005648,2025-02-21,Best Case,Omitted
OPP-0005648,2025-02-28,Best Case,Pipeline
OPP-0005648,2025-03-07,Pipeline,Omitted
OPP-0005648,2025-03-14,Pipeline,Omitted
OPP-0005648,2025-03-21,Pipeline,Omitted
OPP-0005648,2025-03-28,Pipeline,Omitted
OPP-0005648,2025-04-04,Pipeline,Omitted
OPP-0005648,2025-04-11,Pipeline,Omitted
OPP-0005648,2025-04-18,Pipeline,Omitted
OPP-0005648,2025-04-25,Pipeline,Omitted
OPP-0005649,2024-11-22,Omitted,Omitted
OPP-0005649,2024-11-29,Pipeline,Omitted
OPP-0005649,2024-12-06,Omitted,Omitted
OPP-0005649,2024-12-13,Pipeline,Pipeline
OPP-0005649,2024-12-20,Omitted,Pipeline
OPP-0005649,2024-12-27,Pipeline,Pipeline
OPP-0005649,2025-01-03,Pipeline,Pipeline
OPP-0005649,2025-01-10,Pipeline,Pipeline
OPP-0005649,2025-01-17,Pipeline,Pipeline
OPP-0005649,2025-01-24,Pipeline,Omitted
OPP-0005649,2025-01-31,Omitted,Pipeline
OPP-0005649,2025-02-07,Omitted,Omitted
OPP-0005649,2025-02-14,Omitted,Pipeline
OPP-0005649,2025-02-21,Pipeline,Pipeline
OPP-0005649,2025-02-28,Omitted,Omitted
OPP-0005649,2025-03-07,Pipeline,Omitted
OPP-0005649,2025-03-14,Omitted,Omitted
OPP-0005649,2025-03-21,Omitted,Omitted
OPP-0005649,2025-03-28,Omitted,Omitted
OPP-0005650,2024-11-22,Best Case,Omitted
OPP-0005650,2024-11-29,Best Case,Best Case
OPP-0005650,2024-12-06,Best Case,Best Case
OPP-0005650,2024-12-13,Best Case,Best Case
OPP-0005658,2024-11-22,Pipeline,Pipeline
OPP-0005658,2024-11-29,Best Case,Best Case
OPP-0005658,2024-12-06,Best Case,Best Case
OPP-0005659,2024-11-22,Commit,Commit
OPP-0005659,2024-11-29,Commit,Commit
OPP-0005659,2024-12-06,Commit,Commit
OPP-0005659,2024-12-13,Commit,Commit
OPP-0005659,2024-12-20,Commit,Commit
OPP-0005659,2024-12-27,Commit,Commit
OPP-0005659,2025-01-03,Commit,Commit
OPP-0005659,2025-01-10,Commit,Commit
OPP-0005659,2025-01-17,Commit,Commit
OPP-0005659,2025-01-24,Commit,Commit
OPP-0005659,2025-01-31,Commit,Commit
OPP-0005660,2024-11-22,Commit,Commit
OPP-0005660,2024-11-29,Commit,Commit
OPP-0005660,2024-12-06,Best Case,Pipeline
OPP-0005660,2024-12-13,Commit,Best Case
OPP-0005660,2024-12-20,Commit,Best Case
OPP-0005660,2024-12-27,Commit,Commit
OPP-0005660,2025-01-03,Commit,Best Case
OPP-0005660,2025-01-10,Commit,Best Case
OPP-0005660,2025-01-17,Commit,Best Case
OPP-0005660,2025-01-24,Commit,Best Case
OPP-0005660,2025-01-31,Commit,Best Case
OPP-0005661,2024-11-22,Commit,Commit
OPP-0005661,2024-11-29,Commit,Commit
OPP-0005661,2024-12-06,Commit,Commit
OPP-0005661,2024-12-13,Commit,Commit
OPP-0005661,2024-12-20,Commit,Commit
OPP-0005661,2024-12-27,Commit,Commit
OPP-0005662,2024-11-22,Commit,Commit
OPP-0005662,2024-11-29,Commit,Commit
OPP-0005662,2024-12-06,Commit,Commit
OPP-0005662,2024-12-13,Commit,Commit
OPP-0005662,2024-12-20,Commit,Commit
OPP-0005662,2024-12-27,Commit,Commit
OPP-0005672,2024-11-22,Pipeline,Pipeline
OPP-0005672,2024-11-29,Best Case,Best Case
OPP-0005672,2024-12-06,Pipeline,Pipeline
OPP-0005672,2024-12-13,Best Case,Best Case
OPP-0005672,2024-12-20,Pipeline,Pipeline
OPP-0005672,2024-12-27,Pipeline,Best Case
OPP-0005673,2024-11-22,Commit,Commit
OPP-0005673,2024-11-29,Commit,Commit
OPP-0005673,2024-12-06,Commit,Commit
OPP-0005673,2024-12-13,Commit,Commit
OPP-0005673,2024-12-20,Commit,Commit
OPP-0005673,2024-12-27,Commit,Commit
OPP-0005674,2024-11-22,Commit,Commit
OPP-0005674,2024-11-29,Commit,Commit
OPP-0005674,2024-12-06,Commit,Commit
OPP-0005674,2024-12-13,Commit,Commit
OPP-0005674,2024-12-20,Commit,Commit
OPP-0005674,2024-12-27,Commit,Commit
OPP-0005674,2025-01-03,Best Case,Pipeline
OPP-0005674,2025-01-10,Best Case,Best Case
OPP-0005674,2025-01-17,Best Case,Pipeline
OPP-0005674,2025-01-24,Commit,Best Case
OPP-0005674,2025-01-31,Commit,Best Case
OPP-0005675,2024-11-22,Pipeline,Pipeline
OPP-0005675,2024-11-29,Best Case,Best Case
OPP-0005675,2024-12-06,Best Case,Best Case
OPP-0005675,2024-12-13,Best Case,Best Case
OPP-0005682,2024-11-22,Commit,Commit
OPP-0005682,2024-11-29,Commit,Commit
OPP-0005682,2024-12-06,Commit,Commit
OPP-0005682,2024-12-13,Commit,Commit
OPP-0005682,2024-12-20,Commit,Commit
OPP-0005682,2024-12-27,Commit,Commit
OPP-0005683,2024-11-22,Commit,Commit
OPP-0005683,2024-11-29,Commit,Commit
OPP-0005683,2024-12-06,Commit,Commit
OPP-0005683,2024-12-13,Commit,Commit
OPP-0005683,2024-12-20,Commit,Commit
OPP-0005683,2024-12-27,Commit,Commit
OPP-0005683,2025-01-03,Commit,Commit
OPP-0005683,2025-01-10,Commit,Commit
OPP-0005683,2025-01-17,Commit,Commit
OPP-0005683,2025-01-24,Commit,Commit
OPP-0005683,2025-01-31,Commit,Commit
OPP-0005684,2024-11-22,Commit,Commit
OPP-0005684,2024-11-29,Commit,Commit
OPP-0005684,2024-12-06,Commit,Commit
OPP-0005684,2024-12-13,Commit,Commit
OPP-0005684,2024-12-20,Commit,Commit
OPP-0005684,2024-12-27,Commit,Commit
OPP-0005684,2025-01-03,Commit,Commit
OPP-0005684,2025-01-10,Commit,Commit
OPP-0005684,2025-01-17,Commit,Commit
OPP-0005684,2025-01-24,Commit,Best Case
OPP-0005684,2025-01-31,Commit,Best Case
OPP-0005685,2024-11-22,Commit,Commit
OPP-0005685,2024-11-29,Commit,Commit
OPP-0005685,2024-12-06,Commit,Commit
OPP-0005685,2024-12-13,Commit,Commit
OPP-0005685,2024-12-20,Commit,Commit
OPP-0005685,2024-12-27,Commit,Commit
OPP-0005689,2024-11-22,Omitted,Omitted
OPP-0005689,2024-11-29,Pipeline,Pipeline
OPP-0005690,2024-11-22,Commit,Commit
OPP-0005690,2024-11-29,Commit,Commit
OPP-0005690,2024-12-06,Commit,Commit
OPP-0005690,2024-12-13,Commit,Commit
OPP-0005690,2024-12-20,Commit,Commit
OPP-0005690,2024-12-27,Commit,Commit
OPP-0005697,2024-11-29,Commit,Commit
OPP-0005697,2024-12-06,Commit,Commit
OPP-0005697,2024-12-13,Commit,Commit
OPP-0005697,2024-12-20,Commit,Commit
OPP-0005697,2024-12-27,Commit,Commit
OPP-0005697,2025-01-03,Commit,Best Case
OPP-0005697,2025-01-10,Commit,Commit
OPP-0005697,2025-01-17,Commit,Best Case
OPP-0005697,2025-01-24,Commit,Best Case
OPP-0005697,2025-01-31,Commit,Commit
OPP-0005698,2024-11-29,Best Case,Best Case
OPP-0005698,2024-12-06,Best Case,Best Case
OPP-0005698,2024-12-13,Pipeline,Pipeline
OPP-0005698,2024-12-20,Best Case,Pipeline
OPP-0005698,2024-12-27,Commit,Commit
OPP-0005702,2024-11-29,Commit,Commit
OPP-0005702,2024-12-06,Commit,Commit
OPP-0005702,2024-12-13,Commit,Commit
OPP-0005702,2024-12-20,Commit,Commit
OPP-0005702,2024-12-27,Commit,Commit
OPP-0005703,2024-11-29,Commit,Commit
OPP-0005703,2024-12-06,Commit,Commit
OPP-0005703,2024-12-13,Commit,Commit
OPP-0005703,2024-12-20,Commit,Commit
OPP-0005703,2024-12-27,Commit,Commit
OPP-0005704,2024-11-29,Omitted,Omitted
OPP-0005704,2024-12-06,Pipeline,Omitted
OPP-0005705,2024-11-29,Commit,Commit
OPP-0005705,2024-12-06,Commit,Commit
OPP-0005705,2024-12-13,Commit,Commit
OPP-0005705,2024-12-20,Commit,Commit
OPP-0005705,2024-12-27,Commit,Commit
OPP-0005705,2025-01-03,Commit,Commit
OPP-0005705,2025-01-10,Commit,Commit
OPP-0005705,2025-01-17,Commit,Commit
OPP-0005705,2025-01-24,Commit,Commit
OPP-0005714,2024-11-29,Commit,Commit
OPP-0005714,2024-12-06,Commit,Commit
OPP-0005714,2024-12-13,Commit,Commit
OPP-0005714,2024-12-20,Commit,Commit
OPP-0005714,2024-12-27,Commit,Commit
OPP-0005715,2024-11-29,Pipeline,Pipeline
OPP-0005715,2024-12-06,Pipeline,Omitted
OPP-0005715,2024-12-13,Omitted,Omitted
OPP-0005715,2024-12-20,Pipeline,Pipeline
OPP-0005716,2024-11-29,Pipeline,Omitted
OPP-0005716,2024-12-06,Pipeline,Pipeline
OPP-0005716,2024-12-13,Pipeline,Pipeline
OPP-0005716,2024-12-20,Pipeline,Pipeline
OPP-0005716,2024-12-27,Best Case,Pipeline
OPP-0005726,2024-11-29,Commit,Commit
OPP-0005726,2024-12-06,Commit,Commit
OPP-0005726,2024-12-13,Commit,Commit
OPP-0005726,2024-12-20,Commit,Commit
OPP-0005726,2024-12-27,Commit,Commit
OPP-0005727,2024-11-29,Pipeline,Omitted
OPP-0005727,2024-12-06,Pipeline,Omitted
OPP-0005727,2024-12-13,Pipeline,Omitted
OPP-0005727,2024-12-20,Pipeline,Pipeline
OPP-0005728,2024-11-29,Pipeline,Omitted
OPP-0005728,2024-12-06,Pipeline,Omitted
OPP-0005728,2024-12-13,Omitted,Omitted
OPP-0005728,2024-12-20,Best Case,Omitted
OPP-0005728,2024-12-27,Pipeline,Pipeline
OPP-0005728,2025-01-03,Pipeline,Pipeline
OPP-0005732,2024-11-29,Commit,Commit
OPP-0005732,2024-12-06,Commit,Commit
OPP-0005732,2024-12-13,Commit,Commit
OPP-0005732,2024-12-20,Commit,Commit
OPP-0005732,2024-12-27,Commit,Commit
OPP-0005733,2024-11-29,Omitted,Omitted
OPP-0005733,2024-12-06,Omitted,Omitted
OPP-0005733,2024-12-13,Pipeline,Pipeline
OPP-0005733,2024-12-20,Pipeline,Pipeline
OPP-0005742,2024-11-29,Commit,Commit
OPP-0005742,2024-12-06,Commit,Commit
OPP-0005742,2024-12-13,Commit,Commit
OPP-0005742,2024-12-20,Commit,Commit
OPP-0005742,2024-12-27,Commit,Commit
OPP-0005743,2024-11-29,Commit,Commit
OPP-0005743,2024-12-06,Commit,Commit
OPP-0005743,2024-12-13,Commit,Commit
OPP-0005743,2024-12-20,Commit,Commit
OPP-0005743,2024-12-27,Commit,Commit
OPP-0005744,2024-11-29,Best Case,Best Case
OPP-0005744,2024-12-06,Best Case,Best Case
OPP-0005744,2024-12-13,Commit,Pipeline
OPP-0005744,2024-12-20,Commit,Commit
OPP-0005744,2024-12-27,Best Case,Best Case
OPP-0005744,2025-01-03,Best Case,Best Case
OPP-0005745,2024-11-29,Pipeline,Pipeline
OPP-0005745,2024-12-06,Best Case,Best Case
OPP-0005745,2024-12-13,Best Case,Best Case
OPP-0005755,2024-11-29,Commit,Commit
OPP-0005755,2024-12-06,Commit,Commit
OPP-0005755,2024-12-13,Commit,Commit
OPP-0005755,2024-12-20,Commit,Commit
OPP-0005755,2024-12-27,Commit,Commit
OPP-0005756,2024-11-29,Pipeline,Omitted
OPP-0005756,2024-12-06,Pipeline,Omitted
OPP-0005756,2024-12-13,Pipeline,Pipeline
OPP-0005756,2024-12-20,Best Case,Best Case
OPP-0005756,2024-12-27,Pipeline,Pipeline
OPP-0005756,2025-01-03,Pipeline,Pipeline
OPP-0005756,2025-01-10,Best Case,Best Case
OPP-0005757,2024-11-29,Best Case,Best Case
OPP-0005757,2024-12-06,Best Case,Best Case
OPP-0005757,2024-12-13,Commit,Pipeline
OPP-0005757,2024-12-20,Commit,Best Case
OPP-0005758,2024-11-29,Omitted,Omitted
OPP-0005758,2024-12-06,Omitted,Omitted
OPP-0005758,2024-12-13,Pipeline,Omitted
OPP-0005758,2024-12-20,Pipeline,Pipeline
OPP-0005758,2024-12-27,Omitted,Pipeline
OPP-0005758,2025-01-03,Omitted,Omitted
OPP-0005759,2024-12-06,Commit,Commit
OPP-0005759,2024-12-13,Commit,Commit
OPP-0005759,2024-12-20,Commit,Commit
OPP-0005759,2024-12-27,Commit,Commit
OPP-0005759,2025-01-03,Commit,Commit
OPP-0005760,2024-12-06,Commit,Commit
OPP-0005760,2024-12-13,Commit,Commit
OPP-0005760,2024-12-20,Commit,Commit
OPP-0005760,2024-12-27,Commit,Commit
OPP-0005760,2025-01-03,Commit,Commit
OPP-0005760,2025-01-10,Commit,Commit
OPP-0005760,2025-01-17,Commit,Commit
OPP-0005760,2025-01-24,Commit,Commit
OPP-0005761,2024-12-06,Pipeline,Pipeline
OPP-0005761,2024-12-13,Best Case,Pipeline
OPP-0005761,2024-12-20,Best Case,Best Case
OPP-0005761,2024-12-27,Best Case,Best Case
OPP-0005761,2025-01-03,Commit,Commit
OPP-0005762,2024-12-06,Best Case,Best Case
OPP-0005762,2024-12-13,Pipeline,Pipeline
OPP-0005762,2024-12-20,Best Case,Best Case
OPP-0005762,2024-12-27,Best Case,Best Case
OPP-0005762,2025-01-03,Best Case,Best Case
OPP-0005763,2024-12-06,Commit,Commit
OPP-0005763,2024-12-13,Commit,Commit
OPP-0005763,2024-12-20,Commit,Commit
OPP-0005763,2024-12-27,Commit,Commit
OPP-0005764,2024-12-06,Commit,Commit
OPP-0005764,2024-12-13,Commit,Commit
OPP-0005764,2024-12-20,Commit,Commit
OPP-0005764,2024-12-27,Commit,Commit
OPP-0005765,2024-12-06,Commit,Commit
OPP-0005765,2024-12-13,Commit,Commit
OPP-0005765,2024-12-20,Commit,Commit
OPP-0005765,2024-12-27,Commit,Commit
OPP-0005766,2024-12-06,Pipeline,Pipeline
OPP-0005766,2024-12-13,Pipeline,Pipeline
OPP-0005766,2024-12-20,Pipeline,Pipeline
OPP-0005766,2024-12-27,Pipeline,Pipeline
OPP-0005766,2025-01-03,Pipeline,Pipeline
OPP-0005766,2025-01-10,Best Case,Pipeline
OPP-0005766,2025-01-17,Pipeline,Pipeline
OPP-0005766,2025-01-24,Pipeline,Pipeline
OPP-0005766,2025-01-31,Best Case,Best Case
OPP-0005766,2025-02-07,Pipeline,Pipeline
OPP-0005769,2024-12-06,Commit,Commit
OPP-0005769,2024-12-13,Commit,Commit
OPP-0005769,2024-12-20,Commit,Commit
OPP-0005769,2024-12-27,Commit,Commit
OPP-0005770,2024-12-06,Commit,Commit
OPP-0005770,2024-12-13,Commit,Commit
OPP-0005770,2024-12-20,Commit,Commit
OPP-0005770,2024-12-27,Commit,Commit
OPP-0005770,2025-01-03,Commit,Commit
OPP-0005770,2025-01-10,Commit,Commit
OPP-0005770,2025-01-17,Commit,Commit
OPP-0005770,2025-01-24,Commit,Commit
OPP-0005770,2025-01-31,Commit,Commit
OPP-0005770,2025-02-07,Commit,Commit
OPP-0005770,2025-02-14,Commit,Commit
OPP-0005770,2025-02-21,Commit,Commit
OPP-0005770,2025-02-28,Commit,Commit
OPP-0005770,2025-03-07,Commit,Commit
OPP-0005770,2025-03-14,Commit,Commit
OPP-0005781,2024-12-06,Pipeline,Omitted
OPP-0005781,2024-12-13,Best Case,Best Case
OPP-0005781,2024-12-20,Best Case,Best Case
OPP-0005781,2024-12-27,Best Case,Best Case
OPP-0005781,2025-01-03,Best Case,Best Case
OPP-0005782,2024-12-06,Pipeline,Omitted
OPP-0005782,2024-12-13,Pipeline,Omitted
OPP-0005783,2024-12-06,Best Case,Best Case
OPP-0005783,2024-12-13,Best Case,Pipeline
OPP-0005783,2024-12-20,Best Case,Best Case
OPP-0005783,2024-12-27,Best Case,Best Case
OPP-0005783,2025-01-03,Best Case,Best Case
OPP-0005783,2025-01-10,Commit,Pipeline
OPP-0005783,2025-01-17,Best Case,Best Case
OPP-0005783,2025-01-24,Best Case,Best Case
OPP-0005783,2025-01-31,Best Case,Best Case
OPP-0005783,2025-02-07,Best Case,Best Case
OPP-0005783,2025-02-14,Commit,Commit
OPP-0005783,2025-02-21,Commit,Best Case
OPP-0005783,2025-02-28,Commit,Commit
OPP-0005783,2025-03-07,Commit,Commit
OPP-0005783,2025-03-14,Commit,Best Case
OPP-0005783,2025-03-21,Commit,Commit
OPP-0005784,2024-12-06,Commit,Commit
OPP-0005784,2024-12-13,Commit,Commit
OPP-0005784,2024-12-20,Commit,Commit
OPP-0005784,2024-12-27,Commit,Commit
OPP-0005784,2025-01-03,Commit,Commit
OPP-0005784,2025-01-10,Commit,Commit
OPP-0005784,2025-01-17,Commit,Commit
OPP-0005785,2024-12-06,Commit,Commit
OPP-0005785,2024-12-13,Commit,Commit
OPP-0005785,2024-12-20,Commit,Commit
OPP-0005785,2024-12-27,Commit,Commit
OPP-0005785,2025-01-03,Commit,Commit
OPP-0005785,2025-01-10,Commit,Commit
OPP-0005785,2025-01-17,Commit,Commit
OPP-0005785,2025-01-24,Commit,Commit
OPP-0005785,2025-01-31,Commit,Commit
OPP-0005786,2024-12-06,Pipeline,Pipeline
OPP-0005786,2024-12-13,Pipeline,Pipeline
OPP-0005786,2024-12-20,Pipeline,Omitted
OPP-0005786,2024-12-27,Best Case,Omitted
OPP-0005786,2025-01-03,Omitted,Omitted
OPP-0005786,2025-01-10,Omitted,Omitted
OPP-0005787,2024-12-06,Omitted,Omitted
OPP-0005787,2024-12-13,Pipeline,Omitted
OPP-0005787,2024-12-20,Pipeline,Pipeline
OPP-0005787,2024-12-27,Pipeline,Pipeline
OPP-0005793,2024-12-06,Omitted,Omitted
OPP-0005793,2024-12-13,Omitted,Omitted
OPP-0005793,2024-12-20,Pipeline,Omitted
OPP-0005794,2024-12-06,Omitted,Omitted
OPP-0005794,2024-12-13,Omitted,Omitted
OPP-0005794,2024-12-20,Pipeline,Pipeline
OPP-0005794,2024-12-27,Pipeline,Omitted
OPP-0005794,2025-01-03,Pipeline,Pipeline
OPP-0005794,2025-01-10,Pipeline,Pipeline
OPP-0005794,2025-01-17,Pipeline,Pipeline
OPP-0005794,2025-01-24,Pipeline,Pipeline
OPP-0005794,2025-01-31,Pipeline,Pipeline
OPP-0005794,2025-02-07,Best Case,Best Case
OPP-0005794,2025-02-14,Best Case,Best Case
OPP-0005794,2025-02-21,Pipeline,Pipeline
OPP-0005794,2025-02-28,Best Case,Best Case
OPP-0005794,2025-03-07,Best Case,Best Case
OPP-0005795,2024-12-06,Pipeline,Pipeline
OPP-0005795,2024-12-13,Pipeline,Pipeline
OPP-0005795,2024-12-20,Omitted,Pipeline
OPP-0005795,2024-12-27,Pipeline,Pipeline
OPP-0005795,2025-01-03,Pipeline,Pipeline
OPP-0005795,2025-01-10,Best Case,Best Case
OPP-0005795,2025-01-17,Pipeline,Pipeline
OPP-0005795,2025-01-24,Pipeline,Pipeline
OPP-0005795,2025-01-31,Pipeline,Best Case
OPP-0005795,2025-02-07,Commit,Commit
OPP-0005795,2025-02-14,Commit,Commit
OPP-0005795,2025-02-21,Best Case,Commit
OPP-0005795,2025-02-28,Commit,Commit
OPP-0005796,2024-12-06,Pipeline,Omitted
OPP-0005796,2024-12-13,Pipeline,Omitted
OPP-0005796,2024-12-20,Pipeline,Pipeline
OPP-0005796,2024-12-27,Pipeline,Omitted
OPP-0005804,2024-12-06,Commit,Best Case
OPP-0005804,2024-12-13,Commit,Best Case
OPP-0005804,2024-12-20,Commit,Best Case
OPP-0005804,2024-12-27,Commit,Commit
OPP-0005804,2025-01-03,Commit,Commit
OPP-0005804,2025-01-10,Commit,Commit
OPP-0005804,2025-01-17,Commit,Commit
OPP-0005804,2025-01-24,Commit,Commit
OPP-0005804,2025-01-31,Commit,Commit
OPP-0005804,2025-02-07,Commit,Commit
OPP-0005804,2025-02-14,Commit,Commit
OPP-0005804,2025-02-21,Commit,Commit
OPP-0005804,2025-02-28,Commit,Commit
OPP-0005807,2024-12-06,Commit,Commit
OPP-0005807,2024-12-13,Commit,Commit
OPP-0005807,2024-12-20,Commit,Commit
OPP-0005807,2024-12-27,Commit,Commit
OPP-0005808,2024-12-06,Best Case,Best Case
OPP-0005808,2024-12-13,Best Case,Best Case
OPP-0005808,2024-12-20,Best Case,Best Case
OPP-0005809,2024-12-06,Pipeline,Omitted
OPP-0005809,2024-12-13,Pipeline,Omitted
OPP-0005809,2024-12-20,Pipeline,Omitted
OPP-0005809,2024-12-27,Pipeline,Omitted
OPP-0005809,2025-01-03,Omitted,Omitted
OPP-0005809,2025-01-10,Omitted,Omitted
OPP-0005809,2025-01-17,Pipeline,Omitted
OPP-0005809,2025-01-24,Pipeline,Omitted
OPP-0005809,2025-01-31,Pipeline,Pipeline
OPP-0005809,2025-02-07,Omitted,Omitted
OPP-0005809,2025-02-14,Omitted,Omitted
OPP-0005809,2025-02-21,Omitted,Omitted
OPP-0005810,2024-12-06,Commit,Commit
OPP-0005810,2024-12-13,Commit,Commit
OPP-0005810,2024-12-20,Commit,Commit
OPP-0005810,2024-12-27,Commit,Commit
OPP-0005810,2025-01-03,Commit,Best Case
OPP-0005810,2025-01-10,Commit,Best Case
OPP-0005810,2025-01-17,Commit,Best Case
OPP-0005810,2025-01-24,Commit,Best Case
OPP-0005810,2025-01-31,Commit,Best Case
OPP-0005810,2025-02-07,Commit,Commit
OPP-0005810,2025-02-14,Commit,Commit
OPP-0005810,2025-02-21,Commit,Commit
OPP-0005810,2025-02-28,Commit,Commit
OPP-0005814,2024-12-13,Omitted,Omitted
OPP-0005814,2024-12-20,Pipeline,Omitted
OPP-0005814,2024-12-27,Omitted,Omitted
OPP-0005814,2025-01-03,Pipeline,Omitted
OPP-0005815,2024-12-13,Commit,Commit
OPP-0005815,2024-12-20,Commit,Commit
OPP-0005815,2024-12-27,Commit,Commit
OPP-0005815,2025-01-03,Commit,Best Case
OPP-0005815,2025-01-10,Commit,Best Case
OPP-0005815,2025-01-17,Commit,Best Case
OPP-0005816,2024-12-13,Commit,Commit
OPP-0005816,2024-12-20,Commit,Commit
OPP-0005816,2024-12-27,Commit,Commit
OPP-0005816,2025-01-03,Commit,Commit
OPP-0005816,2025-01-10,Commit,Commit
OPP-0005816,2025-01-17,Commit,Best Case
OPP-0005816,2025-01-24,Commit,Best Case
OPP-0005816,2025-01-31,Commit,Best Case
OPP-0005816,2025-02-07,Commit,Commit
OPP-0005816,2025-02-14,Commit,Commit
OPP-0005816,2025-02-21,Commit,Commit
OPP-0005816,2025-02-28,Commit,Best Case
OPP-0005824,2024-12-13,Best Case,Pipeline
OPP-0005824,2024-12-20,Pipeline,Pipeline
OPP-0005824,2024-12-27,Best Case,Best Case
OPP-0005824,2025-01-03,Best Case,Best Case
OPP-0005824,2025-01-10,Commit,Pipeline
OPP-0005825,2024-12-13,Omitted,Omitted
OPP-0005825,2024-12-20,Omitted,Omitted
OPP-0005825,2024-12-27,Omitted,Omitted
OPP-0005825,2025-01-03,Omitted,Omitted
OPP-0005825,2025-01-10,Omitted,Omitted
OPP-0005825,2025-01-17,Omitted,Omitted
OPP-0005825,2025-01-24,Omitted,Omitted
OPP-0005825,2025-01-31,Omitted,Omitted
OPP-0005825,2025-02-07,Omitted,Omitted
OPP-0005825,2025-02-14,Omitted,Omitted
OPP-0005825,2025-02-21,Omitted,Omitted
OPP-0005825,2025-02-28,Omitted,Omitted
OPP-0005825,2025-03-07,Omitted,Omitted
OPP-0005825,2025-03-14,Omitted,Omitted
OPP-0005825,2025-03-21,Omitted,Omitted
OPP-0005825,2025-03-28,Omitted,Omitted
OPP-0005825,2025-04-04,Omitted,Omitted
OPP-0005825,2025-04-11,Omitted,Omitted
OPP-0005825,2025-04-18,Omitted,Pipeline
OPP-0005825,2025-04-25,Omitted,Omitted
OPP-0005825,2025-05-02,Omitted,Omitted
OPP-0005825,2025-05-09,Omitted,Omitted
OPP-0005825,2025-05-16,Omitted,Omitted
OPP-0005826,2024-12-13,Pipeline,Pipeline
OPP-0005826,2024-12-20,Pipeline,Pipeline
OPP-0005826,2024-12-27,Best Case,Best Case
OPP-0005826,2025-01-03,Best Case,Best Case
OPP-0005826,2025-01-10,Best Case,Best Case
OPP-0005827,2024-12-13,Pipeline,Pipeline
OPP-0005827,2024-12-20,Pipeline,Pipeline
OPP-0005827,2024-12-27,Pipeline,Best Case
OPP-0005827,2025-01-03,Best Case,Best Case
OPP-0005836,2024-12-13,Commit,Commit
OPP-0005836,2024-12-20,Commit,Commit
OPP-0005836,2024-12-27,Commit,Commit
OPP-0005837,2024-12-13,Pipeline,Omitted
OPP-0005837,2024-12-20,Pipeline,Omitted
OPP-0005837,2024-12-27,Best Case,Best Case
OPP-0005837,2025-01-03,Pipeline,Pipeline
OPP-0005837,2025-01-10,Pipeline,Pipeline
OPP-0005837,2025-01-17,Best Case,Best Case
OPP-0005837,2025-01-24,Pipeline,Omitted
OPP-0005837,2025-01-31,Pipeline,Pipeline
OPP-0005837,2025-02-07,Pipeline,Omitted
OPP-0005837,2025-02-14,Best Case,Pipeline
OPP-0005837,2025-02-21,Best Case,Omitted
OPP-0005837,2025-02-28,Best Case,Best Case
OPP-0005837,2025-03-07,Best Case,Best Case
OPP-0005837,2025-03-14,Omitted,Omitted
OPP-0005837,2025-03-21,Pipeline,Omitted
OPP-0005837,2025-03-28,Pipeline,Omitted
OPP-0005837,2025-04-04,Omitted,Omitted
OPP-0005837,2025-04-11,Omitted,Omitted
OPP-0005837,2025-04-18,Pipeline,Omitted
OPP-0005837,2025-04-25,Pipeline,Omitted
OPP-0005837,2025-05-02,Pipeline,Omitted
OPP-0005838,2024-12-13,Commit,Commit
OPP-0005838,2024-12-20,Commit,Commit
OPP-0005838,2024-12-27,Commit,Commit
OPP-0005838,2025-01-03,Commit,Best Case
OPP-0005838,2025-01-10,Commit,Best Case
OPP-0005838,2025-01-17,Commit,Best Case
OPP-0005838,2025-01-24,Commit,Best Case
OPP-0005838,2025-01-31,Commit,Best Case
OPP-0005838,2025-02-07,Commit,Commit
OPP-0005838,2025-02-14,Commit,Best Case
OPP-0005839,2024-12-13,Commit,Commit
OPP-0005839,2024-12-20,Commit,Commit
OPP-0005839,2024-12-27,Commit,Commit
OPP-0005839,2025-01-03,Best Case,Commit
OPP-0005839,2025-01-10,Commit,Commit
OPP-0005839,2025-01-17,Best Case,Commit
OPP-0005839,2025-01-24,Commit,Commit
OPP-0005839,2025-01-31,Commit,Commit
OPP-0005840,2024-12-13,Omitted,Omitted
OPP-0005840,2024-12-20,Best Case,Pipeline
OPP-0005851,2024-12-13,Omitted,Omitted
OPP-0005851,2024-12-20,Omitted,Omitted
OPP-0005851,2024-12-27,Pipeline,Pipeline
OPP-0005851,2025-01-03,Omitted,Pipeline
OPP-0005851,2025-01-10,Pipeline,Pipeline
OPP-0005851,2025-01-17,Pipeline,Pipeline
OPP-0005851,2025-01-24,Pipeline,Pipeline
OPP-0005851,2025-01-31,Pipeline,Pipeline
OPP-0005851,2025-02-07,Pipeline,Pipeline
OPP-0005851,2025-02-14,Pipeline,Pipeline
OPP-0005851,2025-02-21,Pipeline,Pipeline
OPP-0005851,2025-02-28,Pipeline,Pipeline
OPP-0005851,2025-03-07,Pipeline,Pipeline
OPP-0005851,2025-03-14,Pipeline,Pipeline
OPP-0005852,2024-12-13,Best Case,Pipeline
OPP-0005852,2024-12-20,Best Case,Pipeline
OPP-0005852,2024-12-27,Commit,Best Case
OPP-0005852,2025-01-03,Best Case,Pipeline
OPP-0005852,2025-01-10,Best Case,Best Case
OPP-0005852,2025-01-17,Best Case,Pipeline
OPP-0005852,2025-01-24,Best Case,Pipeline
OPP-0005852,2025-01-31,Commit,Best Case
OPP-0005852,2025-02-07,Commit,Commit
OPP-0005852,2025-02-14,Commit,Best Case
OPP-0005852,2025-02-21,Commit,Best Case
OPP-0005852,2025-02-28,Commit,Commit
OPP-0005861,2024-12-13,Omitted,Omitted
OPP-0005861,2024-12-20,Omitted,Pipeline
OPP-0005861,2024-12-27,Pipeline,Omitted
OPP-0005861,2025-01-03,Pipeline,Pipeline
OPP-0005861,2025-01-10,Omitted,Pipeline
OPP-0005861,2025-01-17,Pipeline,Pipeline
OPP-0005861,2025-01-24,Pipeline,Omitted
OPP-0005861,2025-01-31,Omitted,Omitted
OPP-0005861,2025-02-07,Omitted,Pipeline
OPP-0005861,2025-02-14,Pipeline,Pipeline
OPP-0005861,2025-02-21,Pipeline,Pipeline
OPP-0005861,2025-02-28,Pipeline,Pipeline
OPP-0005861,2025-03-07,Pipeline,Pipeline
OPP-0005861,2025-03-14,Pipeline,Pipeline
OPP-0005861,2025-03-21,Pipeline,Pipeline
OPP-0005861,2025-03-28,Pipeline,Pipeline
OPP-0005861,2025-04-04,Pipeline,Pipeline
OPP-0005861,2025-04-11,Pipeline,Pipeline
OPP-0005861,2025-04-18,Pipeline,Pipeline
OPP-0005861,2025-04-25,Pipeline,Best Case
OPP-0005861,2025-05-02,Best Case,Commit
OPP-0005862,2024-12-13,Commit,Commit
OPP-0005862,2024-12-20,Commit,Commit
OPP-0005862,2024-12-27,Commit,Commit
OPP-0005862,2025-01-03,Commit,Best Case
OPP-0005862,2025-01-10,Commit,Best Case
OPP-0005862,2025-01-17,Commit,Best Case
OPP-0005862,2025-01-24,Commit,Commit
OPP-0005862,2025-01-31,Commit,Commit
OPP-0005862,2025-02-07,Commit,Commit
OPP-0005862,2025-02-14,Commit,Commit
OPP-0005862,2025-02-21,Commit,Commit
OPP-0005862,2025-02-28,Commit,Commit
OPP-0005869,2024-12-13,Omitted,Omitted
OPP-0005869,2024-12-20,Pipeline,Omitted
OPP-0005869,2024-12-27,Omitted,Omitted
OPP-0005869,2025-01-03,Omitted,Pipeline
OPP-0005869,2025-01-10,Pipeline,Omitted
OPP-0005869,2025-01-17,Pipeline,Pipeline
OPP-0005870,2024-12-13,Commit,Commit
OPP-0005870,2024-12-20,Commit,Commit
OPP-0005870,2024-12-27,Commit,Commit
OPP-0005870,2025-01-03,Commit,Best Case
OPP-0005870,2025-01-10,Commit,Best Case
OPP-0005870,2025-01-17,Commit,Best Case
OPP-0005870,2025-01-24,Commit,Best Case
OPP-0005870,2025-01-31,Commit,Commit
OPP-0005870,2025-02-07,Commit,Commit
OPP-0005870,2025-02-14,Commit,Commit
OPP-0005870,2025-02-21,Commit,Commit
OPP-0005870,2025-02-28,Commit,Commit
OPP-0005870,2025-03-07,Commit,Commit
OPP-0005871,2024-12-13,Pipeline,Pipeline
OPP-0005871,2024-12-20,Commit,Commit
OPP-0005871,2024-12-27,Commit,Best Case
OPP-0005871,2025-01-03,Commit,Commit
OPP-0005876,2024-12-20,Commit,Commit
OPP-0005876,2024-12-27,Commit,Commit
OPP-0005877,2024-12-20,Commit,Commit
OPP-0005877,2024-12-27,Commit,Commit
OPP-0005877,2025-01-03,Best Case,Best Case
OPP-0005877,2025-01-10,Commit,Best Case
OPP-0005878,2024-12-20,Commit,Commit
OPP-0005878,2024-12-27,Commit,Commit
OPP-0005878,2025-01-03,Commit,Best Case
OPP-0005878,2025-01-10,Commit,Best Case
OPP-0005878,2025-01-17,Commit,Best Case
OPP-0005878,2025-01-24,Commit,Best Case
OPP-0005878,2025-01-31,Commit,Commit
OPP-0005883,2024-12-20,Best Case,Best Case
OPP-0005883,2024-12-27,Commit,Pipeline
OPP-0005883,2025-01-03,Best Case,Best Case
OPP-0005884,2024-12-20,Pipeline,Omitted
OPP-0005884,2024-12-27,Pipeline,Pipeline
OPP-0005884,2025-01-03,Commit,Commit
OPP-0005884,2025-01-10,Best Case,Best Case
OPP-0005890,2024-12-20,Commit,Pipeline
OPP-0005890,2024-12-27,Commit,Commit
OPP-0005890,2025-01-03,Commit,Commit
OPP-0005890,2025-01-10,Best Case,Best Case
OPP-0005890,2025-01-17,Commit,Commit
OPP-0005891,2024-12-20,Pipeline,Omitted
OPP-0005891,2024-12-27,Pipeline,Pipeline
OPP-0005891,2025-01-03,Best Case,Best Case
OPP-0005891,2025-01-10,Pipeline,Pipeline
OPP-0005891,2025-01-17,Best Case,Best Case
OPP-0005891,2025-01-24,Pipeline,Pipeline
OPP-0005891,2025-01-31,Pipeline,Pipeline
OPP-0005891,2025-02-07,Pipeline,Pipeline
OPP-0005891,2025-02-14,Pipeline,Omitted
OPP-0005891,2025-02-21,Best Case,Best Case
OPP-0005891,2025-02-28,Best Case,Best Case
OPP-0005891,2025-03-07,Pipeline,Omitted
OPP-0005891,2025-03-14,Pipeline,Pipeline
OPP-0005891,2025-03-21,Pipeline,Omitted
OPP-0005891,2025-03-28,Omitted,Omitted
OPP-0005891,2025-04-04,Omitted,Omitted
OPP-0005891,2025-04-11,Omitted,Omitted
OPP-0005891,2025-04-18,Omitted,Omitted
OPP-0005891,2025-04-25,Omitted,Omitted
OPP-0005891,2025-05-02,Omitted,Omitted
OPP-0005891,2025-05-09,Omitted,Omitted
OPP-0005891,2025-05-16,Pipeline,Omitted
OPP-0005891,2025-05-23,Omitted,Omitted
OPP-0005892,2024-12-20,Pipeline,Omitted
OPP-0005892,2024-12-27,Omitted,Pipeline
OPP-0005892,2025-01-03,Best Case,Best Case
OPP-0005892,2025-01-10,Best Case,Best Case
OPP-0005899,2024-12-20,Commit,Commit
OPP-0005899,2024-12-27,Commit,Commit
OPP-0005899,2025-01-03,Commit,Commit
OPP-0005899,2025-01-10,Commit,Commit
OPP-0005899,2025-01-17,Commit,Commit
OPP-0005899,2025-01-24,Commit,Commit
OPP-0005899,2025-01-31,Commit,Commit
OPP-0005899,2025-02-07,Commit,Commit
OPP-0005899,2025-02-14,Commit,Commit
OPP-0005910,2024-12-20,Commit,Commit
OPP-0005910,2024-12-27,Commit,Commit
OPP-0005911,2024-12-20,Omitted,Omitted
OPP-0005911,2024-12-27,Omitted,Omitted
OPP-0005911,2025-01-03,Omitted,Omitted
OPP-0005911,2025-01-10,Omitted,Omitted
OPP-0005911,2025-01-17,Omitted,Omitted
OPP-0005911,2025-01-24,Pipeline,Omitted
OPP-0005911,2025-01-31,Omitted,Omitted
OPP-0005911,2025-02-07,Pipeline,Pipeline
OPP-0005911,2025-02-14,Best Case,Best Case
OPP-0005911,2025-02-21,Pipeline,Omitted
OPP-0005911,2025-02-28,Pipeline,Pipeline
OPP-0005911,2025-03-07,Best Case,Best Case
OPP-0005911,2025-03-14,Pipeline,Pipeline
OPP-0005911,2025-03-21,Pipeline,Pipeline
OPP-0005911,2025-03-28,Pipeline,Pipeline
OPP-0005911,2025-04-04,Pipeline,Pipeline
OPP-0005911,2025-04-11,Omitted,Pipeline
OPP-0005911,2025-04-18,Pipeline,Pipeline
OPP-0005911,2025-04-25,Best Case,Best Case
OPP-0005911,2025-05-02,Commit,Commit
OPP-0005911,2025-05-09,Commit,Best Case
OPP-0005912,2024-12-20,Pipeline,Pipeline
OPP-0005912,2024-12-27,Pipeline,Pipeline
OPP-0005912,2025-01-03,Best Case,Omitted
OPP-0005912,2025-01-10,Omitted,Pipeline
OPP-0005912,2025-01-17,Pipeline,Pipeline
OPP-0005912,2025-01-24,Best Case,Best Case
OPP-0005912,2025-01-31,Best Case,Best Case
OPP-0005920,2024-12-20,Commit,Commit
OPP-0005920,2024-12-27,Commit,Commit
OPP-0005920,2025-01-03,Commit,Commit
OPP-0005920,2025-01-10,Commit,Commit
OPP-0005920,2025-01-17,Commit,Commit
OPP-0005920,2025-01-24,Commit,Commit
OPP-0005920,2025-01-31,Commit,Commit
OPP-0005921,2024-12-20,Pipeline,Omitted
OPP-0005921,2024-12-27,Pipeline,Omitted
OPP-0005921,2025-01-03,Omitted,Omitted
OPP-0005921,2025-01-10,Best Case,Pipeline
OPP-0005922,2024-12-20,Omitted,Omitted
OPP-0005922,2024-12-27,Pipeline,Omitted
OPP-0005922,2025-01-03,Omitted,Omitted
OPP-0005922,2025-01-10,Omitted,Omitted
OPP-0005923,2024-12-20,Omitted,Omitted
OPP-0005923,2024-12-27,Pipeline,Omitted
OPP-0005923,2025-01-03,Omitted,Omitted
OPP-0005923,2025-01-10,Omitted,Omitted
OPP-0005923,2025-01-17,Omitted,Omitted
OPP-0005923,2025-01-24,Pipeline,Omitted
OPP-0005923,2025-01-31,Pipeline,Omitted
OPP-0005923,2025-02-07,Pipeline,Pipeline
OPP-0005923,2025-02-14,Pipeline,Pipeline
OPP-0005923,2025-02-21,Pipeline,Pipeline
OPP-0005923,2025-02-28,Pipeline,Pipeline
OPP-0005923,2025-03-07,Omitted,Omitted
OPP-0005923,2025-03-14,Pipeline,Omitted
OPP-0005923,2025-03-21,Pipeline,Omitted
OPP-0005923,2025-03-28,Pipeline,Omitted
OPP-0005924,2024-12-20,Commit,Commit
OPP-0005924,2024-12-27,Commit,Commit
OPP-0005924,2025-01-03,Best Case,Pipeline
OPP-0005924,2025-01-10,Commit,Best Case
OPP-0005924,2025-01-17,Commit,Best Case
OPP-0005924,2025-01-24,Commit,Best Case
OPP-0005924,2025-01-31,Commit,Best Case
OPP-0005924,2025-02-07,Commit,Commit
OPP-0005924,2025-02-14,Commit,Commit
OPP-0005924,2025-02-21,Commit,Commit
OPP-0005924,2025-02-28,Commit,Commit
OPP-0005924,2025-03-07,Commit,Commit
OPP-0005924,2025-03-14,Commit,Commit
OPP-0005925,2024-12-20,Pipeline,Pipeline
OPP-0005925,2024-12-27,Pipeline,Pipeline
OPP-0005925,2025-01-03,Pipeline,Pipeline
OPP-0005925,2025-01-10,Pipeline,Omitted
OPP-0005925,2025-01-17,Pipeline,Pipeline
OPP-0005925,2025-01-24,Best Case,Best Case
OPP-0005928,2024-12-20,Commit,Commit
OPP-0005928,2024-12-27,Commit,Commit
OPP-0005928,2025-01-03,Commit,Commit
OPP-0005928,2025-01-10,Commit,Commit
OPP-0005928,2025-01-17,Commit,Commit
OPP-0005928,2025-01-24,Commit,Commit
OPP-0005928,2025-01-31,Commit,Commit
OPP-0005929,2024-12-20,Omitted,Omitted
OPP-0005929,2024-12-27,Pipeline,Pipeline
OPP-0005929,2025-01-03,Best Case,Best Case
OPP-0005930,2024-12-20,Commit,Commit
OPP-0005930,2024-12-27,Commit,Commit
OPP-0005930,2025-01-03,Best Case,Best Case
OPP-0005930,2025-01-10,Best Case,Pipeline
OPP-0005930,2025-01-17,Best Case,Pipeline
OPP-0005930,2025-01-24,Commit,Commit
OPP-0005930,2025-01-31,Best Case,Pipeline
OPP-0005930,2025-02-07,Commit,Commit
OPP-0005930,2025-02-14,Commit,Commit
OPP-0005931,2024-12-20,Pipeline,Pipeline
OPP-0005931,2024-12-27,Best Case,Pipeline
OPP-0005931,2025-01-03,Best Case,Best Case
OPP-0005939,2024-12-27,Commit,Commit
OPP-0005939,2025-01-03,Commit,Best Case
OPP-0005939,2025-01-10,Commit,Best Case
OPP-0005939,2025-01-17,Commit,Best Case
OPP-0005939,2025-01-24,Commit,Commit
OPP-0005939,2025-01-31,Commit,Best Case
OPP-0005940,2024-12-27,Commit,Commit
OPP-0005940,2025-01-03,Commit,Best Case
OPP-0005940,2025-01-10,Best Case,Pipeline
OPP-0005940,2025-01-17,Commit,Commit
OPP-0005940,2025-01-24,Commit,Best Case
OPP-0005940,2025-01-31,Commit,Best Case
OPP-0005941,2024-12-27,Best Case,Best Case
OPP-0005941,2025-01-03,Pipeline,Pipeline
OPP-0005941,2025-01-10,Pipeline,Pipeline
OPP-0005941,2025-01-17,Best Case,Best Case
OPP-0005941,2025-01-24,Best Case,Best Case
OPP-0005941,2025-01-31,Pipeline,Pipeline
OPP-0005941,2025-02-07,Pipeline,Pipeline
OPP-0005941,2025-02-14,Pipeline,Pipeline
OPP-0005941,2025-02-21,Pipeline,Pipeline
OPP-0005941,2025-02-28,Best Case,Omitted
OPP-0005941,2025-03-07,Pipeline,Pipeline
OPP-0005941,2025-03-14,Best Case,Omitted
OPP-0005941,2025-03-21,Best Case,Pipeline
OPP-0005941,2025-03-28,Best Case,Best Case
OPP-0005941,2025-04-04,Best Case,Best Case
OPP-0005941,2025-04-11,Best Case,Best Case
OPP-0005941,2025-04-18,Best Case,Best Case
OPP-0005941,2025-04-25,Best Case,Best Case
OPP-0005941,2025-05-02,Pipeline,Pipeline
OPP-0005941,2025-05-09,Best Case,Best Case
OPP-0005941,2025-05-16,Commit,Commit
OPP-0005941,2025-05-23,Best Case,Pipeline
OPP-0005941,2025-05-30,Commit,Commit
OPP-0005941,2025-06-06,Commit,Commit
OPP-0005941,2025-06-13,Commit,Commit
OPP-0005942,2024-12-27,Pipeline,Pipeline
OPP-0005942,2025-01-03,Pipeline,Pipeline
OPP-0005942,2025-01-10,Pipeline,Pipeline
OPP-0005942,2025-01-17,Pipeline,Pipeline
OPP-0005942,2025-01-24,Best Case,Best Case
OPP-0005951,2024-12-27,Commit,Commit
OPP-0005951,2025-01-03,Commit,Best Case
OPP-0005951,2025-01-10,Commit,Best Case
OPP-0005951,2025-01-17,Commit,Best Case
OPP-0005951,2025-01-24,Commit,Best Case
OPP-0005951,2025-01-31,Commit,Best Case
OPP-0005952,2024-12-27,Commit,Commit
OPP-0005952,2025-01-03,Commit,Commit
OPP-0005952,2025-01-10,Commit,Best Case
OPP-0005952,2025-01-17,Commit,Commit
OPP-0005952,2025-01-24,Commit,Commit
OPP-0005952,2025-01-31,Commit,Commit
OPP-0005953,2024-12-27,Commit,Commit
OPP-0005953,2025-01-03,Commit,Best Case
OPP-0005953,2025-01-10,Best Case,Pipeline
OPP-0005953,2025-01-17,Commit,Best Case
OPP-0005953,2025-01-24,Commit,Best Case
OPP-0005953,2025-01-31,Commit,Best Case
OPP-0005953,2025-02-07,Commit,Commit
OPP-0005953,2025-02-14,Commit,Commit
OPP-0005953,2025-02-21,Commit,Commit
OPP-0005953,2025-02-28,Commit,Commit
OPP-0005953,2025-03-07,Commit,Commit
OPP-0005954,2024-12-27,Commit,Best Case
OPP-0005954,2025-01-03,Commit,Best Case
OPP-0005954,2025-01-10,Commit,Commit
OPP-0005954,2025-01-17,Commit,Best Case
OPP-0005955,2024-12-27,Commit,Commit
OPP-0005955,2025-01-03,Commit,Commit
OPP-0005955,2025-01-10,Commit,Commit
OPP-0005955,2025-01-17,Commit,Commit
OPP-0005955,2025-01-24,Commit,Commit
OPP-0005955,2025-01-31,Commit,Commit
OPP-0005960,2024-12-27,Commit,Commit
OPP-0005960,2025-01-03,Commit,Commit
OPP-0005960,2025-01-10,Commit,Commit
OPP-0005960,2025-01-17,Commit,Commit
OPP-0005960,2025-01-24,Commit,Commit
OPP-0005960,2025-01-31,Commit,Commit
OPP-0005961,2024-12-27,Omitted,Omitted
OPP-0005961,2025-01-03,Pipeline,Omitted
OPP-0005961,2025-01-10,Omitted,Omitted
OPP-0005961,2025-01-17,Omitted,Omitted
OPP-0005961,2025-01-24,Pipeline,Omitted
OPP-0005961,2025-01-31,Pipeline,Omitted
OPP-0005961,2025-02-07,Best Case,Best Case
OPP-0005961,2025-02-14,Pipeline,Pipeline
OPP-0005961,2025-02-21,Pipeline,Pipeline
OPP-0005961,2025-02-28,Pipeline,Pipeline
OPP-0005961,2025-03-07,Best Case,Best Case
OPP-0005961,2025-03-14,Best Case,Commit
OPP-0005962,2024-12-27,Commit,Commit
OPP-0005962,2025-01-03,Commit,Best Case
OPP-0005962,2025-01-10,Commit,Commit
OPP-0005962,2025-01-17,Commit,Best Case
OPP-0005962,2025-01-24,Commit,Best Case
OPP-0005962,2025-01-31,Commit,Best Case
OPP-0005967,2024-12-27,Pipeline,Omitted
OPP-0005967,2025-01-03,Best Case,Best Case
OPP-0005967,2025-01-10,Best Case,Omitted
OPP-0005967,2025-01-17,Pipeline,Omitted
OPP-0005967,2025-01-24,Commit,Pipeline
OPP-0005975,2024-12-27,Commit,Commit
OPP-0005975,2025-01-03,Commit,Commit
OPP-0005975,2025-01-10,Commit,Commit
OPP-0005975,2025-01-17,Commit,Commit
OPP-0005975,2025-01-24,Commit,Commit
OPP-0005975,2025-01-31,Commit,Commit
OPP-0005976,2024-12-27,Commit,Commit
OPP-0005976,2025-01-03,Commit,Commit
OPP-0005976,2025-01-10,Commit,Commit
OPP-0005976,2025-01-17,Commit,Commit
OPP-0005976,2025-01-24,Commit,Commit
OPP-0005976,2025-01-31,Commit,Commit
OPP-0005976,2025-02-07,Commit,Commit
OPP-0005976,2025-02-14,Commit,Commit
OPP-0005976,2025-02-21,Commit,Commit
OPP-0005976,2025-02-28,Commit,Commit
OPP-0005977,2024-12-27,Commit,Best Case
OPP-0005977,2025-01-03,Best Case,Commit
OPP-0005977,2025-01-10,Commit,Commit
OPP-0005977,2025-01-17,Commit,Commit
OPP-0005977,2025-01-24,Commit,Commit
OPP-0005977,2025-01-31,Commit,Commit
OPP-0005978,2024-12-27,Best Case,Best Case
OPP-0005978,2025-01-03,Commit,Commit
OPP-0005991,2024-12-27,Commit,Commit
OPP-0005991,2025-01-03,Commit,Commit
OPP-0005991,2025-01-10,Commit,Commit
OPP-0005991,2025-01-17,Commit,Commit
OPP-0005991,2025-01-24,Commit,Commit
OPP-0005991,2025-01-31,Commit,Commit
OPP-0005992,2024-12-27,Pipeline,Pipeline
OPP-0005992,2025-01-03,Pipeline,Pipeline
OPP-0005992,2025-01-10,Pipeline,Pipeline
OPP-0005993,2024-12-27,Commit,Commit
OPP-0005993,2025-01-03,Commit,Commit
OPP-0005993,2025-01-10,Commit,Commit
OPP-0005993,2025-01-17,Commit,Commit
OPP-0005993,2025-01-24,Commit,Commit
OPP-0005993,2025-01-31,Commit,Commit
OPP-0005994,2024-12-27,Commit,Commit
OPP-0005994,2025-01-03,Commit,Commit
OPP-0005994,2025-01-10,Commit,Commit
OPP-0005994,2025-01-17,Commit,Commit
OPP-0005994,2025-01-24,Commit,Commit
OPP-0005994,2025-01-31,Commit,Commit
OPP-0005995,2024-12-27,Pipeline,Pipeline
OPP-0005995,2025-01-03,Pipeline,Pipeline
OPP-0005995,2025-01-10,Best Case,Pipeline
OPP-0006000,2024-12-27,Pipeline,Pipeline
OPP-0006000,2025-01-03,Pipeline,Pipeline
OPP-0006000,2025-01-10,Best Case,Pipeline
OPP-0006000,2025-01-17,Best Case,Pipeline
OPP-0006001,2024-12-27,Commit,Commit
OPP-0006001,2025-01-03,Commit,Commit
OPP-0006001,2025-01-10,Commit,Commit
OPP-0006001,2025-01-17,Commit,Commit
OPP-0006001,2025-01-24,Commit,Commit
OPP-0006001,2025-01-31,Commit,Commit
OPP-0006001,2025-02-07,Commit,Commit
OPP-0006001,2025-02-14,Commit,Commit
OPP-0006001,2025-02-21,Commit,Commit
OPP-0006001,2025-02-28,Commit,Commit
OPP-0006001,2025-03-07,Commit,Commit
OPP-0006001,2025-03-14,Commit,Commit
OPP-0006001,2025-03-21,Commit,Commit
OPP-0006008,2025-01-03,Pipeline,Omitted
OPP-0006008,2025-01-10,Omitted,Omitted
OPP-0006008,2025-01-17,Pipeline,Omitted
OPP-0006008,2025-01-24,Pipeline,Pipeline
OPP-0006008,2025-01-31,Pipeline,Pipeline
OPP-0006008,2025-02-07,Pipeline,Pipeline
OPP-0006008,2025-02-14,Best Case,Best Case
OPP-0006008,2025-02-21,Pipeline,Pipeline
OPP-0006008,2025-02-28,Best Case,Best Case
OPP-0006008,2025-03-07,Commit,Best Case
OPP-0006008,2025-03-14,Commit,Commit
OPP-0006008,2025-03-21,Commit,Commit
OPP-0006008,2025-03-28,Commit,Commit
OPP-0006008,2025-04-04,Commit,Commit
OPP-0006009,2025-01-03,Best Case,Best Case
OPP-0006009,2025-01-10,Best Case,Best Case
OPP-0006017,2025-01-03,Commit,Commit
OPP-0006017,2025-01-10,Commit,Commit
OPP-0006017,2025-01-17,Commit,Commit
OPP-0006017,2025-01-24,Commit,Commit
OPP-0006017,2025-01-31,Commit,Commit
OPP-0006018,2025-01-03,Best Case,Pipeline
OPP-0006018,2025-01-10,Best Case,Pipeline
OPP-0006018,2025-01-17,Best Case,Best Case
OPP-0006018,2025-01-24,Commit,Commit
OPP-0006019,2025-01-03,Pipeline,Omitted
OPP-0006019,2025-01-10,Omitted,Omitted
OPP-0006019,2025-01-17,Pipeline,Omitted
OPP-0006019,2025-01-24,Pipeline,Pipeline
OPP-0006019,2025-01-31,Best Case,Best Case
OPP-0006019,2025-02-07,Best Case,Best Case
OPP-0006020,2025-01-03,Best Case,Best Case
OPP-0006020,2025-01-10,Best Case,Best Case
OPP-0006020,2025-01-17,Best Case,Best Case
OPP-0006020,2025-01-24,Commit,Commit
OPP-0006020,2025-01-31,Best Case,Best Case
OPP-0006020,2025-02-07,Best Case,Best Case
OPP-0006021,2025-01-03,Commit,Commit
OPP-0006021,2025-01-10,Commit,Commit
OPP-0006021,2025-01-17,Commit,Commit
OPP-0006021,2025-01-24,Commit,Commit
OPP-0006021,2025-01-31,Commit,Commit
OPP-0006022,2025-01-03,Commit,Commit
OPP-0006022,2025-01-10,Commit,Commit
OPP-0006022,2025-01-17,Commit,Commit
OPP-0006022,2025-01-24,Commit,Commit
OPP-0006022,2025-01-31,Commit,Commit
OPP-0006023,2025-01-03,Best Case,Best Case
OPP-0006023,2025-01-10,Best Case,Best Case
OPP-0006024,2025-01-03,Pipeline,Pipeline
OPP-0006024,2025-01-10,Best Case,Omitted
OPP-0006024,2025-01-17,Pipeline,Pipeline
OPP-0006025,2025-01-03,Pipeline,Pipeline
OPP-0006025,2025-01-10,Best Case,Best Case
OPP-0006025,2025-01-17,Commit,Commit
OPP-0006026,2025-01-03,Omitted,Omitted
OPP-0006026,2025-01-10,Pipeline,Omitted
OPP-0006026,2025-01-17,Pipeline,Pipeline
OPP-0006026,2025-01-24,Best Case,Pipeline
OPP-0006026,2025-01-31,Pipeline,Omitted
OPP-0006026,2025-02-07,Pipeline,Omitted
OPP-0006027,2025-01-03,Pipeline,Pipeline
OPP-0006027,2025-01-10,Best Case,Best Case
OPP-0006028,2025-01-03,Commit,Commit
OPP-0006028,2025-01-10,Commit,Commit
OPP-0006028,2025-01-17,Commit,Commit
OPP-0006028,2025-01-24,Commit,Commit
OPP-0006028,2025-01-31,Commit,Commit
OPP-0006029,2025-01-03,Commit,Best Case
OPP-0006029,2025-01-10,Commit,Best Case
OPP-0006029,2025-01-17,Commit,Best Case
OPP-0006029,2025-01-24,Commit,Best Case
OPP-0006029,2025-01-31,Commit,Best Case
OPP-0006030,2025-01-03,Commit,Commit
OPP-0006030,2025-01-10,Commit,Best Case
OPP-0006030,2025-01-17,Commit,Best Case
OPP-0006030,2025-01-24,Commit,Best Case
OPP-0006030,2025-01-31,Commit,Best Case
OPP-0006031,2025-01-03,Pipeline,Omitted
OPP-0006031,2025-01-10,Pipeline,Omitted
OPP-0006031,2025-01-17,Pipeline,Pipeline
OPP-0006031,2025-01-24,Pipeline,Pipeline
OPP-0006031,2025-01-31,Pipeline,Pipeline
OPP-0006031,2025-02-07,Best Case,Best Case
OPP-0006031,2025-02-14,Best Case,Pipeline
OPP-0006032,2025-01-03,Commit,Best Case
OPP-0006032,2025-01-10,Commit,Commit
OPP-0006032,2025-01-17,Commit,Best Case
OPP-0006032,2025-01-24,Commit,Best Case
OPP-0006032,2025-01-31,Commit,Best Case
OPP-0006033,2025-01-03,Commit,Commit
OPP-0006033,2025-01-10,Commit,Commit
OPP-0006033,2025-01-17,Commit,Commit
OPP-0006033,2025-01-24,Commit,Commit
OPP-0006033,2025-01-31,Commit,Commit
OPP-0006033,2025-02-07,Commit,Commit
OPP-0006033,2025-02-14,Commit,Commit
OPP-0006033,2025-02-21,Commit,Commit
OPP-0006033,2025-02-28,Commit,Commit
OPP-0006033,2025-03-07,Commit,Commit
OPP-0006033,2025-03-14,Commit,Commit
OPP-0006043,2025-01-03,Best Case,Best Case
OPP-0006043,2025-01-10,Commit,Commit
OPP-0006044,2025-01-03,Omitted,Omitted
OPP-0006044,2025-01-10,Pipeline,Omitted
OPP-0006044,2025-01-17,Pipeline,Omitted
OPP-0006045,2025-01-03,Best Case,Omitted
OPP-0006045,2025-01-10,Pipeline,Omitted
OPP-0006045,2025-01-17,Pipeline,Pipeline
OPP-0006045,2025-01-24,Pipeline,Pipeline
OPP-0006045,2025-01-31,Best Case,Best Case
OPP-0006045,2025-02-07,Best Case,Best Case
OPP-0006045,2025-02-14,Best Case,Best Case
OPP-0006046,2025-01-03,Best Case,Best Case
OPP-0006046,2025-01-10,Best Case,Pipeline
OPP-0006046,2025-01-17,Best Case,Best Case
OPP-0006046,2025-01-24,Commit,Best Case
OPP-0006046,2025-01-31,Commit,Best Case
OPP-0006046,2025-02-07,Commit,Best Case
OPP-0006053,2025-01-03,Commit,Commit
OPP-0006053,2025-01-10,Commit,Commit
OPP-0006053,2025-01-17,Commit,Commit
OPP-0006053,2025-01-24,Commit,Commit
OPP-0006053,2025-01-31,Commit,Commit
OPP-0006054,2025-01-03,Commit,Commit
OPP-0006054,2025-01-10,Commit,Commit
OPP-0006054,2025-01-17,Commit,Commit
OPP-0006054,2025-01-24,Commit,Commit
OPP-0006054,2025-01-31,Commit,Commit
OPP-0006055,2025-01-03,Omitted,Omitted
OPP-0006055,2025-01-10,Omitted,Omitted
OPP-0006055,2025-01-17,Omitted,Omitted
OPP-0006055,2025-01-24,Omitted,Omitted
OPP-0006055,2025-01-31,Omitted,Omitted
OPP-0006055,2025-02-07,Pipeline,Pipeline
OPP-0006055,2025-02-14,Pipeline,Pipeline
OPP-0006055,2025-02-21,Pipeline,Pipeline
OPP-0006055,2025-02-28,Pipeline,Pipeline
OPP-0006055,2025-03-07,Pipeline,Pipeline
OPP-0006055,2025-03-14,Pipeline,Pipeline
OPP-0006055,2025-03-21,Pipeline,Pipeline
OPP-0006055,2025-03-28,Omitted,Omitted
OPP-0006055,2025-04-04,Omitted,Pipeline
OPP-0006055,2025-04-11,Omitted,Omitted
OPP-0006055,2025-04-18,Omitted,Pipeline
OPP-0006055,2025-04-25,Omitted,Omitted
OPP-0006055,2025-05-02,Omitted,Omitted
OPP-0006055,2025-05-09,Omitted,Omitted
OPP-0006055,2025-05-16,Omitted,Omitted
OPP-0006062,2025-01-10,Commit,Commit
OPP-0006062,2025-01-17,Commit,Commit
OPP-0006062,2025-01-24,Commit,Commit
OPP-0006062,2025-01-31,Commit,Commit
OPP-0006063,2025-01-10,Pipeline,Pipeline
OPP-0006063,2025-01-17,Best Case,Best Case
OPP-0006063,2025-01-24,Commit,Commit
OPP-0006063,2025-01-31,Best Case,Best Case
OPP-0006064,2025-01-10,Pipeline,Pipeline
OPP-0006064,2025-01-17,Best Case,Best Case
OPP-0006064,2025-01-24,Pipeline,Best Case
OPP-0006065,2025-01-10,Pipeline,Omitted
OPP-0006065,2025-01-17,Best Case,Omitted
OPP-0006065,2025-01-24,Best Case,Omitted
OPP-0006065,2025-01-31,Pipeline,Pipeline
OPP-0006065,2025-02-07,Omitted,Omitted
OPP-0006065,2025-02-14,Best Case,Best Case
OPP-0006065,2025-02-21,Best Case,Best Case
OPP-0006065,2025-02-28,Best Case,Best Case
OPP-0006065,2025-03-07,Best Case,Best Case
OPP-0006065,2025-03-14,Commit,Pipeline
OPP-0006065,2025-03-21,Best Case,Best Case
OPP-0006065,2025-03-28,Best Case,Best Case
OPP-0006065,2025-04-04,Pipeline,Pipeline
OPP-0006065,2025-04-11,Commit,Pipeline
OPP-0006065,2025-04-18,Best Case,Pipeline
OPP-0006065,2025-04-25,Pipeline,Pipeline
OPP-0006066,2025-01-10,Commit,Commit
OPP-0006066,2025-01-17,Commit,Commit
OPP-0006066,2025-01-24,Commit,Commit
OPP-0006066,2025-01-31,Commit,Commit
OPP-0006066,2025-02-07,Commit,Commit
OPP-0006067,2025-01-10,Commit,Best Case
OPP-0006067,2025-01-17,Commit,Best Case
OPP-0006067,2025-01-24,Commit,Best Case
OPP-0006067,2025-01-31,Commit,Best Case
OPP-0006067,2025-02-07,Commit,Commit
OPP-0006067,2025-02-14,Commit,Commit
OPP-0006067,2025-02-21,Commit,Commit
OPP-0006067,2025-02-28,Commit,Commit
OPP-0006072,2025-01-10,Best Case,Best Case
OPP-0006072,2025-01-17,Commit,Commit
OPP-0006072,2025-01-24,Best Case,Best Case
OPP-0006081,2025-01-10,Commit,Commit
OPP-0006081,2025-01-17,Commit,Commit
OPP-0006081,2025-01-24,Commit,Commit
OPP-0006081,2025-01-31,Commit,Commit
OPP-0006082,2025-01-10,Commit,Commit
OPP-0006082,2025-01-17,Commit,Commit
OPP-0006082,2025-01-24,Commit,Commit
OPP-0006082,2025-01-31,Commit,Commit
OPP-0006083,2025-01-10,Commit,Commit
OPP-0006083,2025-01-17,Commit,Commit
OPP-0006083,2025-01-24,Commit,Commit
OPP-0006083,2025-01-31,Commit,Commit
OPP-0006084,2025-01-10,Commit,Commit
OPP-0006084,2025-01-17,Commit,Commit
OPP-0006084,2025-01-24,Commit,Commit
OPP-0006084,2025-01-31,Commit,Commit
OPP-0006085,2025-01-10,Best Case,Best Case
OPP-0006085,2025-01-17,Best Case,Best Case
OPP-0006085,2025-01-24,Pipeline,Pipeline
OPP-0006085,2025-01-31,Commit,Commit
OPP-0006086,2025-01-10,Pipeline,Pipeline
OPP-0006086,2025-01-17,Pipeline,Pipeline
OPP-0006086,2025-01-24,Pipeline,Pipeline
OPP-0006086,2025-01-31,Best Case,Pipeline
OPP-0006086,2025-02-07,Pipeline,Best Case
OPP-0006086,2025-02-14,Best Case,Pipeline
OPP-0006086,2025-02-21,Pipeline,Pipeline
OPP-0006086,2025-02-28,Best Case,Best Case
OPP-0006086,2025-03-07,Pipeline,Pipeline
OPP-0006086,2025-03-14,Best Case,Best Case
OPP-0006086,2025-03-21,Best Case,Best Case
OPP-0006086,2025-03-28,Pipeline,Omitted
OPP-0006086,2025-04-04,Pipeline,Pipeline
OPP-0006086,2025-04-11,Pipeline,Omitted
OPP-0006086,2025-04-18,Pipeline,Pipeline
OPP-0006087,2025-01-10,Commit,Commit
OPP-0006087,2025-01-17,Commit,Commit
OPP-0006087,2025-01-24,Commit,Commit
OPP-0006087,2025-01-31,Commit,Commit
OPP-0006087,2025-02-07,Commit,Commit
OPP-0006087,2025-02-14,Commit,Commit
OPP-0006087,2025-02-21,Commit,Commit
OPP-0006087,2025-02-28,Commit,Commit
OPP-0006088,2025-01-10,Pipeline,Omitted
OPP-0006088,2025-01-17,Pipeline,Omitted
OPP-0006088,2025-01-24,Pipeline,Pipeline
OPP-0006088,2025-01-31,Best Case,Pipeline
OPP-0006088,2025-02-07,Best Case,Best Case
OPP-0006099,2025-01-10,Pipeline,Pipeline
OPP-0006099,2025-01-17,Best Case,Best Case
OPP-0006099,2025-01-24,Pipeline,Best Case
OPP-0006099,2025-01-31,Commit,Best Case
OPP-0006100,2025-01-10,Pipeline,Pipeline
OPP-0006100,2025-01-17,Pipeline,Pipeline
OPP-0006100,2025-01-24,Best Case,Best Case
OPP-0006100,2025-01-31,Commit,Commit
OPP-0006100,2025-02-07,Commit,Commit
OPP-0006101,2025-01-10,Best Case,Pipeline
OPP-0006101,2025-01-17,Best Case,Best Case
OPP-0006101,2025-01-24,Best Case,Pipeline
OPP-0006101,2025-01-31,Commit,Best Case
OPP-0006101,2025-02-07,Commit,Commit
OPP-0006101,2025-02-14,Commit,Commit
OPP-0006101,2025-02-21,Commit,Commit
OPP-0006101,2025-02-28,Commit,Commit
OPP-0006101,2025-03-07,Commit,Commit
OPP-0006101,2025-03-14,Commit,Commit
OPP-0006101,2025-03-21,Commit,Commit
OPP-0006101,2025-03-28,Commit,Best Case
OPP-0006111,2025-01-10,Commit,Commit
OPP-0006111,2025-01-17,Commit,Commit
OPP-0006111,2025-01-24,Commit,Commit
OPP-0006111,2025-01-31,Commit,Commit
OPP-0006112,2025-01-10,Best Case,Pipeline
OPP-0006112,2025-01-17,Best Case,Pipeline
OPP-0006112,2025-01-24,Best Case,Pipeline
OPP-0006112,2025-01-31,Best Case,Pipeline
OPP-0006112,2025-02-07,Commit,Best Case
OPP-0006112,2025-02-14,Commit,Best Case
OPP-0006112,2025-02-21,Commit,Best Case
OPP-0006123,2025-01-10,Omitted,Omitted
OPP-0006123,2025-01-17,Pipeline,Pipeline
OPP-0006123,2025-01-24,Omitted,Omitted
OPP-0006123,2025-01-31,Pipeline,Pipeline
OPP-0006124,2025-01-10,Commit,Commit
OPP-0006124,2025-01-17,Commit,Commit
OPP-0006124,2025-01-24,Commit,Commit
OPP-0006124,2025-01-31,Commit,Commit
OPP-0006124,2025-02-07,Commit,Commit
OPP-0006124,2025-02-14,Commit,Commit
OPP-0006124,2025-02-21,Commit,Commit
OPP-0006124,2025-02-28,Commit,Commit
OPP-0006136,2025-01-10,Commit,Commit
OPP-0006136,2025-01-17,Commit,Commit
OPP-0006136,2025-01-24,Commit,Commit
OPP-0006136,2025-01-31,Commit,Commit
OPP-0006137,2025-01-10,Commit,Commit
OPP-0006137,2025-01-17,Commit,Commit
OPP-0006137,2025-01-24,Commit,Commit
OPP-0006137,2025-01-31,Commit,Commit
OPP-0006137,2025-02-07,Commit,Commit
OPP-0006137,2025-02-14,Commit,Commit
OPP-0006137,2025-02-21,Commit,Commit
OPP-0006137,2025-02-28,Commit,Commit
OPP-0006146,2025-01-17,Pipeline,Omitted
OPP-0006146,2025-01-24,Pipeline,Pipeline
OPP-0006146,2025-01-31,Pipeline,Omitted
OPP-0006146,2025-02-07,Best Case,Pipeline
OPP-0006147,2025-01-17,Pipeline,Pipeline
OPP-0006147,2025-01-24,Pipeline,Pipeline
OPP-0006147,2025-01-31,Best Case,Best Case
OPP-0006147,2025-02-07,Best Case,Best Case
OPP-0006147,2025-02-14,Pipeline,Pipeline
OPP-0006148,2025-01-17,Pipeline,Pipeline
OPP-0006148,2025-01-24,Pipeline,Omitted
OPP-0006148,2025-01-31,Pipeline,Omitted
OPP-0006148,2025-02-07,Best Case,Best Case
OPP-0006148,2025-02-14,Pipeline,Pipeline
OPP-0006148,2025-02-21,Best Case,Best Case
OPP-0006148,2025-02-28,Best Case,Best Case
OPP-0006148,2025-03-07,Best Case,Best Case
OPP-0006148,2025-03-14,Best Case,Best Case
OPP-0006148,2025-03-21,Best Case,Best Case
OPP-0006148,2025-03-28,Commit,Commit
OPP-0006148,2025-04-04,Best Case,Best Case
OPP-0006148,2025-04-11,Pipeline,Pipeline
OPP-0006148,2025-04-18,Best Case,Pipeline
OPP-0006148,2025-04-25,Pipeline,Pipeline
OPP-0006148,2025-05-02,Pipeline,Pipeline
OPP-0006148,2025-05-09,Pipeline,Pipeline
OPP-0006149,2025-01-17,Commit,Commit
OPP-0006149,2025-01-24,Commit,Commit
OPP-0006149,2025-01-31,Commit,Commit
OPP-0006149,2025-02-07,Commit,Commit
OPP-0006149,2025-02-14,Commit,Commit
OPP-0006149,2025-02-21,Commit,Commit
OPP-0006149,2025-02-28,Commit,Commit
OPP-0006149,2025-03-07,Commit,Commit
OPP-0006149,2025-03-14,Commit,Commit
OPP-0006149,2025-03-21,Commit,Commit
OPP-0006149,2025-03-28,Commit,Commit
OPP-0006155,2025-01-17,Pipeline,Pipeline
OPP-0006155,2025-01-24,Omitted,Omitted
OPP-0006155,2025-01-31,Pipeline,Pipeline
OPP-0006155,2025-02-07,Commit,Commit
OPP-0006156,2025-01-17,Best Case,Best Case
OPP-0006156,2025-01-24,Best Case,Best Case
OPP-0006156,2025-01-31,Best Case,Best Case
OPP-0006156,2025-02-07,Best Case,Pipeline
OPP-0006156,2025-02-14,Best Case,Best Case
OPP-0006156,2025-02-21,Commit,Commit
OPP-0006156,2025-02-28,Commit,Commit
OPP-0006156,2025-03-07,Commit,Commit
OPP-0006156,2025-03-14,Commit,Commit
OPP-0006156,2025-03-21,Commit,Commit
OPP-0006165,2025-01-17,Commit,Commit
OPP-0006165,2025-01-24,Commit,Commit
OPP-0006165,2025-01-31,Commit,Commit
OPP-0006166,2025-01-17,Best Case,Best Case
OPP-0006166,2025-01-24,Best Case,Best Case
OPP-0006167,2025-01-17,Pipeline,Pipeline
OPP-0006167,2025-01-24,Pipeline,Pipeline
OPP-0006168,2025-01-17,Pipeline,Omitted
OPP-0006168,2025-01-24,Pipeline,Omitted
OPP-0006168,2025-01-31,Pipeline,Omitted
OPP-0006168,2025-02-07,Omitted,Omitted
OPP-0006168,2025-02-14,Omitted,Omitted
OPP-0006168,2025-02-21,Pipeline,Omitted
OPP-0006168,2025-02-28,Omitted,Omitted
OPP-0006168,2025-03-07,Omitted,Omitted
OPP-0006168,2025-03-14,Omitted,Omitted
OPP-0006168,2025-03-21,Omitted,Omitted
OPP-0006168,2025-03-28,Omitted,Omitted
OPP-0006168,2025-04-04,Omitted,Pipeline
OPP-0006168,2025-04-11,Omitted,Omitted
OPP-0006168,2025-04-18,Pipeline,Pipeline
OPP-0006168,2025-04-25,Pipeline,Pipeline
OPP-0006168,2025-05-02,Omitted,Omitted
OPP-0006168,2025-05-09,Pipeline,Pipeline
OPP-0006168,2025-05-16,Pipeline,Omitted
OPP-0006168,2025-05-23,Pipeline,Omitted
OPP-0006168,2025-05-30,Pipeline,Omitted
OPP-0006168,2025-06-06,Omitted,Omitted
OPP-0006168,2025-06-13,Omitted,Omitted
OPP-0006168,2025-06-20,Omitted,Omitted
OPP-0006169,2025-01-17,Best Case,Pipeline
OPP-0006169,2025-01-24,Pipeline,Pipeline
OPP-0006169,2025-01-31,Best Case,Best Case
OPP-0006169,2025-02-07,Pipeline,Pipeline
OPP-0006169,2025-02-14,Best Case,Pipeline
OPP-0006169,2025-02-21,Best Case,Best Case
OPP-0006169,2025-02-28,Best Case,Pipeline
OPP-0006169,2025-03-07,Best Case,Best Case
OPP-0006169,2025-03-14,Pipeline,Pipeline
OPP-0006169,2025-03-21,Best Case,Best Case
OPP-0006169,2025-03-28,Commit,Commit
OPP-0006178,2025-01-17,Commit,Commit
OPP-0006178,2025-01-24,Commit,Commit
OPP-0006178,2025-01-31,Commit,Commit
OPP-0006179,2025-01-17,Omitted,Omitted
OPP-0006179,2025-01-24,Omitted,Omitted
OPP-0006179,2025-01-31,Omitted,Omitted
OPP-0006179,2025-02-07,Pipeline,Pipeline
OPP-0006179,2025-02-14,Best Case,Best Case
OPP-0006180,2025-01-17,Best Case,Pipeline
OPP-0006180,2025-01-24,Best Case,Best Case
OPP-0006180,2025-01-31,Commit,Commit
OPP-0006180,2025-02-07,Commit,Best Case
OPP-0006180,2025-02-14,Best Case,Best Case
OPP-0006188,2025-01-17,Commit,Commit
OPP-0006188,2025-01-24,Commit,Commit
OPP-0006188,2025-01-31,Commit,Commit
OPP-0006189,2025-01-17,Commit,Commit
OPP-0006189,2025-01-24,Commit,Commit
OPP-0006189,2025-01-31,Commit,Commit
OPP-0006190,2025-01-17,Commit,Commit
OPP-0006190,2025-01-24,Commit,Commit
OPP-0006190,2025-01-31,Commit,Commit
OPP-0006191,2025-01-17,Best Case,Best Case
OPP-0006191,2025-01-24,Best Case,Best Case
OPP-0006191,2025-01-31,Best Case,Pipeline
OPP-0006191,2025-02-07,Best Case,Best Case
OPP-0006191,2025-02-14,Commit,Commit
OPP-0006191,2025-02-21,Commit,Commit
OPP-0006192,2025-01-17,Omitted,Omitted
OPP-0006192,2025-01-24,Pipeline,Omitted
OPP-0006192,2025-01-31,Pipeline,Pipeline
OPP-0006192,2025-02-07,Pipeline,Pipeline
OPP-0006193,2025-01-17,Omitted,Omitted
OPP-0006193,2025-01-24,Omitted,Omitted
OPP-0006193,2025-01-31,Pipeline,Pipeline
OPP-0006193,2025-02-07,Omitted,Omitted
OPP-0006193,2025-02-14,Pipeline,Pipeline
OPP-0006193,2025-02-21,Pipeline,Pipeline
OPP-0006194,2025-01-17,Omitted,Omitted
OPP-0006194,2025-01-24,Pipeline,Omitted
OPP-0006194,2025-01-31,Omitted,Omitted
OPP-0006194,2025-02-07,Pipeline,Omitted
OPP-0006194,2025-02-14,Pipeline,Omitted
OPP-0006194,2025-02-21,Pipeline,Omitted
OPP-0006194,2025-02-28,Pipeline,Pipeline
OPP-0006194,2025-03-07,Omitted,Pipeline
OPP-0006194,2025-03-14,Pipeline,Omitted
OPP-0006194,2025-03-21,Pipeline,Pipeline
OPP-0006194,2025-03-28,Pipeline,Pipeline
OPP-0006194,2025-04-04,Pipeline,Omitted
OPP-0006194,2025-04-11,Omitted,Omitted
OPP-0006194,2025-04-18,Pipeline,Omitted
OPP-0006194,2025-04-25,Pipeline,Omitted
OPP-0006194,2025-05-02,Omitted,Omitted
OPP-0006194,2025-05-09,Omitted,Omitted
OPP-0006195,2025-01-17,Pipeline,Pipeline
OPP-0006195,2025-01-24,Pipeline,Pipeline
OPP-0006195,2025-01-31,Best Case,Best Case
OPP-0006195,2025-02-07,Best Case,Best Case
OPP-0006205,2025-01-17,Commit,Commit
OPP-0006205,2025-01-24,Commit,Commit
OPP-0006205,2025-01-31,Commit,Commit
OPP-0006206,2025-01-17,Commit,Commit
OPP-0006206,2025-01-24,Commit,Commit
OPP-0006206,2025-01-31,Commit,Commit
OPP-0006207,2025-01-17,Commit,Commit
OPP-0006207,2025-01-24,Commit,Commit
OPP-0006207,2025-01-31,Commit,Commit
OPP-0006208,2025-01-17,Omitted,Omitted
OPP-0006208,2025-01-24,Omitted,Pipeline
OPP-0006208,2025-01-31,Pipeline,Pipeline
OPP-0006208,2025-02-07,Pipeline,Pipeline
OPP-0006208,2025-02-14,Pipeline,Pipeline
OPP-0006208,2025-02-21,Omitted,Pipeline
OPP-0006208,2025-02-28,Pipeline,Pipeline
OPP-0006208,2025-03-07,Pipeline,Pipeline
OPP-0006208,2025-03-14,Pipeline,Pipeline
OPP-0006208,2025-03-21,Pipeline,Pipeline
OPP-0006208,2025-03-28,Pipeline,Pipeline
OPP-0006208,2025-04-04,Pipeline,Pipeline
OPP-0006208,2025-04-11,Pipeline,Pipeline
OPP-0006208,2025-04-18,Pipeline,Pipeline
OPP-0006208,2025-04-25,Pipeline,Pipeline
OPP-0006208,2025-05-02,Omitted,Pipeline
OPP-0006208,2025-05-09,Pipeline,Pipeline
OPP-0006208,2025-05-16,Omitted,Pipeline
OPP-0006208,2025-05-23,Omitted,Omitted
OPP-0006208,2025-05-30,Omitted,Omitted
OPP-0006208,2025-06-06,Omitted,Omitted
OPP-0006209,2025-01-17,Commit,Commit
OPP-0006209,2025-01-24,Commit,Commit
OPP-0006209,2025-01-31,Commit,Commit
OPP-0006209,2025-02-07,Best Case,Commit
OPP-0006209,2025-02-14,Best Case,Commit
OPP-0006209,2025-02-21,Commit,Commit
OPP-0006209,2025-02-28,Commit,Commit
OPP-0006209,2025-03-07,Commit,Commit
OPP-0006209,2025-03-14,Commit,Commit
OPP-0006209,2025-03-21,Commit,Commit
OPP-0006209,2025-03-28,Commit,Commit
OPP-0006209,2025-04-04,Commit,Commit
OPP-0006209,2025-04-11,Commit,Commit
OPP-0006210,2025-01-17,Commit,Commit
OPP-0006210,2025-01-24,Commit,Commit
OPP-0006210,2025-01-31,Commit,Commit
OPP-0006210,2025-02-07,Commit,Commit
OPP-0006210,2025-02-14,Commit,Commit
OPP-0006219,2025-01-17,Commit,Commit
OPP-0006219,2025-01-24,Commit,Commit
OPP-0006219,2025-01-31,Commit,Commit
OPP-0006220,2025-01-17,Commit,Commit
OPP-0006220,2025-01-24,Commit,Commit
OPP-0006220,2025-01-31,Commit,Commit
OPP-0006220,2025-02-07,Commit,Commit
OPP-0006220,2025-02-14,Commit,Commit
OPP-0006220,2025-02-21,Commit,Commit
OPP-0006220,2025-02-28,Commit,Commit
OPP-0006221,2025-01-17,Commit,Commit
OPP-0006221,2025-01-24,Commit,Commit
OPP-0006221,2025-01-31,Commit,Commit
OPP-0006221,2025-02-07,Commit,Commit
OPP-0006221,2025-02-14,Commit,Commit
OPP-0006221,2025-02-21,Commit,Commit
OPP-0006221,2025-02-28,Commit,Commit
OPP-0006222,2025-01-17,Pipeline,Omitted
OPP-0006222,2025-01-24,Pipeline,Pipeline
OPP-0006222,2025-01-31,Best Case,Best Case
OPP-0006222,2025-02-07,Best Case,Best Case
OPP-0006222,2025-02-14,Best Case,Best Case
OPP-0006222,2025-02-21,Best Case,Best Case
OPP-0006222,2025-02-28,Best Case,Best Case
OPP-0006222,2025-03-07,Best Case,Best Case
OPP-0006222,2025-03-14,Best Case,Best Case
OPP-0006222,2025-03-21,Best Case,Best Case
OPP-0006222,2025-03-28,Pipeline,Pipeline
OPP-0006222,2025-04-04,Best Case,Best Case
OPP-0006222,2025-04-11,Pipeline,Pipeline
OPP-0006222,2025-04-18,Best Case,Best Case
OPP-0006222,2025-04-25,Pipeline,Pipeline
OPP-0006222,2025-05-02,Pipeline,Pipeline
OPP-0006222,2025-05-09,Pipeline,Pipeline
OPP-0006222,2025-05-16,Pipeline,Pipeline
OPP-0006222,2025-05-23,Best Case,Best Case
OPP-0006222,2025-05-30,Pipeline,Pipeline
OPP-0006222,2025-06-06,Pipeline,Pipeline
OPP-0006222,2025-06-13,Best Case,Best Case
OPP-0006222,2025-06-20,Pipeline,Pipeline
OPP-0006222,2025-06-27,Best Case,Best Case
OPP-0006222,2025-07-04,Pipeline,Pipeline
OPP-0006223,2025-01-17,Best Case,Pipeline
OPP-0006223,2025-01-24,Commit,Best Case
OPP-0006223,2025-01-31,Commit,Best Case
OPP-0006223,2025-02-07,Commit,Commit
OPP-0006223,2025-02-14,Commit,Commit
OPP-0006223,2025-02-21,Commit,Commit
OPP-0006223,2025-02-28,Commit,Commit
OPP-0006223,2025-03-07,Commit,Best Case
OPP-0006223,2025-03-14,Commit,Best Case
OPP-0006223,2025-03-21,Commit,Best Case
OPP-0006224,2025-01-17,Commit,Commit
OPP-0006224,2025-01-24,Commit,Commit
OPP-0006224,2025-01-31,Commit,Commit
OPP-0006224,2025-02-07,Commit,Commit
OPP-0006224,2025-02-14,Commit,Commit
OPP-0006224,2025-02-21,Commit,Commit
OPP-0006224,2025-02-28,Commit,Commit
OPP-0006225,2025-01-17,Pipeline,Omitted
OPP-0006225,2025-01-24,Omitted,Pipeline
OPP-0006225,2025-01-31,Best Case,Pipeline
OPP-0006225,2025-02-07,Pipeline,Pipeline
OPP-0006225,2025-02-14,Best Case,Best Case
OPP-0006226,2025-01-17,Pipeline,Omitted
OPP-0006226,2025-01-24,Pipeline,Pipeline
OPP-0006226,2025-01-31,Best Case,Best Case
OPP-0006231,2025-01-24,Commit,Commit
OPP-0006231,2025-01-31,Best Case,Best Case
OPP-0006231,2025-02-07,Commit,Commit
OPP-0006231,2025-02-14,Commit,Commit
OPP-0006231,2025-02-21,Commit,Commit
OPP-0006231,2025-02-28,Commit,Commit
OPP-0006240,2025-01-24,Commit,Commit
OPP-0006240,2025-01-31,Commit,Commit
OPP-0006240,2025-02-07,Commit,Commit
OPP-0006240,2025-02-14,Commit,Commit
OPP-0006240,2025-02-21,Commit,Commit
OPP-0006240,2025-02-28,Commit,Commit
OPP-0006241,2025-01-24,Commit,Commit
OPP-0006241,2025-01-31,Commit,Commit
OPP-0006241,2025-02-07,Commit,Commit
OPP-0006241,2025-02-14,Commit,Commit
OPP-0006241,2025-02-21,Commit,Commit
OPP-0006241,2025-02-28,Commit,Commit
OPP-0006241,2025-03-07,Commit,Commit
OPP-0006241,2025-03-14,Commit,Commit
OPP-0006241,2025-03-21,Commit,Commit
OPP-0006241,2025-03-28,Commit,Commit
OPP-0006241,2025-04-04,Commit,Commit
OPP-0006242,2025-01-24,Pipeline,Best Case
OPP-0006242,2025-01-31,Commit,Best Case
OPP-0006248,2025-01-24,Commit,Commit
OPP-0006248,2025-01-31,Commit,Commit
OPP-0006248,2025-02-07,Commit,Best Case
OPP-0006248,2025-02-14,Commit,Commit
OPP-0006248,2025-02-21,Commit,Commit
OPP-0006248,2025-02-28,Commit,Commit
OPP-0006249,2025-01-24,Pipeline,Pipeline
OPP-0006249,2025-01-31,Pipeline,Pipeline
OPP-0006249,2025-02-07,Best Case,Best Case
OPP-0006250,2025-01-24,Commit,Commit
OPP-0006250,2025-01-31,Commit,Commit
OPP-0006250,2025-02-07,Commit,Commit
OPP-0006250,2025-02-14,Commit,Commit
OPP-0006250,2025-02-21,Commit,Commit
OPP-0006250,2025-02-28,Commit,Commit
OPP-0006250,2025-03-07,Commit,Commit
OPP-0006250,2025-03-14,Commit,Commit
OPP-0006250,2025-03-21,Commit,Commit
OPP-0006251,2025-01-24,Best Case,Best Case
OPP-0006251,2025-01-31,Commit,Best Case
OPP-0006251,2025-02-07,Commit,Commit
OPP-0006251,2025-02-14,Commit,Commit
OPP-0006251,2025-02-21,Commit,Commit
OPP-0006251,2025-02-28,Commit,Commit
OPP-0006251,2025-03-07,Commit,Commit
OPP-0006251,2025-03-14,Commit,Commit
OPP-0006251,2025-03-21,Commit,Commit
OPP-0006251,2025-03-28,Commit,Commit
OPP-0006263,2025-01-24,Commit,Commit
OPP-0006263,2025-01-31,Commit,Commit
OPP-0006263,2025-02-07,Commit,Commit
OPP-0006263,2025-02-14,Commit,Commit
OPP-0006263,2025-02-21,Commit,Commit
OPP-0006263,2025-02-28,Commit,Commit
OPP-0006264,2025-01-24,Commit,Commit
OPP-0006264,2025-01-31,Commit,Commit
OPP-0006264,2025-02-07,Commit,Commit
OPP-0006264,2025-02-14,Commit,Commit
OPP-0006264,2025-02-21,Commit,Commit
OPP-0006264,2025-02-28,Commit,Commit
OPP-0006265,2025-01-24,Omitted,Omitted
OPP-0006265,2025-01-31,Omitted,Omitted
OPP-0006265,2025-02-07,Pipeline,Pipeline
OPP-0006265,2025-02-14,Pipeline,Omitted
OPP-0006266,2025-01-24,Pipeline,Pipeline
OPP-0006266,2025-01-31,Best Case,Best Case
OPP-0006266,2025-02-07,Pipeline,Pipeline
OPP-0006266,2025-02-14,Best Case,Best Case
OPP-0006266,2025-02-21,Commit,Commit
OPP-0006266,2025-02-28,Best Case,Best Case
OPP-0006278,2025-01-24,Commit,Commit
OPP-0006278,2025-01-31,Commit,Commit
OPP-0006278,2025-02-07,Commit,Commit
OPP-0006278,2025-02-14,Commit,Commit
OPP-0006278,2025-02-21,Commit,Commit
OPP-0006278,2025-02-28,Commit,Commit
OPP-0006279,2025-01-24,Commit,Commit
OPP-0006279,2025-01-31,Commit,Commit
OPP-0006279,2025-02-07,Commit,Commit
OPP-0006279,2025-02-14,Commit,Commit
OPP-0006279,2025-02-21,Commit,Commit
OPP-0006279,2025-02-28,Commit,Commit
OPP-0006280,2025-01-24,Pipeline,Pipeline
OPP-0006280,2025-01-31,Omitted,Pipeline
OPP-0006280,2025-02-07,Pipeline,Best Case
OPP-0006280,2025-02-14,Pipeline,Best Case
OPP-0006280,2025-02-21,Pipeline,Pipeline
OPP-0006280,2025-02-28,Best Case,Best Case
OPP-0006280,2025-03-07,Best Case,Best Case
OPP-0006280,2025-03-14,Best Case,Best Case
OPP-0006280,2025-03-21,Best Case,Best Case
OPP-0006280,2025-03-28,Pipeline,Pipeline
OPP-0006281,2025-01-24,Pipeline,Pipeline
OPP-0006281,2025-01-31,Best Case,Pipeline
OPP-0006281,2025-02-07,Best Case,Best Case
OPP-0006281,2025-02-14,Pipeline,Pipeline
OPP-0006281,2025-02-21,Pipeline,Best Case
OPP-0006288,2025-01-31,Commit,Commit
OPP-0006288,2025-02-07,Commit,Commit
OPP-0006288,2025-02-14,Commit,Commit
OPP-0006288,2025-02-21,Commit,Commit
OPP-0006288,2025-02-28,Commit,Commit
OPP-0006289,2025-01-31,Best Case,Best Case
OPP-0006289,2025-02-07,Best Case,Best Case
OPP-0006289,2025-02-14,Pipeline,Pipeline
OPP-0006290,2025-01-31,Pipeline,Pipeline
OPP-0006290,2025-02-07,Best Case,Best Case
OPP-0006290,2025-02-14,Best Case,Best Case
OPP-0006290,2025-02-21,Best Case,Best Case
OPP-0006290,2025-02-28,Best Case,Best Case
OPP-0006291,2025-01-31,Best Case,Pipeline
OPP-0006291,2025-02-07,Commit,Commit
OPP-0006291,2025-02-14,Commit,Commit
OPP-0006291,2025-02-21,Commit,Commit
OPP-0006291,2025-02-28,Commit,Commit
OPP-0006291,2025-03-07,Commit,Commit
OPP-0006292,2025-01-31,Commit,Best Case
OPP-0006292,2025-02-07,Best Case,Pipeline
OPP-0006292,2025-02-14,Best Case,Best Case
OPP-0006292,2025-02-21,Commit,Best Case
OPP-0006292,2025-02-28,Commit,Commit
OPP-0006292,2025-03-07,Commit,Commit
OPP-0006292,2025-03-14,Commit,Best Case
OPP-0006292,2025-03-21,Commit,Best Case
OPP-0006292,2025-03-28,Commit,Best Case
OPP-0006293,2025-01-31,Commit,Commit
OPP-0006293,2025-02-07,Commit,Commit
OPP-0006293,2025-02-14,Commit,Commit
OPP-0006293,2025-02-21,Commit,Commit
OPP-0006293,2025-02-28,Commit,Commit
OPP-0006293,2025-03-07,Commit,Commit
OPP-0006293,2025-03-14,Commit,Commit
OPP-0006293,2025-03-21,Commit,Commit
OPP-0006293,2025-03-28,Commit,Commit
OPP-0006299,2025-01-31,Commit,Commit
OPP-0006299,2025-02-07,Commit,Commit
OPP-0006299,2025-02-14,Commit,Commit
OPP-0006299,2025-02-21,Commit,Commit
OPP-0006299,2025-02-28,Commit,Commit
OPP-0006300,2025-01-31,Pipeline,Omitted
OPP-0006300,2025-02-07,Pipeline,Omitted
OPP-0006300,2025-02-14,Pipeline,Omitted
OPP-0006300,2025-02-21,Pipeline,Omitted
OPP-0006300,2025-02-28,Best Case,Pipeline
OPP-0006300,2025-03-07,Best Case,Pipeline
OPP-0006300,2025-03-14,Omitted,Omitted
OPP-0006300,2025-03-21,Pipeline,Omitted
OPP-0006300,2025-03-28,Pipeline,Omitted
OPP-0006300,2025-04-04,Pipeline,Omitted
OPP-0006301,2025-01-31,Best Case,Best Case
OPP-0006301,2025-02-07,Commit,Best Case
OPP-0006301,2025-02-14,Commit,Best Case
OPP-0006301,2025-02-21,Commit,Best Case
OPP-0006301,2025-02-28,Commit,Best Case
OPP-0006301,2025-03-07,Commit,Commit
OPP-0006302,2025-01-31,Commit,Commit
OPP-0006302,2025-02-07,Commit,Commit
OPP-0006302,2025-02-14,Commit,Commit
OPP-0006302,2025-02-21,Commit,Commit
OPP-0006302,2025-02-28,Commit,Commit
OPP-0006306,2025-01-31,Pipeline,Pipeline
OPP-0006306,2025-02-07,Pipeline,Best Case
OPP-0006306,2025-02-14,Commit,Commit
OPP-0006307,2025-01-31,Pipeline,Pipeline
OPP-0006307,2025-02-07,Commit,Best Case
OPP-0006307,2025-02-14,Best Case,Best Case
OPP-0006307,2025-02-21,Commit,Best Case
OPP-0006307,2025-02-28,Best Case,Commit
OPP-0006307,2025-03-07,Best Case,Best Case
OPP-0006308,2025-01-31,Best Case,Best Case
OPP-0006308,2025-02-07,Commit,Commit
OPP-0006308,2025-02-14,Best Case,Best Case
OPP-0006308,2025-02-21,Best Case,Best Case
OPP-0006308,2025-02-28,Best Case,Pipeline
OPP-0006309,2025-01-31,Best Case,Best Case
OPP-0006309,2025-02-07,Best Case,Best Case
OPP-0006316,2025-01-31,Commit,Commit
OPP-0006316,2025-02-07,Commit,Commit
OPP-0006316,2025-02-14,Commit,Commit
OPP-0006316,2025-02-21,Commit,Commit
OPP-0006316,2025-02-28,Commit,Commit
OPP-0006317,2025-01-31,Commit,Commit
OPP-0006317,2025-02-07,Commit,Commit
OPP-0006317,2025-02-14,Commit,Commit
OPP-0006317,2025-02-21,Commit,Commit
OPP-0006317,2025-02-28,Commit,Commit
OPP-0006318,2025-01-31,Pipeline,Pipeline
OPP-0006318,2025-02-07,Pipeline,Pipeline
OPP-0006318,2025-02-14,Pipeline,Pipeline
OPP-0006318,2025-02-21,Best Case,Best Case
OPP-0006319,2025-01-31,Pipeline,Pipeline
OPP-0006319,2025-02-07,Pipeline,Pipeline
OPP-0006319,2025-02-14,Best Case,Best Case
OPP-0006319,2025-02-21,Pipeline,Pipeline
OPP-0006319,2025-02-28,Best Case,Best Case
OPP-0006320,2025-01-31,Pipeline,Pipeline
OPP-0006320,2025-02-07,Pipeline,Pipeline
OPP-0006320,2025-02-14,Pipeline,Pipeline
OPP-0006320,2025-02-21,Best Case,Best Case
OPP-0006321,2025-01-31,Commit,Commit
OPP-0006321,2025-02-07,Commit,Commit
OPP-0006321,2025-02-14,Commit,Commit
OPP-0006321,2025-02-21,Commit,Commit
OPP-0006321,2025-02-28,Commit,Commit
OPP-0006321,2025-03-07,Commit,Commit
OPP-0006321,2025-03-14,Commit,Commit
OPP-0006321,2025-03-21,Commit,Commit
OPP-0006326,2025-01-31,Commit,Commit
OPP-0006326,2025-02-07,Commit,Commit
OPP-0006326,2025-02-14,Commit,Commit
OPP-0006326,2025-02-21,Commit,Commit
OPP-0006326,2025-02-28,Commit,Commit
OPP-0006327,2025-01-31,Commit,Commit
OPP-0006327,2025-02-07,Commit,Commit
OPP-0006327,2025-02-14,Commit,Commit
OPP-0006327,2025-02-21,Commit,Commit
OPP-0006327,2025-02-28,Commit,Commit
OPP-0006328,2025-01-31,Pipeline,Pipeline
OPP-0006328,2025-02-07,Pipeline,Pipeline
OPP-0006328,2025-02-14,Pipeline,Omitted
OPP-0006328,2025-02-21,Pipeline,Pipeline
OPP-0006328,2025-02-28,Best Case,Best Case
OPP-0006329,2025-01-31,Commit,Commit
OPP-0006329,2025-02-07,Commit,Commit
OPP-0006329,2025-02-14,Commit,Commit
OPP-0006329,2025-02-21,Commit,Commit
OPP-0006329,2025-02-28,Commit,Commit
OPP-0006330,2025-01-31,Commit,Commit
OPP-0006330,2025-02-07,Commit,Commit
OPP-0006330,2025-02-14,Commit,Commit
OPP-0006330,2025-02-21,Commit,Commit
OPP-0006330,2025-02-28,Commit,Commit
OPP-0006331,2025-01-31,Pipeline,Omitted
OPP-0006331,2025-02-07,Pipeline,Omitted
OPP-0006331,2025-02-14,Pipeline,Omitted
OPP-0006331,2025-02-21,Pipeline,Omitted
OPP-0006331,2025-02-28,Omitted,Omitted
OPP-0006331,2025-03-07,Pipeline,Pipeline
OPP-0006331,2025-03-14,Best Case,Best Case
OPP-0006331,2025-03-21,Best Case,Pipeline
OPP-0006331,2025-03-28,Best Case,Best Case
OPP-0006331,2025-04-04,Best Case,Pipeline
OPP-0006331,2025-04-11,Pipeline,Omitted
OPP-0006331,2025-04-18,Pipeline,Omitted
OPP-0006331,2025-04-25,Best Case,Best Case
OPP-0006331,2025-05-02,Best Case,Best Case
OPP-0006331,2025-05-09,Pipeline,Pipeline
OPP-0006332,2025-01-31,Pipeline,Omitted
OPP-0006332,2025-02-07,Omitted,Pipeline
OPP-0006332,2025-02-14,Best Case,Best Case
OPP-0006332,2025-02-21,Pipeline,Pipeline
OPP-0006332,2025-02-28,Pipeline,Pipeline
OPP-0006332,2025-03-07,Omitted,Pipeline
OPP-0006332,2025-03-14,Pipeline,Pipeline
OPP-0006332,2025-03-21,Pipeline,Pipeline
OPP-0006332,2025-03-28,Pipeline,Omitted
OPP-0006332,2025-04-04,Pipeline,Omitted
OPP-0006332,2025-04-11,Pipeline,Pipeline
OPP-0006332,2025-04-18,Pipeline,Omitted
OPP-0006332,2025-04-25,Omitted,Omitted
OPP-0006332,2025-05-02,Pipeline,Pipeline
OPP-0006332,2025-05-09,Pipeline,Omitted
OPP-0006332,2025-05-16,Pipeline,Omitted
OPP-0006332,2025-05-23,Pipeline,Pipeline
OPP-0006332,2025-05-30,Pipeline,Omitted
OPP-0006333,2025-01-31,Commit,Commit
OPP-0006333,2025-02-07,Commit,Commit
OPP-0006333,2025-02-14,Commit,Commit
OPP-0006333,2025-02-21,Commit,Commit
OPP-0006333,2025-02-28,Commit,Commit
OPP-0006333,2025-03-07,Commit,Commit
OPP-0006333,2025-03-14,Commit,Commit
OPP-0006333,2025-03-21,Commit,Commit
OPP-0006333,2025-03-28,Commit,Commit
OPP-0006333,2025-04-04,Commit,Commit
OPP-0006333,2025-04-11,Commit,Commit
OPP-0006333,2025-04-18,Commit,Commit
OPP-0006334,2025-01-31,Commit,Commit
OPP-0006334,2025-02-07,Commit,Commit
OPP-0006334,2025-02-14,Commit,Commit
OPP-0006334,2025-02-21,Commit,Commit
OPP-0006334,2025-02-28,Commit,Commit
OPP-0006334,2025-03-07,Commit,Commit
OPP-0006335,2025-01-31,Commit,Commit
OPP-0006335,2025-02-07,Commit,Commit
OPP-0006335,2025-02-14,Commit,Commit
OPP-0006335,2025-02-21,Commit,Commit
OPP-0006335,2025-02-28,Commit,Commit
OPP-0006336,2025-01-31,Best Case,Best Case
OPP-0006336,2025-02-07,Commit,Best Case
OPP-0006336,2025-02-14,Commit,Commit
OPP-0006336,2025-02-21,Commit,Commit
OPP-0006336,2025-02-28,Commit,Commit
OPP-0006336,2025-03-07,Best Case,Pipeline
OPP-0006336,2025-03-14,Best Case,Best Case
OPP-0006336,2025-03-21,Best Case,Pipeline
OPP-0006336,2025-03-28,Best Case,Pipeline
OPP-0006337,2025-01-31,Commit,Commit
OPP-0006337,2025-02-07,Commit,Commit
OPP-0006337,2025-02-14,Commit,Commit
OPP-0006337,2025-02-21,Commit,Commit
OPP-0006337,2025-02-28,Commit,Commit
OPP-0006338,2025-01-31,Best Case,Pipeline
OPP-0006338,2025-02-07,Commit,Best Case
OPP-0006338,2025-02-14,Commit,Best Case
OPP-0006338,2025-02-21,Commit,Best Case
OPP-0006338,2025-02-28,Commit,Best Case
OPP-0006338,2025-03-07,Commit,Best Case
OPP-0006338,2025-03-14,Best Case,Pipeline
OPP-0006338,2025-03-21,Commit,Commit
OPP-0006338,2025-03-28,Commit,Best Case
OPP-0006339,2025-02-07,Commit,Commit
OPP-0006339,2025-02-14,Commit,Commit
OPP-0006339,2025-02-21,Commit,Commit
OPP-0006339,2025-02-28,Commit,Commit
OPP-0006340,2025-02-07,Best Case,Best Case
OPP-0006340,2025-02-14,Pipeline,Pipeline
OPP-0006340,2025-02-21,Commit,Commit
OPP-0006341,2025-02-07,Best Case,Omitted
OPP-0006341,2025-02-14,Pipeline,Pipeline
OPP-0006341,2025-02-21,Best Case,Best Case
OPP-0006341,2025-02-28,Best Case,Pipeline
OPP-0006342,2025-02-07,Pipeline,Omitted
OPP-0006342,2025-02-14,Best Case,Omitted
OPP-0006342,2025-02-21,Best Case,Pipeline
OPP-0006342,2025-02-28,Best Case,Pipeline
OPP-0006343,2025-02-07,Commit,Commit
OPP-0006343,2025-02-14,Commit,Commit
OPP-0006343,2025-02-21,Commit,Commit
OPP-0006343,2025-02-28,Commit,Commit
OPP-0006343,2025-03-07,Commit,Commit
OPP-0006344,2025-02-07,Pipeline,Omitted
OPP-0006344,2025-02-14,Omitted,Omitted
OPP-0006344,2025-02-21,Omitted,Omitted
OPP-0006344,2025-02-28,Best Case,Pipeline
OPP-0006344,2025-03-07,Pipeline,Pipeline
OPP-0006352,2025-02-07,Commit,Commit
OPP-0006352,2025-02-14,Commit,Commit
OPP-0006352,2025-02-21,Commit,Commit
OPP-0006352,2025-02-28,Commit,Commit
OPP-0006353,2025-02-07,Pipeline,Pipeline
OPP-0006353,2025-02-14,Commit,Pipeline
OPP-0006353,2025-02-21,Best Case,Pipeline
OPP-0006354,2025-02-07,Commit,Commit
OPP-0006354,2025-02-14,Commit,Commit
OPP-0006354,2025-02-21,Commit,Commit
OPP-0006354,2025-02-28,Commit,Commit
OPP-0006354,2025-03-07,Commit,Commit
OPP-0006354,2025-03-14,Commit,Commit
OPP-0006354,2025-03-21,Commit,Commit
OPP-0006354,2025-03-28,Commit,Commit
OPP-0006354,2025-04-04,Commit,Commit
OPP-0006355,2025-02-07,Commit,Commit
OPP-0006355,2025-02-14,Commit,Commit
OPP-0006355,2025-02-21,Commit,Commit
OPP-0006355,2025-02-28,Commit,Commit
OPP-0006355,2025-03-07,Commit,Commit
OPP-0006355,2025-03-14,Commit,Commit
OPP-0006355,2025-03-21,Commit,Commit
OPP-0006355,2025-03-28,Commit,Commit
OPP-0006355,2025-04-04,Commit,Commit
OPP-0006359,2025-02-07,Commit,Commit
OPP-0006359,2025-02-14,Commit,Commit
OPP-0006359,2025-02-21,Commit,Commit
OPP-0006359,2025-02-28,Commit,Commit
OPP-0006360,2025-02-07,Omitted,Omitted
OPP-0006360,2025-02-14,Omitted,Omitted
OPP-0006360,2025-02-21,Pipeline,Pipeline
OPP-0006360,2025-02-28,Pipeline,Pipeline
OPP-0006361,2025-02-07,Pipeline,Omitted
OPP-0006361,2025-02-14,Omitted,Pipeline
OPP-0006361,2025-02-21,Best Case,Best Case
OPP-0006361,2025-02-28,Pipeline,Pipeline
OPP-0006361,2025-03-07,Pipeline,Pipeline
OPP-0006361,2025-03-14,Pipeline,Pipeline
OPP-0006362,2025-02-07,Pipeline,Omitted
OPP-0006362,2025-02-14,Omitted,Omitted
OPP-0006362,2025-02-21,Pipeline,Pipeline
OPP-0006362,2025-02-28,Omitted,Pipeline
OPP-0006362,2025-03-07,Best Case,Pipeline
OPP-0006363,2025-02-07,Omitted,Pipeline
OPP-0006363,2025-02-14,Pipeline,Best Case
OPP-0006363,2025-02-21,Best Case,Best Case
OPP-0006364,2025-02-07,Commit,Commit
OPP-0006364,2025-02-14,Commit,Commit
OPP-0006364,2025-02-21,Commit,Commit
OPP-0006364,2025-02-28,Commit,Commit
OPP-0006364,2025-03-07,Commit,Commit
OPP-0006364,2025-03-14,Commit,Commit
OPP-0006364,2025-03-21,Commit,Commit
OPP-0006364,2025-03-28,Commit,Commit
OPP-0006372,2025-02-07,Commit,Commit
OPP-0006372,2025-02-14,Commit,Commit
OPP-0006372,2025-02-21,Commit,Commit
OPP-0006372,2025-02-28,Commit,Commit
OPP-0006373,2025-02-07,Commit,Commit
OPP-0006373,2025-02-14,Commit,Commit
OPP-0006373,2025-02-21,Commit,Commit
OPP-0006373,2025-02-28,Commit,Commit
OPP-0006374,2025-02-07,Pipeline,Pipeline
OPP-0006374,2025-02-14,Best Case,Best Case
OPP-0006374,2025-02-21,Best Case,Best Case
OPP-0006374,2025-02-28,Best Case,Best Case
OPP-0006374,2025-03-07,Commit,Commit
OPP-0006375,2025-02-07,Pipeline,Omitted
OPP-0006375,2025-02-14,Omitted,Omitted
OPP-0006375,2025-02-21,Omitted,Omitted
OPP-0006375,2025-02-28,Omitted,Omitted
OPP-0006375,2025-03-07,Pipeline,Omitted
OPP-0006375,2025-03-14,Omitted,Omitted
OPP-0006375,2025-03-21,Omitted,Omitted
OPP-0006375,2025-03-28,Pipeline,Omitted
OPP-0006375,2025-04-04,Omitted,Omitted
OPP-0006375,2025-04-11,Pipeline,Omitted
OPP-0006375,2025-04-18,Pipeline,Omitted
OPP-0006375,2025-04-25,Best Case,Best Case
OPP-0006375,2025-05-02,Omitted,Omitted
OPP-0006375,2025-05-09,Omitted,Omitted
OPP-0006375,2025-05-16,Omitted,Omitted
OPP-0006375,2025-05-23,Omitted,Omitted
OPP-0006375,2025-05-30,Omitted,Omitted
OPP-0006375,2025-06-06,Omitted,Omitted
OPP-0006375,2025-06-13,Omitted,Omitted
OPP-0006376,2025-02-07,Commit,Best Case
OPP-0006376,2025-02-14,Best Case,Pipeline
OPP-0006376,2025-02-21,Commit,Best Case
OPP-0006376,2025-02-28,Commit,Best Case
OPP-0006376,2025-03-07,Commit,Commit
OPP-0006376,2025-03-14,Commit,Commit
OPP-0006376,2025-03-21,Commit,Commit
OPP-0006376,2025-03-28,Commit,Commit
OPP-0006376,2025-04-04,Commit,Commit
OPP-0006376,2025-04-11,Commit,Commit
OPP-0006376,2025-04-18,Commit,Commit
OPP-0006376,2025-04-25,Commit,Commit
OPP-0006383,2025-02-07,Commit,Commit
OPP-0006383,2025-02-14,Commit,Commit
OPP-0006383,2025-02-21,Commit,Commit
OPP-0006383,2025-02-28,Commit,Commit
OPP-0006384,2025-02-07,Commit,Commit
OPP-0006384,2025-02-14,Commit,Commit
OPP-0006384,2025-02-21,Commit,Commit
OPP-0006384,2025-02-28,Commit,Commit
OPP-0006385,2025-02-07,Commit,Commit
OPP-0006385,2025-02-14,Commit,Commit
OPP-0006385,2025-02-21,Commit,Commit
OPP-0006385,2025-02-28,Commit,Commit
OPP-0006385,2025-03-07,Best Case,Commit
OPP-0006385,2025-03-14,Commit,Best Case
OPP-0006385,2025-03-21,Commit,Best Case
OPP-0006385,2025-03-28,Commit,Best Case
OPP-0006385,2025-04-04,Commit,Best Case
OPP-0006385,2025-04-11,Commit,Best Case
OPP-0006385,2025-04-18,Best Case,Best Case
OPP-0006385,2025-04-25,Best Case,Pipeline
OPP-0006386,2025-02-07,Pipeline,Pipeline
OPP-0006386,2025-02-14,Best Case,Best Case
OPP-0006386,2025-02-21,Commit,Commit
OPP-0006386,2025-02-28,Commit,Commit
OPP-0006386,2025-03-07,Best Case,Best Case
OPP-0006386,2025-03-14,Commit,Commit
OPP-0006386,2025-03-21,Best Case,Best Case
OPP-0006386,2025-03-28,Best Case,Best Case
OPP-0006386,2025-04-04,Commit,Commit
OPP-0006401,2025-02-07,Commit,Commit
OPP-0006401,2025-02-14,Commit,Commit
OPP-0006401,2025-02-21,Commit,Commit
OPP-0006401,2025-02-28,Commit,Commit
OPP-0006401,2025-03-07,Commit,Commit
OPP-0006401,2025-03-14,Commit,Commit
OPP-0006401,2025-03-21,Commit,Commit
OPP-0006401,2025-03-28,Commit,Commit
OPP-0006401,2025-04-04,Commit,Commit
OPP-0006401,2025-04-11,Commit,Commit
OPP-0006401,2025-04-18,Commit,Commit
OPP-0006401,2025-04-25,Commit,Commit
OPP-0006401,2025-05-02,Commit,Commit
OPP-0006408,2025-02-07,Pipeline,Pipeline
OPP-0006408,2025-02-14,Pipeline,Pipeline
OPP-0006408,2025-02-21,Pipeline,Pipeline
OPP-0006408,2025-02-28,Best Case,Best Case
OPP-0006408,2025-03-07,Best Case,Best Case
OPP-0006408,2025-03-14,Pipeline,Pipeline
OPP-0006409,2025-02-07,Omitted,Omitted
OPP-0006409,2025-02-14,Pipeline,Omitted
OPP-0006409,2025-02-21,Omitted,Omitted
OPP-0006409,2025-02-28,Pipeline,Pipeline
OPP-0006409,2025-03-07,Pipeline,Pipeline
OPP-0006409,2025-03-14,Pipeline,Pipeline
OPP-0006409,2025-03-21,Omitted,Pipeline
OPP-0006409,2025-03-28,Pipeline,Pipeline
OPP-0006409,2025-04-04,Pipeline,Pipeline
OPP-0006409,2025-04-11,Pipeline,Pipeline
OPP-0006409,2025-04-18,Pipeline,Pipeline
OPP-0006409,2025-04-25,Pipeline,Pipeline
OPP-0006409,2025-05-02,Pipeline,Omitted
OPP-0006409,2025-05-09,Omitted,Omitted
OPP-0006410,2025-02-07,Best Case,Pipeline
OPP-0006410,2025-02-14,Best Case,Best Case
OPP-0006410,2025-02-21,Best Case,Pipeline
OPP-0006410,2025-02-28,Best Case,Pipeline
OPP-0006410,2025-03-07,Best Case,Pipeline
OPP-0006410,2025-03-14,Best Case,Pipeline
OPP-0006410,2025-03-21,Best Case,Pipeline
OPP-0006410,2025-03-28,Commit,Best Case
OPP-0006410,2025-04-04,Commit,Commit
OPP-0006410,2025-04-11,Commit,Commit
OPP-0006414,2025-02-14,Pipeline,Pipeline
OPP-0006414,2025-02-21,Omitted,Omitted
OPP-0006414,2025-02-28,Omitted,Omitted
OPP-0006414,2025-03-07,Pipeline,Pipeline
OPP-0006414,2025-03-14,Best Case,Pipeline
OPP-0006415,2025-02-14,Pipeline,Omitted
OPP-0006415,2025-02-21,Commit,Commit
OPP-0006416,2025-02-14,Omitted,Pipeline
OPP-0006416,2025-02-21,Pipeline,Omitted
OPP-0006416,2025-02-28,Best Case,Best Case
OPP-0006416,2025-03-07,Pipeline,Best Case
OPP-0006421,2025-02-14,Commit,Commit
OPP-0006421,2025-02-21,Commit,Commit
OPP-0006421,2025-02-28,Commit,Commit
OPP-0006422,2025-02-14,Best Case,Pipeline
OPP-0006422,2025-02-21,Best Case,Best Case
OPP-0006423,2025-02-14,Commit,Commit
OPP-0006423,2025-02-21,Commit,Commit
OPP-0006423,2025-02-28,Commit,Commit
OPP-0006423,2025-03-07,Commit,Commit
OPP-0006423,2025-03-14,Commit,Commit
OPP-0006423,2025-03-21,Commit,Commit
OPP-0006423,2025-03-28,Commit,Commit
OPP-0006423,2025-04-04,Commit,Commit
OPP-0006423,2025-04-11,Commit,Commit
OPP-0006424,2025-02-14,Commit,Commit
OPP-0006424,2025-02-21,Commit,Commit
OPP-0006424,2025-02-28,Commit,Commit
OPP-0006424,2025-03-07,Commit,Commit
OPP-0006424,2025-03-14,Commit,Commit
OPP-0006424,2025-03-21,Commit,Commit
OPP-0006424,2025-03-28,Commit,Commit
OPP-0006424,2025-04-04,Commit,Commit
OPP-0006424,2025-04-11,Commit,Commit
OPP-0006425,2025-02-14,Commit,Commit
OPP-0006425,2025-02-21,Commit,Commit
OPP-0006425,2025-02-28,Commit,Commit
OPP-0006425,2025-03-07,Commit,Commit
OPP-0006425,2025-03-14,Commit,Commit
OPP-0006425,2025-03-21,Commit,Commit
OPP-0006425,2025-03-28,Commit,Commit
OPP-0006429,2025-02-14,Commit,Commit
OPP-0006429,2025-02-21,Commit,Commit
OPP-0006429,2025-02-28,Commit,Commit
OPP-0006437,2025-02-14,Commit,Commit
OPP-0006437,2025-02-21,Commit,Commit
OPP-0006437,2025-02-28,Commit,Commit
OPP-0006438,2025-02-14,Commit,Commit
OPP-0006438,2025-02-21,Commit,Commit
OPP-0006438,2025-02-28,Commit,Commit
OPP-0006439,2025-02-14,Commit,Commit
OPP-0006439,2025-02-21,Commit,Commit
OPP-0006439,2025-02-28,Commit,Commit
OPP-0006439,2025-03-07,Commit,Commit
OPP-0006439,2025-03-14,Commit,Commit
OPP-0006439,2025-03-21,Commit,Commit
OPP-0006439,2025-03-28,Commit,Commit
OPP-0006439,2025-04-04,Commit,Commit
OPP-0006439,2025-04-11,Commit,Commit
OPP-0006439,2025-04-18,Commit,Commit
OPP-0006439,2025-04-25,Commit,Commit
OPP-0006442,2025-02-14,Commit,Commit
OPP-0006442,2025-02-21,Commit,Commit
OPP-0006442,2025-02-28,Commit,Commit
OPP-0006443,2025-02-14,Commit,Commit
OPP-0006443,2025-02-21,Commit,Commit
OPP-0006443,2025-02-28,Commit,Commit
OPP-0006443,2025-03-07,Commit,Commit
OPP-0006443,2025-03-14,Commit,Commit
OPP-0006443,2025-03-21,Commit,Commit
OPP-0006443,2025-03-28,Commit,Commit
OPP-0006443,2025-04-04,Commit,Commit
OPP-0006443,2025-04-11,Commit,Commit
OPP-0006443,2025-04-18,Commit,Commit
OPP-0006443,2025-04-25,Commit,Commit
OPP-0006455,2025-02-14,Best Case,Omitted
OPP-0006455,2025-02-21,Pipeline,Pipeline
OPP-0006455,2025-02-28,Pipeline,Pipeline
OPP-0006455,2025-03-07,Best Case,Best Case
OPP-0006456,2025-02-14,Pipeline,Pipeline
OPP-0006456,2025-02-21,Best Case,Pipeline
OPP-0006456,2025-02-28,Pipeline,Pipeline
OPP-0006456,2025-03-07,Best Case,Best Case
OPP-0006456,2025-03-14,Best Case,Best Case
OPP-0006456,2025-03-21,Best Case,Best Case
OPP-0006457,2025-02-14,Commit,Commit
OPP-0006457,2025-02-21,Commit,Commit
OPP-0006457,2025-02-28,Commit,Commit
OPP-0006457,2025-03-07,Commit,Commit
OPP-0006457,2025-03-14,Commit,Commit
OPP-0006457,2025-03-21,Commit,Commit
OPP-0006457,2025-03-28,Commit,Commit
OPP-0006457,2025-04-04,Commit,Commit
OPP-0006457,2025-04-11,Commit,Commit
OPP-0006457,2025-04-18,Commit,Commit
OPP-0006458,2025-02-14,Pipeline,Omitted
OPP-0006458,2025-02-21,Pipeline,Pipeline
OPP-0006458,2025-02-28,Best Case,Best Case
OPP-0006458,2025-03-07,Best Case,Best Case
OPP-0006458,2025-03-14,Best Case,Best Case
OPP-0006458,2025-03-21,Best Case,Best Case
OPP-0006463,2025-02-14,Commit,Commit
OPP-0006463,2025-02-21,Commit,Commit
OPP-0006463,2025-02-28,Commit,Commit
OPP-0006464,2025-02-14,Pipeline,Omitted
OPP-0006464,2025-02-21,Omitted,Omitted
OPP-0006464,2025-02-28,Pipeline,Omitted
OPP-0006464,2025-03-07,Pipeline,Pipeline
OPP-0006464,2025-03-14,Best Case,Pipeline
OPP-0006465,2025-02-14,Commit,Best Case
OPP-0006465,2025-02-21,Commit,Best Case
OPP-0006465,2025-02-28,Commit,Best Case
OPP-0006465,2025-03-07,Commit,Commit
OPP-0006465,2025-03-14,Commit,Best Case
OPP-0006465,2025-03-21,Best Case,Pipeline
OPP-0006465,2025-03-28,Commit,Best Case
OPP-0006466,2025-02-14,Commit,Commit
OPP-0006466,2025-02-21,Commit,Commit
OPP-0006466,2025-02-28,Commit,Commit
OPP-0006466,2025-03-07,Commit,Commit
OPP-0006466,2025-03-14,Commit,Commit
OPP-0006466,2025-03-21,Commit,Commit
OPP-0006466,2025-03-28,Commit,Commit
OPP-0006467,2025-02-14,Commit,Commit
OPP-0006467,2025-02-21,Commit,Commit
OPP-0006467,2025-02-28,Commit,Commit
OPP-0006467,2025-03-07,Commit,Commit
OPP-0006467,2025-03-14,Commit,Commit
OPP-0006467,2025-03-21,Commit,Commit
OPP-0006467,2025-03-28,Commit,Commit
OPP-0006472,2025-02-21,Commit,Commit
OPP-0006472,2025-02-28,Commit,Commit
OPP-0006472,2025-03-07,Commit,Commit
OPP-0006472,2025-03-14,Commit,Commit
OPP-0006472,2025-03-21,Commit,Commit
OPP-0006472,2025-03-28,Commit,Commit
OPP-0006473,2025-02-21,Commit,Commit
OPP-0006473,2025-02-28,Commit,Commit
OPP-0006474,2025-02-21,Commit,Commit
OPP-0006474,2025-02-28,Commit,Commit
OPP-0006474,2025-03-07,Commit,Commit
OPP-0006474,2025-03-14,Commit,Commit
OPP-0006474,2025-03-21,Commit,Commit
OPP-0006474,2025-03-28,Commit,Commit
OPP-0006475,2025-02-21,Commit,Commit
OPP-0006475,2025-02-28,Commit,Commit
OPP-0006475,2025-03-07,Commit,Commit
OPP-0006475,2025-03-14,Commit,Commit
OPP-0006475,2025-03-21,Commit,Commit
OPP-0006475,2025-03-28,Commit,Commit
OPP-0006476,2025-02-21,Best Case,Best Case
OPP-0006476,2025-02-28,Pipeline,Pipeline
OPP-0006476,2025-03-07,Pipeline,Pipeline
OPP-0006476,2025-03-14,Commit,Commit
OPP-0006477,2025-02-21,Best Case,Omitted
OPP-0006477,2025-02-28,Commit,Best Case
OPP-0006478,2025-02-21,Commit,Commit
OPP-0006478,2025-02-28,Commit,Commit
OPP-0006478,2025-03-07,Commit,Commit
OPP-0006478,2025-03-14,Commit,Commit
OPP-0006478,2025-03-21,Commit,Commit
OPP-0006478,2025-03-28,Commit,Commit
OPP-0006478,2025-04-04,Commit,Commit
OPP-0006478,2025-04-11,Commit,Commit
OPP-0006478,2025-04-18,Commit,Commit
OPP-0006478,2025-04-25,Commit,Commit
OPP-0006488,2025-02-21,Commit,Commit
OPP-0006488,2025-02-28,Commit,Commit
OPP-0006488,2025-03-07,Commit,Commit
OPP-0006488,2025-03-14,Commit,Commit
OPP-0006488,2025-03-21,Commit,Commit
OPP-0006488,2025-03-28,Commit,Commit
OPP-0006488,2025-04-04,Commit,Best Case
OPP-0006488,2025-04-11,Commit,Best Case
OPP-0006488,2025-04-18,Commit,Best Case
OPP-0006488,2025-04-25,Commit,Best Case
OPP-0006494,2025-02-21,Pipeline,Pipeline
OPP-0006494,2025-02-28,Best Case,Best Case
OPP-0006495,2025-02-21,Pipeline,Omitted
OPP-0006495,2025-02-28,Pipeline,Pipeline
OPP-0006495,2025-03-07,Pipeline,Pipeline
OPP-0006495,2025-03-14,Pipeline,Pipeline
OPP-0006495,2025-03-21,Pipeline,Omitted
OPP-0006495,2025-03-28,Best Case,Pipeline
OPP-0006495,2025-04-04,Pipeline,Pipeline
OPP-0006495,2025-04-11,Pipeline,Omitted
OPP-0006495,2025-04-18,Pipeline,Omitted
OPP-0006495,2025-04-25,Pipeline,Omitted
OPP-0006495,2025-05-02,Pipeline,Omitted
OPP-0006496,2025-02-21,Commit,Commit
OPP-0006496,2025-02-28,Commit,Commit
OPP-0006496,2025-03-07,Commit,Commit
OPP-0006496,2025-03-14,Commit,Commit
OPP-0006496,2025-03-21,Commit,Commit
OPP-0006507,2025-02-21,Pipeline,Omitted
OPP-0006507,2025-02-28,Pipeline,Pipeline
OPP-0006507,2025-03-07,Pipeline,Pipeline
OPP-0006508,2025-02-21,Pipeline,Pipeline
OPP-0006508,2025-02-28,Pipeline,Best Case
OPP-0006509,2025-02-21,Pipeline,Omitted
OPP-0006509,2025-02-28,Best Case,Omitted
OPP-0006509,2025-03-07,Pipeline,Omitted
OPP-0006509,2025-03-14,Pipeline,Pipeline
OPP-0006509,2025-03-21,Pipeline,Pipeline
OPP-0006509,2025-03-28,Best Case,Best Case
OPP-0006509,2025-04-04,Best Case,Best Case
OPP-0006509,2025-04-11,Pipeline,Pipeline
OPP-0006509,2025-04-18,Best Case,Best Case
OPP-0006509,2025-04-25,Commit,Best Case
OPP-0006509,2025-05-02,Best Case,Best Case
OPP-0006509,2025-05-09,Commit,Commit
OPP-0006509,2025-05-16,Commit,Commit
OPP-0006509,2025-05-23,Commit,Commit
OPP-0006510,2025-02-21,Pipeline,Pipeline
OPP-0006510,2025-02-28,Best Case,Pipeline
OPP-0006510,2025-03-07,Best Case,Best Case
OPP-0006510,2025-03-14,Commit,Commit
OPP-0006510,2025-03-21,Commit,Commit
OPP-0006517,2025-02-21,Commit,Commit
OPP-0006517,2025-02-28,Commit,Commit
OPP-0006517,2025-03-07,Commit,Commit
OPP-0006517,2025-03-14,Commit,Commit
OPP-0006517,2025-03-21,Commit,Commit
OPP-0006517,2025-03-28,Commit,Commit
OPP-0006518,2025-02-21,Commit,Commit
OPP-0006518,2025-02-28,Commit,Commit
OPP-0006518,2025-03-07,Commit,Commit
OPP-0006518,2025-03-14,Commit,Commit
OPP-0006518,2025-03-21,Commit,Commit
OPP-0006518,2025-03-28,Commit,Commit
OPP-0006519,2025-02-21,Pipeline,Omitted
OPP-0006519,2025-02-28,Omitted,Omitted
OPP-0006519,2025-03-07,Best Case,Pipeline
OPP-0006520,2025-02-21,Commit,Commit
OPP-0006520,2025-02-28,Commit,Commit
OPP-0006520,2025-03-07,Commit,Commit
OPP-0006520,2025-03-14,Commit,Commit
OPP-0006520,2025-03-21,Commit,Commit
OPP-0006520,2025-03-28,Commit,Commit
OPP-0006521,2025-02-21,Commit,Commit
OPP-0006521,2025-02-28,Commit,Commit
OPP-0006521,2025-03-07,Commit,Commit
OPP-0006521,2025-03-14,Commit,Commit
OPP-0006521,2025-03-21,Commit,Commit
OPP-0006521,2025-03-28,Commit,Commit
OPP-0006522,2025-02-21,Commit,Commit
OPP-0006522,2025-02-28,Commit,Commit
OPP-0006522,2025-03-07,Commit,Commit
OPP-0006522,2025-03-14,Commit,Commit
OPP-0006522,2025-03-21,Commit,Commit
OPP-0006522,2025-03-28,Commit,Commit
OPP-0006525,2025-02-21,Commit,Commit
OPP-0006525,2025-02-28,Commit,Commit
OPP-0006525,2025-03-07,Commit,Commit
OPP-0006525,2025-03-14,Commit,Commit
OPP-0006525,2025-03-21,Commit,Commit
OPP-0006525,2025-03-28,Commit,Commit
OPP-0006526,2025-02-21,Commit,Commit
OPP-0006526,2025-02-28,Commit,Commit
OPP-0006526,2025-03-07,Commit,Commit
OPP-0006526,2025-03-14,Commit,Commit
OPP-0006526,2025-03-21,Commit,Commit
OPP-0006526,2025-03-28,Commit,Commit
OPP-0006527,2025-02-21,Pipeline,Pipeline
OPP-0006527,2025-02-28,Best Case,Best Case
OPP-0006527,2025-03-07,Best Case,Best Case
OPP-0006528,2025-02-21,Pipeline,Omitted
OPP-0006528,2025-02-28,Best Case,Best Case
OPP-0006528,2025-03-07,Commit,Commit
OPP-0006529,2025-02-21,Commit,Commit
OPP-0006529,2025-02-28,Best Case,Commit
OPP-0006529,2025-03-07,Commit,Commit
OPP-0006529,2025-03-14,Commit,Commit
OPP-0006529,2025-03-21,Commit,Commit
OPP-0006529,2025-03-28,Commit,Commit
OPP-0006529,2025-04-04,Commit,Commit
OPP-0006529,2025-04-11,Commit,Commit
OPP-0006529,2025-04-18,Commit,Commit
OPP-0006529,2025-04-25,Commit,Best Case
OPP-0006544,2025-02-28,Pipeline,Pipeline
OPP-0006544,2025-03-07,Best Case,Best Case
OPP-0006544,2025-03-14,Best Case,Best Case
OPP-0006544,2025-03-21,Commit,Commit
OPP-0006544,2025-03-28,Best Case,Commit
OPP-0006544,2025-04-04,Commit,Commit
OPP-0006545,2025-02-28,Best Case,Best Case
OPP-0006545,2025-03-07,Commit,Commit
OPP-0006545,2025-03-14,Best Case,Best Case
OPP-0006545,2025-03-21,Best Case,Best Case
OPP-0006546,2025-02-28,Commit,Commit
OPP-0006546,2025-03-07,Commit,Commit
OPP-0006546,2025-03-14,Commit,Commit
OPP-0006546,2025-03-21,Commit,Commit
OPP-0006556,2025-02-28,Commit,Commit
OPP-0006556,2025-03-07,Commit,Commit
OPP-0006556,2025-03-14,Commit,Commit
OPP-0006556,2025-03-21,Commit,Commit
OPP-0006556,2025-03-28,Commit,Commit
OPP-0006557,2025-02-28,Commit,Commit
OPP-0006557,2025-03-07,Commit,Commit
OPP-0006557,2025-03-14,Commit,Commit
OPP-0006557,2025-03-21,Commit,Commit
OPP-0006557,2025-03-28,Commit,Commit
OPP-0006558,2025-02-28,Pipeline,Pipeline
OPP-0006558,2025-03-07,Pipeline,Pipeline
OPP-0006558,2025-03-14,Pipeline,Pipeline
OPP-0006558,2025-03-21,Pipeline,Pipeline
OPP-0006558,2025-03-28,Pipeline,Pipeline
OPP-0006558,2025-04-04,Pipeline,Pipeline
OPP-0006558,2025-04-11,Pipeline,Pipeline
OPP-0006558,2025-04-18,Best Case,Best Case
OPP-0006558,2025-04-25,Pipeline,Pipeline
OPP-0006558,2025-05-02,Pipeline,Best Case
OPP-0006558,2025-05-09,Pipeline,Pipeline
OPP-0006558,2025-05-16,Best Case,Best Case
OPP-0006558,2025-05-23,Commit,Commit
OPP-0006558,2025-05-30,Best Case,Best Case
OPP-0006558,2025-06-06,Best Case,Best Case
OPP-0006558,2025-06-13,Best Case,Best Case
OPP-0006558,2025-06-20,Best Case,Best Case
OPP-0006558,2025-06-27,Best Case,Commit
OPP-0006563,2025-02-28,Commit,Commit
OPP-0006563,2025-03-07,Commit,Commit
OPP-0006563,2025-03-14,Commit,Commit
OPP-0006563,2025-03-21,Commit,Commit
OPP-0006563,2025-03-28,Commit,Commit
OPP-0006571,2025-02-28,Commit,Commit
OPP-0006571,2025-03-07,Commit,Commit
OPP-0006571,2025-03-14,Commit,Commit
OPP-0006571,2025-03-21,Commit,Commit
OPP-0006571,2025-03-28,Commit,Commit
OPP-0006571,2025-04-04,Commit,Commit
OPP-0006572,2025-02-28,Commit,Commit
OPP-0006572,2025-03-07,Commit,Commit
OPP-0006572,2025-03-14,Commit,Commit
OPP-0006572,2025-03-21,Commit,Commit
OPP-0006572,2025-03-28,Commit,Commit
OPP-0006572,2025-04-04,Commit,Commit
OPP-0006572,2025-04-11,Commit,Commit
OPP-0006572,2025-04-18,Commit,Commit
OPP-0006572,2025-04-25,Commit,Commit
OPP-0006579,2025-02-28,Best Case,Pipeline
OPP-0006579,2025-03-07,Best Case,Best Case
OPP-0006579,2025-03-14,Best Case,Best Case
OPP-0006579,2025-03-21,Commit,Pipeline
OPP-0006579,2025-03-28,Best Case,Best Case
OPP-0006580,2025-02-28,Commit,Commit
OPP-0006580,2025-03-07,Commit,Commit
OPP-0006580,2025-03-14,Commit,Commit
OPP-0006580,2025-03-21,Commit,Commit
OPP-0006580,2025-03-28,Commit,Commit
OPP-0006580,2025-04-04,Commit,Commit
OPP-0006580,2025-04-11,Commit,Commit
OPP-0006580,2025-04-18,Commit,Commit
OPP-0006580,2025-04-25,Commit,Commit
OPP-0006581,2025-02-28,Pipeline,Omitted
OPP-0006581,2025-03-07,Best Case,Pipeline
OPP-0006591,2025-02-28,Commit,Commit
OPP-0006591,2025-03-07,Commit,Commit
OPP-0006591,2025-03-14,Commit,Commit
OPP-0006591,2025-03-21,Commit,Commit
OPP-0006591,2025-03-28,Commit,Commit
OPP-0006592,2025-02-28,Pipeline,Omitted
OPP-0006592,2025-03-07,Pipeline,Omitted
OPP-0006593,2025-02-28,Commit,Commit
OPP-0006593,2025-03-07,Commit,Commit
OPP-0006593,2025-03-14,Commit,Commit
OPP-0006593,2025-03-21,Commit,Commit
OPP-0006593,2025-03-28,Commit,Commit
OPP-0006593,2025-04-04,Commit,Commit
OPP-0006593,2025-04-11,Commit,Commit
OPP-0006593,2025-04-18,Commit,Commit
OPP-0006593,2025-04-25,Commit,Commit
OPP-0006594,2025-02-28,Commit,Commit
OPP-0006594,2025-03-07,Commit,Commit
OPP-0006594,2025-03-14,Commit,Commit
OPP-0006594,2025-03-21,Commit,Commit
OPP-0006594,2025-03-28,Commit,Commit
OPP-0006594,2025-04-04,Commit,Commit
OPP-0006594,2025-04-11,Commit,Commit
OPP-0006594,2025-04-18,Commit,Commit
OPP-0006594,2025-04-25,Commit,Commit
OPP-0006607,2025-02-28,Best Case,Best Case
OPP-0006607,2025-03-07,Pipeline,Pipeline
OPP-0006607,2025-03-14,Pipeline,Omitted
OPP-0006607,2025-03-21,Best Case,Omitted
OPP-0006607,2025-03-28,Best Case,Pipeline
OPP-0006607,2025-04-04,Best Case,Best Case
OPP-0006607,2025-04-11,Best Case,Pipeline
OPP-0006607,2025-04-18,Best Case,Best Case
OPP-0006607,2025-04-25,Pipeline,Pipeline
OPP-0006607,2025-05-02,Best Case,Pipeline
OPP-0006607,2025-05-09,Best Case,Best Case
OPP-0006607,2025-05-16,Pipeline,Pipeline
OPP-0006607,2025-05-23,Pipeline,Pipeline
OPP-0006607,2025-05-30,Pipeline,Omitted
OPP-0006607,2025-06-06,Pipeline,Omitted
OPP-0006607,2025-06-13,Pipeline,Pipeline
OPP-0006607,2025-06-20,Pipeline,Omitted
OPP-0006607,2025-06-27,Best Case,Omitted
OPP-0006607,2025-07-04,Pipeline,Pipeline
OPP-0006607,2025-07-11,Pipeline,Omitted
OPP-0006607,2025-07-18,Pipeline,Omitted
OPP-0006607,2025-07-25,Pipeline,Omitted
OPP-0006607,2025-08-01,Pipeline,Omitted
OPP-0006608,2025-02-28,Pipeline,Omitted
OPP-0006608,2025-03-07,Pipeline,Pipeline
OPP-0006608,2025-03-14,Pipeline,Pipeline
OPP-0006608,2025-03-21,Pipeline,Pipeline
OPP-0006608,2025-03-28,Pipeline,Pipeline
OPP-0006608,2025-04-04,Pipeline,Pipeline
OPP-0006608,2025-04-11,Pipeline,Omitted
OPP-0006608,2025-04-18,Pipeline,Omitted
OPP-0006608,2025-04-25,Pipeline,Omitted
OPP-0006608,2025-05-02,Pipeline,Omitted
OPP-0006608,2025-05-09,Omitted,Omitted
OPP-0006608,2025-05-16,Pipeline,Omitted
OPP-0006608,2025-05-23,Pipeline,Omitted
OPP-0006608,2025-05-30,Pipeline,Pipeline
OPP-0006608,2025-06-06,Pipeline,Pipeline
OPP-0006608,2025-06-13,Best Case,Best Case
OPP-0006608,2025-06-20,Omitted,Pipeline
OPP-0006608,2025-06-27,Pipeline,Pipeline
OPP-0006608,2025-07-04,Pipeline,Pipeline
OPP-0006608,2025-07-11,Best Case,Best Case
OPP-0006608,2025-07-18,Pipeline,Pipeline
OPP-0006608,2025-07-25,Pipeline,Pipeline
OPP-0006608,2025-08-01,Pipeline,Pipeline
OPP-0006609,2025-02-28,Best Case,Best Case
OPP-0006609,2025-03-07,Best Case,Best Case
OPP-0006609,2025-03-14,Best Case,Best Case
OPP-0006609,2025-03-21,Best Case,Best Case
OPP-0006609,2025-03-28,Best Case,Pipeline
OPP-0006609,2025-04-04,Best Case,Best Case
OPP-0006609,2025-04-11,Commit,Pipeline
OPP-0006609,2025-04-18,Best Case,Pipeline
OPP-0006609,2025-04-25,Best Case,Best Case
OPP-0006609,2025-05-02,Best Case,Pipeline
OPP-0006609,2025-05-09,Pipeline,Pipeline
OPP-0006610,2025-02-28,Commit,Commit
OPP-0006610,2025-03-07,Commit,Commit
OPP-0006610,2025-03-14,Commit,Commit
OPP-0006610,2025-03-21,Commit,Commit
OPP-0006610,2025-03-28,Best Case,Commit
OPP-0006610,2025-04-04,Best Case,Commit
OPP-0006610,2025-04-11,Commit,Commit
OPP-0006610,2025-04-18,Commit,Commit
OPP-0006610,2025-04-25,Commit,Commit
OPP-0006615,2025-03-07,Commit,Commit
OPP-0006615,2025-03-14,Commit,Commit
OPP-0006615,2025-03-21,Commit,Commit
OPP-0006615,2025-03-28,Commit,Commit
OPP-0006616,2025-03-07,Commit,Commit
OPP-0006616,2025-03-14,Commit,Commit
OPP-0006616,2025-03-21,Commit,Commit
OPP-0006616,2025-03-28,Commit,Commit
OPP-0006617,2025-03-07,Pipeline,Best Case
OPP-0006617,2025-03-14,Best Case,Best Case
OPP-0006618,2025-03-07,Pipeline,Omitted
OPP-0006618,2025-03-14,Best Case,Best Case
OPP-0006618,2025-03-21,Best Case,Best Case
OPP-0006618,2025-03-28,Pipeline,Pipeline
OPP-0006618,2025-04-04,Pipeline,Pipeline
OPP-0006618,2025-04-11,Best Case,Best Case
OPP-0006618,2025-04-18,Best Case,Best Case
OPP-0006618,2025-04-25,Pipeline,Pipeline
OPP-0006618,2025-05-02,Pipeline,Omitted
OPP-0006618,2025-05-09,Pipeline,Pipeline
OPP-0006618,2025-05-16,Pipeline,Omitted
OPP-0006618,2025-05-23,Pipeline,Pipeline
OPP-0006618,2025-05-30,Pipeline,Pipeline
OPP-0006618,2025-06-06,Pipeline,Omitted
OPP-0006618,2025-06-13,Pipeline,Omitted
OPP-0006618,2025-06-20,Best Case,Omitted
OPP-0006623,2025-03-07,Pipeline,Omitted
OPP-0006623,2025-03-14,Pipeline,Omitted
OPP-0006623,2025-03-21,Pipeline,Omitted
OPP-0006623,2025-03-28,Pipeline,Omitted
OPP-0006623,2025-04-04,Pipeline,Omitted
OPP-0006623,2025-04-11,Pipeline,Omitted
OPP-0006623,2025-04-18,Pipeline,Omitted
OPP-0006623,2025-04-25,Omitted,Pipeline
OPP-0006623,2025-05-02,Best Case,Best Case
OPP-0006623,2025-05-09,Best Case,Best Case
OPP-0006623,2025-05-16,Pipeline,Pipeline
OPP-0006623,2025-05-23,Best Case,Best Case
OPP-0006623,2025-05-30,Pipeline,Pipeline
OPP-0006623,2025-06-06,Pipeline,Pipeline
OPP-0006624,2025-03-07,Best Case,Best Case
OPP-0006624,2025-03-14,Best Case,Pipeline
OPP-0006624,2025-03-21,Best Case,Best Case
OPP-0006624,2025-03-28,Best Case,Pipeline
OPP-0006624,2025-04-04,Omitted,Pipeline
OPP-0006624,2025-04-11,Pipeline,Omitted
OPP-0006624,2025-04-18,Pipeline,Omitted
OPP-0006624,2025-04-25,Omitted,Pipeline
OPP-0006624,2025-05-02,Pipeline,Pipeline
OPP-0006624,2025-05-09,Best Case,Pipeline
OPP-0006624,2025-05-16,Commit,Best Case
OPP-0006624,2025-05-23,Best Case,Pipeline
OPP-0006625,2025-03-07,Commit,Commit
OPP-0006625,2025-03-14,Commit,Commit
OPP-0006625,2025-03-21,Commit,Commit
OPP-0006625,2025-03-28,Commit,Commit
OPP-0006625,2025-04-04,Commit,Commit
OPP-0006625,2025-04-11,Commit,Commit
OPP-0006626,2025-03-07,Commit,Commit
OPP-0006626,2025-03-14,Commit,Commit
OPP-0006626,2025-03-21,Commit,Commit
OPP-0006626,2025-03-28,Commit,Commit
OPP-0006626,2025-04-04,Commit,Commit
OPP-0006626,2025-04-11,Commit,Commit
OPP-0006626,2025-04-18,Commit,Commit
OPP-0006626,2025-04-25,Commit,Commit
OPP-0006626,2025-05-02,Commit,Commit
OPP-0006626,2025-05-09,Commit,Commit
OPP-0006626,2025-05-16,Commit,Commit
OPP-0006626,2025-05-23,Commit,Commit
OPP-0006627,2025-03-07,Omitted,Omitted
OPP-0006627,2025-03-14,Omitted,Pipeline
OPP-0006627,2025-03-21,Pipeline,Pipeline
OPP-0006627,2025-03-28,Omitted,Omitted
OPP-0006627,2025-04-04,Pipeline,Pipeline
OPP-0006627,2025-04-11,Best Case,Best Case
OPP-0006627,2025-04-18,Omitted,Pipeline
OPP-0006627,2025-04-25,Pipeline,Pipeline
OPP-0006627,2025-05-02,Pipeline,Pipeline
OPP-0006627,2025-05-09,Pipeline,Pipeline
OPP-0006627,2025-05-16,Pipeline,Pipeline
OPP-0006627,2025-05-23,Omitted,Pipeline
OPP-0006627,2025-05-30,Pipeline,Pipeline
OPP-0006627,2025-06-06,Omitted,Pipeline
OPP-0006627,2025-06-13,Pipeline,Omitted
OPP-0006627,2025-06-20,Omitted,Pipeline
OPP-0006627,2025-06-27,Omitted,Omitted
OPP-0006627,2025-07-04,Pipeline,Pipeline
OPP-0006627,2025-07-11,Pipeline,Best Case
OPP-0006627,2025-07-18,Best Case,Best Case
OPP-0006627,2025-07-25,Pipeline,Best Case
OPP-0006627,2025-08-01,Best Case,Best Case
OPP-0006627,2025-08-08,Pipeline,Commit
OPP-0006636,2025-03-07,Commit,Commit
OPP-0006636,2025-03-14,Commit,Commit
OPP-0006636,2025-03-21,Commit,Commit
OPP-0006636,2025-03-28,Commit,Commit
OPP-0006637,2025-03-07,Pipeline,Pipeline
OPP-0006637,2025-03-14,Pipeline,Pipeline
OPP-0006637,2025-03-21,Best Case,Best Case
OPP-0006641,2025-03-07,Pipeline,Pipeline
OPP-0006641,2025-03-14,Commit,Pipeline
OPP-0006642,2025-03-07,Best Case,Pipeline
OPP-0006642,2025-03-14,Commit,Commit
OPP-0006642,2025-03-21,Commit,Commit
OPP-0006642,2025-03-28,Commit,Commit
OPP-0006642,2025-04-04,Commit,Best Case
OPP-0006643,2025-03-07,Commit,Commit
OPP-0006643,2025-03-14,Commit,Commit
OPP-0006643,2025-03-21,Commit,Commit
OPP-0006643,2025-03-28,Commit,Commit
OPP-0006643,2025-04-04,Commit,Commit
OPP-0006643,2025-04-11,Commit,Commit
OPP-0006643,2025-04-18,Commit,Commit
OPP-0006643,2025-04-25,Commit,Commit
OPP-0006643,2025-05-02,Commit,Commit
OPP-0006643,2025-05-09,Commit,Commit
OPP-0006643,2025-05-16,Commit,Commit
OPP-0006643,2025-05-23,Commit,Commit
OPP-0006643,2025-05-30,Commit,Commit
OPP-0006644,2025-03-07,Commit,Commit
OPP-0006644,2025-03-14,Commit,Commit
OPP-0006644,2025-03-21,Commit,Commit
OPP-0006644,2025-03-28,Commit,Commit
OPP-0006644,2025-04-04,Commit,Commit
OPP-0006644,2025-04-11,Commit,Commit
OPP-0006644,2025-04-18,Commit,Commit
OPP-0006644,2025-04-25,Commit,Commit
OPP-0006644,2025-05-02,Commit,Commit
OPP-0006644,2025-05-09,Commit,Commit
OPP-0006644,2025-05-16,Commit,Commit
OPP-0006644,2025-05-23,Commit,Commit
OPP-0006644,2025-05-30,Commit,Commit
OPP-0006652,2025-03-07,Pipeline,Pipeline
OPP-0006652,2025-03-14,Best Case,Best Case
OPP-0006652,2025-03-21,Best Case,Best Case
OPP-0006652,2025-03-28,Commit,Best Case
OPP-0006652,2025-04-04,Pipeline,Best Case
OPP-0006652,2025-04-11,Best Case,Best Case
OPP-0006653,2025-03-07,Pipeline,Pipeline
OPP-0006653,2025-03-14,Pipeline,Pipeline
OPP-0006653,2025-03-21,Pipeline,Pipeline
OPP-0006653,2025-03-28,Best Case,Best Case
OPP-0006653,2025-04-04,Best Case,Best Case
OPP-0006653,2025-04-11,Best Case,Commit
OPP-0006661,2025-03-07,Commit,Commit
OPP-0006661,2025-03-14,Commit,Commit
OPP-0006661,2025-03-21,Commit,Commit
OPP-0006661,2025-03-28,Commit,Commit
OPP-0006662,2025-03-07,Commit,Commit
OPP-0006662,2025-03-14,Commit,Commit
OPP-0006662,2025-03-21,Commit,Commit
OPP-0006662,2025-03-28,Commit,Commit
OPP-0006663,2025-03-07,Commit,Commit
OPP-0006663,2025-03-14,Commit,Commit
OPP-0006663,2025-03-21,Commit,Commit
OPP-0006663,2025-03-28,Commit,Commit
OPP-0006663,2025-04-04,Commit,Commit
OPP-0006664,2025-03-07,Commit,Commit
OPP-0006664,2025-03-14,Commit,Commit
OPP-0006664,2025-03-21,Commit,Commit
OPP-0006664,2025-03-28,Commit,Commit
OPP-0006664,2025-04-04,Commit,Commit
OPP-0006664,2025-04-11,Commit,Commit
OPP-0006664,2025-04-18,Commit,Commit
OPP-0006664,2025-04-25,Commit,Commit
OPP-0006664,2025-05-02,Best Case,Commit
OPP-0006664,2025-05-09,Commit,Commit
OPP-0006664,2025-05-16,Commit,Best Case
OPP-0006664,2025-05-23,Best Case,Pipeline
OPP-0006664,2025-05-30,Commit,Commit
OPP-0006665,2025-03-07,Best Case,Commit
OPP-0006665,2025-03-14,Commit,Commit
OPP-0006665,2025-03-21,Commit,Commit
OPP-0006665,2025-03-28,Commit,Best Case
OPP-0006665,2025-04-04,Commit,Commit
OPP-0006665,2025-04-11,Commit,Commit
OPP-0006665,2025-04-18,Commit,Commit
OPP-0006665,2025-04-25,Commit,Commit
OPP-0006674,2025-03-07,Pipeline,Pipeline
OPP-0006674,2025-03-14,Best Case,Best Case
OPP-0006674,2025-03-21,Pipeline,Pipeline
OPP-0006674,2025-03-28,Pipeline,Pipeline
OPP-0006674,2025-04-04,Best Case,Best Case
OPP-0006674,2025-04-11,Best Case,Best Case
OPP-0006675,2025-03-07,Commit,Commit
OPP-0006675,2025-03-14,Commit,Commit
OPP-0006675,2025-03-21,Commit,Commit
OPP-0006675,2025-03-28,Commit,Commit
OPP-0006675,2025-04-04,Commit,Commit
OPP-0006675,2025-04-11,Commit,Commit
OPP-0006675,2025-04-18,Commit,Commit
OPP-0006675,2025-04-25,Commit,Commit
OPP-0006685,2025-03-14,Commit,Commit
OPP-0006685,2025-03-21,Commit,Commit
OPP-0006685,2025-03-28,Commit,Commit
OPP-0006686,2025-03-14,Commit,Commit
OPP-0006686,2025-03-21,Commit,Commit
OPP-0006686,2025-03-28,Commit,Commit
OPP-0006686,2025-04-04,Commit,Best Case
OPP-0006686,2025-04-11,Commit,Best Case
OPP-0006686,2025-04-18,Commit,Best Case
OPP-0006687,2025-03-14,Best Case,Pipeline
OPP-0006687,2025-03-21,Best Case,Best Case
OPP-0006687,2025-03-28,Best Case,Best Case
OPP-0006687,2025-04-04,Best Case,Best Case
OPP-0006687,2025-04-11,Commit,Commit
OPP-0006687,2025-04-18,Commit,Commit
OPP-0006687,2025-04-25,Best Case,Pipeline
OPP-0006687,2025-05-02,Best Case,Best Case
OPP-0006687,2025-05-09,Best Case,Best Case
OPP-0006687,2025-05-16,Commit,Commit
OPP-0006687,2025-05-23,Best Case,Best Case
OPP-0006687,2025-05-30,Commit,Commit
OPP-0006687,2025-06-06,Best Case,Best Case
OPP-0006687,2025-06-13,Best Case,Best Case
OPP-0006687,2025-06-20,Best Case,Best Case
OPP-0006687,2025-06-27,Best Case,Best Case
OPP-0006687,2025-07-04,Best Case,Best Case
OPP-0006687,2025-07-11,Best Case,Best Case
OPP-0006687,2025-07-18,Best Case,Best Case
OPP-0006687,2025-07-25,Best Case,Pipeline
OPP-0006687,2025-08-01,Best Case,Best Case
OPP-0006687,2025-08-08,Commit,Commit
OPP-0006695,2025-03-14,Commit,Commit
OPP-0006695,2025-03-21,Commit,Commit
OPP-0006695,2025-03-28,Commit,Commit
OPP-0006696,2025-03-14,Commit,Commit
OPP-0006696,2025-03-21,Commit,Commit
OPP-0006696,2025-03-28,Commit,Commit
OPP-0006697,2025-03-14,Pipeline,Omitted
OPP-0006697,2025-03-21,Omitted,Omitted
OPP-0006697,2025-03-28,Pipeline,Omitted
OPP-0006697,2025-04-04,Omitted,Omitted
OPP-0006697,2025-04-11,Omitted,Omitted
OPP-0006697,2025-04-18,Omitted,Omitted
OPP-0006697,2025-04-25,Omitted,Omitted
OPP-0006697,2025-05-02,Omitted,Omitted
OPP-0006697,2025-05-09,Omitted,Omitted
OPP-0006697,2025-05-16,Pipeline,Omitted
OPP-0006697,2025-05-23,Pipeline,Omitted
OPP-0006697,2025-05-30,Omitted,Pipeline
OPP-0006697,2025-06-06,Pipeline,Pipeline
OPP-0006697,2025-06-13,Omitted,Pipeline
OPP-0006697,2025-06-20,Pipeline,Pipeline
OPP-0006697,2025-06-27,Pipeline,Omitted
OPP-0006697,2025-07-04,Pipeline,Pipeline
OPP-0006697,2025-07-11,Best Case,Best Case
OPP-0006702,2025-03-14,Commit,Commit
OPP-0006702,2025-03-21,Commit,Commit
OPP-0006702,2025-03-28,Commit,Commit
OPP-0006703,2025-03-14,Best Case,Best Case
OPP-0006703,2025-03-21,Best Case,Best Case
OPP-0006711,2025-03-14,Omitted,Omitted
OPP-0006711,2025-03-21,Omitted,Omitted
OPP-0006711,2025-03-28,Pipeline,Omitted
OPP-0006712,2025-03-14,Best Case,Best Case
OPP-0006712,2025-03-21,Best Case,Omitted
OPP-0006712,2025-03-28,Best Case,Best Case
OPP-0006712,2025-04-04,Commit,Commit
OPP-0006717,2025-03-14,Best Case,Best Case
OPP-0006717,2025-03-21,Best Case,Best Case
OPP-0006717,2025-03-28,Best Case,Omitted
OPP-0006717,2025-04-04,Pipeline,Omitted
OPP-0006717,2025-04-11,Commit,Commit
OPP-0006717,2025-04-18,Commit,Commit
OPP-0006718,2025-03-14,Commit,Commit
OPP-0006718,2025-03-21,Commit,Commit
OPP-0006718,2025-03-28,Commit,Commit
OPP-0006718,2025-04-04,Commit,Commit
OPP-0006718,2025-04-11,Commit,Commit
OPP-0006718,2025-04-18,Commit,Commit
OPP-0006718,2025-04-25,Commit,Commit
OPP-0006723,2025-03-14,Pipeline,Pipeline
OPP-0006723,2025-03-21,Pipeline,Best Case
OPP-0006723,2025-03-28,Best Case,Best Case
OPP-0006723,2025-04-04,Best Case,Best Case
OPP-0006724,2025-03-14,Commit,Commit
OPP-0006724,2025-03-21,Commit,Commit
OPP-0006724,2025-03-28,Best Case,Commit
OPP-0006724,2025-04-04,Commit,Commit
OPP-0006724,2025-04-11,Commit,Commit
OPP-0006724,2025-04-18,Commit,Commit
OPP-0006724,2025-04-25,Commit,Commit
OPP-0006724,2025-05-02,Commit,Commit
OPP-0006724,2025-05-09,Commit,Commit
OPP-0006725,2025-03-14,Commit,Best Case
OPP-0006725,2025-03-21,Commit,Commit
OPP-0006725,2025-03-28,Commit,Best Case
OPP-0006725,2025-04-04,Commit,Commit
OPP-0006725,2025-04-11,Commit,Commit
OPP-0006725,2025-04-18,Commit,Commit
OPP-0006725,2025-04-25,Commit,Commit
OPP-0006726,2025-03-14,Commit,Commit
OPP-0006726,2025-03-21,Commit,Commit
OPP-0006726,2025-03-28,Commit,Commit
OPP-0006726,2025-04-04,Commit,Commit
OPP-0006726,2025-04-11,Commit,Commit
OPP-0006727,2025-03-14,Commit,Commit
OPP-0006727,2025-03-21,Commit,Commit
OPP-0006727,2025-03-28,Commit,Commit
OPP-0006727,2025-04-04,Commit,Commit
OPP-0006727,2025-04-11,Commit,Commit
OPP-0006727,2025-04-18,Commit,Commit
OPP-0006727,2025-04-25,Commit,Commit
OPP-0006728,2025-03-14,Commit,Commit
OPP-0006728,2025-03-21,Commit,Commit
OPP-0006728,2025-03-28,Commit,Commit
OPP-0006728,2025-04-04,Commit,Best Case
OPP-0006728,2025-04-11,Commit,Commit
OPP-0006728,2025-04-18,Commit,Commit
OPP-0006728,2025-04-25,Commit,Commit
OPP-0006728,2025-05-02,Commit,Commit
OPP-0006728,2025-05-09,Commit,Best Case
OPP-0006728,2025-05-16,Commit,Commit
OPP-0006728,2025-05-23,Commit,Commit
OPP-0006728,2025-05-30,Commit,Best Case
OPP-0006736,2025-03-14,Best Case,Best Case
OPP-0006736,2025-03-21,Best Case,Best Case
OPP-0006736,2025-03-28,Pipeline,Pipeline
OPP-0006736,2025-04-04,Best Case,Best Case
OPP-0006737,2025-03-14,Commit,Commit
OPP-0006737,2025-03-21,Commit,Commit
OPP-0006737,2025-03-28,Commit,Commit
OPP-0006737,2025-04-04,Commit,Commit
OPP-0006737,2025-04-11,Commit,Commit
OPP-0006737,2025-04-18,Commit,Commit
OPP-0006740,2025-03-21,Omitted,Omitted
OPP-0006740,2025-03-28,Pipeline,Omitted
OPP-0006740,2025-04-04,Omitted,Pipeline
OPP-0006741,2025-03-21,Best Case,Commit
OPP-0006741,2025-03-28,Commit,Best Case
OPP-0006741,2025-04-04,Best Case,Pipeline
OPP-0006741,2025-04-11,Best Case,Pipeline
OPP-0006741,2025-04-18,Commit,Best Case
OPP-0006741,2025-04-25,Commit,Best Case
OPP-0006741,2025-05-02,Commit,Commit
OPP-0006741,2025-05-09,Commit,Commit
OPP-0006741,2025-05-16,Commit,Commit
OPP-0006741,2025-05-23,Commit,Commit
OPP-0006741,2025-05-30,Commit,Commit
OPP-0006747,2025-03-21,Commit,Commit
OPP-0006747,2025-03-28,Commit,Commit
OPP-0006748,2025-03-21,Commit,Best Case
OPP-0006748,2025-03-28,Commit,Best Case
OPP-0006749,2025-03-21,Commit,Commit
OPP-0006749,2025-03-28,Commit,Commit
OPP-0006750,2025-03-21,Commit,Commit
OPP-0006750,2025-03-28,Commit,Best Case
OPP-0006750,2025-04-04,Commit,Best Case
OPP-0006750,2025-04-11,Commit,Commit
OPP-0006750,2025-04-18,Commit,Best Case
OPP-0006750,2025-04-25,Commit,Best Case
OPP-0006750,2025-05-02,Commit,Best Case
OPP-0006750,2025-05-09,Commit,Best Case
OPP-0006750,2025-05-16,Best Case,Pipeline
OPP-0006750,2025-05-23,Commit,Best Case
OPP-0006751,2025-03-21,Commit,Commit
OPP-0006751,2025-03-28,Commit,Commit
OPP-0006751,2025-04-04,Commit,Commit
OPP-0006751,2025-04-11,Commit,Commit
OPP-0006751,2025-04-18,Commit,Commit
OPP-0006751,2025-04-25,Commit,Commit
OPP-0006752,2025-03-21,Best Case,Pipeline
OPP-0006752,2025-03-28,Best Case,Pipeline
OPP-0006752,2025-04-04,Best Case,Pipeline
OPP-0006752,2025-04-11,Best Case,Pipeline
OPP-0006752,2025-04-18,Commit,Best Case
OPP-0006752,2025-04-25,Best Case,Pipeline
OPP-0006752,2025-05-02,Pipeline,Pipeline
OPP-0006752,2025-05-09,Pipeline,Pipeline
OPP-0006752,2025-05-16,Pipeline,Pipeline
OPP-0006752,2025-05-23,Pipeline,Pipeline
OPP-0006752,2025-05-30,Best Case,Pipeline
OPP-0006753,2025-03-21,Commit,Commit
OPP-0006753,2025-03-28,Commit,Commit
OPP-0006753,2025-04-04,Commit,Commit
OPP-0006753,2025-04-11,Commit,Commit
OPP-0006753,2025-04-18,Commit,Commit
OPP-0006753,2025-04-25,Commit,Commit
OPP-0006759,2025-03-21,Commit,Commit
OPP-0006759,2025-03-28,Commit,Commit
OPP-0006760,2025-03-21,Commit,Commit
OPP-0006760,2025-03-28,Commit,Commit
OPP-0006760,2025-04-04,Commit,Commit
OPP-0006760,2025-04-11,Commit,Commit
OPP-0006760,2025-04-18,Commit,Commit
OPP-0006760,2025-04-25,Commit,Commit
OPP-0006761,2025-03-21,Pipeline,Pipeline
OPP-0006761,2025-03-28,Best Case,Best Case
OPP-0006761,2025-04-04,Best Case,Best Case
OPP-0006762,2025-03-21,Commit,Commit
OPP-0006762,2025-03-28,Commit,Commit
OPP-0006762,2025-04-04,Commit,Commit
OPP-0006762,2025-04-11,Commit,Commit
OPP-0006762,2025-04-18,Commit,Commit
OPP-0006762,2025-04-25,Commit,Commit
OPP-0006769,2025-03-21,Commit,Commit
OPP-0006769,2025-03-28,Commit,Commit
OPP-0006769,2025-04-04,Commit,Commit
OPP-0006769,2025-04-11,Commit,Commit
OPP-0006769,2025-04-18,Commit,Commit
OPP-0006769,2025-04-25,Commit,Commit
OPP-0006770,2025-03-21,Commit,Commit
OPP-0006770,2025-03-28,Commit,Commit
OPP-0006771,2025-03-21,Pipeline,Pipeline
OPP-0006771,2025-03-28,Best Case,Best Case
OPP-0006771,2025-04-04,Pipeline,Best Case
OPP-0006782,2025-03-21,Pipeline,Omitted
OPP-0006782,2025-03-28,Best Case,Pipeline
OPP-0006782,2025-04-04,Best Case,Pipeline
OPP-0006783,2025-03-21,Commit,Commit
OPP-0006783,2025-03-28,Commit,Commit
OPP-0006783,2025-04-04,Commit,Commit
OPP-0006783,2025-04-11,Commit,Commit
OPP-0006783,2025-04-18,Commit,Commit
OPP-0006783,2025-04-25,Commit,Commit
OPP-0006783,2025-05-02,Commit,Commit
OPP-0006783,2025-05-09,Commit,Commit
OPP-0006783,2025-05-16,Commit,Commit
OPP-0006783,2025-05-23,Commit,Best Case
OPP-0006783,2025-05-30,Commit,Commit
OPP-0006784,2025-03-21,Best Case,Best Case
OPP-0006784,2025-03-28,Commit,Commit
OPP-0006792,2025-03-21,Pipeline,Pipeline
OPP-0006792,2025-03-28,Pipeline,Pipeline
OPP-0006792,2025-04-04,Pipeline,Omitted
OPP-0006792,2025-04-11,Best Case,Best Case
OPP-0006792,2025-04-18,Pipeline,Omitted
OPP-0006792,2025-04-25,Pipeline,Pipeline
OPP-0006792,2025-05-02,Pipeline,Pipeline
OPP-0006792,2025-05-09,Pipeline,Pipeline
OPP-0006792,2025-05-16,Pipeline,Pipeline
OPP-0006792,2025-05-23,Pipeline,Pipeline
OPP-0006792,2025-05-30,Pipeline,Pipeline
OPP-0006792,2025-06-06,Omitted,Pipeline
OPP-0006792,2025-06-13,Pipeline,Pipeline
OPP-0006792,2025-06-20,Best Case,Best Case
OPP-0006792,2025-06-27,Best Case,Best Case
OPP-0006792,2025-07-04,Commit,Commit
OPP-0006792,2025-07-11,Best Case,Best Case
OPP-0006792,2025-07-18,Pipeline,Pipeline
OPP-0006792,2025-07-25,Pipeline,Pipeline
OPP-0006793,2025-03-21,Omitted,Omitted
OPP-0006793,2025-03-28,Pipeline,Omitted
OPP-0006793,2025-04-04,Pipeline,Omitted
OPP-0006793,2025-04-11,Pipeline,Omitted
OPP-0006793,2025-04-18,Omitted,Omitted
OPP-0006793,2025-04-25,Omitted,Omitted
OPP-0006793,2025-05-02,Omitted,Omitted
OPP-0006793,2025-05-09,Omitted,Omitted
OPP-0006793,2025-05-16,Pipeline,Omitted
OPP-0006793,2025-05-23,Pipeline,Omitted
OPP-0006793,2025-05-30,Pipeline,Omitted
OPP-0006793,2025-06-06,Omitted,Omitted
OPP-0006793,2025-06-13,Omitted,Omitted
OPP-0006793,2025-06-20,Omitted,Omitted
OPP-0006793,2025-06-27,Pipeline,Omitted
OPP-0006793,2025-07-04,Pipeline,Omitted
OPP-0006794,2025-03-21,Commit,Commit
OPP-0006794,2025-03-28,Commit,Commit
OPP-0006794,2025-04-04,Commit,Commit
OPP-0006794,2025-04-11,Commit,Commit
OPP-0006794,2025-04-18,Commit,Commit
OPP-0006794,2025-04-25,Commit,Commit
OPP-0006795,2025-03-21,Omitted,Omitted
OPP-0006795,2025-03-28,Omitted,Omitted
OPP-0006795,2025-04-04,Pipeline,Pipeline
OPP-0006804,2025-03-21,Commit,Commit
OPP-0006804,2025-03-28,Commit,Commit
OPP-0006804,2025-04-04,Commit,Commit
OPP-0006804,2025-04-11,Commit,Commit
OPP-0006804,2025-04-18,Commit,Commit
OPP-0006804,2025-04-25,Commit,Commit
OPP-0006805,2025-03-21,Omitted,Omitted
OPP-0006805,2025-03-28,Pipeline,Omitted
OPP-0006805,2025-04-04,Pipeline,Omitted
OPP-0006805,2025-04-11,Pipeline,Pipeline
OPP-0006805,2025-04-18,Omitted,Omitted
OPP-0006805,2025-04-25,Pipeline,Pipeline
OPP-0006805,2025-05-02,Omitted,Pipeline
OPP-0006805,2025-05-09,Pipeline,Pipeline
OPP-0006805,2025-05-16,Omitted,Omitted
OPP-0006805,2025-05-23,Pipeline,Omitted
OPP-0006805,2025-05-30,Omitted,Omitted
OPP-0006805,2025-06-06,Omitted,Omitted
OPP-0006805,2025-06-13,Omitted,Omitted
OPP-0006805,2025-06-20,Omitted,Omitted
OPP-0006805,2025-06-27,Pipeline,Pipeline
OPP-0006806,2025-03-21,Commit,Commit
OPP-0006806,2025-03-28,Commit,Commit
OPP-0006806,2025-04-04,Commit,Commit
OPP-0006806,2025-04-11,Commit,Commit
OPP-0006806,2025-04-18,Commit,Commit
OPP-0006806,2025-04-25,Commit,Commit
OPP-0006812,2025-03-28,Commit,Commit
OPP-0006812,2025-04-04,Commit,Commit
OPP-0006812,2025-04-11,Commit,Commit
OPP-0006812,2025-04-18,Commit,Commit
OPP-0006812,2025-04-25,Commit,Commit
OPP-0006813,2025-03-28,Commit,Commit
OPP-0006813,2025-04-04,Commit,Commit
OPP-0006813,2025-04-11,Commit,Commit
OPP-0006813,2025-04-18,Commit,Commit
OPP-0006813,2025-04-25,Commit,Commit
OPP-0006813,2025-05-02,Commit,Commit
OPP-0006813,2025-05-09,Commit,Commit
OPP-0006813,2025-05-16,Commit,Commit
OPP-0006813,2025-05-23,Commit,Commit
OPP-0006813,2025-05-30,Commit,Commit
OPP-0006818,2025-03-28,Commit,Commit
OPP-0006818,2025-04-04,Commit,Commit
OPP-0006818,2025-04-11,Commit,Commit
OPP-0006818,2025-04-18,Commit,Commit
OPP-0006818,2025-04-25,Commit,Commit
OPP-0006818,2025-05-02,Commit,Commit
OPP-0006818,2025-05-09,Commit,Commit
OPP-0006818,2025-05-16,Commit,Commit
OPP-0006818,2025-05-23,Commit,Commit
OPP-0006818,2025-05-30,Commit,Commit
OPP-0006819,2025-03-28,Commit,Commit
OPP-0006819,2025-04-04,Commit,Commit
OPP-0006819,2025-04-11,Commit,Commit
OPP-0006819,2025-04-18,Commit,Commit
OPP-0006819,2025-04-25,Commit,Commit
OPP-0006819,2025-05-02,Commit,Commit
OPP-0006819,2025-05-09,Commit,Commit
OPP-0006819,2025-05-16,Commit,Commit
OPP-0006819,2025-05-23,Commit,Commit
OPP-0006819,2025-05-30,Commit,Commit
OPP-0006820,2025-03-28,Best Case,Omitted
OPP-0006820,2025-04-04,Omitted,Omitted
OPP-0006820,2025-04-11,Pipeline,Pipeline
OPP-0006820,2025-04-18,Best Case,Best Case
OPP-0006820,2025-04-25,Best Case,Best Case
OPP-0006820,2025-05-02,Best Case,Best Case
OPP-0006820,2025-05-09,Best Case,Best Case
OPP-0006820,2025-05-16,Best Case,Best Case
OPP-0006820,2025-05-23,Commit,Commit
OPP-0006820,2025-05-30,Best Case,Best Case
OPP-0006820,2025-06-06,Best Case,Commit
OPP-0006820,2025-06-13,Best Case,Commit
OPP-0006820,2025-06-20,Commit,Commit
OPP-0006820,2025-06-27,Commit,Commit
OPP-0006820,2025-07-04,Commit,Commit
OPP-0006821,2025-03-28,Pipeline,Omitted
OPP-0006821,2025-04-04,Pipeline,Pipeline
OPP-0006821,2025-04-11,Best Case,Best Case
OPP-0006821,2025-04-18,Best Case,Best Case
OPP-0006821,2025-04-25,Best Case,Pipeline
OPP-0006821,2025-05-02,Pipeline,Pipeline
OPP-0006828,2025-03-28,Commit,Commit
OPP-0006828,2025-04-04,Commit,Commit
OPP-0006828,2025-04-11,Commit,Commit
OPP-0006828,2025-04-18,Commit,Commit
OPP-0006828,2025-04-25,Commit,Commit
OPP-0006829,2025-03-28,Commit,Commit
OPP-0006829,2025-04-04,Commit,Commit
OPP-0006829,2025-04-11,Commit,Commit
OPP-0006829,2025-04-18,Commit,Commit
OPP-0006829,2025-04-25,Commit,Commit
OPP-0006830,2025-03-28,Omitted,Omitted
OPP-0006830,2025-04-04,Omitted,Omitted
OPP-0006830,2025-04-11,Omitted,Omitted
OPP-0006830,2025-04-18,Omitted,Omitted
OPP-0006830,2025-04-25,Omitted,Omitted
OPP-0006830,2025-05-02,Pipeline,Omitted
OPP-0006830,2025-05-09,Omitted,Omitted
OPP-0006830,2025-05-16,Best Case,Pipeline
OPP-0006830,2025-05-23,Pipeline,Pipeline
OPP-0006830,2025-05-30,Omitted,Omitted
OPP-0006830,2025-06-06,Omitted,Omitted
OPP-0006830,2025-06-13,Omitted,Omitted
OPP-0006830,2025-06-20,Omitted,Omitted
OPP-0006830,2025-06-27,Omitted,Omitted
OPP-0006830,2025-07-04,Omitted,Omitted
OPP-0006831,2025-03-28,Pipeline,Pipeline
OPP-0006831,2025-04-04,Best Case,Pipeline
OPP-0006831,2025-04-11,Best Case,Pipeline
OPP-0006831,2025-04-18,Pipeline,Best Case
OPP-0006831,2025-04-25,Best Case,Pipeline
OPP-0006831,2025-05-02,Pipeline,Pipeline
OPP-0006831,2025-05-09,Pipeline,Pipeline
OPP-0006831,2025-05-16,Commit,Best Case
OPP-0006831,2025-05-23,Commit,Best Case
OPP-0006831,2025-05-30,Commit,Commit
OPP-0006831,2025-06-06,Commit,Commit
OPP-0006832,2025-03-28,Best Case,Pipeline
OPP-0006832,2025-04-04,Pipeline,Pipeline
OPP-0006832,2025-04-11,Pipeline,Best Case
OPP-0006832,2025-04-18,Best Case,Best Case
OPP-0006832,2025-04-25,Commit,Commit
OPP-0006832,2025-05-02,Best Case,Best Case
OPP-0006833,2025-03-28,Pipeline,Pipeline
OPP-0006833,2025-04-04,Best Case,Best Case
OPP-0006834,2025-03-28,Best Case,Pipeline
OPP-0006834,2025-04-04,Best Case,Best Case
OPP-0006834,2025-04-11,Commit,Commit
OPP-0006843,2025-03-28,Pipeline,Best Case
OPP-0006843,2025-04-04,Best Case,Pipeline
OPP-0006843,2025-04-11,Best Case,Pipeline
OPP-0006843,2025-04-18,Best Case,Pipeline
OPP-0006843,2025-04-25,Commit,Best Case
OPP-0006844,2025-03-28,Commit,Commit
OPP-0006844,2025-04-04,Commit,Commit
OPP-0006844,2025-04-11,Commit,Commit
OPP-0006844,2025-04-18,Commit,Commit
OPP-0006844,2025-04-25,Commit,Commit
OPP-0006844,2025-05-02,Commit,Commit
OPP-0006844,2025-05-09,Commit,Best Case
OPP-0006844,2025-05-16,Commit,Best Case
OPP-0006844,2025-05-23,Commit,Best Case
OPP-0006844,2025-05-30,Commit,Best Case
OPP-0006855,2025-03-28,Commit,Commit
OPP-0006855,2025-04-04,Commit,Commit
OPP-0006855,2025-04-11,Commit,Commit
OPP-0006855,2025-04-18,Commit,Commit
OPP-0006855,2025-04-25,Commit,Commit
OPP-0006856,2025-03-28,Commit,Commit
OPP-0006856,2025-04-04,Commit,Commit
OPP-0006856,2025-04-11,Commit,Commit
OPP-0006856,2025-04-18,Commit,Commit
OPP-0006856,2025-04-25,Commit,Commit
OPP-0006856,2025-05-02,Commit,Best Case
OPP-0006856,2025-05-09,Commit,Best Case
OPP-0006856,2025-05-16,Commit,Best Case
OPP-0006856,2025-05-23,Commit,Best Case
OPP-0006856,2025-05-30,Commit,Best Case
OPP-0006856,2025-06-06,Commit,Best Case
OPP-0006856,2025-06-13,Commit,Best Case
OPP-0006857,2025-03-28,Pipeline,Omitted
OPP-0006857,2025-04-04,Pipeline,Pipeline
OPP-0006857,2025-04-11,Pipeline,Pipeline
OPP-0006857,2025-04-18,Pipeline,Pipeline
OPP-0006857,2025-04-25,Omitted,Pipeline
OPP-0006861,2025-03-28,Best Case,Best Case
OPP-0006861,2025-04-04,Best Case,Best Case
OPP-0006861,2025-04-11,Best Case,Best Case
OPP-0006861,2025-04-18,Best Case,Best Case
OPP-0006861,2025-04-25,Commit,Commit
OPP-0006861,2025-05-02,Best Case,Best Case
OPP-0006861,2025-05-09,Best Case,Best Case
OPP-0006861,2025-05-16,Commit,Commit
OPP-0006861,2025-05-23,Commit,Commit
OPP-0006861,2025-05-30,Commit,Commit
OPP-0006861,2025-06-06,Commit,Commit
OPP-0006861,2025-06-13,Commit,Commit
OPP-0006861,2025-06-20,Commit,Commit
OPP-0006861,2025-06-27,Commit,Commit
OPP-0006862,2025-03-28,Commit,Commit
OPP-0006862,2025-04-04,Commit,Commit
OPP-0006862,2025-04-11,Commit,Commit
OPP-0006862,2025-04-18,Commit,Commit
OPP-0006862,2025-04-25,Commit,Commit
OPP-0006862,2025-05-02,Commit,Best Case
OPP-0006862,2025-05-09,Commit,Commit
OPP-0006863,2025-03-28,Pipeline,Omitted
OPP-0006863,2025-04-04,Pipeline,Pipeline
OPP-0006863,2025-04-11,Pipeline,Pipeline
OPP-0006863,2025-04-18,Pipeline,Pipeline
OPP-0006872,2025-04-04,Commit,Commit
OPP-0006872,2025-04-11,Commit,Commit
OPP-0006872,2025-04-18,Commit,Commit
OPP-0006872,2025-04-25,Commit,Commit
OPP-0006872,2025-05-02,Commit,Commit
OPP-0006872,2025-05-09,Commit,Commit
OPP-0006872,2025-05-16,Commit,Commit
OPP-0006872,2025-05-23,Commit,Commit
OPP-0006872,2025-05-30,Commit,Commit
OPP-0006873,2025-04-04,Pipeline,Pipeline
OPP-0006873,2025-04-11,Best Case,Best Case
OPP-0006874,2025-04-04,Best Case,Best Case
OPP-0006874,2025-04-11,Commit,Best Case
OPP-0006874,2025-04-18,Commit,Best Case
OPP-0006874,2025-04-25,Commit,Best Case
OPP-0006875,2025-04-04,Commit,Commit
OPP-0006875,2025-04-11,Commit,Commit
OPP-0006875,2025-04-18,Commit,Commit
OPP-0006875,2025-04-25,Commit,Commit
OPP-0006876,2025-04-04,Commit,Commit
OPP-0006876,2025-04-11,Commit,Commit
OPP-0006876,2025-04-18,Commit,Commit
OPP-0006876,2025-04-25,Commit,Commit
OPP-0006877,2025-04-04,Pipeline,Pipeline
OPP-0006877,2025-04-11,Best Case,Best Case
OPP-0006877,2025-04-18,Commit,Pipeline
OPP-0006877,2025-04-25,Pipeline,Pipeline
OPP-0006877,2025-05-02,Commit,Commit
OPP-0006877,2025-05-09,Commit,Commit
OPP-0006878,2025-04-04,Pipeline,Pipeline
OPP-0006878,2025-04-11,Omitted,Omitted
OPP-0006878,2025-04-18,Pipeline,Pipeline
OPP-0006878,2025-04-25,Best Case,Best Case
OPP-0006879,2025-04-04,Pipeline,Best Case
OPP-0006879,2025-04-11,Best Case,Best Case
OPP-0006879,2025-04-18,Best Case,Best Case
OPP-0006879,2025-04-25,Best Case,Best Case
OPP-0006880,2025-04-04,Commit,Commit
OPP-0006880,2025-04-11,Commit,Commit
OPP-0006880,2025-04-18,Commit,Commit
OPP-0006880,2025-04-25,Commit,Commit
OPP-0006881,2025-04-04,Pipeline,Omitted
OPP-0006881,2025-04-11,Omitted,Omitted
OPP-0006881,2025-04-18,Omitted,Pipeline
OPP-0006881,2025-04-25,Omitted,Pipeline
OPP-0006881,2025-05-02,Omitted,Omitted
OPP-0006881,2025-05-09,Omitted,Omitted
OPP-0006881,2025-05-16,Omitted,Omitted
OPP-0006881,2025-05-23,Omitted,Omitted
OPP-0006881,2025-05-30,Omitted,Omitted
OPP-0006881,2025-06-06,Omitted,Omitted
OPP-0006881,2025-06-13,Omitted,Omitted
OPP-0006881,2025-06-20,Omitted,Omitted
OPP-0006881,2025-06-27,Omitted,Omitted
OPP-0006881,2025-07-04,Omitted,Omitted
OPP-0006881,2025-07-11,Omitted,Omitted
OPP-0006881,2025-07-18,Pipeline,Omitted
OPP-0006881,2025-07-25,Pipeline,Pipeline
OPP-0006881,2025-08-01,Best Case,Best Case
OPP-0006881,2025-08-08,Best Case,Best Case
OPP-0006882,2025-04-04,Pipeline,Pipeline
OPP-0006882,2025-04-11,Best Case,Best Case
OPP-0006882,2025-04-18,Best Case,Best Case
OPP-0006882,2025-04-25,Best Case,Best Case
OPP-0006882,2025-05-02,Best Case,Pipeline
OPP-0006883,2025-04-04,Commit,Commit
OPP-0006883,2025-04-11,Commit,Commit
OPP-0006883,2025-04-18,Commit,Commit
OPP-0006883,2025-04-25,Commit,Commit
OPP-0006884,2025-04-04,Commit,Commit
OPP-0006884,2025-04-11,Commit,Commit
OPP-0006884,2025-04-18,Commit,Commit
OPP-0006884,2025-04-25,Commit,Commit
OPP-0006885,2025-04-04,Commit,Commit
OPP-0006885,2025-04-11,Commit,Commit
OPP-0006885,2025-04-18,Commit,Commit
OPP-0006885,2025-04-25,Commit,Commit
OPP-0006885,2025-05-02,Commit,Commit
OPP-0006885,2025-05-09,Commit,Commit
OPP-0006885,2025-05-16,Commit,Best Case
OPP-0006885,2025-05-23,Commit,Commit
OPP-0006885,2025-05-30,Commit,Commit
OPP-0006888,2025-04-04,Commit,Commit
OPP-0006888,2025-04-11,Commit,Commit
OPP-0006888,2025-04-18,Commit,Commit
OPP-0006888,2025-04-25,Commit,Commit
OPP-0006889,2025-04-04,Pipeline,Pipeline
OPP-0006889,2025-04-11,Best Case,Best Case
OPP-0006889,2025-04-18,Commit,Pipeline
OPP-0006890,2025-04-04,Omitted,Omitted
OPP-0006890,2025-04-11,Omitted,Omitted
OPP-0006890,2025-04-18,Omitted,Omitted
OPP-0006890,2025-04-25,Omitted,Omitted
OPP-0006890,2025-05-02,Pipeline,Omitted
OPP-0006890,2025-05-09,Omitted,Omitted
OPP-0006890,2025-05-16,Pipeline,Pipeline
OPP-0006890,2025-05-23,Pipeline,Pipeline
OPP-0006890,2025-05-30,Omitted,Pipeline
OPP-0006890,2025-06-06,Omitted,Omitted
OPP-0006890,2025-06-13,Omitted,Omitted
OPP-0006890,2025-06-20,Omitted,Omitted
OPP-0006890,2025-06-27,Pipeline,Omitted
OPP-0006890,2025-07-04,Omitted,Omitted
OPP-0006890,2025-07-11,Best Case,Pipeline
OPP-0006890,2025-07-18,Pipeline,Pipeline
OPP-0006890,2025-07-25,Pipeline,Pipeline
OPP-0006890,2025-08-01,Omitted,Pipeline
OPP-0006890,2025-08-08,Best Case,Best Case
OPP-0006890,2025-08-15,Best Case,Best Case
OPP-0006890,2025-08-22,Commit,Commit
OPP-0006890,2025-08-29,Best Case,Best Case
OPP-0006890,2025-09-05,Best Case,Best Case
OPP-0006898,2025-04-04,Commit,Commit
OPP-0006898,2025-04-11,Commit,Commit
OPP-0006898,2025-04-18,Commit,Commit
OPP-0006898,2025-04-25,Commit,Commit
OPP-0006899,2025-04-04,Commit,Commit
OPP-0006899,2025-04-11,Commit,Commit
OPP-0006899,2025-04-18,Commit,Commit
OPP-0006899,2025-04-25,Commit,Commit
OPP-0006900,2025-04-04,Best Case,Best Case
OPP-0006900,2025-04-11,Pipeline,Pipeline
OPP-0006900,2025-04-18,Best Case,Best Case
OPP-0006900,2025-04-25,Commit,Best Case
OPP-0006901,2025-04-04,Pipeline,Pipeline
OPP-0006901,2025-04-11,Best Case,Best Case
OPP-0006902,2025-04-04,Pipeline,Pipeline
OPP-0006902,2025-04-11,Pipeline,Pipeline
OPP-0006902,2025-04-18,Pipeline,Pipeline
OPP-0006902,2025-04-25,Pipeline,Pipeline
OPP-0006902,2025-05-02,Pipeline,Pipeline
OPP-0006902,2025-05-09,Best Case,Best Case
OPP-0006902,2025-05-16,Best Case,Best Case
OPP-0006902,2025-05-23,Pipeline,Pipeline
OPP-0006902,2025-05-30,Commit,Best Case
OPP-0006902,2025-06-06,Best Case,Best Case
OPP-0006909,2025-04-04,Pipeline,Pipeline
OPP-0006909,2025-04-11,Best Case,Best Case
OPP-0006909,2025-04-18,Best Case,Best Case
OPP-0006909,2025-04-25,Commit,Commit
OPP-0006909,2025-05-02,Best Case,Pipeline
OPP-0006917,2025-04-11,Best Case,Pipeline
OPP-0006917,2025-04-18,Commit,Commit
OPP-0006917,2025-04-25,Best Case,Best Case
OPP-0006918,2025-04-11,Best Case,Best Case
OPP-0006918,2025-04-18,Commit,Pipeline
OPP-0006918,2025-04-25,Pipeline,Pipeline
OPP-0006918,2025-05-02,Best Case,Best Case
OPP-0006918,2025-05-09,Best Case,Best Case
OPP-0006918,2025-05-16,Best Case,Best Case
OPP-0006918,2025-05-23,Pipeline,Pipeline
OPP-0006918,2025-05-30,Best Case,Best Case
OPP-0006918,2025-06-06,Pipeline,Pipeline
OPP-0006918,2025-06-13,Best Case,Best Case
OPP-0006918,2025-06-20,Best Case,Best Case
OPP-0006918,2025-06-27,Pipeline,Pipeline
OPP-0006918,2025-07-04,Pipeline,Best Case
OPP-0006918,2025-07-11,Best Case,Best Case
OPP-0006918,2025-07-18,Pipeline,Pipeline
OPP-0006918,2025-07-25,Pipeline,Pipeline
OPP-0006918,2025-08-01,Omitted,Pipeline
OPP-0006918,2025-08-08,Omitted,Pipeline
OPP-0006918,2025-08-15,Pipeline,Pipeline
OPP-0006918,2025-08-22,Omitted,Omitted
OPP-0006918,2025-08-29,Pipeline,Omitted
OPP-0006918,2025-09-05,Pipeline,Pipeline
OPP-0006918,2025-09-12,Best Case,Best Case
OPP-0006918,2025-09-19,Pipeline,Pipeline
OPP-0006919,2025-04-11,Pipeline,Pipeline
OPP-0006919,2025-04-18,Best Case,Best Case
OPP-0006919,2025-04-25,Commit,Pipeline
OPP-0006919,2025-05-02,Best Case,Best Case
OPP-0006919,2025-05-09,Best Case,Pipeline
OPP-0006919,2025-05-16,Best Case,Pipeline
OPP-0006919,2025-05-23,Best Case,Pipeline
OPP-0006919,2025-05-30,Pipeline,Pipeline
OPP-0006919,2025-06-06,Pipeline,Pipeline
OPP-0006919,2025-06-13,Best Case,Best Case
OPP-0006919,2025-06-20,Pipeline,Pipeline
OPP-0006919,2025-06-27,Pipeline,Omitted
OPP-0006919,2025-07-04,Pipeline,Pipeline
OPP-0006919,2025-07-11,Pipeline,Pipeline
OPP-0006919,2025-07-18,Pipeline,Pipeline
OPP-0006919,2025-07-25,Pipeline,Pipeline
OPP-0006919,2025-08-01,Pipeline,Pipeline
OPP-0006919,2025-08-08,Best Case,Omitted
OPP-0006919,2025-08-15,Best Case,Best Case
OPP-0006919,2025-08-22,Best Case,Pipeline
OPP-0006920,2025-04-11,Omitted,Omitted
OPP-0006920,2025-04-18,Omitted,Omitted
OPP-0006920,2025-04-25,Omitted,Omitted
OPP-0006920,2025-05-02,Omitted,Omitted
OPP-0006920,2025-05-09,Omitted,Omitted
OPP-0006920,2025-05-16,Omitted,Omitted
OPP-0006920,2025-05-23,Omitted,Omitted
OPP-0006920,2025-05-30,Omitted,Omitted
OPP-0006920,2025-06-06,Omitted,Omitted
OPP-0006920,2025-06-13,Omitted,Omitted
OPP-0006920,2025-06-20,Omitted,Omitted
OPP-0006920,2025-06-27,Omitted,Omitted
OPP-0006920,2025-07-04,Omitted,Omitted
OPP-0006920,2025-07-11,Omitted,Omitted
OPP-0006920,2025-07-18,Omitted,Omitted
OPP-0006920,2025-07-25,Omitted,Omitted
OPP-0006920,2025-08-01,Omitted,Omitted
OPP-0006920,2025-08-08,Omitted,Omitted
OPP-0006920,2025-08-15,Omitted,Omitted
OPP-0006920,2025-08-22,Omitted,Omitted
OPP-0006920,2025-08-29,Omitted,Omitted
OPP-0006920,2025-09-05,Omitted,Omitted
OPP-0006921,2025-04-11,Pipeline,Pipeline
OPP-0006921,2025-04-18,Best Case,Pipeline
OPP-0006921,2025-04-25,Best Case,Pipeline
OPP-0006921,2025-05-02,Best Case,Pipeline
OPP-0006921,2025-05-09,Commit,Best Case
OPP-0006921,2025-05-16,Best Case,Pipeline
OPP-0006921,2025-05-23,Commit,Best Case
OPP-0006921,2025-05-30,Commit,Best Case
OPP-0006926,2025-04-11,Commit,Commit
OPP-0006926,2025-04-18,Commit,Commit
OPP-0006926,2025-04-25,Commit,Commit
OPP-0006927,2025-04-11,Omitted,Omitted
OPP-0006927,2025-04-18,Omitted,Omitted
OPP-0006927,2025-04-25,Pipeline,Omitted
OPP-0006927,2025-05-02,Pipeline,Omitted
OPP-0006927,2025-05-09,Pipeline,Pipeline
OPP-0006927,2025-05-16,Pipeline,Pipeline
OPP-0006927,2025-05-23,Pipeline,Pipeline
OPP-0006927,2025-05-30,Commit,Best Case
OPP-0006927,2025-06-06,Best Case,Best Case
OPP-0006927,2025-06-13,Commit,Commit
OPP-0006927,2025-06-20,Best Case,Best Case
OPP-0006927,2025-06-27,Commit,Commit
OPP-0006928,2025-04-11,Best Case,Pipeline
OPP-0006928,2025-04-18,Best Case,Pipeline
OPP-0006928,2025-04-25,Commit,Pipeline
OPP-0006928,2025-05-02,Best Case,Pipeline
OPP-0006928,2025-05-09,Commit,Best Case
OPP-0006928,2025-05-16,Commit,Best Case
OPP-0006928,2025-05-23,Commit,Best Case
OPP-0006928,2025-05-30,Commit,Best Case
OPP-0006928,2025-06-06,Commit,Best Case
OPP-0006928,2025-06-13,Commit,Best Case
OPP-0006928,2025-06-20,Commit,Commit
OPP-0006936,2025-04-11,Commit,Commit
OPP-0006936,2025-04-18,Commit,Commit
OPP-0006936,2025-04-25,Commit,Commit
OPP-0006937,2025-04-11,Commit,Commit
OPP-0006937,2025-04-18,Commit,Commit
OPP-0006937,2025-04-25,Commit,Commit
OPP-0006938,2025-04-11,Pipeline,Pipeline
OPP-0006938,2025-04-18,Best Case,Best Case
OPP-0006938,2025-04-25,Best Case,Best Case
OPP-0006938,2025-05-02,Best Case,Best Case
OPP-0006938,2025-05-09,Commit,Commit
OPP-0006938,2025-05-16,Pipeline,Best Case
OPP-0006939,2025-04-11,Commit,Commit
OPP-0006939,2025-04-18,Commit,Commit
OPP-0006939,2025-04-25,Commit,Commit
OPP-0006939,2025-05-02,Commit,Commit
OPP-0006939,2025-05-09,Commit,Commit
OPP-0006939,2025-05-16,Commit,Commit
OPP-0006939,2025-05-23,Commit,Best Case
OPP-0006939,2025-05-30,Commit,Best Case
OPP-0006939,2025-06-06,Commit,Commit
OPP-0006939,2025-06-13,Commit,Commit
OPP-0006939,2025-06-20,Commit,Commit
OPP-0006939,2025-06-27,Commit,Best Case
OPP-0006946,2025-04-11,Commit,Commit
OPP-0006946,2025-04-18,Commit,Commit
OPP-0006946,2025-04-25,Commit,Commit
OPP-0006947,2025-04-11,Pipeline,Pipeline
OPP-0006947,2025-04-18,Pipeline,Pipeline
OPP-0006947,2025-04-25,Pipeline,Pipeline
OPP-0006947,2025-05-02,Best Case,Best Case
OPP-0006948,2025-04-11,Pipeline,Omitted
OPP-0006948,2025-04-18,Pipeline,Pipeline
OPP-0006949,2025-04-11,Commit,Pipeline
OPP-0006949,2025-04-18,Commit,Pipeline
OPP-0006949,2025-04-25,Commit,Pipeline
OPP-0006955,2025-04-11,Pipeline,Omitted
OPP-0006955,2025-04-18,Best Case,Best Case
OPP-0006955,2025-04-25,Best Case,Pipeline
OPP-0006955,2025-05-02,Pipeline,Pipeline
OPP-0006955,2025-05-09,Pipeline,Pipeline
OPP-0006956,2025-04-11,Pipeline,Pipeline
OPP-0006956,2025-04-18,Best Case,Best Case
OPP-0006956,2025-04-25,Best Case,Best Case
OPP-0006956,2025-05-02,Best Case,Best Case
OPP-0006957,2025-04-11,Omitted,Omitted
OPP-0006957,2025-04-18,Omitted,Omitted
OPP-0006957,2025-04-25,Omitted,Omitted
OPP-0006957,2025-05-02,Omitted,Omitted
OPP-0006957,2025-05-09,Omitted,Omitted
OPP-0006957,2025-05-16,Omitted,Omitted
OPP-0006957,2025-05-23,Omitted,Omitted
OPP-0006957,2025-05-30,Omitted,Omitted
OPP-0006957,2025-06-06,Pipeline,Omitted
OPP-0006958,2025-04-11,Commit,Commit
OPP-0006958,2025-04-18,Commit,Commit
OPP-0006958,2025-04-25,Commit,Commit
OPP-0006958,2025-05-02,Commit,Commit
OPP-0006958,2025-05-09,Commit,Commit
OPP-0006958,2025-05-16,Commit,Commit
OPP-0006958,2025-05-23,Commit,Commit
OPP-0006958,2025-05-30,Commit,Commit
OPP-0006958,2025-06-06,Commit,Commit
OPP-0006958,2025-06-13,Commit,Commit
OPP-0006958,2025-06-20,Commit,Commit
OPP-0006958,2025-06-27,Commit,Commit
OPP-0006969,2025-04-11,Commit,Best Case
OPP-0006969,2025-04-18,Commit,Best Case
OPP-0006969,2025-04-25,Commit,Commit
OPP-0006970,2025-04-11,Commit,Commit
OPP-0006970,2025-04-18,Commit,Commit
OPP-0006970,2025-04-25,Commit,Commit
OPP-0006971,2025-04-11,Best Case,Best Case
OPP-0006971,2025-04-18,Pipeline,Pipeline
OPP-0006971,2025-04-25,Commit,Commit
OPP-0006971,2025-05-02,Best Case,Best Case
OPP-0006971,2025-05-09,Best Case,Best Case
OPP-0006972,2025-04-11,Commit,Commit
OPP-0006972,2025-04-18,Commit,Commit
OPP-0006972,2025-04-25,Commit,Commit
OPP-0006972,2025-05-02,Commit,Commit
OPP-0006972,2025-05-09,Commit,Commit
OPP-0006972,2025-05-16,Commit,Commit
OPP-0006972,2025-05-23,Commit,Commit
OPP-0006972,2025-05-30,Commit,Commit
OPP-0006972,2025-06-06,Commit,Commit
OPP-0006972,2025-06-13,Commit,Commit
OPP-0006972,2025-06-20,Commit,Commit
OPP-0006972,2025-06-27,Commit,Commit
OPP-0006980,2025-04-11,Commit,Best Case
OPP-0006980,2025-04-18,Commit,Best Case
OPP-0006980,2025-04-25,Commit,Best Case
OPP-0006981,2025-04-11,Pipeline,Omitted
OPP-0006981,2025-04-18,Pipeline,Omitted
OPP-0006981,2025-04-25,Pipeline,Pipeline
OPP-0006981,2025-05-02,Pipeline,Pipeline
OPP-0006982,2025-04-11,Pipeline,Pipeline
OPP-0006982,2025-04-18,Omitted,Omitted
OPP-0006982,2025-04-25,Pipeline,Pipeline
OPP-0006982,2025-05-02,Best Case,Best Case
OPP-0006982,2025-05-09,Best Case,Best Case
OPP-0006982,2025-05-16,Best Case,Best Case
OPP-0006986,2025-04-18,Commit,Commit
OPP-0006986,2025-04-25,Commit,Commit
OPP-0006987,2025-04-18,Commit,Commit
OPP-0006987,2025-04-25,Commit,Commit
OPP-0006987,2025-05-02,Commit,Commit
OPP-0006987,2025-05-09,Commit,Commit
OPP-0006987,2025-05-16,Commit,Commit
OPP-0006987,2025-05-23,Commit,Commit
OPP-0006987,2025-05-30,Commit,Commit
OPP-0006987,2025-06-06,Commit,Commit
OPP-0006987,2025-06-13,Commit,Commit
OPP-0006987,2025-06-20,Commit,Commit
OPP-0006987,2025-06-27,Commit,Commit
OPP-0006996,2025-04-18,Commit,Commit
OPP-0006996,2025-04-25,Commit,Commit
OPP-0006996,2025-05-02,Commit,Commit
OPP-0006996,2025-05-09,Commit,Commit
OPP-0006996,2025-05-16,Commit,Commit
OPP-0006996,2025-05-23,Commit,Best Case
OPP-0006996,2025-05-30,Commit,Commit
OPP-0006997,2025-04-18,Commit,Commit
OPP-0006997,2025-04-25,Commit,Commit
OPP-0006997,2025-05-02,Commit,Commit
OPP-0006997,2025-05-09,Commit,Commit
OPP-0006997,2025-05-16,Commit,Commit
OPP-0006997,2025-05-23,Commit,Commit
OPP-0006997,2025-05-30,Commit,Commit
OPP-0006997,2025-06-06,Commit,Commit
OPP-0006997,2025-06-13,Commit,Commit
OPP-0006997,2025-06-20,Commit,Commit
OPP-0006997,2025-06-27,Commit,Commit
OPP-0007002,2025-04-18,Pipeline,Pipeline
OPP-0007002,2025-04-25,Pipeline,Best Case
OPP-0007007,2025-04-18,Best Case,Best Case
OPP-0007007,2025-04-25,Pipeline,Best Case
OPP-0007007,2025-05-02,Pipeline,Best Case
OPP-0007008,2025-04-18,Pipeline,Pipeline
OPP-0007008,2025-04-25,Best Case,Best Case
OPP-0007008,2025-05-02,Best Case,Best Case
OPP-0007009,2025-04-18,Commit,Commit
OPP-0007009,2025-04-25,Commit,Commit
OPP-0007009,2025-05-02,Commit,Commit
OPP-0007009,2025-05-09,Commit,Commit
OPP-0007009,2025-05-16,Commit,Commit
OPP-0007009,2025-05-23,Commit,Commit
OPP-0007009,2025-05-30,Commit,Commit
OPP-0007009,2025-06-06,Commit,Commit
OPP-0007009,2025-06-13,Commit,Commit
OPP-0007016,2025-04-18,Commit,Commit
OPP-0007016,2025-04-25,Commit,Commit
OPP-0007017,2025-04-18,Commit,Commit
OPP-0007017,2025-04-25,Commit,Commit
OPP-0007017,2025-05-02,Commit,Commit
OPP-0007017,2025-05-09,Commit,Commit
OPP-0007017,2025-05-16,Commit,Commit
OPP-0007017,2025-05-23,Commit,Commit
OPP-0007017,2025-05-30,Commit,Commit
OPP-0007017,2025-06-06,Commit,Commit
OPP-0007017,2025-06-13,Commit,Commit
OPP-0007018,2025-04-18,Commit,Commit
OPP-0007018,2025-04-25,Commit,Commit
OPP-0007018,2025-05-02,Commit,Commit
OPP-0007018,2025-05-09,Commit,Commit
OPP-0007018,2025-05-16,Commit,Commit
OPP-0007018,2025-05-23,Commit,Commit
OPP-0007018,2025-05-30,Commit,Commit
OPP-0007018,2025-06-06,Commit,Best Case
OPP-0007018,2025-06-13,Commit,Best Case
OPP-0007018,2025-06-20,Commit,Commit
OPP-0007018,2025-06-27,Commit,Commit
OPP-0007019,2025-04-18,Commit,Commit
OPP-0007019,2025-04-25,Commit,Commit
OPP-0007019,2025-05-02,Commit,Commit
OPP-0007019,2025-05-09,Commit,Commit
OPP-0007019,2025-05-16,Commit,Commit
OPP-0007019,2025-05-23,Commit,Commit
OPP-0007019,2025-05-30,Commit,Commit
OPP-0007027,2025-04-18,Commit,Commit
OPP-0007027,2025-04-25,Commit,Commit
OPP-0007027,2025-05-02,Commit,Commit
OPP-0007027,2025-05-09,Commit,Commit
OPP-0007027,2025-05-16,Commit,Commit
OPP-0007027,2025-05-23,Commit,Commit
OPP-0007027,2025-05-30,Commit,Commit
OPP-0007027,2025-06-06,Commit,Commit
OPP-0007027,2025-06-13,Commit,Commit
OPP-0007027,2025-06-20,Commit,Commit
OPP-0007027,2025-06-27,Commit,Commit
OPP-0007027,2025-07-04,Commit,Commit
OPP-0007027,2025-07-11,Commit,Commit
OPP-0007027,2025-07-18,Commit,Commit
OPP-0007027,2025-07-25,Commit,Commit
OPP-0007027,2025-08-01,Commit,Commit
OPP-0007027,2025-08-08,Commit,Commit
OPP-0007027,2025-08-15,Commit,Commit
OPP-0007027,2025-08-22,Commit,Commit
OPP-0007027,2025-08-29,Commit,Commit
OPP-0007027,2025-09-05,Commit,Commit
OPP-0007028,2025-04-18,Commit,Best Case
OPP-0007028,2025-04-25,Best Case,Pipeline
OPP-0007028,2025-05-02,Commit,Best Case
OPP-0007028,2025-05-09,Best Case,Pipeline
OPP-0007028,2025-05-16,Commit,Best Case
OPP-0007028,2025-05-23,Commit,Best Case
OPP-0007028,2025-05-30,Commit,Best Case
OPP-0007028,2025-06-06,Commit,Commit
OPP-0007028,2025-06-13,Commit,Commit
OPP-0007028,2025-06-20,Commit,Commit
OPP-0007028,2025-06-27,Commit,Commit
OPP-0007028,2025-07-04,Commit,Best Case
OPP-0007028,2025-07-11,Commit,Best Case
OPP-0007029,2025-04-18,Commit,Commit
OPP-0007029,2025-04-25,Commit,Commit
OPP-0007029,2025-05-02,Commit,Commit
OPP-0007029,2025-05-09,Commit,Commit
OPP-0007029,2025-05-16,Commit,Commit
OPP-0007029,2025-05-23,Commit,Commit
OPP-0007029,2025-05-30,Commit,Commit
OPP-0007035,2025-04-18,Pipeline,Pipeline
OPP-0007035,2025-04-25,Pipeline,Pipeline
OPP-0007035,2025-05-02,Pipeline,Pipeline
OPP-0007035,2025-05-09,Best Case,Best Case
OPP-0007035,2025-05-16,Best Case,Best Case
OPP-0007035,2025-05-23,Best Case,Best Case
OPP-0007036,2025-04-18,Pipeline,Omitted
OPP-0007036,2025-04-25,Pipeline,Pipeline
OPP-0007036,2025-05-02,Pipeline,Omitted
OPP-0007036,2025-05-09,Pipeline,Pipeline
OPP-0007036,2025-05-16,Best Case,Best Case
OPP-0007036,2025-05-23,Pipeline,Pipeline
OPP-0007037,2025-04-18,Omitted,Omitted
OPP-0007037,2025-04-25,Omitted,Omitted
OPP-0007037,2025-05-02,Pipeline,Pipeline
OPP-0007037,2025-05-09,Pipeline,Pipeline
OPP-0007037,2025-05-16,Pipeline,Omitted
OPP-0007037,2025-05-23,Pipeline,Pipeline
OPP-0007037,2025-05-30,Best Case,Pipeline
OPP-0007037,2025-06-06,Pipeline,Pipeline
OPP-0007037,2025-06-13,Omitted,Pipeline
OPP-0007037,2025-06-20,Pipeline,Pipeline
OPP-0007037,2025-06-27,Best Case,Best Case
OPP-0007037,2025-07-04,Best Case,Best Case
OPP-0007037,2025-07-11,Best Case,Best Case
OPP-0007037,2025-07-18,Best Case,Best Case
OPP-0007037,2025-07-25,Best Case,Best Case
OPP-0007037,2025-08-01,Commit,Commit
OPP-0007037,2025-08-08,Commit,Commit
OPP-0007038,2025-04-18,Commit,Commit
OPP-0007038,2025-04-25,Commit,Commit
OPP-0007038,2025-05-02,Commit,Best Case
OPP-0007038,2025-05-09,Best Case,Pipeline
OPP-0007038,2025-05-16,Commit,Best Case
OPP-0007039,2025-04-18,Commit,Commit
OPP-0007039,2025-04-25,Commit,Commit
OPP-0007039,2025-05-02,Commit,Commit
OPP-0007039,2025-05-09,Commit,Commit
OPP-0007039,2025-05-16,Commit,Commit
OPP-0007039,2025-05-23,Commit,Commit
OPP-0007039,2025-05-30,Commit,Commit
OPP-0007060,2025-04-25,Pipeline,Omitted
OPP-0007060,2025-05-02,Pipeline,Omitted
OPP-0007060,2025-05-09,Pipeline,Omitted
OPP-0007060,2025-05-16,Omitted,Pipeline
OPP-0007060,2025-05-23,Pipeline,Omitted
OPP-0007060,2025-05-30,Omitted,Omitted
OPP-0007060,2025-06-06,Pipeline,Omitted
OPP-0007060,2025-06-13,Omitted,Pipeline
OPP-0007060,2025-06-20,Omitted,Omitted
OPP-0007060,2025-06-27,Pipeline,Pipeline
OPP-0007060,2025-07-04,Pipeline,Pipeline
OPP-0007060,2025-07-11,Omitted,Pipeline
OPP-0007060,2025-07-18,Pipeline,Pipeline
OPP-0007060,2025-07-25,Best Case,Best Case
OPP-0007060,2025-08-01,Pipeline,Omitted
OPP-0007060,2025-08-08,Omitted,Omitted
OPP-0007060,2025-08-15,Omitted,Omitted
OPP-0007060,2025-08-22,Omitted,Omitted
OPP-0007061,2025-04-25,Commit,Commit
OPP-0007061,2025-05-02,Commit,Commit
OPP-0007061,2025-05-09,Commit,Commit
OPP-0007061,2025-05-16,Commit,Commit
OPP-0007061,2025-05-23,Commit,Commit
OPP-0007061,2025-05-30,Commit,Commit
OPP-0007061,2025-06-06,Commit,Commit
OPP-0007062,2025-04-25,Commit,Best Case
OPP-0007062,2025-05-02,Commit,Best Case
OPP-0007062,2025-05-09,Commit,Commit
OPP-0007062,2025-05-16,Commit,Best Case
OPP-0007062,2025-05-23,Commit,Commit
OPP-0007062,2025-05-30,Commit,Best Case
OPP-0007062,2025-06-06,Commit,Best Case
OPP-0007062,2025-06-13,Commit,Commit
OPP-0007062,2025-06-20,Commit,Commit
OPP-0007063,2025-04-25,Omitted,Pipeline
OPP-0007063,2025-05-02,Best Case,Pipeline
OPP-0007063,2025-05-09,Best Case,Pipeline
OPP-0007063,2025-05-16,Commit,Best Case
OPP-0007063,2025-05-23,Commit,Best Case
OPP-0007063,2025-05-30,Commit,Best Case
OPP-0007063,2025-06-06,Best Case,Pipeline
OPP-0007063,2025-06-13,Best Case,Pipeline
OPP-0007063,2025-06-20,Best Case,Pipeline
OPP-0007063,2025-06-27,Commit,Pipeline
OPP-0007064,2025-04-25,Commit,Best Case
OPP-0007064,2025-05-02,Best Case,Best Case
OPP-0007064,2025-05-09,Best Case,Best Case
OPP-0007064,2025-05-16,Commit,Pipeline
OPP-0007064,2025-05-23,Commit,Pipeline
OPP-0007064,2025-05-30,Best Case,Best Case
OPP-0007064,2025-06-06,Commit,Commit
OPP-0007064,2025-06-13,Best Case,Best Case
OPP-0007064,2025-06-20,Best Case,Best Case
OPP-0007064,2025-06-27,Best Case,Best Case
OPP-0007064,2025-07-04,Best Case,Best Case
OPP-0007064,2025-07-11,Best Case,Best Case
OPP-0007064,2025-07-18,Best Case,Best Case
OPP-0007064,2025-07-25,Best Case,Best Case
OPP-0007064,2025-08-01,Best Case,Best Case
OPP-0007064,2025-08-08,Best Case,Best Case
OPP-0007064,2025-08-15,Best Case,Best Case
OPP-0007064,2025-08-22,Best Case,Best Case
OPP-0007064,2025-08-29,Best Case,Best Case
OPP-0007064,2025-09-05,Pipeline,Pipeline
OPP-0007064,2025-09-12,Pipeline,Pipeline
OPP-0007064,2025-09-19,Best Case,Commit
OPP-0007064,2025-09-26,Commit,Best Case
OPP-0007064,2025-10-03,Best Case,Best Case
OPP-0007064,2025-10-10,Best Case,Best Case
OPP-0007070,2025-04-25,Commit,Commit
OPP-0007070,2025-05-02,Commit,Commit
OPP-0007070,2025-05-09,Commit,Commit
OPP-0007070,2025-05-16,Commit,Commit
OPP-0007070,2025-05-23,Commit,Commit
OPP-0007070,2025-05-30,Commit,Commit
OPP-0007071,2025-04-25,Pipeline,Omitted
OPP-0007071,2025-05-02,Best Case,Best Case
OPP-0007071,2025-05-09,Best Case,Best Case
OPP-0007071,2025-05-16,Best Case,Best Case
OPP-0007072,2025-04-25,Pipeline,Omitted
OPP-0007072,2025-05-02,Pipeline,Omitted
OPP-0007072,2025-05-09,Omitted,Omitted
OPP-0007072,2025-05-16,Omitted,Omitted
OPP-0007072,2025-05-23,Omitted,Pipeline
OPP-0007072,2025-05-30,Omitted,Pipeline
OPP-0007072,2025-06-06,Best Case,Best Case
OPP-0007072,2025-06-13,Pipeline,Pipeline
OPP-0007072,2025-06-20,Pipeline,Pipeline
OPP-0007072,2025-06-27,Pipeline,Pipeline
OPP-0007072,2025-07-04,Commit,Best Case
OPP-0007072,2025-07-11,Commit,Best Case
OPP-0007072,2025-07-18,Best Case,Best Case
OPP-0007072,2025-07-25,Commit,Best Case
OPP-0007073,2025-04-25,Best Case,Best Case
OPP-0007073,2025-05-02,Best Case,Best Case
OPP-0007073,2025-05-09,Best Case,Best Case
OPP-0007073,2025-05-16,Best Case,Best Case
OPP-0007073,2025-05-23,Commit,Commit
OPP-0007073,2025-05-30,Best Case,Best Case
OPP-0007074,2025-04-25,Best Case,Best Case
OPP-0007074,2025-05-02,Best Case,Best Case
OPP-0007074,2025-05-09,Commit,Commit
OPP-0007080,2025-04-25,Commit,Commit
OPP-0007080,2025-05-02,Commit,Commit
OPP-0007080,2025-05-09,Commit,Commit
OPP-0007080,2025-05-16,Commit,Commit
OPP-0007080,2025-05-23,Commit,Commit
OPP-0007080,2025-05-30,Commit,Commit
OPP-0007081,2025-04-25,Commit,Commit
OPP-0007081,2025-05-02,Commit,Commit
OPP-0007081,2025-05-09,Commit,Best Case
OPP-0007081,2025-05-16,Commit,Best Case
OPP-0007081,2025-05-23,Commit,Best Case
OPP-0007081,2025-05-30,Commit,Best Case
OPP-0007082,2025-04-25,Commit,Commit
OPP-0007082,2025-05-02,Commit,Commit
OPP-0007082,2025-05-09,Commit,Commit
OPP-0007082,2025-05-16,Commit,Commit
OPP-0007082,2025-05-23,Commit,Commit
OPP-0007082,2025-05-30,Commit,Commit
OPP-0007083,2025-04-25,Best Case,Best Case
OPP-0007083,2025-05-02,Pipeline,Pipeline
OPP-0007083,2025-05-09,Best Case,Best Case
OPP-0007083,2025-05-16,Best Case,Best Case
OPP-0007083,2025-05-23,Best Case,Best Case
OPP-0007083,2025-05-30,Commit,Best Case
OPP-0007084,2025-04-25,Commit,Commit
OPP-0007084,2025-05-02,Commit,Commit
OPP-0007084,2025-05-09,Commit,Commit
OPP-0007084,2025-05-16,Commit,Commit
OPP-0007084,2025-05-23,Commit,Commit
OPP-0007084,2025-05-30,Commit,Commit
OPP-0007085,2025-04-25,Pipeline,Omitted
OPP-0007085,2025-05-02,Pipeline,Omitted
OPP-0007085,2025-05-09,Pipeline,Pipeline
OPP-0007085,2025-05-16,Best Case,Omitted
OPP-0007085,2025-05-23,Pipeline,Pipeline
OPP-0007085,2025-05-30,Pipeline,Pipeline
OPP-0007095,2025-04-25,Omitted,Omitted
OPP-0007095,2025-05-02,Pipeline,Omitted
OPP-0007095,2025-05-09,Best Case,Pipeline
OPP-0007096,2025-04-25,Omitted,Omitted
OPP-0007096,2025-05-02,Pipeline,Omitted
OPP-0007096,2025-05-09,Omitted,Pipeline
OPP-0007096,2025-05-16,Omitted,Pipeline
OPP-0007096,2025-05-23,Pipeline,Pipeline
OPP-0007096,2025-05-30,Best Case,Pipeline
OPP-0007097,2025-04-25,Best Case,Best Case
OPP-0007097,2025-05-02,Pipeline,Pipeline
OPP-0007097,2025-05-09,Pipeline,Pipeline
OPP-0007097,2025-05-16,Best Case,Best Case
OPP-0007097,2025-05-23,Pipeline,Pipeline
OPP-0007097,2025-05-30,Best Case,Best Case
OPP-0007097,2025-06-06,Best Case,Best Case
OPP-0007097,2025-06-13,Best Case,Best Case
OPP-0007097,2025-06-20,Best Case,Best Case
OPP-0007097,2025-06-27,Best Case,Best Case
OPP-0007097,2025-07-04,Best Case,Best Case
OPP-0007097,2025-07-11,Best Case,Best Case
OPP-0007097,2025-07-18,Best Case,Pipeline
OPP-0007097,2025-07-25,Best Case,Best Case
OPP-0007097,2025-08-01,Pipeline,Omitted
OPP-0007097,2025-08-08,Best Case,Pipeline
OPP-0007097,2025-08-15,Best Case,Best Case
OPP-0007097,2025-08-22,Best Case,Best Case
OPP-0007097,2025-08-29,Pipeline,Best Case
OPP-0007097,2025-09-05,Commit,Commit
OPP-0007097,2025-09-12,Commit,Commit
OPP-0007097,2025-09-19,Commit,Commit
OPP-0007098,2025-04-25,Pipeline,Pipeline
OPP-0007098,2025-05-02,Commit,Best Case
OPP-0007098,2025-05-09,Best Case,Pipeline
OPP-0007098,2025-05-16,Best Case,Pipeline
OPP-0007098,2025-05-23,Best Case,Pipeline
OPP-0007098,2025-05-30,Commit,Best Case
OPP-0007099,2025-04-25,Pipeline,Pipeline
OPP-0007099,2025-05-02,Commit,Commit
OPP-0007099,2025-05-09,Commit,Commit
OPP-0007099,2025-05-16,Commit,Best Case
OPP-0007099,2025-05-23,Commit,Commit
OPP-0007099,2025-05-30,Commit,Commit
OPP-0007107,2025-04-25,Commit,Commit
OPP-0007107,2025-05-02,Commit,Commit
OPP-0007107,2025-05-09,Commit,Commit
OPP-0007107,2025-05-16,Commit,Commit
OPP-0007107,2025-05-23,Commit,Commit
OPP-0007107,2025-05-30,Commit,Commit
OPP-0007108,2025-04-25,Commit,Best Case
OPP-0007108,2025-05-02,Commit,Commit
OPP-0007108,2025-05-09,Commit,Commit
OPP-0007108,2025-05-16,Commit,Commit
OPP-0007108,2025-05-23,Commit,Commit
OPP-0007108,2025-05-30,Commit,Commit
OPP-0007119,2025-04-25,Commit,Commit
OPP-0007119,2025-05-02,Commit,Commit
OPP-0007119,2025-05-09,Commit,Commit
OPP-0007119,2025-05-16,Commit,Commit
OPP-0007119,2025-05-23,Commit,Commit
OPP-0007119,2025-05-30,Commit,Commit
OPP-0007120,2025-04-25,Commit,Commit
OPP-0007120,2025-05-02,Commit,Commit
OPP-0007120,2025-05-09,Commit,Commit
OPP-0007120,2025-05-16,Commit,Commit
OPP-0007120,2025-05-23,Commit,Commit
OPP-0007120,2025-05-30,Commit,Commit
OPP-0007121,2025-04-25,Pipeline,Pipeline
OPP-0007121,2025-05-02,Pipeline,Omitted
OPP-0007121,2025-05-09,Pipeline,Pipeline
OPP-0007121,2025-05-16,Pipeline,Pipeline
OPP-0007121,2025-05-23,Pipeline,Pipeline
OPP-0007121,2025-05-30,Pipeline,Pipeline
OPP-0007121,2025-06-06,Best Case,Best Case
OPP-0007121,2025-06-13,Pipeline,Pipeline
OPP-0007121,2025-06-20,Pipeline,Pipeline
OPP-0007121,2025-06-27,Pipeline,Omitted
OPP-0007121,2025-07-04,Pipeline,Omitted
OPP-0007121,2025-07-11,Pipeline,Omitted
OPP-0007121,2025-07-18,Omitted,Pipeline
OPP-0007121,2025-07-25,Pipeline,Omitted
OPP-0007121,2025-08-01,Best Case,Omitted
OPP-0007121,2025-08-08,Pipeline,Omitted
OPP-0007121,2025-08-15,Pipeline,Omitted
OPP-0007121,2025-08-22,Pipeline,Pipeline
OPP-0007121,2025-08-29,Pipeline,Omitted
OPP-0007121,2025-09-05,Omitted,Omitted
OPP-0007121,2025-09-12,Omitted,Omitted
OPP-0007121,2025-09-19,Best Case,Best Case
OPP-0007121,2025-09-26,Best Case,Best Case
OPP-0007121,2025-10-03,Pipeline,Pipeline
OPP-0007121,2025-10-10,Omitted,Pipeline
OPP-0007133,2025-05-02,Commit,Commit
OPP-0007133,2025-05-09,Commit,Commit
OPP-0007133,2025-05-16,Commit,Commit
OPP-0007133,2025-05-23,Commit,Commit
OPP-0007133,2025-05-30,Commit,Commit
OPP-0007134,2025-05-02,Commit,Commit
OPP-0007134,2025-05-09,Commit,Commit
OPP-0007134,2025-05-16,Commit,Commit
OPP-0007134,2025-05-23,Commit,Commit
OPP-0007134,2025-05-30,Commit,Commit
OPP-0007134,2025-06-06,Commit,Best Case
OPP-0007134,2025-06-13,Commit,Best Case
OPP-0007134,2025-06-20,Commit,Best Case
OPP-0007134,2025-06-27,Commit,Best Case
OPP-0007134,2025-07-04,Commit,Commit
OPP-0007134,2025-07-11,Commit,Commit
OPP-0007134,2025-07-18,Commit,Commit
OPP-0007134,2025-07-25,Commit,Commit
OPP-0007134,2025-08-01,Commit,Best Case
OPP-0007134,2025-08-08,Commit,Best Case
OPP-0007134,2025-08-15,Commit,Best Case
OPP-0007134,2025-08-22,Commit,Commit
OPP-0007135,2025-05-02,Best Case,Pipeline
OPP-0007135,2025-05-09,Best Case,Pipeline
OPP-0007135,2025-05-16,Commit,Best Case
OPP-0007135,2025-05-23,Commit,Best Case
OPP-0007135,2025-05-30,Commit,Best Case
OPP-0007135,2025-06-06,Commit,Commit
OPP-0007135,2025-06-13,Best Case,Pipeline
OPP-0007135,2025-06-20,Commit,Best Case
OPP-0007135,2025-06-27,Commit,Best Case
OPP-0007135,2025-07-04,Commit,Best Case
OPP-0007135,2025-07-11,Commit,Best Case
OPP-0007135,2025-07-18,Commit,Best Case
OPP-0007136,2025-05-02,Commit,Commit
OPP-0007136,2025-05-09,Best Case,Commit
OPP-0007136,2025-05-16,Commit,Commit
OPP-0007136,2025-05-23,Commit,Commit
OPP-0007136,2025-05-30,Commit,Commit
OPP-0007136,2025-06-06,Commit,Commit
OPP-0007136,2025-06-13,Commit,Commit
OPP-0007136,2025-06-20,Commit,Commit
OPP-0007136,2025-06-27,Commit,Commit
OPP-0007137,2025-05-02,Commit,Commit
OPP-0007137,2025-05-09,Commit,Commit
OPP-0007137,2025-05-16,Commit,Commit
OPP-0007137,2025-05-23,Commit,Commit
OPP-0007137,2025-05-30,Commit,Commit
OPP-0007137,2025-06-06,Best Case,Pipeline
OPP-0007137,2025-06-13,Commit,Best Case
OPP-0007137,2025-06-20,Commit,Best Case
OPP-0007137,2025-06-27,Commit,Commit
OPP-0007144,2025-05-02,Commit,Commit
OPP-0007144,2025-05-09,Commit,Commit
OPP-0007144,2025-05-16,Commit,Commit
OPP-0007144,2025-05-23,Commit,Commit
OPP-0007144,2025-05-30,Commit,Commit
OPP-0007145,2025-05-02,Commit,Commit
OPP-0007145,2025-05-09,Commit,Commit
OPP-0007145,2025-05-16,Commit,Commit
OPP-0007145,2025-05-23,Commit,Commit
OPP-0007145,2025-05-30,Commit,Commit
OPP-0007146,2025-05-02,Pipeline,Pipeline
OPP-0007146,2025-05-09,Pipeline,Pipeline
OPP-0007146,2025-05-16,Best Case,Best Case
OPP-0007146,2025-05-23,Best Case,Best Case
OPP-0007147,2025-05-02,Commit,Commit
OPP-0007147,2025-05-09,Commit,Commit
OPP-0007147,2025-05-16,Commit,Best Case
OPP-0007147,2025-05-23,Commit,Commit
OPP-0007147,2025-05-30,Commit,Commit
OPP-0007147,2025-06-06,Commit,Commit
OPP-0007147,2025-06-13,Commit,Best Case
OPP-0007147,2025-06-20,Commit,Best Case
OPP-0007147,2025-06-27,Commit,Commit
OPP-0007148,2025-05-02,Commit,Commit
OPP-0007148,2025-05-09,Commit,Commit
OPP-0007148,2025-05-16,Commit,Commit
OPP-0007148,2025-05-23,Commit,Commit
OPP-0007148,2025-05-30,Commit,Commit
OPP-0007162,2025-05-02,Commit,Commit
OPP-0007162,2025-05-09,Commit,Commit
OPP-0007162,2025-05-16,Commit,Commit
OPP-0007162,2025-05-23,Commit,Commit
OPP-0007162,2025-05-30,Commit,Commit
OPP-0007163,2025-05-02,Commit,Commit
OPP-0007163,2025-05-09,Commit,Commit
OPP-0007163,2025-05-16,Commit,Commit
OPP-0007163,2025-05-23,Commit,Best Case
OPP-0007163,2025-05-30,Commit,Best Case
OPP-0007164,2025-05-02,Commit,Commit
OPP-0007164,2025-05-09,Commit,Best Case
OPP-0007164,2025-05-16,Commit,Best Case
OPP-0007164,2025-05-23,Commit,Best Case
OPP-0007164,2025-05-30,Commit,Best Case
OPP-0007165,2025-05-02,Commit,Commit
OPP-0007165,2025-05-09,Commit,Commit
OPP-0007165,2025-05-16,Commit,Commit
OPP-0007165,2025-05-23,Commit,Commit
OPP-0007165,2025-05-30,Commit,Commit
OPP-0007166,2025-05-02,Pipeline,Omitted
OPP-0007166,2025-05-09,Pipeline,Pipeline
OPP-0007166,2025-05-16,Best Case,Best Case
OPP-0007166,2025-05-23,Pipeline,Pipeline
OPP-0007166,2025-05-30,Best Case,Best Case
OPP-0007166,2025-06-06,Best Case,Best Case
OPP-0007167,2025-05-02,Pipeline,Omitted
OPP-0007167,2025-05-09,Best Case,Pipeline
OPP-0007167,2025-05-16,Best Case,Best Case
OPP-0007167,2025-05-23,Best Case,Best Case
OPP-0007167,2025-05-30,Best Case,Best Case
OPP-0007167,2025-06-06,Pipeline,Pipeline
OPP-0007167,2025-06-13,Best Case,Best Case
OPP-0007167,2025-06-20,Commit,Pipeline
OPP-0007167,2025-06-27,Commit,Best Case
OPP-0007167,2025-07-04,Commit,Commit
OPP-0007167,2025-07-11,Commit,Commit
OPP-0007167,2025-07-18,Commit,Commit
OPP-0007168,2025-05-02,Commit,Commit
OPP-0007168,2025-05-09,Commit,Commit
OPP-0007168,2025-05-16,Commit,Commit
OPP-0007168,2025-05-23,Commit,Commit
OPP-0007168,2025-05-30,Commit,Commit
OPP-0007177,2025-05-02,Commit,Commit
OPP-0007177,2025-05-09,Commit,Commit
OPP-0007177,2025-05-16,Commit,Commit
OPP-0007177,2025-05-23,Commit,Commit
OPP-0007177,2025-05-30,Commit,Commit
OPP-0007178,2025-05-02,Best Case,Pipeline
OPP-0007178,2025-05-09,Best Case,Best Case
OPP-0007178,2025-05-16,Commit,Pipeline
OPP-0007179,2025-05-02,Pipeline,Pipeline
OPP-0007179,2025-05-09,Omitted,Omitted
OPP-0007179,2025-05-16,Pipeline,Pipeline
OPP-0007179,2025-05-23,Pipeline,Pipeline
OPP-0007179,2025-05-30,Pipeline,Pipeline
OPP-0007179,2025-06-06,Pipeline,Pipeline
OPP-0007179,2025-06-13,Pipeline,Pipeline
OPP-0007179,2025-06-20,Pipeline,Pipeline
OPP-0007179,2025-06-27,Best Case,Best Case
OPP-0007179,2025-07-04,Best Case,Best Case
OPP-0007179,2025-07-11,Pipeline,Pipeline
OPP-0007180,2025-05-02,Commit,Commit
OPP-0007180,2025-05-09,Commit,Commit
OPP-0007180,2025-05-16,Commit,Commit
OPP-0007180,2025-05-23,Commit,Commit
OPP-0007180,2025-05-30,Commit,Commit
OPP-0007180,2025-06-06,Commit,Commit
OPP-0007181,2025-05-02,Commit,Commit
OPP-0007181,2025-05-09,Commit,Commit
OPP-0007181,2025-05-16,Commit,Commit
OPP-0007181,2025-05-23,Commit,Commit
OPP-0007181,2025-05-30,Commit,Commit
OPP-0007181,2025-06-06,Commit,Commit
OPP-0007181,2025-06-13,Commit,Commit
OPP-0007181,2025-06-20,Commit,Commit
OPP-0007181,2025-06-27,Commit,Commit
OPP-0007182,2025-05-02,Pipeline,Pipeline
OPP-0007182,2025-05-09,Pipeline,Pipeline
OPP-0007182,2025-05-16,Best Case,Best Case
OPP-0007182,2025-05-23,Best Case,Pipeline
OPP-0007182,2025-05-30,Pipeline,Best Case
OPP-0007183,2025-05-02,Commit,Commit
OPP-0007183,2025-05-09,Commit,Commit
OPP-0007183,2025-05-16,Commit,Commit
OPP-0007183,2025-05-23,Commit,Commit
OPP-0007183,2025-05-30,Commit,Commit
OPP-0007184,2025-05-02,Commit,Commit
OPP-0007184,2025-05-09,Commit,Commit
OPP-0007184,2025-05-16,Commit,Commit
OPP-0007184,2025-05-23,Commit,Commit
OPP-0007184,2025-05-30,Commit,Commit
OPP-0007185,2025-05-02,Commit,Commit
OPP-0007185,2025-05-09,Commit,Commit
OPP-0007185,2025-05-16,Commit,Commit
OPP-0007185,2025-05-23,Commit,Commit
OPP-0007185,2025-05-30,Commit,Commit
OPP-0007185,2025-06-06,Commit,Commit
OPP-0007185,2025-06-13,Commit,Commit
OPP-0007185,2025-06-20,Best Case,Commit
OPP-0007185,2025-06-27,Best Case,Commit
OPP-0007185,2025-07-04,Best Case,Pipeline
OPP-0007185,2025-07-11,Commit,Commit
OPP-0007185,2025-07-18,Commit,Commit
OPP-0007186,2025-05-02,Commit,Best Case
OPP-0007186,2025-05-09,Commit,Best Case
OPP-0007186,2025-05-16,Commit,Commit
OPP-0007186,2025-05-23,Commit,Best Case
OPP-0007186,2025-05-30,Commit,Best Case
OPP-0007187,2025-05-02,Omitted,Omitted
OPP-0007187,2025-05-09,Omitted,Omitted
OPP-0007187,2025-05-16,Omitted,Omitted
OPP-0007187,2025-05-23,Omitted,Omitted
OPP-0007187,2025-05-30,Omitted,Omitted
OPP-0007187,2025-06-06,Omitted,Omitted
OPP-0007187,2025-06-13,Omitted,Omitted
OPP-0007187,2025-06-20,Pipeline,Omitted
OPP-0007187,2025-06-27,Pipeline,Pipeline
OPP-0007187,2025-07-04,Pipeline,Pipeline
OPP-0007187,2025-07-11,Pipeline,Best Case
OPP-0007187,2025-07-18,Best Case,Best Case
OPP-0007187,2025-07-25,Best Case,Best Case
OPP-0007187,2025-08-01,Pipeline,Best Case
OPP-0007187,2025-08-08,Best Case,Best Case
OPP-0007188,2025-05-02,Commit,Commit
OPP-0007188,2025-05-09,Commit,Commit
OPP-0007188,2025-05-16,Commit,Commit
OPP-0007188,2025-05-23,Commit,Commit
OPP-0007188,2025-05-30,Commit,Commit
OPP-0007188,2025-06-06,Commit,Commit
OPP-0007188,2025-06-13,Commit,Commit
OPP-0007188,2025-06-20,Commit,Commit
OPP-0007188,2025-06-27,Commit,Commit
OPP-0007198,2025-05-02,Commit,Commit
OPP-0007198,2025-05-09,Commit,Commit
OPP-0007198,2025-05-16,Commit,Commit
OPP-0007198,2025-05-23,Commit,Commit
OPP-0007198,2025-05-30,Commit,Commit
OPP-0007199,2025-05-02,Omitted,Omitted
OPP-0007199,2025-05-09,Pipeline,Omitted
OPP-0007199,2025-05-16,Pipeline,Pipeline
OPP-0007199,2025-05-23,Pipeline,Pipeline
OPP-0007200,2025-05-02,Commit,Commit
OPP-0007200,2025-05-09,Commit,Commit
OPP-0007200,2025-05-16,Commit,Commit
OPP-0007200,2025-05-23,Commit,Commit
OPP-0007200,2025-05-30,Commit,Commit
OPP-0007200,2025-06-06,Commit,Commit
OPP-0007200,2025-06-13,Commit,Commit
OPP-0007200,2025-06-20,Commit,Commit
OPP-0007200,2025-06-27,Commit,Commit
OPP-0007207,2025-05-09,Commit,Commit
OPP-0007207,2025-05-16,Commit,Commit
OPP-0007207,2025-05-23,Commit,Commit
OPP-0007207,2025-05-30,Commit,Commit
OPP-0007208,2025-05-09,Best Case,Best Case
OPP-0007208,2025-05-16,Commit,Best Case
OPP-0007209,2025-05-09,Best Case,Pipeline
OPP-0007209,2025-05-16,Commit,Best Case
OPP-0007209,2025-05-23,Best Case,Best Case
OPP-0007209,2025-05-30,Commit,Pipeline
OPP-0007209,2025-06-06,Commit,Commit
OPP-0007210,2025-05-09,Best Case,Best Case
OPP-0007210,2025-05-16,Best Case,Best Case
OPP-0007214,2025-05-09,Pipeline,Pipeline
OPP-0007214,2025-05-16,Pipeline,Omitted
OPP-0007214,2025-05-23,Pipeline,Pipeline
OPP-0007214,2025-05-30,Pipeline,Omitted
OPP-0007214,2025-06-06,Pipeline,Pipeline
OPP-0007214,2025-06-13,Omitted,Pipeline
OPP-0007214,2025-06-20,Omitted,Omitted
OPP-0007214,2025-06-27,Omitted,Omitted
OPP-0007214,2025-07-04,Omitted,Omitted
OPP-0007215,2025-05-09,Commit,Commit
OPP-0007215,2025-05-16,Commit,Commit
OPP-0007215,2025-05-23,Commit,Commit
OPP-0007215,2025-05-30,Commit,Commit
OPP-0007215,2025-06-06,Commit,Best Case
OPP-0007215,2025-06-13,Commit,Best Case
OPP-0007216,2025-05-09,Commit,Commit
OPP-0007216,2025-05-16,Commit,Commit
OPP-0007216,2025-05-23,Commit,Commit
OPP-0007216,2025-05-30,Commit,Commit
OPP-0007216,2025-06-06,Commit,Commit
OPP-0007216,2025-06-13,Commit,Commit
OPP-0007216,2025-06-20,Commit,Commit
OPP-0007216,2025-06-27,Commit,Commit
OPP-0007216,2025-07-04,Commit,Commit
OPP-0007216,2025-07-11,Commit,Commit
OPP-0007216,2025-07-18,Commit,Commit
OPP-0007216,2025-07-25,Commit,Commit
OPP-0007217,2025-05-09,Pipeline,Pipeline
OPP-0007217,2025-05-16,Pipeline,Pipeline
OPP-0007217,2025-05-23,Pipeline,Pipeline
OPP-0007217,2025-05-30,Pipeline,Pipeline
OPP-0007217,2025-06-06,Pipeline,Pipeline
OPP-0007217,2025-06-13,Pipeline,Pipeline
OPP-0007217,2025-06-20,Best Case,Pipeline
OPP-0007217,2025-06-27,Best Case,Best Case
OPP-0007218,2025-05-09,Pipeline,Omitted
OPP-0007218,2025-05-16,Omitted,Omitted
OPP-0007218,2025-05-23,Pipeline,Omitted
OPP-0007218,2025-05-30,Best Case,Best Case
OPP-0007218,2025-06-06,Best Case,Best Case
OPP-0007218,2025-06-13,Best Case,Pipeline
OPP-0007226,2025-05-09,Commit,Commit
OPP-0007226,2025-05-16,Commit,Commit
OPP-0007226,2025-05-23,Commit,Commit
OPP-0007226,2025-05-30,Commit,Commit
OPP-0007227,2025-05-09,Commit,Commit
OPP-0007227,2025-05-16,Commit,Commit
OPP-0007227,2025-05-23,Commit,Commit
OPP-0007227,2025-05-30,Commit,Commit
OPP-0007228,2025-05-09,Commit,Commit
OPP-0007228,2025-05-16,Commit,Commit
OPP-0007228,2025-05-23,Commit,Commit
OPP-0007228,2025-05-30,Commit,Commit
OPP-0007229,2025-05-09,Best Case,Best Case
OPP-0007229,2025-05-16,Best Case,Best Case
OPP-0007229,2025-05-23,Commit,Commit
OPP-0007229,2025-05-30,Commit,Pipeline
OPP-0007229,2025-06-06,Commit,Commit
OPP-0007230,2025-05-09,Omitted,Omitted
OPP-0007230,2025-05-16,Omitted,Omitted
OPP-0007230,2025-05-23,Omitted,Omitted
OPP-0007230,2025-05-30,Omitted,Omitted
OPP-0007230,2025-06-06,Pipeline,Omitted
OPP-0007230,2025-06-13,Omitted,Pipeline
OPP-0007231,2025-05-09,Commit,Commit
OPP-0007231,2025-05-16,Commit,Commit
OPP-0007231,2025-05-23,Commit,Commit
OPP-0007231,2025-05-30,Commit,Commit
OPP-0007231,2025-06-06,Best Case,Pipeline
OPP-0007231,2025-06-13,Commit,Best Case
OPP-0007231,2025-06-20,Commit,Commit
OPP-0007231,2025-06-27,Commit,Commit
OPP-0007231,2025-07-04,Commit,Best Case
OPP-0007231,2025-07-11,Commit,Commit
OPP-0007231,2025-07-18,Commit,Best Case
OPP-0007232,2025-05-09,Commit,Commit
OPP-0007232,2025-05-16,Commit,Commit
OPP-0007232,2025-05-23,Commit,Commit
OPP-0007232,2025-05-30,Commit,Commit
OPP-0007232,2025-06-06,Commit,Commit
OPP-0007232,2025-06-13,Commit,Commit
OPP-0007232,2025-06-20,Commit,Commit
OPP-0007232,2025-06-27,Commit,Commit
OPP-0007233,2025-05-09,Best Case,Best Case
OPP-0007233,2025-05-16,Best Case,Best Case
OPP-0007233,2025-05-23,Commit,Commit
OPP-0007237,2025-05-09,Commit,Commit
OPP-0007237,2025-05-16,Commit,Commit
OPP-0007237,2025-05-23,Commit,Commit
OPP-0007237,2025-05-30,Commit,Commit
OPP-0007238,2025-05-09,Commit,Commit
OPP-0007238,2025-05-16,Commit,Commit
OPP-0007238,2025-05-23,Commit,Commit
OPP-0007238,2025-05-30,Commit,Commit
OPP-0007239,2025-05-09,Best Case,Pipeline
OPP-0007239,2025-05-16,Pipeline,Pipeline
OPP-0007239,2025-05-23,Pipeline,Pipeline
OPP-0007239,2025-05-30,Pipeline,Pipeline
OPP-0007239,2025-06-06,Pipeline,Pipeline
OPP-0007239,2025-06-13,Pipeline,Pipeline
OPP-0007239,2025-06-20,Best Case,Best Case
OPP-0007239,2025-06-27,Best Case,Best Case
OPP-0007239,2025-07-04,Best Case,Best Case
OPP-0007239,2025-07-11,Pipeline,Pipeline
OPP-0007239,2025-07-18,Pipeline,Pipeline
OPP-0007239,2025-07-25,Pipeline,Pipeline
OPP-0007239,2025-08-01,Pipeline,Pipeline
OPP-0007239,2025-08-08,Best Case,Best Case
OPP-0007239,2025-08-15,Best Case,Best Case
OPP-0007239,2025-08-22,Best Case,Best Case
OPP-0007239,2025-08-29,Best Case,Best Case
OPP-0007239,2025-09-05,Commit,Commit
OPP-0007239,2025-09-12,Commit,Commit
OPP-0007239,2025-09-19,Commit,Commit
OPP-0007240,2025-05-09,Pipeline,Omitted
OPP-0007240,2025-05-16,Pipeline,Pipeline
OPP-0007240,2025-05-23,Pipeline,Pipeline
OPP-0007240,2025-05-30,Pipeline,Pipeline
OPP-0007240,2025-06-06,Pipeline,Omitted
OPP-0007240,2025-06-13,Omitted,Pipeline
OPP-0007240,2025-06-20,Omitted,Pipeline
OPP-0007240,2025-06-27,Omitted,Pipeline
OPP-0007240,2025-07-04,Best Case,Best Case
OPP-0007240,2025-07-11,Pipeline,Pipeline
OPP-0007240,2025-07-18,Pipeline,Pipeline
OPP-0007240,2025-07-25,Pipeline,Pipeline
OPP-0007240,2025-08-01,Pipeline,Pipeline
OPP-0007240,2025-08-08,Omitted,Pipeline
OPP-0007240,2025-08-15,Pipeline,Pipeline
OPP-0007240,2025-08-22,Omitted,Pipeline
OPP-0007240,2025-08-29,Omitted,Pipeline
OPP-0007240,2025-09-05,Pipeline,Omitted
OPP-0007240,2025-09-12,Pipeline,Pipeline
OPP-0007240,2025-09-19,Best Case,Best Case
OPP-0007240,2025-09-26,Pipeline,Pipeline
OPP-0007240,2025-10-03,Pipeline,Pipeline
OPP-0007254,2025-05-09,Commit,Commit
OPP-0007254,2025-05-16,Commit,Commit
OPP-0007254,2025-05-23,Commit,Commit
OPP-0007254,2025-05-30,Commit,Commit
OPP-0007255,2025-05-09,Pipeline,Omitted
OPP-0007255,2025-05-16,Pipeline,Omitted
OPP-0007255,2025-05-23,Pipeline,Pipeline
OPP-0007255,2025-05-30,Best Case,Best Case
OPP-0007255,2025-06-06,Best Case,Pipeline
OPP-0007267,2025-05-09,Commit,Commit
OPP-0007267,2025-05-16,Commit,Commit
OPP-0007267,2025-05-23,Commit,Commit
OPP-0007267,2025-05-30,Commit,Commit
OPP-0007268,2025-05-09,Pipeline,Pipeline
OPP-0007268,2025-05-16,Best Case,Best Case
OPP-0007268,2025-05-23,Commit,Commit
OPP-0007269,2025-05-09,Commit,Commit
OPP-0007269,2025-05-16,Commit,Commit
OPP-0007269,2025-05-23,Commit,Commit
OPP-0007269,2025-05-30,Commit,Commit
OPP-0007269,2025-06-06,Commit,Commit
OPP-0007269,2025-06-13,Commit,Commit
OPP-0007269,2025-06-20,Commit,Commit
OPP-0007269,2025-06-27,Commit,Commit
OPP-0007270,2025-05-09,Omitted,Pipeline
OPP-0007270,2025-05-16,Pipeline,Pipeline
OPP-0007270,2025-05-23,Pipeline,Omitted
OPP-0007270,2025-05-30,Pipeline,Omitted
OPP-0007270,2025-06-06,Best Case,Best Case
OPP-0007270,2025-06-13,Best Case,Best Case
OPP-0007282,2025-05-16,Commit,Commit
OPP-0007282,2025-05-23,Commit,Commit
OPP-0007282,2025-05-30,Commit,Commit
OPP-0007283,2025-05-16,Commit,Commit
OPP-0007283,2025-05-23,Commit,Commit
OPP-0007283,2025-05-30,Commit,Commit
OPP-0007284,2025-05-16,Pipeline,Omitted
OPP-0007284,2025-05-23,Pipeline,Pipeline
OPP-0007284,2025-05-30,Commit,Pipeline
OPP-0007284,2025-06-06,Best Case,Best Case
OPP-0007284,2025-06-13,Best Case,Best Case
OPP-0007285,2025-05-16,Pipeline,Omitted
OPP-0007285,2025-05-23,Pipeline,Omitted
OPP-0007285,2025-05-30,Pipeline,Omitted
OPP-0007285,2025-06-06,Omitted,Omitted
OPP-0007285,2025-06-13,Omitted,Omitted
OPP-0007285,2025-06-20,Pipeline,Omitted
OPP-0007285,2025-06-27,Pipeline,Omitted
OPP-0007285,2025-07-04,Pipeline,Omitted
OPP-0007285,2025-07-11,Omitted,Omitted
OPP-0007285,2025-07-18,Omitted,Omitted
OPP-0007285,2025-07-25,Omitted,Omitted
OPP-0007285,2025-08-01,Pipeline,Omitted
OPP-0007285,2025-08-08,Pipeline,Pipeline
OPP-0007285,2025-08-15,Pipeline,Omitted
OPP-0007285,2025-08-22,Best Case,Pipeline
OPP-0007285,2025-08-29,Pipeline,Pipeline
OPP-0007285,2025-09-05,Pipeline,Omitted
OPP-0007285,2025-09-12,Pipeline,Omitted
OPP-0007285,2025-09-19,Pipeline,Omitted
OPP-0007285,2025-09-26,Pipeline,Omitted
OPP-0007285,2025-10-03,Pipeline,Omitted
OPP-0007285,2025-10-10,Best Case,Omitted
OPP-0007285,2025-10-17,Pipeline,Omitted
OPP-0007285,2025-10-24,Pipeline,Omitted
OPP-0007285,2025-10-31,Pipeline,Omitted
OPP-0007286,2025-05-16,Commit,Commit
OPP-0007286,2025-05-23,Commit,Commit
OPP-0007286,2025-05-30,Commit,Commit
OPP-0007286,2025-06-06,Commit,Commit
OPP-0007286,2025-06-13,Commit,Commit
OPP-0007286,2025-06-20,Commit,Commit
OPP-0007286,2025-06-27,Commit,Commit
OPP-0007286,2025-07-04,Commit,Commit
OPP-0007286,2025-07-11,Commit,Commit
OPP-0007286,2025-07-18,Commit,Commit
OPP-0007286,2025-07-25,Commit,Best Case
OPP-0007286,2025-08-01,Commit,Commit
OPP-0007286,2025-08-08,Commit,Commit
OPP-0007286,2025-08-15,Commit,Commit
OPP-0007287,2025-05-16,Commit,Commit
OPP-0007287,2025-05-23,Commit,Commit
OPP-0007287,2025-05-30,Commit,Commit
OPP-0007287,2025-06-06,Commit,Commit
OPP-0007287,2025-06-13,Commit,Commit
OPP-0007287,2025-06-20,Commit,Commit
OPP-0007287,2025-06-27,Commit,Commit
OPP-0007287,2025-07-04,Commit,Commit
OPP-0007287,2025-07-11,Commit,Commit
OPP-0007295,2025-05-16,Commit,Commit
OPP-0007295,2025-05-23,Commit,Best Case
OPP-0007295,2025-05-30,Commit,Best Case
OPP-0007296,2025-05-16,Best Case,Pipeline
OPP-0007296,2025-05-23,Best Case,Best Case
OPP-0007296,2025-05-30,Pipeline,Pipeline
OPP-0007296,2025-06-06,Best Case,Best Case
OPP-0007296,2025-06-13,Best Case,Best Case
OPP-0007296,2025-06-20,Commit,Commit
OPP-0007297,2025-05-16,Best Case,Pipeline
OPP-0007297,2025-05-23,Best Case,Best Case
OPP-0007297,2025-05-30,Best Case,Pipeline
OPP-0007297,2025-06-06,Commit,Commit
OPP-0007297,2025-06-13,Commit,Commit
OPP-0007297,2025-06-20,Commit,Commit
OPP-0007297,2025-06-27,Commit,Commit
OPP-0007297,2025-07-04,Best Case,Pipeline
OPP-0007297,2025-07-11,Commit,Best Case
OPP-0007297,2025-07-18,Commit,Best Case
OPP-0007297,2025-07-25,Commit,Commit
OPP-0007298,2025-05-16,Best Case,Pipeline
OPP-0007298,2025-05-23,Commit,Best Case
OPP-0007298,2025-05-30,Commit,Best Case
OPP-0007298,2025-06-06,Commit,Best Case
OPP-0007298,2025-06-13,Commit,Best Case
OPP-0007298,2025-06-20,Commit,Best Case
OPP-0007298,2025-06-27,Commit,Best Case
OPP-0007299,2025-05-16,Commit,Best Case
OPP-0007299,2025-05-23,Commit,Best Case
OPP-0007299,2025-05-30,Commit,Best Case
OPP-0007299,2025-06-06,Commit,Best Case
OPP-0007299,2025-06-13,Commit,Best Case
OPP-0007299,2025-06-20,Commit,Commit
OPP-0007299,2025-06-27,Commit,Commit
OPP-0007300,2025-05-16,Omitted,Omitted
OPP-0007300,2025-05-23,Omitted,Omitted
OPP-0007300,2025-05-30,Omitted,Omitted
OPP-0007300,2025-06-06,Omitted,Omitted
OPP-0007300,2025-06-13,Omitted,Omitted
OPP-0007300,2025-06-20,Pipeline,Omitted
OPP-0007300,2025-06-27,Pipeline,Pipeline
OPP-0007300,2025-07-04,Best Case,Best Case
OPP-0007300,2025-07-11,Pipeline,Pipeline
OPP-0007300,2025-07-18,Pipeline,Pipeline
OPP-0007300,2025-07-25,Pipeline,Pipeline
OPP-0007300,2025-08-01,Best Case,Best Case
OPP-0007300,2025-08-08,Commit,Commit
OPP-0007300,2025-08-15,Commit,Commit
OPP-0007306,2025-05-16,Commit,Commit
OPP-0007306,2025-05-23,Commit,Commit
OPP-0007306,2025-05-30,Commit,Commit
OPP-0007307,2025-05-16,Commit,Commit
OPP-0007307,2025-05-23,Commit,Commit
OPP-0007307,2025-05-30,Commit,Commit
OPP-0007307,2025-06-06,Commit,Commit
OPP-0007307,2025-06-13,Commit,Commit
OPP-0007307,2025-06-20,Commit,Commit
OPP-0007307,2025-06-27,Commit,Commit
OPP-0007307,2025-07-04,Commit,Commit
OPP-0007307,2025-07-11,Commit,Commit
OPP-0007307,2025-07-18,Commit,Commit
OPP-0007307,2025-07-25,Commit,Commit
OPP-0007315,2025-05-16,Commit,Commit
OPP-0007315,2025-05-23,Commit,Commit
OPP-0007315,2025-05-30,Commit,Commit
OPP-0007316,2025-05-16,Omitted,Pipeline
OPP-0007316,2025-05-23,Pipeline,Pipeline
OPP-0007316,2025-05-30,Pipeline,Pipeline
OPP-0007316,2025-06-06,Best Case,Best Case
OPP-0007316,2025-06-13,Best Case,Best Case
OPP-0007316,2025-06-20,Pipeline,Pipeline
OPP-0007317,2025-05-16,Commit,Commit
OPP-0007317,2025-05-23,Commit,Commit
OPP-0007317,2025-05-30,Commit,Commit
OPP-0007317,2025-06-06,Commit,Best Case
OPP-0007317,2025-06-13,Commit,Commit
OPP-0007317,2025-06-20,Commit,Commit
OPP-0007317,2025-06-27,Commit,Best Case
OPP-0007317,2025-07-04,Commit,Best Case
OPP-0007317,2025-07-11,Commit,Best Case
OPP-0007317,2025-07-18,Commit,Best Case
OPP-0007317,2025-07-25,Commit,Best Case
OPP-0007327,2025-05-16,Omitted,Pipeline
OPP-0007327,2025-05-23,Pipeline,Omitted
OPP-0007327,2025-05-30,Pipeline,Pipeline
OPP-0007327,2025-06-06,Pipeline,Pipeline
OPP-0007327,2025-06-13,Pipeline,Pipeline
OPP-0007327,2025-06-20,Best Case,Best Case
OPP-0007327,2025-06-27,Best Case,Best Case
OPP-0007327,2025-07-04,Commit,Commit
OPP-0007327,2025-07-11,Best Case,Best Case
OPP-0007327,2025-07-18,Best Case,Best Case
OPP-0007327,2025-07-25,Best Case,Best Case
OPP-0007327,2025-08-01,Best Case,Best Case
OPP-0007328,2025-05-16,Commit,Commit
OPP-0007328,2025-05-23,Commit,Commit
OPP-0007328,2025-05-30,Commit,Commit
OPP-0007328,2025-06-06,Commit,Commit
OPP-0007328,2025-06-13,Commit,Commit
OPP-0007328,2025-06-20,Commit,Commit
OPP-0007328,2025-06-27,Commit,Commit
OPP-0007329,2025-05-16,Omitted,Omitted
OPP-0007329,2025-05-23,Omitted,Omitted
OPP-0007329,2025-05-30,Omitted,Omitted
OPP-0007329,2025-06-06,Omitted,Omitted
OPP-0007329,2025-06-13,Omitted,Omitted
OPP-0007329,2025-06-20,Omitted,Omitted
OPP-0007329,2025-06-27,Pipeline,Omitted
OPP-0007329,2025-07-04,Omitted,Omitted
OPP-0007329,2025-07-11,Pipeline,Omitted
OPP-0007329,2025-07-18,Pipeline,Pipeline
OPP-0007329,2025-07-25,Pipeline,Omitted
OPP-0007329,2025-08-01,Pipeline,Pipeline
OPP-0007329,2025-08-08,Pipeline,Omitted
OPP-0007329,2025-08-15,Pipeline,Omitted
OPP-0007329,2025-08-22,Best Case,Pipeline
OPP-0007330,2025-05-16,Pipeline,Pipeline
OPP-0007330,2025-05-23,Best Case,Best Case
OPP-0007330,2025-05-30,Commit,Commit
OPP-0007337,2025-05-16,Omitted,Omitted
OPP-0007337,2025-05-23,Pipeline,Omitted
OPP-0007337,2025-05-30,Best Case,Best Case
OPP-0007337,2025-06-06,Pipeline,Pipeline
OPP-0007337,2025-06-13,Pipeline,Pipeline
OPP-0007337,2025-06-20,Pipeline,Best Case
OPP-0007337,2025-06-27,Pipeline,Pipeline
OPP-0007338,2025-05-16,Commit,Commit
OPP-0007338,2025-05-23,Commit,Commit
OPP-0007338,2025-05-30,Commit,Commit
OPP-0007338,2025-06-06,Commit,Commit
OPP-0007338,2025-06-13,Commit,Commit
OPP-0007338,2025-06-20,Commit,Commit
OPP-0007338,2025-06-27,Commit,Commit
OPP-0007338,2025-07-04,Commit,Commit
OPP-0007338,2025-07-11,Commit,Commit
OPP-0007338,2025-07-18,Commit,Commit
OPP-0007338,2025-07-25,Commit,Commit
OPP-0007338,2025-08-01,Commit,Best Case
OPP-0007338,2025-08-08,Commit,Best Case
OPP-0007338,2025-08-15,Commit,Best Case
OPP-0007338,2025-08-22,Commit,Best Case
OPP-0007338,2025-08-29,Commit,Best Case
OPP-0007338,2025-09-05,Commit,Commit
OPP-0007338,2025-09-12,Commit,Commit
OPP-0007339,2025-05-16,Commit,Commit
OPP-0007339,2025-05-23,Commit,Commit
OPP-0007339,2025-05-30,Commit,Commit
OPP-0007339,2025-06-06,Commit,Best Case
OPP-0007339,2025-06-13,Commit,Commit
OPP-0007339,2025-06-20,Commit,Best Case
OPP-0007339,2025-06-27,Commit,Best Case
OPP-0007340,2025-05-16,Commit,Commit
OPP-0007340,2025-05-23,Commit,Commit
OPP-0007340,2025-05-30,Commit,Commit
OPP-0007340,2025-06-06,Commit,Commit
OPP-0007340,2025-06-13,Commit,Commit
OPP-0007340,2025-06-20,Commit,Commit
OPP-0007340,2025-06-27,Commit,Commit
OPP-0007340,2025-07-04,Commit,Commit
OPP-0007340,2025-07-11,Commit,Commit
OPP-0007348,2025-05-23,Commit,Commit
OPP-0007348,2025-05-30,Commit,Commit
OPP-0007349,2025-05-23,Commit,Commit
OPP-0007349,2025-05-30,Commit,Best Case
OPP-0007350,2025-05-23,Commit,Commit
OPP-0007350,2025-05-30,Commit,Commit
OPP-0007350,2025-06-06,Commit,Commit
OPP-0007350,2025-06-13,Commit,Commit
OPP-0007350,2025-06-20,Commit,Commit
OPP-0007350,2025-06-27,Commit,Commit
OPP-0007351,2025-05-23,Commit,Commit
OPP-0007351,2025-05-30,Commit,Commit
OPP-0007352,2025-05-23,Commit,Commit
OPP-0007352,2025-05-30,Commit,Commit
OPP-0007353,2025-05-23,Commit,Commit
OPP-0007353,2025-05-30,Commit,Commit
OPP-0007354,2025-05-23,Commit,Commit
OPP-0007354,2025-05-30,Commit,Commit
OPP-0007354,2025-06-06,Commit,Commit
OPP-0007354,2025-06-13,Commit,Commit
OPP-0007354,2025-06-20,Commit,Commit
OPP-0007354,2025-06-27,Commit,Commit
OPP-0007355,2025-05-23,Pipeline,Pipeline
OPP-0007355,2025-05-30,Omitted,Omitted
OPP-0007355,2025-06-06,Omitted,Omitted
OPP-0007355,2025-06-13,Pipeline,Omitted
OPP-0007355,2025-06-20,Best Case,Best Case
OPP-0007355,2025-06-27,Best Case,Best Case
OPP-0007356,2025-05-23,Pipeline,Pipeline
OPP-0007356,2025-05-30,Pipeline,Pipeline
OPP-0007362,2025-05-23,Commit,Commit
OPP-0007362,2025-05-30,Commit,Commit
OPP-0007363,2025-05-23,Commit,Commit
OPP-0007363,2025-05-30,Commit,Commit
OPP-0007364,2025-05-23,Commit,Commit
OPP-0007364,2025-05-30,Commit,Commit
OPP-0007365,2025-05-23,Commit,Commit
OPP-0007365,2025-05-30,Commit,Commit
OPP-0007366,2025-05-23,Commit,Commit
OPP-0007366,2025-05-30,Commit,Commit
OPP-0007366,2025-06-06,Commit,Commit
OPP-0007366,2025-06-13,Commit,Commit
OPP-0007366,2025-06-20,Commit,Commit
OPP-0007366,2025-06-27,Commit,Commit
OPP-0007366,2025-07-04,Commit,Commit
OPP-0007366,2025-07-11,Commit,Commit
OPP-0007366,2025-07-18,Commit,Best Case
OPP-0007367,2025-05-23,Commit,Commit
OPP-0007367,2025-05-30,Commit,Commit
OPP-0007367,2025-06-06,Commit,Commit
OPP-0007367,2025-06-13,Commit,Commit
OPP-0007367,2025-06-20,Commit,Commit
OPP-0007367,2025-06-27,Commit,Commit
OPP-0007368,2025-05-23,Commit,Commit
OPP-0007368,2025-05-30,Commit,Commit
OPP-0007368,2025-06-06,Commit,Commit
OPP-0007368,2025-06-13,Commit,Commit
OPP-0007368,2025-06-20,Commit,Commit
OPP-0007368,2025-06-27,Commit,Commit
OPP-0007368,2025-07-04,Commit,Commit
OPP-0007368,2025-07-11,Commit,Commit
OPP-0007368,2025-07-18,Commit,Commit
OPP-0007368,2025-07-25,Commit,Commit
OPP-0007369,2025-05-23,Commit,Best Case
OPP-0007369,2025-05-30,Commit,Best Case
OPP-0007369,2025-06-06,Commit,Best Case
OPP-0007369,2025-06-13,Commit,Best Case
OPP-0007369,2025-06-20,Commit,Best Case
OPP-0007369,2025-06-27,Commit,Best Case
OPP-0007370,2025-05-23,Best Case,Best Case
OPP-0007370,2025-05-30,Pipeline,Pipeline
OPP-0007370,2025-06-06,Pipeline,Pipeline
OPP-0007370,2025-06-13,Pipeline,Pipeline
OPP-0007370,2025-06-20,Pipeline,Pipeline
OPP-0007370,2025-06-27,Pipeline,Pipeline
OPP-0007370,2025-07-04,Best Case,Pipeline
OPP-0007370,2025-07-11,Best Case,Omitted
OPP-0007370,2025-07-18,Pipeline,Pipeline
OPP-0007370,2025-07-25,Pipeline,Pipeline
OPP-0007370,2025-08-01,Best Case,Best Case
OPP-0007371,2025-05-23,Pipeline,Pipeline
OPP-0007371,2025-05-30,Pipeline,Pipeline
OPP-0007371,2025-06-06,Best Case,Best Case
OPP-0007381,2025-05-23,Commit,Commit
OPP-0007381,2025-05-30,Commit,Commit
OPP-0007381,2025-06-06,Commit,Commit
OPP-0007381,2025-06-13,Commit,Commit
OPP-0007381,2025-06-20,Commit,Commit
OPP-0007381,2025-06-27,Commit,Commit
OPP-0007382,2025-05-23,Commit,Commit
OPP-0007382,2025-05-30,Commit,Commit
OPP-0007382,2025-06-06,Commit,Commit
OPP-0007382,2025-06-13,Commit,Commit
OPP-0007382,2025-06-20,Commit,Commit
OPP-0007382,2025-06-27,Commit,Commit
OPP-0007383,2025-05-23,Commit,Commit
OPP-0007383,2025-05-30,Commit,Commit
OPP-0007383,2025-06-06,Commit,Commit
OPP-0007383,2025-06-13,Commit,Commit
OPP-0007383,2025-06-20,Commit,Commit
OPP-0007383,2025-06-27,Commit,Commit
OPP-0007384,2025-05-23,Commit,Commit
OPP-0007384,2025-05-30,Commit,Commit
OPP-0007384,2025-06-06,Commit,Commit
OPP-0007384,2025-06-13,Commit,Commit
OPP-0007384,2025-06-20,Commit,Commit
OPP-0007384,2025-06-27,Commit,Commit
OPP-0007385,2025-05-23,Best Case,Best Case
OPP-0007385,2025-05-30,Best Case,Best Case
OPP-0007385,2025-06-06,Commit,Commit
OPP-0007386,2025-05-23,Commit,Commit
OPP-0007386,2025-05-30,Commit,Commit
OPP-0007386,2025-06-06,Commit,Commit
OPP-0007386,2025-06-13,Commit,Commit
OPP-0007386,2025-06-20,Commit,Commit
OPP-0007386,2025-06-27,Commit,Commit
OPP-0007386,2025-07-04,Commit,Commit
OPP-0007386,2025-07-11,Commit,Commit
OPP-0007386,2025-07-18,Commit,Commit
OPP-0007386,2025-07-25,Commit,Commit
OPP-0007392,2025-05-23,Commit,Commit
OPP-0007392,2025-05-30,Commit,Commit
OPP-0007392,2025-06-06,Commit,Commit
OPP-0007392,2025-06-13,Commit,Commit
OPP-0007392,2025-06-20,Commit,Commit
OPP-0007392,2025-06-27,Commit,Commit
OPP-0007393,2025-05-23,Commit,Commit
OPP-0007393,2025-05-30,Commit,Commit
OPP-0007393,2025-06-06,Commit,Commit
OPP-0007393,2025-06-13,Commit,Commit
OPP-0007393,2025-06-20,Commit,Commit
OPP-0007393,2025-06-27,Commit,Commit
OPP-0007394,2025-05-23,Commit,Best Case
OPP-0007394,2025-05-30,Best Case,Pipeline
OPP-0007394,2025-06-06,Best Case,Commit
OPP-0007394,2025-06-13,Commit,Commit
OPP-0007394,2025-06-20,Commit,Commit
OPP-0007394,2025-06-27,Commit,Commit
OPP-0007394,2025-07-04,Commit,Commit
OPP-0007394,2025-07-11,Commit,Commit
OPP-0007394,2025-07-18,Commit,Commit
OPP-0007394,2025-07-25,Commit,Commit
OPP-0007394,2025-08-01,Commit,Commit
OPP-0007394,2025-08-08,Commit,Commit
OPP-0007395,2025-05-23,Commit,Commit
OPP-0007395,2025-05-30,Commit,Commit
OPP-0007395,2025-06-06,Commit,Commit
OPP-0007395,2025-06-13,Commit,Commit
OPP-0007395,2025-06-20,Commit,Commit
OPP-0007395,2025-06-27,Commit,Commit
OPP-0007403,2025-05-23,Commit,Commit
OPP-0007403,2025-05-30,Commit,Commit
OPP-0007403,2025-06-06,Commit,Best Case
OPP-0007403,2025-06-13,Commit,Best Case
OPP-0007403,2025-06-20,Commit,Commit
OPP-0007403,2025-06-27,Commit,Commit
OPP-0007404,2025-05-23,Commit,Commit
OPP-0007404,2025-05-30,Commit,Commit
OPP-0007404,2025-06-06,Commit,Best Case
OPP-0007404,2025-06-13,Commit,Commit
OPP-0007404,2025-06-20,Commit,Best Case
OPP-0007404,2025-06-27,Commit,Best Case
OPP-0007404,2025-07-04,Commit,Best Case
OPP-0007404,2025-07-11,Commit,Best Case
OPP-0007404,2025-07-18,Commit,Best Case
OPP-0007404,2025-07-25,Commit,Best Case
OPP-0007404,2025-08-01,Commit,Best Case
OPP-0007404,2025-08-08,Commit,Best Case
OPP-0007404,2025-08-15,Commit,Best Case
OPP-0007404,2025-08-22,Commit,Best Case
OPP-0007404,2025-08-29,Commit,Commit
OPP-0007404,2025-09-05,Commit,Best Case
OPP-0007404,2025-09-12,Commit,Best Case
OPP-0007404,2025-09-19,Commit,Commit
OPP-0007404,2025-09-26,Commit,Best Case
OPP-0007404,2025-10-03,Commit,Commit
OPP-0007404,2025-10-10,Commit,Commit
OPP-0007405,2025-05-23,Omitted,Omitted
OPP-0007405,2025-05-30,Pipeline,Pipeline
OPP-0007405,2025-06-06,Best Case,Best Case
OPP-0007405,2025-06-13,Pipeline,Pipeline
OPP-0007405,2025-06-20,Pipeline,Omitted
OPP-0007405,2025-06-27,Pipeline,Pipeline
OPP-0007405,2025-07-04,Best Case,Best Case
OPP-0007405,2025-07-11,Best Case,Pipeline
OPP-0007405,2025-07-18,Commit,Commit
OPP-0007419,2025-05-23,Commit,Commit
OPP-0007419,2025-05-30,Commit,Commit
OPP-0007419,2025-06-06,Commit,Commit
OPP-0007419,2025-06-13,Commit,Commit
OPP-0007419,2025-06-20,Commit,Commit
OPP-0007419,2025-06-27,Commit,Commit
OPP-0007420,2025-05-23,Best Case,Best Case
OPP-0007420,2025-05-30,Best Case,Best Case
OPP-0007421,2025-05-23,Commit,Commit
OPP-0007421,2025-05-30,Commit,Commit
OPP-0007421,2025-06-06,Commit,Commit
OPP-0007421,2025-06-13,Commit,Commit
OPP-0007421,2025-06-20,Commit,Commit
OPP-0007421,2025-06-27,Commit,Commit
OPP-0007421,2025-07-04,Commit,Commit
OPP-0007422,2025-05-23,Best Case,Pipeline
OPP-0007422,2025-05-30,Commit,Best Case
OPP-0007422,2025-06-06,Commit,Commit
OPP-0007422,2025-06-13,Best Case,Commit
OPP-0007422,2025-06-20,Commit,Commit
OPP-0007422,2025-06-27,Commit,Best Case
OPP-0007422,2025-07-04,Commit,Commit
OPP-0007422,2025-07-11,Commit,Commit
OPP-0007422,2025-07-18,Commit,Commit
OPP-0007422,2025-07-25,Commit,Commit
OPP-0007425,2025-05-23,Commit,Best Case
OPP-0007425,2025-05-30,Commit,Commit
OPP-0007425,2025-06-06,Commit,Best Case
OPP-0007425,2025-06-13,Commit,Best Case
OPP-0007425,2025-06-20,Commit,Best Case
OPP-0007425,2025-06-27,Commit,Best Case
OPP-0007425,2025-07-04,Commit,Best Case
OPP-0007425,2025-07-11,Commit,Best Case
OPP-0007425,2025-07-18,Commit,Best Case
OPP-0007425,2025-07-25,Commit,Best Case
OPP-0007425,2025-08-01,Commit,Best Case
OPP-0007426,2025-05-23,Commit,Commit
OPP-0007426,2025-05-30,Commit,Commit
OPP-0007426,2025-06-06,Commit,Commit
OPP-0007426,2025-06-13,Commit,Commit
OPP-0007426,2025-06-20,Commit,Commit
OPP-0007426,2025-06-27,Commit,Commit
OPP-0007426,2025-07-04,Commit,Commit
OPP-0007426,2025-07-11,Commit,Commit
OPP-0007426,2025-07-18,Commit,Best Case
OPP-0007426,2025-07-25,Commit,Best Case
OPP-0007436,2025-05-30,Commit,Commit
OPP-0007436,2025-06-06,Commit,Commit
OPP-0007436,2025-06-13,Commit,Commit
OPP-0007436,2025-06-20,Commit,Commit
OPP-0007436,2025-06-27,Commit,Commit
OPP-0007437,2025-05-30,Pipeline,Best Case
OPP-0007437,2025-06-06,Best Case,Best Case
OPP-0007437,2025-06-13,Best Case,Best Case
OPP-0007437,2025-06-20,Best Case,Best Case
OPP-0007438,2025-05-30,Pipeline,Pipeline
OPP-0007438,2025-06-06,Best Case,Omitted
OPP-0007438,2025-06-13,Best Case,Omitted
OPP-0007438,2025-06-20,Pipeline,Omitted
OPP-0007438,2025-06-27,Pipeline,Pipeline
OPP-0007438,2025-07-04,Commit,Pipeline
OPP-0007438,2025-07-11,Best Case,Best Case
OPP-0007438,2025-07-18,Best Case,Best Case
OPP-0007438,2025-07-25,Best Case,Best Case
OPP-0007438,2025-08-01,Best Case,Best Case
OPP-0007438,2025-08-08,Pipeline,Pipeline
OPP-0007438,2025-08-15,Best Case,Best Case
OPP-0007438,2025-08-22,Pipeline,Pipeline
OPP-0007438,2025-08-29,Pipeline,Pipeline
OPP-0007438,2025-09-05,Best Case,Best Case
OPP-0007438,2025-09-12,Best Case,Best Case
OPP-0007438,2025-09-19,Best Case,Best Case
OPP-0007438,2025-09-26,Best Case,Best Case
OPP-0007438,2025-10-03,Best Case,Best Case
OPP-0007439,2025-05-30,Commit,Commit
OPP-0007439,2025-06-06,Commit,Commit
OPP-0007439,2025-06-13,Commit,Commit
OPP-0007439,2025-06-20,Commit,Commit
OPP-0007440,2025-05-30,Commit,Commit
OPP-0007440,2025-06-06,Commit,Commit
OPP-0007440,2025-06-13,Commit,Commit
OPP-0007440,2025-06-20,Commit,Commit
OPP-0007440,2025-06-27,Commit,Commit
OPP-0007440,2025-07-04,Commit,Commit
OPP-0007440,2025-07-11,Best Case,Best Case
OPP-0007440,2025-07-18,Commit,Commit
OPP-0007440,2025-07-25,Commit,Commit
OPP-0007451,2025-05-30,Commit,Commit
OPP-0007451,2025-06-06,Commit,Commit
OPP-0007451,2025-06-13,Commit,Commit
OPP-0007451,2025-06-20,Commit,Commit
OPP-0007451,2025-06-27,Commit,Commit
OPP-0007452,2025-05-30,Commit,Commit
OPP-0007452,2025-06-06,Commit,Commit
OPP-0007452,2025-06-13,Commit,Commit
OPP-0007452,2025-06-20,Commit,Commit
OPP-0007452,2025-06-27,Commit,Commit
OPP-0007453,2025-05-30,Commit,Commit
OPP-0007453,2025-06-06,Commit,Commit
OPP-0007453,2025-06-13,Commit,Commit
OPP-0007453,2025-06-20,Commit,Commit
OPP-0007453,2025-06-27,Commit,Commit
OPP-0007454,2025-05-30,Commit,Best Case
OPP-0007454,2025-06-06,Commit,Commit
OPP-0007454,2025-06-13,Commit,Commit
OPP-0007454,2025-06-20,Commit,Commit
OPP-0007454,2025-06-27,Commit,Commit
OPP-0007454,2025-07-04,Commit,Commit
OPP-0007454,2025-07-11,Commit,Commit
OPP-0007455,2025-05-30,Pipeline,Pipeline
OPP-0007455,2025-06-06,Best Case,Pipeline
OPP-0007462,2025-05-30,Commit,Commit
OPP-0007462,2025-06-06,Commit,Commit
OPP-0007462,2025-06-13,Commit,Commit
OPP-0007462,2025-06-20,Commit,Commit
OPP-0007462,2025-06-27,Commit,Commit
OPP-0007463,2025-05-30,Commit,Commit
OPP-0007463,2025-06-06,Commit,Commit
OPP-0007463,2025-06-13,Commit,Commit
OPP-0007463,2025-06-20,Commit,Commit
OPP-0007463,2025-06-27,Commit,Commit
OPP-0007463,2025-07-04,Commit,Commit
OPP-0007463,2025-07-11,Commit,Commit
OPP-0007464,2025-05-30,Commit,Commit
OPP-0007464,2025-06-06,Commit,Commit
OPP-0007464,2025-06-13,Commit,Commit
OPP-0007464,2025-06-20,Commit,Commit
OPP-0007464,2025-06-27,Commit,Commit
OPP-0007464,2025-07-04,Commit,Commit
OPP-0007464,2025-07-11,Commit,Commit
OPP-0007464,2025-07-18,Commit,Commit
OPP-0007465,2025-05-30,Pipeline,Pipeline
OPP-0007465,2025-06-06,Pipeline,Omitted
OPP-0007465,2025-06-13,Pipeline,Omitted
OPP-0007465,2025-06-20,Pipeline,Omitted
OPP-0007465,2025-06-27,Pipeline,Omitted
OPP-0007465,2025-07-04,Commit,Best Case
OPP-0007465,2025-07-11,Commit,Best Case
OPP-0007465,2025-07-18,Best Case,Pipeline
OPP-0007465,2025-07-25,Commit,Best Case
OPP-0007465,2025-08-01,Commit,Best Case
OPP-0007465,2025-08-08,Best Case,Pipeline
OPP-0007466,2025-05-30,Commit,Commit
OPP-0007466,2025-06-06,Commit,Commit
OPP-0007466,2025-06-13,Commit,Commit
OPP-0007466,2025-06-20,Commit,Commit
OPP-0007466,2025-06-27,Commit,Commit
OPP-0007466,2025-07-04,Commit,Commit
OPP-0007466,2025-07-11,Commit,Commit
OPP-0007466,2025-07-18,Commit,Commit
OPP-0007466,2025-07-25,Commit,Best Case
OPP-0007467,2025-05-30,Best Case,Best Case
OPP-0007467,2025-06-06,Commit,Commit
OPP-0007472,2025-05-30,Commit,Commit
OPP-0007472,2025-06-06,Commit,Commit
OPP-0007472,2025-06-13,Commit,Commit
OPP-0007472,2025-06-20,Commit,Commit
OPP-0007472,2025-06-27,Commit,Commit
OPP-0007473,2025-05-30,Omitted,Omitted
OPP-0007473,2025-06-06,Pipeline,Omitted
OPP-0007473,2025-06-13,Pipeline,Pipeline
OPP-0007473,2025-06-20,Pipeline,Best Case
OPP-0007473,2025-06-27,Best Case,Pipeline
OPP-0007474,2025-05-30,Omitted,Omitted
OPP-0007474,2025-06-06,Omitted,Omitted
OPP-0007474,2025-06-13,Pipeline,Omitted
OPP-0007474,2025-06-20,Pipeline,Pipeline
OPP-0007474,2025-06-27,Omitted,Pipeline
OPP-0007474,2025-07-04,Pipeline,Pipeline
OPP-0007474,2025-07-11,Pipeline,Pipeline
OPP-0007474,2025-07-18,Pipeline,Pipeline
OPP-0007474,2025-07-25,Pipeline,Pipeline
OPP-0007474,2025-08-01,Best Case,Best Case
OPP-0007474,2025-08-08,Omitted,Omitted
OPP-0007474,2025-08-15,Pipeline,Pipeline
OPP-0007474,2025-08-22,Omitted,Omitted
OPP-0007474,2025-08-29,Omitted,Pipeline
OPP-0007474,2025-09-05,Omitted,Omitted
OPP-0007474,2025-09-12,Omitted,Omitted
OPP-0007474,2025-09-19,Omitted,Omitted
OPP-0007474,2025-09-26,Omitted,Omitted
OPP-0007474,2025-10-03,Omitted,Omitted
OPP-0007474,2025-10-10,Omitted,Pipeline
OPP-0007474,2025-10-17,Pipeline,Omitted
OPP-0007474,2025-10-24,Pipeline,Pipeline
OPP-0007474,2025-10-31,Pipeline,Pipeline
OPP-0007474,2025-11-07,Omitted,Omitted
OPP-0007474,2025-11-14,Pipeline,Omitted
OPP-0007475,2025-05-30,Commit,Commit
OPP-0007475,2025-06-06,Commit,Commit
OPP-0007475,2025-06-13,Commit,Commit
OPP-0007475,2025-06-20,Commit,Commit
OPP-0007475,2025-06-27,Commit,Commit
OPP-0007475,2025-07-04,Commit,Commit
OPP-0007475,2025-07-11,Commit,Commit
OPP-0007475,2025-07-18,Commit,Commit
OPP-0007475,2025-07-25,Commit,Commit
OPP-0007475,2025-08-01,Commit,Commit
OPP-0007475,2025-08-08,Commit,Commit
OPP-0007475,2025-08-15,Commit,Commit
OPP-0007476,2025-05-30,Pipeline,Pipeline
OPP-0007476,2025-06-06,Best Case,Pipeline
OPP-0007476,2025-06-13,Commit,Best Case
OPP-0007476,2025-06-20,Commit,Best Case
OPP-0007476,2025-06-27,Commit,Best Case
OPP-0007476,2025-07-04,Commit,Best Case
OPP-0007476,2025-07-11,Best Case,Pipeline
OPP-0007476,2025-07-18,Commit,Best Case
OPP-0007476,2025-07-25,Commit,Best Case
OPP-0007477,2025-05-30,Pipeline,Omitted
OPP-0007477,2025-06-06,Best Case,Omitted
OPP-0007477,2025-06-13,Pipeline,Omitted
OPP-0007477,2025-06-20,Best Case,Omitted
OPP-0007477,2025-06-27,Pipeline,Omitted
OPP-0007477,2025-07-04,Best Case,Best Case
OPP-0007477,2025-07-11,Pipeline,Pipeline
OPP-0007477,2025-07-18,Best Case,Best Case
OPP-0007477,2025-07-25,Commit,Pipeline
OPP-0007477,2025-08-01,Commit,Commit
OPP-0007477,2025-08-08,Commit,Commit
OPP-0007477,2025-08-15,Commit,Commit
OPP-0007477,2025-08-22,Commit,Commit
OPP-0007477,2025-08-29,Commit,Commit
OPP-0007477,2025-09-05,Commit,Commit
OPP-0007477,2025-09-12,Commit,Commit
OPP-0007477,2025-09-19,Commit,Commit
OPP-0007477,2025-09-26,Commit,Commit
OPP-0007477,2025-10-03,Commit,Best Case
OPP-0007486,2025-05-30,Commit,Commit
OPP-0007486,2025-06-06,Commit,Commit
OPP-0007486,2025-06-13,Commit,Commit
OPP-0007486,2025-06-20,Commit,Commit
OPP-0007486,2025-06-27,Commit,Commit
OPP-0007487,2025-05-30,Pipeline,Pipeline
OPP-0007487,2025-06-06,Best Case,Best Case
OPP-0007487,2025-06-13,Pipeline,Pipeline
OPP-0007487,2025-06-20,Best Case,Best Case
OPP-0007487,2025-06-27,Commit,Commit
OPP-0007487,2025-07-04,Commit,Commit
OPP-0007488,2025-05-30,Pipeline,Omitted
OPP-0007488,2025-06-06,Pipeline,Pipeline
OPP-0007488,2025-06-13,Pipeline,Pipeline
OPP-0007488,2025-06-20,Pipeline,Pipeline
OPP-0007488,2025-06-27,Pipeline,Pipeline
OPP-0007488,2025-07-04,Pipeline,Pipeline
OPP-0007488,2025-07-11,Pipeline,Pipeline
OPP-0007488,2025-07-18,Best Case,Best Case
OPP-0007488,2025-07-25,Pipeline,Pipeline
OPP-0007488,2025-08-01,Best Case,Best Case
OPP-0007488,2025-08-08,Pipeline,Omitted
OPP-0007495,2025-05-30,Commit,Commit
OPP-0007495,2025-06-06,Commit,Commit
OPP-0007495,2025-06-13,Commit,Commit
OPP-0007495,2025-06-20,Commit,Commit
OPP-0007495,2025-06-27,Commit,Commit
OPP-0007496,2025-05-30,Pipeline,Omitted
OPP-0007496,2025-06-06,Pipeline,Pipeline
OPP-0007496,2025-06-13,Pipeline,Pipeline
OPP-0007496,2025-06-20,Best Case,Pipeline
OPP-0007496,2025-06-27,Commit,Commit
OPP-0007497,2025-05-30,Commit,Best Case
OPP-0007497,2025-06-06,Commit,Best Case
OPP-0007497,2025-06-13,Commit,Commit
OPP-0007497,2025-06-20,Commit,Best Case
OPP-0007497,2025-06-27,Commit,Best Case
OPP-0007498,2025-05-30,Omitted,Omitted
OPP-0007498,2025-06-06,Omitted,Omitted
OPP-0007498,2025-06-13,Omitted,Omitted
OPP-0007498,2025-06-20,Omitted,Omitted
OPP-0007498,2025-06-27,Pipeline,Pipeline
OPP-0007498,2025-07-04,Pipeline,Pipeline
OPP-0007499,2025-05-30,Commit,Commit
OPP-0007499,2025-06-06,Commit,Commit
OPP-0007499,2025-06-13,Commit,Commit
OPP-0007499,2025-06-20,Commit,Commit
OPP-0007499,2025-06-27,Commit,Commit
OPP-0007500,2025-05-30,Commit,Commit
OPP-0007500,2025-06-06,Commit,Commit
OPP-0007500,2025-06-13,Commit,Commit
OPP-0007500,2025-06-20,Commit,Commit
OPP-0007500,2025-06-27,Commit,Commit
OPP-0007501,2025-05-30,Best Case,Best Case
OPP-0007501,2025-06-06,Pipeline,Pipeline
OPP-0007501,2025-06-13,Best Case,Best Case
OPP-0007502,2025-05-30,Best Case,Best Case
OPP-0007502,2025-06-06,Best Case,Pipeline
OPP-0007502,2025-06-13,Best Case,Best Case
OPP-0007502,2025-06-20,Best Case,Best Case
OPP-0007503,2025-05-30,Commit,Best Case
OPP-0007503,2025-06-06,Commit,Commit
OPP-0007503,2025-06-13,Commit,Commit
OPP-0007503,2025-06-20,Commit,Commit
OPP-0007503,2025-06-27,Commit,Commit
OPP-0007503,2025-07-04,Commit,Commit
OPP-0007503,2025-07-11,Commit,Commit
OPP-0007503,2025-07-18,Commit,Commit
OPP-0007503,2025-07-25,Commit,Commit
OPP-0007503,2025-08-01,Commit,Best Case
OPP-0007503,2025-08-08,Commit,Best Case
OPP-0007503,2025-08-15,Commit,Best Case
OPP-0007503,2025-08-22,Commit,Best Case
OPP-0007504,2025-06-06,Commit,Commit
OPP-0007504,2025-06-13,Commit,Commit
OPP-0007504,2025-06-20,Commit,Commit
OPP-0007504,2025-06-27,Commit,Commit
OPP-0007505,2025-06-06,Commit,Commit
OPP-0007505,2025-06-13,Commit,Commit
OPP-0007505,2025-06-20,Commit,Commit
OPP-0007505,2025-06-27,Commit,Commit
OPP-0007506,2025-06-06,Commit,Commit
OPP-0007506,2025-06-13,Commit,Commit
OPP-0007506,2025-06-20,Commit,Commit
OPP-0007506,2025-06-27,Commit,Commit
OPP-0007507,2025-06-06,Commit,Commit
OPP-0007507,2025-06-13,Commit,Best Case
OPP-0007507,2025-06-20,Commit,Best Case
OPP-0007507,2025-06-27,Commit,Best Case
OPP-0007508,2025-06-06,Commit,Commit
OPP-0007508,2025-06-13,Commit,Commit
OPP-0007508,2025-06-20,Commit,Commit
OPP-0007508,2025-06-27,Commit,Commit
OPP-0007509,2025-06-06,Commit,Best Case
OPP-0007509,2025-06-13,Best Case,Pipeline
OPP-0007509,2025-06-20,Commit,Best Case
OPP-0007509,2025-06-27,Best Case,Pipeline
OPP-0007509,2025-07-04,Commit,Best Case
OPP-0007509,2025-07-11,Commit,Commit
OPP-0007509,2025-07-18,Commit,Commit
OPP-0007509,2025-07-25,Commit,Best Case
OPP-0007509,2025-08-01,Commit,Best Case
OPP-0007510,2025-06-06,Pipeline,Pipeline
OPP-0007510,2025-06-13,Pipeline,Pipeline
OPP-0007510,2025-06-20,Pipeline,Omitted
OPP-0007510,2025-06-27,Pipeline,Pipeline
OPP-0007510,2025-07-04,Best Case,Best Case
OPP-0007520,2025-06-06,Commit,Commit
OPP-0007520,2025-06-13,Commit,Commit
OPP-0007520,2025-06-20,Commit,Commit
OPP-0007520,2025-06-27,Commit,Commit
OPP-0007521,2025-06-06,Commit,Commit
OPP-0007521,2025-06-13,Commit,Commit
OPP-0007521,2025-06-20,Commit,Commit
OPP-0007521,2025-06-27,Commit,Commit
OPP-0007522,2025-06-06,Commit,Commit
OPP-0007522,2025-06-13,Commit,Commit
OPP-0007522,2025-06-20,Commit,Commit
OPP-0007522,2025-06-27,Commit,Commit
OPP-0007523,2025-06-06,Commit,Commit
OPP-0007523,2025-06-13,Commit,Commit
OPP-0007523,2025-06-20,Commit,Commit
OPP-0007523,2025-06-27,Commit,Commit
OPP-0007523,2025-07-04,Commit,Commit
OPP-0007523,2025-07-11,Commit,Commit
OPP-0007523,2025-07-18,Commit,Commit
OPP-0007523,2025-07-25,Commit,Commit
OPP-0007524,2025-06-06,Pipeline,Pipeline
OPP-0007524,2025-06-13,Best Case,Best Case
OPP-0007524,2025-06-20,Best Case,Best Case
OPP-0007524,2025-06-27,Pipeline,Pipeline
OPP-0007530,2025-06-06,Commit,Commit
OPP-0007530,2025-06-13,Commit,Commit
OPP-0007530,2025-06-20,Commit,Commit
OPP-0007530,2025-06-27,Commit,Commit
OPP-0007531,2025-06-06,Commit,Commit
OPP-0007531,2025-06-13,Commit,Commit
OPP-0007531,2025-06-20,Commit,Commit
OPP-0007531,2025-06-27,Commit,Commit
OPP-0007532,2025-06-06,Pipeline,Omitted
OPP-0007532,2025-06-13,Pipeline,Pipeline
OPP-0007532,2025-06-20,Pipeline,Pipeline
OPP-0007532,2025-06-27,Best Case,Best Case
OPP-0007532,2025-07-04,Pipeline,Best Case
OPP-0007533,2025-06-06,Omitted,Omitted
OPP-0007533,2025-06-13,Omitted,Omitted
OPP-0007533,2025-06-20,Omitted,Pipeline
OPP-0007533,2025-06-27,Omitted,Omitted
OPP-0007533,2025-07-04,Omitted,Omitted
OPP-0007533,2025-07-11,Pipeline,Omitted
OPP-0007533,2025-07-18,Omitted,Pipeline
OPP-0007533,2025-07-25,Omitted,Pipeline
OPP-0007533,2025-08-01,Pipeline,Pipeline
OPP-0007533,2025-08-08,Pipeline,Pipeline
OPP-0007533,2025-08-15,Omitted,Pipeline
OPP-0007533,2025-08-22,Omitted,Pipeline
OPP-0007533,2025-08-29,Pipeline,Omitted
OPP-0007533,2025-09-05,Pipeline,Pipeline
OPP-0007533,2025-09-12,Omitted,Pipeline
OPP-0007533,2025-09-19,Pipeline,Omitted
OPP-0007533,2025-09-26,Omitted,Pipeline
OPP-0007534,2025-06-06,Best Case,Pipeline
OPP-0007534,2025-06-13,Best Case,Pipeline
OPP-0007534,2025-06-20,Pipeline,Pipeline
OPP-0007534,2025-06-27,Pipeline,Pipeline
OPP-0007534,2025-07-04,Best Case,Pipeline
OPP-0007534,2025-07-11,Best Case,Pipeline
OPP-0007535,2025-06-06,Best Case,Best Case
OPP-0007535,2025-06-13,Best Case,Best Case
OPP-0007540,2025-06-06,Commit,Commit
OPP-0007540,2025-06-13,Commit,Commit
OPP-0007540,2025-06-20,Commit,Commit
OPP-0007540,2025-06-27,Commit,Commit
OPP-0007541,2025-06-06,Omitted,Omitted
OPP-0007541,2025-06-13,Omitted,Omitted
OPP-0007541,2025-06-20,Omitted,Omitted
OPP-0007541,2025-06-27,Omitted,Omitted
OPP-0007541,2025-07-04,Omitted,Omitted
OPP-0007541,2025-07-11,Omitted,Omitted
OPP-0007541,2025-07-18,Omitted,Omitted
OPP-0007541,2025-07-25,Omitted,Omitted
OPP-0007541,2025-08-01,Omitted,Omitted
OPP-0007541,2025-08-08,Omitted,Omitted
OPP-0007541,2025-08-15,Omitted,Omitted
OPP-0007541,2025-08-22,Omitted,Omitted
OPP-0007541,2025-08-29,Omitted,Pipeline
OPP-0007541,2025-09-05,Omitted,Pipeline
OPP-0007541,2025-09-12,Pipeline,Pipeline
OPP-0007541,2025-09-19,Pipeline,Pipeline
OPP-0007541,2025-09-26,Omitted,Omitted
OPP-0007541,2025-10-03,Omitted,Omitted
OPP-0007541,2025-10-10,Omitted,Omitted
OPP-0007541,2025-10-17,Omitted,Omitted
OPP-0007541,2025-10-24,Omitted,Pipeline
OPP-0007542,2025-06-06,Commit,Commit
OPP-0007542,2025-06-13,Commit,Commit
OPP-0007542,2025-06-20,Commit,Commit
OPP-0007542,2025-06-27,Commit,Commit
OPP-0007542,2025-07-04,Commit,Commit
OPP-0007543,2025-06-06,Commit,Commit
OPP-0007543,2025-06-13,Commit,Commit
OPP-0007543,2025-06-20,Commit,Commit
OPP-0007543,2025-06-27,Best Case,Commit
OPP-0007543,2025-07-04,Best Case,Pipeline
OPP-0007543,2025-07-11,Best Case,Best Case
OPP-0007543,2025-07-18,Best Case,Pipeline
OPP-0007543,2025-07-25,Commit,Commit
OPP-0007543,2025-08-01,Best Case,Commit
OPP-0007543,2025-08-08,Commit,Best Case
OPP-0007543,2025-08-15,Commit,Best Case
OPP-0007544,2025-06-06,Commit,Commit
OPP-0007544,2025-06-13,Commit,Commit
OPP-0007544,2025-06-20,Commit,Commit
OPP-0007544,2025-06-27,Commit,Commit
OPP-0007544,2025-07-04,Commit,Commit
OPP-0007545,2025-06-06,Commit,Commit
OPP-0007545,2025-06-13,Commit,Best Case
OPP-0007545,2025-06-20,Commit,Best Case
OPP-0007545,2025-06-27,Commit,Best Case
OPP-0007545,2025-07-04,Commit,Best Case
OPP-0007545,2025-07-11,Commit,Best Case
OPP-0007545,2025-07-18,Commit,Best Case
OPP-0007545,2025-07-25,Commit,Commit
OPP-0007545,2025-08-01,Commit,Best Case
OPP-0007545,2025-08-08,Commit,Commit
OPP-0007545,2025-08-15,Commit,Best Case
OPP-0007545,2025-08-22,Commit,Best Case
OPP-0007545,2025-08-29,Commit,Commit
OPP-0007553,2025-06-06,Commit,Commit
OPP-0007553,2025-06-13,Commit,Commit
OPP-0007553,2025-06-20,Commit,Commit
OPP-0007553,2025-06-27,Commit,Commit
OPP-0007554,2025-06-06,Commit,Commit
OPP-0007554,2025-06-13,Commit,Commit
OPP-0007554,2025-06-20,Commit,Best Case
OPP-0007554,2025-06-27,Commit,Best Case
OPP-0007555,2025-06-06,Omitted,Omitted
OPP-0007555,2025-06-13,Pipeline,Omitted
OPP-0007555,2025-06-20,Pipeline,Omitted
OPP-0007555,2025-06-27,Omitted,Omitted
OPP-0007555,2025-07-04,Pipeline,Pipeline
OPP-0007555,2025-07-11,Best Case,Best Case
OPP-0007555,2025-07-18,Best Case,Pipeline
OPP-0007556,2025-06-06,Best Case,Best Case
OPP-0007556,2025-06-13,Commit,Commit
OPP-0007556,2025-06-20,Commit,Commit
OPP-0007557,2025-06-06,Best Case,Best Case
OPP-0007557,2025-06-13,Best Case,Pipeline
OPP-0007557,2025-06-20,Pipeline,Best Case
OPP-0007557,2025-06-27,Commit,Best Case
OPP-0007557,2025-07-04,Best Case,Commit
OPP-0007557,2025-07-11,Commit,Commit
OPP-0007557,2025-07-18,Commit,Commit
OPP-0007557,2025-07-25,Commit,Commit
OPP-0007557,2025-08-01,Commit,Best Case
OPP-0007557,2025-08-08,Commit,Best Case
OPP-0007557,2025-08-15,Commit,Best Case
OPP-0007557,2025-08-22,Commit,Best Case
OPP-0007557,2025-08-29,Commit,Best Case
OPP-0007557,2025-09-05,Commit,Commit
OPP-0007558,2025-06-06,Commit,Pipeline
OPP-0007558,2025-06-13,Best Case,Pipeline
OPP-0007558,2025-06-20,Commit,Best Case
OPP-0007558,2025-06-27,Commit,Pipeline
OPP-0007558,2025-07-04,Best Case,Pipeline
OPP-0007558,2025-07-11,Best Case,Pipeline
OPP-0007558,2025-07-18,Best Case,Best Case
OPP-0007558,2025-07-25,Commit,Best Case
OPP-0007566,2025-06-06,Commit,Commit
OPP-0007566,2025-06-13,Commit,Commit
OPP-0007566,2025-06-20,Commit,Commit
OPP-0007566,2025-06-27,Commit,Commit
OPP-0007567,2025-06-06,Commit,Commit
OPP-0007567,2025-06-13,Commit,Commit
OPP-0007567,2025-06-20,Commit,Commit
OPP-0007567,2025-06-27,Commit,Commit
OPP-0007568,2025-06-06,Commit,Commit
OPP-0007568,2025-06-13,Commit,Commit
OPP-0007568,2025-06-20,Commit,Commit
OPP-0007568,2025-06-27,Commit,Commit
OPP-0007569,2025-06-06,Pipeline,Pipeline
OPP-0007569,2025-06-13,Pipeline,Pipeline
OPP-0007569,2025-06-20,Best Case,Pipeline
OPP-0007569,2025-06-27,Best Case,Best Case
OPP-0007570,2025-06-06,Pipeline,Pipeline
OPP-0007570,2025-06-13,Best Case,Best Case
OPP-0007570,2025-06-20,Commit,Commit
OPP-0007570,2025-06-27,Best Case,Best Case
OPP-0007570,2025-07-04,Best Case,Best Case
OPP-0007571,2025-06-06,Commit,Commit
OPP-0007571,2025-06-13,Commit,Commit
OPP-0007571,2025-06-20,Commit,Commit
OPP-0007571,2025-06-27,Commit,Commit
OPP-0007571,2025-07-04,Commit,Commit
OPP-0007571,2025-07-11,Commit,Commit
OPP-0007571,2025-07-18,Commit,Commit
OPP-0007571,2025-07-25,Commit,Commit
OPP-0007572,2025-06-06,Commit,Commit
OPP-0007572,2025-06-13,Commit,Commit
OPP-0007572,2025-06-20,Commit,Commit
OPP-0007572,2025-06-27,Commit,Commit
OPP-0007572,2025-07-04,Commit,Best Case
OPP-0007572,2025-07-11,Commit,Best Case
OPP-0007573,2025-06-06,Commit,Best Case
OPP-0007573,2025-06-13,Commit,Best Case
OPP-0007573,2025-06-20,Commit,Best Case
OPP-0007573,2025-06-27,Commit,Best Case
OPP-0007573,2025-07-04,Commit,Commit
OPP-0007573,2025-07-11,Commit,Commit
OPP-0007573,2025-07-18,Commit,Commit
OPP-0007573,2025-07-25,Commit,Commit
OPP-0007574,2025-06-06,Pipeline,Pipeline
OPP-0007574,2025-06-13,Best Case,Best Case
OPP-0007574,2025-06-20,Commit,Commit
OPP-0007574,2025-06-27,Commit,Commit
OPP-0007578,2025-06-13,Pipeline,Pipeline
OPP-0007578,2025-06-20,Best Case,Pipeline
OPP-0007582,2025-06-13,Commit,Commit
OPP-0007582,2025-06-20,Commit,Commit
OPP-0007582,2025-06-27,Commit,Commit
OPP-0007583,2025-06-13,Commit,Best Case
OPP-0007583,2025-06-20,Commit,Commit
OPP-0007583,2025-06-27,Commit,Best Case
OPP-0007584,2025-06-13,Best Case,Commit
OPP-0007584,2025-06-20,Best Case,Commit
OPP-0007584,2025-06-27,Best Case,Commit
OPP-0007584,2025-07-04,Commit,Commit
OPP-0007584,2025-07-11,Best Case,Commit
OPP-0007584,2025-07-18,Commit,Commit
OPP-0007584,2025-07-25,Commit,Best Case
OPP-0007584,2025-08-01,Best Case,Pipeline
OPP-0007584,2025-08-08,Commit,Commit
OPP-0007584,2025-08-15,Commit,Commit
OPP-0007591,2025-06-13,Pipeline,Pipeline
OPP-0007591,2025-06-20,Pipeline,Pipeline
OPP-0007591,2025-06-27,Best Case,Best Case
OPP-0007592,2025-06-13,Best Case,Best Case
OPP-0007592,2025-06-20,Best Case,Best Case
OPP-0007592,2025-06-27,Best Case,Best Case
OPP-0007593,2025-06-13,Commit,Commit
OPP-0007593,2025-06-20,Commit,Commit
OPP-0007593,2025-06-27,Commit,Commit
OPP-0007593,2025-07-04,Commit,Commit
OPP-0007593,2025-07-11,Commit,Commit
OPP-0007593,2025-07-18,Commit,Commit
OPP-0007593,2025-07-25,Commit,Commit
OPP-0007594,2025-06-13,Commit,Commit
OPP-0007594,2025-06-20,Commit,Commit
OPP-0007594,2025-06-27,Commit,Commit
OPP-0007594,2025-07-04,Commit,Commit
OPP-0007594,2025-07-11,Commit,Commit
OPP-0007594,2025-07-18,Commit,Best Case
OPP-0007594,2025-07-25,Commit,Best Case
OPP-0007594,2025-08-01,Commit,Commit
OPP-0007594,2025-08-08,Commit,Commit
OPP-0007594,2025-08-15,Commit,Commit
OPP-0007594,2025-08-22,Commit,Commit
OPP-0007594,2025-08-29,Commit,Commit
OPP-0007605,2025-06-13,Commit,Commit
OPP-0007605,2025-06-20,Commit,Commit
OPP-0007605,2025-06-27,Commit,Commit
OPP-0007606,2025-06-13,Commit,Commit
OPP-0007606,2025-06-20,Commit,Commit
OPP-0007606,2025-06-27,Commit,Commit
OPP-0007607,2025-06-13,Commit,Commit
OPP-0007607,2025-06-20,Commit,Commit
OPP-0007607,2025-06-27,Commit,Commit
OPP-0007608,2025-06-13,Commit,Commit
OPP-0007608,2025-06-20,Commit,Best Case
OPP-0007608,2025-06-27,Commit,Best Case
OPP-0007609,2025-06-13,Pipeline,Omitted
OPP-0007609,2025-06-20,Pipeline,Omitted
OPP-0007609,2025-06-27,Pipeline,Omitted
OPP-0007609,2025-07-04,Best Case,Omitted
OPP-0007609,2025-07-11,Best Case,Omitted
OPP-0007609,2025-07-18,Pipeline,Pipeline
OPP-0007609,2025-07-25,Pipeline,Pipeline
OPP-0007609,2025-08-01,Best Case,Omitted
OPP-0007609,2025-08-08,Pipeline,Pipeline
OPP-0007609,2025-08-15,Pipeline,Pipeline
OPP-0007609,2025-08-22,Best Case,Best Case
OPP-0007609,2025-08-29,Best Case,Best Case
OPP-0007609,2025-09-05,Best Case,Omitted
OPP-0007609,2025-09-12,Best Case,Omitted
OPP-0007609,2025-09-19,Best Case,Pipeline
OPP-0007609,2025-09-26,Best Case,Best Case
OPP-0007609,2025-10-03,Pipeline,Omitted
OPP-0007609,2025-10-10,Pipeline,Omitted
OPP-0007609,2025-10-17,Best Case,Omitted
OPP-0007609,2025-10-24,Pipeline,Pipeline
OPP-0007609,2025-10-31,Pipeline,Omitted
OPP-0007610,2025-06-13,Commit,Commit
OPP-0007610,2025-06-20,Commit,Commit
OPP-0007610,2025-06-27,Commit,Commit
OPP-0007610,2025-07-04,Commit,Commit
OPP-0007610,2025-07-11,Commit,Commit
OPP-0007610,2025-07-18,Commit,Commit
OPP-0007610,2025-07-25,Commit,Commit
OPP-0007618,2025-06-13,Commit,Commit
OPP-0007618,2025-06-20,Commit,Commit
OPP-0007618,2025-06-27,Commit,Commit
OPP-0007619,2025-06-13,Pipeline,Pipeline
OPP-0007619,2025-06-20,Pipeline,Best Case
OPP-0007619,2025-06-27,Best Case,Pipeline
OPP-0007619,2025-07-04,Best Case,Best Case
OPP-0007620,2025-06-13,Omitted,Pipeline
OPP-0007620,2025-06-20,Pipeline,Pipeline
OPP-0007620,2025-06-27,Pipeline,Pipeline
OPP-0007620,2025-07-04,Pipeline,Pipeline
OPP-0007620,2025-07-11,Pipeline,Pipeline
OPP-0007620,2025-07-18,Omitted,Pipeline
OPP-0007620,2025-07-25,Pipeline,Pipeline
OPP-0007620,2025-08-01,Omitted,Pipeline
OPP-0007620,2025-08-08,Omitted,Pipeline
OPP-0007620,2025-08-15,Pipeline,Pipeline
OPP-0007620,2025-08-22,Omitted,Omitted
OPP-0007620,2025-08-29,Pipeline,Omitted
OPP-0007620,2025-09-05,Omitted,Pipeline
OPP-0007620,2025-09-12,Pipeline,Omitted
OPP-0007620,2025-09-19,Commit,Commit
OPP-0007620,2025-09-26,Commit,Commit
OPP-0007621,2025-06-13,Commit,Commit
OPP-0007621,2025-06-20,Commit,Commit
OPP-0007621,2025-06-27,Commit,Commit
OPP-0007621,2025-07-04,Commit,Commit
OPP-0007621,2025-07-11,Commit,Commit
OPP-0007621,2025-07-18,Commit,Commit
OPP-0007621,2025-07-25,Commit,Commit
OPP-0007621,2025-08-01,Commit,Commit
OPP-0007621,2025-08-08,Commit,Commit
OPP-0007621,2025-08-15,Commit,Commit
OPP-0007621,2025-08-22,Commit,Commit
OPP-0007621,2025-08-29,Commit,Commit
OPP-0007622,2025-06-13,Pipeline,Omitted
OPP-0007622,2025-06-20,Pipeline,Pipeline
OPP-0007622,2025-06-27,Best Case,Best Case
OPP-0007627,2025-06-13,Commit,Commit
OPP-0007627,2025-06-20,Commit,Commit
OPP-0007627,2025-06-27,Commit,Commit
OPP-0007628,2025-06-13,Commit,Commit
OPP-0007628,2025-06-20,Commit,Commit
OPP-0007628,2025-06-27,Commit,Commit
OPP-0007629,2025-06-13,Best Case,Best Case
OPP-0007629,2025-06-20,Best Case,Commit
OPP-0007629,2025-06-27,Commit,Commit
OPP-0007629,2025-07-04,Commit,Commit
OPP-0007629,2025-07-11,Commit,Commit
OPP-0007629,2025-07-18,Commit,Commit
OPP-0007629,2025-07-25,Commit,Commit
OPP-0007630,2025-06-13,Commit,Commit
OPP-0007630,2025-06-20,Commit,Commit
OPP-0007630,2025-06-27,Commit,Commit
OPP-0007630,2025-07-04,Commit,Commit
OPP-0007630,2025-07-11,Commit,Commit
OPP-0007630,2025-07-18,Commit,Commit
OPP-0007630,2025-07-25,Commit,Commit
OPP-0007630,2025-08-01,Commit,Commit
OPP-0007630,2025-08-08,Commit,Commit
OPP-0007630,2025-08-15,Commit,Commit
OPP-0007630,2025-08-22,Commit,Commit
OPP-0007630,2025-08-29,Commit,Commit
OPP-0007639,2025-06-13,Commit,Commit
OPP-0007639,2025-06-20,Commit,Commit
OPP-0007639,2025-06-27,Commit,Commit
OPP-0007640,2025-06-13,Commit,Commit
OPP-0007640,2025-06-20,Commit,Commit
OPP-0007640,2025-06-27,Commit,Commit
OPP-0007641,2025-06-13,Commit,Commit
OPP-0007641,2025-06-20,Commit,Commit
OPP-0007641,2025-06-27,Commit,Commit
OPP-0007641,2025-07-04,Commit,Commit
OPP-0007641,2025-07-11,Commit,Commit
OPP-0007641,2025-07-18,Commit,Commit
OPP-0007641,2025-07-25,Commit,Commit
OPP-0007642,2025-06-13,Best Case,Commit
OPP-0007642,2025-06-20,Commit,Best Case
OPP-0007642,2025-06-27,Best Case,Pipeline
OPP-0007642,2025-07-04,Best Case,Pipeline
OPP-0007642,2025-07-11,Commit,Best Case
OPP-0007642,2025-07-18,Commit,Best Case
OPP-0007642,2025-07-25,Commit,Commit
OPP-0007642,2025-08-01,Commit,Best Case
OPP-0007642,2025-08-08,Commit,Commit
OPP-0007642,2025-08-15,Commit,Best Case
OPP-0007642,2025-08-22,Commit,Best Case
OPP-0007642,2025-08-29,Commit,Commit
OPP-0007643,2025-06-13,Pipeline,Pipeline
OPP-0007643,2025-06-20,Best Case,Best Case
OPP-0007643,2025-06-27,Best Case,Best Case
OPP-0007643,2025-07-04,Commit,Commit
OPP-0007643,2025-07-11,Commit,Best Case
OPP-0007643,2025-07-18,Best Case,Best Case
OPP-0007643,2025-07-25,Best Case,Best Case
OPP-0007651,2025-06-20,Commit,Best Case
OPP-0007651,2025-06-27,Commit,Best Case
OPP-0007652,2025-06-20,Pipeline,Pipeline
OPP-0007652,2025-06-27,Best Case,Best Case
OPP-0007653,2025-06-20,Commit,Commit
OPP-0007653,2025-06-27,Commit,Commit
OPP-0007653,2025-07-04,Commit,Best Case
OPP-0007653,2025-07-11,Commit,Best Case
OPP-0007654,2025-06-20,Commit,Commit
OPP-0007654,2025-06-27,Commit,Commit
OPP-0007654,2025-07-04,Commit,Commit
OPP-0007654,2025-07-11,Commit,Commit
OPP-0007654,2025-07-18,Commit,Commit
OPP-0007654,2025-07-25,Commit,Commit
OPP-0007654,2025-08-01,Commit,Commit
OPP-0007654,2025-08-08,Commit,Commit
OPP-0007654,2025-08-15,Commit,Commit
OPP-0007654,2025-08-22,Commit,Commit
OPP-0007654,2025-08-29,Commit,Commit
OPP-0007655,2025-06-20,Pipeline,Omitted
OPP-0007655,2025-06-27,Pipeline,Pipeline
OPP-0007655,2025-07-04,Pipeline,Best Case
OPP-0007655,2025-07-11,Best Case,Pipeline
OPP-0007655,2025-07-18,Best Case,Best Case
OPP-0007655,2025-07-25,Best Case,Pipeline
OPP-0007656,2025-06-20,Commit,Best Case
OPP-0007656,2025-06-27,Commit,Best Case
OPP-0007656,2025-07-04,Commit,Best Case
OPP-0007656,2025-07-11,Commit,Best Case
OPP-0007656,2025-07-18,Commit,Commit
OPP-0007656,2025-07-25,Commit,Commit
OPP-0007656,2025-08-01,Commit,Best Case
OPP-0007656,2025-08-08,Commit,Best Case
OPP-0007656,2025-08-15,Commit,Best Case
OPP-0007656,2025-08-22,Commit,Best Case
OPP-0007656,2025-08-29,Commit,Best Case
OPP-0007657,2025-06-20,Commit,Commit
OPP-0007657,2025-06-27,Commit,Best Case
OPP-0007657,2025-07-04,Commit,Best Case
OPP-0007657,2025-07-11,Commit,Best Case
OPP-0007657,2025-07-18,Commit,Best Case
OPP-0007657,2025-07-25,Commit,Best Case
OPP-0007657,2025-08-01,Commit,Commit
OPP-0007657,2025-08-08,Commit,Best Case
OPP-0007657,2025-08-15,Commit,Best Case
OPP-0007657,2025-08-22,Commit,Best Case
OPP-0007657,2025-08-29,Commit,Best Case
OPP-0007668,2025-06-20,Commit,Commit
OPP-0007668,2025-06-27,Commit,Commit
OPP-0007669,2025-06-20,Best Case,Pipeline
OPP-0007669,2025-06-27,Best Case,Best Case
OPP-0007669,2025-07-04,Best Case,Best Case
OPP-0007670,2025-06-20,Commit,Commit
OPP-0007670,2025-06-27,Commit,Commit
OPP-0007670,2025-07-04,Commit,Commit
OPP-0007670,2025-07-11,Commit,Commit
OPP-0007670,2025-07-18,Commit,Commit
OPP-0007670,2025-07-25,Commit,Commit
OPP-0007670,2025-08-01,Commit,Commit
OPP-0007670,2025-08-08,Commit,Best Case
OPP-0007670,2025-08-15,Commit,Best Case
OPP-0007670,2025-08-22,Commit,Best Case
OPP-0007678,2025-06-20,Commit,Commit
OPP-0007678,2025-06-27,Commit,Commit
OPP-0007679,2025-06-20,Pipeline,Omitted
OPP-0007679,2025-06-27,Best Case,Pipeline
OPP-0007679,2025-07-04,Best Case,Pipeline
OPP-0007679,2025-07-11,Pipeline,Pipeline
OPP-0007680,2025-06-20,Omitted,Omitted
OPP-0007680,2025-06-27,Omitted,Omitted
OPP-0007680,2025-07-04,Pipeline,Omitted
OPP-0007680,2025-07-11,Omitted,Omitted
OPP-0007680,2025-07-18,Pipeline,Omitted
OPP-0007680,2025-07-25,Omitted,Omitted
OPP-0007680,2025-08-01,Pipeline,Omitted
OPP-0007680,2025-08-08,Omitted,Omitted
OPP-0007680,2025-08-15,Omitted,Omitted
OPP-0007680,2025-08-22,Pipeline,Omitted
OPP-0007680,2025-08-29,Pipeline,Omitted
OPP-0007680,2025-09-05,Omitted,Omitted
OPP-0007680,2025-09-12,Omitted,Omitted
OPP-0007680,2025-09-19,Pipeline,Pipeline
OPP-0007680,2025-09-26,Omitted,Pipeline
OPP-0007680,2025-10-03,Pipeline,Pipeline
OPP-0007680,2025-10-10,Best Case,Best Case
OPP-0007680,2025-10-17,Best Case,Best Case
OPP-0007680,2025-10-24,Best Case,Pipeline
OPP-0007680,2025-10-31,Omitted,Pipeline
OPP-0007680,2025-11-07,Best Case,Best Case
OPP-0007680,2025-11-14,Best Case,Best Case
OPP-0007680,2025-11-21,Best Case,Best Case
OPP-0007681,2025-06-20,Commit,Commit
OPP-0007681,2025-06-27,Commit,Commit
OPP-0007681,2025-07-04,Commit,Commit
OPP-0007681,2025-07-11,Commit,Commit
OPP-0007681,2025-07-18,Commit,Commit
OPP-0007681,2025-07-25,Commit,Commit
OPP-0007681,2025-08-01,Commit,Commit
OPP-0007682,2025-06-20,Commit,Commit
OPP-0007682,2025-06-27,Best Case,Commit
OPP-0007682,2025-07-04,Commit,Commit
OPP-0007682,2025-07-11,Commit,Commit
OPP-0007682,2025-07-18,Commit,Commit
OPP-0007682,2025-07-25,Commit,Commit
OPP-0007682,2025-08-01,Commit,Commit
OPP-0007682,2025-08-08,Commit,Commit
OPP-0007682,2025-08-15,Commit,Commit
OPP-0007683,2025-06-20,Commit,Commit
OPP-0007683,2025-06-27,Commit,Commit
OPP-0007683,2025-07-04,Best Case,Best Case
OPP-0007683,2025-07-11,Commit,Best Case
OPP-0007683,2025-07-18,Commit,Best Case
OPP-0007683,2025-07-25,Best Case,Commit
OPP-0007683,2025-08-01,Commit,Best Case
OPP-0007683,2025-08-08,Commit,Best Case
OPP-0007683,2025-08-15,Commit,Best Case
OPP-0007683,2025-08-22,Commit,Best Case
OPP-0007683,2025-08-29,Commit,Best Case
OPP-0007695,2025-06-20,Commit,Commit
OPP-0007695,2025-06-27,Commit,Commit
OPP-0007696,2025-06-20,Commit,Commit
OPP-0007696,2025-06-27,Commit,Commit
OPP-0007696,2025-07-04,Commit,Commit
OPP-0007696,2025-07-11,Commit,Commit
OPP-0007696,2025-07-18,Commit,Commit
OPP-0007696,2025-07-25,Commit,Commit
OPP-0007697,2025-06-20,Commit,Commit
OPP-0007697,2025-06-27,Commit,Commit
OPP-0007698,2025-06-20,Omitted,Omitted
OPP-0007698,2025-06-27,Pipeline,Pipeline
OPP-0007698,2025-07-04,Pipeline,Omitted
OPP-0007698,2025-07-11,Pipeline,Pipeline
OPP-0007698,2025-07-18,Pipeline,Pipeline
OPP-0007698,2025-07-25,Best Case,Pipeline
OPP-0007698,2025-08-01,Pipeline,Omitted
OPP-0007698,2025-08-08,Pipeline,Omitted
OPP-0007698,2025-08-15,Omitted,Omitted
OPP-0007699,2025-06-20,Commit,Commit
OPP-0007699,2025-06-27,Commit,Commit
OPP-0007699,2025-07-04,Commit,Commit
OPP-0007699,2025-07-11,Commit,Commit
OPP-0007699,2025-07-18,Commit,Commit
OPP-0007699,2025-07-25,Commit,Commit
OPP-0007699,2025-08-01,Best Case,Commit
OPP-0007699,2025-08-08,Commit,Commit
OPP-0007699,2025-08-15,Commit,Commit
OPP-0007699,2025-08-22,Commit,Commit
OPP-0007699,2025-08-29,Commit,Commit
OPP-0007699,2025-09-05,Commit,Commit
OPP-0007716,2025-06-20,Commit,Commit
OPP-0007716,2025-06-27,Commit,Commit
OPP-0007716,2025-07-04,Commit,Commit
OPP-0007716,2025-07-11,Commit,Commit
OPP-0007716,2025-07-18,Commit,Commit
OPP-0007716,2025-07-25,Commit,Commit
OPP-0007717,2025-06-20,Commit,Commit
OPP-0007717,2025-06-27,Commit,Commit
OPP-0007717,2025-07-04,Commit,Commit
OPP-0007717,2025-07-11,Commit,Commit
OPP-0007717,2025-07-18,Commit,Commit
OPP-0007717,2025-07-25,Commit,Commit
OPP-0007718,2025-06-20,Commit,Commit
OPP-0007718,2025-06-27,Commit,Commit
OPP-0007718,2025-07-04,Commit,Commit
OPP-0007718,2025-07-11,Commit,Commit
OPP-0007718,2025-07-18,Commit,Commit
OPP-0007718,2025-07-25,Commit,Best Case
OPP-0007719,2025-06-20,Pipeline,Pipeline
OPP-0007719,2025-06-27,Pipeline,Pipeline
OPP-0007719,2025-07-04,Pipeline,Pipeline
OPP-0007719,2025-07-11,Commit,Pipeline
OPP-0007719,2025-07-18,Best Case,Best Case
OPP-0007719,2025-07-25,Pipeline,Pipeline
OPP-0007720,2025-06-20,Pipeline,Pipeline
OPP-0007720,2025-06-27,Best Case,Best Case
OPP-0007720,2025-07-04,Pipeline,Pipeline
OPP-0007720,2025-07-11,Pipeline,Pipeline
OPP-0007720,2025-07-18,Best Case,Best Case
OPP-0007720,2025-07-25,Pipeline,Pipeline
OPP-0007720,2025-08-01,Pipeline,Pipeline
OPP-0007720,2025-08-08,Best Case,Best Case
OPP-0007720,2025-08-15,Best Case,Best Case
OPP-0007720,2025-08-22,Best Case,Pipeline
OPP-0007720,2025-08-29,Best Case,Pipeline
OPP-0007720,2025-09-05,Best Case,Best Case
OPP-0007720,2025-09-12,Best Case,Best Case
OPP-0007720,2025-09-19,Best Case,Best Case
OPP-0007720,2025-09-26,Best Case,Best Case
OPP-0007720,2025-10-03,Commit,Commit
OPP-0007720,2025-10-10,Commit,Commit
OPP-0007720,2025-10-17,Commit,Commit
OPP-0007720,2025-10-24,Commit,Commit
OPP-0007720,2025-10-31,Commit,Commit
OPP-0007720,2025-11-07,Commit,Commit
OPP-0007721,2025-06-20,Commit,Commit
OPP-0007721,2025-06-27,Commit,Commit
OPP-0007721,2025-07-04,Commit,Commit
OPP-0007721,2025-07-11,Commit,Commit
OPP-0007721,2025-07-18,Commit,Best Case
OPP-0007721,2025-07-25,Commit,Commit
OPP-0007721,2025-08-01,Commit,Commit
OPP-0007721,2025-08-08,Commit,Commit
OPP-0007721,2025-08-15,Commit,Commit
OPP-0007721,2025-08-22,Commit,Commit
OPP-0007721,2025-08-29,Commit,Commit
OPP-0007721,2025-09-05,Commit,Commit
OPP-0007721,2025-09-12,Commit,Commit
OPP-0007721,2025-09-19,Commit,Commit
OPP-0007721,2025-09-26,Commit,Commit
OPP-0007721,2025-10-03,Commit,Best Case
OPP-0007721,2025-10-10,Commit,Commit
OPP-0007721,2025-10-17,Commit,Commit
OPP-0007721,2025-10-24,Commit,Commit
OPP-0007721,2025-10-31,Commit,Commit
OPP-0007722,2025-06-20,Commit,Commit
OPP-0007722,2025-06-27,Commit,Commit
OPP-0007722,2025-07-04,Commit,Commit
OPP-0007722,2025-07-11,Commit,Commit
OPP-0007722,2025-07-18,Commit,Commit
OPP-0007722,2025-07-25,Commit,Commit
OPP-0007723,2025-06-20,Commit,Commit
OPP-0007723,2025-06-27,Commit,Commit
OPP-0007723,2025-07-04,Commit,Commit
OPP-0007723,2025-07-11,Commit,Commit
OPP-0007723,2025-07-18,Commit,Commit
OPP-0007723,2025-07-25,Commit,Commit
OPP-0007724,2025-06-20,Commit,Commit
OPP-0007724,2025-06-27,Commit,Commit
OPP-0007724,2025-07-04,Best Case,Pipeline
OPP-0007724,2025-07-11,Commit,Best Case
OPP-0007724,2025-07-18,Commit,Best Case
OPP-0007724,2025-07-25,Commit,Best Case
OPP-0007724,2025-08-01,Commit,Best Case
OPP-0007724,2025-08-08,Commit,Best Case
OPP-0007724,2025-08-15,Commit,Best Case
OPP-0007724,2025-08-22,Commit,Best Case
OPP-0007724,2025-08-29,Commit,Best Case
OPP-0007724,2025-09-05,Commit,Best Case
OPP-0007725,2025-06-20,Commit,Best Case
OPP-0007725,2025-06-27,Commit,Best Case
OPP-0007725,2025-07-04,Best Case,Pipeline
OPP-0007725,2025-07-11,Commit,Best Case
OPP-0007725,2025-07-18,Best Case,Pipeline
OPP-0007725,2025-07-25,Commit,Best Case
OPP-0007726,2025-06-20,Best Case,Best Case
OPP-0007726,2025-06-27,Best Case,Best Case
OPP-0007726,2025-07-04,Best Case,Pipeline
OPP-0007726,2025-07-11,Best Case,Best Case
OPP-0007726,2025-07-18,Commit,Best Case
OPP-0007737,2025-06-20,Commit,Best Case
OPP-0007737,2025-06-27,Commit,Best Case
OPP-0007737,2025-07-04,Commit,Commit
OPP-0007737,2025-07-11,Commit,Best Case
OPP-0007737,2025-07-18,Commit,Best Case
OPP-0007737,2025-07-25,Commit,Commit
OPP-0007738,2025-06-20,Omitted,Omitted
OPP-0007738,2025-06-27,Omitted,Omitted
OPP-0007738,2025-07-04,Pipeline,Omitted
OPP-0007738,2025-07-11,Omitted,Omitted
OPP-0007738,2025-07-18,Pipeline,Omitted
OPP-0007738,2025-07-25,Pipeline,Pipeline
OPP-0007738,2025-08-01,Pipeline,Omitted
OPP-0007738,2025-08-08,Pipeline,Omitted
OPP-0007738,2025-08-15,Pipeline,Pipeline
OPP-0007738,2025-08-22,Pipeline,Omitted
OPP-0007738,2025-08-29,Pipeline,Omitted
OPP-0007738,2025-09-05,Pipeline,Omitted
OPP-0007738,2025-09-12,Pipeline,Omitted
OPP-0007738,2025-09-19,Pipeline,Omitted
OPP-0007738,2025-09-26,Pipeline,Pipeline
OPP-0007738,2025-10-03,Pipeline,Pipeline
OPP-0007738,2025-10-10,Omitted,Omitted
OPP-0007738,2025-10-17,Omitted,Omitted
OPP-0007738,2025-10-24,Omitted,Omitted
OPP-0007738,2025-10-31,Pipeline,Omitted
OPP-0007738,2025-11-07,Pipeline,Omitted
OPP-0007738,2025-11-14,Pipeline,Pipeline
OPP-0007738,2025-11-21,Pipeline,Omitted
OPP-0007738,2025-11-28,Pipeline,Omitted
OPP-0007739,2025-06-20,Commit,Best Case
OPP-0007739,2025-06-27,Commit,Best Case
OPP-0007739,2025-07-04,Commit,Commit
OPP-0007739,2025-07-11,Commit,Best Case
OPP-0007739,2025-07-18,Commit,Best Case
OPP-0007739,2025-07-25,Commit,Commit
OPP-0007739,2025-08-01,Commit,Commit
OPP-0007739,2025-08-08,Commit,Commit
OPP-0007739,2025-08-15,Commit,Commit
OPP-0007739,2025-08-22,Commit,Best Case
OPP-0007739,2025-08-29,Commit,Best Case
OPP-0007739,2025-09-05,Commit,Best Case
OPP-0007739,2025-09-12,Commit,Best Case
OPP-0007739,2025-09-19,Commit,Best Case
OPP-0007739,2025-09-26,Commit,Best Case
OPP-0007739,2025-10-03,Commit,Commit
OPP-0007739,2025-10-10,Commit,Best Case
OPP-0007739,2025-10-17,Commit,Best Case
OPP-0007739,2025-10-24,Commit,Commit
OPP-0007740,2025-06-20,Pipeline,Pipeline
OPP-0007740,2025-06-27,Best Case,Best Case
OPP-0007740,2025-07-04,Pipeline,Pipeline
OPP-0007740,2025-07-11,Best Case,Best Case
OPP-0007740,2025-07-18,Best Case,Best Case
OPP-0007740,2025-07-25,Best Case,Best Case
OPP-0007740,2025-08-01,Best Case,Best Case
OPP-0007746,2025-06-27,Commit,Commit
OPP-0007746,2025-07-04,Commit,Commit
OPP-0007746,2025-07-11,Commit,Commit
OPP-0007746,2025-07-18,Commit,Commit
OPP-0007746,2025-07-25,Commit,Commit
OPP-0007747,2025-06-27,Commit,Commit
OPP-0007747,2025-07-04,Commit,Commit
OPP-0007747,2025-07-11,Commit,Commit
OPP-0007747,2025-07-18,Commit,Commit
OPP-0007747,2025-07-25,Commit,Commit
OPP-0007748,2025-06-27,Best Case,Best Case
OPP-0007748,2025-07-04,Best Case,Best Case
OPP-0007749,2025-06-27,Best Case,Omitted
OPP-0007749,2025-07-04,Best Case,Omitted
OPP-0007749,2025-07-11,Best Case,Pipeline
OPP-0007750,2025-06-27,Pipeline,Best Case
OPP-0007750,2025-07-04,Commit,Commit
OPP-0007750,2025-07-11,Best Case,Best Case
OPP-0007751,2025-06-27,Commit,Pipeline
OPP-0007751,2025-07-04,Pipeline,Pipeline
OPP-0007751,2025-07-11,Best Case,Best Case
OPP-0007751,2025-07-18,Pipeline,Best Case
OPP-0007752,2025-06-27,Pipeline,Pipeline
OPP-0007752,2025-07-04,Best Case,Best Case
OPP-0007752,2025-07-11,Best Case,Best Case
OPP-0007752,2025-07-18,Commit,Commit
OPP-0007753,2025-06-27,Commit,Commit
OPP-0007753,2025-07-04,Commit,Commit
OPP-0007753,2025-07-11,Commit,Best Case
OPP-0007753,2025-07-18,Commit,Commit
OPP-0007753,2025-07-25,Commit,Commit
OPP-0007753,2025-08-01,Commit,Commit
OPP-0007753,2025-08-08,Commit,Commit
OPP-0007753,2025-08-15,Commit,Commit
OPP-0007753,2025-08-22,Commit,Best Case
OPP-0007753,2025-08-29,Commit,Best Case
OPP-0007759,2025-06-27,Commit,Best Case
OPP-0007759,2025-07-04,Best Case,Pipeline
OPP-0007759,2025-07-11,Best Case,Pipeline
OPP-0007759,2025-07-18,Commit,Best Case
OPP-0007759,2025-07-25,Commit,Best Case
OPP-0007760,2025-06-27,Pipeline,Pipeline
OPP-0007760,2025-07-04,Omitted,Pipeline
OPP-0007760,2025-07-11,Pipeline,Pipeline
OPP-0007760,2025-07-18,Pipeline,Pipeline
OPP-0007760,2025-07-25,Omitted,Pipeline
OPP-0007760,2025-08-01,Pipeline,Pipeline
OPP-0007760,2025-08-08,Pipeline,Pipeline
OPP-0007760,2025-08-15,Pipeline,Pipeline
OPP-0007760,2025-08-22,Pipeline,Pipeline
OPP-0007760,2025-08-29,Pipeline,Pipeline
OPP-0007760,2025-09-05,Pipeline,Pipeline
OPP-0007760,2025-09-12,Best Case,Best Case
OPP-0007760,2025-09-19,Commit,Commit
OPP-0007760,2025-09-26,Commit,Commit
OPP-0007760,2025-10-03,Commit,Commit
OPP-0007760,2025-10-10,Commit,Commit
OPP-0007760,2025-10-17,Commit,Commit
OPP-0007760,2025-10-24,Best Case,Commit
OPP-0007760,2025-10-31,Commit,Commit
OPP-0007765,2025-06-27,Commit,Commit
OPP-0007765,2025-07-04,Commit,Commit
OPP-0007765,2025-07-11,Commit,Commit
OPP-0007765,2025-07-18,Commit,Commit
OPP-0007765,2025-07-25,Commit,Commit
OPP-0007766,2025-06-27,Commit,Commit
OPP-0007766,2025-07-04,Commit,Commit
OPP-0007766,2025-07-11,Commit,Commit
OPP-0007766,2025-07-18,Commit,Commit
OPP-0007766,2025-07-25,Commit,Commit
OPP-0007767,2025-06-27,Commit,Commit
OPP-0007767,2025-07-04,Commit,Commit
OPP-0007767,2025-07-11,Commit,Commit
OPP-0007767,2025-07-18,Commit,Commit
OPP-0007767,2025-07-25,Commit,Commit
OPP-0007768,2025-06-27,Omitted,Omitted
OPP-0007768,2025-07-04,Omitted,Omitted
OPP-0007768,2025-07-11,Pipeline,Omitted
OPP-0007768,2025-07-18,Pipeline,Pipeline
OPP-0007768,2025-07-25,Pipeline,Pipeline
OPP-0007769,2025-06-27,Pipeline,Pipeline
OPP-0007769,2025-07-04,Pipeline,Pipeline
OPP-0007769,2025-07-11,Pipeline,Pipeline
OPP-0007769,2025-07-18,Best Case,Best Case
OPP-0007770,2025-06-27,Omitted,Pipeline
OPP-0007770,2025-07-04,Pipeline,Pipeline
OPP-0007770,2025-07-11,Best Case,Best Case
OPP-0007770,2025-07-18,Best Case,Best Case
OPP-0007771,2025-06-27,Commit,Commit
OPP-0007771,2025-07-04,Commit,Commit
OPP-0007771,2025-07-11,Commit,Commit
OPP-0007771,2025-07-18,Commit,Commit
OPP-0007771,2025-07-25,Commit,Commit
OPP-0007772,2025-06-27,Commit,Commit
OPP-0007772,2025-07-04,Best Case,Commit
OPP-0007772,2025-07-11,Commit,Commit
OPP-0007772,2025-07-18,Commit,Commit
OPP-0007772,2025-07-25,Commit,Commit
OPP-0007772,2025-08-01,Commit,Commit
OPP-0007772,2025-08-08,Commit,Best Case
OPP-0007772,2025-08-15,Commit,Best Case
OPP-0007783,2025-06-27,Commit,Commit
OPP-0007783,2025-07-04,Commit,Commit
OPP-0007783,2025-07-11,Commit,Commit
OPP-0007783,2025-07-18,Commit,Commit
OPP-0007783,2025-07-25,Commit,Commit
OPP-0007784,2025-06-27,Omitted,Omitted
OPP-0007784,2025-07-04,Omitted,Omitted
OPP-0007784,2025-07-11,Omitted,Omitted
OPP-0007784,2025-07-18,Omitted,Omitted
OPP-0007784,2025-07-25,Omitted,Pipeline
OPP-0007784,2025-08-01,Omitted,Omitted
OPP-0007784,2025-08-08,Omitted,Omitted
OPP-0007784,2025-08-15,Omitted,Pipeline
OPP-0007784,2025-08-22,Omitted,Omitted
OPP-0007784,2025-08-29,Omitted,Omitted
OPP-0007784,2025-09-05,Omitted,Omitted
OPP-0007784,2025-09-12,Omitted,Omitted
OPP-0007784,2025-09-19,Pipeline,Pipeline
OPP-0007785,2025-06-27,Commit,Commit
OPP-0007785,2025-07-04,Commit,Commit
OPP-0007785,2025-07-11,Commit,Commit
OPP-0007785,2025-07-18,Commit,Commit
OPP-0007785,2025-07-25,Commit,Commit
OPP-0007785,2025-08-01,Commit,Commit
OPP-0007785,2025-08-08,Commit,Commit
OPP-0007785,2025-08-15,Commit,Commit
OPP-0007789,2025-06-27,Commit,Commit
OPP-0007789,2025-07-04,Commit,Commit
OPP-0007789,2025-07-11,Commit,Commit
OPP-0007789,2025-07-18,Commit,Commit
OPP-0007789,2025-07-25,Commit,Commit
OPP-0007790,2025-06-27,Commit,Commit
OPP-0007790,2025-07-04,Commit,Commit
OPP-0007790,2025-07-11,Commit,Commit
OPP-0007790,2025-07-18,Commit,Commit
OPP-0007790,2025-07-25,Commit,Commit
OPP-0007791,2025-06-27,Pipeline,Pipeline
OPP-0007791,2025-07-04,Pipeline,Pipeline
OPP-0007791,2025-07-11,Pipeline,Pipeline
OPP-0007791,2025-07-18,Best Case,Best Case
OPP-0007791,2025-07-25,Best Case,Best Case
OPP-0007791,2025-08-01,Best Case,Best Case
OPP-0007791,2025-08-08,Best Case,Best Case
OPP-0007791,2025-08-15,Commit,Pipeline
OPP-0007791,2025-08-22,Best Case,Best Case
OPP-0007792,2025-06-27,Best Case,Pipeline
OPP-0007792,2025-07-04,Best Case,Best Case
OPP-0007792,2025-07-11,Pipeline,Pipeline
OPP-0007792,2025-07-18,Commit,Commit
OPP-0007792,2025-07-25,Best Case,Best Case
OPP-0007800,2025-06-27,Commit,Commit
OPP-0007800,2025-07-04,Commit,Commit
OPP-0007800,2025-07-11,Commit,Commit
OPP-0007800,2025-07-18,Commit,Commit
OPP-0007800,2025-07-25,Commit,Commit
OPP-0007801,2025-06-27,Pipeline,Pipeline
OPP-0007801,2025-07-04,Best Case,Best Case
OPP-0007801,2025-07-11,Best Case,Best Case
OPP-0007811,2025-06-27,Commit,Commit
OPP-0007811,2025-07-04,Commit,Commit
OPP-0007811,2025-07-11,Commit,Commit
OPP-0007811,2025-07-18,Commit,Commit
OPP-0007811,2025-07-25,Commit,Commit
OPP-0007812,2025-06-27,Pipeline,Omitted
OPP-0007812,2025-07-04,Pipeline,Pipeline
OPP-0007812,2025-07-11,Best Case,Best Case
OPP-0007812,2025-07-18,Best Case,Best Case
OPP-0007813,2025-06-27,Pipeline,Pipeline
OPP-0007813,2025-07-04,Best Case,Best Case
OPP-0007813,2025-07-11,Pipeline,Pipeline
OPP-0007814,2025-06-27,Best Case,Best Case
OPP-0007814,2025-07-04,Best Case,Best Case
OPP-0007814,2025-07-11,Best Case,Best Case
OPP-0007814,2025-07-18,Best Case,Best Case
OPP-0007822,2025-07-04,Commit,Commit
OPP-0007822,2025-07-11,Commit,Commit
OPP-0007822,2025-07-18,Commit,Commit
OPP-0007822,2025-07-25,Commit,Commit
OPP-0007823,2025-07-04,Commit,Commit
OPP-0007823,2025-07-11,Commit,Commit
OPP-0007823,2025-07-18,Commit,Best Case
OPP-0007823,2025-07-25,Commit,Best Case
OPP-0007824,2025-07-04,Commit,Best Case
OPP-0007824,2025-07-11,Commit,Best Case
OPP-0007824,2025-07-18,Commit,Best Case
OPP-0007824,2025-07-25,Commit,Best Case
OPP-0007825,2025-07-04,Best Case,Omitted
OPP-0007825,2025-07-11,Pipeline,Omitted
OPP-0007825,2025-07-18,Best Case,Best Case
OPP-0007825,2025-07-25,Best Case,Best Case
OPP-0007826,2025-07-04,Omitted,Omitted
OPP-0007826,2025-07-11,Pipeline,Omitted
OPP-0007826,2025-07-18,Pipeline,Omitted
OPP-0007826,2025-07-25,Pipeline,Omitted
OPP-0007826,2025-08-01,Pipeline,Omitted
OPP-0007827,2025-07-04,Best Case,Omitted
OPP-0007827,2025-07-11,Best Case,Omitted
OPP-0007827,2025-07-18,Best Case,Best Case
OPP-0007827,2025-07-25,Best Case,Pipeline
OPP-0007827,2025-08-01,Pipeline,Omitted
OPP-0007828,2025-07-04,Commit,Commit
OPP-0007828,2025-07-11,Commit,Commit
OPP-0007828,2025-07-18,Commit,Commit
OPP-0007828,2025-07-25,Commit,Commit
OPP-0007829,2025-07-04,Commit,Commit
OPP-0007829,2025-07-11,Commit,Commit
OPP-0007829,2025-07-18,Commit,Commit
OPP-0007829,2025-07-25,Commit,Commit
OPP-0007829,2025-08-01,Commit,Best Case
OPP-0007829,2025-08-08,Commit,Best Case
OPP-0007829,2025-08-15,Commit,Best Case
OPP-0007829,2025-08-22,Commit,Best Case
OPP-0007829,2025-08-29,Commit,Best Case
OPP-0007836,2025-07-04,Commit,Commit
OPP-0007836,2025-07-11,Commit,Commit
OPP-0007836,2025-07-18,Commit,Commit
OPP-0007836,2025-07-25,Commit,Commit
OPP-0007837,2025-07-04,Commit,Commit
OPP-0007837,2025-07-11,Commit,Commit
OPP-0007837,2025-07-18,Commit,Commit
OPP-0007837,2025-07-25,Commit,Commit
OPP-0007837,2025-08-01,Commit,Commit
OPP-0007837,2025-08-08,Commit,Commit
OPP-0007837,2025-08-15,Commit,Commit
OPP-0007837,2025-08-22,Commit,Commit
OPP-0007837,2025-08-29,Commit,Best Case
OPP-0007837,2025-09-05,Commit,Commit
OPP-0007837,2025-09-12,Commit,Best Case
OPP-0007837,2025-09-19,Commit,Best Case
OPP-0007838,2025-07-04,Omitted,Omitted
OPP-0007838,2025-07-11,Omitted,Omitted
OPP-0007838,2025-07-18,Omitted,Omitted
OPP-0007838,2025-07-25,Omitted,Omitted
OPP-0007838,2025-08-01,Omitted,Omitted
OPP-0007838,2025-08-08,Omitted,Omitted
OPP-0007838,2025-08-15,Omitted,Omitted
OPP-0007838,2025-08-22,Omitted,Omitted
OPP-0007838,2025-08-29,Pipeline,Omitted
OPP-0007838,2025-09-05,Pipeline,Omitted
OPP-0007838,2025-09-12,Pipeline,Omitted
OPP-0007838,2025-09-19,Pipeline,Pipeline
OPP-0007838,2025-09-26,Pipeline,Pipeline
OPP-0007838,2025-10-03,Omitted,Omitted
OPP-0007838,2025-10-10,Omitted,Omitted
OPP-0007838,2025-10-17,Omitted,Omitted
OPP-0007838,2025-10-24,Omitted,Omitted
OPP-0007838,2025-10-31,Omitted,Omitted
OPP-0007838,2025-11-07,Omitted,Omitted
OPP-0007838,2025-11-14,Omitted,Omitted
OPP-0007838,2025-11-21,Omitted,Omitted
OPP-0007839,2025-07-04,Best Case,Pipeline
OPP-0007839,2025-07-11,Best Case,Pipeline
OPP-0007839,2025-07-18,Commit,Commit
OPP-0007839,2025-07-25,Commit,Commit
OPP-0007840,2025-07-04,Commit,Best Case
OPP-0007840,2025-07-11,Commit,Commit
OPP-0007840,2025-07-18,Commit,Best Case
OPP-0007840,2025-07-25,Commit,Best Case
OPP-0007841,2025-07-04,Commit,Best Case
OPP-0007841,2025-07-11,Commit,Commit
OPP-0007841,2025-07-18,Commit,Commit
OPP-0007841,2025-07-25,Commit,Commit
OPP-0007842,2025-07-04,Commit,Commit
OPP-0007842,2025-07-11,Commit,Commit
OPP-0007842,2025-07-18,Commit,Commit
OPP-0007842,2025-07-25,Commit,Commit
OPP-0007843,2025-07-04,Commit,Best Case
OPP-0007843,2025-07-11,Commit,Commit
OPP-0007843,2025-07-18,Commit,Best Case
OPP-0007843,2025-07-25,Commit,Commit
OPP-0007844,2025-07-04,Commit,Commit
OPP-0007844,2025-07-11,Commit,Best Case
OPP-0007844,2025-07-18,Best Case,Best Case
OPP-0007844,2025-07-25,Commit,Commit
OPP-0007844,2025-08-01,Commit,Commit
OPP-0007844,2025-08-08,Best Case,Best Case
OPP-0007845,2025-07-04,Best Case,Best Case
OPP-0007845,2025-07-11,Best Case,Best Case
OPP-0007845,2025-07-18,Best Case,Best Case
OPP-0007845,2025-07-25,Commit,Commit
OPP-0007845,2025-08-01,Commit,Commit
OPP-0007851,2025-07-04,Commit,Commit
OPP-0007851,2025-07-11,Commit,Commit
OPP-0007851,2025-07-18,Commit,Commit
OPP-0007851,2025-07-25,Commit,Commit
OPP-0007852,2025-07-04,Pipeline,Pipeline
OPP-0007852,2025-07-11,Best Case,Best Case
OPP-0007852,2025-07-18,Best Case,Pipeline
OPP-0007852,2025-07-25,Best Case,Best Case
OPP-0007852,2025-08-01,Commit,Commit
OPP-0007853,2025-07-04,Commit,Commit
OPP-0007853,2025-07-11,Commit,Commit
OPP-0007853,2025-07-18,Commit,Commit
OPP-0007853,2025-07-25,Commit,Commit
OPP-0007853,2025-08-01,Commit,Commit
OPP-0007854,2025-07-04,Commit,Best Case
OPP-0007854,2025-07-11,Commit,Best Case
OPP-0007854,2025-07-18,Commit,Best Case
OPP-0007854,2025-07-25,Commit,Best Case
OPP-0007855,2025-07-04,Pipeline,Omitted
OPP-0007855,2025-07-11,Pipeline,Omitted
OPP-0007855,2025-07-18,Pipeline,Omitted
OPP-0007855,2025-07-25,Best Case,Best Case
OPP-0007855,2025-08-01,Best Case,Best Case
OPP-0007855,2025-08-08,Best Case,Best Case
OPP-0007855,2025-08-15,Pipeline,Pipeline
OPP-0007855,2025-08-22,Pipeline,Pipeline
OPP-0007855,2025-08-29,Pipeline,Pipeline
OPP-0007855,2025-09-05,Pipeline,Pipeline
OPP-0007855,2025-09-12,Best Case,Pipeline
OPP-0007855,2025-09-19,Best Case,Pipeline
OPP-0007855,2025-09-26,Best Case,Best Case
OPP-0007855,2025-10-03,Best Case,Best Case
OPP-0007855,2025-10-10,Commit,Commit
OPP-0007855,2025-10-17,Commit,Commit
OPP-0007856,2025-07-04,Best Case,Best Case
OPP-0007856,2025-07-11,Best Case,Best Case
OPP-0007856,2025-07-18,Best Case,Best Case
OPP-0007856,2025-07-25,Commit,Commit
OPP-0007856,2025-08-01,Commit,Commit
OPP-0007856,2025-08-08,Commit,Commit
OPP-0007865,2025-07-04,Commit,Commit
OPP-0007865,2025-07-11,Commit,Commit
OPP-0007865,2025-07-18,Commit,Commit
OPP-0007865,2025-07-25,Commit,Commit
OPP-0007866,2025-07-04,Best Case,Pipeline
OPP-0007866,2025-07-11,Commit,Commit
OPP-0007866,2025-07-18,Best Case,Pipeline
OPP-0007866,2025-07-25,Commit,Best Case
OPP-0007866,2025-08-01,Pipeline,Best Case
OPP-0007866,2025-08-08,Best Case,Pipeline
OPP-0007866,2025-08-15,Commit,Best Case
OPP-0007866,2025-08-22,Commit,Best Case
OPP-0007866,2025-08-29,Commit,Best Case
OPP-0007866,2025-09-05,Commit,Commit
OPP-0007867,2025-07-04,Best Case,Pipeline
OPP-0007867,2025-07-11,Best Case,Pipeline
OPP-0007867,2025-07-18,Best Case,Pipeline
OPP-0007867,2025-07-25,Commit,Best Case
OPP-0007867,2025-08-01,Best Case,Pipeline
OPP-0007867,2025-08-08,Commit,Best Case
OPP-0007867,2025-08-15,Commit,Best Case
OPP-0007867,2025-08-22,Commit,Best Case
OPP-0007867,2025-08-29,Commit,Commit
OPP-0007879,2025-07-04,Commit,Commit
OPP-0007879,2025-07-11,Commit,Commit
OPP-0007879,2025-07-18,Commit,Commit
OPP-0007879,2025-07-25,Commit,Commit
OPP-0007880,2025-07-04,Commit,Commit
OPP-0007880,2025-07-11,Commit,Commit
OPP-0007880,2025-07-18,Commit,Commit
OPP-0007880,2025-07-25,Commit,Commit
OPP-0007881,2025-07-04,Pipeline,Pipeline
OPP-0007881,2025-07-11,Best Case,Best Case
OPP-0007881,2025-07-18,Best Case,Best Case
OPP-0007881,2025-07-25,Best Case,Best Case
OPP-0007882,2025-07-04,Pipeline,Omitted
OPP-0007882,2025-07-11,Pipeline,Omitted
OPP-0007882,2025-07-18,Best Case,Pipeline
OPP-0007883,2025-07-04,Pipeline,Omitted
OPP-0007883,2025-07-11,Pipeline,Pipeline
OPP-0007883,2025-07-18,Pipeline,Pipeline
OPP-0007883,2025-07-25,Pipeline,Pipeline
OPP-0007883,2025-08-01,Best Case,Pipeline
OPP-0007884,2025-07-04,Commit,Commit
OPP-0007884,2025-07-11,Commit,Commit
OPP-0007884,2025-07-18,Commit,Commit
OPP-0007884,2025-07-25,Commit,Commit
OPP-0007884,2025-08-01,Commit,Commit
OPP-0007884,2025-08-08,Commit,Best Case
OPP-0007884,2025-08-15,Commit,Commit
OPP-0007885,2025-07-04,Omitted,Omitted
OPP-0007885,2025-07-11,Pipeline,Omitted
OPP-0007885,2025-07-18,Omitted,Omitted
OPP-0007885,2025-07-25,Pipeline,Pipeline
OPP-0007885,2025-08-01,Pipeline,Omitted
OPP-0007885,2025-08-08,Best Case,Pipeline
OPP-0007885,2025-08-15,Best Case,Pipeline
OPP-0007885,2025-08-22,Pipeline,Pipeline
OPP-0007885,2025-08-29,Best Case,Best Case
OPP-0007885,2025-09-05,Best Case,Best Case
OPP-0007885,2025-09-12,Best Case,Pipeline
OPP-0007885,2025-09-19,Best Case,Best Case
OPP-0007885,2025-09-26,Best Case,Best Case
OPP-0007885,2025-10-03,Best Case,Best Case
OPP-0007885,2025-10-10,Commit,Commit
OPP-0007885,2025-10-17,Best Case,Best Case
OPP-0007885,2025-10-24,Commit,Commit
OPP-0007885,2025-10-31,Commit,Commit
OPP-0007885,2025-11-07,Commit,Commit
OPP-0007885,2025-11-14,Commit,Commit
OPP-0007896,2025-07-11,Commit,Commit
OPP-0007896,2025-07-18,Commit,Commit
OPP-0007896,2025-07-25,Commit,Commit
OPP-0007897,2025-07-11,Commit,Commit
OPP-0007897,2025-07-18,Commit,Commit
OPP-0007897,2025-07-25,Commit,Commit
OPP-0007898,2025-07-11,Best Case,Pipeline
OPP-0007898,2025-07-18,Best Case,Pipeline
OPP-0007898,2025-07-25,Best Case,Best Case
OPP-0007898,2025-08-01,Best Case,Best Case
OPP-0007898,2025-08-08,Commit,Commit
OPP-0007899,2025-07-11,Pipeline,Pipeline
OPP-0007899,2025-07-18,Pipeline,Pipeline
OPP-0007900,2025-07-11,Commit,Commit
OPP-0007900,2025-07-18,Commit,Commit
OPP-0007900,2025-07-25,Commit,Commit
OPP-0007900,2025-08-01,Commit,Commit
OPP-0007900,2025-08-08,Commit,Commit
OPP-0007900,2025-08-15,Commit,Commit
OPP-0007900,2025-08-22,Commit,Commit
OPP-0007900,2025-08-29,Commit,Commit
OPP-0007900,2025-09-05,Commit,Commit
OPP-0007900,2025-09-12,Commit,Commit
OPP-0007900,2025-09-19,Commit,Commit
OPP-0007900,2025-09-26,Commit,Commit
OPP-0007901,2025-07-11,Pipeline,Omitted
OPP-0007901,2025-07-18,Pipeline,Omitted
OPP-0007901,2025-07-25,Pipeline,Omitted
OPP-0007901,2025-08-01,Pipeline,Omitted
OPP-0007901,2025-08-08,Pipeline,Omitted
OPP-0007901,2025-08-15,Pipeline,Omitted
OPP-0007901,2025-08-22,Pipeline,Pipeline
OPP-0007901,2025-08-29,Best Case,Best Case
OPP-0007901,2025-09-05,Best Case,Best Case
OPP-0007901,2025-09-12,Pipeline,Pipeline
OPP-0007901,2025-09-19,Best Case,Omitted
OPP-0007901,2025-09-26,Pipeline,Omitted
OPP-0007901,2025-10-03,Pipeline,Omitted
OPP-0007901,2025-10-10,Best Case,Best Case
OPP-0007901,2025-10-17,Pipeline,Pipeline
OPP-0007901,2025-10-24,Omitted,Omitted
OPP-0007901,2025-10-31,Omitted,Omitted
OPP-0007901,2025-11-07,Pipeline,Pipeline
OPP-0007906,2025-07-11,Commit,Commit
OPP-0007906,2025-07-18,Commit,Commit
OPP-0007906,2025-07-25,Commit,Commit
OPP-0007912,2025-07-11,Commit,Commit
OPP-0007912,2025-07-18,Commit,Commit
OPP-0007912,2025-07-25,Commit,Commit
OPP-0007913,2025-07-11,Pipeline,Omitted
OPP-0007913,2025-07-18,Pipeline,Omitted
OPP-0007913,2025-07-25,Pipeline,Omitted
OPP-0007913,2025-08-01,Best Case,Pipeline
OPP-0007913,2025-08-08,Pipeline,Pipeline
OPP-0007913,2025-08-15,Best Case,Pipeline
OPP-0007913,2025-08-22,Best Case,Pipeline
OPP-0007913,2025-08-29,Commit,Best Case
OPP-0007914,2025-07-11,Commit,Commit
OPP-0007914,2025-07-18,Commit,Commit
OPP-0007914,2025-07-25,Commit,Commit
OPP-0007914,2025-08-01,Commit,Commit
OPP-0007914,2025-08-08,Commit,Commit
OPP-0007914,2025-08-15,Commit,Commit
OPP-0007914,2025-08-22,Commit,Commit
OPP-0007914,2025-08-29,Commit,Commit
OPP-0007914,2025-09-05,Commit,Commit
OPP-0007915,2025-07-11,Commit,Commit
OPP-0007915,2025-07-18,Commit,Commit
OPP-0007915,2025-07-25,Commit,Commit
OPP-0007915,2025-08-01,Commit,Commit
OPP-0007915,2025-08-08,Commit,Commit
OPP-0007915,2025-08-15,Commit,Commit
OPP-0007915,2025-08-22,Commit,Commit
OPP-0007915,2025-08-29,Commit,Commit
OPP-0007916,2025-07-11,Pipeline,Pipeline
OPP-0007916,2025-07-18,Pipeline,Pipeline
OPP-0007916,2025-07-25,Best Case,Best Case
OPP-0007916,2025-08-01,Best Case,Best Case
OPP-0007921,2025-07-11,Pipeline,Pipeline
OPP-0007921,2025-07-18,Best Case,Best Case
OPP-0007921,2025-07-25,Pipeline,Pipeline
OPP-0007921,2025-08-01,Pipeline,Pipeline
OPP-0007921,2025-08-08,Commit,Commit
OPP-0007922,2025-07-11,Commit,Commit
OPP-0007922,2025-07-18,Commit,Commit
OPP-0007922,2025-07-25,Commit,Commit
OPP-0007922,2025-08-01,Commit,Commit
OPP-0007922,2025-08-08,Commit,Commit
OPP-0007922,2025-08-15,Commit,Commit
OPP-0007922,2025-08-22,Commit,Commit
OPP-0007922,2025-08-29,Commit,Commit
OPP-0007923,2025-07-11,Commit,Commit
OPP-0007923,2025-07-18,Commit,Commit
OPP-0007923,2025-07-25,Commit,Commit
OPP-0007923,2025-08-01,Commit,Commit
OPP-0007923,2025-08-08,Best Case,Commit
OPP-0007923,2025-08-15,Best Case,Best Case
OPP-0007923,2025-08-22,Commit,Commit
OPP-0007923,2025-08-29,Commit,Commit
OPP-0007923,2025-09-05,Commit,Commit
OPP-0007923,2025-09-12,Commit,Commit
OPP-0007923,2025-09-19,Commit,Commit
OPP-0007923,2025-09-26,Commit,Commit
OPP-0007931,2025-07-11,Commit,Commit
OPP-0007931,2025-07-18,Commit,Commit
OPP-0007931,2025-07-25,Commit,Commit
OPP-0007932,2025-07-11,Commit,Commit
OPP-0007932,2025-07-18,Commit,Commit
OPP-0007932,2025-07-25,Commit,Commit
OPP-0007933,2025-07-11,Omitted,Omitted
OPP-0007933,2025-07-18,Pipeline,Omitted
OPP-0007933,2025-07-25,Pipeline,Omitted
OPP-0007933,2025-08-01,Best Case,Pipeline
OPP-0007933,2025-08-08,Best Case,Pipeline
OPP-0007933,2025-08-15,Best Case,Pipeline
OPP-0007933,2025-08-22,Best Case,Pipeline
OPP-0007933,2025-08-29,Best Case,Pipeline
OPP-0007933,2025-09-05,Best Case,Best Case
OPP-0007933,2025-09-12,Commit,Best Case
OPP-0007933,2025-09-19,Commit,Best Case
OPP-0007933,2025-09-26,Commit,Best Case
OPP-0007941,2025-07-11,Commit,Commit
OPP-0007941,2025-07-18,Commit,Commit
OPP-0007941,2025-07-25,Commit,Commit
OPP-0007942,2025-07-11,Commit,Commit
OPP-0007942,2025-07-18,Commit,Commit
OPP-0007942,2025-07-25,Commit,Commit
OPP-0007943,2025-07-11,Pipeline,Pipeline
OPP-0007943,2025-07-18,Best Case,Pipeline
OPP-0007943,2025-07-25,Best Case,Best Case
OPP-0007944,2025-07-11,Pipeline,Omitted
OPP-0007944,2025-07-18,Pipeline,Pipeline
OPP-0007945,2025-07-11,Pipeline,Pipeline
OPP-0007945,2025-07-18,Best Case,Best Case
OPP-0007945,2025-07-25,Best Case,Best Case
OPP-0007945,2025-08-01,Best Case,Best Case
OPP-0007946,2025-07-11,Commit,Commit
OPP-0007946,2025-07-18,Commit,Commit
OPP-0007946,2025-07-25,Commit,Commit
OPP-0007946,2025-08-01,Commit,Commit
OPP-0007946,2025-08-08,Commit,Commit
OPP-0007946,2025-08-15,Commit,Commit
OPP-0007954,2025-07-11,Commit,Commit
OPP-0007954,2025-07-18,Commit,Commit
OPP-0007954,2025-07-25,Commit,Commit
OPP-0007955,2025-07-11,Pipeline,Pipeline
OPP-0007955,2025-07-18,Pipeline,Omitted
OPP-0007955,2025-07-25,Pipeline,Omitted
OPP-0007955,2025-08-01,Pipeline,Pipeline
OPP-0007955,2025-08-08,Best Case,Best Case
OPP-0007955,2025-08-15,Best Case,Best Case
OPP-0007955,2025-08-22,Best Case,Best Case
OPP-0007962,2025-07-18,Omitted,Pipeline
OPP-0007962,2025-07-25,Omitted,Omitted
OPP-0007962,2025-08-01,Pipeline,Pipeline
OPP-0007962,2025-08-08,Pipeline,Pipeline
OPP-0007963,2025-07-18,Commit,Commit
OPP-0007963,2025-07-25,Commit,Commit
OPP-0007963,2025-08-01,Commit,Commit
OPP-0007963,2025-08-08,Commit,Commit
OPP-0007963,2025-08-15,Commit,Commit
OPP-0007963,2025-08-22,Commit,Commit
OPP-0007963,2025-08-29,Commit,Commit
OPP-0007972,2025-07-18,Commit,Commit
OPP-0007972,2025-07-25,Commit,Commit
OPP-0007973,2025-07-18,Commit,Commit
OPP-0007973,2025-07-25,Commit,Commit
OPP-0007974,2025-07-18,Best Case,Pipeline
OPP-0007974,2025-07-25,Pipeline,Pipeline
OPP-0007974,2025-08-01,Commit,Pipeline
OPP-0007975,2025-07-18,Pipeline,Pipeline
OPP-0007975,2025-07-25,Best Case,Best Case
OPP-0007975,2025-08-01,Best Case,Pipeline
OPP-0007975,2025-08-08,Best Case,Best Case
OPP-0007976,2025-07-18,Commit,Best Case
OPP-0007976,2025-07-25,Commit,Best Case
OPP-0007976,2025-08-01,Commit,Commit
OPP-0007976,2025-08-08,Commit,Commit
OPP-0007976,2025-08-15,Commit,Commit
OPP-0007976,2025-08-22,Commit,Commit
OPP-0007976,2025-08-29,Commit,Commit
OPP-0007976,2025-09-05,Commit,Commit
OPP-0007976,2025-09-12,Commit,Commit
OPP-0007976,2025-09-19,Commit,Commit
OPP-0007976,2025-09-26,Commit,Commit
OPP-0007976,2025-10-03,Commit,Commit
OPP-0007976,2025-10-10,Commit,Commit
OPP-0007976,2025-10-17,Commit,Commit
OPP-0007976,2025-10-24,Commit,Best Case
OPP-0007976,2025-10-31,Commit,Commit
OPP-0007977,2025-07-18,Commit,Commit
OPP-0007977,2025-07-25,Commit,Commit
OPP-0007977,2025-08-01,Commit,Commit
OPP-0007977,2025-08-08,Commit,Commit
OPP-0007977,2025-08-15,Commit,Commit
OPP-0007977,2025-08-22,Commit,Commit
OPP-0007985,2025-07-18,Commit,Commit
OPP-0007985,2025-07-25,Commit,Commit
OPP-0007986,2025-07-18,Commit,Best Case
OPP-0007986,2025-07-25,Commit,Best Case
OPP-0007987,2025-07-18,Commit,Commit
OPP-0007987,2025-07-25,Commit,Commit
OPP-0007987,2025-08-01,Commit,Commit
OPP-0007987,2025-08-08,Commit,Commit
OPP-0007987,2025-08-15,Commit,Commit
OPP-0007987,2025-08-22,Commit,Commit
OPP-0007987,2025-08-29,Commit,Commit
OPP-0007987,2025-09-05,Commit,Commit
OPP-0007987,2025-09-12,Commit,Commit
OPP-0007987,2025-09-19,Commit,Commit
OPP-0007987,2025-09-26,Commit,Commit
OPP-0007987,2025-10-03,Commit,Commit
OPP-0007988,2025-07-18,Commit,Commit
OPP-0007988,2025-07-25,Commit,Commit
OPP-0007988,2025-08-01,Commit,Commit
OPP-0007988,2025-08-08,Commit,Commit
OPP-0007988,2025-08-15,Commit,Commit
OPP-0007988,2025-08-22,Commit,Commit
OPP-0007988,2025-08-29,Commit,Commit
OPP-0007989,2025-07-18,Commit,Commit
OPP-0007989,2025-07-25,Commit,Commit
OPP-0007989,2025-08-01,Commit,Commit
OPP-0007989,2025-08-08,Commit,Commit
OPP-0007989,2025-08-15,Commit,Commit
OPP-0007989,2025-08-22,Commit,Commit
OPP-0007989,2025-08-29,Commit,Best Case
OPP-0007989,2025-09-05,Commit,Commit
OPP-0007989,2025-09-12,Commit,Commit
OPP-0007989,2025-09-19,Commit,Best Case
OPP-0007989,2025-09-26,Commit,Best Case
OPP-0008002,2025-07-18,Commit,Commit
OPP-0008002,2025-07-25,Commit,Commit
OPP-0008003,2025-07-18,Commit,Commit
OPP-0008003,2025-07-25,Commit,Best Case
OPP-0008004,2025-07-18,Best Case,Pipeline
OPP-0008004,2025-07-25,Best Case,Best Case
OPP-0008004,2025-08-01,Commit,Commit
OPP-0008005,2025-07-18,Commit,Commit
OPP-0008005,2025-07-25,Commit,Commit
OPP-0008005,2025-08-01,Commit,Commit
OPP-0008005,2025-08-08,Commit,Commit
OPP-0008005,2025-08-15,Commit,Commit
OPP-0008005,2025-08-22,Commit,Commit
OPP-0008005,2025-08-29,Commit,Commit
OPP-0008005,2025-09-05,Commit,Commit
OPP-0008005,2025-09-12,Commit,Commit
OPP-0008005,2025-09-19,Commit,Commit
OPP-0008005,2025-09-26,Commit,Commit
OPP-0008006,2025-07-18,Omitted,Omitted
OPP-0008006,2025-07-25,Omitted,Pipeline
OPP-0008006,2025-08-01,Pipeline,Omitted
OPP-0008006,2025-08-08,Omitted,Omitted
OPP-0008006,2025-08-15,Omitted,Omitted
OPP-0008006,2025-08-22,Pipeline,Pipeline
OPP-0008006,2025-08-29,Pipeline,Pipeline
OPP-0008006,2025-09-05,Best Case,Best Case
OPP-0008006,2025-09-12,Best Case,Best Case
OPP-0008006,2025-09-19,Best Case,Best Case
OPP-0008006,2025-09-26,Pipeline,Best Case
OPP-0008006,2025-10-03,Best Case,Best Case
OPP-0008006,2025-10-10,Pipeline,Best Case
OPP-0008006,2025-10-17,Pipeline,Best Case
OPP-0008006,2025-10-24,Pipeline,Best Case
OPP-0008006,2025-10-31,Pipeline,Best Case
OPP-0008012,2025-07-18,Commit,Commit
OPP-0008012,2025-07-25,Commit,Commit
OPP-0008013,2025-07-18,Commit,Commit
OPP-0008013,2025-07-25,Commit,Commit
OPP-0008014,2025-07-18,Omitted,Omitted
OPP-0008014,2025-07-25,Omitted,Omitted
OPP-0008014,2025-08-01,Pipeline,Pipeline
OPP-0008014,2025-08-08,Omitted,Pipeline
OPP-0008014,2025-08-15,Omitted,Omitted
OPP-0008014,2025-08-22,Omitted,Pipeline
OPP-0008014,2025-08-29,Omitted,Pipeline
OPP-0008014,2025-09-05,Omitted,Omitted
OPP-0008014,2025-09-12,Pipeline,Pipeline
OPP-0008014,2025-09-19,Best Case,Best Case
OPP-0008014,2025-09-26,Best Case,Best Case
OPP-0008014,2025-10-03,Best Case,Best Case
OPP-0008014,2025-10-10,Pipeline,Best Case
OPP-0008014,2025-10-17,Best Case,Best Case
OPP-0008025,2025-07-18,Commit,Commit
OPP-0008025,2025-07-25,Commit,Commit
OPP-0008026,2025-07-18,Commit,Commit
OPP-0008026,2025-07-25,Commit,Commit
OPP-0008027,2025-07-18,Pipeline,Omitted
OPP-0008027,2025-07-25,Pipeline,Pipeline
OPP-0008027,2025-08-01,Pipeline,Pipeline
OPP-0008027,2025-08-08,Best Case,Pipeline
OPP-0008027,2025-08-15,Best Case,Pipeline
OPP-0008027,2025-08-22,Pipeline,Pipeline
OPP-0008027,2025-08-29,Best Case,Pipeline
OPP-0008028,2025-07-18,Pipeline,Omitted
OPP-0008028,2025-07-25,Pipeline,Omitted
OPP-0008028,2025-08-01,Pipeline,Pipeline
OPP-0008028,2025-08-08,Pipeline,Omitted
OPP-0008028,2025-08-15,Best Case,Pipeline
OPP-0008028,2025-08-22,Best Case,Best Case
OPP-0008035,2025-07-18,Commit,Commit
OPP-0008035,2025-07-25,Commit,Commit
OPP-0008035,2025-08-01,Commit,Commit
OPP-0008035,2025-08-08,Commit,Commit
OPP-0008035,2025-08-15,Commit,Commit
OPP-0008035,2025-08-22,Commit,Commit
OPP-0008035,2025-08-29,Commit,Commit
OPP-0008036,2025-07-18,Commit,Commit
OPP-0008036,2025-07-25,Commit,Commit
OPP-0008037,2025-07-18,Commit,Commit
OPP-0008037,2025-07-25,Commit,Commit
OPP-0008037,2025-08-01,Commit,Commit
OPP-0008037,2025-08-08,Commit,Commit
OPP-0008037,2025-08-15,Commit,Commit
OPP-0008037,2025-08-22,Commit,Commit
OPP-0008037,2025-08-29,Commit,Commit
OPP-0008038,2025-07-18,Commit,Commit
OPP-0008038,2025-07-25,Commit,Commit
OPP-0008039,2025-07-18,Pipeline,Pipeline
OPP-0008039,2025-07-25,Best Case,Best Case
OPP-0008039,2025-08-01,Commit,Commit
OPP-0008040,2025-07-18,Best Case,Best Case
OPP-0008040,2025-07-25,Best Case,Best Case
OPP-0008040,2025-08-01,Best Case,Best Case
OPP-0008040,2025-08-08,Best Case,Best Case
OPP-0008040,2025-08-15,Best Case,Best Case
OPP-0008040,2025-08-22,Commit,Commit
OPP-0008041,2025-07-18,Omitted,Omitted
OPP-0008041,2025-07-25,Pipeline,Omitted
OPP-0008041,2025-08-01,Best Case,Pipeline
OPP-0008041,2025-08-08,Best Case,Pipeline
OPP-0008042,2025-07-18,Omitted,Omitted
OPP-0008042,2025-07-25,Pipeline,Omitted
OPP-0008042,2025-08-01,Omitted,Pipeline
OPP-0008042,2025-08-08,Omitted,Omitted
OPP-0008042,2025-08-15,Pipeline,Pipeline
OPP-0008042,2025-08-22,Pipeline,Omitted
OPP-0008042,2025-08-29,Pipeline,Pipeline
OPP-0008042,2025-09-05,Omitted,Pipeline
OPP-0008042,2025-09-12,Best Case,Best Case
OPP-0008042,2025-09-19,Pipeline,Pipeline
OPP-0008042,2025-09-26,Best Case,Best Case
OPP-0008042,2025-10-03,Best Case,Best Case
OPP-0008042,2025-10-10,Best Case,Best Case
OPP-0008042,2025-10-17,Best Case,Best Case
OPP-0008042,2025-10-24,Best Case,Best Case
OPP-0008042,2025-10-31,Commit,Commit
OPP-0008042,2025-11-07,Commit,Commit
OPP-0008043,2025-07-18,Commit,Commit
OPP-0008043,2025-07-25,Commit,Commit
OPP-0008043,2025-08-01,Commit,Commit
OPP-0008043,2025-08-08,Commit,Commit
OPP-0008043,2025-08-15,Commit,Best Case
OPP-0008043,2025-08-22,Commit,Best Case
OPP-0008043,2025-08-29,Commit,Commit
OPP-0008043,2025-09-05,Commit,Best Case
OPP-0008043,2025-09-12,Commit,Best Case
OPP-0008043,2025-09-19,Commit,Best Case
OPP-0008043,2025-09-26,Commit,Best Case
OPP-0008043,2025-10-03,Commit,Commit
OPP-0008044,2025-07-18,Commit,Commit
OPP-0008044,2025-07-25,Commit,Commit
OPP-0008044,2025-08-01,Commit,Commit
OPP-0008044,2025-08-08,Commit,Commit
OPP-0008044,2025-08-15,Commit,Commit
OPP-0008044,2025-08-22,Commit,Commit
OPP-0008044,2025-08-29,Commit,Commit
OPP-0008049,2025-07-25,Commit,Best Case
OPP-0008049,2025-08-01,Commit,Best Case
OPP-0008049,2025-08-08,Commit,Best Case
OPP-0008049,2025-08-15,Commit,Commit
OPP-0008049,2025-08-22,Commit,Best Case
OPP-0008049,2025-08-29,Commit,Commit
OPP-0008050,2025-07-25,Best Case,Best Case
OPP-0008050,2025-08-01,Best Case,Best Case
OPP-0008050,2025-08-08,Commit,Commit
OPP-0008050,2025-08-15,Best Case,Best Case
OPP-0008050,2025-08-22,Commit,Commit
OPP-0008051,2025-07-25,Pipeline,Omitted
OPP-0008051,2025-08-01,Best Case,Pipeline
OPP-0008051,2025-08-08,Commit,Pipeline
OPP-0008051,2025-08-15,Best Case,Pipeline
OPP-0008052,2025-07-25,Commit,Commit
OPP-0008052,2025-08-01,Commit,Commit
OPP-0008052,2025-08-08,Commit,Commit
OPP-0008052,2025-08-15,Commit,Commit
OPP-0008052,2025-08-22,Commit,Commit
OPP-0008052,2025-08-29,Commit,Commit
OPP-0008052,2025-09-05,Commit,Commit
OPP-0008052,2025-09-12,Commit,Commit
OPP-0008053,2025-07-25,Commit,Commit
OPP-0008053,2025-08-01,Best Case,Pipeline
OPP-0008053,2025-08-08,Commit,Best Case
OPP-0008053,2025-08-15,Commit,Best Case
OPP-0008053,2025-08-22,Commit,Best Case
OPP-0008053,2025-08-29,Best Case,Pipeline
OPP-0008054,2025-07-25,Commit,Commit
OPP-0008054,2025-08-01,Commit,Commit
OPP-0008054,2025-08-08,Commit,Commit
OPP-0008054,2025-08-15,Commit,Commit
OPP-0008054,2025-08-22,Commit,Commit
OPP-0008054,2025-08-29,Commit,Commit
OPP-0008055,2025-07-25,Pipeline,Omitted
OPP-0008055,2025-08-01,Pipeline,Omitted
OPP-0008055,2025-08-08,Pipeline,Omitted
OPP-0008055,2025-08-15,Pipeline,Pipeline
OPP-0008055,2025-08-22,Commit,Pipeline
OPP-0008055,2025-08-29,Best Case,Pipeline
OPP-0008056,2025-07-25,Best Case,Best Case
OPP-0008056,2025-08-01,Omitted,Pipeline
OPP-0008056,2025-08-08,Pipeline,Pipeline
OPP-0008056,2025-08-15,Best Case,Best Case
OPP-0008056,2025-08-22,Commit,Commit
OPP-0008057,2025-07-25,Commit,Best Case
OPP-0008057,2025-08-01,Best Case,Best Case
OPP-0008058,2025-07-25,Omitted,Pipeline
OPP-0008058,2025-08-01,Pipeline,Pipeline
OPP-0008058,2025-08-08,Best Case,Best Case
OPP-0008058,2025-08-15,Commit,Commit
OPP-0008058,2025-08-22,Commit,Commit
OPP-0008069,2025-07-25,Commit,Commit
OPP-0008069,2025-08-01,Commit,Commit
OPP-0008069,2025-08-08,Commit,Commit
OPP-0008069,2025-08-15,Commit,Commit
OPP-0008069,2025-08-22,Commit,Commit
OPP-0008069,2025-08-29,Commit,Commit
OPP-0008070,2025-07-25,Commit,Best Case
OPP-0008070,2025-08-01,Commit,Commit
OPP-0008070,2025-08-08,Commit,Commit
OPP-0008070,2025-08-15,Commit,Commit
OPP-0008070,2025-08-22,Commit,Commit
OPP-0008071,2025-07-25,Commit,Commit
OPP-0008071,2025-08-01,Commit,Best Case
OPP-0008071,2025-08-08,Commit,Commit
OPP-0008071,2025-08-15,Best Case,Best Case
OPP-0008071,2025-08-22,Commit,Commit
OPP-0008071,2025-08-29,Commit,Commit
OPP-0008071,2025-09-05,Commit,Commit
OPP-0008071,2025-09-12,Commit,Commit
OPP-0008072,2025-07-25,Pipeline,Omitted
OPP-0008072,2025-08-01,Pipeline,Pipeline
OPP-0008084,2025-07-25,Commit,Commit
OPP-0008084,2025-08-01,Commit,Commit
OPP-0008084,2025-08-08,Commit,Commit
OPP-0008084,2025-08-15,Commit,Commit
OPP-0008084,2025-08-22,Commit,Commit
OPP-0008084,2025-08-29,Commit,Commit
OPP-0008085,2025-07-25,Commit,Commit
OPP-0008085,2025-08-01,Commit,Commit
OPP-0008085,2025-08-08,Commit,Commit
OPP-0008085,2025-08-15,Commit,Commit
OPP-0008085,2025-08-22,Commit,Commit
OPP-0008085,2025-08-29,Commit,Commit
OPP-0008085,2025-09-05,Commit,Best Case
OPP-0008085,2025-09-12,Commit,Best Case
OPP-0008085,2025-09-19,Commit,Best Case
OPP-0008086,2025-07-25,Best Case,Pipeline
OPP-0008086,2025-08-01,Commit,Best Case
OPP-0008086,2025-08-08,Commit,Best Case
OPP-0008086,2025-08-15,Commit,Commit
OPP-0008086,2025-08-22,Commit,Best Case
OPP-0008086,2025-08-29,Commit,Best Case
OPP-0008087,2025-07-25,Pipeline,Omitted
OPP-0008087,2025-08-01,Pipeline,Pipeline
OPP-0008087,2025-08-08,Best Case,Best Case
OPP-0008088,2025-07-25,Pipeline,Pipeline
OPP-0008088,2025-08-01,Pipeline,Pipeline
OPP-0008088,2025-08-08,Best Case,Best Case
OPP-0008088,2025-08-15,Best Case,Best Case
OPP-0008088,2025-08-22,Commit,Commit
OPP-0008096,2025-07-25,Commit,Commit
OPP-0008096,2025-08-01,Commit,Commit
OPP-0008096,2025-08-08,Commit,Commit
OPP-0008096,2025-08-15,Commit,Commit
OPP-0008096,2025-08-22,Commit,Commit
OPP-0008096,2025-08-29,Commit,Commit
OPP-0008097,2025-07-25,Best Case,Best Case
OPP-0008097,2025-08-01,Commit,Best Case
OPP-0008097,2025-08-08,Commit,Best Case
OPP-0008097,2025-08-15,Commit,Best Case
OPP-0008097,2025-08-22,Commit,Best Case
OPP-0008097,2025-08-29,Commit,Commit
OPP-0008098,2025-07-25,Pipeline,Omitted
OPP-0008098,2025-08-01,Pipeline,Omitted
OPP-0008098,2025-08-08,Pipeline,Omitted
OPP-0008098,2025-08-15,Best Case,Pipeline
OPP-0008098,2025-08-22,Best Case,Best Case
OPP-0008098,2025-08-29,Pipeline,Pipeline
OPP-0008098,2025-09-05,Best Case,Omitted
OPP-0008098,2025-09-12,Best Case,Omitted
OPP-0008098,2025-09-19,Pipeline,Pipeline
OPP-0008098,2025-09-26,Pipeline,Pipeline
OPP-0008098,2025-10-03,Pipeline,Pipeline
OPP-0008098,2025-10-10,Best Case,Omitted
OPP-0008098,2025-10-17,Best Case,Pipeline
OPP-0008098,2025-10-24,Commit,Pipeline
OPP-0008098,2025-10-31,Best Case,Best Case
OPP-0008098,2025-11-07,Commit,Best Case
OPP-0008098,2025-11-14,Commit,Commit
OPP-0008099,2025-07-25,Best Case,Best Case
OPP-0008099,2025-08-01,Best Case,Best Case
OPP-0008099,2025-08-08,Best Case,Best Case
OPP-0008099,2025-08-15,Commit,Commit
OPP-0008100,2025-07-25,Pipeline,Pipeline
OPP-0008100,2025-08-01,Pipeline,Omitted
OPP-0008100,2025-08-08,Best Case,Best Case
OPP-0008100,2025-08-15,Best Case,Best Case
OPP-0008100,2025-08-22,Best Case,Best Case
OPP-0008107,2025-07-25,Commit,Commit
OPP-0008107,2025-08-01,Commit,Commit
OPP-0008107,2025-08-08,Commit,Commit
OPP-0008107,2025-08-15,Commit,Commit
OPP-0008107,2025-08-22,Commit,Commit
OPP-0008107,2025-08-29,Commit,Commit
OPP-0008108,2025-07-25,Commit,Commit
OPP-0008108,2025-08-01,Commit,Commit
OPP-0008108,2025-08-08,Commit,Commit
OPP-0008108,2025-08-15,Commit,Commit
OPP-0008108,2025-08-22,Commit,Commit
OPP-0008108,2025-08-29,Commit,Commit
OPP-0008109,2025-07-25,Commit,Commit
OPP-0008109,2025-08-01,Commit,Commit
OPP-0008109,2025-08-08,Commit,Commit
OPP-0008109,2025-08-15,Commit,Commit
OPP-0008109,2025-08-22,Commit,Commit
OPP-0008109,2025-08-29,Commit,Commit
OPP-0008110,2025-07-25,Commit,Commit
OPP-0008110,2025-08-01,Commit,Commit
OPP-0008110,2025-08-08,Commit,Commit
OPP-0008110,2025-08-15,Commit,Commit
OPP-0008110,2025-08-22,Commit,Commit
OPP-0008110,2025-08-29,Commit,Commit
OPP-0008110,2025-09-05,Commit,Commit
OPP-0008110,2025-09-12,Commit,Commit
OPP-0008110,2025-09-19,Commit,Commit
OPP-0008110,2025-09-26,Commit,Commit
OPP-0008117,2025-07-25,Commit,Commit
OPP-0008117,2025-08-01,Commit,Commit
OPP-0008117,2025-08-08,Commit,Commit
OPP-0008117,2025-08-15,Commit,Commit
OPP-0008117,2025-08-22,Commit,Commit
OPP-0008117,2025-08-29,Commit,Commit
OPP-0008118,2025-07-25,Commit,Commit
OPP-0008118,2025-08-01,Commit,Commit
OPP-0008118,2025-08-08,Commit,Commit
OPP-0008118,2025-08-15,Commit,Commit
OPP-0008118,2025-08-22,Commit,Commit
OPP-0008118,2025-08-29,Commit,Commit
OPP-0008119,2025-07-25,Pipeline,Omitted
OPP-0008119,2025-08-01,Best Case,Best Case
OPP-0008120,2025-07-25,Pipeline,Pipeline
OPP-0008120,2025-08-01,Pipeline,Pipeline
OPP-0008120,2025-08-08,Pipeline,Pipeline
OPP-0008120,2025-08-15,Pipeline,Omitted
OPP-0008120,2025-08-22,Best Case,Best Case
OPP-0008120,2025-08-29,Best Case,Best Case
OPP-0008121,2025-07-25,Commit,Commit
OPP-0008121,2025-08-01,Commit,Commit
OPP-0008121,2025-08-08,Commit,Commit
OPP-0008121,2025-08-15,Commit,Commit
OPP-0008121,2025-08-22,Commit,Commit
OPP-0008121,2025-08-29,Commit,Commit
OPP-0008121,2025-09-05,Commit,Commit
OPP-0008121,2025-09-12,Commit,Best Case
OPP-0008121,2025-09-19,Commit,Commit
OPP-0008121,2025-09-26,Commit,Commit
OPP-0008135,2025-07-25,Commit,Commit
OPP-0008135,2025-08-01,Commit,Commit
OPP-0008135,2025-08-08,Commit,Commit
OPP-0008135,2025-08-15,Commit,Commit
OPP-0008135,2025-08-22,Commit,Commit
OPP-0008135,2025-08-29,Commit,Commit
OPP-0008136,2025-07-25,Best Case,Best Case
OPP-0008136,2025-08-01,Pipeline,Pipeline
OPP-0008136,2025-08-08,Best Case,Best Case
OPP-0008136,2025-08-15,Best Case,Best Case
OPP-0008136,2025-08-22,Best Case,Best Case
OPP-0008136,2025-08-29,Pipeline,Pipeline
OPP-0008137,2025-07-25,Pipeline,Pipeline
OPP-0008137,2025-08-01,Pipeline,Pipeline
OPP-0008138,2025-07-25,Commit,Commit
OPP-0008138,2025-08-01,Commit,Commit
OPP-0008138,2025-08-08,Commit,Commit
OPP-0008138,2025-08-15,Commit,Commit
OPP-0008138,2025-08-22,Commit,Commit
OPP-0008138,2025-08-29,Commit,Commit
OPP-0008138,2025-09-05,Commit,Commit
OPP-0008138,2025-09-12,Commit,Commit
OPP-0008138,2025-09-19,Commit,Commit
OPP-0008138,2025-09-26,Commit,Commit
OPP-0008138,2025-10-03,Commit,Commit
OPP-0008138,2025-10-10,Commit,Commit
OPP-0008138,2025-10-17,Commit,Best Case
OPP-0008138,2025-10-24,Commit,Best Case
OPP-0008138,2025-10-31,Commit,Commit
OPP-0008138,2025-11-07,Commit,Commit
OPP-0008138,2025-11-14,Commit,Commit
OPP-0008138,2025-11-21,Commit,Commit
OPP-0008139,2025-07-25,Pipeline,Pipeline
OPP-0008139,2025-08-01,Best Case,Best Case
OPP-0008139,2025-08-08,Best Case,Best Case
OPP-0008147,2025-08-01,Commit,Best Case
OPP-0008147,2025-08-08,Commit,Commit
OPP-0008147,2025-08-15,Commit,Best Case
OPP-0008147,2025-08-22,Commit,Best Case
OPP-0008147,2025-08-29,Commit,Best Case
OPP-0008148,2025-08-01,Pipeline,Omitted
OPP-0008148,2025-08-08,Best Case,Omitted
OPP-0008148,2025-08-15,Best Case,Omitted
OPP-0008149,2025-08-01,Omitted,Omitted
OPP-0008149,2025-08-08,Omitted,Omitted
OPP-0008149,2025-08-15,Pipeline,Omitted
OPP-0008149,2025-08-22,Omitted,Pipeline
OPP-0008149,2025-08-29,Omitted,Pipeline
OPP-0008149,2025-09-05,Omitted,Pipeline
OPP-0008149,2025-09-12,Omitted,Omitted
OPP-0008149,2025-09-19,Pipeline,Pipeline
OPP-0008149,2025-09-26,Pipeline,Pipeline
OPP-0008149,2025-10-03,Pipeline,Pipeline
OPP-0008149,2025-10-10,Best Case,Pipeline
OPP-0008149,2025-10-17,Omitted,Omitted
OPP-0008149,2025-10-24,Omitted,Omitted
OPP-0008149,2025-10-31,Omitted,Omitted
OPP-0008149,2025-11-07,Omitted,Omitted
OPP-0008149,2025-11-14,Pipeline,Omitted
OPP-0008149,2025-11-21,Omitted,Pipeline
OPP-0008150,2025-08-01,Commit,Best Case
OPP-0008150,2025-08-08,Commit,Commit
OPP-0008150,2025-08-15,Commit,Commit
OPP-0008150,2025-08-22,Commit,Best Case
OPP-0008150,2025-08-29,Commit,Best Case
OPP-0008150,2025-09-05,Commit,Best Case
OPP-0008150,2025-09-12,Commit,Commit
OPP-0008150,2025-09-19,Commit,Best Case
OPP-0008150,2025-09-26,Commit,Best Case
OPP-0008150,2025-10-03,Commit,Commit
OPP-0008151,2025-08-01,Commit,Commit
OPP-0008151,2025-08-08,Commit,Best Case
OPP-0008151,2025-08-15,Commit,Best Case
OPP-0008151,2025-08-22,Commit,Best Case
OPP-0008151,2025-08-29,Commit,Commit
OPP-0008151,2025-09-05,Commit,Commit
OPP-0008152,2025-08-01,Commit,Commit
OPP-0008152,2025-08-08,Commit,Commit
OPP-0008152,2025-08-15,Commit,Commit
OPP-0008152,2025-08-22,Commit,Commit
OPP-0008152,2025-08-29,Commit,Commit
OPP-0008152,2025-09-05,Commit,Commit
OPP-0008152,2025-09-12,Commit,Commit
OPP-0008152,2025-09-19,Commit,Commit
OPP-0008152,2025-09-26,Commit,Commit
OPP-0008153,2025-08-01,Commit,Best Case
OPP-0008153,2025-08-08,Commit,Best Case
OPP-0008153,2025-08-15,Commit,Best Case
OPP-0008153,2025-08-22,Commit,Commit
OPP-0008153,2025-08-29,Commit,Best Case
OPP-0008154,2025-08-01,Best Case,Pipeline
OPP-0008154,2025-08-08,Best Case,Pipeline
OPP-0008154,2025-08-15,Commit,Best Case
OPP-0008154,2025-08-22,Best Case,Pipeline
OPP-0008154,2025-08-29,Commit,Best Case
OPP-0008154,2025-09-05,Commit,Commit
OPP-0008154,2025-09-12,Commit,Commit
OPP-0008154,2025-09-19,Commit,Commit
OPP-0008154,2025-09-26,Commit,Commit
OPP-0008155,2025-08-01,Commit,Best Case
OPP-0008155,2025-08-08,Commit,Best Case
OPP-0008155,2025-08-15,Commit,Best Case
OPP-0008155,2025-08-22,Commit,Commit
OPP-0008155,2025-08-29,Commit,Commit
OPP-0008155,2025-09-05,Commit,Commit
OPP-0008155,2025-09-12,Commit,Commit
OPP-0008155,2025-09-19,Commit,Commit
OPP-0008155,2025-09-26,Commit,Commit
OPP-0008156,2025-08-01,Commit,Commit
OPP-0008156,2025-08-08,Commit,Commit
OPP-0008156,2025-08-15,Commit,Commit
OPP-0008156,2025-08-22,Commit,Commit
OPP-0008156,2025-08-29,Commit,Commit
OPP-0008162,2025-08-01,Commit,Commit
OPP-0008162,2025-08-08,Commit,Commit
OPP-0008162,2025-08-15,Commit,Commit
OPP-0008162,2025-08-22,Commit,Commit
OPP-0008162,2025-08-29,Commit,Commit
OPP-0008163,2025-08-01,Pipeline,Pipeline
OPP-0008163,2025-08-08,Pipeline,Pipeline
OPP-0008163,2025-08-15,Best Case,Best Case
OPP-0008163,2025-08-22,Pipeline,Best Case
OPP-0008164,2025-08-01,Commit,Commit
OPP-0008164,2025-08-08,Commit,Commit
OPP-0008164,2025-08-15,Commit,Commit
OPP-0008164,2025-08-22,Commit,Commit
OPP-0008164,2025-08-29,Commit,Commit
OPP-0008165,2025-08-01,Best Case,Pipeline
OPP-0008165,2025-08-08,Best Case,Pipeline
OPP-0008165,2025-08-15,Best Case,Pipeline
OPP-0008165,2025-08-22,Best Case,Pipeline
OPP-0008165,2025-08-29,Pipeline,Pipeline
OPP-0008165,2025-09-05,Best Case,Pipeline
OPP-0008165,2025-09-12,Commit,Best Case
OPP-0008165,2025-09-19,Commit,Best Case
OPP-0008165,2025-09-26,Commit,Best Case
OPP-0008166,2025-08-01,Commit,Commit
OPP-0008166,2025-08-08,Best Case,Best Case
OPP-0008177,2025-08-01,Pipeline,Omitted
OPP-0008177,2025-08-08,Pipeline,Pipeline
OPP-0008178,2025-08-01,Omitted,Omitted
OPP-0008178,2025-08-08,Pipeline,Omitted
OPP-0008178,2025-08-15,Omitted,Omitted
OPP-0008178,2025-08-22,Omitted,Pipeline
OPP-0008178,2025-08-29,Pipeline,Omitted
OPP-0008178,2025-09-05,Pipeline,Pipeline
OPP-0008178,2025-09-12,Pipeline,Pipeline
OPP-0008178,2025-09-19,Omitted,Omitted
OPP-0008178,2025-09-26,Omitted,Pipeline
OPP-0008178,2025-10-03,Omitted,Pipeline
OPP-0008178,2025-10-10,Omitted,Omitted
OPP-0008178,2025-10-17,Omitted,Pipeline
OPP-0008178,2025-10-24,Omitted,Pipeline
OPP-0008178,2025-10-31,Pipeline,Pipeline
OPP-0008178,2025-11-07,Omitted,Pipeline
OPP-0008179,2025-08-01,Commit,Commit
OPP-0008179,2025-08-08,Commit,Commit
OPP-0008179,2025-08-15,Commit,Commit
OPP-0008179,2025-08-22,Commit,Commit
OPP-0008179,2025-08-29,Commit,Commit
OPP-0008179,2025-09-05,Commit,Commit
OPP-0008179,2025-09-12,Commit,Commit
OPP-0008179,2025-09-19,Commit,Commit
OPP-0008179,2025-09-26,Commit,Commit
OPP-0008180,2025-08-01,Pipeline,Pipeline
OPP-0008180,2025-08-08,Best Case,Best Case
OPP-0008180,2025-08-15,Pipeline,Pipeline
OPP-0008180,2025-08-22,Best Case,Best Case
OPP-0008180,2025-08-29,Best Case,Best Case
OPP-0008183,2025-08-01,Commit,Commit
OPP-0008183,2025-08-08,Commit,Commit
OPP-0008183,2025-08-15,Commit,Commit
OPP-0008183,2025-08-22,Commit,Commit
OPP-0008183,2025-08-29,Commit,Commit
OPP-0008184,2025-08-01,Commit,Best Case
OPP-0008184,2025-08-08,Commit,Best Case
OPP-0008184,2025-08-15,Commit,Best Case
OPP-0008184,2025-08-22,Commit,Commit
OPP-0008184,2025-08-29,Commit,Commit
OPP-0008185,2025-08-01,Commit,Commit
OPP-0008185,2025-08-08,Commit,Commit
OPP-0008185,2025-08-15,Commit,Commit
OPP-0008185,2025-08-22,Commit,Commit
OPP-0008185,2025-08-29,Commit,Commit
OPP-0008186,2025-08-01,Commit,Commit
OPP-0008186,2025-08-08,Commit,Commit
OPP-0008186,2025-08-15,Commit,Commit
OPP-0008186,2025-08-22,Commit,Commit
OPP-0008186,2025-08-29,Commit,Commit
OPP-0008187,2025-08-01,Commit,Commit
OPP-0008187,2025-08-08,Commit,Commit
OPP-0008187,2025-08-15,Commit,Commit
OPP-0008187,2025-08-22,Commit,Commit
OPP-0008187,2025-08-29,Commit,Commit
OPP-0008188,2025-08-01,Commit,Commit
OPP-0008188,2025-08-08,Commit,Commit
OPP-0008188,2025-08-15,Commit,Commit
OPP-0008188,2025-08-22,Commit,Commit
OPP-0008188,2025-08-29,Commit,Commit
OPP-0008189,2025-08-01,Commit,Best Case
OPP-0008189,2025-08-08,Commit,Best Case
OPP-0008189,2025-08-15,Commit,Best Case
OPP-0008189,2025-08-22,Commit,Best Case
OPP-0008189,2025-08-29,Commit,Best Case
OPP-0008190,2025-08-01,Commit,Commit
OPP-0008190,2025-08-08,Commit,Commit
OPP-0008190,2025-08-15,Commit,Commit
OPP-0008190,2025-08-22,Commit,Commit
OPP-0008190,2025-08-29,Commit,Commit
OPP-0008191,2025-08-01,Pipeline,Omitted
OPP-0008191,2025-08-08,Pipeline,Omitted
OPP-0008191,2025-08-15,Pipeline,Pipeline
OPP-0008191,2025-08-22,Pipeline,Omitted
OPP-0008191,2025-08-29,Pipeline,Pipeline
OPP-0008191,2025-09-05,Pipeline,Pipeline
OPP-0008191,2025-09-12,Pipeline,Omitted
OPP-0008191,2025-09-19,Pipeline,Pipeline
OPP-0008191,2025-09-26,Best Case,Pipeline
OPP-0008191,2025-10-03,Pipeline,Pipeline
OPP-0008191,2025-10-10,Pipeline,Pipeline
OPP-0008191,2025-10-17,Pipeline,Pipeline
OPP-0008191,2025-10-24,Pipeline,Pipeline
OPP-0008191,2025-10-31,Pipeline,Omitted
OPP-0008191,2025-11-07,Pipeline,Pipeline
OPP-0008191,2025-11-14,Pipeline,Pipeline
OPP-0008191,2025-11-21,Commit,Commit
OPP-0008191,2025-11-28,Commit,Commit
OPP-0008191,2025-12-05,Best Case,Best Case
OPP-0008191,2025-12-12,Commit,Commit
OPP-0008192,2025-08-01,Best Case,Best Case
OPP-0008192,2025-08-08,Pipeline,Omitted
OPP-0008192,2025-08-15,Pipeline,Pipeline
OPP-0008192,2025-08-22,Pipeline,Pipeline
OPP-0008192,2025-08-29,Best Case,Best Case
OPP-0008192,2025-09-05,Pipeline,Pipeline
OPP-0008192,2025-09-12,Pipeline,Pipeline
OPP-0008192,2025-09-19,Best Case,Best Case
OPP-0008192,2025-09-26,Best Case,Best Case
OPP-0008192,2025-10-03,Best Case,Best Case
OPP-0008192,2025-10-10,Best Case,Best Case
OPP-0008192,2025-10-17,Pipeline,Pipeline
OPP-0008192,2025-10-24,Best Case,Pipeline
OPP-0008192,2025-10-31,Pipeline,Pipeline
OPP-0008192,2025-11-07,Best Case,Pipeline
OPP-0008192,2025-11-14,Pipeline,Pipeline
OPP-0008192,2025-11-21,Best Case,Pipeline
OPP-0008193,2025-08-01,Commit,Best Case
OPP-0008193,2025-08-08,Commit,Best Case
OPP-0008193,2025-08-15,Commit,Commit
OPP-0008193,2025-08-22,Commit,Best Case
OPP-0008193,2025-08-29,Commit,Best Case
OPP-0008194,2025-08-01,Commit,Commit
OPP-0008194,2025-08-08,Commit,Commit
OPP-0008194,2025-08-15,Commit,Commit
OPP-0008194,2025-08-22,Commit,Commit
OPP-0008194,2025-08-29,Commit,Commit
OPP-0008195,2025-08-01,Commit,Commit
OPP-0008195,2025-08-08,Commit,Commit
OPP-0008195,2025-08-15,Commit,Commit
OPP-0008195,2025-08-22,Commit,Commit
OPP-0008195,2025-08-29,Commit,Commit
OPP-0008196,2025-08-01,Commit,Commit
OPP-0008196,2025-08-08,Commit,Commit
OPP-0008196,2025-08-15,Commit,Commit
OPP-0008196,2025-08-22,Commit,Best Case
OPP-0008196,2025-08-29,Commit,Commit
OPP-0008197,2025-08-01,Pipeline,Pipeline
OPP-0008197,2025-08-08,Pipeline,Pipeline
OPP-0008198,2025-08-01,Commit,Best Case
OPP-0008198,2025-08-08,Best Case,Pipeline
OPP-0008198,2025-08-15,Commit,Best Case
OPP-0008198,2025-08-22,Commit,Best Case
OPP-0008198,2025-08-29,Commit,Best Case
OPP-0008198,2025-09-05,Commit,Commit
OPP-0008198,2025-09-12,Commit,Commit
OPP-0008198,2025-09-19,Commit,Commit
OPP-0008198,2025-09-26,Commit,Commit
OPP-0008199,2025-08-01,Commit,Commit
OPP-0008199,2025-08-08,Commit,Commit
OPP-0008199,2025-08-15,Commit,Commit
OPP-0008199,2025-08-22,Commit,Commit
OPP-0008199,2025-08-29,Commit,Commit
OPP-0008200,2025-08-01,Best Case,Pipeline
OPP-0008200,2025-08-08,Commit,Best Case
OPP-0008200,2025-08-15,Commit,Best Case
OPP-0008200,2025-08-22,Commit,Commit
OPP-0008200,2025-08-29,Commit,Best Case
OPP-0008200,2025-09-05,Commit,Best Case
OPP-0008200,2025-09-12,Commit,Commit
OPP-0008200,2025-09-19,Commit,Best Case
OPP-0008201,2025-08-01,Commit,Commit
OPP-0008201,2025-08-08,Commit,Commit
OPP-0008201,2025-08-15,Commit,Commit
OPP-0008201,2025-08-22,Commit,Commit
OPP-0008201,2025-08-29,Commit,Commit
OPP-0008201,2025-09-05,Commit,Commit
OPP-0008201,2025-09-12,Commit,Commit
OPP-0008201,2025-09-19,Commit,Commit
OPP-0008201,2025-09-26,Commit,Commit
OPP-0008201,2025-10-03,Commit,Commit
OPP-0008201,2025-10-10,Commit,Commit
OPP-0008202,2025-08-01,Commit,Commit
OPP-0008202,2025-08-08,Commit,Commit
OPP-0008202,2025-08-15,Commit,Commit
OPP-0008202,2025-08-22,Commit,Commit
OPP-0008202,2025-08-29,Commit,Commit
OPP-0008203,2025-08-01,Pipeline,Omitted
OPP-0008203,2025-08-08,Omitted,Omitted
OPP-0008203,2025-08-15,Pipeline,Omitted
OPP-0008203,2025-08-22,Pipeline,Omitted
OPP-0008203,2025-08-29,Pipeline,Pipeline
OPP-0008203,2025-09-05,Pipeline,Pipeline
OPP-0008215,2025-08-08,Commit,Commit
OPP-0008215,2025-08-15,Commit,Commit
OPP-0008215,2025-08-22,Commit,Commit
OPP-0008215,2025-08-29,Commit,Commit
OPP-0008216,2025-08-08,Omitted,Omitted
OPP-0008216,2025-08-15,Pipeline,Omitted
OPP-0008216,2025-08-22,Omitted,Omitted
OPP-0008216,2025-08-29,Pipeline,Omitted
OPP-0008216,2025-09-05,Pipeline,Omitted
OPP-0008217,2025-08-08,Pipeline,Pipeline
OPP-0008217,2025-08-15,Pipeline,Pipeline
OPP-0008217,2025-08-22,Commit,Commit
OPP-0008217,2025-08-29,Best Case,Best Case
OPP-0008217,2025-09-05,Best Case,Best Case
OPP-0008217,2025-09-12,Best Case,Best Case
OPP-0008218,2025-08-08,Omitted,Omitted
OPP-0008218,2025-08-15,Pipeline,Pipeline
OPP-0008218,2025-08-22,Pipeline,Pipeline
OPP-0008218,2025-08-29,Pipeline,Pipeline
OPP-0008218,2025-09-05,Best Case,Pipeline
OPP-0008219,2025-08-08,Commit,Commit
OPP-0008219,2025-08-15,Commit,Commit
OPP-0008219,2025-08-22,Commit,Commit
OPP-0008219,2025-08-29,Commit,Commit
OPP-0008219,2025-09-05,Commit,Commit
OPP-0008220,2025-08-08,Best Case,Best Case
OPP-0008220,2025-08-15,Best Case,Best Case
OPP-0008220,2025-08-22,Commit,Commit
OPP-0008228,2025-08-08,Commit,Commit
OPP-0008228,2025-08-15,Commit,Commit
OPP-0008228,2025-08-22,Commit,Commit
OPP-0008228,2025-08-29,Commit,Commit
OPP-0008229,2025-08-08,Commit,Commit
OPP-0008229,2025-08-15,Commit,Commit
OPP-0008229,2025-08-22,Commit,Commit
OPP-0008229,2025-08-29,Commit,Commit
OPP-0008230,2025-08-08,Pipeline,Pipeline
OPP-0008230,2025-08-15,Pipeline,Pipeline
OPP-0008230,2025-08-22,Best Case,Best Case
OPP-0008230,2025-08-29,Commit,Commit
OPP-0008230,2025-09-05,Commit,Commit
OPP-0008231,2025-08-08,Commit,Commit
OPP-0008231,2025-08-15,Commit,Commit
OPP-0008231,2025-08-22,Commit,Commit
OPP-0008231,2025-08-29,Commit,Commit
OPP-0008231,2025-09-05,Commit,Commit
OPP-0008231,2025-09-12,Commit,Commit
OPP-0008231,2025-09-19,Commit,Commit
OPP-0008231,2025-09-26,Commit,Commit
OPP-0008232,2025-08-08,Omitted,Omitted
OPP-0008232,2025-08-15,Omitted,Omitted
OPP-0008232,2025-08-22,Omitted,Omitted
OPP-0008232,2025-08-29,Omitted,Omitted
OPP-0008232,2025-09-05,Omitted,Omitted
OPP-0008232,2025-09-12,Omitted,Pipeline
OPP-0008232,2025-09-19,Omitted,Omitted
OPP-0008232,2025-09-26,Pipeline,Omitted
OPP-0008232,2025-10-03,Omitted,Pipeline
OPP-0008232,2025-10-10,Omitted,Omitted
OPP-0008232,2025-10-17,Omitted,Omitted
OPP-0008232,2025-10-24,Omitted,Omitted
OPP-0008232,2025-10-31,Omitted,Omitted
OPP-0008232,2025-11-07,Pipeline,Pipeline
OPP-0008232,2025-11-14,Pipeline,Best Case
OPP-0008241,2025-08-08,Commit,Commit
OPP-0008241,2025-08-15,Commit,Commit
OPP-0008241,2025-08-22,Commit,Commit
OPP-0008241,2025-08-29,Commit,Commit
OPP-0008242,2025-08-08,Best Case,Pipeline
OPP-0008242,2025-08-15,Pipeline,Pipeline
OPP-0008242,2025-08-22,Best Case,Pipeline
OPP-0008242,2025-08-29,Commit,Pipeline
OPP-0008243,2025-08-08,Omitted,Omitted
OPP-0008243,2025-08-15,Omitted,Omitted
OPP-0008243,2025-08-22,Omitted,Omitted
OPP-0008243,2025-08-29,Omitted,Omitted
OPP-0008243,2025-09-05,Omitted,Omitted
OPP-0008243,2025-09-12,Omitted,Omitted
OPP-0008243,2025-09-19,Omitted,Omitted
OPP-0008243,2025-09-26,Omitted,Omitted
OPP-0008243,2025-10-03,Omitted,Omitted
OPP-0008243,2025-10-10,Omitted,Omitted
OPP-0008243,2025-10-17,Omitted,Omitted
OPP-0008243,2025-10-24,Pipeline,Pipeline
OPP-0008243,2025-10-31,Omitted,Omitted
OPP-0008243,2025-11-07,Omitted,Omitted
OPP-0008243,2025-11-14,Omitted,Omitted
OPP-0008243,2025-11-21,Omitted,Omitted
OPP-0008243,2025-11-28,Omitted,Omitted
OPP-0008243,2025-12-05,Omitted,Omitted
OPP-0008243,2025-12-12,Omitted,Omitted
OPP-0008252,2025-08-08,Commit,Commit
OPP-0008252,2025-08-15,Commit,Commit
OPP-0008252,2025-08-22,Commit,Commit
OPP-0008252,2025-08-29,Commit,Commit
OPP-0008253,2025-08-08,Commit,Commit
OPP-0008253,2025-08-15,Commit,Commit
OPP-0008253,2025-08-22,Commit,Commit
OPP-0008253,2025-08-29,Commit,Commit
OPP-0008254,2025-08-08,Commit,Commit
OPP-0008254,2025-08-15,Commit,Commit
OPP-0008254,2025-08-22,Commit,Commit
OPP-0008254,2025-08-29,Commit,Commit
OPP-0008255,2025-08-08,Commit,Commit
OPP-0008255,2025-08-15,Commit,Commit
OPP-0008255,2025-08-22,Commit,Commit
OPP-0008255,2025-08-29,Commit,Commit
OPP-0008256,2025-08-08,Pipeline,Pipeline
OPP-0008256,2025-08-15,Best Case,Best Case
OPP-0008256,2025-08-22,Best Case,Best Case
OPP-0008256,2025-08-29,Pipeline,Pipeline
OPP-0008256,2025-09-05,Best Case,Pipeline
OPP-0008257,2025-08-08,Best Case,Pipeline
OPP-0008257,2025-08-15,Best Case,Pipeline
OPP-0008257,2025-08-22,Best Case,Pipeline
OPP-0008257,2025-08-29,Pipeline,Best Case
OPP-0008257,2025-09-05,Best Case,Pipeline
OPP-0008257,2025-09-12,Pipeline,Best Case
OPP-0008257,2025-09-19,Pipeline,Pipeline
OPP-0008257,2025-09-26,Commit,Best Case
OPP-0008257,2025-10-03,Commit,Commit
OPP-0008257,2025-10-10,Commit,Commit
OPP-0008257,2025-10-17,Commit,Commit
OPP-0008258,2025-08-08,Commit,Commit
OPP-0008258,2025-08-15,Commit,Commit
OPP-0008258,2025-08-22,Commit,Commit
OPP-0008258,2025-08-29,Commit,Commit
OPP-0008258,2025-09-05,Commit,Commit
OPP-0008258,2025-09-12,Commit,Commit
OPP-0008258,2025-09-19,Commit,Commit
OPP-0008258,2025-09-26,Commit,Commit
OPP-0008258,2025-10-03,Commit,Commit
OPP-0008258,2025-10-10,Commit,Commit
OPP-0008258,2025-10-17,Commit,Commit
OPP-0008258,2025-10-24,Commit,Commit
OPP-0008258,2025-10-31,Commit,Commit
OPP-0008267,2025-08-08,Commit,Commit
OPP-0008267,2025-08-15,Commit,Commit
OPP-0008267,2025-08-22,Commit,Commit
OPP-0008267,2025-08-29,Commit,Commit
OPP-0008268,2025-08-08,Commit,Commit
OPP-0008268,2025-08-15,Commit,Commit
OPP-0008268,2025-08-22,Commit,Commit
OPP-0008268,2025-08-29,Commit,Commit
OPP-0008269,2025-08-08,Best Case,Omitted
OPP-0008269,2025-08-15,Pipeline,Pipeline
OPP-0008269,2025-08-22,Best Case,Best Case
OPP-0008269,2025-08-29,Best Case,Best Case
OPP-0008277,2025-08-08,Commit,Commit
OPP-0008277,2025-08-15,Commit,Commit
OPP-0008277,2025-08-22,Commit,Commit
OPP-0008277,2025-08-29,Commit,Commit
OPP-0008278,2025-08-08,Commit,Commit
OPP-0008278,2025-08-15,Commit,Commit
OPP-0008278,2025-08-22,Commit,Commit
OPP-0008278,2025-08-29,Commit,Commit
OPP-0008279,2025-08-08,Pipeline,Pipeline
OPP-0008279,2025-08-15,Best Case,Best Case
OPP-0008279,2025-08-22,Best Case,Best Case
OPP-0008279,2025-08-29,Best Case,Best Case
OPP-0008279,2025-09-05,Best Case,Best Case
OPP-0008280,2025-08-08,Pipeline,Pipeline
OPP-0008280,2025-08-15,Omitted,Pipeline
OPP-0008280,2025-08-22,Pipeline,Pipeline
OPP-0008280,2025-08-29,Pipeline,Pipeline
OPP-0008280,2025-09-05,Best Case,Pipeline
OPP-0008288,2025-08-08,Commit,Commit
OPP-0008288,2025-08-15,Commit,Commit
OPP-0008288,2025-08-22,Commit,Commit
OPP-0008288,2025-08-29,Commit,Commit
OPP-0008289,2025-08-08,Commit,Commit
OPP-0008289,2025-08-15,Commit,Commit
OPP-0008289,2025-08-22,Commit,Commit
OPP-0008289,2025-08-29,Commit,Commit
OPP-0008290,2025-08-08,Commit,Commit
OPP-0008290,2025-08-15,Commit,Commit
OPP-0008290,2025-08-22,Commit,Commit
OPP-0008290,2025-08-29,Commit,Commit
OPP-0008290,2025-09-05,Commit,Commit
OPP-0008290,2025-09-12,Commit,Commit
OPP-0008290,2025-09-19,Commit,Commit
OPP-0008290,2025-09-26,Commit,Commit
OPP-0008291,2025-08-08,Commit,Best Case
OPP-0008291,2025-08-15,Commit,Best Case
OPP-0008291,2025-08-22,Commit,Best Case
OPP-0008291,2025-08-29,Commit,Commit
OPP-0008291,2025-09-05,Commit,Best Case
OPP-0008291,2025-09-12,Commit,Best Case
OPP-0008291,2025-09-19,Commit,Best Case
OPP-0008291,2025-09-26,Commit,Best Case
OPP-0008295,2025-08-15,Pipeline,Omitted
OPP-0008295,2025-08-22,Pipeline,Pipeline
OPP-0008295,2025-08-29,Best Case,Best Case
OPP-0008296,2025-08-15,Pipeline,Omitted
OPP-0008296,2025-08-22,Best Case,Best Case
OPP-0008296,2025-08-29,Best Case,Best Case
OPP-0008296,2025-09-05,Pipeline,Pipeline
OPP-0008296,2025-09-12,Best Case,Best Case
OPP-0008296,2025-09-19,Pipeline,Pipeline
OPP-0008296,2025-09-26,Best Case,Best Case
OPP-0008296,2025-10-03,Best Case,Best Case
OPP-0008296,2025-10-10,Pipeline,Omitted
OPP-0008296,2025-10-17,Pipeline,Omitted
OPP-0008296,2025-10-24,Pipeline,Omitted
OPP-0008296,2025-10-31,Pipeline,Omitted
OPP-0008297,2025-08-15,Best Case,Pipeline
OPP-0008297,2025-08-22,Best Case,Best Case
OPP-0008297,2025-08-29,Commit,Best Case
OPP-0008297,2025-09-05,Commit,Commit
OPP-0008297,2025-09-12,Commit,Commit
OPP-0008297,2025-09-19,Best Case,Commit
OPP-0008297,2025-09-26,Commit,Commit
OPP-0008297,2025-10-03,Commit,Commit
OPP-0008297,2025-10-10,Commit,Commit
OPP-0008297,2025-10-17,Commit,Commit
OPP-0008297,2025-10-24,Commit,Commit
OPP-0008297,2025-10-31,Commit,Commit
OPP-0008306,2025-08-15,Commit,Commit
OPP-0008306,2025-08-22,Commit,Commit
OPP-0008306,2025-08-29,Commit,Commit
OPP-0008307,2025-08-15,Commit,Commit
OPP-0008307,2025-08-22,Commit,Commit
OPP-0008307,2025-08-29,Commit,Commit
OPP-0008308,2025-08-15,Commit,Commit
OPP-0008308,2025-08-22,Commit,Commit
OPP-0008308,2025-08-29,Commit,Commit
OPP-0008309,2025-08-15,Commit,Commit
OPP-0008309,2025-08-22,Commit,Commit
OPP-0008309,2025-08-29,Commit,Commit
OPP-0008309,2025-09-05,Best Case,Best Case
OPP-0008309,2025-09-12,Best Case,Commit
OPP-0008309,2025-09-19,Commit,Commit
OPP-0008309,2025-09-26,Commit,Commit
OPP-0008310,2025-08-15,Best Case,Commit
OPP-0008310,2025-08-22,Commit,Best Case
OPP-0008310,2025-08-29,Best Case,Pipeline
OPP-0008310,2025-09-05,Best Case,Commit
OPP-0008310,2025-09-12,Best Case,Commit
OPP-0008310,2025-09-19,Best Case,Pipeline
OPP-0008310,2025-09-26,Commit,Commit
OPP-0008310,2025-10-03,Commit,Commit
OPP-0008310,2025-10-10,Commit,Commit
OPP-0008310,2025-10-17,Commit,Commit
OPP-0008310,2025-10-24,Commit,Commit
OPP-0008310,2025-10-31,Commit,Commit
OPP-0008311,2025-08-15,Commit,Commit
OPP-0008311,2025-08-22,Commit,Commit
OPP-0008311,2025-08-29,Commit,Commit
OPP-0008311,2025-09-05,Commit,Commit
OPP-0008311,2025-09-12,Commit,Best Case
OPP-0008311,2025-09-19,Commit,Commit
OPP-0008311,2025-09-26,Commit,Commit
OPP-0008311,2025-10-03,Commit,Best Case
OPP-0008311,2025-10-10,Commit,Best Case
OPP-0008311,2025-10-17,Commit,Best Case
OPP-0008311,2025-10-24,Commit,Commit
OPP-0008311,2025-10-31,Commit,Commit
OPP-0008316,2025-08-15,Commit,Commit
OPP-0008316,2025-08-22,Commit,Commit
OPP-0008316,2025-08-29,Commit,Commit
OPP-0008317,2025-08-15,Commit,Commit
OPP-0008317,2025-08-22,Commit,Commit
OPP-0008317,2025-08-29,Commit,Commit
OPP-0008318,2025-08-15,Pipeline,Omitted
OPP-0008318,2025-08-22,Best Case,Pipeline
OPP-0008319,2025-08-15,Commit,Commit
OPP-0008319,2025-08-22,Commit,Commit
OPP-0008319,2025-08-29,Commit,Commit
OPP-0008319,2025-09-05,Commit,Commit
OPP-0008319,2025-09-12,Commit,Commit
OPP-0008319,2025-09-19,Commit,Commit
OPP-0008325,2025-08-15,Pipeline,Pipeline
OPP-0008325,2025-08-22,Pipeline,Pipeline
OPP-0008325,2025-08-29,Pipeline,Pipeline
OPP-0008325,2025-09-05,Pipeline,Pipeline
OPP-0008325,2025-09-12,Best Case,Pipeline
OPP-0008325,2025-09-19,Best Case,Best Case
OPP-0008326,2025-08-15,Commit,Commit
OPP-0008326,2025-08-22,Commit,Commit
OPP-0008326,2025-08-29,Commit,Commit
OPP-0008326,2025-09-05,Commit,Commit
OPP-0008326,2025-09-12,Commit,Commit
OPP-0008326,2025-09-19,Commit,Commit
OPP-0008326,2025-09-26,Commit,Commit
OPP-0008326,2025-10-03,Commit,Commit
OPP-0008326,2025-10-10,Commit,Commit
OPP-0008326,2025-10-17,Commit,Commit
OPP-0008326,2025-10-24,Commit,Commit
OPP-0008326,2025-10-31,Commit,Commit
OPP-0008326,2025-11-07,Commit,Commit
OPP-0008326,2025-11-14,Commit,Commit
OPP-0008333,2025-08-15,Best Case,Omitted
OPP-0008333,2025-08-22,Pipeline,Omitted
OPP-0008333,2025-08-29,Commit,Pipeline
OPP-0008334,2025-08-15,Pipeline,Omitted
OPP-0008334,2025-08-22,Best Case,Best Case
OPP-0008334,2025-08-29,Best Case,Best Case
OPP-0008334,2025-09-05,Best Case,Pipeline
OPP-0008334,2025-09-12,Commit,Commit
OPP-0008335,2025-08-15,Pipeline,Omitted
OPP-0008335,2025-08-22,Pipeline,Omitted
OPP-0008335,2025-08-29,Pipeline,Omitted
OPP-0008335,2025-09-05,Best Case,Best Case
OPP-0008335,2025-09-12,Pipeline,Pipeline
OPP-0008335,2025-09-19,Pipeline,Pipeline
OPP-0008335,2025-09-26,Best Case,Best Case
OPP-0008335,2025-10-03,Pipeline,Pipeline
OPP-0008335,2025-10-10,Pipeline,Pipeline
OPP-0008336,2025-08-15,Pipeline,Omitted
OPP-0008336,2025-08-22,Pipeline,Pipeline
OPP-0008336,2025-08-29,Pipeline,Omitted
OPP-0008336,2025-09-05,Best Case,Pipeline
OPP-0008336,2025-09-12,Pipeline,Pipeline
OPP-0008336,2025-09-19,Pipeline,Pipeline
OPP-0008336,2025-09-26,Pipeline,Pipeline
OPP-0008336,2025-10-03,Omitted,Omitted
OPP-0008336,2025-10-10,Pipeline,Pipeline
OPP-0008336,2025-10-17,Pipeline,Pipeline
OPP-0008336,2025-10-24,Pipeline,Pipeline
OPP-0008336,2025-10-31,Pipeline,Pipeline
OPP-0008336,2025-11-07,Best Case,Best Case
OPP-0008336,2025-11-14,Pipeline,Pipeline
OPP-0008336,2025-11-21,Best Case,Best Case
OPP-0008336,2025-11-28,Commit,Commit
OPP-0008336,2025-12-05,Commit,Commit
OPP-0008336,2025-12-12,Commit,Best Case
OPP-0008336,2025-12-19,Commit,Commit
OPP-0008336,2025-12-26,Commit,Commit
OPP-0008348,2025-08-15,Commit,Commit
OPP-0008348,2025-08-22,Commit,Commit
OPP-0008348,2025-08-29,Commit,Commit
OPP-0008349,2025-08-15,Best Case,Commit
OPP-0008349,2025-08-22,Best Case,Commit
OPP-0008349,2025-08-29,Commit,Commit
OPP-0008349,2025-09-05,Commit,Commit
OPP-0008349,2025-09-12,Commit,Commit
OPP-0008349,2025-09-19,Commit,Commit
OPP-0008349,2025-09-26,Commit,Commit
OPP-0008349,2025-10-03,Commit,Commit
OPP-0008349,2025-10-10,Commit,Commit
OPP-0008349,2025-10-17,Commit,Commit
OPP-0008349,2025-10-24,Commit,Commit
OPP-0008349,2025-10-31,Commit,Commit
OPP-0008350,2025-08-15,Pipeline,Pipeline
OPP-0008350,2025-08-22,Best Case,Pipeline
OPP-0008350,2025-08-29,Best Case,Best Case
OPP-0008358,2025-08-15,Commit,Commit
OPP-0008358,2025-08-22,Commit,Commit
OPP-0008358,2025-08-29,Commit,Commit
OPP-0008359,2025-08-15,Commit,Commit
OPP-0008359,2025-08-22,Commit,Commit
OPP-0008359,2025-08-29,Commit,Commit
OPP-0008360,2025-08-15,Commit,Commit
OPP-0008360,2025-08-22,Commit,Commit
OPP-0008360,2025-08-29,Commit,Commit
OPP-0008361,2025-08-15,Pipeline,Pipeline
OPP-0008361,2025-08-22,Pipeline,Pipeline
OPP-0008361,2025-08-29,Pipeline,Pipeline
OPP-0008361,2025-09-05,Pipeline,Pipeline
OPP-0008361,2025-09-12,Best Case,Best Case
OPP-0008361,2025-09-19,Commit,Pipeline
OPP-0008362,2025-08-15,Pipeline,Pipeline
OPP-0008362,2025-08-22,Best Case,Best Case
OPP-0008362,2025-08-29,Commit,Commit
OPP-0008362,2025-09-05,Commit,Commit
OPP-0008372,2025-08-22,Commit,Commit
OPP-0008372,2025-08-29,Commit,Commit
OPP-0008373,2025-08-22,Commit,Commit
OPP-0008373,2025-08-29,Commit,Commit
OPP-0008374,2025-08-22,Pipeline,Pipeline
OPP-0008374,2025-08-29,Pipeline,Pipeline
OPP-0008374,2025-09-05,Pipeline,Pipeline
OPP-0008374,2025-09-12,Best Case,Best Case
OPP-0008374,2025-09-19,Best Case,Best Case
OPP-0008375,2025-08-22,Commit,Commit
OPP-0008375,2025-08-29,Commit,Commit
OPP-0008375,2025-09-05,Commit,Commit
OPP-0008375,2025-09-12,Commit,Commit
OPP-0008375,2025-09-19,Commit,Commit
OPP-0008376,2025-08-22,Commit,Commit
OPP-0008376,2025-08-29,Best Case,Best Case
OPP-0008376,2025-09-05,Commit,Commit
OPP-0008381,2025-08-22,Commit,Commit
OPP-0008381,2025-08-29,Commit,Commit
OPP-0008382,2025-08-22,Commit,Commit
OPP-0008382,2025-08-29,Commit,Commit
OPP-0008382,2025-09-05,Commit,Commit
OPP-0008382,2025-09-12,Commit,Commit
OPP-0008382,2025-09-19,Commit,Commit
OPP-0008382,2025-09-26,Commit,Commit
OPP-0008383,2025-08-22,Commit,Commit
OPP-0008383,2025-08-29,Commit,Commit
OPP-0008384,2025-08-22,Omitted,Pipeline
OPP-0008384,2025-08-29,Omitted,Omitted
OPP-0008384,2025-09-05,Pipeline,Pipeline
OPP-0008384,2025-09-12,Best Case,Pipeline
OPP-0008384,2025-09-19,Pipeline,Pipeline
OPP-0008385,2025-08-22,Commit,Commit
OPP-0008385,2025-08-29,Commit,Commit
OPP-0008385,2025-09-05,Commit,Commit
OPP-0008385,2025-09-12,Commit,Commit
OPP-0008385,2025-09-19,Commit,Commit
OPP-0008385,2025-09-26,Commit,Commit
OPP-0008385,2025-10-03,Commit,Commit
OPP-0008385,2025-10-10,Commit,Commit
OPP-0008385,2025-10-17,Commit,Commit
OPP-0008385,2025-10-24,Commit,Commit
OPP-0008385,2025-10-31,Commit,Commit
OPP-0008386,2025-08-22,Pipeline,Pipeline
OPP-0008386,2025-08-29,Omitted,Omitted
OPP-0008386,2025-09-05,Best Case,Best Case
OPP-0008391,2025-08-22,Commit,Commit
OPP-0008391,2025-08-29,Commit,Commit
OPP-0008392,2025-08-22,Commit,Commit
OPP-0008392,2025-08-29,Commit,Commit
OPP-0008393,2025-08-22,Commit,Commit
OPP-0008393,2025-08-29,Commit,Commit
OPP-0008394,2025-08-22,Best Case,Pipeline
OPP-0008394,2025-08-29,Pipeline,Pipeline
OPP-0008394,2025-09-05,Best Case,Pipeline
OPP-0008394,2025-09-12,Best Case,Best Case
OPP-0008394,2025-09-19,Best Case,Best Case
OPP-0008394,2025-09-26,Best Case,Pipeline
OPP-0008394,2025-10-03,Best Case,Best Case
OPP-0008394,2025-10-10,Commit,Commit
OPP-0008394,2025-10-17,Commit,Best Case
OPP-0008394,2025-10-24,Commit,Best Case
OPP-0008394,2025-10-31,Commit,Best Case
OPP-0008395,2025-08-22,Commit,Commit
OPP-0008395,2025-08-29,Commit,Commit
OPP-0008395,2025-09-05,Commit,Commit
OPP-0008395,2025-09-12,Commit,Commit
OPP-0008395,2025-09-19,Commit,Commit
OPP-0008395,2025-09-26,Commit,Commit
OPP-0008404,2025-08-22,Commit,Commit
OPP-0008404,2025-08-29,Commit,Commit
OPP-0008404,2025-09-05,Commit,Best Case
OPP-0008404,2025-09-12,Commit,Best Case
OPP-0008404,2025-09-19,Commit,Best Case
OPP-0008404,2025-09-26,Commit,Best Case
OPP-0008405,2025-08-22,Commit,Commit
OPP-0008405,2025-08-29,Commit,Commit
OPP-0008405,2025-09-05,Commit,Commit
OPP-0008405,2025-09-12,Commit,Commit
OPP-0008405,2025-09-19,Commit,Commit
OPP-0008405,2025-09-26,Commit,Commit
OPP-0008406,2025-08-22,Commit,Commit
OPP-0008406,2025-08-29,Commit,Commit
OPP-0008406,2025-09-05,Commit,Best Case
OPP-0008406,2025-09-12,Commit,Commit
OPP-0008406,2025-09-19,Commit,Best Case
OPP-0008406,2025-09-26,Commit,Best Case
OPP-0008406,2025-10-03,Commit,Commit
OPP-0008406,2025-10-10,Commit,Commit
OPP-0008406,2025-10-17,Commit,Commit
OPP-0008406,2025-10-24,Commit,Commit
OPP-0008406,2025-10-31,Commit,Commit
OPP-0008406,2025-11-07,Commit,Commit
OPP-0008406,2025-11-14,Commit,Commit
OPP-0008407,2025-08-22,Pipeline,Pipeline
OPP-0008407,2025-08-29,Pipeline,Pipeline
OPP-0008407,2025-09-05,Pipeline,Pipeline
OPP-0008417,2025-08-22,Commit,Commit
OPP-0008417,2025-08-29,Commit,Commit
OPP-0008417,2025-09-05,Commit,Commit
OPP-0008417,2025-09-12,Commit,Commit
OPP-0008417,2025-09-19,Commit,Commit
OPP-0008417,2025-09-26,Commit,Commit
OPP-0008418,2025-08-22,Commit,Commit
OPP-0008418,2025-08-29,Commit,Commit
OPP-0008418,2025-09-05,Commit,Best Case
OPP-0008418,2025-09-12,Commit,Best Case
OPP-0008418,2025-09-19,Commit,Best Case
OPP-0008418,2025-09-26,Commit,Commit
OPP-0008424,2025-08-22,Commit,Commit
OPP-0008424,2025-08-29,Commit,Commit
OPP-0008424,2025-09-05,Commit,Commit
OPP-0008424,2025-09-12,Commit,Commit
OPP-0008424,2025-09-19,Commit,Commit
OPP-0008424,2025-09-26,Commit,Commit
OPP-0008425,2025-08-22,Commit,Commit
OPP-0008425,2025-08-29,Commit,Commit
OPP-0008425,2025-09-05,Commit,Commit
OPP-0008425,2025-09-12,Commit,Commit
OPP-0008425,2025-09-19,Commit,Commit
OPP-0008425,2025-09-26,Commit,Commit
OPP-0008426,2025-08-22,Commit,Commit
OPP-0008426,2025-08-29,Commit,Commit
OPP-0008426,2025-09-05,Commit,Commit
OPP-0008426,2025-09-12,Commit,Commit
OPP-0008426,2025-09-19,Commit,Commit
OPP-0008426,2025-09-26,Commit,Commit
OPP-0008427,2025-08-22,Commit,Commit
OPP-0008427,2025-08-29,Commit,Commit
OPP-0008427,2025-09-05,Commit,Commit
OPP-0008427,2025-09-12,Commit,Commit
OPP-0008427,2025-09-19,Commit,Commit
OPP-0008427,2025-09-26,Commit,Commit
OPP-0008428,2025-08-22,Commit,Commit
OPP-0008428,2025-08-29,Commit,Commit
OPP-0008428,2025-09-05,Commit,Commit
OPP-0008428,2025-09-12,Commit,Commit
OPP-0008428,2025-09-19,Commit,Commit
OPP-0008428,2025-09-26,Commit,Commit
OPP-0008429,2025-08-22,Omitted,Omitted
OPP-0008429,2025-08-29,Pipeline,Omitted
OPP-0008429,2025-09-05,Best Case,Omitted
OPP-0008429,2025-09-12,Pipeline,Pipeline
OPP-0008429,2025-09-19,Pipeline,Omitted
OPP-0008429,2025-09-26,Best Case,Pipeline
OPP-0008430,2025-08-22,Commit,Commit
OPP-0008430,2025-08-29,Commit,Commit
OPP-0008430,2025-09-05,Commit,Commit
OPP-0008430,2025-09-12,Commit,Commit
OPP-0008430,2025-09-19,Commit,Commit
OPP-0008430,2025-09-26,Commit,Commit
OPP-0008430,2025-10-03,Commit,Commit
OPP-0008430,2025-10-10,Commit,Commit
OPP-0008430,2025-10-17,Commit,Commit
OPP-0008430,2025-10-24,Commit,Commit
OPP-0008430,2025-10-31,Commit,Commit
OPP-0008431,2025-08-22,Commit,Best Case
OPP-0008431,2025-08-29,Commit,Best Case
OPP-0008431,2025-09-05,Commit,Best Case
OPP-0008431,2025-09-12,Commit,Best Case
OPP-0008431,2025-09-19,Commit,Best Case
OPP-0008431,2025-09-26,Commit,Best Case
OPP-0008432,2025-08-22,Best Case,Omitted
OPP-0008432,2025-08-29,Best Case,Omitted
OPP-0008432,2025-09-05,Commit,Pipeline
OPP-0008432,2025-09-12,Commit,Best Case
OPP-0008432,2025-09-19,Commit,Best Case
OPP-0008432,2025-09-26,Commit,Best Case
OPP-0008432,2025-10-03,Best Case,Pipeline
OPP-0008432,2025-10-10,Commit,Best Case
OPP-0008432,2025-10-17,Best Case,Pipeline
OPP-0008432,2025-10-24,Commit,Best Case
OPP-0008432,2025-10-31,Best Case,Pipeline
OPP-0008433,2025-08-22,Pipeline,Omitted
OPP-0008433,2025-08-29,Pipeline,Omitted
OPP-0008433,2025-09-05,Best Case,Best Case
OPP-0008433,2025-09-12,Commit,Commit
OPP-0008434,2025-08-22,Pipeline,Omitted
OPP-0008434,2025-08-29,Omitted,Omitted
OPP-0008434,2025-09-05,Pipeline,Omitted
OPP-0008434,2025-09-12,Omitted,Omitted
OPP-0008434,2025-09-19,Best Case,Best Case
OPP-0008434,2025-09-26,Pipeline,Best Case
OPP-0008440,2025-08-22,Commit,Commit
OPP-0008440,2025-08-29,Commit,Commit
OPP-0008440,2025-09-05,Commit,Commit
OPP-0008440,2025-09-12,Commit,Commit
OPP-0008440,2025-09-19,Commit,Commit
OPP-0008440,2025-09-26,Commit,Best Case
OPP-0008441,2025-08-22,Pipeline,Omitted
OPP-0008441,2025-08-29,Best Case,Pipeline
OPP-0008442,2025-08-22,Commit,Pipeline
OPP-0008442,2025-08-29,Best Case,Best Case
OPP-0008442,2025-09-05,Best Case,Best Case
OPP-0008442,2025-09-12,Commit,Commit
OPP-0008442,2025-09-19,Commit,Commit
OPP-0008443,2025-08-22,Pipeline,Omitted
OPP-0008443,2025-08-29,Pipeline,Pipeline
OPP-0008443,2025-09-05,Pipeline,Omitted
OPP-0008443,2025-09-12,Best Case,Best Case
OPP-0008443,2025-09-19,Pipeline,Pipeline
OPP-0008443,2025-09-26,Best Case,Best Case
OPP-0008443,2025-10-03,Pipeline,Pipeline
OPP-0008443,2025-10-10,Pipeline,Pipeline
OPP-0008443,2025-10-17,Pipeline,Pipeline
OPP-0008443,2025-10-24,Commit,Pipeline
OPP-0008443,2025-10-31,Best Case,Best Case
OPP-0008443,2025-11-07,Best Case,Best Case
OPP-0008443,2025-11-14,Best Case,Best Case
OPP-0008443,2025-11-21,Commit,Commit
OPP-0008443,2025-11-28,Pipeline,Best Case
OPP-0008443,2025-12-05,Best Case,Pipeline
OPP-0008443,2025-12-12,Best Case,Pipeline
OPP-0008444,2025-08-22,Pipeline,Pipeline
OPP-0008444,2025-08-29,Best Case,Best Case
OPP-0008444,2025-09-05,Best Case,Omitted
OPP-0008444,2025-09-12,Pipeline,Pipeline
OPP-0008444,2025-09-19,Pipeline,Pipeline
OPP-0008444,2025-09-26,Best Case,Best Case
OPP-0008444,2025-10-03,Best Case,Best Case
OPP-0008444,2025-10-10,Pipeline,Pipeline
OPP-0008444,2025-10-17,Commit,Commit
OPP-0008444,2025-10-24,Commit,Commit
OPP-0008444,2025-10-31,Commit,Commit
OPP-0008450,2025-08-29,Commit,Commit
OPP-0008450,2025-09-05,Commit,Commit
OPP-0008450,2025-09-12,Commit,Commit
OPP-0008450,2025-09-19,Commit,Commit
OPP-0008450,2025-09-26,Commit,Commit
OPP-0008451,2025-08-29,Commit,Commit
OPP-0008451,2025-09-05,Best Case,Best Case
OPP-0008451,2025-09-12,Commit,Commit
OPP-0008452,2025-08-29,Omitted,Pipeline
OPP-0008452,2025-09-05,Pipeline,Omitted
OPP-0008452,2025-09-12,Best Case,Pipeline
OPP-0008452,2025-09-19,Pipeline,Pipeline
OPP-0008453,2025-08-29,Pipeline,Pipeline
OPP-0008453,2025-09-05,Pipeline,Pipeline
OPP-0008453,2025-09-12,Pipeline,Omitted
OPP-0008453,2025-09-19,Best Case,Best Case
OPP-0008454,2025-08-29,Commit,Commit
OPP-0008454,2025-09-05,Commit,Commit
OPP-0008454,2025-09-12,Commit,Commit
OPP-0008454,2025-09-19,Commit,Commit
OPP-0008454,2025-09-26,Commit,Commit
OPP-0008455,2025-08-29,Commit,Best Case
OPP-0008455,2025-09-05,Commit,Commit
OPP-0008455,2025-09-12,Commit,Best Case
OPP-0008455,2025-09-19,Commit,Best Case
OPP-0008455,2025-09-26,Commit,Best Case
OPP-0008455,2025-10-03,Commit,Commit
OPP-0008455,2025-10-10,Commit,Commit
OPP-0008455,2025-10-17,Commit,Commit
OPP-0008455,2025-10-24,Commit,Commit
OPP-0008455,2025-10-31,Commit,Commit
OPP-0008464,2025-08-29,Pipeline,Pipeline
OPP-0008464,2025-09-05,Pipeline,Best Case
OPP-0008464,2025-09-12,Best Case,Best Case
OPP-0008465,2025-08-29,Commit,Commit
OPP-0008465,2025-09-05,Pipeline,Best Case
OPP-0008465,2025-09-12,Commit,Commit
OPP-0008465,2025-09-19,Best Case,Best Case
OPP-0008465,2025-09-26,Commit,Commit
OPP-0008465,2025-10-03,Commit,Commit
OPP-0008466,2025-08-29,Omitted,Pipeline
OPP-0008466,2025-09-05,Omitted,Pipeline
OPP-0008466,2025-09-12,Omitted,Omitted
OPP-0008466,2025-09-19,Pipeline,Pipeline
OPP-0008466,2025-09-26,Pipeline,Pipeline
OPP-0008476,2025-08-29,Commit,Commit
OPP-0008476,2025-09-05,Commit,Commit
OPP-0008476,2025-09-12,Commit,Commit
OPP-0008476,2025-09-19,Commit,Commit
OPP-0008476,2025-09-26,Commit,Commit
OPP-0008477,2025-08-29,Commit,Commit
OPP-0008477,2025-09-05,Commit,Commit
OPP-0008477,2025-09-12,Commit,Commit
OPP-0008477,2025-09-19,Commit,Commit
OPP-0008477,2025-09-26,Commit,Commit
OPP-0008478,2025-08-29,Commit,Commit
OPP-0008478,2025-09-05,Commit,Commit
OPP-0008478,2025-09-12,Commit,Commit
OPP-0008478,2025-09-19,Commit,Commit
OPP-0008478,2025-09-26,Commit,Commit
OPP-0008484,2025-08-29,Commit,Commit
OPP-0008484,2025-09-05,Commit,Commit
OPP-0008484,2025-09-12,Commit,Commit
OPP-0008484,2025-09-19,Commit,Commit
OPP-0008484,2025-09-26,Commit,Commit
OPP-0008485,2025-08-29,Commit,Commit
OPP-0008485,2025-09-05,Commit,Commit
OPP-0008485,2025-09-12,Commit,Commit
OPP-0008485,2025-09-19,Commit,Commit
OPP-0008485,2025-09-26,Commit,Commit
OPP-0008486,2025-08-29,Pipeline,Omitted
OPP-0008486,2025-09-05,Best Case,Pipeline
OPP-0008486,2025-09-12,Pipeline,Pipeline
OPP-0008486,2025-09-19,Best Case,Best Case
OPP-0008486,2025-09-26,Best Case,Best Case
OPP-0008487,2025-08-29,Commit,Commit
OPP-0008487,2025-09-05,Commit,Commit
OPP-0008487,2025-09-12,Commit,Commit
OPP-0008487,2025-09-19,Commit,Commit
OPP-0008487,2025-09-26,Commit,Commit
OPP-0008488,2025-08-29,Pipeline,Best Case
OPP-0008488,2025-09-05,Commit,Best Case
OPP-0008488,2025-09-12,Commit,Best Case
OPP-0008488,2025-09-19,Commit,Commit
OPP-0008488,2025-09-26,Commit,Commit
OPP-0008500,2025-08-29,Commit,Commit
OPP-0008500,2025-09-05,Commit,Commit
OPP-0008500,2025-09-12,Commit,Commit
OPP-0008500,2025-09-19,Commit,Commit
OPP-0008500,2025-09-26,Commit,Commit
OPP-0008500,2025-10-03,Commit,Commit
OPP-0008501,2025-08-29,Pipeline,Pipeline
OPP-0008501,2025-09-05,Best Case,Pipeline
OPP-0008501,2025-09-12,Best Case,Pipeline
OPP-0008501,2025-09-19,Best Case,Pipeline
OPP-0008501,2025-09-26,Commit,Best Case
OPP-0008501,2025-10-03,Commit,Best Case
OPP-0008501,2025-10-10,Best Case,Pipeline
OPP-0008501,2025-10-17,Commit,Best Case
OPP-0008501,2025-10-24,Commit,Commit
OPP-0008501,2025-10-31,Commit,Best Case
OPP-0008505,2025-08-29,Commit,Commit
OPP-0008505,2025-09-05,Commit,Commit
OPP-0008505,2025-09-12,Commit,Commit
OPP-0008505,2025-09-19,Commit,Commit
OPP-0008505,2025-09-26,Commit,Commit
OPP-0008506,2025-08-29,Pipeline,Omitted
OPP-0008506,2025-09-05,Pipeline,Omitted
OPP-0008506,2025-09-12,Pipeline,Pipeline
OPP-0008506,2025-09-19,Pipeline,Best Case
OPP-0008507,2025-08-29,Pipeline,Pipeline
OPP-0008507,2025-09-05,Pipeline,Pipeline
OPP-0008507,2025-09-12,Pipeline,Pipeline
OPP-0008507,2025-09-19,Best Case,Best Case
OPP-0008507,2025-09-26,Best Case,Commit
OPP-0008507,2025-10-03,Best Case,Best Case
OPP-0008508,2025-08-29,Best Case,Omitted
OPP-0008508,2025-09-05,Pipeline,Omitted
OPP-0008508,2025-09-12,Best Case,Pipeline
OPP-0008508,2025-09-19,Best Case,Pipeline
OPP-0008508,2025-09-26,Pipeline,Pipeline
OPP-0008508,2025-10-03,Best Case,Best Case
OPP-0008508,2025-10-10,Pipeline,Pipeline
OPP-0008508,2025-10-17,Best Case,Best Case
OPP-0008508,2025-10-24,Pipeline,Pipeline
OPP-0008508,2025-10-31,Best Case,Best Case
OPP-0008508,2025-11-07,Best Case,Best Case
OPP-0008508,2025-11-14,Best Case,Best Case
OPP-0008508,2025-11-21,Commit,Commit
OPP-0008508,2025-11-28,Commit,Commit
OPP-0008508,2025-12-05,Commit,Commit
OPP-0008509,2025-08-29,Commit,Commit
OPP-0008509,2025-09-05,Commit,Commit
OPP-0008509,2025-09-12,Commit,Commit
OPP-0008509,2025-09-19,Commit,Commit
OPP-0008509,2025-09-26,Commit,Commit
OPP-0008509,2025-10-03,Commit,Commit
OPP-0008509,2025-10-10,Commit,Commit
OPP-0008509,2025-10-17,Commit,Commit
OPP-0008509,2025-10-24,Commit,Commit
OPP-0008509,2025-10-31,Commit,Commit
OPP-0008509,2025-11-07,Commit,Commit
OPP-0008509,2025-11-14,Commit,Commit
OPP-0008510,2025-08-29,Commit,Commit
OPP-0008510,2025-09-05,Commit,Commit
OPP-0008510,2025-09-12,Commit,Commit
OPP-0008510,2025-09-19,Commit,Commit
OPP-0008510,2025-09-26,Commit,Commit
OPP-0008510,2025-10-03,Commit,Commit
OPP-0008510,2025-10-10,Commit,Commit
OPP-0008510,2025-10-17,Commit,Commit
OPP-0008510,2025-10-24,Commit,Commit
OPP-0008510,2025-10-31,Commit,Commit
OPP-0008511,2025-08-29,Best Case,Pipeline
OPP-0008511,2025-09-05,Commit,Best Case
OPP-0008511,2025-09-12,Best Case,Pipeline
OPP-0008511,2025-09-19,Commit,Best Case
OPP-0008511,2025-09-26,Best Case,Pipeline
OPP-0008511,2025-10-03,Commit,Commit
OPP-0008511,2025-10-10,Commit,Commit
OPP-0008511,2025-10-17,Commit,Commit
OPP-0008511,2025-10-24,Commit,Commit
OPP-0008511,2025-10-31,Commit,Commit
OPP-0008512,2025-08-29,Best Case,Pipeline
OPP-0008512,2025-09-05,Commit,Commit
OPP-0008512,2025-09-12,Commit,Commit
OPP-0008512,2025-09-19,Commit,Commit
OPP-0008512,2025-09-26,Commit,Commit
OPP-0008512,2025-10-03,Commit,Commit
OPP-0008512,2025-10-10,Commit,Best Case
OPP-0008512,2025-10-17,Commit,Best Case
OPP-0008512,2025-10-24,Commit,Best Case
OPP-0008512,2025-10-31,Commit,Commit
OPP-0008517,2025-08-29,Commit,Commit
OPP-0008517,2025-09-05,Commit,Commit
OPP-0008517,2025-09-12,Commit,Commit
OPP-0008517,2025-09-19,Commit,Commit
OPP-0008517,2025-09-26,Commit,Best Case
OPP-0008518,2025-08-29,Commit,Commit
OPP-0008518,2025-09-05,Commit,Commit
OPP-0008518,2025-09-12,Commit,Commit
OPP-0008518,2025-09-19,Commit,Commit
OPP-0008518,2025-09-26,Commit,Commit
OPP-0008519,2025-08-29,Commit,Commit
OPP-0008519,2025-09-05,Commit,Commit
OPP-0008519,2025-09-12,Commit,Commit
OPP-0008519,2025-09-19,Commit,Commit
OPP-0008519,2025-09-26,Commit,Commit
OPP-0008520,2025-08-29,Pipeline,Pipeline
OPP-0008520,2025-09-05,Commit,Commit
OPP-0008520,2025-09-12,Commit,Commit
OPP-0008520,2025-09-19,Best Case,Commit
OPP-0008521,2025-09-05,Commit,Commit
OPP-0008521,2025-09-12,Commit,Commit
OPP-0008521,2025-09-19,Commit,Commit
OPP-0008521,2025-09-26,Commit,Commit
OPP-0008522,2025-09-05,Pipeline,Pipeline
OPP-0008522,2025-09-12,Pipeline,Omitted
OPP-0008522,2025-09-19,Pipeline,Pipeline
OPP-0008522,2025-09-26,Pipeline,Pipeline
OPP-0008522,2025-10-03,Pipeline,Pipeline
OPP-0008522,2025-10-10,Pipeline,Pipeline
OPP-0008523,2025-09-05,Best Case,Best Case
OPP-0008523,2025-09-12,Best Case,Best Case
OPP-0008523,2025-09-19,Pipeline,Pipeline
OPP-0008523,2025-09-26,Pipeline,Pipeline
OPP-0008523,2025-10-03,Best Case,Best Case
OPP-0008523,2025-10-10,Commit,Commit
OPP-0008524,2025-09-05,Pipeline,Pipeline
OPP-0008524,2025-09-12,Pipeline,Best Case
OPP-0008524,2025-09-19,Best Case,Best Case
OPP-0008525,2025-09-05,Commit,Commit
OPP-0008525,2025-09-12,Commit,Commit
OPP-0008525,2025-09-19,Commit,Commit
OPP-0008525,2025-09-26,Commit,Commit
OPP-0008525,2025-10-03,Commit,Commit
OPP-0008525,2025-10-10,Commit,Commit
OPP-0008525,2025-10-17,Commit,Commit
OPP-0008525,2025-10-24,Commit,Commit
OPP-0008525,2025-10-31,Commit,Commit
OPP-0008526,2025-09-05,Pipeline,Pipeline
OPP-0008526,2025-09-12,Best Case,Best Case
OPP-0008526,2025-09-19,Commit,Commit
OPP-0008527,2025-09-05,Commit,Commit
OPP-0008527,2025-09-12,Commit,Commit
OPP-0008527,2025-09-19,Commit,Commit
OPP-0008527,2025-09-26,Commit,Commit
OPP-0008528,2025-09-05,Commit,Commit
OPP-0008528,2025-09-12,Commit,Commit
OPP-0008528,2025-09-19,Commit,Commit
OPP-0008528,2025-09-26,Commit,Commit
OPP-0008529,2025-09-05,Commit,Commit
OPP-0008529,2025-09-12,Commit,Commit
OPP-0008529,2025-09-19,Commit,Commit
OPP-0008529,2025-09-26,Commit,Commit
OPP-0008530,2025-09-05,Commit,Best Case
OPP-0008530,2025-09-12,Commit,Best Case
OPP-0008530,2025-09-19,Commit,Commit
OPP-0008530,2025-09-26,Commit,Best Case
OPP-0008531,2025-09-05,Commit,Commit
OPP-0008531,2025-09-12,Commit,Commit
OPP-0008531,2025-09-19,Commit,Commit
OPP-0008531,2025-09-26,Commit,Commit
OPP-0008532,2025-09-05,Pipeline,Best Case
OPP-0008532,2025-09-12,Best Case,Best Case
OPP-0008532,2025-09-19,Best Case,Best Case
OPP-0008532,2025-09-26,Best Case,Best Case
OPP-0008533,2025-09-05,Pipeline,Omitted
OPP-0008533,2025-09-12,Best Case,Best Case
OPP-0008533,2025-09-19,Commit,Commit
OPP-0008534,2025-09-05,Commit,Commit
OPP-0008534,2025-09-12,Best Case,Commit
OPP-0008534,2025-09-19,Commit,Commit
OPP-0008534,2025-09-26,Commit,Commit
OPP-0008534,2025-10-03,Commit,Commit
OPP-0008534,2025-10-10,Commit,Commit
OPP-0008534,2025-10-17,Commit,Commit
OPP-0008534,2025-10-24,Commit,Commit
OPP-0008534,2025-10-31,Commit,Commit
OPP-0008535,2025-09-05,Omitted,Omitted
OPP-0008535,2025-09-12,Omitted,Pipeline
OPP-0008549,2025-09-05,Commit,Commit
OPP-0008549,2025-09-12,Commit,Commit
OPP-0008549,2025-09-19,Commit,Commit
OPP-0008549,2025-09-26,Commit,Commit
OPP-0008550,2025-09-05,Commit,Commit
OPP-0008550,2025-09-12,Commit,Commit
OPP-0008550,2025-09-19,Commit,Commit
OPP-0008550,2025-09-26,Commit,Commit
OPP-0008551,2025-09-05,Commit,Commit
OPP-0008551,2025-09-12,Commit,Commit
OPP-0008551,2025-09-19,Commit,Commit
OPP-0008551,2025-09-26,Commit,Commit
OPP-0008552,2025-09-05,Pipeline,Pipeline
OPP-0008552,2025-09-12,Best Case,Best Case
OPP-0008552,2025-09-19,Commit,Commit
OPP-0008553,2025-09-05,Pipeline,Pipeline
OPP-0008553,2025-09-12,Best Case,Best Case
OPP-0008553,2025-09-19,Best Case,Best Case
OPP-0008553,2025-09-26,Pipeline,Pipeline
OPP-0008553,2025-10-03,Best Case,Best Case
OPP-0008554,2025-09-05,Pipeline,Omitted
OPP-0008554,2025-09-12,Pipeline,Pipeline
OPP-0008554,2025-09-19,Pipeline,Omitted
OPP-0008554,2025-09-26,Pipeline,Pipeline
OPP-0008554,2025-10-03,Pipeline,Pipeline
OPP-0008554,2025-10-10,Best Case,Best Case
OPP-0008554,2025-10-17,Pipeline,Pipeline
OPP-0008554,2025-10-24,Pipeline,Pipeline
OPP-0008554,2025-10-31,Best Case,Best Case
OPP-0008554,2025-11-07,Pipeline,Pipeline
OPP-0008554,2025-11-14,Pipeline,Pipeline
OPP-0008554,2025-11-21,Pipeline,Pipeline
OPP-0008554,2025-11-28,Best Case,Best Case
OPP-0008554,2025-12-05,Best Case,Best Case
OPP-0008554,2025-12-12,Pipeline,Pipeline
OPP-0008554,2025-12-19,Pipeline,Omitted
OPP-0008557,2025-09-05,Commit,Commit
OPP-0008557,2025-09-12,Commit,Commit
OPP-0008557,2025-09-19,Commit,Commit
OPP-0008557,2025-09-26,Commit,Commit
OPP-0008558,2025-09-05,Commit,Commit
OPP-0008558,2025-09-12,Commit,Commit
OPP-0008558,2025-09-19,Commit,Commit
OPP-0008558,2025-09-26,Commit,Commit
OPP-0008559,2025-09-05,Commit,Commit
OPP-0008559,2025-09-12,Commit,Commit
OPP-0008559,2025-09-19,Commit,Commit
OPP-0008559,2025-09-26,Commit,Commit
OPP-0008560,2025-09-05,Pipeline,Pipeline
OPP-0008560,2025-09-12,Pipeline,Omitted
OPP-0008560,2025-09-19,Best Case,Best Case
OPP-0008561,2025-09-05,Omitted,Omitted
OPP-0008561,2025-09-12,Pipeline,Pipeline
OPP-0008561,2025-09-19,Pipeline,Pipeline
OPP-0008562,2025-09-05,Pipeline,Omitted
OPP-0008562,2025-09-12,Pipeline,Omitted
OPP-0008562,2025-09-19,Pipeline,Omitted
OPP-0008562,2025-09-26,Pipeline,Omitted
OPP-0008570,2025-09-05,Commit,Commit
OPP-0008570,2025-09-12,Commit,Commit
OPP-0008570,2025-09-19,Commit,Commit
OPP-0008570,2025-09-26,Commit,Commit
OPP-0008571,2025-09-05,Commit,Commit
OPP-0008571,2025-09-12,Commit,Commit
OPP-0008571,2025-09-19,Commit,Commit
OPP-0008571,2025-09-26,Commit,Commit
OPP-0008572,2025-09-05,Commit,Commit
OPP-0008572,2025-09-12,Commit,Commit
OPP-0008572,2025-09-19,Commit,Commit
OPP-0008572,2025-09-26,Commit,Commit
OPP-0008573,2025-09-05,Commit,Commit
OPP-0008573,2025-09-12,Commit,Commit
OPP-0008573,2025-09-19,Commit,Commit
OPP-0008573,2025-09-26,Commit,Commit
OPP-0008574,2025-09-05,Best Case,Best Case
OPP-0008574,2025-09-12,Pipeline,Pipeline
OPP-0008574,2025-09-19,Best Case,Omitted
OPP-0008574,2025-09-26,Pipeline,Omitted
OPP-0008574,2025-10-03,Pipeline,Omitted
OPP-0008574,2025-10-10,Best Case,Best Case
OPP-0008574,2025-10-17,Best Case,Best Case
OPP-0008574,2025-10-24,Best Case,Best Case
OPP-0008574,2025-10-31,Best Case,Best Case
OPP-0008574,2025-11-07,Pipeline,Omitted
OPP-0008574,2025-11-14,Best Case,Omitted
OPP-0008574,2025-11-21,Pipeline,Omitted
OPP-0008574,2025-11-28,Best Case,Pipeline
OPP-0008574,2025-12-05,Best Case,Omitted
OPP-0008574,2025-12-12,Pipeline,Pipeline
OPP-0008574,2025-12-19,Best Case,Omitted
OPP-0008585,2025-09-05,Commit,Commit
OPP-0008585,2025-09-12,Commit,Commit
OPP-0008585,2025-09-19,Commit,Commit
OPP-0008585,2025-09-26,Commit,Commit
OPP-0008586,2025-09-05,Commit,Commit
OPP-0008586,2025-09-12,Commit,Commit
OPP-0008586,2025-09-19,Commit,Commit
OPP-0008586,2025-09-26,Commit,Commit
OPP-0008587,2025-09-05,Commit,Commit
OPP-0008587,2025-09-12,Commit,Commit
OPP-0008587,2025-09-19,Commit,Commit
OPP-0008587,2025-09-26,Commit,Commit
OPP-0008588,2025-09-05,Pipeline,Pipeline
OPP-0008588,2025-09-12,Pipeline,Pipeline
OPP-0008588,2025-09-19,Pipeline,Omitted
OPP-0008588,2025-09-26,Pipeline,Pipeline
OPP-0008588,2025-10-03,Pipeline,Pipeline
OPP-0008588,2025-10-10,Pipeline,Omitted
OPP-0008588,2025-10-17,Best Case,Best Case
OPP-0008588,2025-10-24,Best Case,Best Case
OPP-0008588,2025-10-31,Best Case,Best Case
OPP-0008588,2025-11-07,Pipeline,Pipeline
OPP-0008588,2025-11-14,Best Case,Pipeline
OPP-0008588,2025-11-21,Pipeline,Pipeline
OPP-0008588,2025-11-28,Pipeline,Pipeline
OPP-0008588,2025-12-05,Best Case,Best Case
OPP-0008588,2025-12-12,Best Case,Best Case
OPP-0008588,2025-12-19,Pipeline,Pipeline
OPP-0008588,2025-12-26,Pipeline,Pipeline
OPP-0008589,2025-09-05,Commit,Commit
OPP-0008589,2025-09-12,Commit,Commit
OPP-0008589,2025-09-19,Commit,Commit
OPP-0008589,2025-09-26,Commit,Commit
OPP-0008589,2025-10-03,Commit,Commit
OPP-0008589,2025-10-10,Commit,Commit
OPP-0008589,2025-10-17,Commit,Commit
OPP-0008589,2025-10-24,Commit,Commit
OPP-0008589,2025-10-31,Commit,Commit
OPP-0008589,2025-11-07,Commit,Commit
OPP-0008589,2025-11-14,Commit,Commit
OPP-0008589,2025-11-21,Commit,Commit
OPP-0008589,2025-11-28,Commit,Commit
OPP-0008590,2025-09-05,Pipeline,Omitted
OPP-0008590,2025-09-12,Pipeline,Omitted
OPP-0008590,2025-09-19,Best Case,Pipeline
OPP-0008590,2025-09-26,Best Case,Omitted
OPP-0008590,2025-10-03,Pipeline,Pipeline
OPP-0008590,2025-10-10,Pipeline,Pipeline
OPP-0008590,2025-10-17,Pipeline,Pipeline
OPP-0008590,2025-10-24,Best Case,Best Case
OPP-0008590,2025-10-31,Commit,Commit
OPP-0008590,2025-11-07,Commit,Commit
OPP-0008591,2025-09-05,Best Case,Best Case
OPP-0008591,2025-09-12,Pipeline,Pipeline
OPP-0008591,2025-09-19,Best Case,Best Case
OPP-0008591,2025-09-26,Best Case,Best Case
OPP-0008591,2025-10-03,Commit,Commit
OPP-0008591,2025-10-10,Best Case,Best Case
OPP-0008591,2025-10-17,Best Case,Pipeline
OPP-0008604,2025-09-12,Commit,Commit
OPP-0008604,2025-09-19,Commit,Commit
OPP-0008604,2025-09-26,Commit,Commit
OPP-0008605,2025-09-12,Commit,Commit
OPP-0008605,2025-09-19,Commit,Commit
OPP-0008605,2025-09-26,Commit,Commit
OPP-0008606,2025-09-12,Commit,Commit
OPP-0008606,2025-09-19,Commit,Commit
OPP-0008606,2025-09-26,Commit,Commit
OPP-0008607,2025-09-12,Commit,Commit
OPP-0008607,2025-09-19,Commit,Commit
OPP-0008607,2025-09-26,Commit,Commit
OPP-0008608,2025-09-12,Commit,Commit
OPP-0008608,2025-09-19,Commit,Commit
OPP-0008608,2025-09-26,Commit,Commit
OPP-0008609,2025-09-12,Best Case,Best Case
OPP-0008609,2025-09-19,Best Case,Best Case
OPP-0008609,2025-09-26,Pipeline,Pipeline
OPP-0008609,2025-10-03,Commit,Commit
OPP-0008610,2025-09-12,Commit,Commit
OPP-0008610,2025-09-19,Commit,Commit
OPP-0008610,2025-09-26,Commit,Commit
OPP-0008610,2025-10-03,Pipeline,Best Case
OPP-0008611,2025-09-12,Pipeline,Omitted
OPP-0008611,2025-09-19,Pipeline,Omitted
OPP-0008611,2025-09-26,Best Case,Pipeline
OPP-0008612,2025-09-12,Commit,Commit
OPP-0008612,2025-09-19,Commit,Commit
OPP-0008612,2025-09-26,Commit,Commit
OPP-0008612,2025-10-03,Commit,Commit
OPP-0008612,2025-10-10,Commit,Commit
OPP-0008612,2025-10-17,Commit,Commit
OPP-0008612,2025-10-24,Commit,Commit
OPP-0008619,2025-09-12,Commit,Commit
OPP-0008619,2025-09-19,Commit,Commit
OPP-0008619,2025-09-26,Commit,Commit
OPP-0008620,2025-09-12,Commit,Best Case
OPP-0008620,2025-09-19,Commit,Best Case
OPP-0008620,2025-09-26,Commit,Best Case
OPP-0008620,2025-10-03,Commit,Commit
OPP-0008620,2025-10-10,Commit,Commit
OPP-0008621,2025-09-12,Best Case,Commit
OPP-0008621,2025-09-19,Commit,Commit
OPP-0008621,2025-09-26,Commit,Commit
OPP-0008621,2025-10-03,Commit,Commit
OPP-0008621,2025-10-10,Commit,Commit
OPP-0008621,2025-10-17,Commit,Commit
OPP-0008621,2025-10-24,Commit,Commit
OPP-0008621,2025-10-31,Commit,Commit
OPP-0008621,2025-11-07,Commit,Commit
OPP-0008621,2025-11-14,Commit,Commit
OPP-0008621,2025-11-21,Commit,Commit
OPP-0008621,2025-11-28,Commit,Commit
OPP-0008622,2025-09-12,Pipeline,Pipeline
OPP-0008622,2025-09-19,Pipeline,Pipeline
OPP-0008622,2025-09-26,Pipeline,Pipeline
OPP-0008622,2025-10-03,Best Case,Best Case
OPP-0008629,2025-09-12,Commit,Commit
OPP-0008629,2025-09-19,Commit,Commit
OPP-0008629,2025-09-26,Commit,Commit
OPP-0008630,2025-09-12,Commit,Commit
OPP-0008630,2025-09-19,Commit,Commit
OPP-0008630,2025-09-26,Commit,Commit
OPP-0008631,2025-09-12,Commit,Commit
OPP-0008631,2025-09-19,Commit,Commit
OPP-0008631,2025-09-26,Commit,Commit
OPP-0008632,2025-09-12,Best Case,Best Case
OPP-0008632,2025-09-19,Best Case,Best Case
OPP-0008632,2025-09-26,Commit,Commit
OPP-0008632,2025-10-03,Best Case,Best Case
OPP-0008632,2025-10-10,Commit,Commit
OPP-0008632,2025-10-17,Commit,Best Case
OPP-0008643,2025-09-12,Commit,Commit
OPP-0008643,2025-09-19,Commit,Commit
OPP-0008643,2025-09-26,Commit,Commit
OPP-0008644,2025-09-12,Commit,Commit
OPP-0008644,2025-09-19,Commit,Commit
OPP-0008644,2025-09-26,Commit,Commit
OPP-0008650,2025-09-12,Commit,Commit
OPP-0008650,2025-09-19,Commit,Commit
OPP-0008650,2025-09-26,Commit,Commit
OPP-0008651,2025-09-12,Commit,Best Case
OPP-0008651,2025-09-19,Commit,Commit
OPP-0008651,2025-09-26,Commit,Best Case
OPP-0008651,2025-10-03,Commit,Commit
OPP-0008651,2025-10-10,Commit,Commit
OPP-0008651,2025-10-17,Commit,Commit
OPP-0008651,2025-10-24,Commit,Commit
OPP-0008652,2025-09-12,Commit,Best Case
OPP-0008652,2025-09-19,Commit,Commit
OPP-0008652,2025-09-26,Best Case,Commit
OPP-0008652,2025-10-03,Commit,Commit
OPP-0008652,2025-10-10,Commit,Commit
OPP-0008652,2025-10-17,Commit,Commit
OPP-0008652,2025-10-24,Commit,Commit
OPP-0008652,2025-10-31,Commit,Commit
OPP-0008652,2025-11-07,Commit,Commit
OPP-0008652,2025-11-14,Commit,Commit
OPP-0008652,2025-11-21,Commit,Commit
OPP-0008652,2025-11-28,Commit,Commit
OPP-0008653,2025-09-12,Best Case,Pipeline
OPP-0008653,2025-09-19,Best Case,Pipeline
OPP-0008653,2025-09-26,Best Case,Best Case
OPP-0008653,2025-10-03,Best Case,Pipeline
OPP-0008653,2025-10-10,Best Case,Best Case
OPP-0008653,2025-10-17,Commit,Best Case
OPP-0008664,2025-09-12,Commit,Commit
OPP-0008664,2025-09-19,Commit,Commit
OPP-0008664,2025-09-26,Commit,Commit
OPP-0008665,2025-09-12,Commit,Commit
OPP-0008665,2025-09-19,Commit,Commit
OPP-0008665,2025-09-26,Commit,Commit
OPP-0008666,2025-09-12,Commit,Commit
OPP-0008666,2025-09-19,Commit,Commit
OPP-0008666,2025-09-26,Commit,Commit
OPP-0008666,2025-10-03,Commit,Commit
OPP-0008666,2025-10-10,Commit,Commit
OPP-0008666,2025-10-17,Commit,Commit
OPP-0008667,2025-09-12,Commit,Commit
OPP-0008667,2025-09-19,Best Case,Best Case
OPP-0008667,2025-09-26,Best Case,Commit
OPP-0008667,2025-10-03,Commit,Best Case
OPP-0008667,2025-10-10,Commit,Commit
OPP-0008667,2025-10-17,Best Case,Pipeline
OPP-0008667,2025-10-24,Commit,Best Case
OPP-0008667,2025-10-31,Commit,Best Case
OPP-0008667,2025-11-07,Commit,Best Case
OPP-0008667,2025-11-14,Best Case,Pipeline
OPP-0008667,2025-11-21,Best Case,Pipeline
OPP-0008667,2025-11-28,Commit,Best Case
OPP-0008675,2025-09-12,Commit,Commit
OPP-0008675,2025-09-19,Commit,Commit
OPP-0008675,2025-09-26,Commit,Commit
OPP-0008676,2025-09-12,Commit,Commit
OPP-0008676,2025-09-19,Commit,Commit
OPP-0008676,2025-09-26,Commit,Commit
OPP-0008677,2025-09-12,Commit,Best Case
OPP-0008677,2025-09-19,Commit,Best Case
OPP-0008677,2025-09-26,Commit,Best Case
OPP-0008678,2025-09-12,Commit,Commit
OPP-0008678,2025-09-19,Commit,Commit
OPP-0008678,2025-09-26,Commit,Commit
OPP-0008679,2025-09-12,Commit,Commit
OPP-0008679,2025-09-19,Commit,Commit
OPP-0008679,2025-09-26,Commit,Commit
OPP-0008680,2025-09-12,Pipeline,Omitted
OPP-0008680,2025-09-19,Best Case,Best Case
OPP-0008680,2025-09-26,Best Case,Best Case
OPP-0008680,2025-10-03,Best Case,Best Case
OPP-0008681,2025-09-12,Commit,Commit
OPP-0008681,2025-09-19,Commit,Commit
OPP-0008681,2025-09-26,Commit,Commit
OPP-0008681,2025-10-03,Commit,Commit
OPP-0008681,2025-10-10,Commit,Commit
OPP-0008681,2025-10-17,Commit,Commit
OPP-0008681,2025-10-24,Commit,Commit
OPP-0008681,2025-10-31,Commit,Commit
OPP-0008681,2025-11-07,Commit,Commit
OPP-0008681,2025-11-14,Commit,Commit
OPP-0008681,2025-11-21,Commit,Commit
OPP-0008681,2025-11-28,Commit,Commit
OPP-0008695,2025-09-19,Commit,Commit
OPP-0008695,2025-09-26,Commit,Commit
OPP-0008696,2025-09-19,Pipeline,Pipeline
OPP-0008696,2025-09-26,Best Case,Best Case
OPP-0008696,2025-10-03,Best Case,Best Case
OPP-0008696,2025-10-10,Commit,Commit
OPP-0008697,2025-09-19,Best Case,Best Case
OPP-0008697,2025-09-26,Pipeline,Pipeline
OPP-0008697,2025-10-03,Best Case,Best Case
OPP-0008697,2025-10-10,Best Case,Pipeline
OPP-0008698,2025-09-19,Commit,Best Case
OPP-0008698,2025-09-26,Commit,Commit
OPP-0008698,2025-10-03,Commit,Commit
OPP-0008698,2025-10-10,Commit,Commit
OPP-0008698,2025-10-17,Commit,Commit
OPP-0008698,2025-10-24,Commit,Commit
OPP-0008698,2025-10-31,Commit,Commit
OPP-0008711,2025-09-19,Commit,Commit
OPP-0008711,2025-09-26,Commit,Commit
OPP-0008712,2025-09-19,Commit,Commit
OPP-0008712,2025-09-26,Commit,Commit
OPP-0008713,2025-09-19,Commit,Commit
OPP-0008713,2025-09-26,Commit,Commit
OPP-0008714,2025-09-19,Commit,Commit
OPP-0008714,2025-09-26,Commit,Commit
OPP-0008715,2025-09-19,Best Case,Commit
OPP-0008715,2025-09-26,Commit,Commit
OPP-0008715,2025-10-03,Commit,Commit
OPP-0008715,2025-10-10,Commit,Commit
OPP-0008715,2025-10-17,Commit,Commit
OPP-0008715,2025-10-24,Commit,Commit
OPP-0008715,2025-10-31,Commit,Commit
OPP-0008715,2025-11-07,Commit,Commit
OPP-0008715,2025-11-14,Commit,Commit
OPP-0008715,2025-11-21,Commit,Commit
OPP-0008715,2025-11-28,Commit,Commit
OPP-0008716,2025-09-19,Best Case,Pipeline
OPP-0008716,2025-09-26,Pipeline,Best Case
OPP-0008716,2025-10-03,Commit,Best Case
OPP-0008716,2025-10-10,Best Case,Pipeline
OPP-0008716,2025-10-17,Commit,Best Case
OPP-0008716,2025-10-24,Commit,Best Case
OPP-0008716,2025-10-31,Commit,Commit
OPP-0008722,2025-09-19,Commit,Commit
OPP-0008722,2025-09-26,Commit,Commit
OPP-0008723,2025-09-19,Commit,Commit
OPP-0008723,2025-09-26,Commit,Commit
OPP-0008724,2025-09-19,Commit,Commit
OPP-0008724,2025-09-26,Commit,Commit
OPP-0008725,2025-09-19,Omitted,Omitted
OPP-0008725,2025-09-26,Pipeline,Omitted
OPP-0008725,2025-10-03,Pipeline,Pipeline
OPP-0008726,2025-09-19,Commit,Commit
OPP-0008726,2025-09-26,Commit,Commit
OPP-0008726,2025-10-03,Commit,Commit
OPP-0008726,2025-10-10,Commit,Commit
OPP-0008726,2025-10-17,Commit,Commit
OPP-0008726,2025-10-24,Commit,Commit
OPP-0008727,2025-09-19,Omitted,Omitted
OPP-0008727,2025-09-26,Omitted,Omitted
OPP-0008727,2025-10-03,Best Case,Pipeline
OPP-0008727,2025-10-10,Best Case,Pipeline
OPP-0008727,2025-10-17,Pipeline,Pipeline
OPP-0008727,2025-10-24,Best Case,Pipeline
OPP-0008727,2025-10-31,Best Case,Pipeline
OPP-0008735,2025-09-19,Commit,Commit
OPP-0008735,2025-09-26,Commit,Commit
OPP-0008736,2025-09-19,Commit,Commit
OPP-0008736,2025-09-26,Commit,Commit
OPP-0008737,2025-09-19,Best Case,Best Case
OPP-0008737,2025-09-26,Commit,Commit
OPP-0008737,2025-10-03,Best Case,Best Case
OPP-0008737,2025-10-10,Best Case,Best Case
OPP-0008737,2025-10-17,Commit,Commit
OPP-0008737,2025-10-24,Commit,Commit
OPP-0008738,2025-09-19,Pipeline,Pipeline
OPP-0008738,2025-09-26,Commit,Pipeline
OPP-0008738,2025-10-03,Commit,Best Case
OPP-0008738,2025-10-10,Commit,Best Case
OPP-0008738,2025-10-17,Commit,Best Case
OPP-0008738,2025-10-24,Commit,Best Case
OPP-0008738,2025-10-31,Commit,Best Case
OPP-0008739,2025-09-19,Commit,Commit
OPP-0008739,2025-09-26,Commit,Commit
OPP-0008739,2025-10-03,Commit,Commit
OPP-0008739,2025-10-10,Commit,Commit
OPP-0008739,2025-10-17,Commit,Commit
OPP-0008739,2025-10-24,Commit,Commit
OPP-0008739,2025-10-31,Commit,Commit
OPP-0008739,2025-11-07,Commit,Commit
OPP-0008739,2025-11-14,Commit,Commit
OPP-0008739,2025-11-21,Commit,Commit
OPP-0008739,2025-11-28,Commit,Commit
OPP-0008751,2025-09-19,Commit,Commit
OPP-0008751,2025-09-26,Commit,Commit
OPP-0008752,2025-09-19,Commit,Commit
OPP-0008752,2025-09-26,Commit,Commit
OPP-0008753,2025-09-19,Commit,Commit
OPP-0008753,2025-09-26,Commit,Commit
OPP-0008754,2025-09-19,Pipeline,Pipeline
OPP-0008754,2025-09-26,Commit,Commit
OPP-0008754,2025-10-03,Best Case,Best Case
OPP-0008754,2025-10-10,Best Case,Best Case
OPP-0008754,2025-10-17,Best Case,Best Case
OPP-0008755,2025-09-19,Commit,Commit
OPP-0008755,2025-09-26,Commit,Commit
OPP-0008755,2025-10-03,Commit,Commit
OPP-0008755,2025-10-10,Commit,Commit
OPP-0008755,2025-10-17,Commit,Commit
OPP-0008755,2025-10-24,Commit,Commit
OPP-0008755,2025-10-31,Commit,Commit
OPP-0008755,2025-11-07,Commit,Commit
OPP-0008755,2025-11-14,Commit,Commit
OPP-0008755,2025-11-21,Commit,Commit
OPP-0008755,2025-11-28,Commit,Commit
OPP-0008756,2025-09-19,Commit,Commit
OPP-0008756,2025-09-26,Commit,Commit
OPP-0008756,2025-10-03,Commit,Commit
OPP-0008756,2025-10-10,Commit,Commit
OPP-0008756,2025-10-17,Commit,Commit
OPP-0008756,2025-10-24,Commit,Commit
OPP-0008756,2025-10-31,Commit,Commit
OPP-0008764,2025-09-19,Commit,Commit
OPP-0008764,2025-09-26,Commit,Commit
OPP-0008764,2025-10-03,Commit,Commit
OPP-0008764,2025-10-10,Commit,Commit
OPP-0008764,2025-10-17,Commit,Commit
OPP-0008764,2025-10-24,Commit,Commit
OPP-0008764,2025-10-31,Commit,Commit
OPP-0008765,2025-09-19,Commit,Commit
OPP-0008765,2025-09-26,Commit,Commit
OPP-0008765,2025-10-03,Commit,Commit
OPP-0008765,2025-10-10,Commit,Commit
OPP-0008765,2025-10-17,Commit,Commit
OPP-0008765,2025-10-24,Commit,Commit
OPP-0008765,2025-10-31,Commit,Commit
OPP-0008766,2025-09-19,Best Case,Best Case
OPP-0008766,2025-09-26,Best Case,Best Case
OPP-0008766,2025-10-03,Commit,Pipeline
OPP-0008767,2025-09-19,Pipeline,Pipeline
OPP-0008767,2025-09-26,Pipeline,Pipeline
OPP-0008767,2025-10-03,Best Case,Best Case
OPP-0008767,2025-10-10,Pipeline,Pipeline
OPP-0008767,2025-10-17,Pipeline,Pipeline
OPP-0008767,2025-10-24,Commit,Best Case
OPP-0008768,2025-09-19,Commit,Commit
OPP-0008768,2025-09-26,Commit,Commit
OPP-0008768,2025-10-03,Commit,Commit
OPP-0008768,2025-10-10,Commit,Commit
OPP-0008768,2025-10-17,Commit,Commit
OPP-0008768,2025-10-24,Commit,Commit
OPP-0008768,2025-10-31,Commit,Commit
OPP-0008768,2025-11-07,Commit,Commit
OPP-0008768,2025-11-14,Commit,Commit
OPP-0008769,2025-09-19,Commit,Commit
OPP-0008769,2025-09-26,Commit,Commit
OPP-0008769,2025-10-03,Commit,Commit
OPP-0008769,2025-10-10,Commit,Commit
OPP-0008769,2025-10-17,Commit,Commit
OPP-0008769,2025-10-24,Commit,Commit
OPP-0008769,2025-10-31,Commit,Commit
OPP-0008769,2025-11-07,Commit,Commit
OPP-0008769,2025-11-14,Commit,Commit
OPP-0008769,2025-11-21,Commit,Commit
OPP-0008769,2025-11-28,Commit,Commit
OPP-0008770,2025-09-19,Best Case,Pipeline
OPP-0008770,2025-09-26,Pipeline,Pipeline
OPP-0008770,2025-10-03,Commit,Commit
OPP-0008770,2025-10-10,Commit,Commit
OPP-0008770,2025-10-17,Commit,Commit
OPP-0008770,2025-10-24,Commit,Commit
OPP-0008770,2025-10-31,Commit,Commit
OPP-0008770,2025-11-07,Commit,Commit
OPP-0008770,2025-11-14,Commit,Best Case
OPP-0008770,2025-11-21,Commit,Best Case
OPP-0008770,2025-11-28,Commit,Best Case
OPP-0008771,2025-09-19,Commit,Commit
OPP-0008771,2025-09-26,Commit,Commit
OPP-0008771,2025-10-03,Commit,Best Case
OPP-0008771,2025-10-10,Commit,Best Case
OPP-0008771,2025-10-17,Commit,Commit
OPP-0008771,2025-10-24,Commit,Best Case
OPP-0008771,2025-10-31,Commit,Best Case
OPP-0008771,2025-11-07,Commit,Best Case
OPP-0008771,2025-11-14,Commit,Best Case
OPP-0008771,2025-11-21,Commit,Best Case
OPP-0008771,2025-11-28,Commit,Best Case
OPP-0008772,2025-09-19,Best Case,Best Case
OPP-0008772,2025-09-26,Commit,Commit
OPP-0008772,2025-10-03,Commit,Commit
OPP-0008772,2025-10-10,Commit,Commit
OPP-0008772,2025-10-17,Best Case,Commit
OPP-0008772,2025-10-24,Commit,Commit
OPP-0008772,2025-10-31,Commit,Commit
OPP-0008772,2025-11-07,Commit,Best Case
OPP-0008772,2025-11-14,Commit,Commit
OPP-0008772,2025-11-21,Commit,Commit
OPP-0008772,2025-11-28,Commit,Best Case
OPP-0008773,2025-09-19,Pipeline,Best Case
OPP-0008773,2025-09-26,Best Case,Best Case
OPP-0008777,2025-09-19,Commit,Commit
OPP-0008777,2025-09-26,Commit,Commit
OPP-0008777,2025-10-03,Commit,Commit
OPP-0008777,2025-10-10,Commit,Commit
OPP-0008777,2025-10-17,Commit,Commit
OPP-0008777,2025-10-24,Commit,Commit
OPP-0008777,2025-10-31,Commit,Commit
OPP-0008778,2025-09-19,Commit,Best Case
OPP-0008778,2025-09-26,Commit,Best Case
OPP-0008778,2025-10-03,Commit,Best Case
OPP-0008778,2025-10-10,Commit,Best Case
OPP-0008778,2025-10-17,Commit,Commit
OPP-0008778,2025-10-24,Commit,Best Case
OPP-0008778,2025-10-31,Commit,Best Case
OPP-0008779,2025-09-19,Commit,Commit
OPP-0008779,2025-09-26,Commit,Commit
OPP-0008779,2025-10-03,Commit,Commit
OPP-0008779,2025-10-10,Commit,Commit
OPP-0008779,2025-10-17,Commit,Commit
OPP-0008779,2025-10-24,Commit,Commit
OPP-0008779,2025-10-31,Commit,Commit
OPP-0008780,2025-09-19,Commit,Commit
OPP-0008780,2025-09-26,Commit,Commit
OPP-0008780,2025-10-03,Commit,Commit
OPP-0008780,2025-10-10,Commit,Commit
OPP-0008780,2025-10-17,Commit,Commit
OPP-0008780,2025-10-24,Commit,Commit
OPP-0008780,2025-10-31,Commit,Commit
OPP-0008781,2025-09-19,Commit,Commit
OPP-0008781,2025-09-26,Commit,Commit
OPP-0008781,2025-10-03,Commit,Commit
OPP-0008781,2025-10-10,Commit,Commit
OPP-0008781,2025-10-17,Commit,Commit
OPP-0008781,2025-10-24,Commit,Commit
OPP-0008781,2025-10-31,Commit,Commit
OPP-0008782,2025-09-19,Commit,Commit
OPP-0008782,2025-09-26,Commit,Commit
OPP-0008782,2025-10-03,Commit,Commit
OPP-0008782,2025-10-10,Commit,Commit
OPP-0008782,2025-10-17,Commit,Commit
OPP-0008782,2025-10-24,Commit,Commit
OPP-0008782,2025-10-31,Commit,Commit
OPP-0008782,2025-11-07,Commit,Commit
OPP-0008782,2025-11-14,Commit,Commit
OPP-0008782,2025-11-21,Commit,Commit
OPP-0008782,2025-11-28,Commit,Commit
OPP-0008795,2025-09-26,Commit,Commit
OPP-0008795,2025-10-03,Commit,Commit
OPP-0008795,2025-10-10,Commit,Commit
OPP-0008795,2025-10-17,Commit,Commit
OPP-0008795,2025-10-24,Commit,Commit
OPP-0008795,2025-10-31,Commit,Commit
OPP-0008796,2025-09-26,Commit,Commit
OPP-0008796,2025-10-03,Commit,Commit
OPP-0008796,2025-10-10,Commit,Commit
OPP-0008796,2025-10-17,Commit,Commit
OPP-0008796,2025-10-24,Commit,Commit
OPP-0008796,2025-10-31,Commit,Commit
OPP-0008797,2025-09-26,Commit,Commit
OPP-0008797,2025-10-03,Commit,Commit
OPP-0008797,2025-10-10,Commit,Commit
OPP-0008797,2025-10-17,Commit,Commit
OPP-0008797,2025-10-24,Commit,Commit
OPP-0008797,2025-10-31,Commit,Commit
OPP-0008798,2025-09-26,Commit,Commit
OPP-0008798,2025-10-03,Commit,Commit
OPP-0008798,2025-10-10,Commit,Commit
OPP-0008798,2025-10-17,Commit,Commit
OPP-0008798,2025-10-24,Commit,Commit
OPP-0008798,2025-10-31,Commit,Commit
OPP-0008799,2025-09-26,Pipeline,Pipeline
OPP-0008799,2025-10-03,Best Case,Best Case
OPP-0008800,2025-09-26,Commit,Commit
OPP-0008800,2025-10-03,Commit,Commit
OPP-0008800,2025-10-10,Commit,Commit
OPP-0008800,2025-10-17,Commit,Commit
OPP-0008800,2025-10-24,Commit,Commit
OPP-0008800,2025-10-31,Commit,Commit
OPP-0008800,2025-11-07,Best Case,Pipeline
OPP-0008800,2025-11-14,Commit,Best Case
OPP-0008800,2025-11-21,Best Case,Pipeline
OPP-0008800,2025-11-28,Best Case,Pipeline
OPP-0008801,2025-09-26,Commit,Commit
OPP-0008801,2025-10-03,Best Case,Commit
OPP-0008801,2025-10-10,Commit,Commit
OPP-0008801,2025-10-17,Commit,Commit
OPP-0008801,2025-10-24,Best Case,Commit
OPP-0008801,2025-10-31,Commit,Commit
OPP-0008802,2025-09-26,Commit,Best Case
OPP-0008802,2025-10-03,Commit,Best Case
OPP-0008802,2025-10-10,Commit,Best Case
OPP-0008802,2025-10-17,Commit,Commit
OPP-0008802,2025-10-24,Commit,Commit
OPP-0008802,2025-10-31,Commit,Best Case
OPP-0008803,2025-09-26,Commit,Commit
OPP-0008803,2025-10-03,Commit,Commit
OPP-0008803,2025-10-10,Commit,Commit
OPP-0008803,2025-10-17,Commit,Commit
OPP-0008803,2025-10-24,Commit,Commit
OPP-0008803,2025-10-31,Commit,Commit
OPP-0008804,2025-09-26,Commit,Commit
OPP-0008804,2025-10-03,Commit,Commit
OPP-0008804,2025-10-10,Commit,Commit
OPP-0008804,2025-10-17,Commit,Commit
OPP-0008804,2025-10-24,Commit,Commit
OPP-0008804,2025-10-31,Commit,Commit
OPP-0008811,2025-09-26,Best Case,Best Case
OPP-0008811,2025-10-03,Commit,Commit
OPP-0008811,2025-10-10,Commit,Commit
OPP-0008811,2025-10-17,Commit,Commit
OPP-0008811,2025-10-24,Commit,Commit
OPP-0008811,2025-10-31,Commit,Commit
OPP-0008812,2025-09-26,Best Case,Pipeline
OPP-0008812,2025-10-03,Best Case,Best Case
OPP-0008812,2025-10-10,Commit,Commit
OPP-0008812,2025-10-17,Best Case,Best Case
OPP-0008813,2025-09-26,Pipeline,Pipeline
OPP-0008813,2025-10-03,Best Case,Best Case
OPP-0008813,2025-10-10,Best Case,Best Case
OPP-0008820,2025-09-26,Commit,Commit
OPP-0008820,2025-10-03,Commit,Commit
OPP-0008820,2025-10-10,Commit,Commit
OPP-0008820,2025-10-17,Commit,Commit
OPP-0008820,2025-10-24,Commit,Commit
OPP-0008820,2025-10-31,Commit,Commit
OPP-0008821,2025-09-26,Commit,Commit
OPP-0008821,2025-10-03,Commit,Commit
OPP-0008821,2025-10-10,Commit,Commit
OPP-0008821,2025-10-17,Commit,Commit
OPP-0008821,2025-10-24,Commit,Commit
OPP-0008821,2025-10-31,Commit,Commit
OPP-0008822,2025-09-26,Omitted,Omitted
OPP-0008822,2025-10-03,Omitted,Omitted
OPP-0008822,2025-10-10,Omitted,Omitted
OPP-0008822,2025-10-17,Omitted,Omitted
OPP-0008822,2025-10-24,Pipeline,Pipeline
OPP-0008822,2025-10-31,Best Case,Pipeline
OPP-0008823,2025-09-26,Pipeline,Pipeline
OPP-0008823,2025-10-03,Best Case,Best Case
OPP-0008823,2025-10-10,Best Case,Best Case
OPP-0008823,2025-10-17,Pipeline,Pipeline
OPP-0008823,2025-10-24,Best Case,Best Case
OPP-0008824,2025-09-26,Omitted,Omitted
OPP-0008824,2025-10-03,Pipeline,Pipeline
OPP-0008825,2025-09-26,Commit,Commit
OPP-0008825,2025-10-03,Commit,Commit
OPP-0008825,2025-10-10,Commit,Commit
OPP-0008825,2025-10-17,Commit,Commit
OPP-0008825,2025-10-24,Commit,Commit
OPP-0008825,2025-10-31,Commit,Commit
OPP-0008825,2025-11-07,Commit,Commit
OPP-0008825,2025-11-14,Commit,Commit
OPP-0008825,2025-11-21,Commit,Commit
OPP-0008825,2025-11-28,Commit,Commit
OPP-0008826,2025-09-26,Best Case,Pipeline
OPP-0008826,2025-10-03,Best Case,Pipeline
OPP-0008826,2025-10-10,Best Case,Pipeline
OPP-0008826,2025-10-17,Commit,Best Case
OPP-0008826,2025-10-24,Best Case,Pipeline
OPP-0008826,2025-10-31,Commit,Best Case
OPP-0008826,2025-11-07,Commit,Best Case
OPP-0008826,2025-11-14,Commit,Best Case
OPP-0008826,2025-11-21,Commit,Commit
OPP-0008826,2025-11-28,Commit,Best Case
OPP-0008835,2025-09-26,Commit,Commit
OPP-0008835,2025-10-03,Commit,Commit
OPP-0008835,2025-10-10,Commit,Commit
OPP-0008835,2025-10-17,Commit,Commit
OPP-0008835,2025-10-24,Commit,Commit
OPP-0008835,2025-10-31,Commit,Commit
OPP-0008836,2025-09-26,Commit,Commit
OPP-0008836,2025-10-03,Commit,Commit
OPP-0008836,2025-10-10,Commit,Commit
OPP-0008836,2025-10-17,Commit,Commit
OPP-0008836,2025-10-24,Commit,Commit
OPP-0008836,2025-10-31,Commit,Commit
OPP-0008837,2025-09-26,Commit,Commit
OPP-0008837,2025-10-03,Commit,Commit
OPP-0008837,2025-10-10,Commit,Commit
OPP-0008837,2025-10-17,Commit,Commit
OPP-0008837,2025-10-24,Commit,Commit
OPP-0008837,2025-10-31,Commit,Commit
OPP-0008838,2025-09-26,Pipeline,Pipeline
OPP-0008838,2025-10-03,Best Case,Pipeline
OPP-0008838,2025-10-10,Best Case,Pipeline
OPP-0008839,2025-09-26,Pipeline,Pipeline
OPP-0008839,2025-10-03,Best Case,Omitted
OPP-0008839,2025-10-10,Pipeline,Pipeline
OPP-0008839,2025-10-17,Commit,Commit
OPP-0008840,2025-09-26,Commit,Commit
OPP-0008840,2025-10-03,Commit,Commit
OPP-0008840,2025-10-10,Commit,Commit
OPP-0008840,2025-10-17,Commit,Commit
OPP-0008840,2025-10-24,Commit,Commit
OPP-0008840,2025-10-31,Commit,Commit
OPP-0008841,2025-09-26,Commit,Commit
OPP-0008841,2025-10-03,Commit,Commit
OPP-0008841,2025-10-10,Commit,Commit
OPP-0008841,2025-10-17,Commit,Commit
OPP-0008841,2025-10-24,Commit,Commit
OPP-0008841,2025-10-31,Commit,Commit
OPP-0008842,2025-09-26,Pipeline,Omitted
OPP-0008842,2025-10-03,Pipeline,Omitted
OPP-0008842,2025-10-10,Pipeline,Omitted
OPP-0008842,2025-10-17,Best Case,Pipeline
OPP-0008856,2025-09-26,Commit,Commit
OPP-0008856,2025-10-03,Commit,Commit
OPP-0008856,2025-10-10,Commit,Commit
OPP-0008856,2025-10-17,Commit,Commit
OPP-0008856,2025-10-24,Commit,Commit
OPP-0008856,2025-10-31,Commit,Commit
OPP-0008857,2025-09-26,Pipeline,Pipeline
OPP-0008857,2025-10-03,Best Case,Best Case
OPP-0008857,2025-10-10,Best Case,Best Case
OPP-0008858,2025-09-26,Pipeline,Pipeline
OPP-0008858,2025-10-03,Best Case,Best Case
OPP-0008858,2025-10-10,Pipeline,Best Case
OPP-0008858,2025-10-17,Commit,Best Case
OPP-0008865,2025-09-26,Pipeline,Pipeline
OPP-0008865,2025-10-03,Pipeline,Pipeline
OPP-0008865,2025-10-10,Commit,Best Case
OPP-0008865,2025-10-17,Commit,Commit
OPP-0008866,2025-09-26,Pipeline,Omitted
OPP-0008866,2025-10-03,Omitted,Omitted
OPP-0008866,2025-10-10,Omitted,Omitted
OPP-0008866,2025-10-17,Pipeline,Omitted
OPP-0008866,2025-10-24,Pipeline,Pipeline
OPP-0008866,2025-10-31,Best Case,Best Case
OPP-0008880,2025-09-26,Commit,Commit
OPP-0008880,2025-10-03,Commit,Commit
OPP-0008880,2025-10-10,Commit,Commit
OPP-0008880,2025-10-17,Commit,Commit
OPP-0008880,2025-10-24,Commit,Commit
OPP-0008880,2025-10-31,Commit,Commit
OPP-0008881,2025-09-26,Commit,Commit
OPP-0008881,2025-10-03,Commit,Commit
OPP-0008881,2025-10-10,Commit,Commit
OPP-0008881,2025-10-17,Commit,Commit
OPP-0008881,2025-10-24,Commit,Commit
OPP-0008881,2025-10-31,Commit,Commit
OPP-0008882,2025-09-26,Pipeline,Omitted
OPP-0008882,2025-10-03,Omitted,Omitted
OPP-0008882,2025-10-10,Pipeline,Omitted
OPP-0008882,2025-10-17,Pipeline,Omitted
OPP-0008882,2025-10-24,Pipeline,Pipeline
OPP-0008882,2025-10-31,Best Case,Pipeline
OPP-0008883,2025-09-26,Commit,Commit
OPP-0008883,2025-10-03,Commit,Commit
OPP-0008883,2025-10-10,Commit,Commit
OPP-0008883,2025-10-17,Commit,Commit
OPP-0008883,2025-10-24,Commit,Commit
OPP-0008883,2025-10-31,Commit,Commit
OPP-0008883,2025-11-07,Commit,Commit
OPP-0008883,2025-11-14,Commit,Commit
OPP-0008883,2025-11-21,Commit,Commit
OPP-0008883,2025-11-28,Commit,Commit
OPP-0008884,2025-09-26,Commit,Commit
OPP-0008884,2025-10-03,Commit,Commit
OPP-0008884,2025-10-10,Commit,Commit
OPP-0008884,2025-10-17,Commit,Commit
OPP-0008884,2025-10-24,Commit,Commit
OPP-0008884,2025-10-31,Commit,Commit
OPP-0008885,2025-09-26,Best Case,Best Case
OPP-0008885,2025-10-03,Best Case,Best Case
OPP-0008885,2025-10-10,Commit,Commit
OPP-0008896,2025-10-03,Commit,Commit
OPP-0008896,2025-10-10,Commit,Commit
OPP-0008896,2025-10-17,Commit,Commit
OPP-0008896,2025-10-24,Commit,Commit
OPP-0008896,2025-10-31,Commit,Commit
OPP-0008897,2025-10-03,Commit,Commit
OPP-0008897,2025-10-10,Commit,Commit
OPP-0008897,2025-10-17,Commit,Commit
OPP-0008897,2025-10-24,Commit,Best Case
OPP-0008897,2025-10-31,Commit,Best Case
OPP-0008898,2025-10-03,Commit,Commit
OPP-0008898,2025-10-10,Commit,Commit
OPP-0008898,2025-10-17,Commit,Commit
OPP-0008898,2025-10-24,Commit,Commit
OPP-0008898,2025-10-31,Commit,Commit
OPP-0008899,2025-10-03,Pipeline,Omitted
OPP-0008899,2025-10-10,Best Case,Omitted
OPP-0008899,2025-10-17,Best Case,Pipeline
OPP-0008900,2025-10-03,Commit,Commit
OPP-0008900,2025-10-10,Commit,Commit
OPP-0008900,2025-10-17,Commit,Commit
OPP-0008900,2025-10-24,Commit,Commit
OPP-0008900,2025-10-31,Commit,Commit
OPP-0008900,2025-11-07,Commit,Best Case
OPP-0008900,2025-11-14,Commit,Commit
OPP-0008900,2025-11-21,Commit,Commit
OPP-0008900,2025-11-28,Commit,Commit
OPP-0008901,2025-10-03,Pipeline,Pipeline
OPP-0008901,2025-10-10,Omitted,Pipeline
OPP-0008901,2025-10-17,Pipeline,Pipeline
OPP-0008901,2025-10-24,Pipeline,Pipeline
OPP-0008901,2025-10-31,Best Case,Pipeline
OPP-0008907,2025-10-03,Commit,Commit
OPP-0008907,2025-10-10,Commit,Commit
OPP-0008907,2025-10-17,Commit,Commit
OPP-0008907,2025-10-24,Commit,Commit
OPP-0008907,2025-10-31,Commit,Commit
OPP-0008908,2025-10-03,Omitted,Omitted
OPP-0008908,2025-10-10,Omitted,Omitted
OPP-0008908,2025-10-17,Pipeline,Omitted
OPP-0008908,2025-10-24,Omitted,Omitted
OPP-0008908,2025-10-31,Pipeline,Omitted
OPP-0008908,2025-11-07,Pipeline,Pipeline
OPP-0008908,2025-11-14,Pipeline,Pipeline
OPP-0008908,2025-11-21,Pipeline,Pipeline
OPP-0008908,2025-11-28,Pipeline,Pipeline
OPP-0008908,2025-12-05,Pipeline,Pipeline
OPP-0008908,2025-12-12,Pipeline,Omitted
OPP-0008908,2025-12-19,Omitted,Omitted
OPP-0008908,2025-12-26,Omitted,Omitted
OPP-0008909,2025-10-03,Commit,Commit
OPP-0008909,2025-10-10,Commit,Commit
OPP-0008909,2025-10-17,Commit,Commit
OPP-0008909,2025-10-24,Commit,Commit
OPP-0008909,2025-10-31,Commit,Commit
OPP-0008909,2025-11-07,Commit,Commit
OPP-0008917,2025-10-03,Commit,Best Case
OPP-0008917,2025-10-10,Commit,Commit
OPP-0008917,2025-10-17,Commit,Best Case
OPP-0008917,2025-10-24,Commit,Commit
OPP-0008917,2025-10-31,Commit,Best Case
OPP-0008918,2025-10-03,Pipeline,Pipeline
OPP-0008918,2025-10-10,Best Case,Best Case
OPP-0008918,2025-10-17,Best Case,Best Case
OPP-0008918,2025-10-24,Best Case,Best Case
OPP-0008918,2025-10-31,Commit,Commit
OPP-0008919,2025-10-03,Pipeline,Pipeline
OPP-0008919,2025-10-10,Best Case,Best Case
OPP-0008919,2025-10-17,Pipeline,Pipeline
OPP-0008919,2025-10-24,Pipeline,Pipeline
OPP-0008919,2025-10-31,Commit,Commit
OPP-0008919,2025-11-07,Commit,Commit
OPP-0008920,2025-10-03,Omitted,Omitted
OPP-0008920,2025-10-10,Omitted,Omitted
OPP-0008920,2025-10-17,Omitted,Omitted
OPP-0008920,2025-10-24,Pipeline,Omitted
OPP-0008920,2025-10-31,Pipeline,Pipeline
OPP-0008920,2025-11-07,Pipeline,Omitted
OPP-0008920,2025-11-14,Pipeline,Pipeline
OPP-0008920,2025-11-21,Pipeline,Omitted
OPP-0008920,2025-11-28,Omitted,Omitted
OPP-0008920,2025-12-05,Pipeline,Omitted
OPP-0008921,2025-10-03,Commit,Commit
OPP-0008921,2025-10-10,Commit,Commit
OPP-0008921,2025-10-17,Commit,Commit
OPP-0008921,2025-10-24,Commit,Commit
OPP-0008921,2025-10-31,Commit,Commit
OPP-0008921,2025-11-07,Commit,Commit
OPP-0008921,2025-11-14,Commit,Commit
OPP-0008922,2025-10-03,Best Case,Pipeline
OPP-0008922,2025-10-10,Best Case,Pipeline
OPP-0008922,2025-10-17,Pipeline,Pipeline
OPP-0008922,2025-10-24,Pipeline,Pipeline
OPP-0008922,2025-10-31,Commit,Best Case
OPP-0008923,2025-10-03,Commit,Commit
OPP-0008923,2025-10-10,Commit,Commit
OPP-0008923,2025-10-17,Commit,Commit
OPP-0008923,2025-10-24,Commit,Commit
OPP-0008923,2025-10-31,Commit,Commit
OPP-0008924,2025-10-03,Best Case,Best Case
OPP-0008924,2025-10-10,Pipeline,Pipeline
OPP-0008924,2025-10-17,Best Case,Best Case
OPP-0008924,2025-10-24,Best Case,Pipeline
OPP-0008925,2025-10-03,Commit,Commit
OPP-0008925,2025-10-10,Commit,Commit
OPP-0008925,2025-10-17,Commit,Commit
OPP-0008925,2025-10-24,Commit,Commit
OPP-0008925,2025-10-31,Commit,Commit
OPP-0008926,2025-10-03,Commit,Commit
OPP-0008926,2025-10-10,Commit,Commit
OPP-0008926,2025-10-17,Commit,Commit
OPP-0008926,2025-10-24,Commit,Commit
OPP-0008926,2025-10-31,Commit,Commit
OPP-0008926,2025-11-07,Commit,Commit
OPP-0008926,2025-11-14,Commit,Commit
OPP-0008926,2025-11-21,Commit,Commit
OPP-0008926,2025-11-28,Commit,Commit
OPP-0008935,2025-10-03,Commit,Commit
OPP-0008935,2025-10-10,Commit,Commit
OPP-0008935,2025-10-17,Commit,Commit
OPP-0008935,2025-10-24,Commit,Commit
OPP-0008935,2025-10-31,Commit,Commit
OPP-0008936,2025-10-03,Commit,Commit
OPP-0008936,2025-10-10,Commit,Commit
OPP-0008936,2025-10-17,Commit,Commit
OPP-0008936,2025-10-24,Commit,Commit
OPP-0008936,2025-10-31,Commit,Commit
OPP-0008937,2025-10-03,Commit,Commit
OPP-0008937,2025-10-10,Commit,Commit
OPP-0008937,2025-10-17,Commit,Commit
OPP-0008937,2025-10-24,Commit,Commit
OPP-0008937,2025-10-31,Commit,Commit
OPP-0008938,2025-10-03,Commit,Commit
OPP-0008938,2025-10-10,Commit,Commit
OPP-0008938,2025-10-17,Commit,Commit
OPP-0008938,2025-10-24,Commit,Commit
OPP-0008938,2025-10-31,Commit,Commit
OPP-0008939,2025-10-03,Best Case,Best Case
OPP-0008939,2025-10-10,Commit,Commit
OPP-0008939,2025-10-17,Best Case,Best Case
OPP-0008940,2025-10-03,Best Case,Omitted
OPP-0008940,2025-10-10,Pipeline,Pipeline
OPP-0008941,2025-10-03,Pipeline,Pipeline
OPP-0008941,2025-10-10,Pipeline,Pipeline
OPP-0008941,2025-10-17,Best Case,Best Case
OPP-0008952,2025-10-03,Commit,Commit
OPP-0008952,2025-10-10,Commit,Commit
OPP-0008952,2025-10-17,Commit,Commit
OPP-0008952,2025-10-24,Commit,Commit
OPP-0008952,2025-10-31,Commit,Commit
OPP-0008953,2025-10-03,Commit,Commit
OPP-0008953,2025-10-10,Commit,Commit
OPP-0008953,2025-10-17,Commit,Commit
OPP-0008953,2025-10-24,Commit,Commit
OPP-0008953,2025-10-31,Commit,Commit
OPP-0008953,2025-11-07,Commit,Commit
OPP-0008953,2025-11-14,Commit,Commit
OPP-0008953,2025-11-21,Commit,Commit
OPP-0008960,2025-10-10,Commit,Commit
OPP-0008960,2025-10-17,Commit,Commit
OPP-0008960,2025-10-24,Commit,Commit
OPP-0008960,2025-10-31,Commit,Commit
OPP-0008961,2025-10-10,Pipeline,Pipeline
OPP-0008961,2025-10-17,Pipeline,Pipeline
OPP-0008961,2025-10-24,Pipeline,Pipeline
OPP-0008961,2025-10-31,Pipeline,Pipeline
OPP-0008962,2025-10-10,Omitted,Omitted
OPP-0008962,2025-10-17,Best Case,Pipeline
OPP-0008962,2025-10-24,Pipeline,Pipeline
OPP-0008974,2025-10-10,Pipeline,Pipeline
OPP-0008974,2025-10-17,Best Case,Best Case
OPP-0008974,2025-10-24,Best Case,Best Case
OPP-0008975,2025-10-10,Best Case,Pipeline
OPP-0008975,2025-10-17,Best Case,Best Case
OPP-0008975,2025-10-24,Best Case,Best Case
OPP-0008975,2025-10-31,Best Case,Best Case
OPP-0008975,2025-11-07,Best Case,Pipeline
OPP-0008976,2025-10-10,Pipeline,Omitted
OPP-0008976,2025-10-17,Pipeline,Pipeline
OPP-0008976,2025-10-24,Pipeline,Pipeline
OPP-0008976,2025-10-31,Best Case,Best Case
OPP-0008983,2025-10-10,Commit,Commit
OPP-0008983,2025-10-17,Commit,Commit
OPP-0008983,2025-10-24,Commit,Commit
OPP-0008983,2025-10-31,Commit,Commit
OPP-0008984,2025-10-10,Pipeline,Pipeline
OPP-0008984,2025-10-17,Best Case,Best Case
OPP-0008984,2025-10-24,Pipeline,Pipeline
OPP-0008984,2025-10-31,Best Case,Best Case
OPP-0008995,2025-10-10,Commit,Commit
OPP-0008995,2025-10-17,Commit,Commit
OPP-0008995,2025-10-24,Commit,Commit
OPP-0008995,2025-10-31,Commit,Commit
OPP-0008996,2025-10-10,Commit,Commit
OPP-0008996,2025-10-17,Commit,Commit
OPP-0008996,2025-10-24,Commit,Commit
OPP-0008996,2025-10-31,Commit,Commit
OPP-0008997,2025-10-10,Omitted,Pipeline
OPP-0008997,2025-10-17,Pipeline,Pipeline
OPP-0008997,2025-10-24,Pipeline,Pipeline
OPP-0008997,2025-10-31,Pipeline,Pipeline
OPP-0008997,2025-11-07,Best Case,Best Case
OPP-0008998,2025-10-10,Commit,Commit
OPP-0008998,2025-10-17,Commit,Commit
OPP-0008998,2025-10-24,Commit,Commit
OPP-0008998,2025-10-31,Commit,Commit
OPP-0008999,2025-10-10,Commit,Commit
OPP-0008999,2025-10-17,Commit,Commit
OPP-0008999,2025-10-24,Commit,Commit
OPP-0008999,2025-10-31,Commit,Commit
OPP-0008999,2025-11-07,Commit,Best Case
OPP-0008999,2025-11-14,Commit,Commit
OPP-0008999,2025-11-21,Commit,Commit
OPP-0008999,2025-11-28,Commit,Commit
OPP-0009000,2025-10-10,Best Case,Omitted
OPP-0009000,2025-10-17,Best Case,Omitted
OPP-0009000,2025-10-24,Pipeline,Pipeline
OPP-0009000,2025-10-31,Best Case,Pipeline
OPP-0009000,2025-11-07,Pipeline,Pipeline
OPP-0009000,2025-11-14,Pipeline,Omitted
OPP-0009000,2025-11-21,Commit,Pipeline
OPP-0009000,2025-11-28,Best Case,Pipeline
OPP-0009011,2025-10-10,Commit,Commit
OPP-0009011,2025-10-17,Commit,Commit
OPP-0009011,2025-10-24,Commit,Commit
OPP-0009011,2025-10-31,Commit,Commit
OPP-0009012,2025-10-10,Commit,Best Case
OPP-0009012,2025-10-17,Commit,Best Case
OPP-0009012,2025-10-24,Commit,Best Case
OPP-0009012,2025-10-31,Commit,Best Case
OPP-0009012,2025-11-07,Commit,Best Case
OPP-0009022,2025-10-10,Commit,Commit
OPP-0009022,2025-10-17,Commit,Commit
OPP-0009022,2025-10-24,Commit,Commit
OPP-0009022,2025-10-31,Commit,Commit
OPP-0009023,2025-10-10,Commit,Commit
OPP-0009023,2025-10-17,Commit,Commit
OPP-0009023,2025-10-24,Commit,Commit
OPP-0009023,2025-10-31,Commit,Commit
OPP-0009024,2025-10-10,Commit,Commit
OPP-0009024,2025-10-17,Commit,Commit
OPP-0009024,2025-10-24,Commit,Commit
OPP-0009024,2025-10-31,Commit,Commit
OPP-0009025,2025-10-10,Best Case,Best Case
OPP-0009025,2025-10-17,Best Case,Best Case
OPP-0009025,2025-10-24,Best Case,Best Case
OPP-0009025,2025-10-31,Best Case,Best Case
OPP-0009025,2025-11-07,Best Case,Best Case
OPP-0009037,2025-10-10,Commit,Commit
OPP-0009037,2025-10-17,Commit,Commit
OPP-0009037,2025-10-24,Commit,Commit
OPP-0009037,2025-10-31,Commit,Commit
OPP-0009038,2025-10-10,Commit,Commit
OPP-0009038,2025-10-17,Commit,Commit
OPP-0009038,2025-10-24,Commit,Commit
OPP-0009038,2025-10-31,Commit,Commit
OPP-0009039,2025-10-10,Commit,Commit
OPP-0009039,2025-10-17,Commit,Commit
OPP-0009039,2025-10-24,Commit,Commit
OPP-0009039,2025-10-31,Commit,Commit
OPP-0009040,2025-10-10,Commit,Commit
OPP-0009040,2025-10-17,Commit,Commit
OPP-0009040,2025-10-24,Commit,Commit
OPP-0009040,2025-10-31,Commit,Commit
OPP-0009041,2025-10-10,Pipeline,Pipeline
OPP-0009041,2025-10-17,Best Case,Pipeline
OPP-0009041,2025-10-24,Best Case,Best Case
OPP-0009041,2025-10-31,Best Case,Pipeline
OPP-0009041,2025-11-07,Best Case,Best Case
OPP-0009042,2025-10-10,Commit,Commit
OPP-0009042,2025-10-17,Commit,Commit
OPP-0009042,2025-10-24,Commit,Commit
OPP-0009042,2025-10-31,Commit,Commit
OPP-0009042,2025-11-07,Commit,Commit
OPP-0009042,2025-11-14,Commit,Commit
OPP-0009042,2025-11-21,Commit,Commit
OPP-0009043,2025-10-10,Pipeline,Omitted
OPP-0009043,2025-10-17,Pipeline,Omitted
OPP-0009043,2025-10-24,Best Case,Pipeline
OPP-0009043,2025-10-31,Best Case,Pipeline
OPP-0009055,2025-10-17,Commit,Commit
OPP-0009055,2025-10-24,Commit,Commit
OPP-0009055,2025-10-31,Commit,Commit
OPP-0009056,2025-10-17,Omitted,Omitted
OPP-0009056,2025-10-24,Pipeline,Pipeline
OPP-0009066,2025-10-17,Commit,Commit
OPP-0009066,2025-10-24,Commit,Commit
OPP-0009066,2025-10-31,Commit,Commit
OPP-0009067,2025-10-17,Commit,Commit
OPP-0009067,2025-10-24,Commit,Commit
OPP-0009067,2025-10-31,Commit,Commit
OPP-0009068,2025-10-17,Commit,Commit
OPP-0009068,2025-10-24,Commit,Commit
OPP-0009068,2025-10-31,Commit,Commit
OPP-0009069,2025-10-17,Pipeline,Pipeline
OPP-0009069,2025-10-24,Pipeline,Pipeline
OPP-0009069,2025-10-31,Best Case,Best Case
OPP-0009070,2025-10-17,Commit,Commit
OPP-0009070,2025-10-24,Commit,Commit
OPP-0009070,2025-10-31,Commit,Commit
OPP-0009070,2025-11-07,Commit,Commit
OPP-0009070,2025-11-14,Commit,Commit
OPP-0009070,2025-11-21,Commit,Commit
OPP-0009070,2025-11-28,Commit,Commit
OPP-0009071,2025-10-17,Pipeline,Pipeline
OPP-0009071,2025-10-24,Omitted,Pipeline
OPP-0009071,2025-10-31,Best Case,Best Case
OPP-0009071,2025-11-07,Best Case,Best Case
OPP-0009071,2025-11-14,Best Case,Best Case
OPP-0009071,2025-11-21,Best Case,Best Case
OPP-0009079,2025-10-17,Commit,Commit
OPP-0009079,2025-10-24,Commit,Commit
OPP-0009079,2025-10-31,Commit,Commit
OPP-0009080,2025-10-17,Omitted,Omitted
OPP-0009080,2025-10-24,Pipeline,Omitted
OPP-0009080,2025-10-31,Best Case,Pipeline
OPP-0009080,2025-11-07,Pipeline,Pipeline
OPP-0009080,2025-11-14,Best Case,Best Case
OPP-0009080,2025-11-21,Pipeline,Best Case
OPP-0009081,2025-10-17,Pipeline,Pipeline
OPP-0009081,2025-10-24,Pipeline,Best Case
OPP-0009081,2025-10-31,Pipeline,Pipeline
OPP-0009081,2025-11-07,Best Case,Best Case
OPP-0009081,2025-11-14,Pipeline,Pipeline
OPP-0009082,2025-10-17,Commit,Best Case
OPP-0009082,2025-10-24,Commit,Commit
OPP-0009082,2025-10-31,Commit,Commit
OPP-0009082,2025-11-07,Commit,Best Case
OPP-0009082,2025-11-14,Commit,Best Case
OPP-0009082,2025-11-21,Commit,Commit
OPP-0009082,2025-11-28,Commit,Best Case
OPP-0009091,2025-10-17,Pipeline,Pipeline
OPP-0009091,2025-10-24,Pipeline,Omitted
OPP-0009091,2025-10-31,Pipeline,Pipeline
OPP-0009091,2025-11-07,Best Case,Best Case
OPP-0009091,2025-11-14,Commit,Pipeline
OPP-0009091,2025-11-21,Best Case,Best Case
OPP-0009091,2025-11-28,Best Case,Best Case
OPP-0009091,2025-12-05,Pipeline,Pipeline
OPP-0009091,2025-12-12,Pipeline,Pipeline
OPP-0009092,2025-10-17,Pipeline,Omitted
OPP-0009092,2025-10-24,Omitted,Pipeline
OPP-0009092,2025-10-31,Pipeline,Omitted
OPP-0009092,2025-11-07,Pipeline,Omitted
OPP-0009092,2025-11-14,Pipeline,Pipeline
OPP-0009093,2025-10-17,Pipeline,Omitted
OPP-0009093,2025-10-24,Pipeline,Pipeline
OPP-0009093,2025-10-31,Pipeline,Omitted
OPP-0009093,2025-11-07,Best Case,Pipeline
OPP-0009093,2025-11-14,Best Case,Best Case
OPP-0009104,2025-10-17,Commit,Commit
OPP-0009104,2025-10-24,Commit,Commit
OPP-0009104,2025-10-31,Commit,Commit
OPP-0009105,2025-10-17,Commit,Commit
OPP-0009105,2025-10-24,Commit,Commit
OPP-0009105,2025-10-31,Commit,Commit
OPP-0009106,2025-10-17,Commit,Commit
OPP-0009106,2025-10-24,Commit,Commit
OPP-0009106,2025-10-31,Commit,Commit
OPP-0009107,2025-10-17,Commit,Commit
OPP-0009107,2025-10-24,Commit,Commit
OPP-0009107,2025-10-31,Commit,Commit
OPP-0009108,2025-10-17,Commit,Commit
OPP-0009108,2025-10-24,Commit,Commit
OPP-0009108,2025-10-31,Commit,Commit
OPP-0009108,2025-11-07,Commit,Commit
OPP-0009108,2025-11-14,Commit,Commit
OPP-0009108,2025-11-21,Commit,Commit
OPP-0009108,2025-11-28,Commit,Commit
OPP-0009109,2025-10-17,Commit,Commit
OPP-0009109,2025-10-24,Commit,Commit
OPP-0009109,2025-10-31,Commit,Commit
OPP-0009109,2025-11-07,Commit,Commit
OPP-0009109,2025-11-14,Commit,Commit
OPP-0009109,2025-11-21,Commit,Commit
OPP-0009109,2025-11-28,Commit,Commit
OPP-0009122,2025-10-17,Commit,Commit
OPP-0009122,2025-10-24,Commit,Commit
OPP-0009122,2025-10-31,Commit,Commit
OPP-0009123,2025-10-17,Commit,Commit
OPP-0009123,2025-10-24,Commit,Commit
OPP-0009123,2025-10-31,Commit,Commit
OPP-0009124,2025-10-17,Pipeline,Pipeline
OPP-0009124,2025-10-24,Pipeline,Pipeline
OPP-0009124,2025-10-31,Best Case,Best Case
OPP-0009124,2025-11-07,Best Case,Best Case
OPP-0009133,2025-10-17,Commit,Commit
OPP-0009133,2025-10-24,Commit,Commit
OPP-0009133,2025-10-31,Commit,Commit
OPP-0009134,2025-10-17,Commit,Commit
OPP-0009134,2025-10-24,Commit,Commit
OPP-0009134,2025-10-31,Commit,Commit
OPP-0009135,2025-10-17,Commit,Commit
OPP-0009135,2025-10-24,Commit,Commit
OPP-0009135,2025-10-31,Commit,Commit
OPP-0009136,2025-10-17,Commit,Commit
OPP-0009136,2025-10-24,Commit,Commit
OPP-0009136,2025-10-31,Commit,Commit
OPP-0009137,2025-10-17,Pipeline,Omitted
OPP-0009137,2025-10-24,Pipeline,Omitted
OPP-0009137,2025-10-31,Best Case,Best Case
OPP-0009137,2025-11-07,Best Case,Best Case
OPP-0009150,2025-10-24,Commit,Commit
OPP-0009150,2025-10-31,Commit,Commit
OPP-0009150,2025-11-07,Commit,Commit
OPP-0009150,2025-11-14,Commit,Commit
OPP-0009150,2025-11-21,Commit,Commit
OPP-0009150,2025-11-28,Commit,Commit
OPP-0009151,2025-10-24,Commit,Commit
OPP-0009151,2025-10-31,Commit,Commit
OPP-0009152,2025-10-24,Commit,Commit
OPP-0009152,2025-10-31,Commit,Commit
OPP-0009152,2025-11-07,Commit,Commit
OPP-0009152,2025-11-14,Commit,Commit
OPP-0009152,2025-11-21,Commit,Commit
OPP-0009152,2025-11-28,Commit,Commit
OPP-0009153,2025-10-24,Best Case,Best Case
OPP-0009153,2025-10-31,Best Case,Best Case
OPP-0009154,2025-10-24,Best Case,Best Case
OPP-0009154,2025-10-31,Best Case,Pipeline
OPP-0009154,2025-11-07,Best Case,Pipeline
OPP-0009155,2025-10-24,Commit,Best Case
OPP-0009155,2025-10-31,Commit,Best Case
OPP-0009155,2025-11-07,Commit,Commit
OPP-0009155,2025-11-14,Commit,Commit
OPP-0009155,2025-11-21,Commit,Commit
OPP-0009155,2025-11-28,Commit,Commit
OPP-0009171,2025-10-24,Commit,Commit
OPP-0009171,2025-10-31,Commit,Commit
OPP-0009171,2025-11-07,Commit,Commit
OPP-0009171,2025-11-14,Commit,Commit
OPP-0009171,2025-11-21,Commit,Commit
OPP-0009171,2025-11-28,Commit,Commit
OPP-0009172,2025-10-24,Commit,Commit
OPP-0009172,2025-10-31,Commit,Commit
OPP-0009172,2025-11-07,Commit,Commit
OPP-0009172,2025-11-14,Commit,Commit
OPP-0009172,2025-11-21,Commit,Commit
OPP-0009172,2025-11-28,Commit,Commit
OPP-0009173,2025-10-24,Omitted,Omitted
OPP-0009173,2025-10-31,Best Case,Pipeline
OPP-0009173,2025-11-07,Best Case,Pipeline
OPP-0009173,2025-11-14,Pipeline,Pipeline
OPP-0009174,2025-10-24,Best Case,Best Case
OPP-0009174,2025-10-31,Commit,Commit
OPP-0009183,2025-10-24,Commit,Commit
OPP-0009183,2025-10-31,Commit,Commit
OPP-0009183,2025-11-07,Commit,Commit
OPP-0009183,2025-11-14,Commit,Commit
OPP-0009183,2025-11-21,Commit,Commit
OPP-0009183,2025-11-28,Commit,Commit
OPP-0009184,2025-10-24,Commit,Commit
OPP-0009184,2025-10-31,Commit,Commit
OPP-0009184,2025-11-07,Commit,Commit
OPP-0009184,2025-11-14,Commit,Commit
OPP-0009184,2025-11-21,Commit,Commit
OPP-0009184,2025-11-28,Commit,Commit
OPP-0009185,2025-10-24,Best Case,Best Case
OPP-0009185,2025-10-31,Pipeline,Pipeline
OPP-0009186,2025-10-24,Best Case,Commit
OPP-0009186,2025-10-31,Commit,Commit
OPP-0009186,2025-11-07,Commit,Commit
OPP-0009186,2025-11-14,Commit,Best Case
OPP-0009186,2025-11-21,Commit,Best Case
OPP-0009186,2025-11-28,Commit,Best Case
OPP-0009197,2025-10-24,Commit,Commit
OPP-0009197,2025-10-31,Commit,Commit
OPP-0009197,2025-11-07,Commit,Commit
OPP-0009197,2025-11-14,Commit,Commit
OPP-0009197,2025-11-21,Commit,Commit
OPP-0009197,2025-11-28,Commit,Commit
OPP-0009198,2025-10-24,Commit,Commit
OPP-0009198,2025-10-31,Commit,Commit
OPP-0009198,2025-11-07,Commit,Commit
OPP-0009198,2025-11-14,Commit,Commit
OPP-0009198,2025-11-21,Commit,Commit
OPP-0009198,2025-11-28,Commit,Commit
OPP-0009199,2025-10-24,Commit,Commit
OPP-0009199,2025-10-31,Commit,Commit
OPP-0009199,2025-11-07,Commit,Commit
OPP-0009199,2025-11-14,Commit,Commit
OPP-0009199,2025-11-21,Commit,Commit
OPP-0009199,2025-11-28,Commit,Commit
OPP-0009200,2025-10-24,Commit,Commit
OPP-0009200,2025-10-31,Commit,Commit
OPP-0009200,2025-11-07,Commit,Commit
OPP-0009200,2025-11-14,Commit,Commit
OPP-0009200,2025-11-21,Commit,Commit
OPP-0009200,2025-11-28,Commit,Commit
OPP-0009201,2025-10-24,Commit,Commit
OPP-0009201,2025-10-31,Commit,Commit
OPP-0009201,2025-11-07,Commit,Commit
OPP-0009201,2025-11-14,Commit,Commit
OPP-0009201,2025-11-21,Commit,Commit
OPP-0009201,2025-11-28,Commit,Commit
OPP-0009202,2025-10-24,Commit,Commit
OPP-0009202,2025-10-31,Commit,Commit
OPP-0009202,2025-11-07,Commit,Commit
OPP-0009202,2025-11-14,Commit,Commit
OPP-0009202,2025-11-21,Commit,Commit
OPP-0009202,2025-11-28,Commit,Commit
OPP-0009203,2025-10-24,Commit,Commit
OPP-0009203,2025-10-31,Commit,Commit
OPP-0009203,2025-11-07,Commit,Commit
OPP-0009203,2025-11-14,Commit,Commit
OPP-0009203,2025-11-21,Commit,Commit
OPP-0009203,2025-11-28,Commit,Commit
OPP-0009204,2025-10-24,Omitted,Pipeline
OPP-0009204,2025-10-31,Pipeline,Pipeline
OPP-0009204,2025-11-07,Pipeline,Omitted
OPP-0009204,2025-11-14,Omitted,Omitted
OPP-0009205,2025-10-24,Commit,Commit
OPP-0009205,2025-10-31,Commit,Commit
OPP-0009205,2025-11-07,Commit,Commit
OPP-0009205,2025-11-14,Commit,Commit
OPP-0009205,2025-11-21,Commit,Commit
OPP-0009205,2025-11-28,Commit,Commit
OPP-0009211,2025-10-24,Commit,Commit
OPP-0009211,2025-10-31,Commit,Commit
OPP-0009211,2025-11-07,Commit,Commit
OPP-0009211,2025-11-14,Commit,Commit
OPP-0009211,2025-11-21,Commit,Commit
OPP-0009211,2025-11-28,Commit,Commit
OPP-0009212,2025-10-24,Commit,Commit
OPP-0009212,2025-10-31,Commit,Commit
OPP-0009212,2025-11-07,Commit,Commit
OPP-0009212,2025-11-14,Commit,Commit
OPP-0009212,2025-11-21,Commit,Commit
OPP-0009212,2025-11-28,Commit,Commit
OPP-0009227,2025-10-24,Commit,Commit
OPP-0009227,2025-10-31,Commit,Commit
OPP-0009227,2025-11-07,Commit,Commit
OPP-0009227,2025-11-14,Commit,Commit
OPP-0009227,2025-11-21,Commit,Commit
OPP-0009227,2025-11-28,Commit,Commit
OPP-0009228,2025-10-24,Commit,Commit
OPP-0009228,2025-10-31,Commit,Commit
OPP-0009228,2025-11-07,Commit,Commit
OPP-0009228,2025-11-14,Commit,Commit
OPP-0009228,2025-11-21,Commit,Commit
OPP-0009228,2025-11-28,Commit,Commit
OPP-0009229,2025-10-24,Commit,Commit
OPP-0009229,2025-10-31,Commit,Commit
OPP-0009229,2025-11-07,Commit,Commit
OPP-0009229,2025-11-14,Commit,Commit
OPP-0009229,2025-11-21,Commit,Commit
OPP-0009229,2025-11-28,Commit,Commit
OPP-0009230,2025-10-24,Commit,Commit
OPP-0009230,2025-10-31,Commit,Commit
OPP-0009230,2025-11-07,Commit,Commit
OPP-0009230,2025-11-14,Commit,Commit
OPP-0009230,2025-11-21,Commit,Commit
OPP-0009230,2025-11-28,Commit,Commit
OPP-0009231,2025-10-24,Best Case,Best Case
OPP-0009231,2025-10-31,Best Case,Best Case
OPP-0009231,2025-11-07,Best Case,Best Case
OPP-0009231,2025-11-14,Commit,Best Case
OPP-0009231,2025-11-21,Commit,Commit
OPP-0009249,2025-10-31,Commit,Commit
OPP-0009249,2025-11-07,Commit,Commit
OPP-0009249,2025-11-14,Commit,Commit
OPP-0009249,2025-11-21,Commit,Commit
OPP-0009249,2025-11-28,Commit,Commit
OPP-0009250,2025-10-31,Pipeline,Pipeline
OPP-0009250,2025-11-07,Best Case,Best Case
OPP-0009250,2025-11-14,Best Case,Best Case
OPP-0009250,2025-11-21,Commit,Commit
OPP-0009251,2025-10-31,Pipeline,Pipeline
OPP-0009251,2025-11-07,Pipeline,Pipeline
OPP-0009251,2025-11-14,Best Case,Best Case
OPP-0009268,2025-10-31,Commit,Best Case
OPP-0009268,2025-11-07,Commit,Commit
OPP-0009268,2025-11-14,Commit,Commit
OPP-0009268,2025-11-21,Commit,Best Case
OPP-0009268,2025-11-28,Commit,Best Case
OPP-0009269,2025-10-31,Commit,Commit
OPP-0009269,2025-11-07,Commit,Commit
OPP-0009269,2025-11-14,Commit,Commit
OPP-0009269,2025-11-21,Commit,Commit
OPP-0009269,2025-11-28,Commit,Commit
OPP-0009270,2025-10-31,Commit,Commit
OPP-0009270,2025-11-07,Commit,Commit
OPP-0009270,2025-11-14,Commit,Commit
OPP-0009270,2025-11-21,Commit,Commit
OPP-0009270,2025-11-28,Commit,Commit
OPP-0009271,2025-10-31,Commit,Commit
OPP-0009271,2025-11-07,Commit,Commit
OPP-0009271,2025-11-14,Commit,Commit
OPP-0009271,2025-11-21,Commit,Commit
OPP-0009271,2025-11-28,Commit,Commit
OPP-0009279,2025-10-31,Commit,Commit
OPP-0009279,2025-11-07,Commit,Commit
OPP-0009279,2025-11-14,Commit,Commit
OPP-0009279,2025-11-21,Commit,Commit
OPP-0009279,2025-11-28,Commit,Commit
OPP-0009280,2025-10-31,Commit,Commit
OPP-0009280,2025-11-07,Commit,Commit
OPP-0009280,2025-11-14,Commit,Commit
OPP-0009280,2025-11-21,Commit,Commit
OPP-0009280,2025-11-28,Commit,Commit
OPP-0009281,2025-10-31,Commit,Commit
OPP-0009281,2025-11-07,Commit,Commit
OPP-0009281,2025-11-14,Commit,Commit
OPP-0009281,2025-11-21,Commit,Commit
OPP-0009281,2025-11-28,Commit,Commit
OPP-0009282,2025-10-31,Pipeline,Pipeline
OPP-0009282,2025-11-07,Pipeline,Pipeline
OPP-0009282,2025-11-14,Commit,Commit
OPP-0009283,2025-10-31,Commit,Commit
OPP-0009283,2025-11-07,Commit,Commit
OPP-0009283,2025-11-14,Commit,Commit
OPP-0009283,2025-11-21,Commit,Commit
OPP-0009283,2025-11-28,Commit,Commit
OPP-0009284,2025-10-31,Commit,Commit
OPP-0009284,2025-11-07,Commit,Commit
OPP-0009284,2025-11-14,Commit,Commit
OPP-0009284,2025-11-21,Commit,Commit
OPP-0009284,2025-11-28,Commit,Commit
OPP-0009285,2025-10-31,Commit,Commit
OPP-0009285,2025-11-07,Commit,Commit
OPP-0009285,2025-11-14,Commit,Commit
OPP-0009285,2025-11-21,Commit,Commit
OPP-0009285,2025-11-28,Commit,Commit
OPP-0009286,2025-10-31,Best Case,Best Case
OPP-0009286,2025-11-07,Pipeline,Best Case
OPP-0009286,2025-11-14,Best Case,Best Case
OPP-0009287,2025-10-31,Pipeline,Pipeline
OPP-0009287,2025-11-07,Pipeline,Pipeline
OPP-0009287,2025-11-14,Commit,Commit
OPP-0009288,2025-10-31,Commit,Commit
OPP-0009288,2025-11-07,Commit,Commit
OPP-0009288,2025-11-14,Commit,Commit
OPP-0009288,2025-11-21,Commit,Commit
OPP-0009288,2025-11-28,Commit,Commit
OPP-0009289,2025-10-31,Commit,Commit
OPP-0009289,2025-11-07,Commit,Commit
OPP-0009289,2025-11-14,Commit,Commit
OPP-0009289,2025-11-21,Commit,Commit
OPP-0009289,2025-11-28,Commit,Commit
OPP-0009290,2025-11-07,Commit,Commit
OPP-0009290,2025-11-14,Commit,Commit
OPP-0009290,2025-11-21,Commit,Commit
OPP-0009290,2025-11-28,Commit,Commit
OPP-0009291,2025-11-07,Commit,Commit
OPP-0009291,2025-11-14,Commit,Commit
OPP-0009291,2025-11-21,Commit,Commit
OPP-0009291,2025-11-28,Commit,Commit
OPP-0009292,2025-11-07,Pipeline,Pipeline
OPP-0009292,2025-11-14,Pipeline,Pipeline
OPP-0009292,2025-11-21,Pipeline,Pipeline
OPP-0009292,2025-11-28,Best Case,Best Case
OPP-0009293,2025-11-07,Pipeline,Omitted
OPP-0009293,2025-11-14,Best Case,Pipeline
OPP-0009294,2025-11-07,Pipeline,Pipeline
OPP-0009294,2025-11-14,Pipeline,Pipeline
OPP-0009294,2025-11-21,Best Case,Best Case
OPP-0009294,2025-11-28,Best Case,Best Case
OPP-0009294,2025-12-05,Best Case,Best Case
OPP-0009294,2025-12-12,Pipeline,Pipeline
OPP-0009295,2025-11-07,Best Case,Omitted
OPP-0009295,2025-11-14,Pipeline,Omitted
OPP-0009295,2025-11-21,Commit,Pipeline
OPP-0009304,2025-11-07,Commit,Commit
OPP-0009304,2025-11-14,Commit,Commit
OPP-0009304,2025-11-21,Commit,Commit
OPP-0009304,2025-11-28,Commit,Commit
OPP-0009305,2025-11-07,Commit,Commit
OPP-0009305,2025-11-14,Commit,Commit
OPP-0009305,2025-11-21,Commit,Commit
OPP-0009305,2025-11-28,Commit,Commit
OPP-0009306,2025-11-07,Pipeline,Pipeline
OPP-0009306,2025-11-14,Omitted,Pipeline
OPP-0009306,2025-11-21,Best Case,Best Case
OPP-0009306,2025-11-28,Best Case,Best Case
OPP-0009307,2025-11-07,Pipeline,Pipeline
OPP-0009307,2025-11-14,Commit,Commit
OPP-0009307,2025-11-21,Best Case,Best Case
OPP-0009307,2025-11-28,Best Case,Best Case
OPP-0009307,2025-12-05,Best Case,Best Case
OPP-0009307,2025-12-12,Commit,Commit
OPP-0009315,2025-11-07,Commit,Commit
OPP-0009315,2025-11-14,Commit,Commit
OPP-0009315,2025-11-21,Commit,Commit
OPP-0009315,2025-11-28,Commit,Commit
OPP-0009321,2025-11-07,Commit,Commit
OPP-0009321,2025-11-14,Commit,Commit
OPP-0009321,2025-11-21,Commit,Commit
OPP-0009321,2025-11-28,Commit,Commit
OPP-0009322,2025-11-07,Pipeline,Omitted
OPP-0009322,2025-11-14,Pipeline,Omitted
OPP-0009322,2025-11-21,Best Case,Pipeline
OPP-0009322,2025-11-28,Pipeline,Omitted
OPP-0009327,2025-11-07,Commit,Commit
OPP-0009327,2025-11-14,Commit,Commit
OPP-0009327,2025-11-21,Commit,Commit
OPP-0009327,2025-11-28,Commit,Commit
OPP-0009328,2025-11-07,Best Case,Pipeline
OPP-0009328,2025-11-14,Best Case,Best Case
OPP-0009328,2025-11-21,Best Case,Commit
OPP-0009328,2025-11-28,Commit,Commit
OPP-0009328,2025-12-05,Commit,Commit
OPP-0009329,2025-11-07,Pipeline,Pipeline
OPP-0009329,2025-11-14,Pipeline,Omitted
OPP-0009329,2025-11-21,Best Case,Best Case
OPP-0009329,2025-11-28,Pipeline,Pipeline
OPP-0009336,2025-11-07,Commit,Commit
OPP-0009336,2025-11-14,Commit,Commit
OPP-0009336,2025-11-21,Commit,Commit
OPP-0009336,2025-11-28,Commit,Commit
OPP-0009337,2025-11-07,Pipeline,Pipeline
OPP-0009337,2025-11-14,Pipeline,Pipeline
OPP-0009337,2025-11-21,Best Case,Best Case
OPP-0009337,2025-11-28,Commit,Commit
OPP-0009337,2025-12-05,Best Case,Best Case
OPP-0009338,2025-11-07,Omitted,Omitted
OPP-0009338,2025-11-14,Omitted,Omitted
OPP-0009338,2025-11-21,Pipeline,Omitted
OPP-0009346,2025-11-07,Commit,Commit
OPP-0009346,2025-11-14,Commit,Commit
OPP-0009346,2025-11-21,Commit,Commit
OPP-0009346,2025-11-28,Commit,Commit
OPP-0009347,2025-11-07,Commit,Commit
OPP-0009347,2025-11-14,Commit,Commit
OPP-0009347,2025-11-21,Commit,Commit
OPP-0009347,2025-11-28,Commit,Commit
OPP-0009348,2025-11-07,Commit,Commit
OPP-0009348,2025-11-14,Commit,Commit
OPP-0009348,2025-11-21,Commit,Commit
OPP-0009348,2025-11-28,Commit,Commit
OPP-0009349,2025-11-07,Commit,Commit
OPP-0009349,2025-11-14,Commit,Commit
OPP-0009349,2025-11-21,Commit,Commit
OPP-0009349,2025-11-28,Commit,Commit
OPP-0009350,2025-11-07,Pipeline,Omitted
OPP-0009350,2025-11-14,Best Case,Pipeline
OPP-0009350,2025-11-21,Commit,Pipeline
OPP-0009351,2025-11-07,Best Case,Best Case
OPP-0009351,2025-11-14,Pipeline,Pipeline
OPP-0009351,2025-11-21,Best Case,Best Case
OPP-0009351,2025-11-28,Best Case,Best Case
OPP-0009351,2025-12-05,Pipeline,Pipeline
OPP-0009351,2025-12-12,Best Case,Best Case
OPP-0009351,2025-12-19,Commit,Commit
OPP-0009361,2025-11-14,Commit,Commit
OPP-0009361,2025-11-21,Commit,Commit
OPP-0009361,2025-11-28,Commit,Commit
OPP-0009362,2025-11-14,Commit,Commit
OPP-0009362,2025-11-21,Commit,Commit
OPP-0009362,2025-11-28,Commit,Commit
OPP-0009363,2025-11-14,Commit,Commit
OPP-0009363,2025-11-21,Commit,Commit
OPP-0009363,2025-11-28,Commit,Commit
OPP-0009371,2025-11-14,Commit,Commit
OPP-0009371,2025-11-21,Commit,Commit
OPP-0009371,2025-11-28,Commit,Commit
OPP-0009381,2025-11-14,Pipeline,Pipeline
OPP-0009381,2025-11-21,Pipeline,Pipeline
OPP-0009381,2025-11-28,Pipeline,Pipeline
OPP-0009381,2025-12-05,Commit,Commit
OPP-0009391,2025-11-14,Commit,Commit
OPP-0009391,2025-11-21,Commit,Commit
OPP-0009391,2025-11-28,Commit,Commit
OPP-0009392,2025-11-14,Commit,Commit
OPP-0009392,2025-11-21,Commit,Commit
OPP-0009392,2025-11-28,Commit,Commit
OPP-0009393,2025-11-14,Pipeline,Pipeline
OPP-0009393,2025-11-21,Best Case,Best Case
OPP-0009393,2025-11-28,Best Case,Best Case
OPP-0009394,2025-11-14,Best Case,Best Case
OPP-0009394,2025-11-21,Best Case,Best Case
OPP-0009394,2025-11-28,Commit,Pipeline
OPP-0009398,2025-11-14,Commit,Commit
OPP-0009398,2025-11-21,Commit,Commit
OPP-0009398,2025-11-28,Commit,Commit
OPP-0009399,2025-11-14,Commit,Commit
OPP-0009399,2025-11-21,Commit,Commit
OPP-0009399,2025-11-28,Commit,Commit
OPP-0009408,2025-11-14,Commit,Commit
OPP-0009408,2025-11-21,Commit,Commit
OPP-0009408,2025-11-28,Commit,Commit
OPP-0009409,2025-11-14,Best Case,Best Case
OPP-0009409,2025-11-21,Best Case,Best Case
OPP-0009409,2025-11-28,Commit,Commit
OPP-0009409,2025-12-05,Commit,Commit
OPP-0009409,2025-12-12,Commit,Commit
OPP-0009415,2025-11-14,Commit,Commit
OPP-0009415,2025-11-21,Commit,Commit
OPP-0009415,2025-11-28,Commit,Commit
OPP-0009416,2025-11-14,Commit,Commit
OPP-0009416,2025-11-21,Commit,Commit
OPP-0009416,2025-11-28,Commit,Commit
OPP-0009417,2025-11-14,Commit,Commit
OPP-0009417,2025-11-21,Commit,Commit
OPP-0009417,2025-11-28,Commit,Commit
OPP-0009418,2025-11-14,Pipeline,Omitted
OPP-0009418,2025-11-21,Pipeline,Omitted
OPP-0009418,2025-11-28,Pipeline,Pipeline
OPP-0009418,2025-12-05,Pipeline,Pipeline
OPP-0009418,2025-12-12,Best Case,Best Case
OPP-0009419,2025-11-14,Omitted,Omitted
OPP-0009419,2025-11-21,Pipeline,Pipeline
OPP-0009419,2025-11-28,Omitted,Pipeline
OPP-0009419,2025-12-05,Omitted,Pipeline
OPP-0009419,2025-12-12,Pipeline,Best Case
OPP-0009420,2025-11-14,Pipeline,Pipeline
OPP-0009420,2025-11-21,Pipeline,Pipeline
OPP-0009420,2025-11-28,Best Case,Best Case
OPP-0009420,2025-12-05,Pipeline,Pipeline
OPP-0009421,2025-11-14,Pipeline,Omitted
OPP-0009421,2025-11-21,Best Case,Pipeline
OPP-0009421,2025-11-28,Pipeline,Pipeline
OPP-0009421,2025-12-05,Pipeline,Pipeline
OPP-0009429,2025-11-21,Commit,Commit
OPP-0009429,2025-11-28,Commit,Commit
OPP-0009430,2025-11-21,Pipeline,Pipeline
OPP-0009430,2025-11-28,Best Case,Best Case
OPP-0009431,2025-11-21,Omitted,Pipeline
OPP-0009431,2025-11-28,Best Case,Best Case
OPP-0009431,2025-12-05,Pipeline,Pipeline
OPP-0009431,2025-12-12,Commit,Best Case
OPP-0009432,2025-11-21,Pipeline,Pipeline
OPP-0009432,2025-11-28,Pipeline,Pipeline
OPP-0009432,2025-12-05,Best Case,Pipeline
OPP-0009432,2025-12-12,Best Case,Best Case
OPP-0009432,2025-12-19,Best Case,Best Case
OPP-0009439,2025-11-21,Commit,Commit
OPP-0009439,2025-11-28,Commit,Commit
OPP-0009440,2025-11-21,Pipeline,Omitted
OPP-0009440,2025-11-28,Pipeline,Pipeline
OPP-0009440,2025-12-05,Pipeline,Pipeline
OPP-0009452,2025-11-21,Commit,Commit
OPP-0009452,2025-11-28,Commit,Commit
OPP-0009465,2025-11-21,Pipeline,Pipeline
OPP-0009465,2025-11-28,Pipeline,Pipeline
OPP-0009465,2025-12-05,Pipeline,Best Case
OPP-0009465,2025-12-12,Best Case,Best Case
OPP-0009466,2025-11-21,Pipeline,Pipeline
OPP-0009466,2025-11-28,Commit,Commit
OPP-0009466,2025-12-05,Best Case,Commit
OPP-0009487,2025-11-28,Best Case,Best Case
OPP-0009487,2025-12-05,Best Case,Pipeline
OPP-0009487,2025-12-12,Commit,Commit
OPP-0009487,2025-12-19,Commit,Commit
OPP-0009505,2025-11-28,Best Case,Best Case
OPP-0009505,2025-12-05,Best Case,Best Case
OPP-0009506,2025-11-28,Pipeline,Pipeline
OPP-0009506,2025-12-05,Best Case,Best Case
OPP-0009506,2025-12-12,Best Case,Best Case
OPP-0009506,2025-12-19,Best Case,Best Case
OPP-0009507,2025-11-28,Best Case,Best Case
OPP-0009507,2025-12-05,Best Case,Best Case
OPP-0009507,2025-12-12,Best Case,Best Case
OPP-0009519,2025-11-28,Pipeline,Pipeline
OPP-0009519,2025-12-05,Best Case,Best Case
OPP-0009519,2025-12-12,Best Case,Best Case
OPP-0009519,2025-12-19,Best Case,Best Case
OPP-0009520,2025-11-28,Omitted,Omitted
OPP-0009520,2025-12-05,Pipeline,Omitted
OPP-0009539,2025-11-28,Pipeline,Pipeline
OPP-0009539,2025-12-05,Commit,Commit
OPP-0009542,2025-12-05,Best Case,Best Case
OPP-0009542,2025-12-12,Commit,Commit
OPP-0009542,2025-12-19,Best Case,Pipeline
OPP-0009577,2025-12-05,Pipeline,Omitted
OPP-0009577,2025-12-12,Commit,Commit
OPP-0009577,2025-12-19,Commit,Commit
OPP-0009627,2025-12-12,Pipeline,Pipeline
OPP-0009627,2025-12-19,Best Case,Pipeline
OPP-0009627,2025-12-26,Best Case,Best Case
OPP-0009664,2025-12-19,Best Case,Best Case
OPP-0009664,2025-12-26,Best Case,Best Case
