opportunity_id,stage,entered_date
OPP-0000000,SAL,2019-12-04
OPP-0000000,SQO,2019-12-22
OPP-0000000,Proposal/Negotiation,2020-01-02
OPP-0000000,Closed Won,2020-01-13
OPP-0000001,SAL,2019-12-27
OPP-0000001,SQO,2019-12-28
OPP-0000001,Proposal/Negotiation,2020-01-29
OPP-0000001,Closed Won,2020-01-30
OPP-0000015,SAL,2020-01-21
OPP-0000015,SQO,2020-03-02
OPP-0000015,POC,2020-04-09
OPP-0000015,Proposal/Negotiation,2020-07-05
OPP-0000015,Closed Won,2020-07-08
OPP-0000040,SAL,2020-01-31
OPP-0000040,SQO,2020-02-03
OPP-0000040,Proposal/Negotiation,2020-02-05
OPP-0000040,Closed Won,2020-02-12
OPP-0000092,SAL,2020-03-22
OPP-0000092,SQO,2020-04-16
OPP-0000092,Proposal/Negotiation,2020-04-16
OPP-0000092,Closed Won,2020-04-17
OPP-0000130,SAL,2020-04-24
OPP-0000130,SQO,2020-04-24
OPP-0000130,Proposal/Negotiation,2020-05-06
OPP-0000130,Closed Won,2020-06-02
OPP-0000142,SAL,2020-05-15
OPP-0000142,SQO,2020-05-20
OPP-0000142,Proposal/Negotiation,2020-05-29
OPP-0000142,Closed Won,2020-05-29
OPP-0000167,SAL,2020-05-20
OPP-0000167,SQO,2020-06-03
OPP-0000167,POC,2020-08-01
OPP-0000167,Proposal/Negotiation,2020-08-02
OPP-0000167,Closed Won,2020-09-19
OPP-0000178,SAL,2020-06-28
OPP-0000178,SQO,2020-07-04
OPP-0000178,Proposal/Negotiation,2020-07-04
OPP-0000178,Closed Won,2020-07-12
OPP-0000181,SAL,2020-06-09
OPP-0000181,SQO,2020-09-02
OPP-0000181,POC,2020-10-23
OPP-0000181,Proposal/Negotiation,2020-10-26
OPP-0000181,Closed Won,2020-11-16
OPP-0000205,Open,2020-06-22
OPP-0000205,Negotiation,2020-06-23
OPP-0000205,Closed Won,2020-07-01
OPP-0000222,SAL,2020-06-27
OPP-0000222,SQO,2020-07-06
OPP-0000222,Proposal/Negotiation,2020-07-11
OPP-0000222,Closed Won,2020-07-14
OPP-0000226,SAL,2020-07-04
OPP-0000226,SQO,2020-07-19
OPP-0000226,Proposal/Negotiation,2020-07-26
OPP-0000226,Closed Won,2020-07-29
OPP-0000230,SAL,2020-07-09
OPP-0000230,SQO,2020-07-19
OPP-0000230,Proposal/Negotiation,2020-07-29
OPP-0000230,Closed Won,2020-08-11
OPP-0000236,SAL,2020-07-05
OPP-0000236,SQO,2020-07-06
OPP-0000236,Proposal/Negotiation,2020-07-24
OPP-0000236,Closed Won,2020-07-31
OPP-0000257,SAL,2020-08-11
OPP-0000257,SQO,2020-08-17
OPP-0000257,POC,2020-10-18
OPP-0000257,Proposal/Negotiation,2020-10-29
OPP-0000257,Closed Won,2020-12-03
OPP-0000258,SAL,2020-07-27
OPP-0000258,SQO,2020-07-29
OPP-0000258,Proposal/Negotiation,2020-08-09
OPP-0000258,Closed Won,2020-08-10
OPP-0000271,SAL,2020-08-14
OPP-0000271,SQO,2020-09-03
OPP-0000271,Proposal/Negotiation,2020-09-11
OPP-0000271,Closed Won,2020-09-15
OPP-0000278,SAL,2020-08-17
OPP-0000278,SQO,2020-08-22
OPP-0000278,POC,2020-09-17
OPP-0000278,Proposal/Negotiation,2020-10-19
OPP-0000278,Closed Won,2020-10-23
OPP-0000282,Open,2020-08-24
OPP-0000282,Negotiation,2020-08-28
OPP-0000282,Closed Won,2020-09-01
OPP-0000290,Open,2020-09-01
OPP-0000290,Negotiation,2020-09-10
OPP-0000290,Closed Won,2020-10-01
OPP-0000296,SAL,2020-09-19
OPP-0000296,SQO,2020-10-16
OPP-0000296,POC,2020-11-11
OPP-0000296,Proposal/Negotiation,2020-11-24
OPP-0000296,Closed Won,2020-12-28
OPP-0000297,SAL,2020-09-06
OPP-0000297,SQO,2020-09-07
OPP-0000297,Proposal/Negotiation,2020-09-11
OPP-0000297,Closed Won,2020-10-05
OPP-0000298,Open,2020-09-02
OPP-0000298,Negotiation,2020-09-26
OPP-0000298,Closed Won,2020-10-01
OPP-0000314,Open,2020-09-19
OPP-0000314,Negotiation,2020-09-21
OPP-0000314,Closed Won,2020-10-01
OPP-0000324,SAL,2020-09-21
OPP-0000324,SQO,2020-10-05
OPP-0000324,Proposal/Negotiation,2020-10-10
OPP-0000324,Closed Won,2020-10-25
OPP-0000327,Open,2020-09-26
OPP-0000327,Negotiation,2020-09-29
OPP-0000327,Closed Won,2020-10-01
OPP-0000339,SAL,2020-09-24
OPP-0000339,SQO,2020-10-04
OPP-0000339,Proposal/Negotiation,2020-10-25
OPP-0000339,Closed Won,2020-10-30
OPP-0000345,SAL,2020-10-09
OPP-0000345,SQO,2020-10-17
OPP-0000345,Proposal/Negotiation,2020-10-18
OPP-0000345,Closed Won,2020-10-19
OPP-0000347,SAL,2020-10-03
OPP-0000347,SQO,2020-10-08
OPP-0000347,Proposal/Negotiation,2020-10-24
OPP-0000347,Closed Won,2020-10-27
OPP-0000349,SAL,2020-10-28
OPP-0000349,SQO,2020-10-29
OPP-0000349,POC,2020-12-19
OPP-0000349,Proposal/Negotiation,2021-02-26
OPP-0000349,Closed Won,2021-03-20
OPP-0000362,SAL,2020-11-24
OPP-0000362,SQO,2020-12-08
OPP-0000362,POC,2021-01-30
OPP-0000362,Proposal/Negotiation,2021-03-10
OPP-0000362,Closed Won,2021-03-14
OPP-0000382,SAL,2020-10-29
OPP-0000382,SQO,2020-11-10
OPP-0000382,Proposal/Negotiation,2020-11-11
OPP-0000382,Closed Won,2020-11-19
OPP-0000397,SAL,2020-11-12
OPP-0000397,SQO,2020-11-29
OPP-0000397,Proposal/Negotiation,2020-12-02
OPP-0000397,Closed Won,2020-12-20
OPP-0000403,Open,2021-01-01
OPP-0000403,Negotiation,2021-01-16
OPP-0000403,Closed Won,2021-01-30
OPP-0000423,Open,2021-01-05
OPP-0000423,Negotiation,2021-01-10
OPP-0000423,Closed Won,2021-01-13
OPP-0000429,SAL,2020-12-05
OPP-0000429,SQO,2020-12-20
OPP-0000429,Proposal/Negotiation,2020-12-28
OPP-0000429,Closed Won,2021-01-13
OPP-0000434,SAL,2020-12-15
OPP-0000434,SQO,2020-12-19
OPP-0000434,Proposal/Negotiation,2020-12-20
OPP-0000434,Closed Won,2020-12-30
OPP-0000438,SAL,2020-12-13
OPP-0000438,SQO,2020-12-15
OPP-0000438,Proposal/Negotiation,2020-12-20
OPP-0000438,Closed Won,2020-12-29
OPP-0000441,SAL,2020-12-20
OPP-0000441,SQO,2020-12-31
OPP-0000441,Proposal/Negotiation,2021-01-03
OPP-0000441,Closed Won,2021-01-04
OPP-0000446,SAL,2020-12-22
OPP-0000446,SQO,2020-12-27
OPP-0000446,Proposal/Negotiation,2021-01-12
OPP-0000446,Closed Won,2021-01-30
OPP-0000451,SAL,2021-01-02
OPP-0000451,SQO,2021-01-15
OPP-0000451,POC,2021-03-11
OPP-0000451,Proposal/Negotiation,2021-03-13
OPP-0000451,Closed Won,2021-03-21
OPP-0000466,SAL,2021-01-09
OPP-0000466,SQO,2021-02-12
OPP-0000466,POC,2021-03-01
OPP-0000466,Proposal/Negotiation,2021-03-12
OPP-0000466,Closed Won,2021-03-12
OPP-0000468,Open,2021-01-31
OPP-0000468,Negotiation,2021-02-01
OPP-0000468,Closed Won,2021-02-12
OPP-0000471,SAL,2021-01-12
OPP-0000471,SQO,2021-01-17
OPP-0000471,Proposal/Negotiation,2021-01-31
OPP-0000471,Closed Won,2021-02-03
OPP-0000475,SAL,2021-02-10
OPP-0000475,SQO,2021-05-05
OPP-0000475,POC,2021-05-15
OPP-0000475,Proposal/Negotiation,2021-05-22
OPP-0000475,Closed Won,2021-06-03
OPP-0000491,SAL,2021-01-28
OPP-0000491,SQO,2021-02-15
OPP-0000491,Proposal/Negotiation,2021-02-21
OPP-0000491,Closed Won,2021-02-21
OPP-0000498,Open,2021-03-23
OPP-0000498,Negotiation,2021-03-25
OPP-0000498,Closed Won,2021-04-17
OPP-0000509,SAL,2021-02-18
OPP-0000509,SQO,2021-02-27
OPP-0000509,POC,2021-03-26
OPP-0000509,Proposal/Negotiation,2021-05-29
OPP-0000509,Closed Won,2021-06-06
OPP-0000524,SAL,2021-03-12
OPP-0000524,SQO,2021-04-05
OPP-0000524,Proposal/Negotiation,2021-04-05
OPP-0000524,Closed Won,2021-04-14
OPP-0000533,SAL,2021-03-09
OPP-0000533,SQO,2021-03-09
OPP-0000533,Proposal/Negotiation,2021-03-22
OPP-0000533,Closed Won,2021-03-25
OPP-0000549,Open,2021-04-20
OPP-0000549,Negotiation,2021-04-28
OPP-0000549,Closed Won,2021-05-29
OPP-0000552,Open,2021-03-29
OPP-0000552,Negotiation,2021-04-09
OPP-0000552,Closed Won,2021-05-01
OPP-0000564,SAL,2021-04-02
OPP-0000564,SQO,2021-04-03
OPP-0000564,Proposal/Negotiation,2021-04-06
OPP-0000564,Closed Won,2021-04-12
OPP-0000573,Open,2021-04-12
OPP-0000573,Negotiation,2021-04-21
OPP-0000573,Closed Won,2021-05-01
OPP-0000574,SAL,2021-04-30
OPP-0000574,SQO,2021-05-01
OPP-0000574,Proposal/Negotiation,2021-05-05
OPP-0000574,Closed Won,2021-05-10
OPP-0000591,Open,2021-04-16
OPP-0000591,Negotiation,2021-04-29
OPP-0000591,Closed Won,2021-05-01
OPP-0000595,Open,2021-05-05
OPP-0000595,Negotiation,2021-05-27
OPP-0000595,Closed Lost,2021-06-02
OPP-0000604,Open,2021-05-07
OPP-0000604,Negotiation,2021-05-15
OPP-0000604,Closed Won,2021-07-14
OPP-0000611,SAL,2021-05-08
OPP-0000611,SQO,2021-05-13
OPP-0000611,POC,2021-07-26
OPP-0000611,Proposal/Negotiation,2021-08-10
OPP-0000611,Closed Won,2021-09-07
OPP-0000612,SAL,2021-05-01
OPP-0000612,SQO,2021-05-02
OPP-0000612,Proposal/Negotiation,2021-05-04
OPP-0000612,Closed Won,2021-06-04
OPP-0000626,Open,2021-06-15
OPP-0000626,Negotiation,2021-07-12
OPP-0000626,Closed Won,2021-07-31
OPP-0000629,SAL,2021-05-08
OPP-0000629,SQO,2021-05-10
OPP-0000629,Proposal/Negotiation,2021-05-14
OPP-0000629,Closed Won,2021-05-28
OPP-0000645,Open,2021-06-06
OPP-0000645,Negotiation,2021-06-08
OPP-0000645,Closed Won,2021-07-01
OPP-0000651,SAL,2021-05-26
OPP-0000651,SQO,2021-06-13
OPP-0000651,Proposal/Negotiation,2021-06-15
OPP-0000651,Closed Won,2021-07-03
OPP-0000653,Open,2021-05-28
OPP-0000653,Negotiation,2021-06-16
OPP-0000653,Closed Won,2021-07-01
OPP-0000664,Open,2021-06-01
OPP-0000664,Negotiation,2021-06-06
OPP-0000664,Closed Lost,2021-07-29
OPP-0000672,Open,2021-06-23
OPP-0000672,Negotiation,2021-06-29
OPP-0000672,Closed Won,2021-07-01
OPP-0000675,Open,2021-06-12
OPP-0000675,Negotiation,2021-07-06
OPP-0000675,Closed Lost,2021-07-12
OPP-0000678,Open,2021-06-21
OPP-0000678,Negotiation,2021-06-23
OPP-0000678,Closed Won,2021-07-01
OPP-0000684,Open,2021-07-28
OPP-0000684,Negotiation,2021-07-28
OPP-0000684,Closed Won,2021-08-01
OPP-0000687,Open,2021-07-26
OPP-0000687,Negotiation,2021-08-01
OPP-0000687,Closed Won,2021-08-01
OPP-0000689,Open,2021-07-06
OPP-0000689,Negotiation,2021-07-15
OPP-0000689,Closed Won,2021-08-01
OPP-0000695,SAL,2021-07-03
OPP-0000695,SQO,2021-07-12
OPP-0000695,Proposal/Negotiation,2021-07-16
OPP-0000695,Closed Won,2021-07-24
OPP-0000697,SAL,2021-07-02
OPP-0000697,SQO,2021-07-22
OPP-0000697,Proposal/Negotiation,2021-07-28
OPP-0000697,Closed Won,2021-08-10
OPP-0000701,Open,2021-08-15
OPP-0000701,Negotiation,2021-09-06
OPP-0000701,Closed Won,2021-09-15
OPP-0000703,Open,2021-07-05
OPP-0000703,Negotiation,2021-07-14
OPP-0000703,Closed Won,2021-08-01
OPP-0000704,SAL,2021-07-11
OPP-0000704,SQO,2021-07-18
OPP-0000704,Proposal/Negotiation,2021-07-20
OPP-0000704,Closed Won,2021-07-31
OPP-0000706,Open,2021-07-27
OPP-0000706,Negotiation,2021-08-19
OPP-0000706,Closed Won,2021-09-01
OPP-0000707,SAL,2021-07-09
OPP-0000707,SQO,2021-08-06
OPP-0000707,SAL,2021-08-09
OPP-0000707,Proposal/Negotiation,2021-08-13
OPP-0000707,Closed Won,2021-08-18
OPP-0000713,SAL,2021-08-13
OPP-0000713,SQO,2021-08-14
OPP-0000713,POC,2021-08-31
OPP-0000713,Proposal/Negotiation,2021-09-08
OPP-0000713,Closed Won,2021-09-20
OPP-0000723,SAL,2021-07-27
OPP-0000723,SQO,2021-08-04
OPP-0000723,Proposal/Negotiation,2021-08-09
OPP-0000723,Closed Won,2021-08-13
OPP-0000731,SAL,2021-08-02
OPP-0000731,SQO,2021-08-15
OPP-0000731,Proposal/Negotiation,2021-08-29
OPP-0000731,Closed Won,2021-09-09
OPP-0000739,Open,2021-08-03
OPP-0000739,Negotiation,2021-09-21
OPP-0000739,Closed Won,2021-10-01
OPP-0000743,Open,2021-09-01
OPP-0000743,Negotiation,2021-09-21
OPP-0000743,Closed Lost,2021-10-01
OPP-0000745,Open,2021-09-01
OPP-0000745,Negotiation,2021-09-23
OPP-0000745,Closed Won,2021-10-27
OPP-0000749,Open,2021-08-25
OPP-0000749,Negotiation,2021-08-26
OPP-0000749,Closed Won,2021-09-01
OPP-0000754,SAL,2021-08-13
OPP-0000754,SQO,2021-08-24
OPP-0000754,Proposal/Negotiation,2021-08-27
OPP-0000754,Closed Won,2021-09-06
OPP-0000756,Open,2021-08-24
OPP-0000756,Negotiation,2021-09-18
OPP-0000756,Closed Won,2021-10-01
OPP-0000760,Open,2021-08-31
OPP-0000760,Negotiation,2021-09-17
OPP-0000760,Closed Won,2021-10-01
OPP-0000764,Open,2021-09-01
OPP-0000764,Negotiation,2021-09-06
OPP-0000764,Closed Won,2021-10-05
OPP-0000770,SAL,2021-08-24
OPP-0000770,SQO,2021-08-30
OPP-0000770,Proposal/Negotiation,2021-09-03
OPP-0000770,Closed Won,2021-09-07
OPP-0000783,Open,2021-09-09
OPP-0000783,Negotiation,2021-09-20
OPP-0000783,Closed Won,2021-10-01
OPP-0000784,Open,2021-09-04
OPP-0000784,Negotiation,2021-10-11
OPP-0000784,Closed Won,2021-10-25
OPP-0000790,SAL,2021-09-24
OPP-0000790,SQO,2021-10-05
OPP-0000790,POC,2021-12-23
OPP-0000790,Proposal/Negotiation,2022-01-30
OPP-0000790,Closed Won,2022-02-04
OPP-0000797,Open,2021-09-19
OPP-0000797,Negotiation,2021-10-16
OPP-0000797,Closed Lost,2021-11-19
OPP-0000801,Open,2021-09-16
OPP-0000801,Negotiation,2021-10-15
OPP-0000801,Closed Lost,2021-10-30
OPP-0000804,Open,2021-10-15
OPP-0000804,Negotiation,2021-10-30
OPP-0000804,Closed Won,2021-11-01
OPP-0000815,SAL,2021-09-27
OPP-0000815,SQO,2021-10-19
OPP-0000815,Proposal/Negotiation,2021-11-04
OPP-0000815,Closed Won,2021-11-05
OPP-0000832,Open,2021-10-14
OPP-0000832,Negotiation,2021-12-16
OPP-0000832,Closed Won,2021-12-30
OPP-0000833,SAL,2021-10-07
OPP-0000833,SQO,2021-11-02
OPP-0000833,Proposal/Negotiation,2021-11-04
OPP-0000833,Closed Won,2021-11-15
OPP-0000835,SAL,2021-10-09
OPP-0000835,SQO,2021-10-20
OPP-0000835,Proposal/Negotiation,2021-10-26
OPP-0000835,Closed Won,2021-11-04
OPP-0000856,SAL,2021-10-29
OPP-0000856,SQO,2021-11-02
OPP-0000856,Proposal/Negotiation,2021-11-16
OPP-0000856,Closed Won,2021-11-17
OPP-0000860,Open,2021-11-12
OPP-0000860,Negotiation,2021-12-16
OPP-0000860,Closed Won,2021-12-29
OPP-0000868,Open,2021-11-20
OPP-0000868,Negotiation,2021-11-25
OPP-0000868,Closed Won,2022-01-04
OPP-0000878,SAL,2021-11-10
OPP-0000878,SQO,2021-11-14
OPP-0000878,POC,2021-12-24
OPP-0000878,Proposal/Negotiation,2022-01-10
OPP-0000878,Closed Won,2022-02-28
OPP-0000879,SAL,2021-11-03
OPP-0000879,SQO,2021-11-16
OPP-0000879,SAL,2021-11-23
OPP-0000879,Proposal/Negotiation,2021-11-25
OPP-0000879,Closed Won,2021-12-13
OPP-0000883,SAL,2021-11-20
OPP-0000883,SQO,2021-12-06
OPP-0000883,Proposal/Negotiation,2021-12-10
OPP-0000883,Closed Won,2021-12-11
OPP-0000890,Open,2021-11-12
OPP-0000890,Negotiation,2021-12-09
OPP-0000890,Closed Lost,2022-01-30
OPP-0000892,Open,2021-11-20
OPP-0000892,Negotiation,2021-11-28
OPP-0000892,Closed Won,2021-12-01
OPP-0000896,Open,2021-11-18
OPP-0000896,Negotiation,2021-11-24
OPP-0000896,Closed Won,2021-12-01
OPP-0000897,Open,2021-12-09
OPP-0000897,Negotiation,2021-12-14
OPP-0000897,Closed Won,2021-12-20
OPP-0000905,Open,2021-12-21
OPP-0000905,Negotiation,2022-01-31
OPP-0000905,Closed Won,2022-02-03
OPP-0000912,Open,2021-12-04
OPP-0000912,Negotiation,2021-12-13
OPP-0000912,Closed Won,2022-01-01
OPP-0000913,Open,2021-12-06
OPP-0000913,Negotiation,2021-12-19
OPP-0000913,Closed Won,2022-01-30
OPP-0000917,Open,2021-12-05
OPP-0000917,Negotiation,2021-12-24
OPP-0000917,Closed Won,2022-01-01
OPP-0000925,Open,2021-12-20
OPP-0000925,Negotiation,2022-01-06
OPP-0000925,Closed Won,2022-01-13
OPP-0000928,Open,2021-12-15
OPP-0000928,Negotiation,2021-12-27
OPP-0000928,Closed Won,2022-01-01
OPP-0000929,Open,2021-12-20
OPP-0000929,Negotiation,2021-12-28
OPP-0000929,Closed Won,2022-01-13
OPP-0000930,Open,2021-12-11
OPP-0000930,Negotiation,2021-12-19
OPP-0000930,Closed Won,2022-01-01
OPP-0000938,SAL,2021-12-23
OPP-0000938,SQO,2021-12-24
OPP-0000938,POC,2022-02-27
OPP-0000938,Proposal/Negotiation,2022-03-12
OPP-0000938,Closed Won,2022-05-12
OPP-0000939,SAL,2021-12-19
OPP-0000939,SQO,2021-12-26
OPP-0000939,Proposal/Negotiation,2021-12-27
OPP-0000939,Closed Won,2022-01-23
OPP-0000955,Open,2021-12-29
OPP-0000955,Negotiation,2022-01-25
OPP-0000955,Closed Won,2022-02-01
OPP-0000957,Open,2021-12-30
OPP-0000957,Negotiation,2022-02-07
OPP-0000957,Closed Won,2022-02-21
OPP-0000959,Open,2022-01-17
OPP-0000959,Negotiation,2022-01-30
OPP-0000959,Closed Lost,2022-02-12
OPP-0000960,SAL,2022-01-09
OPP-0000960,SQO,2022-01-17
OPP-0000960,Proposal/Negotiation,2022-01-21
OPP-0000960,Closed Won,2022-01-22
OPP-0000970,Open,2022-03-31
OPP-0000970,Negotiation,2022-03-31
OPP-0000970,Closed Won,2022-04-12
OPP-0000972,SAL,2022-02-11
OPP-0000972,SQO,2022-02-24
OPP-0000972,POC,2022-04-09
OPP-0000972,Proposal/Negotiation,2022-04-17
OPP-0000972,Closed Won,2022-06-08
OPP-0000978,Open,2022-01-24
OPP-0000978,Negotiation,2022-01-26
OPP-0000978,Closed Won,2022-03-01
OPP-0000985,Open,2022-02-23
OPP-0000985,Negotiation,2022-03-13
OPP-0000985,Closed Won,2022-03-25
OPP-0000988,SAL,2022-02-03
OPP-0000988,SQO,2022-02-09
OPP-0000988,SAL,2022-02-19
OPP-0000988,Proposal/Negotiation,2022-03-04
OPP-0000988,Closed Won,2022-03-13
OPP-0000991,Open,2022-02-06
OPP-0000991,Negotiation,2022-02-09
OPP-0000991,Closed Won,2022-03-01
OPP-0000997,Open,2022-02-15
OPP-0000997,Negotiation,2022-02-15
OPP-0000997,Closed Won,2022-04-14
OPP-0001007,Open,2022-04-14
OPP-0001007,Negotiation,2022-06-09
OPP-0001007,Closed Won,2022-07-08
OPP-0001011,Open,2022-02-24
OPP-0001011,Negotiation,2022-02-27
OPP-0001011,Closed Won,2022-03-01
OPP-0001013,SAL,2022-02-15
OPP-0001013,SQO,2022-03-11
OPP-0001013,Proposal/Negotiation,2022-03-11
OPP-0001013,Closed Won,2022-03-29
OPP-0001016,SAL,2022-02-19
OPP-0001016,SQO,2022-02-22
OPP-0001016,POC,2022-04-01
OPP-0001016,Proposal/Negotiation,2022-04-20
OPP-0001016,Closed Won,2022-06-10
OPP-0001025,Open,2022-02-27
OPP-0001025,Negotiation,2022-04-13
OPP-0001025,Closed Won,2022-05-01
OPP-0001036,Open,2022-03-04
OPP-0001036,Negotiation,2022-03-15
OPP-0001036,Closed Won,2022-05-01
OPP-0001038,SAL,2022-03-02
OPP-0001038,SQO,2022-03-09
OPP-0001038,Proposal/Negotiation,2022-03-12
OPP-0001038,Closed Won,2022-03-27
OPP-0001041,Open,2022-03-05
OPP-0001041,Negotiation,2022-03-05
OPP-0001041,Closed Won,2022-04-01
OPP-0001049,SAL,2022-03-11
OPP-0001049,SQO,2022-04-20
OPP-0001049,POC,2022-07-23
OPP-0001049,Proposal/Negotiation,2022-08-07
OPP-0001049,Closed Won,2022-08-19
OPP-0001053,Open,2022-03-27
OPP-0001053,Negotiation,2022-03-28
OPP-0001053,Closed Won,2022-04-17
OPP-0001075,Open,2022-04-16
OPP-0001075,Negotiation,2022-04-21
OPP-0001075,Closed Won,2022-05-01
OPP-0001076,SAL,2022-03-28
OPP-0001076,SQO,2022-04-10
OPP-0001076,Proposal/Negotiation,2022-04-14
OPP-0001076,Closed Won,2022-04-22
OPP-0001079,Open,2022-04-16
OPP-0001079,Negotiation,2022-05-06
OPP-0001079,Closed Won,2022-05-28
OPP-0001083,Open,2022-04-16
OPP-0001083,Negotiation,2022-05-08
OPP-0001083,Closed Won,2022-05-10
OPP-0001087,Open,2022-04-20
OPP-0001087,Negotiation,2022-04-21
OPP-0001087,Closed Won,2022-05-01
OPP-0001101,SAL,2022-05-12
OPP-0001101,SQO,2022-07-08
OPP-0001101,POC,2022-08-21
OPP-0001101,Proposal/Negotiation,2022-09-12
OPP-0001101,Closed Won,2022-09-17
OPP-0001108,Open,2022-04-21
OPP-0001108,Negotiation,2022-05-08
OPP-0001108,Closed Won,2022-06-04
OPP-0001109,SAL,2022-04-19
OPP-0001109,SQO,2022-05-24
OPP-0001109,POC,2022-07-06
OPP-0001109,Proposal/Negotiation,2022-07-09
OPP-0001109,Closed Won,2022-07-14
OPP-0001115,Open,2022-05-26
OPP-0001115,Negotiation,2022-06-05
OPP-0001115,Closed Won,2022-07-01
OPP-0001117,Open,2022-04-26
OPP-0001117,Negotiation,2022-05-18
OPP-0001117,Closed Won,2022-05-29
OPP-0001120,Open,2022-04-27
OPP-0001120,Negotiation,2022-04-29
OPP-0001120,Closed Won,2022-05-01
OPP-0001128,Open,2022-05-20
OPP-0001128,Negotiation,2022-06-13
OPP-0001128,Closed Won,2022-07-01
OPP-0001130,Open,2022-06-07
OPP-0001130,Negotiation,2022-06-17
OPP-0001130,Closed Won,2022-07-03
OPP-0001133,Open,2022-05-15
OPP-0001133,Negotiation,2022-05-23
OPP-0001133,Closed Won,2022-06-01
OPP-0001134,Open,2022-04-27
OPP-0001134,Negotiation,2022-05-07
OPP-0001134,Closed Won,2022-06-01
OPP-0001135,Open,2022-05-27
OPP-0001135,Negotiation,2022-06-13
OPP-0001135,Closed Lost,2022-07-24
OPP-0001146,Open,2022-06-07
OPP-0001146,Negotiation,2022-06-15
OPP-0001146,Closed Won,2022-07-14
OPP-0001147,SAL,2022-05-05
OPP-0001147,SQO,2022-06-03
OPP-0001147,Proposal/Negotiation,2022-06-14
OPP-0001147,Closed Won,2022-06-18
OPP-0001150,Open,2022-05-14
OPP-0001150,Negotiation,2022-07-30
OPP-0001150,Closed Won,2022-08-01
OPP-0001154,Open,2022-05-14
OPP-0001154,Negotiation,2022-05-26
OPP-0001154,Closed Won,2022-06-01
OPP-0001155,SAL,2022-05-14
OPP-0001155,SQO,2022-06-11
OPP-0001155,Proposal/Negotiation,2022-06-13
OPP-0001155,Closed Won,2022-06-23
OPP-0001158,SAL,2022-05-19
OPP-0001158,SQO,2022-07-05
OPP-0001158,POC,2022-08-23
OPP-0001158,Proposal/Negotiation,2022-09-12
OPP-0001158,Closed Won,2022-09-21
OPP-0001160,Open,2022-05-19
OPP-0001160,Negotiation,2022-05-27
OPP-0001160,Closed Won,2022-06-01
OPP-0001161,Open,2022-07-20
OPP-0001161,Negotiation,2022-07-25
OPP-0001161,Closed Lost,2022-08-01
OPP-0001171,Open,2022-06-01
OPP-0001171,Negotiation,2022-06-21
OPP-0001171,Closed Won,2022-08-10
OPP-0001174,Open,2022-06-13
OPP-0001174,Negotiation,2022-07-04
OPP-0001174,Closed Won,2022-08-01
OPP-0001180,Open,2022-06-02
OPP-0001180,Negotiation,2022-06-22
OPP-0001180,Closed Won,2022-07-01
OPP-0001182,SAL,2022-05-30
OPP-0001182,SQO,2022-06-07
OPP-0001182,Proposal/Negotiation,2022-06-10
OPP-0001182,Closed Won,2022-06-16
OPP-0001184,Open,2022-05-31
OPP-0001184,Negotiation,2022-06-07
OPP-0001184,Closed Won,2022-07-01
OPP-0001188,Open,2022-06-09
OPP-0001188,Negotiation,2022-06-25
OPP-0001188,Closed Won,2022-07-01
OPP-0001189,Open,2022-06-07
OPP-0001189,Negotiation,2022-07-26
OPP-0001189,Closed Won,2022-07-31
OPP-0001196,Open,2022-06-19
OPP-0001196,Negotiation,2022-06-25
OPP-0001196,Closed Won,2022-07-01
OPP-0001201,Open,2022-06-22
OPP-0001201,Negotiation,2022-07-16
OPP-0001201,Closed Won,2022-08-13
OPP-0001210,Open,2022-07-09
OPP-0001210,Negotiation,2022-07-17
OPP-0001210,Closed Won,2022-07-31
OPP-0001211,Open,2022-08-02
OPP-0001211,Negotiation,2022-08-06
OPP-0001211,Closed Won,2022-09-01
OPP-0001213,SAL,2022-06-17
OPP-0001213,SQO,2022-06-19
OPP-0001213,Proposal/Negotiation,2022-07-03
OPP-0001213,Closed Won,2022-07-10
OPP-0001216,Open,2022-07-08
OPP-0001216,Negotiation,2022-07-23
OPP-0001216,Closed Won,2022-08-18
OPP-0001220,Open,2022-07-05
OPP-0001220,Negotiation,2022-08-03
OPP-0001220,Closed Won,2022-09-07
OPP-0001222,SAL,2022-06-30
OPP-0001222,SQO,2022-07-18
OPP-0001222,Proposal/Negotiation,2022-07-19
OPP-0001222,Closed Won,2022-07-21
OPP-0001229,SAL,2022-06-27
OPP-0001229,SQO,2022-07-02
OPP-0001229,Proposal/Negotiation,2022-07-07
OPP-0001229,Closed Won,2022-07-14
OPP-0001235,Open,2022-07-02
OPP-0001235,Negotiation,2022-07-20
OPP-0001235,Closed Won,2022-08-01
OPP-0001238,Open,2022-07-06
OPP-0001238,Negotiation,2022-07-14
OPP-0001238,Closed Won,2022-08-01
OPP-0001239,SAL,2022-07-03
OPP-0001239,SQO,2022-07-10
OPP-0001239,Proposal/Negotiation,2022-07-13
OPP-0001239,Closed Won,2022-07-17
OPP-0001246,Open,2022-09-02
OPP-0001246,Negotiation,2022-09-05
OPP-0001246,Closed Won,2022-10-23
OPP-0001247,Open,2022-07-20
OPP-0001247,Negotiation,2022-08-17
OPP-0001247,Closed Won,2022-09-06
OPP-0001259,SAL,2022-07-11
OPP-0001259,SQO,2022-07-15
OPP-0001259,Proposal/Negotiation,2022-08-06
OPP-0001259,Closed Won,2022-08-21
OPP-0001265,Open,2022-07-15
OPP-0001265,Negotiation,2022-08-21
OPP-0001265,Closed Won,2022-09-09
OPP-0001267,Open,2022-07-14
OPP-0001267,Negotiation,2022-09-14
OPP-0001267,Closed Won,2022-10-01
OPP-0001268,SAL,2022-07-21
OPP-0001268,SQO,2022-07-29
OPP-0001268,Proposal/Negotiation,2022-08-02
OPP-0001268,Closed Won,2022-08-03
OPP-0001269,SAL,2022-08-02
OPP-0001269,SQO,2022-08-04
OPP-0001269,Proposal/Negotiation,2022-08-05
OPP-0001269,Closed Won,2022-08-08
OPP-0001272,Open,2022-07-16
OPP-0001272,Negotiation,2022-07-16
OPP-0001272,Closed Won,2022-08-01
OPP-0001278,Open,2022-08-03
OPP-0001278,Negotiation,2022-08-07
OPP-0001278,Closed Won,2022-09-01
OPP-0001280,SAL,2022-07-22
OPP-0001280,SQO,2022-07-27
OPP-0001280,SAL,2022-07-30
OPP-0001280,Proposal/Negotiation,2022-08-01
OPP-0001280,Closed Won,2022-08-13
OPP-0001282,Open,2022-07-25
OPP-0001282,Negotiation,2022-07-30
OPP-0001282,Closed Won,2022-10-01
OPP-0001284,Open,2022-08-27
OPP-0001284,Negotiation,2022-09-12
OPP-0001284,Closed Won,2022-10-01
OPP-0001291,SAL,2022-08-31
OPP-0001291,SQO,2022-10-24
OPP-0001291,POC,2022-12-10
OPP-0001291,Proposal/Negotiation,2022-12-10
OPP-0001291,Closed Lost,2023-01-04
OPP-0001293,SAL,2022-08-16
OPP-0001293,SQO,2022-11-14
OPP-0001293,POC,2023-01-02
OPP-0001293,Proposal/Negotiation,2023-01-06
OPP-0001293,Closed Lost,2023-01-13
OPP-0001296,SAL,2022-08-15
OPP-0001296,SQO,2022-08-27
OPP-0001296,POC,2022-12-30
OPP-0001296,Proposal/Negotiation,2023-01-12
OPP-0001296,Closed Lost,2023-01-16
OPP-0001298,SAL,2022-09-07
OPP-0001298,SQO,2022-10-06
OPP-0001298,POC,2022-12-02
OPP-0001298,Proposal/Negotiation,2022-12-18
OPP-0001298,Closed Lost,2023-01-23
OPP-0001299,SAL,2022-08-06
OPP-0001299,SQO,2022-08-09
OPP-0001299,Proposal/Negotiation,2022-08-11
OPP-0001299,Closed Won,2022-08-20
OPP-0001304,Open,2022-08-16
OPP-0001304,Negotiation,2022-08-23
OPP-0001304,Closed Won,2022-09-15
OPP-0001315,Open,2022-09-05
OPP-0001315,Negotiation,2022-10-04
OPP-0001315,Closed Won,2022-10-05
OPP-0001338,SAL,2022-09-03
OPP-0001338,SQO,2022-10-26
OPP-0001338,POC,2022-11-20
OPP-0001338,Proposal/Negotiation,2023-01-06
OPP-0001338,Closed Lost,2023-01-19
OPP-0001344,Open,2022-09-01
OPP-0001344,Negotiation,2022-09-05
OPP-0001344,Closed Won,2022-10-01
OPP-0001345,Open,2022-09-02
OPP-0001345,Negotiation,2022-09-17
OPP-0001345,Closed Won,2022-10-01
OPP-0001346,SAL,2022-10-07
OPP-0001346,SQO,2022-10-22
OPP-0001346,POC,2022-11-15
OPP-0001346,Proposal/Negotiation,2023-02-16
OPP-0001346,Closed Lost,2023-02-21
OPP-0001351,Open,2022-09-05
OPP-0001351,Negotiation,2022-09-13
OPP-0001351,Closed Won,2022-10-27
OPP-0001357,Open,2022-10-16
OPP-0001357,Negotiation,2022-11-03
OPP-0001357,Closed Won,2022-11-05
OPP-0001358,SAL,2022-12-25
OPP-0001358,SQO,2023-01-03
OPP-0001358,POC,2023-02-04
OPP-0001358,Proposal/Negotiation,2023-02-20
OPP-0001358,Closed Lost,2023-03-01
OPP-0001359,Open,2022-09-11
OPP-0001359,Negotiation,2022-09-30
OPP-0001359,Closed Won,2022-11-16
OPP-0001364,Open,2022-10-10
OPP-0001364,Negotiation,2022-10-20
OPP-0001364,Closed Won,2022-11-01
OPP-0001367,Open,2022-09-24
OPP-0001367,Negotiation,2022-09-28
OPP-0001367,Closed Won,2022-10-01
OPP-0001372,Open,2022-09-25
OPP-0001372,Negotiation,2022-10-15
OPP-0001372,Closed Won,2022-10-25
OPP-0001377,Open,2022-10-08
OPP-0001377,Negotiation,2022-10-27
OPP-0001377,Closed Lost,2022-11-15
OPP-0001380,Open,2022-09-19
OPP-0001380,Negotiation,2022-10-02
OPP-0001380,Closed Won,2022-11-01
OPP-0001381,SAL,2022-09-24
OPP-0001381,SQO,2022-10-08
OPP-0001381,POC,2022-12-17
OPP-0001381,Proposal/Negotiation,2022-12-26
OPP-0001381,Closed Lost,2023-03-10
OPP-0001384,SAL,2022-10-03
OPP-0001384,SQO,2022-10-05
OPP-0001384,POC,2022-12-07
OPP-0001384,Proposal/Negotiation,2023-02-11
OPP-0001384,Closed Lost,2023-02-28
OPP-0001388,SAL,2022-09-29
OPP-0001388,SQO,2022-09-30
OPP-0001388,Proposal/Negotiation,2022-10-01
OPP-0001388,Closed Won,2022-10-08
OPP-0001391,SAL,2022-10-07
OPP-0001391,SQO,2022-10-09
OPP-0001391,POC,2022-11-09
OPP-0001391,Proposal/Negotiation,2022-12-13
OPP-0001391,Closed Lost,2023-01-04
OPP-0001392,Open,2022-11-09
OPP-0001392,Negotiation,2022-11-23
OPP-0001392,Closed Won,2022-12-11
OPP-0001400,SAL,2022-11-16
OPP-0001400,SQO,2022-11-26
OPP-0001400,POC,2023-01-14
OPP-0001400,Proposal/Negotiation,2023-01-27
OPP-0001400,Closed Lost,2023-02-01
OPP-0001401,SAL,2022-10-16
OPP-0001401,SQO,2022-11-04
OPP-0001401,POC,2023-02-03
OPP-0001401,Proposal/Negotiation,2023-02-26
OPP-0001401,Closed Lost,2023-03-18
OPP-0001402,SAL,2022-10-07
OPP-0001402,SQO,2022-10-08
OPP-0001402,SAL,2022-10-17
OPP-0001402,POC,2022-11-14
OPP-0001402,Proposal/Negotiation,2022-11-21
OPP-0001402,Closed Lost,2023-01-11
OPP-0001406,Open,2022-10-09
OPP-0001406,Negotiation,2022-10-22
OPP-0001406,Closed Won,2022-12-03
OPP-0001407,Open,2022-10-15
OPP-0001407,Negotiation,2022-12-13
OPP-0001407,Closed Won,2022-12-13
OPP-0001408,Open,2022-10-31
OPP-0001408,Negotiation,2022-11-05
OPP-0001408,Closed Lost,2023-01-01
OPP-0001411,Open,2022-11-17
OPP-0001411,Negotiation,2022-11-29
OPP-0001411,Closed Won,2022-12-01
OPP-0001412,SAL,2022-10-26
OPP-0001412,SQO,2022-11-05
OPP-0001412,Proposal/Negotiation,2022-11-18
OPP-0001412,Closed Won,2022-11-20
OPP-0001420,SAL,2022-11-09
OPP-0001420,SQO,2022-11-17
OPP-0001420,SAL,2022-11-24
OPP-0001420,POC,2022-12-30
OPP-0001420,Proposal/Negotiation,2023-02-01
OPP-0001420,Closed Lost,2023-03-14
OPP-0001421,Open,2022-10-24
OPP-0001421,Negotiation,2022-11-13
OPP-0001421,Closed Won,2022-11-17
OPP-0001428,SAL,2022-10-16
OPP-0001428,SQO,2022-11-14
OPP-0001428,POC,2023-01-19
OPP-0001428,Proposal/Negotiation,2023-01-19
OPP-0001428,Closed Won,2023-02-15
OPP-0001433,SAL,2022-10-29
OPP-0001433,SQO,2022-12-04
OPP-0001433,POC,2023-02-10
OPP-0001433,Proposal/Negotiation,2023-03-02
OPP-0001433,Closed Lost,2023-04-13
OPP-0001435,Open,2022-11-15
OPP-0001435,Negotiation,2022-11-20
OPP-0001435,Closed Won,2022-12-01
OPP-0001440,SAL,2022-11-02
OPP-0001440,SQO,2022-11-02
OPP-0001440,POC,2022-12-23
OPP-0001440,Proposal/Negotiation,2023-01-03
OPP-0001440,Closed Lost,2023-01-03
OPP-0001441,SAL,2022-12-16
OPP-0001441,SQO,2022-12-17
OPP-0001441,POC,2023-02-15
OPP-0001441,Proposal/Negotiation,2023-02-24
OPP-0001441,Closed Lost,2023-02-26
OPP-0001442,Open,2022-11-05
OPP-0001442,Negotiation,2022-12-06
OPP-0001442,Closed Won,2023-01-13
OPP-0001443,Open,2022-10-24
OPP-0001443,Negotiation,2022-11-18
OPP-0001443,Closed Won,2023-01-04
OPP-0001445,SAL,2022-12-20
OPP-0001445,SQO,2022-12-21
OPP-0001445,POC,2023-03-14
OPP-0001445,Proposal/Negotiation,2023-03-19
OPP-0001445,Closed Lost,2023-03-24
OPP-0001449,Open,2022-11-26
OPP-0001449,Negotiation,2022-12-01
OPP-0001449,Closed Won,2022-12-20
OPP-0001451,SAL,2022-10-30
OPP-0001451,SQO,2022-11-01
OPP-0001451,POC,2023-01-15
OPP-0001451,Proposal/Negotiation,2023-01-22
OPP-0001451,Closed Lost,2023-02-06
OPP-0001453,Open,2022-11-06
OPP-0001453,Negotiation,2023-01-21
OPP-0001453,Closed Won,2023-01-23
OPP-0001455,SAL,2023-01-22
OPP-0001455,SQO,2023-01-23
OPP-0001455,POC,2023-02-18
OPP-0001455,Proposal/Negotiation,2023-04-04
OPP-0001455,Closed Lost,2023-04-15
OPP-0001456,SAL,2022-11-15
OPP-0001456,SQO,2022-12-08
OPP-0001456,POC,2023-03-05
OPP-0001456,Proposal/Negotiation,2023-03-12
OPP-0001456,Closed Lost,2023-03-13
OPP-0001457,Open,2022-11-19
OPP-0001457,Negotiation,2022-11-20
OPP-0001457,Closed Won,2022-12-01
OPP-0001458,SAL,2022-11-02
OPP-0001458,SQO,2022-11-03
OPP-0001458,POC,2022-11-20
OPP-0001458,Proposal/Negotiation,2022-12-22
OPP-0001458,Closed Lost,2023-01-13
OPP-0001459,Open,2022-11-13
OPP-0001459,Negotiation,2022-11-17
OPP-0001459,Closed Won,2023-01-01
OPP-0001463,SAL,2022-11-17
OPP-0001463,SQO,2022-11-24
OPP-0001463,POC,2023-02-13
OPP-0001463,Proposal/Negotiation,2023-03-27
OPP-0001463,Closed Lost,2023-04-06
OPP-0001464,SAL,2022-11-06
OPP-0001464,SQO,2022-11-18
OPP-0001464,POC,2023-02-04
OPP-0001464,Proposal/Negotiation,2023-02-17
OPP-0001464,Closed Lost,2023-03-23
OPP-0001465,Open,2022-11-12
OPP-0001465,Negotiation,2022-11-30
OPP-0001465,Closed Won,2022-12-30
OPP-0001466,Open,2022-11-25
OPP-0001466,Negotiation,2022-11-28
OPP-0001466,Closed Won,2022-12-01
OPP-0001470,SAL,2022-11-13
OPP-0001470,SQO,2022-11-20
OPP-0001470,POC,2022-12-23
OPP-0001470,Proposal/Negotiation,2023-01-24
OPP-0001470,Closed Lost,2023-01-25
OPP-0001471,Open,2022-11-18
OPP-0001471,Negotiation,2022-12-24
OPP-0001471,Closed Lost,2023-01-01
OPP-0001475,Open,2022-12-14
OPP-0001475,Negotiation,2023-02-07
OPP-0001475,Closed Won,2023-03-21
OPP-0001479,SAL,2023-01-01
OPP-0001479,SQO,2023-01-19
OPP-0001479,POC,2023-02-03
OPP-0001479,Proposal/Negotiation,2023-02-24
OPP-0001479,Closed Lost,2023-03-04
OPP-0001480,SAL,2022-12-25
OPP-0001480,SQO,2023-01-26
OPP-0001480,POC,2023-03-10
OPP-0001480,Proposal/Negotiation,2023-03-17
OPP-0001480,Closed Lost,2023-03-23
OPP-0001481,Open,2022-11-19
OPP-0001481,Negotiation,2023-01-16
OPP-0001481,Closed Lost,2023-01-22
OPP-0001482,Open,2022-11-23
OPP-0001482,Negotiation,2022-11-25
OPP-0001482,Closed Won,2022-12-01
OPP-0001483,SAL,2022-11-30
OPP-0001483,SQO,2022-12-27
OPP-0001483,POC,2023-03-09
OPP-0001483,Proposal/Negotiation,2023-03-11
OPP-0001483,Closed Lost,2023-03-15
OPP-0001484,Open,2022-11-21
OPP-0001484,Negotiation,2022-12-01
OPP-0001484,Closed Won,2022-12-29
OPP-0001485,Open,2022-11-21
OPP-0001485,Negotiation,2022-12-08
OPP-0001485,Closed Won,2023-01-01
OPP-0001487,SAL,2022-12-22
OPP-0001487,SQO,2022-12-26
OPP-0001487,POC,2023-01-23
OPP-0001487,Proposal/Negotiation,2023-02-19
OPP-0001487,Closed Lost,2023-03-26
OPP-0001488,SAL,2022-12-11
OPP-0001488,SQO,2022-12-15
OPP-0001488,POC,2023-01-30
OPP-0001488,Proposal/Negotiation,2023-02-01
OPP-0001488,Closed Lost,2023-02-09
OPP-0001491,SAL,2023-01-05
OPP-0001491,SQO,2023-01-30
OPP-0001491,POC,2023-03-19
OPP-0001491,Proposal/Negotiation,2023-03-24
OPP-0001491,Closed Lost,2023-04-10
OPP-0001492,SAL,2022-12-03
OPP-0001492,SQO,2022-12-12
OPP-0001492,POC,2023-01-25
OPP-0001492,Proposal/Negotiation,2023-02-05
OPP-0001492,Closed Won,2023-02-08
OPP-0001495,Open,2022-12-06
OPP-0001495,Negotiation,2022-12-14
OPP-0001495,Closed Won,2023-01-01
OPP-0001496,SAL,2022-11-30
OPP-0001496,SQO,2022-12-03
OPP-0001496,POC,2023-01-28
OPP-0001496,Proposal/Negotiation,2023-03-05
OPP-0001496,Closed Won,2023-03-06
OPP-0001498,SAL,2022-12-22
OPP-0001498,SQO,2023-01-05
OPP-0001498,POC,2023-01-31
OPP-0001498,Proposal/Negotiation,2023-02-14
OPP-0001498,Closed Lost,2023-03-10
OPP-0001500,Open,2023-01-14
OPP-0001500,Negotiation,2023-03-10
OPP-0001500,Closed Won,2023-03-12
OPP-0001503,SAL,2022-12-04
OPP-0001503,SQO,2022-12-04
OPP-0001503,POC,2023-01-24
OPP-0001503,Proposal/Negotiation,2023-01-28
OPP-0001503,Closed Won,2023-02-05
OPP-0001505,SAL,2022-12-09
OPP-0001505,SQO,2022-12-10
OPP-0001505,Proposal/Negotiation,2022-12-11
OPP-0001505,Closed Lost,2023-01-10
OPP-0001508,SAL,2022-12-20
OPP-0001508,SQO,2022-12-26
OPP-0001508,POC,2023-02-28
OPP-0001508,Proposal/Negotiation,2023-03-12
OPP-0001508,Closed Lost,2023-04-18
OPP-0001509,Open,2022-12-08
OPP-0001509,Negotiation,2023-01-01
OPP-0001509,Closed Won,2023-02-01
OPP-0001510,SAL,2022-12-28
OPP-0001510,SQO,2023-01-15
OPP-0001510,POC,2023-01-29
OPP-0001510,Proposal/Negotiation,2023-02-19
OPP-0001510,Closed Won,2023-03-12
OPP-0001514,SAL,2022-12-21
OPP-0001514,SQO,2023-01-26
OPP-0001514,POC,2023-02-09
OPP-0001514,Proposal/Negotiation,2023-04-20
OPP-0001514,Closed Lost,2023-05-10
OPP-0001519,SAL,2022-12-09
OPP-0001519,SQO,2022-12-20
OPP-0001519,Proposal/Negotiation,2022-12-24
OPP-0001519,Closed Lost,2023-01-12
OPP-0001520,SAL,2023-01-04
OPP-0001520,SQO,2023-01-12
OPP-0001520,POC,2023-02-02
OPP-0001520,Proposal/Negotiation,2023-02-24
OPP-0001520,Closed Lost,2023-04-12
OPP-0001521,SAL,2023-01-01
OPP-0001521,SQO,2023-01-16
OPP-0001521,POC,2023-04-01
OPP-0001521,Proposal/Negotiation,2023-04-12
OPP-0001521,Closed Lost,2023-04-13
OPP-0001522,Open,2023-01-06
OPP-0001522,Negotiation,2023-01-22
OPP-0001522,Closed Won,2023-01-30
OPP-0001524,SAL,2022-12-08
OPP-0001524,SQO,2022-12-27
OPP-0001524,Proposal/Negotiation,2023-01-06
OPP-0001524,Closed Lost,2023-01-18
OPP-0001526,SAL,2023-01-27
OPP-0001526,SQO,2023-02-07
OPP-0001526,SAL,2023-02-19
OPP-0001526,POC,2023-04-17
OPP-0001526,Proposal/Negotiation,2023-04-28
OPP-0001526,Closed Lost,2023-05-14
OPP-0001527,SAL,2022-12-10
OPP-0001527,SQO,2022-12-12
OPP-0001527,Proposal/Negotiation,2022-12-22
OPP-0001527,Closed Won,2023-01-02
OPP-0001530,SAL,2022-12-10
OPP-0001530,SQO,2022-12-26
OPP-0001530,Proposal/Negotiation,2022-12-30
OPP-0001530,Closed Won,2023-01-02
OPP-0001533,SAL,2022-12-22
OPP-0001533,SQO,2022-12-26
OPP-0001533,Proposal/Negotiation,2022-12-31
OPP-0001533,Closed Lost,2023-01-07
OPP-0001534,SAL,2023-01-03
OPP-0001534,SQO,2023-01-05
OPP-0001534,Proposal/Negotiation,2023-01-14
OPP-0001534,Closed Lost,2023-01-15
OPP-0001537,Open,2022-12-16
OPP-0001537,Negotiation,2023-01-05
OPP-0001537,Closed Won,2023-01-13
OPP-0001538,SAL,2022-12-20
OPP-0001538,SQO,2023-01-02
OPP-0001538,Proposal/Negotiation,2023-01-03
OPP-0001538,Closed Lost,2023-01-03
OPP-0001539,SAL,2022-12-22
OPP-0001539,SQO,2023-01-02
OPP-0001539,POC,2023-01-22
OPP-0001539,Proposal/Negotiation,2023-01-31
OPP-0001539,Closed Lost,2023-02-12
OPP-0001543,SAL,2022-12-22
OPP-0001543,SQO,2022-12-24
OPP-0001543,Proposal/Negotiation,2023-01-05
OPP-0001543,Closed Lost,2023-01-08
OPP-0001544,Open,2023-01-07
OPP-0001544,Negotiation,2023-01-20
OPP-0001544,Closed Won,2023-03-01
OPP-0001545,Open,2022-12-20
OPP-0001545,Negotiation,2022-12-20
OPP-0001545,Closed Won,2023-01-01
OPP-0001547,SAL,2022-12-20
OPP-0001547,SQO,2022-12-21
OPP-0001547,Proposal/Negotiation,2023-01-16
OPP-0001547,Closed Lost,2023-01-19
OPP-0001550,SAL,2022-12-21
OPP-0001550,SQO,2023-01-13
OPP-0001550,Proposal/Negotiation,2023-01-17
OPP-0001550,Closed Lost,2023-01-18
OPP-0001551,SAL,2023-01-07
OPP-0001551,SQO,2023-01-10
OPP-0001551,Proposal/Negotiation,2023-01-19
OPP-0001551,Closed Lost,2023-02-01
OPP-0001552,Open,2022-12-23
OPP-0001552,Negotiation,2023-01-17
OPP-0001552,Closed Won,2023-02-03
OPP-0001555,Open,2022-12-31
OPP-0001555,Negotiation,2023-01-21
OPP-0001555,Closed Won,2023-02-01
OPP-0001556,SAL,2022-12-20
OPP-0001556,SQO,2022-12-26
OPP-0001556,Proposal/Negotiation,2023-01-04
OPP-0001556,Closed Lost,2023-01-13
OPP-0001557,SAL,2023-01-15
OPP-0001557,SQO,2023-01-20
OPP-0001557,POC,2023-03-11
OPP-0001557,Proposal/Negotiation,2023-03-17
OPP-0001557,Closed Lost,2023-03-27
OPP-0001559,Open,2023-01-09
OPP-0001559,Negotiation,2023-01-22
OPP-0001559,Closed Won,2023-02-01
OPP-0001561,SAL,2022-12-22
OPP-0001561,SQO,2022-12-27
OPP-0001561,Proposal/Negotiation,2023-01-16
OPP-0001561,Closed Lost,2023-01-25
OPP-0001563,SAL,2023-01-08
OPP-0001563,SQO,2023-01-11
OPP-0001563,Proposal/Negotiation,2023-01-11
OPP-0001563,Closed Lost,2023-01-12
OPP-0001565,SAL,2023-01-04
OPP-0001565,SQO,2023-01-06
OPP-0001565,Proposal/Negotiation,2023-01-13
OPP-0001565,Closed Lost,2023-01-17
OPP-0001566,SAL,2023-01-03
OPP-0001566,SQO,2023-01-26
OPP-0001566,POC,2023-02-07
OPP-0001566,Proposal/Negotiation,2023-02-25
OPP-0001566,Closed Lost,2023-03-13
OPP-0001568,SAL,2022-12-24
OPP-0001568,SQO,2022-12-28
OPP-0001568,Proposal/Negotiation,2022-12-30
OPP-0001568,Closed Lost,2023-01-09
OPP-0001569,SAL,2022-12-24
OPP-0001569,SQO,2022-12-26
OPP-0001569,Proposal/Negotiation,2023-01-07
OPP-0001569,Closed Lost,2023-01-14
OPP-0001573,SAL,2022-12-27
OPP-0001573,SQO,2022-12-29
OPP-0001573,Proposal/Negotiation,2023-01-04
OPP-0001573,Closed Lost,2023-01-18
OPP-0001576,Open,2023-01-05
OPP-0001576,Negotiation,2023-01-14
OPP-0001576,Closed Won,2023-02-01
OPP-0001578,SAL,2022-12-29
OPP-0001578,SQO,2023-02-25
OPP-0001578,POC,2023-04-15
OPP-0001578,Proposal/Negotiation,2023-05-02
OPP-0001578,Closed Lost,2023-05-11
OPP-0001579,SAL,2022-12-31
OPP-0001579,SQO,2023-02-25
OPP-0001579,POC,2023-04-09
OPP-0001579,Proposal/Negotiation,2023-05-04
OPP-0001579,Closed Won,2023-05-06
OPP-0001581,Open,2023-01-13
OPP-0001581,Negotiation,2023-01-20
OPP-0001581,Closed Won,2023-02-01
OPP-0001582,SAL,2022-12-31
OPP-0001582,SQO,2023-01-03
OPP-0001582,Proposal/Negotiation,2023-01-06
OPP-0001582,Closed Lost,2023-01-13
OPP-0001583,SAL,2023-01-09
OPP-0001583,SQO,2023-01-25
OPP-0001583,Proposal/Negotiation,2023-01-31
OPP-0001583,Closed Lost,2023-02-13
OPP-0001584,SAL,2023-01-02
OPP-0001584,SQO,2023-01-12
OPP-0001584,Proposal/Negotiation,2023-01-12
OPP-0001584,Closed Won,2023-01-15
OPP-0001589,SAL,2023-01-15
OPP-0001589,SQO,2023-01-18
OPP-0001589,Proposal/Negotiation,2023-01-26
OPP-0001589,Closed Won,2023-02-01
OPP-0001593,SAL,2023-01-14
OPP-0001593,SQO,2023-01-20
OPP-0001593,POC,2023-03-03
OPP-0001593,Proposal/Negotiation,2023-04-11
OPP-0001593,Closed Lost,2023-06-09
OPP-0001599,Open,2023-01-11
OPP-0001599,Negotiation,2023-01-30
OPP-0001599,Closed Won,2023-02-01
OPP-0001600,SAL,2023-01-23
OPP-0001600,SQO,2023-01-28
OPP-0001600,Proposal/Negotiation,2023-02-04
OPP-0001600,Closed Lost,2023-02-09
OPP-0001601,Open,2023-01-10
OPP-0001601,Negotiation,2023-02-26
OPP-0001601,Closed Won,2023-03-01
OPP-0001606,SAL,2023-01-07
OPP-0001606,SQO,2023-01-31
OPP-0001606,Proposal/Negotiation,2023-02-02
OPP-0001606,Closed Lost,2023-02-13
OPP-0001607,SAL,2023-01-17
OPP-0001607,SQO,2023-01-19
OPP-0001607,POC,2023-02-18
OPP-0001607,Proposal/Negotiation,2023-03-03
OPP-0001607,Closed Lost,2023-03-10
OPP-0001608,SAL,2023-02-14
OPP-0001608,SQO,2023-03-25
OPP-0001608,SAL,2023-03-29
OPP-0001608,POC,2023-05-26
OPP-0001608,Proposal/Negotiation,2023-06-06
OPP-0001608,Closed Lost,2023-06-26
OPP-0001609,SAL,2023-01-16
OPP-0001609,SQO,2023-01-22
OPP-0001609,Proposal/Negotiation,2023-01-27
OPP-0001609,Closed Won,2023-02-18
OPP-0001610,SAL,2023-01-25
OPP-0001610,SQO,2023-03-10
OPP-0001610,POC,2023-05-22
OPP-0001610,Proposal/Negotiation,2023-05-25
OPP-0001610,Closed Lost,2023-05-27
OPP-0001611,SAL,2023-01-19
OPP-0001611,SQO,2023-02-16
OPP-0001611,POC,2023-03-24
OPP-0001611,Proposal/Negotiation,2023-04-14
OPP-0001611,Closed Lost,2023-05-10
OPP-0001612,SAL,2023-01-13
OPP-0001612,SQO,2023-01-28
OPP-0001612,Proposal/Negotiation,2023-02-02
OPP-0001612,Closed Lost,2023-02-08
OPP-0001613,Open,2023-02-07
OPP-0001613,Negotiation,2023-02-11
OPP-0001613,Closed Won,2023-02-21
OPP-0001616,SAL,2023-01-10
OPP-0001616,SQO,2023-01-24
OPP-0001616,Proposal/Negotiation,2023-01-30
OPP-0001616,Closed Won,2023-02-03
OPP-0001622,SAL,2023-01-19
OPP-0001622,SQO,2023-01-29
OPP-0001622,Proposal/Negotiation,2023-01-29
OPP-0001622,Closed Lost,2023-02-02
OPP-0001623,SAL,2023-01-24
OPP-0001623,SQO,2023-02-15
OPP-0001623,Proposal/Negotiation,2023-02-18
OPP-0001623,Closed Lost,2023-02-22
OPP-0001627,SAL,2023-01-12
OPP-0001627,SQO,2023-01-15
OPP-0001627,Proposal/Negotiation,2023-01-16
OPP-0001627,Closed Lost,2023-01-25
OPP-0001628,SAL,2023-01-23
OPP-0001628,SQO,2023-01-31
OPP-0001628,Proposal/Negotiation,2023-02-04
OPP-0001628,Closed Won,2023-02-05
OPP-0001632,SAL,2023-02-09
OPP-0001632,SQO,2023-02-20
OPP-0001632,Proposal/Negotiation,2023-02-23
OPP-0001632,Closed Lost,2023-02-24
OPP-0001633,Open,2023-02-05
OPP-0001633,Negotiation,2023-03-19
OPP-0001633,Closed Won,2023-03-25
OPP-0001634,SAL,2023-01-15
OPP-0001634,SQO,2023-01-19
OPP-0001634,Proposal/Negotiation,2023-02-04
OPP-0001634,Closed Won,2023-02-04
OPP-0001638,SAL,2023-01-15
OPP-0001638,SQO,2023-01-19
OPP-0001638,Proposal/Negotiation,2023-02-05
OPP-0001638,Closed Lost,2023-02-06
OPP-0001639,SAL,2023-01-17
OPP-0001639,SQO,2023-01-20
OPP-0001639,Proposal/Negotiation,2023-01-26
OPP-0001639,Closed Lost,2023-01-27
OPP-0001647,SAL,2023-01-22
OPP-0001647,SQO,2023-01-24
OPP-0001647,Proposal/Negotiation,2023-01-25
OPP-0001647,Closed Lost,2023-02-01
OPP-0001648,SAL,2023-01-21
OPP-0001648,SQO,2023-01-28
OPP-0001648,Proposal/Negotiation,2023-02-11
OPP-0001648,Closed Won,2023-02-20
OPP-0001651,Open,2023-01-22
OPP-0001651,Negotiation,2023-01-24
OPP-0001651,Closed Won,2023-02-01
OPP-0001652,SAL,2023-01-26
OPP-0001652,SQO,2023-01-29
OPP-0001652,Proposal/Negotiation,2023-01-29
OPP-0001652,Closed Lost,2023-02-19
OPP-0001653,SAL,2023-01-24
OPP-0001653,SQO,2023-02-14
OPP-0001653,POC,2023-03-28
OPP-0001653,Proposal/Negotiation,2023-05-17
OPP-0001653,Closed Lost,2023-05-23
OPP-0001654,Open,2023-03-03
OPP-0001654,Negotiation,2023-03-13
OPP-0001654,Closed Won,2023-04-01
OPP-0001657,Open,2023-02-13
OPP-0001657,Negotiation,2023-02-14
OPP-0001657,Closed Won,2023-03-01
OPP-0001658,SAL,2023-02-24
OPP-0001658,SQO,2023-02-25
OPP-0001658,POC,2023-03-22
OPP-0001658,Proposal/Negotiation,2023-03-27
OPP-0001658,Closed Lost,2023-04-14
OPP-0001662,SAL,2023-02-01
OPP-0001662,SQO,2023-02-03
OPP-0001662,Proposal/Negotiation,2023-02-06
OPP-0001662,Closed Lost,2023-02-26
OPP-0001663,SAL,2023-01-29
OPP-0001663,SQO,2023-02-03
OPP-0001663,Proposal/Negotiation,2023-02-14
OPP-0001663,Closed Lost,2023-02-17
OPP-0001664,SAL,2023-01-20
OPP-0001664,SQO,2023-01-31
OPP-0001664,Proposal/Negotiation,2023-02-07
OPP-0001664,Closed Lost,2023-02-10
OPP-0001666,SAL,2023-02-02
OPP-0001666,SQO,2023-02-09
OPP-0001666,Proposal/Negotiation,2023-02-10
OPP-0001666,Closed Lost,2023-02-14
OPP-0001667,SAL,2023-01-23
OPP-0001667,SQO,2023-01-25
OPP-0001667,Proposal/Negotiation,2023-02-17
OPP-0001667,Closed Lost,2023-02-21
OPP-0001671,SAL,2023-02-04
OPP-0001671,SQO,2023-02-17
OPP-0001671,POC,2023-04-01
OPP-0001671,Proposal/Negotiation,2023-04-08
OPP-0001671,Closed Lost,2023-04-28
OPP-0001672,SAL,2023-01-25
OPP-0001672,SQO,2023-02-12
OPP-0001672,Proposal/Negotiation,2023-02-15
OPP-0001672,Closed Won,2023-02-19
OPP-0001676,SAL,2023-01-30
OPP-0001676,SQO,2023-02-02
OPP-0001676,POC,2023-02-13
OPP-0001676,Proposal/Negotiation,2023-03-02
OPP-0001676,Closed Lost,2023-04-16
OPP-0001677,SAL,2023-02-12
OPP-0001677,SQO,2023-02-28
OPP-0001677,POC,2023-03-27
OPP-0001677,Proposal/Negotiation,2023-03-28
OPP-0001677,Closed Won,2023-04-08
OPP-0001681,SAL,2023-01-29
OPP-0001681,SQO,2023-02-15
OPP-0001681,Proposal/Negotiation,2023-02-20
OPP-0001681,Closed Lost,2023-02-27
OPP-0001682,SAL,2023-01-30
OPP-0001682,SQO,2023-01-31
OPP-0001682,Proposal/Negotiation,2023-02-01
OPP-0001682,Closed Lost,2023-02-18
OPP-0001683,SAL,2023-01-28
OPP-0001683,SQO,2023-02-02
OPP-0001683,Proposal/Negotiation,2023-02-03
OPP-0001683,Closed Lost,2023-02-25
OPP-0001684,SAL,2023-01-31
OPP-0001684,SQO,2023-02-04
OPP-0001684,Proposal/Negotiation,2023-02-22
OPP-0001684,Closed Won,2023-03-08
OPP-0001690,Open,2023-01-27
OPP-0001690,Negotiation,2023-02-20
OPP-0001690,Closed Won,2023-03-01
OPP-0001691,SAL,2023-01-27
OPP-0001691,SQO,2023-02-10
OPP-0001691,Proposal/Negotiation,2023-02-17
OPP-0001691,Closed Lost,2023-03-09
OPP-0001697,SAL,2023-01-30
OPP-0001697,SQO,2023-02-09
OPP-0001697,Proposal/Negotiation,2023-02-13
OPP-0001697,Closed Lost,2023-02-14
OPP-0001706,SAL,2023-02-02
OPP-0001706,SQO,2023-02-03
OPP-0001706,Proposal/Negotiation,2023-02-09
OPP-0001706,Closed Lost,2023-03-12
OPP-0001708,SAL,2023-01-30
OPP-0001708,SQO,2023-02-06
OPP-0001708,Proposal/Negotiation,2023-02-18
OPP-0001708,Closed Lost,2023-02-27
OPP-0001709,SAL,2023-01-31
OPP-0001709,SQO,2023-02-07
OPP-0001709,Proposal/Negotiation,2023-02-08
OPP-0001709,Closed Lost,2023-02-18
OPP-0001710,SAL,2023-02-04
OPP-0001710,SQO,2023-02-27
OPP-0001710,Proposal/Negotiation,2023-03-11
OPP-0001710,Closed Lost,2023-03-14
OPP-0001711,SAL,2023-02-14
OPP-0001711,SQO,2023-02-16
OPP-0001711,POC,2023-04-16
OPP-0001711,Proposal/Negotiation,2023-05-17
OPP-0001711,Closed Lost,2023-05-28
OPP-0001712,SAL,2023-02-12
OPP-0001712,SQO,2023-02-14
OPP-0001712,Proposal/Negotiation,2023-02-15
OPP-0001712,Closed Lost,2023-03-08
OPP-0001713,SAL,2023-02-04
OPP-0001713,SQO,2023-02-14
OPP-0001713,Proposal/Negotiation,2023-02-26
OPP-0001713,Closed Won,2023-03-08
OPP-0001714,SAL,2023-03-19
OPP-0001714,SQO,2023-03-28
OPP-0001714,POC,2023-05-04
OPP-0001714,Proposal/Negotiation,2023-06-03
OPP-0001714,Closed Lost,2023-06-12
OPP-0001720,SAL,2023-02-09
OPP-0001720,SQO,2023-02-25
OPP-0001720,Proposal/Negotiation,2023-02-28
OPP-0001720,Closed Lost,2023-03-06
OPP-0001721,SAL,2023-02-26
OPP-0001721,SQO,2023-04-26
OPP-0001721,POC,2023-05-18
OPP-0001721,Proposal/Negotiation,2023-05-30
OPP-0001721,Closed Lost,2023-06-08
OPP-0001723,SAL,2023-02-18
OPP-0001723,SQO,2023-02-21
OPP-0001723,Proposal/Negotiation,2023-02-24
OPP-0001723,Closed Lost,2023-02-28
OPP-0001724,SAL,2023-02-06
OPP-0001724,SQO,2023-02-11
OPP-0001724,Proposal/Negotiation,2023-02-20
OPP-0001724,Closed Lost,2023-02-21
OPP-0001725,SAL,2023-02-05
OPP-0001725,SQO,2023-02-26
OPP-0001725,POC,2023-03-12
OPP-0001725,Proposal/Negotiation,2023-05-14
OPP-0001725,Closed Lost,2023-05-18
OPP-0001726,Open,2023-03-24
OPP-0001726,Negotiation,2023-05-22
OPP-0001726,Closed Won,2023-07-01
OPP-0001727,Open,2023-02-07
OPP-0001727,Negotiation,2023-02-14
OPP-0001727,Closed Won,2023-04-12
OPP-0001728,Open,2023-02-14
OPP-0001728,Negotiation,2023-03-26
OPP-0001728,Closed Won,2023-05-01
OPP-0001730,SAL,2023-02-26
OPP-0001730,SQO,2023-03-02
OPP-0001730,Proposal/Negotiation,2023-03-04
OPP-0001730,Closed Lost,2023-03-08
OPP-0001736,SAL,2023-02-19
OPP-0001736,SQO,2023-02-26
OPP-0001736,Proposal/Negotiation,2023-03-01
OPP-0001736,Closed Lost,2023-03-06
OPP-0001737,SAL,2023-02-23
OPP-0001737,SQO,2023-04-04
OPP-0001737,POC,2023-05-20
OPP-0001737,Proposal/Negotiation,2023-06-07
OPP-0001737,Closed Lost,2023-07-13
OPP-0001738,Open,2023-02-12
OPP-0001738,Negotiation,2023-03-30
OPP-0001738,Closed Won,2023-04-17
OPP-0001742,Open,2023-02-07
OPP-0001742,Negotiation,2023-02-19
OPP-0001742,Closed Won,2023-03-01
OPP-0001743,SAL,2023-02-24
OPP-0001743,SQO,2023-03-01
OPP-0001743,POC,2023-04-11
OPP-0001743,Proposal/Negotiation,2023-04-30
OPP-0001743,Closed Lost,2023-05-01
OPP-0001745,SAL,2023-03-07
OPP-0001745,SQO,2023-03-13
OPP-0001745,Proposal/Negotiation,2023-03-15
OPP-0001745,Closed Lost,2023-03-16
OPP-0001746,SAL,2023-02-08
OPP-0001746,SQO,2023-02-13
OPP-0001746,POC,2023-06-25
OPP-0001746,Proposal/Negotiation,2023-07-31
OPP-0001746,Closed Lost,2023-08-07
OPP-0001748,Open,2023-02-26
OPP-0001748,Negotiation,2023-03-19
OPP-0001748,Closed Won,2023-03-27
OPP-0001755,SAL,2023-02-12
OPP-0001755,SQO,2023-02-15
OPP-0001755,Proposal/Negotiation,2023-02-19
OPP-0001755,Closed Lost,2023-03-01
OPP-0001756,SAL,2023-02-23
OPP-0001756,SQO,2023-02-24
OPP-0001756,Proposal/Negotiation,2023-02-27
OPP-0001756,Closed Lost,2023-03-05
OPP-0001757,Open,2023-02-11
OPP-0001757,Negotiation,2023-02-19
OPP-0001757,Closed Won,2023-03-13
OPP-0001761,SAL,2023-02-12
OPP-0001761,SQO,2023-03-09
OPP-0001761,Proposal/Negotiation,2023-03-12
OPP-0001761,Closed Lost,2023-03-25
OPP-0001765,Open,2023-04-21
OPP-0001765,Negotiation,2023-04-24
OPP-0001765,Closed Won,2023-05-01
OPP-0001766,Open,2023-03-27
OPP-0001766,Negotiation,2023-04-07
OPP-0001766,Closed Won,2023-05-01
OPP-0001769,SAL,2023-02-18
OPP-0001769,SQO,2023-02-20
OPP-0001769,Proposal/Negotiation,2023-02-21
OPP-0001769,Closed Lost,2023-02-28
OPP-0001770,SAL,2023-02-17
OPP-0001770,SQO,2023-03-07
OPP-0001770,Proposal/Negotiation,2023-03-09
OPP-0001770,Closed Lost,2023-03-13
OPP-0001773,Open,2023-03-01
OPP-0001773,Negotiation,2023-03-18
OPP-0001773,Closed Won,2023-04-01
OPP-0001774,SAL,2023-02-16
OPP-0001774,SQO,2023-02-19
OPP-0001774,POC,2023-04-15
OPP-0001774,Proposal/Negotiation,2023-05-06
OPP-0001774,Closed Lost,2023-05-23
OPP-0001775,SAL,2023-02-19
OPP-0001775,SQO,2023-02-24
OPP-0001775,Proposal/Negotiation,2023-03-09
OPP-0001775,Closed Lost,2023-03-09
OPP-0001777,Open,2023-02-21
OPP-0001777,Negotiation,2023-02-25
OPP-0001777,Closed Won,2023-04-01
OPP-0001778,SAL,2023-02-26
OPP-0001778,SQO,2023-03-13
OPP-0001778,Proposal/Negotiation,2023-03-22
OPP-0001778,Closed Lost,2023-03-26
OPP-0001784,SAL,2023-02-18
OPP-0001784,SQO,2023-03-03
OPP-0001784,Proposal/Negotiation,2023-03-05
OPP-0001784,Closed Lost,2023-03-14
OPP-0001793,SAL,2023-02-24
OPP-0001793,SQO,2023-03-03
OPP-0001793,Proposal/Negotiation,2023-03-04
OPP-0001793,Closed Lost,2023-03-08
OPP-0001794,SAL,2023-02-20
OPP-0001794,SQO,2023-02-26
OPP-0001794,Proposal/Negotiation,2023-03-14
OPP-0001794,Closed Lost,2023-04-02
OPP-0001795,Open,2023-03-26
OPP-0001795,Negotiation,2023-04-15
OPP-0001795,Closed Won,2023-05-01
OPP-0001800,SAL,2023-02-22
OPP-0001800,SQO,2023-03-03
OPP-0001800,Proposal/Negotiation,2023-03-08
OPP-0001800,Closed Lost,2023-03-11
OPP-0001804,SAL,2023-03-02
OPP-0001804,SQO,2023-03-03
OPP-0001804,Proposal/Negotiation,2023-03-09
OPP-0001804,Closed Won,2023-03-09
OPP-0001810,SAL,2023-03-09
OPP-0001810,SQO,2023-03-11
OPP-0001810,Proposal/Negotiation,2023-03-12
OPP-0001810,SAL,2023-03-17
OPP-0001810,Closed Lost,2023-03-24
OPP-0001815,SAL,2023-02-28
OPP-0001815,SQO,2023-02-28
OPP-0001815,Proposal/Negotiation,2023-03-01
OPP-0001815,Closed Lost,2023-03-14
OPP-0001816,SAL,2023-03-08
OPP-0001816,SQO,2023-03-15
OPP-0001816,Proposal/Negotiation,2023-03-28
OPP-0001816,Closed Won,2023-03-28
OPP-0001818,Open,2023-03-22
OPP-0001818,Negotiation,2023-03-23
OPP-0001818,Closed Won,2023-04-01
OPP-0001819,SAL,2023-03-01
OPP-0001819,SQO,2023-03-06
OPP-0001819,SAL,2023-03-14
OPP-0001819,Proposal/Negotiation,2023-03-27
OPP-0001819,Closed Lost,2023-04-06
OPP-0001820,SAL,2023-03-30
OPP-0001820,SQO,2023-04-02
OPP-0001820,Proposal/Negotiation,2023-04-07
OPP-0001820,Closed Lost,2023-04-08
OPP-0001821,SAL,2023-02-27
OPP-0001821,SQO,2023-03-21
OPP-0001821,Proposal/Negotiation,2023-03-23
OPP-0001821,Closed Won,2023-04-09
OPP-0001826,SAL,2023-03-06
OPP-0001826,SQO,2023-03-20
OPP-0001826,Proposal/Negotiation,2023-03-25
OPP-0001826,Closed Lost,2023-03-26
OPP-0001827,SAL,2023-03-04
OPP-0001827,SQO,2023-03-10
OPP-0001827,Proposal/Negotiation,2023-03-21
OPP-0001827,Closed Lost,2023-03-23
OPP-0001828,SAL,2023-03-10
OPP-0001828,SQO,2023-03-10
OPP-0001828,Proposal/Negotiation,2023-03-12
OPP-0001828,Closed Lost,2023-03-14
OPP-0001829,SAL,2023-03-04
OPP-0001829,SQO,2023-03-08
OPP-0001829,POC,2023-04-28
OPP-0001829,Proposal/Negotiation,2023-07-07
OPP-0001829,Closed Lost,2023-08-05
OPP-0001830,Open,2023-03-22
OPP-0001830,Negotiation,2023-03-28
OPP-0001830,Closed Won,2023-04-01
OPP-0001831,SAL,2023-03-06
OPP-0001831,SQO,2023-03-11
OPP-0001831,Proposal/Negotiation,2023-03-18
OPP-0001831,Closed Lost,2023-03-23
OPP-0001832,SAL,2023-03-05
OPP-0001832,SQO,2023-03-06
OPP-0001832,Proposal/Negotiation,2023-03-19
OPP-0001832,Closed Lost,2023-03-22
OPP-0001834,SAL,2023-03-03
OPP-0001834,SQO,2023-03-12
OPP-0001834,Proposal/Negotiation,2023-03-13
OPP-0001834,Closed Lost,2023-03-17
OPP-0001837,SAL,2023-03-10
OPP-0001837,SQO,2023-03-17
OPP-0001837,Proposal/Negotiation,2023-03-25
OPP-0001837,Closed Lost,2023-04-06
OPP-0001838,SAL,2023-03-10
OPP-0001838,SQO,2023-03-12
OPP-0001838,Proposal/Negotiation,2023-03-13
OPP-0001838,Closed Won,2023-03-27
OPP-0001843,SAL,2023-03-08
OPP-0001843,SQO,2023-05-08
OPP-0001843,POC,2023-06-16
OPP-0001843,Proposal/Negotiation,2023-06-20
OPP-0001843,Closed Lost,2023-06-22
OPP-0001848,SAL,2023-03-09
OPP-0001848,SQO,2023-03-16
OPP-0001848,Proposal/Negotiation,2023-03-23
OPP-0001848,Closed Lost,2023-04-05
OPP-0001849,Open,2023-04-22
OPP-0001849,Negotiation,2023-04-29
OPP-0001849,Closed Won,2023-05-10
OPP-0001859,SAL,2023-03-12
OPP-0001859,SQO,2023-04-05
OPP-0001859,Proposal/Negotiation,2023-04-15
OPP-0001859,Closed Lost,2023-04-17
OPP-0001860,SAL,2023-03-14
OPP-0001860,SQO,2023-03-20
OPP-0001860,Proposal/Negotiation,2023-03-26
OPP-0001860,Closed Lost,2023-03-26
OPP-0001861,SAL,2023-03-26
OPP-0001861,SQO,2023-04-03
OPP-0001861,POC,2023-05-03
OPP-0001861,Proposal/Negotiation,2023-05-04
OPP-0001861,Closed Lost,2023-05-23
OPP-0001863,SAL,2023-03-11
OPP-0001863,SQO,2023-04-03
OPP-0001863,Proposal/Negotiation,2023-04-04
OPP-0001863,Closed Lost,2023-04-14
OPP-0001864,SAL,2023-03-12
OPP-0001864,SQO,2023-03-15
OPP-0001864,POC,2023-04-14
OPP-0001864,Proposal/Negotiation,2023-06-09
OPP-0001864,Closed Lost,2023-06-11
OPP-0001868,SAL,2023-03-12
OPP-0001868,SQO,2023-03-16
OPP-0001868,Proposal/Negotiation,2023-03-26
OPP-0001868,Closed Lost,2023-04-10
OPP-0001869,SAL,2023-03-10
OPP-0001869,SQO,2023-03-13
OPP-0001869,POC,2023-05-06
OPP-0001869,Proposal/Negotiation,2023-05-11
OPP-0001869,Closed Lost,2023-06-01
OPP-0001870,SAL,2023-03-22
OPP-0001870,SQO,2023-04-27
OPP-0001870,SAL,2023-05-06
OPP-0001870,POC,2023-06-25
OPP-0001870,Proposal/Negotiation,2023-07-03
OPP-0001870,Closed Lost,2023-07-09
OPP-0001873,SAL,2023-04-28
OPP-0001873,SQO,2023-05-24
OPP-0001873,POC,2023-08-12
OPP-0001873,Proposal/Negotiation,2023-08-25
OPP-0001873,Closed Lost,2023-08-25
OPP-0001874,Open,2023-03-19
OPP-0001874,Negotiation,2023-03-31
OPP-0001874,Closed Won,2023-06-01
OPP-0001878,Open,2023-03-12
OPP-0001878,Negotiation,2023-03-16
OPP-0001878,Closed Won,2023-04-01
OPP-0001879,SAL,2023-03-10
OPP-0001879,SQO,2023-03-27
OPP-0001879,Proposal/Negotiation,2023-04-11
OPP-0001879,Closed Lost,2023-04-15
OPP-0001880,SAL,2023-03-16
OPP-0001880,SQO,2023-03-25
OPP-0001880,Proposal/Negotiation,2023-03-25
OPP-0001880,SAL,2023-03-28
OPP-0001880,Closed Lost,2023-04-15
OPP-0001884,SAL,2023-03-16
OPP-0001884,SQO,2023-03-22
OPP-0001884,Proposal/Negotiation,2023-04-02
OPP-0001884,Closed Lost,2023-04-05
OPP-0001885,SAL,2023-03-21
OPP-0001885,SQO,2023-03-25
OPP-0001885,Proposal/Negotiation,2023-03-26
OPP-0001885,Closed Lost,2023-03-27
OPP-0001886,SAL,2023-03-27
OPP-0001886,SQO,2023-03-29
OPP-0001886,Proposal/Negotiation,2023-04-10
OPP-0001886,Closed Lost,2023-04-11
OPP-0001887,SAL,2023-03-18
OPP-0001887,SQO,2023-03-18
OPP-0001887,POC,2023-04-01
OPP-0001887,Proposal/Negotiation,2023-04-09
OPP-0001887,Closed Lost,2023-05-24
OPP-0001890,Open,2023-03-16
OPP-0001890,Negotiation,2023-03-24
OPP-0001890,Closed Won,2023-04-01
OPP-0001891,SAL,2023-03-30
OPP-0001891,SQO,2023-04-07
OPP-0001891,Proposal/Negotiation,2023-04-13
OPP-0001891,Closed Lost,2023-04-14
OPP-0001892,Open,2023-03-15
OPP-0001892,Negotiation,2023-03-27
OPP-0001892,Closed Won,2023-04-14
OPP-0001895,SAL,2023-04-04
OPP-0001895,SQO,2023-04-14
OPP-0001895,Proposal/Negotiation,2023-04-19
OPP-0001895,Closed Lost,2023-04-24
OPP-0001896,SAL,2023-03-16
OPP-0001896,SQO,2023-03-23
OPP-0001896,Proposal/Negotiation,2023-04-02
OPP-0001896,Closed Lost,2023-04-24
OPP-0001897,Open,2023-05-06
OPP-0001897,Negotiation,2023-05-12
OPP-0001897,Closed Won,2023-05-29
OPP-0001898,Open,2023-04-04
OPP-0001898,Negotiation,2023-04-14
OPP-0001898,Closed Won,2023-04-22
OPP-0001908,Open,2023-03-19
OPP-0001908,Negotiation,2023-03-25
OPP-0001908,Closed Won,2023-04-01
OPP-0001909,SAL,2023-03-18
OPP-0001909,SQO,2023-03-28
OPP-0001909,Proposal/Negotiation,2023-03-30
OPP-0001909,Closed Won,2023-04-16
OPP-0001911,SAL,2023-03-22
OPP-0001911,SQO,2023-03-29
OPP-0001911,Proposal/Negotiation,2023-04-22
OPP-0001911,Closed Lost,2023-04-24
OPP-0001912,SAL,2023-03-26
OPP-0001912,SQO,2023-03-29
OPP-0001912,Proposal/Negotiation,2023-04-01
OPP-0001912,Closed Lost,2023-04-02
OPP-0001913,SAL,2023-03-21
OPP-0001913,SQO,2023-03-26
OPP-0001913,SAL,2023-04-08
OPP-0001913,POC,2023-06-23
OPP-0001913,Proposal/Negotiation,2023-07-05
OPP-0001913,Closed Lost,2023-08-18
OPP-0001917,SAL,2023-03-20
OPP-0001917,SQO,2023-03-23
OPP-0001917,Proposal/Negotiation,2023-03-30
OPP-0001917,Closed Lost,2023-04-01
OPP-0001918,SAL,2023-04-18
OPP-0001918,SQO,2023-04-19
OPP-0001918,POC,2023-06-03
OPP-0001918,Proposal/Negotiation,2023-07-03
OPP-0001918,Closed Lost,2023-08-18
OPP-0001919,Open,2023-04-03
OPP-0001919,Negotiation,2023-04-05
OPP-0001919,Closed Won,2023-06-01
OPP-0001925,SAL,2023-04-11
OPP-0001925,SQO,2023-05-05
OPP-0001925,POC,2023-05-11
OPP-0001925,Proposal/Negotiation,2023-05-20
OPP-0001925,Closed Lost,2023-07-08
OPP-0001926,SAL,2023-03-20
OPP-0001926,SQO,2023-03-22
OPP-0001926,Proposal/Negotiation,2023-03-26
OPP-0001926,Closed Won,2023-04-07
OPP-0001927,SAL,2023-03-20
OPP-0001927,SQO,2023-03-26
OPP-0001927,Proposal/Negotiation,2023-04-20
OPP-0001927,Closed Won,2023-05-01
OPP-0001933,Open,2023-04-03
OPP-0001933,Negotiation,2023-04-04
OPP-0001933,Closed Won,2023-05-01
OPP-0001934,SAL,2023-04-04
OPP-0001934,SQO,2023-04-23
OPP-0001934,Proposal/Negotiation,2023-04-24
OPP-0001934,Closed Lost,2023-04-24
OPP-0001937,Open,2023-04-22
OPP-0001937,Negotiation,2023-04-28
OPP-0001937,Closed Won,2023-05-01
OPP-0001938,SAL,2023-04-20
OPP-0001938,SQO,2023-07-07
OPP-0001938,POC,2023-08-01
OPP-0001938,Proposal/Negotiation,2023-08-08
OPP-0001938,Closed Lost,2023-09-09
OPP-0001940,SAL,2023-04-01
OPP-0001940,SQO,2023-04-15
OPP-0001940,Proposal/Negotiation,2023-04-22
OPP-0001940,Closed Lost,2023-04-24
OPP-0001943,Open,2023-05-27
OPP-0001943,Negotiation,2023-05-31
OPP-0001943,Closed Won,2023-06-18
OPP-0001944,Open,2023-04-09
OPP-0001944,Negotiation,2023-04-17
OPP-0001944,Closed Won,2023-05-01
OPP-0001955,SAL,2023-04-06
OPP-0001955,SQO,2023-04-14
OPP-0001955,Proposal/Negotiation,2023-04-19
OPP-0001955,Closed Won,2023-05-01
OPP-0001968,SAL,2023-04-09
OPP-0001968,SQO,2023-04-09
OPP-0001968,Proposal/Negotiation,2023-04-09
OPP-0001968,Closed Lost,2023-04-10
OPP-0001969,SAL,2023-04-04
OPP-0001969,SQO,2023-04-13
OPP-0001969,Proposal/Negotiation,2023-04-23
OPP-0001969,Closed Lost,2023-04-25
OPP-0001970,SAL,2023-04-03
OPP-0001970,SQO,2023-04-10
OPP-0001970,SAL,2023-04-14
OPP-0001970,Proposal/Negotiation,2023-04-20
OPP-0001970,Closed Lost,2023-04-24
OPP-0001971,Open,2023-04-07
OPP-0001971,Negotiation,2023-04-10
OPP-0001971,Closed Won,2023-06-01
OPP-0001974,SAL,2023-04-03
OPP-0001974,SQO,2023-04-08
OPP-0001974,Proposal/Negotiation,2023-04-18
OPP-0001974,Closed Lost,2023-04-24
OPP-0001975,SAL,2023-04-12
OPP-0001975,SQO,2023-04-17
OPP-0001975,Proposal/Negotiation,2023-04-24
OPP-0001975,Closed Won,2023-04-25
OPP-0001979,SAL,2023-04-06
OPP-0001979,SQO,2023-05-01
OPP-0001979,Proposal/Negotiation,2023-05-01
OPP-0001979,Closed Lost,2023-05-02
OPP-0001980,Open,2023-04-18
OPP-0001980,Negotiation,2023-05-10
OPP-0001980,Closed Lost,2023-06-01
OPP-0001981,Open,2023-04-09
OPP-0001981,Negotiation,2023-04-17
OPP-0001981,Closed Won,2023-05-01
OPP-0001984,Open,2023-04-15
OPP-0001984,Negotiation,2023-04-19
OPP-0001984,Closed Won,2023-05-01
OPP-0001985,SAL,2023-04-06
OPP-0001985,SQO,2023-05-01
OPP-0001985,Proposal/Negotiation,2023-05-10
OPP-0001985,Closed Lost,2023-05-14
OPP-0001988,Open,2023-04-26
OPP-0001988,Negotiation,2023-04-28
OPP-0001988,Closed Won,2023-05-01
OPP-0001989,SAL,2023-04-06
OPP-0001989,SQO,2023-04-10
OPP-0001989,Proposal/Negotiation,2023-04-14
OPP-0001989,Closed Lost,2023-04-27
OPP-0001993,Open,2023-05-17
OPP-0001993,Negotiation,2023-06-03
OPP-0001993,Closed Won,2023-06-04
OPP-0001997,SAL,2023-04-14
OPP-0001997,SQO,2023-05-06
OPP-0001997,Proposal/Negotiation,2023-05-11
OPP-0001997,Closed Lost,2023-05-11
OPP-0001998,Open,2023-05-22
OPP-0001998,Negotiation,2023-06-14
OPP-0001998,Closed Won,2023-07-01
OPP-0001999,SAL,2023-04-10
OPP-0001999,SQO,2023-04-12
OPP-0001999,Proposal/Negotiation,2023-04-24
OPP-0001999,Closed Won,2023-04-27
OPP-0002000,SAL,2023-05-06
OPP-0002000,SQO,2023-05-08
OPP-0002000,Proposal/Negotiation,2023-05-14
OPP-0002000,Closed Lost,2023-05-20
OPP-0002001,SAL,2023-04-10
OPP-0002001,SQO,2023-04-17
OPP-0002001,Proposal/Negotiation,2023-04-23
OPP-0002001,Closed Lost,2023-04-26
OPP-0002003,SAL,2023-04-14
OPP-0002003,SQO,2023-04-30
OPP-0002003,Proposal/Negotiation,2023-05-01
OPP-0002003,Closed Lost,2023-05-08
OPP-0002004,SAL,2023-04-08
OPP-0002004,SQO,2023-05-03
OPP-0002004,Proposal/Negotiation,2023-05-03
OPP-0002004,Closed Lost,2023-05-05
OPP-0002008,SAL,2023-04-18
OPP-0002008,SQO,2023-04-24
OPP-0002008,Proposal/Negotiation,2023-05-08
OPP-0002008,Closed Lost,2023-05-19
OPP-0002009,SAL,2023-05-01
OPP-0002009,SQO,2023-05-01
OPP-0002009,POC,2023-05-18
OPP-0002009,Proposal/Negotiation,2023-07-08
OPP-0002009,Closed Lost,2023-07-16
OPP-0002010,Open,2023-04-11
OPP-0002010,Negotiation,2023-04-19
OPP-0002010,Closed Won,2023-05-28
OPP-0002015,SAL,2023-05-01
OPP-0002015,SQO,2023-05-12
OPP-0002015,Proposal/Negotiation,2023-05-18
OPP-0002015,Closed Lost,2023-05-22
OPP-0002018,SAL,2023-04-17
OPP-0002018,SQO,2023-04-28
OPP-0002018,Proposal/Negotiation,2023-05-03
OPP-0002018,Closed Lost,2023-05-06
OPP-0002021,SAL,2023-05-29
OPP-0002021,SQO,2023-06-22
OPP-0002021,POC,2023-08-08
OPP-0002021,Proposal/Negotiation,2023-08-24
OPP-0002021,Closed Lost,2023-09-05
OPP-0002023,SAL,2023-04-15
OPP-0002023,SQO,2023-04-21
OPP-0002023,Proposal/Negotiation,2023-04-26
OPP-0002023,Closed Lost,2023-05-06
OPP-0002024,SAL,2023-04-21
OPP-0002024,SQO,2023-04-25
OPP-0002024,Proposal/Negotiation,2023-05-02
OPP-0002024,Closed Lost,2023-05-26
OPP-0002025,SAL,2023-05-25
OPP-0002025,SQO,2023-07-22
OPP-0002025,POC,2023-07-30
OPP-0002025,Proposal/Negotiation,2023-08-02
OPP-0002025,Closed Lost,2023-08-02
OPP-0002034,SAL,2023-04-15
OPP-0002034,SQO,2023-04-26
OPP-0002034,Proposal/Negotiation,2023-04-27
OPP-0002034,Closed Won,2023-04-28
OPP-0002040,Open,2023-04-20
OPP-0002040,Negotiation,2023-04-22
OPP-0002040,Closed Won,2023-05-01
OPP-0002041,SAL,2023-05-02
OPP-0002041,SQO,2023-05-07
OPP-0002041,POC,2023-06-04
OPP-0002041,Proposal/Negotiation,2023-06-20
OPP-0002041,Closed Lost,2023-07-02
OPP-0002046,SAL,2023-05-01
OPP-0002046,SQO,2023-05-10
OPP-0002046,Proposal/Negotiation,2023-05-20
OPP-0002046,Closed Lost,2023-05-23
OPP-0002051,SAL,2023-05-24
OPP-0002051,SQO,2023-05-30
OPP-0002051,POC,2023-08-31
OPP-0002051,Proposal/Negotiation,2023-09-02
OPP-0002051,Closed Lost,2023-09-03
OPP-0002052,Open,2023-05-31
OPP-0002052,Negotiation,2023-06-21
OPP-0002052,Closed Won,2023-07-01
OPP-0002058,SAL,2023-05-06
OPP-0002058,SQO,2023-05-27
OPP-0002058,POC,2023-07-11
OPP-0002058,Proposal/Negotiation,2023-07-23
OPP-0002058,Closed Lost,2023-07-25
OPP-0002060,Open,2023-05-10
OPP-0002060,Negotiation,2023-05-29
OPP-0002060,Closed Won,2023-06-01
OPP-0002062,SAL,2023-05-01
OPP-0002062,SQO,2023-05-05
OPP-0002062,Proposal/Negotiation,2023-05-08
OPP-0002062,Closed Lost,2023-05-16
OPP-0002063,SAL,2023-05-02
OPP-0002063,SQO,2023-05-08
OPP-0002063,Proposal/Negotiation,2023-05-11
OPP-0002063,Closed Lost,2023-05-13
OPP-0002064,SAL,2023-04-25
OPP-0002064,SQO,2023-04-28
OPP-0002064,Proposal/Negotiation,2023-04-28
OPP-0002064,Closed Lost,2023-05-20
OPP-0002065,SAL,2023-05-03
OPP-0002065,SQO,2023-05-07
OPP-0002065,Proposal/Negotiation,2023-05-08
OPP-0002065,Closed Lost,2023-05-09
OPP-0002066,SAL,2023-06-08
OPP-0002066,SQO,2023-06-19
OPP-0002066,POC,2023-07-23
OPP-0002066,Proposal/Negotiation,2023-08-11
OPP-0002066,Closed Won,2023-08-23
OPP-0002068,Open,2023-04-28
OPP-0002068,Negotiation,2023-05-17
OPP-0002068,Closed Won,2023-06-01
OPP-0002069,SAL,2023-04-30
OPP-0002069,SQO,2023-05-02
OPP-0002069,Proposal/Negotiation,2023-05-04
OPP-0002069,Closed Lost,2023-05-10
OPP-0002073,Open,2023-06-01
OPP-0002073,Negotiation,2023-06-05
OPP-0002073,Closed Won,2023-06-23
OPP-0002074,Open,2023-05-17
OPP-0002074,Negotiation,2023-05-25
OPP-0002074,Closed Won,2023-07-01
OPP-0002081,SAL,2023-06-21
OPP-0002081,SQO,2023-07-06
OPP-0002081,POC,2023-09-01
OPP-0002081,Proposal/Negotiation,2023-09-08
OPP-0002081,Closed Lost,2023-09-16
OPP-0002082,SAL,2023-04-30
OPP-0002082,SQO,2023-05-03
OPP-0002082,Proposal/Negotiation,2023-05-12
OPP-0002082,Closed Won,2023-05-18
OPP-0002088,SAL,2023-05-03
OPP-0002088,SQO,2023-05-07
OPP-0002088,Proposal/Negotiation,2023-05-17
OPP-0002088,Closed Lost,2023-05-22
OPP-0002089,SAL,2023-04-30
OPP-0002089,SQO,2023-05-19
OPP-0002089,POC,2023-05-30
OPP-0002089,Proposal/Negotiation,2023-06-24
OPP-0002089,Closed Won,2023-08-20
OPP-0002095,SAL,2023-05-01
OPP-0002095,SQO,2023-06-11
OPP-0002095,POC,2023-06-29
OPP-0002095,Proposal/Negotiation,2023-07-29
OPP-0002095,Closed Lost,2023-08-22
OPP-0002096,SAL,2023-06-04
OPP-0002096,SQO,2023-07-01
OPP-0002096,POC,2023-07-26
OPP-0002096,Proposal/Negotiation,2023-07-30
OPP-0002096,Closed Lost,2023-08-06
OPP-0002097,SAL,2023-04-30
OPP-0002097,SQO,2023-05-12
OPP-0002097,Proposal/Negotiation,2023-05-14
OPP-0002097,SAL,2023-05-19
OPP-0002097,Closed Lost,2023-05-21
OPP-0002098,SAL,2023-05-03
OPP-0002098,SQO,2023-05-15
OPP-0002098,Proposal/Negotiation,2023-05-19
OPP-0002098,Closed Lost,2023-05-21
OPP-0002099,SAL,2023-05-03
OPP-0002099,SQO,2023-06-10
OPP-0002099,POC,2023-07-25
OPP-0002099,Proposal/Negotiation,2023-08-06
OPP-0002099,Closed Lost,2023-09-15
OPP-0002104,SAL,2023-05-04
OPP-0002104,SQO,2023-05-13
OPP-0002104,Proposal/Negotiation,2023-05-25
OPP-0002104,Closed Lost,2023-06-12
OPP-0002111,SAL,2023-05-16
OPP-0002111,SQO,2023-06-02
OPP-0002111,Proposal/Negotiation,2023-06-05
OPP-0002111,Closed Lost,2023-06-09
OPP-0002112,SAL,2023-06-01
OPP-0002112,SQO,2023-08-06
OPP-0002112,POC,2023-09-01
OPP-0002112,Proposal/Negotiation,2023-09-09
OPP-0002112,Closed Lost,2023-10-10
OPP-0002113,SAL,2023-05-28
OPP-0002113,SQO,2023-06-04
OPP-0002113,POC,2023-07-01
OPP-0002113,Proposal/Negotiation,2023-07-19
OPP-0002113,Closed Lost,2023-09-05
OPP-0002114,Open,2023-05-06
OPP-0002114,Negotiation,2023-06-07
OPP-0002114,Closed Won,2023-07-31
OPP-0002120,SAL,2023-05-09
OPP-0002120,SQO,2023-05-11
OPP-0002120,Proposal/Negotiation,2023-05-19
OPP-0002120,Closed Lost,2023-06-18
OPP-0002123,Open,2023-05-08
OPP-0002123,Negotiation,2023-05-20
OPP-0002123,Closed Won,2023-06-01
OPP-0002124,SAL,2023-06-09
OPP-0002124,SQO,2023-07-25
OPP-0002124,POC,2023-09-03
OPP-0002124,Proposal/Negotiation,2023-09-16
OPP-0002124,Closed Lost,2023-10-11
OPP-0002125,SAL,2023-05-23
OPP-0002125,SQO,2023-05-28
OPP-0002125,POC,2023-07-17
OPP-0002125,Proposal/Negotiation,2023-07-23
OPP-0002125,Closed Lost,2023-08-05
OPP-0002129,SAL,2023-05-10
OPP-0002129,SQO,2023-05-18
OPP-0002129,Proposal/Negotiation,2023-05-23
OPP-0002129,Closed Lost,2023-06-20
OPP-0002130,SAL,2023-05-13
OPP-0002130,SQO,2023-05-28
OPP-0002130,POC,2023-08-26
OPP-0002130,Proposal/Negotiation,2023-09-15
OPP-0002130,Closed Lost,2023-09-20
OPP-0002131,Open,2023-05-16
OPP-0002131,Negotiation,2023-06-16
OPP-0002131,Closed Won,2023-09-07
OPP-0002134,SAL,2023-05-16
OPP-0002134,SQO,2023-06-03
OPP-0002134,POC,2023-06-30
OPP-0002134,Proposal/Negotiation,2023-07-08
OPP-0002134,Closed Lost,2023-07-22
OPP-0002142,Open,2023-05-31
OPP-0002142,Negotiation,2023-06-24
OPP-0002142,Closed Won,2023-07-14
OPP-0002145,SAL,2023-05-17
OPP-0002145,SQO,2023-05-29
OPP-0002145,Proposal/Negotiation,2023-06-08
OPP-0002145,Closed Lost,2023-06-11
OPP-0002146,SAL,2023-05-13
OPP-0002146,SQO,2023-05-17
OPP-0002146,Proposal/Negotiation,2023-05-27
OPP-0002146,Closed Lost,2023-05-28
OPP-0002147,Open,2023-06-08
OPP-0002147,Negotiation,2023-06-12
OPP-0002147,Closed Won,2023-07-17
OPP-0002159,Open,2023-05-30
OPP-0002159,Negotiation,2023-06-10
OPP-0002159,Closed Won,2023-06-16
OPP-0002163,Open,2023-05-18
OPP-0002163,Negotiation,2023-06-23
OPP-0002163,Closed Lost,2023-07-01
OPP-0002166,Open,2023-05-19
OPP-0002166,Negotiation,2023-05-31
OPP-0002166,Closed Won,2023-06-01
OPP-0002167,SAL,2023-05-18
OPP-0002167,SQO,2023-05-18
OPP-0002167,Proposal/Negotiation,2023-06-03
OPP-0002167,Closed Lost,2023-06-14
OPP-0002168,SAL,2023-05-24
OPP-0002168,SQO,2023-05-29
OPP-0002168,POC,2023-07-25
OPP-0002168,Proposal/Negotiation,2023-10-06
OPP-0002168,Closed Lost,2023-10-22
OPP-0002169,SAL,2023-06-10
OPP-0002169,SQO,2023-06-11
OPP-0002169,POC,2023-07-07
OPP-0002169,Proposal/Negotiation,2023-07-08
OPP-0002169,Closed Lost,2023-08-23
OPP-0002176,SAL,2023-05-17
OPP-0002176,SQO,2023-05-21
OPP-0002176,Proposal/Negotiation,2023-05-24
OPP-0002176,Closed Lost,2023-06-08
OPP-0002177,SAL,2023-05-20
OPP-0002177,SQO,2023-05-25
OPP-0002177,Proposal/Negotiation,2023-06-01
OPP-0002177,Closed Won,2023-06-02
OPP-0002182,SAL,2023-05-23
OPP-0002182,SQO,2023-06-22
OPP-0002182,POC,2023-07-10
OPP-0002182,Proposal/Negotiation,2023-07-13
OPP-0002182,Closed Lost,2023-07-23
OPP-0002183,Open,2023-07-05
OPP-0002183,Negotiation,2023-07-10
OPP-0002183,Closed Won,2023-08-08
OPP-0002186,SAL,2023-05-29
OPP-0002186,SQO,2023-06-09
OPP-0002186,Proposal/Negotiation,2023-06-11
OPP-0002186,Closed Lost,2023-06-12
OPP-0002187,SAL,2023-05-18
OPP-0002187,SQO,2023-06-25
OPP-0002187,POC,2023-07-14
OPP-0002187,Proposal/Negotiation,2023-07-15
OPP-0002187,Closed Lost,2023-07-18
OPP-0002188,Open,2023-05-20
OPP-0002188,Negotiation,2023-07-21
OPP-0002188,Closed Won,2023-08-10
OPP-0002189,Open,2023-05-21
OPP-0002189,Negotiation,2023-05-23
OPP-0002189,Closed Won,2023-06-01
OPP-0002190,Open,2023-06-03
OPP-0002190,Negotiation,2023-06-23
OPP-0002190,Closed Won,2023-07-01
OPP-0002191,SAL,2023-05-27
OPP-0002191,SQO,2023-05-28
OPP-0002191,SAL,2023-06-01
OPP-0002191,Proposal/Negotiation,2023-06-07
OPP-0002191,Closed Lost,2023-06-10
OPP-0002192,SAL,2023-05-22
OPP-0002192,SQO,2023-05-23
OPP-0002192,Proposal/Negotiation,2023-05-30
OPP-0002192,SAL,2023-06-04
OPP-0002192,Closed Lost,2023-06-11
OPP-0002196,SAL,2023-06-06
OPP-0002196,SQO,2023-06-07
OPP-0002196,Proposal/Negotiation,2023-06-15
OPP-0002196,Closed Lost,2023-06-22
OPP-0002197,Open,2023-06-03
OPP-0002197,Negotiation,2023-07-19
OPP-0002197,Closed Won,2023-07-31
OPP-0002198,Open,2023-06-13
OPP-0002198,Negotiation,2023-06-14
OPP-0002198,Closed Won,2023-07-01
OPP-0002205,Open,2023-05-25
OPP-0002205,Negotiation,2023-06-20
OPP-0002205,Closed Won,2023-08-01
OPP-0002211,SAL,2023-05-22
OPP-0002211,SQO,2023-05-24
OPP-0002211,Proposal/Negotiation,2023-06-11
OPP-0002211,Closed Lost,2023-06-14
OPP-0002212,SAL,2023-05-26
OPP-0002212,SQO,2023-06-21
OPP-0002212,POC,2023-06-23
OPP-0002212,Proposal/Negotiation,2023-06-24
OPP-0002212,Closed Lost,2023-07-27
OPP-0002218,SAL,2023-05-25
OPP-0002218,SQO,2023-06-12
OPP-0002218,Proposal/Negotiation,2023-06-16
OPP-0002218,Closed Lost,2023-06-24
OPP-0002219,SAL,2023-05-25
OPP-0002219,SQO,2023-06-08
OPP-0002219,Proposal/Negotiation,2023-06-25
OPP-0002219,Closed Lost,2023-06-26
OPP-0002220,SAL,2023-06-18
OPP-0002220,SQO,2023-06-27
OPP-0002220,POC,2023-07-31
OPP-0002220,Proposal/Negotiation,2023-08-19
OPP-0002220,Closed Lost,2023-09-10
OPP-0002221,SAL,2023-06-10
OPP-0002221,SQO,2023-06-12
OPP-0002221,Proposal/Negotiation,2023-06-20
OPP-0002221,Closed Won,2023-06-27
OPP-0002222,SAL,2023-05-23
OPP-0002222,SQO,2023-06-08
OPP-0002222,Proposal/Negotiation,2023-06-08
OPP-0002222,Closed Won,2023-06-09
OPP-0002226,SAL,2023-05-27
OPP-0002226,SQO,2023-05-31
OPP-0002226,Proposal/Negotiation,2023-06-01
OPP-0002226,Closed Lost,2023-06-18
OPP-0002227,SAL,2023-06-08
OPP-0002227,SQO,2023-06-09
OPP-0002227,Proposal/Negotiation,2023-06-15
OPP-0002227,Closed Won,2023-06-23
OPP-0002229,SAL,2023-06-04
OPP-0002229,SQO,2023-06-22
OPP-0002229,Proposal/Negotiation,2023-06-27
OPP-0002229,Closed Lost,2023-07-03
OPP-0002230,SAL,2023-06-06
OPP-0002230,SQO,2023-06-11
OPP-0002230,Proposal/Negotiation,2023-06-17
OPP-0002230,Closed Lost,2023-06-25
OPP-0002231,SAL,2023-05-27
OPP-0002231,SQO,2023-05-30
OPP-0002231,Proposal/Negotiation,2023-06-11
OPP-0002231,Closed Won,2023-06-12
OPP-0002236,Open,2023-06-08
OPP-0002236,Negotiation,2023-06-24
OPP-0002236,Closed Won,2023-07-01
OPP-0002240,SAL,2023-05-26
OPP-0002240,SQO,2023-06-05
OPP-0002240,Proposal/Negotiation,2023-06-27
OPP-0002240,Closed Lost,2023-07-01
OPP-0002241,SAL,2023-06-02
OPP-0002241,SQO,2023-06-13
OPP-0002241,Proposal/Negotiation,2023-06-16
OPP-0002241,Closed Lost,2023-06-27
OPP-0002242,SAL,2023-05-31
OPP-0002242,SQO,2023-06-06
OPP-0002242,Proposal/Negotiation,2023-06-08
OPP-0002242,Closed Lost,2023-06-09
OPP-0002243,SAL,2023-06-14
OPP-0002243,SQO,2023-06-15
OPP-0002243,POC,2023-07-22
OPP-0002243,Proposal/Negotiation,2023-07-29
OPP-0002243,Closed Lost,2023-08-08
OPP-0002244,SAL,2023-06-11
OPP-0002244,SQO,2023-06-15
OPP-0002244,Proposal/Negotiation,2023-06-20
OPP-0002244,Closed Won,2023-07-02
OPP-0002249,Open,2023-05-29
OPP-0002249,Negotiation,2023-06-21
OPP-0002249,Closed Won,2023-08-01
OPP-0002251,Open,2023-06-03
OPP-0002251,Negotiation,2023-06-14
OPP-0002251,Closed Won,2023-07-03
OPP-0002255,Open,2023-06-08
OPP-0002255,Negotiation,2023-06-12
OPP-0002255,Closed Won,2023-07-01
OPP-0002256,SAL,2023-06-06
OPP-0002256,SQO,2023-07-02
OPP-0002256,POC,2023-07-18
OPP-0002256,Proposal/Negotiation,2023-08-26
OPP-0002256,Closed Won,2023-09-06
OPP-0002257,SAL,2023-06-06
OPP-0002257,SQO,2023-06-11
OPP-0002257,POC,2023-07-20
OPP-0002257,Proposal/Negotiation,2023-07-21
OPP-0002257,Closed Lost,2023-09-12
OPP-0002258,Open,2023-06-02
OPP-0002258,Negotiation,2023-06-28
OPP-0002258,Closed Won,2023-08-03
OPP-0002259,SAL,2023-06-19
OPP-0002259,SQO,2023-06-23
OPP-0002259,POC,2023-09-19
OPP-0002259,Proposal/Negotiation,2023-10-01
OPP-0002259,Closed Won,2023-10-14
OPP-0002266,Open,2023-06-21
OPP-0002266,Negotiation,2023-06-30
OPP-0002266,Closed Won,2023-07-01
OPP-0002267,SAL,2023-06-06
OPP-0002267,SQO,2023-06-09
OPP-0002267,Proposal/Negotiation,2023-06-10
OPP-0002267,Closed Lost,2023-06-19
OPP-0002268,Open,2023-07-12
OPP-0002268,Negotiation,2023-07-30
OPP-0002268,Closed Won,2023-08-01
OPP-0002273,SAL,2023-06-05
OPP-0002273,SQO,2023-06-08
OPP-0002273,Proposal/Negotiation,2023-06-15
OPP-0002273,Closed Lost,2023-06-20
OPP-0002274,SAL,2023-06-07
OPP-0002274,SQO,2023-06-13
OPP-0002274,Proposal/Negotiation,2023-06-18
OPP-0002274,Closed Lost,2023-06-21
OPP-0002275,SAL,2023-06-09
OPP-0002275,SQO,2023-06-21
OPP-0002275,Proposal/Negotiation,2023-06-28
OPP-0002275,SAL,2023-07-03
OPP-0002275,Closed Lost,2023-07-14
OPP-0002276,Open,2023-06-29
OPP-0002276,Negotiation,2023-08-02
OPP-0002276,Closed Won,2023-08-13
OPP-0002285,SAL,2023-06-07
OPP-0002285,SQO,2023-06-17
OPP-0002285,Proposal/Negotiation,2023-07-02
OPP-0002285,Closed Lost,2023-07-06
OPP-0002286,SAL,2023-06-08
OPP-0002286,SQO,2023-06-12
OPP-0002286,POC,2023-07-02
OPP-0002286,Proposal/Negotiation,2023-07-28
OPP-0002286,Closed Lost,2023-08-15
OPP-0002287,Open,2023-07-22
OPP-0002287,Negotiation,2023-07-24
OPP-0002287,Closed Won,2023-09-01
OPP-0002291,Open,2023-06-21
OPP-0002291,Negotiation,2023-06-23
OPP-0002291,Closed Lost,2023-08-13
OPP-0002293,Open,2023-06-16
OPP-0002293,Negotiation,2023-07-03
OPP-0002293,Closed Won,2023-07-14
OPP-0002294,Open,2023-07-30
OPP-0002294,Negotiation,2023-08-29
OPP-0002294,Closed Won,2023-09-01
OPP-0002297,Open,2023-07-03
OPP-0002297,Negotiation,2023-07-15
OPP-0002297,Closed Won,2023-08-01
OPP-0002298,SAL,2023-06-13
OPP-0002298,SQO,2023-06-16
OPP-0002298,POC,2023-07-04
OPP-0002298,Proposal/Negotiation,2023-07-15
OPP-0002298,Closed Won,2023-08-21
OPP-0002302,SAL,2023-06-14
OPP-0002302,SQO,2023-06-16
OPP-0002302,Proposal/Negotiation,2023-06-29
OPP-0002302,Closed Lost,2023-07-20
OPP-0002311,SAL,2023-06-11
OPP-0002311,SQO,2023-06-15
OPP-0002311,Proposal/Negotiation,2023-07-04
OPP-0002311,Closed Lost,2023-07-24
OPP-0002312,SAL,2023-06-17
OPP-0002312,SQO,2023-07-05
OPP-0002312,Proposal/Negotiation,2023-07-13
OPP-0002312,Closed Lost,2023-07-14
OPP-0002313,Open,2023-07-17
OPP-0002313,Negotiation,2023-08-05
OPP-0002313,Closed Won,2023-09-06
OPP-0002314,SAL,2023-06-13
OPP-0002314,SQO,2023-06-28
OPP-0002314,Proposal/Negotiation,2023-07-24
OPP-0002314,Closed Won,2023-07-25
OPP-0002315,SAL,2023-06-20
OPP-0002315,SQO,2023-07-07
OPP-0002315,Proposal/Negotiation,2023-07-08
OPP-0002315,Closed Won,2023-07-09
OPP-0002317,SAL,2023-06-29
OPP-0002317,SQO,2023-06-30
OPP-0002317,SAL,2023-07-11
OPP-0002317,Proposal/Negotiation,2023-07-20
OPP-0002317,Closed Lost,2023-07-24
OPP-0002323,SAL,2023-06-17
OPP-0002323,SQO,2023-06-26
OPP-0002323,Proposal/Negotiation,2023-07-08
OPP-0002323,Closed Lost,2023-07-21
OPP-0002324,SAL,2023-06-17
OPP-0002324,SQO,2023-06-26
OPP-0002324,Proposal/Negotiation,2023-06-29
OPP-0002324,Closed Lost,2023-07-20
OPP-0002325,SAL,2023-06-17
OPP-0002325,SQO,2023-06-27
OPP-0002325,Proposal/Negotiation,2023-07-13
OPP-0002325,Closed Lost,2023-07-13
OPP-0002326,SAL,2023-06-29
OPP-0002326,SQO,2023-07-06
OPP-0002326,POC,2023-08-03
OPP-0002326,Proposal/Negotiation,2023-08-13
OPP-0002326,Closed Lost,2023-08-20
OPP-0002327,SAL,2023-06-19
OPP-0002327,SQO,2023-07-24
OPP-0002327,POC,2023-11-06
OPP-0002327,Proposal/Negotiation,2023-11-06
OPP-0002327,Closed Lost,2023-11-28
OPP-0002331,Open,2023-06-30
OPP-0002331,Negotiation,2023-07-01
OPP-0002331,Closed Won,2023-07-01
OPP-0002332,SAL,2023-06-16
OPP-0002332,SQO,2023-06-20
OPP-0002332,Proposal/Negotiation,2023-07-04
OPP-0002332,Closed Lost,2023-07-16
OPP-0002333,SAL,2023-06-15
OPP-0002333,SQO,2023-06-20
OPP-0002333,Proposal/Negotiation,2023-07-01
OPP-0002333,Closed Lost,2023-07-23
OPP-0002334,Open,2023-06-17
OPP-0002334,Negotiation,2023-08-16
OPP-0002334,Closed Won,2023-09-09
OPP-0002339,SAL,2023-06-19
OPP-0002339,SQO,2023-07-03
OPP-0002339,Proposal/Negotiation,2023-07-10
OPP-0002339,Closed Lost,2023-07-18
OPP-0002340,SAL,2023-06-26
OPP-0002340,SQO,2023-06-27
OPP-0002340,Proposal/Negotiation,2023-06-28
OPP-0002340,Closed Lost,2023-07-03
OPP-0002341,SAL,2023-06-17
OPP-0002341,SQO,2023-06-19
OPP-0002341,Proposal/Negotiation,2023-07-03
OPP-0002341,Closed Won,2023-07-10
OPP-0002343,SAL,2023-06-19
OPP-0002343,SQO,2023-07-09
OPP-0002343,Proposal/Negotiation,2023-07-14
OPP-0002343,Closed Lost,2023-07-17
OPP-0002344,Open,2023-06-17
OPP-0002344,Negotiation,2023-09-12
OPP-0002344,Closed Won,2023-09-19
OPP-0002345,SAL,2023-06-26
OPP-0002345,SQO,2023-08-17
OPP-0002345,POC,2023-09-25
OPP-0002345,Proposal/Negotiation,2023-11-18
OPP-0002345,Closed Won,2023-11-28
OPP-0002348,Open,2023-06-30
OPP-0002348,Negotiation,2023-07-03
OPP-0002348,Closed Won,2023-08-20
OPP-0002354,SAL,2023-06-20
OPP-0002354,SQO,2023-06-24
OPP-0002354,Proposal/Negotiation,2023-07-02
OPP-0002354,Closed Lost,2023-07-06
OPP-0002355,SAL,2023-07-02
OPP-0002355,SQO,2023-07-04
OPP-0002355,Proposal/Negotiation,2023-07-04
OPP-0002355,Closed Lost,2023-07-14
OPP-0002356,Open,2023-07-11
OPP-0002356,Negotiation,2023-08-18
OPP-0002356,Closed Won,2023-08-18
OPP-0002357,SAL,2023-06-25
OPP-0002357,SQO,2023-06-30
OPP-0002357,Proposal/Negotiation,2023-07-17
OPP-0002357,Closed Won,2023-07-19
OPP-0002366,Open,2023-07-04
OPP-0002366,Negotiation,2023-08-05
OPP-0002366,Closed Won,2023-09-07
OPP-0002367,SAL,2023-07-04
OPP-0002367,SQO,2023-08-05
OPP-0002367,Proposal/Negotiation,2023-08-06
OPP-0002367,Closed Lost,2023-08-07
OPP-0002368,SAL,2023-06-27
OPP-0002368,SQO,2023-07-05
OPP-0002368,Proposal/Negotiation,2023-07-06
OPP-0002368,Closed Won,2023-07-08
OPP-0002374,SAL,2023-06-27
OPP-0002374,SQO,2023-07-04
OPP-0002374,Proposal/Negotiation,2023-07-08
OPP-0002374,Closed Lost,2023-07-21
OPP-0002375,SAL,2023-06-29
OPP-0002375,SQO,2023-07-01
OPP-0002375,Proposal/Negotiation,2023-07-02
OPP-0002375,Closed Won,2023-07-14
OPP-0002378,SAL,2023-07-08
OPP-0002378,SQO,2023-07-17
OPP-0002378,Proposal/Negotiation,2023-07-18
OPP-0002378,Closed Lost,2023-07-21
OPP-0002379,SAL,2023-07-07
OPP-0002379,SQO,2023-07-23
OPP-0002379,Proposal/Negotiation,2023-07-26
OPP-0002379,Closed Lost,2023-07-26
OPP-0002380,Open,2023-07-14
OPP-0002380,Negotiation,2023-07-16
OPP-0002380,Closed Won,2023-08-01
OPP-0002387,Open,2023-06-29
OPP-0002387,Negotiation,2023-07-18
OPP-0002387,Closed Won,2023-08-01
OPP-0002388,Open,2023-07-11
OPP-0002388,Negotiation,2023-07-27
OPP-0002388,Closed Won,2023-08-01
OPP-0002394,Open,2023-07-04
OPP-0002394,Negotiation,2023-07-14
OPP-0002394,Closed Won,2023-08-01
OPP-0002396,SAL,2023-07-03
OPP-0002396,SQO,2023-07-04
OPP-0002396,Proposal/Negotiation,2023-07-13
OPP-0002396,Closed Lost,2023-07-17
OPP-0002397,SAL,2023-07-02
OPP-0002397,SQO,2023-07-03
OPP-0002397,Proposal/Negotiation,2023-07-10
OPP-0002397,Closed Lost,2023-07-17
OPP-0002398,SAL,2023-07-23
OPP-0002398,SQO,2023-07-25
OPP-0002398,POC,2023-08-29
OPP-0002398,Proposal/Negotiation,2023-08-30
OPP-0002398,Closed Lost,2023-09-11
OPP-0002399,SAL,2023-07-02
OPP-0002399,SQO,2023-07-02
OPP-0002399,POC,2023-08-01
OPP-0002399,Proposal/Negotiation,2023-08-21
OPP-0002399,Closed Lost,2023-09-02
OPP-0002400,SAL,2023-07-07
OPP-0002400,SQO,2023-07-12
OPP-0002400,Proposal/Negotiation,2023-07-15
OPP-0002400,Closed Won,2023-07-28
OPP-0002401,SAL,2023-07-16
OPP-0002401,SQO,2023-07-29
OPP-0002401,POC,2023-10-14
OPP-0002401,Proposal/Negotiation,2023-10-18
OPP-0002401,Closed Lost,2023-10-24
OPP-0002402,SAL,2023-08-17
OPP-0002402,SQO,2023-08-27
OPP-0002402,POC,2023-09-14
OPP-0002402,Proposal/Negotiation,2023-11-01
OPP-0002402,Closed Won,2023-11-21
OPP-0002403,SAL,2023-07-11
OPP-0002403,SQO,2023-07-22
OPP-0002403,Proposal/Negotiation,2023-07-28
OPP-0002403,Closed Won,2023-08-01
OPP-0002404,SAL,2023-07-04
OPP-0002404,SQO,2023-07-19
OPP-0002404,Proposal/Negotiation,2023-07-24
OPP-0002404,Closed Won,2023-07-24
OPP-0002406,SAL,2023-07-20
OPP-0002406,SQO,2023-07-25
OPP-0002406,Proposal/Negotiation,2023-08-04
OPP-0002406,Closed Lost,2023-08-07
OPP-0002407,SAL,2023-07-02
OPP-0002407,SQO,2023-07-15
OPP-0002407,Proposal/Negotiation,2023-07-23
OPP-0002407,Closed Lost,2023-08-15
OPP-0002414,SAL,2023-07-13
OPP-0002414,SQO,2023-08-02
OPP-0002414,Proposal/Negotiation,2023-08-03
OPP-0002414,Closed Lost,2023-08-03
OPP-0002415,SAL,2023-07-11
OPP-0002415,SQO,2023-07-28
OPP-0002415,Proposal/Negotiation,2023-08-07
OPP-0002415,Closed Won,2023-08-17
OPP-0002416,SAL,2023-07-11
OPP-0002416,SQO,2023-07-18
OPP-0002416,Proposal/Negotiation,2023-07-26
OPP-0002416,Closed Lost,2023-07-28
OPP-0002417,SAL,2023-07-27
OPP-0002417,SQO,2023-08-08
OPP-0002417,Proposal/Negotiation,2023-08-10
OPP-0002417,Closed Lost,2023-08-13
OPP-0002418,SAL,2023-08-04
OPP-0002418,SQO,2023-08-14
OPP-0002418,POC,2023-09-02
OPP-0002418,Proposal/Negotiation,2023-09-25
OPP-0002418,Closed Lost,2023-09-27
OPP-0002420,SAL,2023-07-19
OPP-0002420,SQO,2023-08-05
OPP-0002420,Proposal/Negotiation,2023-08-09
OPP-0002420,Closed Lost,2023-08-12
OPP-0002425,Open,2023-07-23
OPP-0002425,Negotiation,2023-08-15
OPP-0002425,Closed Won,2023-09-15
OPP-0002429,SAL,2023-07-08
OPP-0002429,SQO,2023-07-25
OPP-0002429,Proposal/Negotiation,2023-07-26
OPP-0002429,Closed Lost,2023-08-01
OPP-0002430,SAL,2023-07-18
OPP-0002430,SQO,2023-07-20
OPP-0002430,Proposal/Negotiation,2023-07-24
OPP-0002430,Closed Lost,2023-08-07
OPP-0002431,SAL,2023-07-10
OPP-0002431,SQO,2023-07-24
OPP-0002431,Proposal/Negotiation,2023-07-30
OPP-0002431,Closed Lost,2023-08-06
OPP-0002432,Open,2023-08-05
OPP-0002432,Negotiation,2023-09-08
OPP-0002432,Closed Lost,2023-10-01
OPP-0002435,Open,2023-09-16
OPP-0002435,Negotiation,2023-09-16
OPP-0002435,Closed Won,2023-10-01
OPP-0002438,SAL,2023-07-13
OPP-0002438,SQO,2023-08-03
OPP-0002438,Proposal/Negotiation,2023-08-08
OPP-0002438,Closed Lost,2023-08-13
OPP-0002439,SAL,2023-07-12
OPP-0002439,SQO,2023-07-19
OPP-0002439,Proposal/Negotiation,2023-08-07
OPP-0002439,Closed Lost,2023-08-20
OPP-0002440,SAL,2023-07-10
OPP-0002440,SQO,2023-07-25
OPP-0002440,POC,2023-09-26
OPP-0002440,Proposal/Negotiation,2023-11-02
OPP-0002440,Closed Lost,2023-11-16
OPP-0002442,SAL,2023-08-05
OPP-0002442,SQO,2023-08-09
OPP-0002442,POC,2023-10-01
OPP-0002442,Proposal/Negotiation,2023-10-23
OPP-0002442,Closed Won,2023-11-03
OPP-0002443,SAL,2023-07-27
OPP-0002443,SQO,2023-08-04
OPP-0002443,POC,2023-09-14
OPP-0002443,Proposal/Negotiation,2023-10-10
OPP-0002443,Closed Won,2023-10-27
OPP-0002444,SAL,2023-08-08
OPP-0002444,SQO,2023-08-13
OPP-0002444,Proposal/Negotiation,2023-08-18
OPP-0002444,Closed Won,2023-08-19
OPP-0002448,SAL,2023-08-04
OPP-0002448,SQO,2023-08-04
OPP-0002448,POC,2023-11-13
OPP-0002448,Proposal/Negotiation,2023-11-14
OPP-0002448,Closed Lost,2023-11-18
OPP-0002449,SAL,2023-07-21
OPP-0002449,SQO,2023-08-06
OPP-0002449,POC,2023-08-12
OPP-0002449,Proposal/Negotiation,2023-09-03
OPP-0002449,Closed Lost,2023-09-25
OPP-0002450,SAL,2023-07-16
OPP-0002450,SQO,2023-07-17
OPP-0002450,Proposal/Negotiation,2023-07-24
OPP-0002450,Closed Won,2023-07-27
OPP-0002454,Open,2023-07-15
OPP-0002454,Negotiation,2023-07-22
OPP-0002454,Closed Won,2023-08-01
OPP-0002455,SAL,2023-07-22
OPP-0002455,SQO,2023-07-27
OPP-0002455,Proposal/Negotiation,2023-08-07
OPP-0002455,Closed Lost,2023-08-09
OPP-0002458,Open,2023-07-26
OPP-0002458,Negotiation,2023-08-02
OPP-0002458,Closed Won,2023-08-21
OPP-0002464,SAL,2023-07-17
OPP-0002464,SQO,2023-07-24
OPP-0002464,Proposal/Negotiation,2023-07-26
OPP-0002464,Closed Lost,2023-08-04
OPP-0002465,SAL,2023-07-19
OPP-0002465,SQO,2023-08-06
OPP-0002465,Proposal/Negotiation,2023-08-17
OPP-0002465,Closed Won,2023-08-23
OPP-0002471,SAL,2023-07-29
OPP-0002471,SQO,2023-08-14
OPP-0002471,Proposal/Negotiation,2023-08-18
OPP-0002471,Closed Lost,2023-08-20
OPP-0002476,SAL,2023-08-01
OPP-0002476,SQO,2023-08-09
OPP-0002476,Proposal/Negotiation,2023-08-12
OPP-0002476,Closed Lost,2023-08-15
OPP-0002477,SAL,2023-07-17
OPP-0002477,SQO,2023-07-31
OPP-0002477,Proposal/Negotiation,2023-08-08
OPP-0002477,Closed Lost,2023-08-10
OPP-0002480,SAL,2023-07-27
OPP-0002480,SQO,2023-08-17
OPP-0002480,Proposal/Negotiation,2023-08-19
OPP-0002480,Closed Lost,2023-08-20
OPP-0002483,SAL,2023-08-10
OPP-0002483,SQO,2023-09-22
OPP-0002483,POC,2023-12-15
OPP-0002483,Proposal/Negotiation,2023-12-21
OPP-0002483,Closed Lost,2023-12-25
OPP-0002484,Open,2023-09-06
OPP-0002484,Negotiation,2023-10-04
OPP-0002484,Closed Lost,2023-10-08
OPP-0002485,SAL,2023-08-08
OPP-0002485,SQO,2023-08-21
OPP-0002485,Proposal/Negotiation,2023-08-22
OPP-0002485,Closed Won,2023-08-25
OPP-0002492,SAL,2023-07-20
OPP-0002492,SQO,2023-07-21
OPP-0002492,POC,2023-09-04
OPP-0002492,Proposal/Negotiation,2023-09-21
OPP-0002492,Closed Lost,2023-10-05
OPP-0002496,SAL,2023-07-21
OPP-0002496,SQO,2023-07-30
OPP-0002496,Proposal/Negotiation,2023-08-15
OPP-0002496,Closed Lost,2023-08-16
OPP-0002497,SAL,2023-08-10
OPP-0002497,SQO,2023-08-13
OPP-0002497,Proposal/Negotiation,2023-08-16
OPP-0002497,Closed Lost,2023-08-20
OPP-0002504,Open,2023-08-06
OPP-0002504,Negotiation,2023-08-20
OPP-0002504,Closed Won,2023-09-01
OPP-0002507,Open,2023-08-02
OPP-0002507,Negotiation,2023-08-21
OPP-0002507,Closed Won,2023-09-01
OPP-0002508,SAL,2023-07-27
OPP-0002508,SQO,2023-08-09
OPP-0002508,Proposal/Negotiation,2023-08-09
OPP-0002508,Closed Lost,2023-08-16
OPP-0002510,SAL,2023-07-26
OPP-0002510,SQO,2023-08-13
OPP-0002510,Proposal/Negotiation,2023-08-13
OPP-0002510,Closed Lost,2023-08-16
OPP-0002513,Open,2023-08-06
OPP-0002513,Negotiation,2023-08-25
OPP-0002513,Closed Won,2023-09-01
OPP-0002518,Open,2023-08-07
OPP-0002518,Negotiation,2023-08-13
OPP-0002518,Closed Won,2023-09-01
OPP-0002519,SAL,2023-10-09
OPP-0002519,SQO,2023-10-09
OPP-0002519,POC,2023-10-16
OPP-0002519,Proposal/Negotiation,2023-10-19
OPP-0002519,Closed Lost,2023-10-24
OPP-0002522,SAL,2023-08-16
OPP-0002522,SQO,2023-08-19
OPP-0002522,Proposal/Negotiation,2023-08-31
OPP-0002522,Closed Lost,2023-09-02
OPP-0002523,SAL,2023-08-05
OPP-0002523,SQO,2023-08-10
OPP-0002523,POC,2023-12-26
OPP-0002523,Proposal/Negotiation,2023-12-31
OPP-0002523,Closed Lost,2024-01-09
OPP-0002524,Open,2023-08-07
OPP-0002524,Negotiation,2023-09-07
OPP-0002524,Closed Won,2023-10-25
OPP-0002525,SAL,2023-08-15
OPP-0002525,SQO,2023-09-06
OPP-0002525,POC,2023-09-26
OPP-0002525,Proposal/Negotiation,2023-11-10
OPP-0002525,Closed Lost,2023-12-03
OPP-0002532,Open,2023-08-19
OPP-0002532,Negotiation,2023-08-19
OPP-0002532,Closed Won,2023-09-01
OPP-0002533,Open,2023-08-25
OPP-0002533,Negotiation,2023-09-05
OPP-0002533,Closed Won,2023-10-01
OPP-0002534,SAL,2023-08-16
OPP-0002534,SQO,2023-08-18
OPP-0002534,Proposal/Negotiation,2023-08-23
OPP-0002534,Closed Won,2023-09-12
OPP-0002545,SAL,2023-08-08
OPP-0002545,SQO,2023-08-19
OPP-0002545,Proposal/Negotiation,2023-09-01
OPP-0002545,Closed Lost,2023-09-06
OPP-0002546,SAL,2023-09-03
OPP-0002546,SQO,2023-09-08
OPP-0002546,Proposal/Negotiation,2023-09-10
OPP-0002546,Closed Lost,2023-09-17
OPP-0002553,SAL,2023-08-23
OPP-0002553,SQO,2023-09-01
OPP-0002553,Proposal/Negotiation,2023-09-02
OPP-0002553,Closed Won,2023-09-07
OPP-0002556,SAL,2023-08-08
OPP-0002556,SQO,2023-08-12
OPP-0002556,Proposal/Negotiation,2023-08-14
OPP-0002556,Closed Lost,2023-08-22
OPP-0002557,SAL,2023-08-08
OPP-0002557,SQO,2023-08-20
OPP-0002557,Proposal/Negotiation,2023-08-24
OPP-0002557,Closed Lost,2023-09-03
OPP-0002563,SAL,2023-08-27
OPP-0002563,SQO,2023-09-18
OPP-0002563,POC,2023-10-15
OPP-0002563,Proposal/Negotiation,2023-10-15
OPP-0002563,Closed Lost,2023-10-20
OPP-0002564,Open,2023-09-07
OPP-0002564,Negotiation,2023-09-15
OPP-0002564,Closed Won,2023-10-27
OPP-0002568,SAL,2023-08-15
OPP-0002568,SQO,2023-08-24
OPP-0002568,Proposal/Negotiation,2023-08-27
OPP-0002568,Closed Lost,2023-09-11
OPP-0002571,Open,2023-08-20
OPP-0002571,Negotiation,2023-08-31
OPP-0002571,Closed Won,2023-09-01
OPP-0002574,SAL,2023-08-11
OPP-0002574,SQO,2023-08-14
OPP-0002574,Proposal/Negotiation,2023-08-28
OPP-0002574,Closed Lost,2023-09-07
OPP-0002575,SAL,2023-09-15
OPP-0002575,SQO,2023-10-23
OPP-0002575,POC,2023-10-30
OPP-0002575,Proposal/Negotiation,2023-11-02
OPP-0002575,Closed Lost,2023-12-12
OPP-0002576,Open,2023-08-27
OPP-0002576,Negotiation,2023-09-18
OPP-0002576,Closed Lost,2023-11-01
OPP-0002584,SAL,2023-08-18
OPP-0002584,SQO,2023-08-20
OPP-0002584,Proposal/Negotiation,2023-08-23
OPP-0002584,Closed Lost,2023-08-28
OPP-0002588,SAL,2023-09-08
OPP-0002588,SQO,2023-09-10
OPP-0002588,Proposal/Negotiation,2023-09-17
OPP-0002588,Closed Won,2023-09-19
OPP-0002594,SAL,2023-09-01
OPP-0002594,SQO,2023-09-02
OPP-0002594,Proposal/Negotiation,2023-09-02
OPP-0002594,Closed Lost,2023-09-07
OPP-0002603,Open,2023-08-23
OPP-0002603,Negotiation,2023-08-26
OPP-0002603,Closed Won,2023-09-01
OPP-0002608,SAL,2023-08-19
OPP-0002608,SQO,2023-08-28
OPP-0002608,Proposal/Negotiation,2023-08-30
OPP-0002608,Closed Lost,2023-09-09
OPP-0002609,SAL,2023-09-07
OPP-0002609,SQO,2023-09-19
OPP-0002609,POC,2023-11-12
OPP-0002609,Proposal/Negotiation,2023-12-05
OPP-0002609,Closed Lost,2024-01-12
OPP-0002610,Open,2023-08-30
OPP-0002610,Negotiation,2023-09-26
OPP-0002610,Closed Won,2023-10-01
OPP-0002614,SAL,2023-08-26
OPP-0002614,SQO,2023-09-10
OPP-0002614,Proposal/Negotiation,2023-09-14
OPP-0002614,SAL,2023-09-17
OPP-0002614,Closed Lost,2023-09-18
OPP-0002622,Open,2023-08-19
OPP-0002622,Negotiation,2023-09-30
OPP-0002622,Closed Won,2023-10-01
OPP-0002623,Open,2023-08-24
OPP-0002623,Negotiation,2023-08-30
OPP-0002623,Closed Won,2023-09-01
OPP-0002624,Open,2023-08-24
OPP-0002624,Negotiation,2023-08-30
OPP-0002624,Closed Won,2023-09-01
OPP-0002627,SAL,2023-08-23
OPP-0002627,SQO,2023-08-26
OPP-0002627,POC,2023-09-14
OPP-0002627,Proposal/Negotiation,2023-11-03
OPP-0002627,Closed Lost,2024-02-05
OPP-0002628,SAL,2023-08-19
OPP-0002628,SQO,2023-08-24
OPP-0002628,Proposal/Negotiation,2023-08-29
OPP-0002628,Closed Won,2023-09-01
OPP-0002632,Open,2023-08-23
OPP-0002632,Negotiation,2023-09-09
OPP-0002632,Closed Won,2023-10-01
OPP-0002635,SAL,2023-09-02
OPP-0002635,SQO,2023-09-08
OPP-0002635,POC,2023-12-25
OPP-0002635,Proposal/Negotiation,2024-01-03
OPP-0002635,Closed Won,2024-01-10
OPP-0002639,SAL,2023-09-05
OPP-0002639,SQO,2023-09-06
OPP-0002639,Proposal/Negotiation,2023-09-19
OPP-0002639,Closed Lost,2023-09-20
OPP-0002640,SAL,2023-08-30
OPP-0002640,SQO,2023-08-31
OPP-0002640,Proposal/Negotiation,2023-09-25
OPP-0002640,Closed Lost,2023-10-03
OPP-0002646,SAL,2023-08-26
OPP-0002646,SQO,2023-09-08
OPP-0002646,Proposal/Negotiation,2023-10-04
OPP-0002646,Closed Lost,2023-10-06
OPP-0002647,SAL,2023-09-07
OPP-0002647,SQO,2023-09-19
OPP-0002647,POC,2023-12-14
OPP-0002647,Proposal/Negotiation,2024-01-08
OPP-0002647,Closed Lost,2024-01-14
OPP-0002655,SAL,2023-09-08
OPP-0002655,SQO,2023-09-11
OPP-0002655,Proposal/Negotiation,2023-09-11
OPP-0002655,Closed Lost,2023-09-20
OPP-0002656,SAL,2023-08-25
OPP-0002656,SQO,2023-08-27
OPP-0002656,Proposal/Negotiation,2023-08-30
OPP-0002656,Closed Lost,2023-09-10
OPP-0002657,SAL,2023-08-27
OPP-0002657,SQO,2023-09-09
OPP-0002657,Proposal/Negotiation,2023-09-23
OPP-0002657,Closed Lost,2023-10-03
OPP-0002658,SAL,2023-08-31
OPP-0002658,SQO,2023-09-03
OPP-0002658,Proposal/Negotiation,2023-09-19
OPP-0002658,Closed Won,2023-09-19
OPP-0002666,SAL,2023-09-06
OPP-0002666,SQO,2023-09-09
OPP-0002666,POC,2023-10-21
OPP-0002666,Proposal/Negotiation,2023-11-30
OPP-0002666,Closed Lost,2023-12-03
OPP-0002667,SAL,2023-08-28
OPP-0002667,SQO,2023-08-28
OPP-0002667,POC,2023-09-19
OPP-0002667,Proposal/Negotiation,2023-09-19
OPP-0002667,Closed Lost,2023-11-19
OPP-0002668,SAL,2023-09-02
OPP-0002668,SQO,2023-09-04
OPP-0002668,Proposal/Negotiation,2023-09-22
OPP-0002668,Closed Won,2023-09-24
OPP-0002671,SAL,2023-08-30
OPP-0002671,SQO,2023-09-01
OPP-0002671,Proposal/Negotiation,2023-10-03
OPP-0002671,Closed Lost,2023-10-04
OPP-0002672,SAL,2023-10-07
OPP-0002672,SQO,2023-10-23
OPP-0002672,POC,2024-01-13
OPP-0002672,Proposal/Negotiation,2024-01-21
OPP-0002672,Closed Lost,2024-02-19
OPP-0002673,SAL,2023-09-28
OPP-0002673,SQO,2023-10-12
OPP-0002673,POC,2023-12-15
OPP-0002673,Proposal/Negotiation,2024-01-01
OPP-0002673,Closed Lost,2024-01-02
OPP-0002674,SAL,2023-08-30
OPP-0002674,SQO,2023-09-01
OPP-0002674,POC,2023-09-30
OPP-0002674,Proposal/Negotiation,2023-10-12
OPP-0002674,Closed Lost,2023-10-28
OPP-0002680,SAL,2023-09-05
OPP-0002680,SQO,2023-09-24
OPP-0002680,Proposal/Negotiation,2023-09-29
OPP-0002680,Closed Lost,2023-10-02
OPP-0002681,SAL,2023-09-05
OPP-0002681,SQO,2023-09-06
OPP-0002681,Proposal/Negotiation,2023-09-17
OPP-0002681,Closed Won,2023-10-01
OPP-0002682,Open,2023-09-27
OPP-0002682,Negotiation,2023-09-27
OPP-0002682,Closed Won,2023-10-05
OPP-0002683,SAL,2023-09-19
OPP-0002683,SQO,2023-09-22
OPP-0002683,POC,2023-10-11
OPP-0002683,Proposal/Negotiation,2023-11-16
OPP-0002683,Closed Won,2023-11-16
OPP-0002687,SAL,2023-09-02
OPP-0002687,SQO,2023-09-06
OPP-0002687,Proposal/Negotiation,2023-10-09
OPP-0002687,Closed Lost,2023-10-09
OPP-0002688,SAL,2023-09-11
OPP-0002688,SQO,2023-09-17
OPP-0002688,Proposal/Negotiation,2023-09-19
OPP-0002688,Closed Lost,2023-09-20
OPP-0002689,SAL,2023-09-11
OPP-0002689,SQO,2023-09-16
OPP-0002689,POC,2023-10-13
OPP-0002689,Proposal/Negotiation,2023-10-20
OPP-0002689,Closed Lost,2023-11-16
OPP-0002700,SAL,2023-09-11
OPP-0002700,SQO,2023-09-15
OPP-0002700,Proposal/Negotiation,2023-09-26
OPP-0002700,Closed Lost,2023-09-28
OPP-0002701,SAL,2023-09-27
OPP-0002701,SQO,2023-09-30
OPP-0002701,Proposal/Negotiation,2023-10-04
OPP-0002701,Closed Lost,2023-10-20
OPP-0002702,SAL,2023-09-21
OPP-0002702,SQO,2023-09-22
OPP-0002702,POC,2023-10-25
OPP-0002702,Proposal/Negotiation,2023-11-28
OPP-0002702,Closed Lost,2023-12-16
OPP-0002707,SAL,2023-09-06
OPP-0002707,SQO,2023-09-22
OPP-0002707,Proposal/Negotiation,2023-09-22
OPP-0002707,Closed Lost,2023-10-19
OPP-0002708,Open,2023-10-15
OPP-0002708,Negotiation,2023-11-18
OPP-0002708,Closed Won,2023-12-01
OPP-0002712,Open,2023-09-18
OPP-0002712,Negotiation,2023-10-02
OPP-0002712,Closed Lost,2023-12-01
OPP-0002719,SAL,2023-09-10
OPP-0002719,SQO,2023-09-18
OPP-0002719,Proposal/Negotiation,2023-09-22
OPP-0002719,Closed Won,2023-10-01
OPP-0002727,Open,2023-09-13
OPP-0002727,Negotiation,2023-09-19
OPP-0002727,Closed Won,2023-10-01
OPP-0002733,Open,2023-09-16
OPP-0002733,Negotiation,2023-09-29
OPP-0002733,Closed Won,2023-10-01
OPP-0002734,SAL,2023-09-17
OPP-0002734,SQO,2023-09-26
OPP-0002734,Proposal/Negotiation,2023-09-27
OPP-0002734,Closed Lost,2023-10-09
OPP-0002735,SAL,2023-09-15
OPP-0002735,SQO,2023-10-29
OPP-0002735,POC,2023-11-14
OPP-0002735,Proposal/Negotiation,2023-12-26
OPP-0002735,Closed Lost,2024-01-06
OPP-0002740,Open,2023-09-23
OPP-0002740,Negotiation,2023-09-23
OPP-0002740,Closed Won,2023-10-01
OPP-0002741,SAL,2023-09-29
OPP-0002741,SQO,2023-09-30
OPP-0002741,Proposal/Negotiation,2023-10-01
OPP-0002741,Closed Lost,2023-10-04
OPP-0002747,SAL,2023-10-01
OPP-0002747,SQO,2023-10-03
OPP-0002747,Proposal/Negotiation,2023-10-05
OPP-0002747,Closed Lost,2023-10-08
OPP-0002748,SAL,2023-09-14
OPP-0002748,SQO,2023-10-30
OPP-0002748,POC,2023-12-05
OPP-0002748,Proposal/Negotiation,2023-12-11
OPP-0002748,Closed Lost,2023-12-13
OPP-0002753,SAL,2023-09-24
OPP-0002753,SQO,2023-10-03
OPP-0002753,Proposal/Negotiation,2023-10-03
OPP-0002753,Closed Lost,2023-10-20
OPP-0002754,SAL,2023-09-16
OPP-0002754,SQO,2023-09-24
OPP-0002754,Proposal/Negotiation,2023-09-29
OPP-0002754,Closed Lost,2023-10-05
OPP-0002755,SAL,2023-09-21
OPP-0002755,SQO,2023-09-25
OPP-0002755,Proposal/Negotiation,2023-10-03
OPP-0002755,Closed Won,2023-10-05
OPP-0002758,SAL,2023-09-16
OPP-0002758,SQO,2023-09-23
OPP-0002758,POC,2024-01-06
OPP-0002758,Proposal/Negotiation,2024-01-20
OPP-0002758,Closed Lost,2024-01-23
OPP-0002759,Open,2023-09-25
OPP-0002759,Negotiation,2023-11-14
OPP-0002759,Closed Won,2023-12-01
OPP-0002761,SAL,2023-09-21
OPP-0002761,SQO,2023-09-23
OPP-0002761,Proposal/Negotiation,2023-10-02
OPP-0002761,Closed Lost,2023-10-22
OPP-0002776,Open,2023-09-21
OPP-0002776,Negotiation,2023-10-11
OPP-0002776,Closed Won,2023-11-01
OPP-0002777,SAL,2023-10-08
OPP-0002777,SQO,2023-11-11
OPP-0002777,POC,2023-11-29
OPP-0002777,Proposal/Negotiation,2023-12-01
OPP-0002777,Closed Lost,2023-12-08
OPP-0002778,Open,2023-09-21
OPP-0002778,Negotiation,2023-11-11
OPP-0002778,Closed Won,2023-12-28
OPP-0002794,Open,2023-10-09
OPP-0002794,Negotiation,2023-10-27
OPP-0002794,Closed Won,2023-11-01
OPP-0002795,SAL,2023-09-29
OPP-0002795,SQO,2023-10-16
OPP-0002795,Proposal/Negotiation,2023-10-16
OPP-0002795,Closed Won,2023-10-17
OPP-0002799,SAL,2023-10-01
OPP-0002799,SQO,2023-10-22
OPP-0002799,Proposal/Negotiation,2023-10-23
OPP-0002799,Closed Lost,2023-10-26
OPP-0002800,SAL,2023-10-09
OPP-0002800,SQO,2023-10-13
OPP-0002800,POC,2023-12-02
OPP-0002800,Proposal/Negotiation,2024-01-03
OPP-0002800,Closed Lost,2024-03-03
OPP-0002804,SAL,2023-09-28
OPP-0002804,SQO,2023-10-25
OPP-0002804,Proposal/Negotiation,2023-10-28
OPP-0002804,Closed Lost,2023-11-05
OPP-0002805,SAL,2023-09-26
OPP-0002805,SQO,2023-10-04
OPP-0002805,Proposal/Negotiation,2023-10-07
OPP-0002805,Closed Lost,2023-10-10
OPP-0002806,SAL,2023-09-30
OPP-0002806,SQO,2023-10-15
OPP-0002806,POC,2024-02-12
OPP-0002806,Proposal/Negotiation,2024-02-15
OPP-0002806,Closed Won,2024-02-17
OPP-0002813,SAL,2023-09-29
OPP-0002813,SQO,2023-10-12
OPP-0002813,Proposal/Negotiation,2023-10-12
OPP-0002813,Closed Lost,2023-10-13
OPP-0002814,SAL,2023-10-17
OPP-0002814,SQO,2023-10-25
OPP-0002814,POC,2023-11-25
OPP-0002814,Proposal/Negotiation,2023-12-10
OPP-0002814,Closed Lost,2024-01-06
OPP-0002815,Open,2023-10-07
OPP-0002815,Negotiation,2023-11-02
OPP-0002815,Closed Won,2023-11-05
OPP-0002816,SAL,2023-09-28
OPP-0002816,SQO,2023-09-30
OPP-0002816,Proposal/Negotiation,2023-10-02
OPP-0002816,Closed Won,2023-10-11
OPP-0002820,SAL,2023-10-12
OPP-0002820,SQO,2023-10-24
OPP-0002820,Proposal/Negotiation,2023-10-26
OPP-0002820,Closed Lost,2023-11-01
OPP-0002821,SAL,2023-10-06
OPP-0002821,SQO,2023-10-19
OPP-0002821,Proposal/Negotiation,2023-10-21
OPP-0002821,Closed Lost,2023-11-01
OPP-0002822,Open,2023-10-12
OPP-0002822,Negotiation,2023-10-22
OPP-0002822,Closed Won,2023-11-01
OPP-0002825,SAL,2023-10-12
OPP-0002825,SQO,2023-11-01
OPP-0002825,SAL,2023-11-09
OPP-0002825,POC,2023-11-26
OPP-0002825,Proposal/Negotiation,2024-01-02
OPP-0002825,Closed Won,2024-03-22
OPP-0002826,SAL,2023-10-06
OPP-0002826,SQO,2023-11-11
OPP-0002826,POC,2024-01-11
OPP-0002826,Proposal/Negotiation,2024-01-12
OPP-0002826,Closed Won,2024-01-27
OPP-0002829,SAL,2023-10-09
OPP-0002829,SQO,2023-10-11
OPP-0002829,Proposal/Negotiation,2023-10-17
OPP-0002829,Closed Lost,2023-10-19
OPP-0002830,SAL,2023-09-29
OPP-0002830,SQO,2023-10-02
OPP-0002830,Proposal/Negotiation,2023-10-05
OPP-0002830,Closed Lost,2023-10-14
OPP-0002831,SAL,2023-10-04
OPP-0002831,SQO,2023-10-06
OPP-0002831,Proposal/Negotiation,2023-11-04
OPP-0002831,Closed Lost,2023-11-05
OPP-0002832,Open,2023-10-27
OPP-0002832,Negotiation,2023-11-05
OPP-0002832,Closed Won,2023-12-20
OPP-0002833,SAL,2023-10-13
OPP-0002833,SQO,2023-10-16
OPP-0002833,Proposal/Negotiation,2023-11-10
OPP-0002833,Closed Lost,2023-11-15
OPP-0002839,SAL,2023-10-03
OPP-0002839,SQO,2023-10-07
OPP-0002839,Proposal/Negotiation,2023-11-09
OPP-0002839,Closed Lost,2023-11-12
OPP-0002840,SAL,2023-10-06
OPP-0002840,SQO,2023-10-23
OPP-0002840,Proposal/Negotiation,2023-10-24
OPP-0002840,Closed Lost,2023-11-16
OPP-0002844,SAL,2023-10-09
OPP-0002844,SQO,2023-10-14
OPP-0002844,Proposal/Negotiation,2023-10-15
OPP-0002844,Closed Lost,2023-10-20
OPP-0002849,Open,2023-10-21
OPP-0002849,Negotiation,2023-11-27
OPP-0002849,Closed Won,2023-12-01
OPP-0002850,SAL,2023-10-13
OPP-0002850,SQO,2023-10-16
OPP-0002850,Proposal/Negotiation,2023-10-21
OPP-0002850,Closed Won,2023-11-06
OPP-0002856,SAL,2023-10-06
OPP-0002856,SQO,2023-10-22
OPP-0002856,Proposal/Negotiation,2023-10-23
OPP-0002856,Closed Lost,2023-10-24
OPP-0002857,SAL,2023-10-06
OPP-0002857,SQO,2023-10-10
OPP-0002857,Proposal/Negotiation,2023-10-15
OPP-0002857,Closed Lost,2023-10-21
OPP-0002862,SAL,2023-10-08
OPP-0002862,SQO,2023-10-15
OPP-0002862,Proposal/Negotiation,2023-10-21
OPP-0002862,Closed Lost,2023-11-20
OPP-0002863,Open,2023-10-17
OPP-0002863,Negotiation,2023-11-06
OPP-0002863,Closed Won,2023-11-20
OPP-0002869,SAL,2023-10-23
OPP-0002869,SQO,2023-10-25
OPP-0002869,Proposal/Negotiation,2023-10-26
OPP-0002869,Closed Lost,2023-10-28
OPP-0002870,SAL,2023-10-18
OPP-0002870,SQO,2023-11-08
OPP-0002870,POC,2023-11-16
OPP-0002870,Proposal/Negotiation,2023-12-07
OPP-0002870,Closed Lost,2023-12-17
OPP-0002874,Open,2023-10-20
OPP-0002874,Negotiation,2023-10-24
OPP-0002874,Closed Won,2023-11-01
OPP-0002875,SAL,2023-10-15
OPP-0002875,SQO,2023-10-16
OPP-0002875,Proposal/Negotiation,2023-11-09
OPP-0002875,Closed Lost,2023-11-11
OPP-0002876,SAL,2023-10-29
OPP-0002876,SQO,2023-11-15
OPP-0002876,POC,2024-01-16
OPP-0002876,Proposal/Negotiation,2024-03-16
OPP-0002876,Closed Lost,2024-03-18
OPP-0002881,Open,2023-10-19
OPP-0002881,Negotiation,2023-10-31
OPP-0002881,Closed Won,2023-11-01
OPP-0002882,SAL,2023-10-14
OPP-0002882,SQO,2023-10-20
OPP-0002882,Proposal/Negotiation,2023-10-29
OPP-0002882,Closed Lost,2023-11-03
OPP-0002883,SAL,2023-10-21
OPP-0002883,SQO,2023-10-22
OPP-0002883,Proposal/Negotiation,2023-10-25
OPP-0002883,Closed Lost,2023-11-02
OPP-0002884,SAL,2023-10-24
OPP-0002884,SQO,2023-10-29
OPP-0002884,Proposal/Negotiation,2023-11-04
OPP-0002884,Closed Lost,2023-11-12
OPP-0002885,SAL,2023-10-18
OPP-0002885,SQO,2023-10-22
OPP-0002885,Proposal/Negotiation,2023-10-28
OPP-0002885,Closed Lost,2023-11-14
OPP-0002886,Open,2023-10-14
OPP-0002886,Negotiation,2023-10-29
OPP-0002886,Closed Won,2024-01-01
OPP-0002890,Open,2023-10-17
OPP-0002890,Negotiation,2023-10-24
OPP-0002890,Closed Won,2023-11-01
OPP-0002896,Open,2023-10-14
OPP-0002896,Negotiation,2023-11-12
OPP-0002896,Closed Lost,2023-11-17
OPP-0002904,Open,2023-10-19
OPP-0002904,Negotiation,2023-10-27
OPP-0002904,Closed Won,2023-11-01
OPP-0002905,Open,2023-10-13
OPP-0002905,Negotiation,2023-10-22
OPP-0002905,Closed Won,2023-11-01
OPP-0002906,Open,2023-10-22
OPP-0002906,Negotiation,2023-10-27
OPP-0002906,Closed Won,2023-11-01
OPP-0002907,SAL,2023-10-19
OPP-0002907,SQO,2023-10-25
OPP-0002907,Proposal/Negotiation,2023-10-31
OPP-0002907,Closed Lost,2023-11-16
OPP-0002911,Open,2023-10-30
OPP-0002911,Negotiation,2023-10-30
OPP-0002911,Closed Won,2023-11-01
OPP-0002921,Open,2023-10-29
OPP-0002921,Negotiation,2023-10-29
OPP-0002921,Closed Won,2023-11-01
OPP-0002922,Open,2023-10-24
OPP-0002922,Negotiation,2023-10-29
OPP-0002922,Closed Won,2023-11-01
OPP-0002923,Open,2023-10-16
OPP-0002923,Negotiation,2023-10-20
OPP-0002923,Closed Won,2023-12-11
OPP-0002928,Open,2023-10-18
OPP-0002928,Negotiation,2023-10-22
OPP-0002928,Closed Won,2023-11-01
OPP-0002929,SAL,2023-10-19
OPP-0002929,SQO,2023-12-01
OPP-0002929,SAL,2023-12-05
OPP-0002929,POC,2023-12-17
OPP-0002929,Proposal/Negotiation,2023-12-21
OPP-0002929,Closed Lost,2024-02-14
OPP-0002930,SAL,2023-11-17
OPP-0002930,SQO,2023-11-25
OPP-0002930,POC,2023-12-15
OPP-0002930,Proposal/Negotiation,2023-12-22
OPP-0002930,Closed Lost,2024-01-22
OPP-0002931,Open,2023-10-18
OPP-0002931,Negotiation,2023-10-26
OPP-0002931,Closed Won,2023-11-01
OPP-0002932,SAL,2023-10-26
OPP-0002932,SQO,2023-10-30
OPP-0002932,Proposal/Negotiation,2023-10-30
OPP-0002932,Closed Lost,2023-11-09
OPP-0002933,SAL,2023-10-26
OPP-0002933,SQO,2023-10-26
OPP-0002933,Proposal/Negotiation,2023-11-08
OPP-0002933,Closed Won,2023-11-16
OPP-0002938,Open,2023-10-28
OPP-0002938,Negotiation,2023-10-31
OPP-0002938,Closed Won,2023-11-01
OPP-0002939,SAL,2023-10-21
OPP-0002939,SQO,2023-11-05
OPP-0002939,Proposal/Negotiation,2023-11-07
OPP-0002939,Closed Won,2023-11-08
OPP-0002943,SAL,2023-10-26
OPP-0002943,SQO,2023-11-20
OPP-0002943,Proposal/Negotiation,2023-11-22
OPP-0002943,Closed Lost,2023-11-22
OPP-0002944,SAL,2023-10-30
OPP-0002944,SQO,2023-11-08
OPP-0002944,Proposal/Negotiation,2023-11-10
OPP-0002944,Closed Lost,2023-11-11
OPP-0002949,SAL,2023-10-26
OPP-0002949,SQO,2023-10-28
OPP-0002949,Proposal/Negotiation,2023-11-01
OPP-0002949,Closed Lost,2023-11-04
OPP-0002950,SAL,2023-12-22
OPP-0002950,SQO,2024-02-09
OPP-0002950,POC,2024-03-01
OPP-0002950,Proposal/Negotiation,2024-03-01
OPP-0002950,Closed Lost,2024-04-05
OPP-0002951,SAL,2023-11-07
OPP-0002951,SQO,2023-11-17
OPP-0002951,POC,2023-12-27
OPP-0002951,Proposal/Negotiation,2024-02-14
OPP-0002951,Closed Lost,2024-02-16
OPP-0002952,Open,2023-11-18
OPP-0002952,Negotiation,2023-11-20
OPP-0002952,Closed Won,2024-02-04
OPP-0002953,SAL,2023-11-04
OPP-0002953,SQO,2023-11-07
OPP-0002953,Proposal/Negotiation,2023-11-15
OPP-0002953,Closed Won,2023-11-21
OPP-0002959,SAL,2023-10-22
OPP-0002959,SQO,2023-11-05
OPP-0002959,Proposal/Negotiation,2023-11-12
OPP-0002959,Closed Lost,2023-11-23
OPP-0002960,SAL,2023-10-25
OPP-0002960,SQO,2023-11-23
OPP-0002960,Proposal/Negotiation,2023-11-30
OPP-0002960,Closed Lost,2023-12-04
OPP-0002963,SAL,2023-11-04
OPP-0002963,SQO,2023-11-09
OPP-0002963,Proposal/Negotiation,2023-11-12
OPP-0002963,Closed Lost,2023-11-13
OPP-0002964,SAL,2023-10-26
OPP-0002964,SQO,2023-11-25
OPP-0002964,POC,2023-12-01
OPP-0002964,Proposal/Negotiation,2024-01-11
OPP-0002964,Closed Lost,2024-01-13
OPP-0002972,SAL,2023-11-11
OPP-0002972,SQO,2023-11-14
OPP-0002972,POC,2024-01-17
OPP-0002972,Proposal/Negotiation,2024-02-15
OPP-0002972,Closed Lost,2024-02-18
OPP-0002973,Open,2023-12-07
OPP-0002973,Negotiation,2023-12-26
OPP-0002973,Closed Won,2024-01-13
OPP-0002976,Open,2023-10-26
OPP-0002976,Negotiation,2023-11-01
OPP-0002976,Closed Lost,2023-12-13
OPP-0002977,Open,2023-11-15
OPP-0002977,Negotiation,2023-11-16
OPP-0002977,Closed Won,2023-12-01
OPP-0002983,Open,2023-11-02
OPP-0002983,Negotiation,2023-11-30
OPP-0002983,Closed Won,2023-12-01
OPP-0002984,SAL,2023-11-02
OPP-0002984,SQO,2023-12-16
OPP-0002984,POC,2024-01-16
OPP-0002984,Proposal/Negotiation,2024-01-20
OPP-0002984,Closed Lost,2024-01-28
OPP-0002985,SAL,2023-11-06
OPP-0002985,SQO,2023-11-28
OPP-0002985,POC,2024-01-28
OPP-0002985,Proposal/Negotiation,2024-03-03
OPP-0002985,Closed Lost,2024-03-22
OPP-0002999,SAL,2023-11-05
OPP-0002999,SQO,2023-11-13
OPP-0002999,Proposal/Negotiation,2023-11-18
OPP-0002999,Closed Lost,2023-11-20
OPP-0003000,SAL,2023-11-13
OPP-0003000,SQO,2023-12-05
OPP-0003000,POC,2024-01-14
OPP-0003000,Proposal/Negotiation,2024-01-15
OPP-0003000,Closed Lost,2024-01-25
OPP-0003001,SAL,2023-11-10
OPP-0003001,SQO,2023-11-12
OPP-0003001,Proposal/Negotiation,2023-11-13
OPP-0003001,Closed Lost,2023-11-21
OPP-0003002,SAL,2023-11-06
OPP-0003002,SQO,2023-11-07
OPP-0003002,Proposal/Negotiation,2023-11-13
OPP-0003002,Closed Lost,2023-11-17
OPP-0003003,SAL,2023-11-06
OPP-0003003,SQO,2023-11-07
OPP-0003003,Proposal/Negotiation,2023-11-15
OPP-0003003,Closed Lost,2023-11-19
OPP-0003004,SAL,2023-11-16
OPP-0003004,SQO,2023-11-28
OPP-0003004,POC,2024-01-14
OPP-0003004,Proposal/Negotiation,2024-02-27
OPP-0003004,Closed Lost,2024-04-05
OPP-0003005,Open,2023-11-09
OPP-0003005,Negotiation,2023-11-20
OPP-0003005,Closed Won,2023-12-01
OPP-0003006,SAL,2023-11-03
OPP-0003006,SQO,2023-11-14
OPP-0003006,Proposal/Negotiation,2023-11-18
OPP-0003006,Closed Lost,2023-11-20
OPP-0003007,SAL,2023-11-19
OPP-0003007,SQO,2023-11-21
OPP-0003007,POC,2024-02-11
OPP-0003007,Proposal/Negotiation,2024-02-20
OPP-0003007,Closed Won,2024-03-09
OPP-0003008,SAL,2023-12-06
OPP-0003008,SQO,2023-12-09
OPP-0003008,POC,2024-03-05
OPP-0003008,Proposal/Negotiation,2024-03-13
OPP-0003008,Closed Won,2024-03-25
OPP-0003009,SAL,2023-11-05
OPP-0003009,SQO,2023-11-10
OPP-0003009,POC,2024-01-01
OPP-0003009,Proposal/Negotiation,2024-01-03
OPP-0003009,Closed Won,2024-01-09
OPP-0003015,SAL,2023-11-13
OPP-0003015,SQO,2023-11-27
OPP-0003015,Proposal/Negotiation,2023-12-01
OPP-0003015,Closed Lost,2023-12-11
OPP-0003016,SAL,2023-11-02
OPP-0003016,SQO,2023-11-07
OPP-0003016,Proposal/Negotiation,2023-11-11
OPP-0003016,Closed Lost,2023-11-21
OPP-0003017,Open,2023-11-20
OPP-0003017,Negotiation,2024-01-04
OPP-0003017,Closed Won,2024-01-23
OPP-0003018,Open,2023-11-19
OPP-0003018,Negotiation,2023-12-29
OPP-0003018,Closed Lost,2024-01-04
OPP-0003019,Open,2023-11-11
OPP-0003019,Negotiation,2023-12-11
OPP-0003019,Closed Won,2024-01-01
OPP-0003020,SAL,2023-11-27
OPP-0003020,SQO,2023-11-30
OPP-0003020,POC,2024-02-09
OPP-0003020,Proposal/Negotiation,2024-03-16
OPP-0003020,Closed Won,2024-04-13
OPP-0003021,SAL,2023-11-03
OPP-0003021,SQO,2023-11-07
OPP-0003021,Proposal/Negotiation,2023-11-10
OPP-0003021,SAL,2023-11-16
OPP-0003021,Closed Won,2023-12-08
OPP-0003028,SAL,2023-11-11
OPP-0003028,SQO,2023-11-17
OPP-0003028,Proposal/Negotiation,2023-11-23
OPP-0003028,Closed Won,2023-11-25
OPP-0003035,SAL,2023-11-11
OPP-0003035,SQO,2023-11-22
OPP-0003035,Proposal/Negotiation,2023-11-22
OPP-0003035,Closed Lost,2023-11-25
OPP-0003036,SAL,2023-11-14
OPP-0003036,SQO,2023-12-17
OPP-0003036,POC,2024-02-21
OPP-0003036,Proposal/Negotiation,2024-03-11
OPP-0003036,Closed Lost,2024-04-16
OPP-0003037,Open,2023-11-25
OPP-0003037,Negotiation,2023-12-21
OPP-0003037,Closed Won,2023-12-30
OPP-0003038,Open,2023-12-10
OPP-0003038,Negotiation,2023-12-19
OPP-0003038,Closed Won,2024-02-01
OPP-0003039,Open,2023-12-22
OPP-0003039,Negotiation,2023-12-23
OPP-0003039,Closed Won,2024-02-01
OPP-0003045,Open,2023-11-23
OPP-0003045,Negotiation,2023-11-25
OPP-0003045,Closed Won,2023-12-01
OPP-0003046,SAL,2023-11-09
OPP-0003046,SQO,2023-11-15
OPP-0003046,Proposal/Negotiation,2023-12-09
OPP-0003046,Closed Won,2023-12-14
OPP-0003051,SAL,2023-11-12
OPP-0003051,SQO,2023-11-26
OPP-0003051,POC,2024-03-15
OPP-0003051,Proposal/Negotiation,2024-03-23
OPP-0003051,Closed Lost,2024-05-01
OPP-0003054,SAL,2023-11-17
OPP-0003054,SQO,2023-12-08
OPP-0003054,Proposal/Negotiation,2023-12-14
OPP-0003054,Closed Lost,2023-12-19
OPP-0003062,Open,2023-11-16
OPP-0003062,Negotiation,2023-11-23
OPP-0003062,Closed Won,2023-12-01
OPP-0003063,SAL,2023-11-13
OPP-0003063,SQO,2023-11-17
OPP-0003063,Proposal/Negotiation,2023-11-23
OPP-0003063,Closed Lost,2023-11-27
OPP-0003064,SAL,2023-11-22
OPP-0003064,SQO,2023-11-23
OPP-0003064,Proposal/Negotiation,2023-12-19
OPP-0003064,Closed Lost,2023-12-24
OPP-0003069,SAL,2023-12-21
OPP-0003069,SQO,2024-02-07
OPP-0003069,POC,2024-02-13
OPP-0003069,Proposal/Negotiation,2024-02-26
OPP-0003069,Closed Lost,2024-04-22
OPP-0003070,SAL,2023-11-14
OPP-0003070,SQO,2023-11-28
OPP-0003070,POC,2023-12-20
OPP-0003070,Proposal/Negotiation,2023-12-29
OPP-0003070,Closed Won,2024-01-20
OPP-0003075,SAL,2023-12-05
OPP-0003075,SQO,2023-12-08
OPP-0003075,POC,2024-01-21
OPP-0003075,Proposal/Negotiation,2024-02-26
OPP-0003075,Closed Lost,2024-03-08
OPP-0003083,SAL,2023-11-17
OPP-0003083,SQO,2023-11-27
OPP-0003083,Proposal/Negotiation,2023-11-29
OPP-0003083,Closed Lost,2023-12-01
OPP-0003084,SAL,2023-11-15
OPP-0003084,SQO,2023-12-09
OPP-0003084,POC,2024-01-08
OPP-0003084,Proposal/Negotiation,2024-01-14
OPP-0003084,Closed Lost,2024-01-16
OPP-0003093,SAL,2023-12-16
OPP-0003093,SQO,2023-12-17
OPP-0003093,POC,2024-01-10
OPP-0003093,Proposal/Negotiation,2024-04-03
OPP-0003093,Closed Won,2024-04-05
OPP-0003096,Open,2023-11-18
OPP-0003096,Negotiation,2023-11-24
OPP-0003096,Closed Won,2023-12-01
OPP-0003097,SAL,2023-11-23
OPP-0003097,SQO,2023-11-26
OPP-0003097,POC,2023-12-24
OPP-0003097,Proposal/Negotiation,2024-01-05
OPP-0003097,Closed Lost,2024-01-17
OPP-0003102,SAL,2023-12-18
OPP-0003102,SQO,2023-12-27
OPP-0003102,POC,2024-03-18
OPP-0003102,Proposal/Negotiation,2024-04-03
OPP-0003102,Closed Won,2024-04-06
OPP-0003109,SAL,2023-12-24
OPP-0003109,SQO,2023-12-29
OPP-0003109,Proposal/Negotiation,2023-12-30
OPP-0003109,Closed Lost,2024-01-02
OPP-0003110,SAL,2023-11-27
OPP-0003110,SQO,2023-12-03
OPP-0003110,Proposal/Negotiation,2023-12-13
OPP-0003110,Closed Lost,2023-12-21
OPP-0003111,SAL,2023-12-03
OPP-0003111,SQO,2023-12-04
OPP-0003111,Proposal/Negotiation,2023-12-08
OPP-0003111,Closed Lost,2023-12-09
OPP-0003118,SAL,2023-11-26
OPP-0003118,SQO,2023-12-11
OPP-0003118,Proposal/Negotiation,2023-12-12
OPP-0003118,Closed Lost,2023-12-12
OPP-0003119,SAL,2023-12-02
OPP-0003119,SQO,2023-12-26
OPP-0003119,POC,2024-01-12
OPP-0003119,Proposal/Negotiation,2024-01-15
OPP-0003119,Closed Lost,2024-02-08
OPP-0003120,SAL,2023-11-24
OPP-0003120,SQO,2023-12-14
OPP-0003120,POC,2024-03-13
OPP-0003120,Proposal/Negotiation,2024-04-16
OPP-0003120,Closed Won,2024-04-18
OPP-0003129,Open,2023-11-27
OPP-0003129,Negotiation,2023-12-19
OPP-0003129,Closed Won,2024-01-01
OPP-0003138,Open,2023-11-30
OPP-0003138,Negotiation,2023-12-25
OPP-0003138,Closed Won,2024-01-01
OPP-0003139,SAL,2023-12-01
OPP-0003139,SQO,2023-12-05
OPP-0003139,Proposal/Negotiation,2023-12-06
OPP-0003139,Closed Lost,2023-12-14
OPP-0003145,SAL,2023-12-07
OPP-0003145,SQO,2023-12-10
OPP-0003145,Proposal/Negotiation,2023-12-12
OPP-0003145,Closed Lost,2023-12-24
OPP-0003146,Open,2023-12-13
OPP-0003146,Negotiation,2024-01-15
OPP-0003146,Closed Won,2024-02-04
OPP-0003149,Open,2023-11-27
OPP-0003149,Negotiation,2023-12-06
OPP-0003149,Closed Won,2024-01-01
OPP-0003150,SAL,2023-12-04
OPP-0003150,SQO,2023-12-04
OPP-0003150,Proposal/Negotiation,2023-12-15
OPP-0003150,Closed Lost,2023-12-15
OPP-0003151,SAL,2023-12-15
OPP-0003151,SQO,2024-01-20
OPP-0003151,POC,2024-02-25
OPP-0003151,Proposal/Negotiation,2024-03-10
OPP-0003151,Closed Lost,2024-03-11
OPP-0003155,SAL,2023-12-11
OPP-0003155,SQO,2024-02-12
OPP-0003155,POC,2024-04-08
OPP-0003155,Proposal/Negotiation,2024-04-10
OPP-0003155,Closed Lost,2024-04-18
OPP-0003156,SAL,2023-12-04
OPP-0003156,SQO,2023-12-05
OPP-0003156,POC,2024-03-22
OPP-0003156,Proposal/Negotiation,2024-05-06
OPP-0003156,Closed Lost,2024-05-06
OPP-0003157,SAL,2023-12-09
OPP-0003157,SQO,2023-12-22
OPP-0003157,Proposal/Negotiation,2024-01-07
OPP-0003157,Closed Won,2024-01-09
OPP-0003162,Open,2023-12-01
OPP-0003162,Negotiation,2023-12-02
OPP-0003162,Closed Won,2023-12-29
OPP-0003163,Open,2023-11-30
OPP-0003163,Negotiation,2024-01-25
OPP-0003163,Closed Won,2024-02-01
OPP-0003164,SAL,2023-12-01
OPP-0003164,SQO,2023-12-02
OPP-0003164,Proposal/Negotiation,2023-12-11
OPP-0003164,Closed Won,2023-12-18
OPP-0003167,Open,2023-12-11
OPP-0003167,Negotiation,2023-12-21
OPP-0003167,Closed Won,2024-02-03
OPP-0003168,Open,2023-12-03
OPP-0003168,Negotiation,2023-12-31
OPP-0003168,Closed Won,2024-01-01
OPP-0003169,Open,2023-12-18
OPP-0003169,Negotiation,2024-01-13
OPP-0003169,Closed Won,2024-01-15
OPP-0003170,Open,2023-11-30
OPP-0003170,Negotiation,2023-12-25
OPP-0003170,Closed Won,2024-01-30
OPP-0003177,Open,2023-12-20
OPP-0003177,Negotiation,2024-01-06
OPP-0003177,Closed Won,2024-01-13
OPP-0003178,SAL,2023-11-30
OPP-0003178,SQO,2023-12-06
OPP-0003178,Proposal/Negotiation,2023-12-21
OPP-0003178,Closed Lost,2023-12-25
OPP-0003179,SAL,2024-01-01
OPP-0003179,SQO,2024-01-30
OPP-0003179,SAL,2024-02-04
OPP-0003179,POC,2024-02-23
OPP-0003179,Proposal/Negotiation,2024-03-25
OPP-0003179,Closed Won,2024-05-12
OPP-0003182,SAL,2023-12-17
OPP-0003182,SQO,2023-12-23
OPP-0003182,SAL,2023-12-25
OPP-0003182,Proposal/Negotiation,2023-12-26
OPP-0003182,Closed Lost,2023-12-26
OPP-0003183,SAL,2023-12-20
OPP-0003183,SQO,2024-01-12
OPP-0003183,POC,2024-03-01
OPP-0003183,Proposal/Negotiation,2024-04-05
OPP-0003183,Closed Won,2024-04-08
OPP-0003191,SAL,2023-12-16
OPP-0003191,SQO,2023-12-29
OPP-0003191,Proposal/Negotiation,2023-12-30
OPP-0003191,SAL,2024-01-07
OPP-0003191,Closed Lost,2024-01-09
OPP-0003192,Open,2023-12-04
OPP-0003192,Negotiation,2023-12-24
OPP-0003192,Closed Won,2024-01-02
OPP-0003196,Open,2023-12-14
OPP-0003196,Negotiation,2023-12-23
OPP-0003196,Closed Won,2024-01-01
OPP-0003197,SAL,2023-12-05
OPP-0003197,SQO,2023-12-15
OPP-0003197,Proposal/Negotiation,2023-12-18
OPP-0003197,Closed Lost,2024-01-06
OPP-0003198,SAL,2023-12-09
OPP-0003198,SQO,2023-12-19
OPP-0003198,Proposal/Negotiation,2023-12-20
OPP-0003198,Closed Lost,2023-12-25
OPP-0003208,Open,2023-12-16
OPP-0003208,Negotiation,2023-12-25
OPP-0003208,Closed Won,2024-01-01
OPP-0003209,Open,2023-12-17
OPP-0003209,Negotiation,2023-12-20
OPP-0003209,Closed Won,2024-01-01
OPP-0003210,SAL,2023-12-11
OPP-0003210,SQO,2023-12-18
OPP-0003210,Proposal/Negotiation,2023-12-22
OPP-0003210,Closed Lost,2023-12-23
OPP-0003218,SAL,2023-12-09
OPP-0003218,SQO,2023-12-11
OPP-0003218,Proposal/Negotiation,2024-01-07
OPP-0003218,Closed Lost,2024-01-08
OPP-0003219,SAL,2024-01-10
OPP-0003219,SQO,2024-01-17
OPP-0003219,POC,2024-02-10
OPP-0003219,Proposal/Negotiation,2024-02-29
OPP-0003219,Closed Lost,2024-03-02
OPP-0003220,Open,2023-12-23
OPP-0003220,Negotiation,2024-02-14
OPP-0003220,Closed Won,2024-03-01
OPP-0003225,SAL,2023-12-10
OPP-0003225,SQO,2023-12-13
OPP-0003225,Proposal/Negotiation,2023-12-26
OPP-0003225,Closed Lost,2024-01-09
OPP-0003236,Open,2023-12-15
OPP-0003236,Negotiation,2023-12-16
OPP-0003236,Closed Won,2024-01-01
OPP-0003237,SAL,2023-12-16
OPP-0003237,SQO,2023-12-17
OPP-0003237,POC,2024-01-13
OPP-0003237,Proposal/Negotiation,2024-02-06
OPP-0003237,Closed Lost,2024-03-02
OPP-0003243,SAL,2023-12-23
OPP-0003243,SQO,2023-12-24
OPP-0003243,Proposal/Negotiation,2023-12-26
OPP-0003243,Closed Lost,2024-01-10
OPP-0003246,Open,2023-12-19
OPP-0003246,Negotiation,2023-12-24
OPP-0003246,Closed Won,2024-01-01
OPP-0003247,SAL,2023-12-23
OPP-0003247,SQO,2024-01-04
OPP-0003247,Proposal/Negotiation,2024-01-10
OPP-0003247,Closed Won,2024-01-26
OPP-0003261,SAL,2023-12-27
OPP-0003261,SQO,2023-12-29
OPP-0003261,Proposal/Negotiation,2024-01-03
OPP-0003261,Closed Lost,2024-01-10
OPP-0003262,SAL,2023-12-24
OPP-0003262,SQO,2023-12-26
OPP-0003262,POC,2024-03-06
OPP-0003262,Proposal/Negotiation,2024-04-14
OPP-0003262,Closed Lost,2024-05-09
OPP-0003263,Open,2024-01-24
OPP-0003263,Negotiation,2024-01-25
OPP-0003263,Closed Won,2024-02-01
OPP-0003264,Open,2024-01-12
OPP-0003264,Negotiation,2024-02-02
OPP-0003264,Closed Won,2024-03-01
OPP-0003265,SAL,2023-12-20
OPP-0003265,SQO,2023-12-21
OPP-0003265,Proposal/Negotiation,2023-12-24
OPP-0003265,Closed Won,2024-01-07
OPP-0003270,SAL,2023-12-23
OPP-0003270,SQO,2023-12-25
OPP-0003270,Proposal/Negotiation,2023-12-28
OPP-0003270,Closed Lost,2024-01-13
OPP-0003271,Open,2024-02-10
OPP-0003271,Negotiation,2024-02-17
OPP-0003271,Closed Won,2024-03-01
OPP-0003278,Open,2023-12-19
OPP-0003278,Negotiation,2023-12-20
OPP-0003278,Closed Won,2024-01-01
OPP-0003279,SAL,2023-12-31
OPP-0003279,SQO,2024-01-08
OPP-0003279,Proposal/Negotiation,2024-01-12
OPP-0003279,Closed Lost,2024-01-22
OPP-0003280,SAL,2023-12-22
OPP-0003280,SQO,2023-12-29
OPP-0003280,Proposal/Negotiation,2024-01-09
OPP-0003280,Closed Lost,2024-01-12
OPP-0003281,Open,2023-12-27
OPP-0003281,Negotiation,2024-02-13
OPP-0003281,Closed Won,2024-03-13
OPP-0003285,Open,2023-12-21
OPP-0003285,Negotiation,2023-12-29
OPP-0003285,Closed Won,2024-01-01
OPP-0003293,Open,2024-01-07
OPP-0003293,Negotiation,2024-01-18
OPP-0003293,Closed Won,2024-02-01
OPP-0003294,Open,2023-12-24
OPP-0003294,Negotiation,2024-01-06
OPP-0003294,Closed Won,2024-02-01
OPP-0003295,Open,2024-01-09
OPP-0003295,Negotiation,2024-01-17
OPP-0003295,Closed Won,2024-02-01
OPP-0003296,SAL,2023-12-23
OPP-0003296,SQO,2023-12-24
OPP-0003296,Proposal/Negotiation,2023-12-27
OPP-0003296,Closed Lost,2024-01-02
OPP-0003302,Open,2024-01-06
OPP-0003302,Negotiation,2024-01-16
OPP-0003302,Closed Won,2024-02-01
OPP-0003303,SAL,2023-12-28
OPP-0003303,SQO,2024-01-04
OPP-0003303,Proposal/Negotiation,2024-01-11
OPP-0003303,Closed Lost,2024-01-11
OPP-0003304,SAL,2023-12-24
OPP-0003304,SQO,2024-02-05
OPP-0003304,POC,2024-03-10
OPP-0003304,Proposal/Negotiation,2024-03-25
OPP-0003304,Closed Lost,2024-06-02
OPP-0003305,SAL,2023-12-26
OPP-0003305,SQO,2023-12-28
OPP-0003305,POC,2024-02-15
OPP-0003305,Proposal/Negotiation,2024-02-19
OPP-0003305,Closed Lost,2024-02-26
OPP-0003308,Open,2024-01-05
OPP-0003308,Negotiation,2024-01-21
OPP-0003308,Closed Won,2024-02-01
OPP-0003309,Open,2024-01-14
OPP-0003309,Negotiation,2024-02-01
OPP-0003309,Closed Won,2024-02-01
OPP-0003315,SAL,2023-12-29
OPP-0003315,SQO,2024-01-06
OPP-0003315,Proposal/Negotiation,2024-01-25
OPP-0003315,Closed Lost,2024-01-26
OPP-0003316,Open,2024-02-05
OPP-0003316,Negotiation,2024-02-09
OPP-0003316,Closed Won,2024-03-14
OPP-0003317,Open,2024-01-23
OPP-0003317,Negotiation,2024-02-18
OPP-0003317,Closed Won,2024-02-20
OPP-0003318,SAL,2023-12-26
OPP-0003318,SQO,2024-01-23
OPP-0003318,POC,2024-02-23
OPP-0003318,Proposal/Negotiation,2024-04-20
OPP-0003318,Closed Won,2024-04-26
OPP-0003319,SAL,2023-12-23
OPP-0003319,SQO,2024-01-20
OPP-0003319,Proposal/Negotiation,2024-01-22
OPP-0003319,Closed Won,2024-01-23
OPP-0003322,Open,2024-01-10
OPP-0003322,Negotiation,2024-01-24
OPP-0003322,Closed Won,2024-02-01
OPP-0003323,Open,2023-12-24
OPP-0003323,Negotiation,2024-01-21
OPP-0003323,Closed Won,2024-02-01
OPP-0003324,SAL,2023-12-29
OPP-0003324,SQO,2024-01-04
OPP-0003324,Proposal/Negotiation,2024-01-20
OPP-0003324,Closed Lost,2024-01-20
OPP-0003325,SAL,2024-01-02
OPP-0003325,SQO,2024-01-06
OPP-0003325,Proposal/Negotiation,2024-01-19
OPP-0003325,Closed Lost,2024-01-23
OPP-0003326,SAL,2024-01-02
OPP-0003326,SQO,2024-01-07
OPP-0003326,Proposal/Negotiation,2024-01-18
OPP-0003326,Closed Lost,2024-01-21
OPP-0003327,Open,2023-12-26
OPP-0003327,Negotiation,2024-01-07
OPP-0003327,Closed Won,2024-02-01
OPP-0003328,Open,2024-01-18
OPP-0003328,Negotiation,2024-02-08
OPP-0003328,Closed Won,2024-03-01
OPP-0003337,SAL,2023-12-31
OPP-0003337,SQO,2024-01-04
OPP-0003337,Proposal/Negotiation,2024-01-06
OPP-0003337,Closed Lost,2024-01-08
OPP-0003345,SAL,2024-01-04
OPP-0003345,SQO,2024-01-07
OPP-0003345,Proposal/Negotiation,2024-01-09
OPP-0003345,Closed Lost,2024-01-18
OPP-0003351,SAL,2023-12-31
OPP-0003351,SQO,2024-01-06
OPP-0003351,Proposal/Negotiation,2024-01-07
OPP-0003351,Closed Lost,2024-01-13
OPP-0003352,SAL,2024-01-06
OPP-0003352,SQO,2024-01-26
OPP-0003352,Proposal/Negotiation,2024-02-03
OPP-0003352,Closed Lost,2024-02-04
OPP-0003353,Open,2024-01-01
OPP-0003353,Negotiation,2024-02-22
OPP-0003353,Closed Won,2024-03-08
OPP-0003354,SAL,2023-12-28
OPP-0003354,SQO,2024-01-02
OPP-0003354,Proposal/Negotiation,2024-01-18
OPP-0003354,Closed Won,2024-01-19
OPP-0003358,SAL,2024-01-05
OPP-0003358,SQO,2024-01-06
OPP-0003358,Proposal/Negotiation,2024-01-07
OPP-0003358,Closed Lost,2024-01-12
OPP-0003359,SAL,2024-01-04
OPP-0003359,SQO,2024-01-07
OPP-0003359,Proposal/Negotiation,2024-01-12
OPP-0003359,Closed Lost,2024-01-26
OPP-0003360,Open,2024-01-02
OPP-0003360,Negotiation,2024-01-03
OPP-0003360,Closed Won,2024-02-01
OPP-0003361,SAL,2024-01-01
OPP-0003361,SQO,2024-01-05
OPP-0003361,Proposal/Negotiation,2024-01-16
OPP-0003361,Closed Lost,2024-02-08
OPP-0003362,SAL,2024-01-12
OPP-0003362,SQO,2024-01-20
OPP-0003362,Proposal/Negotiation,2024-01-20
OPP-0003362,Closed Lost,2024-01-26
OPP-0003363,SAL,2024-01-03
OPP-0003363,SQO,2024-01-10
OPP-0003363,Proposal/Negotiation,2024-01-22
OPP-0003363,Closed Lost,2024-02-07
OPP-0003364,Open,2024-01-20
OPP-0003364,Negotiation,2024-01-25
OPP-0003364,Closed Won,2024-02-03
OPP-0003365,Open,2023-12-31
OPP-0003365,Negotiation,2024-01-10
OPP-0003365,Closed Won,2024-02-01
OPP-0003366,Open,2024-01-04
OPP-0003366,Negotiation,2024-01-29
OPP-0003366,Closed Won,2024-02-01
OPP-0003367,Open,2024-01-06
OPP-0003367,Negotiation,2024-01-26
OPP-0003367,Closed Won,2024-02-01
OPP-0003368,SAL,2024-01-11
OPP-0003368,SQO,2024-01-13
OPP-0003368,Proposal/Negotiation,2024-01-18
OPP-0003368,Closed Lost,2024-02-14
OPP-0003371,SAL,2024-01-25
OPP-0003371,SQO,2024-02-03
OPP-0003371,Proposal/Negotiation,2024-02-09
OPP-0003371,Closed Lost,2024-02-14
OPP-0003372,SAL,2024-01-24
OPP-0003372,SQO,2024-01-27
OPP-0003372,Proposal/Negotiation,2024-01-30
OPP-0003372,Closed Lost,2024-02-06
OPP-0003373,SAL,2024-01-07
OPP-0003373,SQO,2024-01-12
OPP-0003373,Proposal/Negotiation,2024-01-16
OPP-0003373,Closed Lost,2024-01-17
OPP-0003374,SAL,2024-01-07
OPP-0003374,SQO,2024-01-12
OPP-0003374,Proposal/Negotiation,2024-01-22
OPP-0003374,Closed Lost,2024-01-23
OPP-0003375,SAL,2024-01-20
OPP-0003375,SQO,2024-02-07
OPP-0003375,POC,2024-02-24
OPP-0003375,Proposal/Negotiation,2024-03-17
OPP-0003375,Closed Lost,2024-03-19
OPP-0003376,Open,2024-01-27
OPP-0003376,Negotiation,2024-02-06
OPP-0003376,Closed Won,2024-02-21
OPP-0003383,Open,2024-01-08
OPP-0003383,Negotiation,2024-01-20
OPP-0003383,Closed Won,2024-02-01
OPP-0003384,SAL,2024-01-29
OPP-0003384,SQO,2024-03-06
OPP-0003384,POC,2024-04-28
OPP-0003384,Proposal/Negotiation,2024-05-22
OPP-0003384,Closed Won,2024-05-25
OPP-0003390,SAL,2024-01-08
OPP-0003390,SQO,2024-01-11
OPP-0003390,Proposal/Negotiation,2024-01-18
OPP-0003390,Closed Lost,2024-01-21
OPP-0003396,Open,2024-01-13
OPP-0003396,Negotiation,2024-01-17
OPP-0003396,Closed Won,2024-02-01
OPP-0003397,Open,2024-01-15
OPP-0003397,Negotiation,2024-01-21
OPP-0003397,Closed Won,2024-02-01
OPP-0003398,SAL,2024-01-07
OPP-0003398,SQO,2024-01-08
OPP-0003398,POC,2024-01-31
OPP-0003398,Proposal/Negotiation,2024-03-03
OPP-0003398,Closed Lost,2024-03-16
OPP-0003399,Open,2024-01-28
OPP-0003399,Negotiation,2024-02-04
OPP-0003399,Closed Lost,2024-04-01
OPP-0003400,SAL,2024-01-15
OPP-0003400,SQO,2024-01-25
OPP-0003400,Proposal/Negotiation,2024-02-06
OPP-0003400,Closed Won,2024-02-12
OPP-0003408,SAL,2024-01-07
OPP-0003408,SQO,2024-01-15
OPP-0003408,Proposal/Negotiation,2024-01-26
OPP-0003408,Closed Lost,2024-02-03
OPP-0003416,SAL,2024-01-13
OPP-0003416,SQO,2024-01-21
OPP-0003416,Proposal/Negotiation,2024-01-23
OPP-0003416,Closed Lost,2024-02-17
OPP-0003417,SAL,2024-01-16
OPP-0003417,SQO,2024-01-16
OPP-0003417,POC,2024-05-20
OPP-0003417,Proposal/Negotiation,2024-05-28
OPP-0003417,Closed Lost,2024-06-19
OPP-0003418,SAL,2024-01-14
OPP-0003418,SQO,2024-01-22
OPP-0003418,POC,2024-01-28
OPP-0003418,Proposal/Negotiation,2024-02-17
OPP-0003418,Closed Lost,2024-03-13
OPP-0003424,SAL,2024-02-03
OPP-0003424,SQO,2024-02-12
OPP-0003424,Proposal/Negotiation,2024-02-18
OPP-0003424,Closed Lost,2024-02-21
OPP-0003425,SAL,2024-01-16
OPP-0003425,SQO,2024-01-19
OPP-0003425,SAL,2024-01-23
OPP-0003425,Proposal/Negotiation,2024-01-31
OPP-0003425,Closed Lost,2024-02-02
OPP-0003426,SAL,2024-01-10
OPP-0003426,SQO,2024-01-31
OPP-0003426,POC,2024-05-17
OPP-0003426,Proposal/Negotiation,2024-06-17
OPP-0003426,Closed Lost,2024-07-06
OPP-0003431,Open,2024-01-16
OPP-0003431,Negotiation,2024-01-25
OPP-0003431,Closed Won,2024-02-01
OPP-0003432,Open,2024-02-28
OPP-0003432,Negotiation,2024-03-01
OPP-0003432,Closed Won,2024-03-20
OPP-0003433,SAL,2024-01-28
OPP-0003433,SQO,2024-02-14
OPP-0003433,POC,2024-03-10
OPP-0003433,Proposal/Negotiation,2024-03-23
OPP-0003433,Closed Won,2024-03-26
OPP-0003434,SAL,2024-01-16
OPP-0003434,SQO,2024-01-30
OPP-0003434,Proposal/Negotiation,2024-02-01
OPP-0003434,Closed Won,2024-02-11
OPP-0003438,Open,2024-01-19
OPP-0003438,Negotiation,2024-02-15
OPP-0003438,Closed Won,2024-02-19
OPP-0003439,Open,2024-01-15
OPP-0003439,Negotiation,2024-02-03
OPP-0003439,Closed Won,2024-02-18
OPP-0003440,SAL,2024-01-19
OPP-0003440,SQO,2024-02-02
OPP-0003440,Proposal/Negotiation,2024-02-02
OPP-0003440,Closed Won,2024-02-14
OPP-0003445,Open,2024-01-12
OPP-0003445,Negotiation,2024-01-29
OPP-0003445,Closed Won,2024-02-01
OPP-0003455,Open,2024-01-14
OPP-0003455,Negotiation,2024-01-28
OPP-0003455,Closed Won,2024-02-01
OPP-0003456,SAL,2024-01-14
OPP-0003456,SQO,2024-01-20
OPP-0003456,Proposal/Negotiation,2024-01-23
OPP-0003456,Closed Lost,2024-02-05
OPP-0003457,Open,2024-03-06
OPP-0003457,Negotiation,2024-03-06
OPP-0003457,Closed Won,2024-03-08
OPP-0003465,SAL,2024-01-16
OPP-0003465,SQO,2024-01-23
OPP-0003465,Proposal/Negotiation,2024-01-28
OPP-0003465,Closed Lost,2024-02-23
OPP-0003466,Open,2024-01-25
OPP-0003466,Negotiation,2024-01-29
OPP-0003466,Closed Lost,2024-06-03
OPP-0003467,Open,2024-01-21
OPP-0003467,Negotiation,2024-03-19
OPP-0003467,Closed Won,2024-04-01
OPP-0003470,SAL,2024-01-16
OPP-0003470,SQO,2024-04-01
OPP-0003470,POC,2024-04-07
OPP-0003470,SAL,2024-04-11
OPP-0003470,Proposal/Negotiation,2024-04-16
OPP-0003470,Closed Lost,2024-05-15
OPP-0003477,SAL,2024-02-20
OPP-0003477,SQO,2024-02-22
OPP-0003477,POC,2024-04-08
OPP-0003477,Proposal/Negotiation,2024-04-25
OPP-0003477,Closed Won,2024-05-25
OPP-0003481,Open,2024-01-26
OPP-0003481,Negotiation,2024-02-20
OPP-0003481,Closed Won,2024-03-01
OPP-0003482,SAL,2024-01-29
OPP-0003482,SQO,2024-02-11
OPP-0003482,Proposal/Negotiation,2024-02-25
OPP-0003482,Closed Lost,2024-02-27
OPP-0003489,Open,2024-01-29
OPP-0003489,Negotiation,2024-02-05
OPP-0003489,Closed Won,2024-03-01
OPP-0003490,SAL,2024-01-30
OPP-0003490,SQO,2024-02-08
OPP-0003490,SAL,2024-02-13
OPP-0003490,Proposal/Negotiation,2024-02-19
OPP-0003490,Closed Lost,2024-02-26
OPP-0003491,SAL,2024-01-19
OPP-0003491,SQO,2024-01-23
OPP-0003491,Proposal/Negotiation,2024-01-24
OPP-0003491,Closed Lost,2024-02-02
OPP-0003492,SAL,2024-01-18
OPP-0003492,SQO,2024-02-10
OPP-0003492,Proposal/Negotiation,2024-02-16
OPP-0003492,Closed Lost,2024-02-19
OPP-0003493,SAL,2024-01-28
OPP-0003493,SQO,2024-01-31
OPP-0003493,Proposal/Negotiation,2024-02-11
OPP-0003493,Closed Lost,2024-02-25
OPP-0003494,Open,2024-02-06
OPP-0003494,Negotiation,2024-02-18
OPP-0003494,Closed Won,2024-03-01
OPP-0003500,Open,2024-02-04
OPP-0003500,Negotiation,2024-03-26
OPP-0003500,Closed Won,2024-03-27
OPP-0003501,Open,2024-01-29
OPP-0003501,Negotiation,2024-03-01
OPP-0003501,Closed Won,2024-04-01
OPP-0003510,SAL,2024-01-21
OPP-0003510,SQO,2024-01-28
OPP-0003510,Proposal/Negotiation,2024-02-04
OPP-0003510,Closed Lost,2024-02-06
OPP-0003520,Open,2024-01-28
OPP-0003520,Negotiation,2024-02-11
OPP-0003520,Closed Won,2024-03-01
OPP-0003521,SAL,2024-01-30
OPP-0003521,SQO,2024-02-07
OPP-0003521,Proposal/Negotiation,2024-02-10
OPP-0003521,Closed Lost,2024-02-11
OPP-0003526,Open,2024-01-29
OPP-0003526,Negotiation,2024-02-25
OPP-0003526,Closed Won,2024-03-01
OPP-0003527,SAL,2024-01-29
OPP-0003527,SQO,2024-01-31
OPP-0003527,Proposal/Negotiation,2024-02-07
OPP-0003527,Closed Lost,2024-02-09
OPP-0003532,Open,2024-02-16
OPP-0003532,Negotiation,2024-02-29
OPP-0003532,Closed Won,2024-03-01
OPP-0003533,SAL,2024-03-05
OPP-0003533,SQO,2024-03-10
OPP-0003533,POC,2024-05-14
OPP-0003533,Proposal/Negotiation,2024-06-03
OPP-0003533,Closed Lost,2024-06-27
OPP-0003538,SAL,2024-02-05
OPP-0003538,SQO,2024-02-07
OPP-0003538,Proposal/Negotiation,2024-02-09
OPP-0003538,Closed Lost,2024-02-17
OPP-0003539,SAL,2024-01-27
OPP-0003539,SQO,2024-02-26
OPP-0003539,Proposal/Negotiation,2024-03-02
OPP-0003539,Closed Lost,2024-03-11
OPP-0003540,SAL,2024-02-21
OPP-0003540,SQO,2024-02-29
OPP-0003540,POC,2024-03-18
OPP-0003540,Proposal/Negotiation,2024-04-03
OPP-0003540,Closed Won,2024-04-06
OPP-0003546,SAL,2024-02-03
OPP-0003546,SQO,2024-02-05
OPP-0003546,Proposal/Negotiation,2024-02-24
OPP-0003546,Closed Lost,2024-02-27
OPP-0003553,SAL,2024-02-08
OPP-0003553,SQO,2024-02-26
OPP-0003553,Proposal/Negotiation,2024-03-01
OPP-0003553,Closed Lost,2024-03-04
OPP-0003554,Open,2024-02-03
OPP-0003554,Negotiation,2024-02-22
OPP-0003554,Closed Won,2024-04-07
OPP-0003558,Open,2024-01-31
OPP-0003558,Negotiation,2024-02-18
OPP-0003558,Closed Won,2024-03-01
OPP-0003559,Open,2024-02-10
OPP-0003559,Negotiation,2024-02-26
OPP-0003559,Closed Won,2024-03-01
OPP-0003560,SAL,2024-02-12
OPP-0003560,SQO,2024-02-15
OPP-0003560,Proposal/Negotiation,2024-02-26
OPP-0003560,Closed Lost,2024-03-12
OPP-0003561,Open,2024-02-05
OPP-0003561,Negotiation,2024-02-09
OPP-0003561,Closed Won,2024-03-28
OPP-0003562,SAL,2024-02-10
OPP-0003562,SQO,2024-02-23
OPP-0003562,POC,2024-05-08
OPP-0003562,Proposal/Negotiation,2024-05-27
OPP-0003562,Closed Won,2024-07-08
OPP-0003563,SAL,2024-03-19
OPP-0003563,SQO,2024-03-25
OPP-0003563,POC,2024-06-14
OPP-0003563,Proposal/Negotiation,2024-06-20
OPP-0003563,Closed Lost,2024-07-23
OPP-0003564,SAL,2024-02-10
OPP-0003564,SQO,2024-02-23
OPP-0003564,Proposal/Negotiation,2024-02-28
OPP-0003564,Closed Won,2024-03-01
OPP-0003569,Open,2024-02-06
OPP-0003569,Negotiation,2024-02-26
OPP-0003569,Closed Won,2024-03-01
OPP-0003570,SAL,2024-02-05
OPP-0003570,SQO,2024-02-22
OPP-0003570,Proposal/Negotiation,2024-02-25
OPP-0003570,Closed Lost,2024-03-02
OPP-0003571,Open,2024-02-22
OPP-0003571,Negotiation,2024-04-12
OPP-0003571,Closed Won,2024-04-17
OPP-0003576,SAL,2024-02-04
OPP-0003576,SQO,2024-02-27
OPP-0003576,POC,2024-06-12
OPP-0003576,Proposal/Negotiation,2024-06-18
OPP-0003576,Closed Lost,2024-06-23
OPP-0003588,Open,2024-02-10
OPP-0003588,Negotiation,2024-04-06
OPP-0003588,Closed Won,2024-04-09
OPP-0003589,Open,2024-03-28
OPP-0003589,Negotiation,2024-04-24
OPP-0003589,Closed Won,2024-04-28
OPP-0003590,SAL,2024-02-07
OPP-0003590,SQO,2024-02-09
OPP-0003590,Proposal/Negotiation,2024-02-16
OPP-0003590,Closed Won,2024-02-23
OPP-0003593,Open,2024-02-07
OPP-0003593,Negotiation,2024-02-23
OPP-0003593,Closed Won,2024-03-01
OPP-0003594,Open,2024-03-08
OPP-0003594,Negotiation,2024-03-30
OPP-0003594,Closed Won,2024-04-14
OPP-0003595,Open,2024-03-01
OPP-0003595,Negotiation,2024-03-04
OPP-0003595,Closed Won,2024-05-01
OPP-0003596,SAL,2024-02-27
OPP-0003596,SQO,2024-03-08
OPP-0003596,POC,2024-04-11
OPP-0003596,Proposal/Negotiation,2024-04-17
OPP-0003596,Closed Won,2024-04-21
OPP-0003600,SAL,2024-02-09
OPP-0003600,SQO,2024-02-13
OPP-0003600,Proposal/Negotiation,2024-02-19
OPP-0003600,Closed Lost,2024-03-04
OPP-0003601,SAL,2024-02-19
OPP-0003601,SQO,2024-03-04
OPP-0003601,Proposal/Negotiation,2024-03-08
OPP-0003601,Closed Lost,2024-03-08
OPP-0003602,SAL,2024-02-09
OPP-0003602,SQO,2024-03-01
OPP-0003602,POC,2024-04-16
OPP-0003602,Proposal/Negotiation,2024-04-22
OPP-0003602,Closed Lost,2024-05-14
OPP-0003603,SAL,2024-02-21
OPP-0003603,SQO,2024-03-05
OPP-0003603,Proposal/Negotiation,2024-03-21
OPP-0003603,Closed Won,2024-03-22
OPP-0003605,SAL,2024-02-19
OPP-0003605,SQO,2024-02-21
OPP-0003605,Proposal/Negotiation,2024-03-06
OPP-0003605,Closed Lost,2024-03-20
OPP-0003613,Open,2024-02-21
OPP-0003613,Negotiation,2024-02-24
OPP-0003613,Closed Won,2024-03-01
OPP-0003614,SAL,2024-02-19
OPP-0003614,SQO,2024-03-25
OPP-0003614,POC,2024-05-04
OPP-0003614,Proposal/Negotiation,2024-05-07
OPP-0003614,Closed Lost,2024-05-17
OPP-0003615,Open,2024-02-23
OPP-0003615,Negotiation,2024-02-25
OPP-0003615,Closed Won,2024-04-01
OPP-0003618,SAL,2024-02-12
OPP-0003618,SQO,2024-02-17
OPP-0003618,Proposal/Negotiation,2024-02-21
OPP-0003618,Closed Lost,2024-03-02
OPP-0003619,Open,2024-02-14
OPP-0003619,Negotiation,2024-04-16
OPP-0003619,Closed Won,2024-05-01
OPP-0003620,SAL,2024-02-15
OPP-0003620,SQO,2024-02-16
OPP-0003620,Proposal/Negotiation,2024-02-18
OPP-0003620,Closed Won,2024-03-10
OPP-0003626,SAL,2024-03-05
OPP-0003626,SQO,2024-03-11
OPP-0003626,Proposal/Negotiation,2024-03-16
OPP-0003626,Closed Lost,2024-03-19
OPP-0003627,Open,2024-02-24
OPP-0003627,Negotiation,2024-03-15
OPP-0003627,Closed Won,2024-03-25
OPP-0003642,Open,2024-04-07
OPP-0003642,Negotiation,2024-05-21
OPP-0003642,Closed Won,2024-06-06
OPP-0003646,SAL,2024-02-23
OPP-0003646,SQO,2024-03-04
OPP-0003646,Proposal/Negotiation,2024-03-05
OPP-0003646,Closed Lost,2024-03-07
OPP-0003647,SAL,2024-02-15
OPP-0003647,SQO,2024-02-27
OPP-0003647,Proposal/Negotiation,2024-03-26
OPP-0003647,Closed Lost,2024-03-27
OPP-0003648,SAL,2024-02-17
OPP-0003648,SQO,2024-03-01
OPP-0003648,Proposal/Negotiation,2024-03-10
OPP-0003648,Closed Lost,2024-03-28
OPP-0003654,SAL,2024-02-18
OPP-0003654,SQO,2024-02-19
OPP-0003654,Proposal/Negotiation,2024-03-02
OPP-0003654,Closed Lost,2024-03-22
OPP-0003655,SAL,2024-03-05
OPP-0003655,SQO,2024-03-15
OPP-0003655,POC,2024-04-11
OPP-0003655,Proposal/Negotiation,2024-04-18
OPP-0003655,Closed Lost,2024-04-26
OPP-0003664,Open,2024-03-01
OPP-0003664,Negotiation,2024-03-02
OPP-0003664,Closed Won,2024-04-01
OPP-0003665,SAL,2024-03-30
OPP-0003665,SQO,2024-04-04
OPP-0003665,POC,2024-05-08
OPP-0003665,Proposal/Negotiation,2024-07-07
OPP-0003665,Closed Lost,2024-08-11
OPP-0003666,SAL,2024-02-26
OPP-0003666,SQO,2024-06-06
OPP-0003666,POC,2024-07-04
OPP-0003666,Proposal/Negotiation,2024-07-19
OPP-0003666,Closed Lost,2024-07-24
OPP-0003667,Open,2024-02-24
OPP-0003667,Negotiation,2024-03-10
OPP-0003667,Closed Won,2024-03-27
OPP-0003668,Open,2024-02-24
OPP-0003668,Negotiation,2024-03-02
OPP-0003668,Closed Won,2024-04-01
OPP-0003669,SAL,2024-02-19
OPP-0003669,SQO,2024-02-24
OPP-0003669,Proposal/Negotiation,2024-03-16
OPP-0003669,Closed Won,2024-03-26
OPP-0003679,SAL,2024-03-02
OPP-0003679,SQO,2024-03-19
OPP-0003679,Proposal/Negotiation,2024-03-19
OPP-0003679,Closed Lost,2024-03-24
OPP-0003680,SAL,2024-03-02
OPP-0003680,SQO,2024-03-11
OPP-0003680,Proposal/Negotiation,2024-04-01
OPP-0003680,Closed Lost,2024-04-03
OPP-0003681,Open,2024-03-23
OPP-0003681,Negotiation,2024-04-07
OPP-0003681,Closed Lost,2024-05-12
OPP-0003687,SAL,2024-03-07
OPP-0003687,SQO,2024-03-26
OPP-0003687,Proposal/Negotiation,2024-03-28
OPP-0003687,Closed Lost,2024-04-01
OPP-0003688,SAL,2024-02-29
OPP-0003688,SQO,2024-03-01
OPP-0003688,Proposal/Negotiation,2024-03-10
OPP-0003688,SAL,2024-03-12
OPP-0003688,Closed Lost,2024-03-18
OPP-0003689,SAL,2024-02-24
OPP-0003689,SQO,2024-02-26
OPP-0003689,POC,2024-04-13
OPP-0003689,Proposal/Negotiation,2024-04-17
OPP-0003689,Closed Won,2024-04-24
OPP-0003690,SAL,2024-02-29
OPP-0003690,SQO,2024-03-03
OPP-0003690,Proposal/Negotiation,2024-03-04
OPP-0003690,Closed Won,2024-03-07
OPP-0003691,SAL,2024-02-29
OPP-0003691,SQO,2024-03-09
OPP-0003691,Proposal/Negotiation,2024-03-12
OPP-0003691,Closed Won,2024-03-19
OPP-0003694,SAL,2024-02-25
OPP-0003694,SQO,2024-02-27
OPP-0003694,Proposal/Negotiation,2024-02-28
OPP-0003694,Closed Lost,2024-03-05
OPP-0003695,SAL,2024-02-24
OPP-0003695,SQO,2024-03-24
OPP-0003695,POC,2024-05-23
OPP-0003695,Proposal/Negotiation,2024-06-21
OPP-0003695,Closed Lost,2024-06-22
OPP-0003698,Open,2024-03-10
OPP-0003698,Negotiation,2024-03-29
OPP-0003698,Closed Won,2024-04-01
OPP-0003699,SAL,2024-03-24
OPP-0003699,SQO,2024-04-09
OPP-0003699,POC,2024-04-11
OPP-0003699,Proposal/Negotiation,2024-04-22
OPP-0003699,Closed Lost,2024-04-27
OPP-0003700,SAL,2024-02-28
OPP-0003700,SQO,2024-03-28
OPP-0003700,SAL,2024-04-07
OPP-0003700,POC,2024-05-16
OPP-0003700,Proposal/Negotiation,2024-07-25
OPP-0003700,Closed Lost,2024-08-15
OPP-0003705,SAL,2024-02-27
OPP-0003705,SQO,2024-03-04
OPP-0003705,Proposal/Negotiation,2024-04-02
OPP-0003705,Closed Lost,2024-04-03
OPP-0003706,SAL,2024-03-03
OPP-0003706,SQO,2024-03-04
OPP-0003706,Proposal/Negotiation,2024-03-11
OPP-0003706,Closed Lost,2024-03-16
OPP-0003707,SAL,2024-03-01
OPP-0003707,SQO,2024-03-03
OPP-0003707,Proposal/Negotiation,2024-03-03
OPP-0003707,Closed Lost,2024-03-09
OPP-0003711,Open,2024-03-04
OPP-0003711,Negotiation,2024-03-28
OPP-0003711,Closed Won,2024-04-01
OPP-0003717,Open,2024-03-15
OPP-0003717,Negotiation,2024-03-18
OPP-0003717,Closed Won,2024-04-01
OPP-0003718,SAL,2024-02-24
OPP-0003718,SQO,2024-02-25
OPP-0003718,Proposal/Negotiation,2024-02-25
OPP-0003718,Closed Lost,2024-03-11
OPP-0003719,SAL,2024-03-02
OPP-0003719,SQO,2024-03-15
OPP-0003719,SAL,2024-03-21
OPP-0003719,POC,2024-04-01
OPP-0003719,Proposal/Negotiation,2024-05-03
OPP-0003719,Closed Lost,2024-06-11
OPP-0003720,SAL,2024-02-26
OPP-0003720,SQO,2024-03-04
OPP-0003720,Proposal/Negotiation,2024-03-13
OPP-0003720,Closed Won,2024-03-13
OPP-0003728,SAL,2024-03-01
OPP-0003728,SQO,2024-03-11
OPP-0003728,POC,2024-04-13
OPP-0003728,Proposal/Negotiation,2024-05-05
OPP-0003728,Closed Lost,2024-05-28
OPP-0003729,Open,2024-03-13
OPP-0003729,Negotiation,2024-04-23
OPP-0003729,Closed Won,2024-05-01
OPP-0003732,SAL,2024-03-05
OPP-0003732,SQO,2024-03-23
OPP-0003732,Proposal/Negotiation,2024-04-08
OPP-0003732,Closed Lost,2024-04-08
OPP-0003733,SAL,2024-02-27
OPP-0003733,SQO,2024-02-27
OPP-0003733,Proposal/Negotiation,2024-03-08
OPP-0003733,Closed Lost,2024-03-18
OPP-0003740,SAL,2024-02-28
OPP-0003740,SQO,2024-03-12
OPP-0003740,Proposal/Negotiation,2024-03-20
OPP-0003740,Closed Lost,2024-03-22
OPP-0003741,Open,2024-02-29
OPP-0003741,Negotiation,2024-03-25
OPP-0003741,Closed Won,2024-04-01
OPP-0003746,SAL,2024-04-27
OPP-0003746,SQO,2024-05-11
OPP-0003746,POC,2024-06-17
OPP-0003746,Proposal/Negotiation,2024-07-13
OPP-0003746,Closed Lost,2024-07-23
OPP-0003747,Open,2024-03-26
OPP-0003747,Negotiation,2024-04-24
OPP-0003747,Closed Won,2024-07-08
OPP-0003748,Open,2024-03-06
OPP-0003748,Negotiation,2024-04-08
OPP-0003748,Closed Won,2024-04-25
OPP-0003749,Open,2024-02-29
OPP-0003749,Negotiation,2024-04-20
OPP-0003749,Closed Lost,2024-05-01
OPP-0003750,SAL,2024-03-06
OPP-0003750,SQO,2024-03-07
OPP-0003750,Proposal/Negotiation,2024-03-17
OPP-0003750,Closed Won,2024-04-08
OPP-0003753,SAL,2024-03-01
OPP-0003753,SQO,2024-03-05
OPP-0003753,Proposal/Negotiation,2024-03-17
OPP-0003753,Closed Lost,2024-03-17
OPP-0003754,SAL,2024-03-01
OPP-0003754,SQO,2024-03-05
OPP-0003754,Proposal/Negotiation,2024-03-06
OPP-0003754,Closed Lost,2024-03-18
OPP-0003755,SAL,2024-03-10
OPP-0003755,SQO,2024-03-10
OPP-0003755,Proposal/Negotiation,2024-03-21
OPP-0003755,Closed Lost,2024-04-04
OPP-0003756,SAL,2024-03-23
OPP-0003756,SQO,2024-03-26
OPP-0003756,Proposal/Negotiation,2024-04-11
OPP-0003756,Closed Lost,2024-04-14
OPP-0003757,SAL,2024-03-12
OPP-0003757,SQO,2024-03-21
OPP-0003757,Proposal/Negotiation,2024-03-25
OPP-0003757,Closed Lost,2024-03-27
OPP-0003758,SAL,2024-03-14
OPP-0003758,SQO,2024-03-16
OPP-0003758,Proposal/Negotiation,2024-03-17
OPP-0003758,Closed Won,2024-03-18
OPP-0003759,SAL,2024-03-03
OPP-0003759,SQO,2024-03-18
OPP-0003759,Proposal/Negotiation,2024-03-19
OPP-0003759,Closed Won,2024-03-28
OPP-0003764,Open,2024-04-09
OPP-0003764,Negotiation,2024-04-10
OPP-0003764,Closed Won,2024-04-12
OPP-0003765,SAL,2024-03-08
OPP-0003765,SQO,2024-03-18
OPP-0003765,Proposal/Negotiation,2024-04-04
OPP-0003765,Closed Won,2024-04-13
OPP-0003766,SAL,2024-03-21
OPP-0003766,SQO,2024-03-24
OPP-0003766,Proposal/Negotiation,2024-04-06
OPP-0003766,Closed Won,2024-04-07
OPP-0003767,SAL,2024-03-04
OPP-0003767,SQO,2024-03-07
OPP-0003767,Proposal/Negotiation,2024-03-15
OPP-0003767,Closed Lost,2024-04-07
OPP-0003768,Open,2024-04-30
OPP-0003768,Negotiation,2024-05-18
OPP-0003768,Closed Won,2024-06-10
OPP-0003769,Open,2024-03-29
OPP-0003769,Negotiation,2024-04-14
OPP-0003769,Closed Won,2024-05-01
OPP-0003785,Open,2024-03-18
OPP-0003785,Negotiation,2024-03-24
OPP-0003785,Closed Won,2024-04-01
OPP-0003789,Open,2024-03-14
OPP-0003789,Negotiation,2024-03-31
OPP-0003789,Closed Won,2024-04-01
OPP-0003790,Open,2024-03-20
OPP-0003790,Negotiation,2024-03-26
OPP-0003790,Closed Won,2024-04-01
OPP-0003791,SAL,2024-03-09
OPP-0003791,SQO,2024-03-12
OPP-0003791,Proposal/Negotiation,2024-03-15
OPP-0003791,SAL,2024-03-22
OPP-0003791,Closed Lost,2024-03-23
OPP-0003792,SAL,2024-03-27
OPP-0003792,SQO,2024-04-07
OPP-0003792,Proposal/Negotiation,2024-04-21
OPP-0003792,Closed Lost,2024-04-21
OPP-0003793,Open,2024-03-25
OPP-0003793,Negotiation,2024-05-11
OPP-0003793,Closed Lost,2024-05-18
OPP-0003799,SAL,2024-03-10
OPP-0003799,SQO,2024-03-16
OPP-0003799,Proposal/Negotiation,2024-03-18
OPP-0003799,Closed Lost,2024-03-22
OPP-0003800,Open,2024-04-09
OPP-0003800,Negotiation,2024-04-20
OPP-0003800,Closed Won,2024-04-22
OPP-0003808,Open,2024-03-10
OPP-0003808,Negotiation,2024-03-11
OPP-0003808,Closed Won,2024-04-01
OPP-0003809,Open,2024-04-02
OPP-0003809,Negotiation,2024-04-19
OPP-0003809,Closed Won,2024-05-01
OPP-0003810,Open,2024-03-18
OPP-0003810,Negotiation,2024-04-12
OPP-0003810,Closed Won,2024-05-01
OPP-0003811,SAL,2024-03-11
OPP-0003811,SQO,2024-03-27
OPP-0003811,POC,2024-04-30
OPP-0003811,Proposal/Negotiation,2024-05-06
OPP-0003811,Closed Won,2024-05-13
OPP-0003814,SAL,2024-03-13
OPP-0003814,SQO,2024-03-15
OPP-0003814,Proposal/Negotiation,2024-03-17
OPP-0003814,Closed Lost,2024-03-24
OPP-0003815,SAL,2024-03-31
OPP-0003815,SQO,2024-04-02
OPP-0003815,Proposal/Negotiation,2024-04-04
OPP-0003815,Closed Lost,2024-04-19
OPP-0003816,SAL,2024-03-27
OPP-0003816,SQO,2024-05-08
OPP-0003816,SAL,2024-05-19
OPP-0003816,POC,2024-07-07
OPP-0003816,Proposal/Negotiation,2024-07-31
OPP-0003816,Closed Lost,2024-08-27
OPP-0003821,SAL,2024-03-16
OPP-0003821,SQO,2024-03-18
OPP-0003821,Proposal/Negotiation,2024-03-25
OPP-0003821,Closed Lost,2024-03-26
OPP-0003822,SAL,2024-03-17
OPP-0003822,SQO,2024-03-31
OPP-0003822,POC,2024-04-27
OPP-0003822,Proposal/Negotiation,2024-05-10
OPP-0003822,Closed Lost,2024-05-21
OPP-0003835,Open,2024-03-14
OPP-0003835,Negotiation,2024-03-21
OPP-0003835,Closed Won,2024-04-01
OPP-0003836,Open,2024-03-20
OPP-0003836,Negotiation,2024-04-05
OPP-0003836,Closed Won,2024-04-16
OPP-0003845,SAL,2024-03-15
OPP-0003845,SQO,2024-03-15
OPP-0003845,Proposal/Negotiation,2024-03-27
OPP-0003845,Closed Lost,2024-04-01
OPP-0003850,Open,2024-03-17
OPP-0003850,Negotiation,2024-04-01
OPP-0003850,Closed Won,2024-04-01
OPP-0003851,SAL,2024-04-14
OPP-0003851,SQO,2024-04-17
OPP-0003851,SAL,2024-04-22
OPP-0003851,POC,2024-04-26
OPP-0003851,Proposal/Negotiation,2024-05-12
OPP-0003851,Closed Won,2024-05-27
OPP-0003858,Open,2024-03-22
OPP-0003858,Negotiation,2024-03-22
OPP-0003858,Closed Won,2024-04-01
OPP-0003859,SAL,2024-04-27
OPP-0003859,SQO,2024-04-29
OPP-0003859,POC,2024-05-11
OPP-0003859,Proposal/Negotiation,2024-06-16
OPP-0003859,Closed Lost,2024-06-22
OPP-0003860,Open,2024-04-14
OPP-0003860,Negotiation,2024-04-25
OPP-0003860,Closed Lost,2024-05-10
OPP-0003867,Open,2024-03-18
OPP-0003867,Negotiation,2024-03-18
OPP-0003867,Closed Won,2024-04-01
OPP-0003868,SAL,2024-03-24
OPP-0003868,SQO,2024-04-12
OPP-0003868,Proposal/Negotiation,2024-04-13
OPP-0003868,Closed Lost,2024-04-17
OPP-0003869,Open,2024-05-24
OPP-0003869,Negotiation,2024-06-02
OPP-0003869,Closed Won,2024-06-09
OPP-0003870,SAL,2024-04-01
OPP-0003870,SQO,2024-04-05
OPP-0003870,Proposal/Negotiation,2024-04-10
OPP-0003870,Closed Won,2024-04-11
OPP-0003882,Open,2024-03-18
OPP-0003882,Negotiation,2024-03-30
OPP-0003882,Closed Won,2024-04-01
OPP-0003883,SAL,2024-03-22
OPP-0003883,SQO,2024-03-30
OPP-0003883,Proposal/Negotiation,2024-04-06
OPP-0003883,Closed Lost,2024-04-09
OPP-0003884,SAL,2024-03-30
OPP-0003884,SQO,2024-04-10
OPP-0003884,POC,2024-06-21
OPP-0003884,Proposal/Negotiation,2024-08-27
OPP-0003884,Closed Lost,2024-09-08
OPP-0003891,Open,2024-04-10
OPP-0003891,Negotiation,2024-04-22
OPP-0003891,Closed Won,2024-04-27
OPP-0003896,SAL,2024-03-24
OPP-0003896,SQO,2024-03-31
OPP-0003896,Proposal/Negotiation,2024-04-10
OPP-0003896,Closed Lost,2024-04-15
OPP-0003897,SAL,2024-03-27
OPP-0003897,SQO,2024-04-03
OPP-0003897,SAL,2024-04-06
OPP-0003897,POC,2024-05-07
OPP-0003897,Proposal/Negotiation,2024-05-28
OPP-0003897,Closed Lost,2024-06-17
OPP-0003898,Open,2024-04-08
OPP-0003898,Negotiation,2024-05-25
OPP-0003898,Closed Won,2024-06-01
OPP-0003899,SAL,2024-03-30
OPP-0003899,SQO,2024-04-26
OPP-0003899,POC,2024-05-29
OPP-0003899,Proposal/Negotiation,2024-06-01
OPP-0003899,Closed Won,2024-06-10
OPP-0003900,SAL,2024-04-06
OPP-0003900,SQO,2024-04-11
OPP-0003900,Proposal/Negotiation,2024-04-24
OPP-0003900,Closed Won,2024-05-03
OPP-0003906,Open,2024-03-22
OPP-0003906,Negotiation,2024-03-31
OPP-0003906,Closed Won,2024-05-01
OPP-0003907,Open,2024-03-29
OPP-0003907,Negotiation,2024-04-18
OPP-0003907,Closed Won,2024-05-01
OPP-0003908,Open,2024-04-08
OPP-0003908,Negotiation,2024-04-21
OPP-0003908,Closed Won,2024-05-01
OPP-0003909,SAL,2024-04-09
OPP-0003909,SQO,2024-05-09
OPP-0003909,POC,2024-06-19
OPP-0003909,Proposal/Negotiation,2024-06-23
OPP-0003909,Closed Won,2024-08-19
OPP-0003910,SAL,2024-03-22
OPP-0003910,SQO,2024-04-03
OPP-0003910,Proposal/Negotiation,2024-04-11
OPP-0003910,Closed Won,2024-04-12
OPP-0003918,SAL,2024-03-25
OPP-0003918,SQO,2024-04-02
OPP-0003918,Proposal/Negotiation,2024-04-10
OPP-0003918,Closed Lost,2024-04-14
OPP-0003924,SAL,2024-06-15
OPP-0003924,SQO,2024-06-25
OPP-0003924,POC,2024-07-29
OPP-0003924,Proposal/Negotiation,2024-08-22
OPP-0003924,Closed Lost,2024-09-19
OPP-0003936,SAL,2024-03-30
OPP-0003936,SQO,2024-03-30
OPP-0003936,Proposal/Negotiation,2024-04-07
OPP-0003936,Closed Lost,2024-04-08
OPP-0003939,Open,2024-04-07
OPP-0003939,Negotiation,2024-04-29
OPP-0003939,Closed Won,2024-05-01
OPP-0003940,Open,2024-04-15
OPP-0003940,Negotiation,2024-04-17
OPP-0003940,Closed Won,2024-05-01
OPP-0003941,Open,2024-04-05
OPP-0003941,Negotiation,2024-04-15
OPP-0003941,Closed Won,2024-05-01
OPP-0003942,SAL,2024-03-31
OPP-0003942,SQO,2024-04-08
OPP-0003942,Proposal/Negotiation,2024-04-09
OPP-0003942,Closed Lost,2024-04-13
OPP-0003943,SAL,2024-04-29
OPP-0003943,SQO,2024-04-30
OPP-0003943,POC,2024-07-15
OPP-0003943,Proposal/Negotiation,2024-07-25
OPP-0003943,Closed Lost,2024-09-13
OPP-0003944,Open,2024-04-07
OPP-0003944,Negotiation,2024-04-24
OPP-0003944,Closed Won,2024-05-01
OPP-0003945,SAL,2024-03-30
OPP-0003945,SQO,2024-04-21
OPP-0003945,Proposal/Negotiation,2024-04-22
OPP-0003945,Closed Won,2024-04-22
OPP-0003950,SAL,2024-03-29
OPP-0003950,SQO,2024-04-01
OPP-0003950,Proposal/Negotiation,2024-04-04
OPP-0003950,Closed Lost,2024-04-10
OPP-0003951,SAL,2024-03-31
OPP-0003951,SQO,2024-04-04
OPP-0003951,POC,2024-07-02
OPP-0003951,Proposal/Negotiation,2024-07-02
OPP-0003951,Closed Lost,2024-08-21
OPP-0003952,Open,2024-05-19
OPP-0003952,Negotiation,2024-05-20
OPP-0003952,Closed Won,2024-05-29
OPP-0003953,Open,2024-04-15
OPP-0003953,Negotiation,2024-04-17
OPP-0003953,Closed Won,2024-06-01
OPP-0003958,Open,2024-04-06
OPP-0003958,Negotiation,2024-04-12
OPP-0003958,Closed Won,2024-05-01
OPP-0003959,SAL,2024-05-02
OPP-0003959,SQO,2024-06-16
OPP-0003959,POC,2024-07-21
OPP-0003959,Proposal/Negotiation,2024-08-02
OPP-0003959,Closed Lost,2024-08-24
OPP-0003960,Open,2024-04-06
OPP-0003960,Negotiation,2024-04-07
OPP-0003960,Closed Won,2024-05-01
OPP-0003966,Open,2024-04-16
OPP-0003966,Negotiation,2024-04-29
OPP-0003966,Closed Won,2024-05-01
OPP-0003967,Open,2024-03-29
OPP-0003967,Negotiation,2024-04-25
OPP-0003967,Closed Won,2024-05-01
OPP-0003968,SAL,2024-03-31
OPP-0003968,SQO,2024-04-02
OPP-0003968,POC,2024-05-15
OPP-0003968,Proposal/Negotiation,2024-05-15
OPP-0003968,Closed Lost,2024-07-20
OPP-0003969,Open,2024-04-06
OPP-0003969,Negotiation,2024-04-23
OPP-0003969,Closed Won,2024-05-01
OPP-0003970,SAL,2024-04-14
OPP-0003970,SQO,2024-06-11
OPP-0003970,POC,2024-06-24
OPP-0003970,Proposal/Negotiation,2024-07-20
OPP-0003970,Closed Won,2024-07-25
OPP-0003971,SAL,2024-04-11
OPP-0003971,SQO,2024-04-18
OPP-0003971,Proposal/Negotiation,2024-04-25
OPP-0003971,Closed Won,2024-04-26
OPP-0003972,Open,2024-04-10
OPP-0003972,Negotiation,2024-04-16
OPP-0003972,Closed Won,2024-05-01
OPP-0003973,Open,2024-03-31
OPP-0003973,Negotiation,2024-04-01
OPP-0003973,Closed Won,2024-05-01
OPP-0003974,SAL,2024-04-06
OPP-0003974,SQO,2024-04-12
OPP-0003974,Proposal/Negotiation,2024-04-18
OPP-0003974,Closed Lost,2024-04-28
OPP-0003975,Open,2024-04-10
OPP-0003975,Negotiation,2024-05-01
OPP-0003975,Closed Won,2024-05-01
OPP-0003976,Open,2024-04-07
OPP-0003976,Negotiation,2024-04-22
OPP-0003976,Closed Won,2024-05-01
OPP-0003977,SAL,2024-04-19
OPP-0003977,SQO,2024-04-21
OPP-0003977,POC,2024-05-03
OPP-0003977,Proposal/Negotiation,2024-05-18
OPP-0003977,Closed Lost,2024-06-02
OPP-0003978,Open,2024-04-10
OPP-0003978,Negotiation,2024-04-24
OPP-0003978,Closed Won,2024-06-04
OPP-0003988,SAL,2024-04-22
OPP-0003988,SQO,2024-05-07
OPP-0003988,Proposal/Negotiation,2024-05-14
OPP-0003988,Closed Lost,2024-05-15
OPP-0003994,Open,2024-04-20
OPP-0003994,Negotiation,2024-05-21
OPP-0003994,Closed Won,2024-06-08
OPP-0004002,SAL,2024-04-16
OPP-0004002,SQO,2024-04-20
OPP-0004002,Proposal/Negotiation,2024-05-10
OPP-0004002,Closed Won,2024-05-15
OPP-0004008,Open,2024-04-11
OPP-0004008,Negotiation,2024-04-17
OPP-0004008,Closed Won,2024-05-01
OPP-0004009,SAL,2024-04-11
OPP-0004009,SQO,2024-04-20
OPP-0004009,Proposal/Negotiation,2024-04-20
OPP-0004009,Closed Lost,2024-04-28
OPP-0004010,SAL,2024-04-18
OPP-0004010,SQO,2024-04-19
OPP-0004010,Proposal/Negotiation,2024-05-02
OPP-0004010,Closed Lost,2024-05-15
OPP-0004011,SAL,2024-04-30
OPP-0004011,SQO,2024-05-11
OPP-0004011,POC,2024-06-15
OPP-0004011,Proposal/Negotiation,2024-06-27
OPP-0004011,Closed Lost,2024-07-12
OPP-0004012,Open,2024-04-11
OPP-0004012,Negotiation,2024-06-10
OPP-0004012,Closed Won,2024-07-01
OPP-0004020,SAL,2024-05-15
OPP-0004020,SQO,2024-05-17
OPP-0004020,POC,2024-06-18
OPP-0004020,Proposal/Negotiation,2024-07-07
OPP-0004020,Closed Lost,2024-08-18
OPP-0004021,Open,2024-04-10
OPP-0004021,Negotiation,2024-05-12
OPP-0004021,Closed Won,2024-06-01
OPP-0004023,SAL,2024-04-09
OPP-0004023,SQO,2024-04-10
OPP-0004023,Proposal/Negotiation,2024-04-20
OPP-0004023,Closed Lost,2024-04-25
OPP-0004024,SAL,2024-04-19
OPP-0004024,SQO,2024-05-04
OPP-0004024,Proposal/Negotiation,2024-05-11
OPP-0004024,Closed Lost,2024-05-13
OPP-0004025,SAL,2024-04-18
OPP-0004025,SQO,2024-05-02
OPP-0004025,Proposal/Negotiation,2024-05-04
OPP-0004025,Closed Won,2024-05-13
OPP-0004028,SAL,2024-04-23
OPP-0004028,SQO,2024-04-29
OPP-0004028,Proposal/Negotiation,2024-05-10
OPP-0004028,Closed Lost,2024-05-16
OPP-0004029,SAL,2024-04-14
OPP-0004029,SQO,2024-04-14
OPP-0004029,Proposal/Negotiation,2024-04-16
OPP-0004029,SAL,2024-04-19
OPP-0004029,Closed Won,2024-04-25
OPP-0004035,Open,2024-05-12
OPP-0004035,Negotiation,2024-06-08
OPP-0004035,Closed Lost,2024-06-27
OPP-0004038,Open,2024-04-16
OPP-0004038,Negotiation,2024-04-24
OPP-0004038,Closed Won,2024-05-01
OPP-0004039,SAL,2024-04-13
OPP-0004039,SQO,2024-04-25
OPP-0004039,Proposal/Negotiation,2024-05-07
OPP-0004039,Closed Lost,2024-05-16
OPP-0004040,Open,2024-05-03
OPP-0004040,Negotiation,2024-05-09
OPP-0004040,Closed Won,2024-05-28
OPP-0004043,Open,2024-05-12
OPP-0004043,Negotiation,2024-05-20
OPP-0004043,Closed Won,2024-06-02
OPP-0004050,Open,2024-04-17
OPP-0004050,Negotiation,2024-04-23
OPP-0004050,Closed Won,2024-05-01
OPP-0004051,SAL,2024-04-13
OPP-0004051,SQO,2024-04-17
OPP-0004051,Proposal/Negotiation,2024-04-25
OPP-0004051,Closed Lost,2024-05-02
OPP-0004052,Open,2024-04-15
OPP-0004052,Negotiation,2024-05-15
OPP-0004052,Closed Won,2024-06-01
OPP-0004054,Open,2024-04-18
OPP-0004054,Negotiation,2024-04-19
OPP-0004054,Closed Won,2024-05-01
OPP-0004055,SAL,2024-05-17
OPP-0004055,SQO,2024-06-28
OPP-0004055,POC,2024-09-12
OPP-0004055,Proposal/Negotiation,2024-09-13
OPP-0004055,Closed Lost,2024-10-03
OPP-0004061,SAL,2024-04-25
OPP-0004061,SQO,2024-05-03
OPP-0004061,Proposal/Negotiation,2024-05-10
OPP-0004061,Closed Lost,2024-05-25
OPP-0004062,SAL,2024-05-06
OPP-0004062,SQO,2024-05-07
OPP-0004062,POC,2024-07-14
OPP-0004062,Proposal/Negotiation,2024-08-15
OPP-0004062,Closed Lost,2024-10-06
OPP-0004066,SAL,2024-04-17
OPP-0004066,SQO,2024-04-19
OPP-0004066,Proposal/Negotiation,2024-05-08
OPP-0004066,Closed Lost,2024-05-09
OPP-0004067,SAL,2024-06-07
OPP-0004067,SQO,2024-06-20
OPP-0004067,POC,2024-08-21
OPP-0004067,Proposal/Negotiation,2024-09-01
OPP-0004067,Closed Lost,2024-09-27
OPP-0004073,SAL,2024-04-23
OPP-0004073,SQO,2024-05-04
OPP-0004073,Proposal/Negotiation,2024-05-05
OPP-0004073,Closed Lost,2024-05-06
OPP-0004074,Open,2024-05-03
OPP-0004074,Negotiation,2024-06-12
OPP-0004074,Closed Won,2024-07-14
OPP-0004081,SAL,2024-05-04
OPP-0004081,SQO,2024-05-08
OPP-0004081,Proposal/Negotiation,2024-05-22
OPP-0004081,Closed Lost,2024-05-27
OPP-0004082,SAL,2024-04-26
OPP-0004082,SQO,2024-05-03
OPP-0004082,Proposal/Negotiation,2024-05-04
OPP-0004082,Closed Lost,2024-05-11
OPP-0004087,Open,2024-04-22
OPP-0004087,Negotiation,2024-05-09
OPP-0004087,Closed Won,2024-06-01
OPP-0004088,Open,2024-04-21
OPP-0004088,Negotiation,2024-04-25
OPP-0004088,Closed Won,2024-06-01
OPP-0004089,SAL,2024-04-24
OPP-0004089,SQO,2024-04-25
OPP-0004089,Proposal/Negotiation,2024-04-29
OPP-0004089,Closed Lost,2024-05-03
OPP-0004090,Open,2024-05-23
OPP-0004090,Negotiation,2024-07-11
OPP-0004090,Closed Won,2024-07-17
OPP-0004095,Open,2024-05-06
OPP-0004095,Negotiation,2024-05-13
OPP-0004095,Closed Won,2024-06-01
OPP-0004096,Open,2024-04-21
OPP-0004096,Negotiation,2024-05-21
OPP-0004096,Closed Won,2024-06-01
OPP-0004097,Open,2024-05-01
OPP-0004097,Negotiation,2024-05-24
OPP-0004097,Closed Won,2024-06-01
OPP-0004102,Open,2024-04-22
OPP-0004102,Negotiation,2024-05-27
OPP-0004102,Closed Won,2024-06-01
OPP-0004103,Open,2024-05-01
OPP-0004103,Negotiation,2024-05-09
OPP-0004103,Closed Won,2024-06-01
OPP-0004104,SAL,2024-04-24
OPP-0004104,SQO,2024-04-29
OPP-0004104,Proposal/Negotiation,2024-05-10
OPP-0004104,Closed Lost,2024-05-16
OPP-0004105,SAL,2024-04-28
OPP-0004105,SQO,2024-05-03
OPP-0004105,Proposal/Negotiation,2024-05-08
OPP-0004105,Closed Lost,2024-05-17
OPP-0004106,Open,2024-04-27
OPP-0004106,Negotiation,2024-05-09
OPP-0004106,Closed Won,2024-06-01
OPP-0004111,SAL,2024-04-28
OPP-0004111,SQO,2024-04-29
OPP-0004111,Proposal/Negotiation,2024-05-10
OPP-0004111,Closed Lost,2024-05-26
OPP-0004112,SAL,2024-05-18
OPP-0004112,SQO,2024-05-27
OPP-0004112,Proposal/Negotiation,2024-05-30
OPP-0004112,Closed Lost,2024-06-02
OPP-0004113,SAL,2024-04-23
OPP-0004113,SQO,2024-05-11
OPP-0004113,Proposal/Negotiation,2024-05-12
OPP-0004113,Closed Won,2024-05-21
OPP-0004120,Open,2024-05-15
OPP-0004120,Negotiation,2024-05-29
OPP-0004120,Closed Won,2024-06-01
OPP-0004121,SAL,2024-04-24
OPP-0004121,SQO,2024-04-26
OPP-0004121,Proposal/Negotiation,2024-05-11
OPP-0004121,Closed Lost,2024-05-27
OPP-0004122,Open,2024-05-03
OPP-0004122,Negotiation,2024-05-28
OPP-0004122,Closed Won,2024-06-01
OPP-0004123,Open,2024-06-19
OPP-0004123,Negotiation,2024-06-25
OPP-0004123,Closed Won,2024-07-01
OPP-0004133,SAL,2024-05-08
OPP-0004133,SQO,2024-05-21
OPP-0004133,Proposal/Negotiation,2024-05-25
OPP-0004133,Closed Lost,2024-06-01
OPP-0004134,Open,2024-04-29
OPP-0004134,Negotiation,2024-05-19
OPP-0004134,Closed Won,2024-06-01
OPP-0004135,SAL,2024-04-28
OPP-0004135,SQO,2024-05-18
OPP-0004135,Proposal/Negotiation,2024-05-28
OPP-0004135,Closed Won,2024-06-05
OPP-0004139,Open,2024-05-15
OPP-0004139,Negotiation,2024-05-22
OPP-0004139,Closed Won,2024-06-01
OPP-0004140,Open,2024-05-23
OPP-0004140,Negotiation,2024-05-26
OPP-0004140,Closed Won,2024-06-01
OPP-0004141,SAL,2024-05-16
OPP-0004141,SQO,2024-05-20
OPP-0004141,Proposal/Negotiation,2024-05-22
OPP-0004141,Closed Lost,2024-06-07
OPP-0004142,SAL,2024-04-28
OPP-0004142,SQO,2024-05-09
OPP-0004142,Proposal/Negotiation,2024-05-10
OPP-0004142,Closed Won,2024-05-12
OPP-0004149,Open,2024-04-29
OPP-0004149,Negotiation,2024-05-19
OPP-0004149,Closed Won,2024-06-01
OPP-0004150,SAL,2024-05-21
OPP-0004150,SQO,2024-06-04
OPP-0004150,Proposal/Negotiation,2024-06-08
OPP-0004150,Closed Lost,2024-06-09
OPP-0004151,SAL,2024-04-27
OPP-0004151,SQO,2024-05-01
OPP-0004151,Proposal/Negotiation,2024-05-02
OPP-0004151,Closed Lost,2024-05-19
OPP-0004152,SAL,2024-05-05
OPP-0004152,SQO,2024-05-11
OPP-0004152,Proposal/Negotiation,2024-05-13
OPP-0004152,Closed Lost,2024-05-20
OPP-0004153,SAL,2024-05-27
OPP-0004153,SQO,2024-05-30
OPP-0004153,Proposal/Negotiation,2024-06-04
OPP-0004153,Closed Lost,2024-06-10
OPP-0004156,SAL,2024-04-28
OPP-0004156,SQO,2024-05-01
OPP-0004156,Proposal/Negotiation,2024-05-09
OPP-0004156,Closed Lost,2024-05-21
OPP-0004157,Open,2024-05-21
OPP-0004157,Negotiation,2024-06-07
OPP-0004157,Closed Won,2024-07-01
OPP-0004158,SAL,2024-05-21
OPP-0004158,SQO,2024-05-30
OPP-0004158,POC,2024-07-18
OPP-0004158,Proposal/Negotiation,2024-07-20
OPP-0004158,Closed Won,2024-07-20
OPP-0004163,SAL,2024-05-01
OPP-0004163,SQO,2024-05-03
OPP-0004163,Proposal/Negotiation,2024-05-06
OPP-0004163,Closed Lost,2024-05-17
OPP-0004164,SAL,2024-05-10
OPP-0004164,SQO,2024-05-11
OPP-0004164,POC,2024-07-07
OPP-0004164,Proposal/Negotiation,2024-07-27
OPP-0004164,Closed Lost,2024-08-07
OPP-0004165,Open,2024-06-03
OPP-0004165,Negotiation,2024-07-15
OPP-0004165,Closed Won,2024-07-19
OPP-0004166,Open,2024-06-29
OPP-0004166,Negotiation,2024-06-29
OPP-0004166,Closed Won,2024-07-01
OPP-0004167,Open,2024-05-03
OPP-0004167,Negotiation,2024-05-05
OPP-0004167,Closed Won,2024-06-01
OPP-0004170,SAL,2024-05-09
OPP-0004170,SQO,2024-05-27
OPP-0004170,POC,2024-07-12
OPP-0004170,Proposal/Negotiation,2024-07-20
OPP-0004170,Closed Won,2024-08-23
OPP-0004174,SAL,2024-05-09
OPP-0004174,SQO,2024-06-22
OPP-0004174,POC,2024-09-23
OPP-0004174,Proposal/Negotiation,2024-10-14
OPP-0004174,Closed Lost,2024-10-22
OPP-0004175,Open,2024-05-08
OPP-0004175,Negotiation,2024-05-09
OPP-0004175,Closed Won,2024-06-12
OPP-0004179,SAL,2024-05-06
OPP-0004179,SQO,2024-05-11
OPP-0004179,Proposal/Negotiation,2024-05-15
OPP-0004179,Closed Lost,2024-05-19
OPP-0004186,Open,2024-05-07
OPP-0004186,Negotiation,2024-05-11
OPP-0004186,Closed Won,2024-06-01
OPP-0004187,SAL,2024-08-08
OPP-0004187,SQO,2024-08-14
OPP-0004187,POC,2024-09-02
OPP-0004187,Proposal/Negotiation,2024-09-08
OPP-0004187,Closed Lost,2024-09-12
OPP-0004188,Open,2024-07-22
OPP-0004188,Negotiation,2024-08-18
OPP-0004188,Closed Lost,2024-08-19
OPP-0004189,SAL,2024-05-18
OPP-0004189,SQO,2024-05-31
OPP-0004189,Proposal/Negotiation,2024-05-31
OPP-0004189,Closed Won,2024-06-17
OPP-0004195,Open,2024-05-14
OPP-0004195,Negotiation,2024-05-17
OPP-0004195,Closed Won,2024-06-01
OPP-0004196,SAL,2024-05-11
OPP-0004196,SQO,2024-05-20
OPP-0004196,Proposal/Negotiation,2024-05-21
OPP-0004196,Closed Lost,2024-06-04
OPP-0004197,SAL,2024-05-22
OPP-0004197,SQO,2024-05-24
OPP-0004197,POC,2024-06-13
OPP-0004197,Proposal/Negotiation,2024-07-01
OPP-0004197,Closed Lost,2024-07-11
OPP-0004204,SAL,2024-05-09
OPP-0004204,SQO,2024-05-12
OPP-0004204,Proposal/Negotiation,2024-05-20
OPP-0004204,Closed Lost,2024-06-05
OPP-0004205,SAL,2024-05-25
OPP-0004205,SQO,2024-05-28
OPP-0004205,Proposal/Negotiation,2024-05-28
OPP-0004205,Closed Lost,2024-06-10
OPP-0004206,SAL,2024-05-24
OPP-0004206,SQO,2024-05-29
OPP-0004206,Proposal/Negotiation,2024-06-06
OPP-0004206,SAL,2024-06-06
OPP-0004206,Closed Won,2024-06-17
OPP-0004212,SAL,2024-05-26
OPP-0004212,SQO,2024-06-14
OPP-0004212,POC,2024-07-23
OPP-0004212,Proposal/Negotiation,2024-09-01
OPP-0004212,Closed Lost,2024-09-01
OPP-0004213,SAL,2024-06-02
OPP-0004213,SQO,2024-06-21
OPP-0004213,POC,2024-07-19
OPP-0004213,Proposal/Negotiation,2024-09-11
OPP-0004213,Closed Won,2024-09-22
OPP-0004219,Open,2024-05-16
OPP-0004219,Negotiation,2024-05-21
OPP-0004219,Closed Won,2024-06-01
OPP-0004220,SAL,2024-05-12
OPP-0004220,SQO,2024-05-17
OPP-0004220,Proposal/Negotiation,2024-05-26
OPP-0004220,Closed Lost,2024-05-26
OPP-0004221,SAL,2024-05-17
OPP-0004221,SQO,2024-05-19
OPP-0004221,Proposal/Negotiation,2024-05-20
OPP-0004221,Closed Lost,2024-06-03
OPP-0004222,SAL,2024-05-14
OPP-0004222,SQO,2024-05-19
OPP-0004222,Proposal/Negotiation,2024-05-24
OPP-0004222,Closed Lost,2024-06-06
OPP-0004223,Open,2024-05-30
OPP-0004223,Negotiation,2024-06-17
OPP-0004223,Closed Won,2024-06-18
OPP-0004224,Open,2024-05-24
OPP-0004224,Negotiation,2024-05-25
OPP-0004224,Closed Won,2024-08-01
OPP-0004225,Open,2024-05-30
OPP-0004225,Negotiation,2024-06-19
OPP-0004225,Closed Won,2024-07-01
OPP-0004231,SAL,2024-05-11
OPP-0004231,SQO,2024-05-15
OPP-0004231,Proposal/Negotiation,2024-05-23
OPP-0004231,SAL,2024-05-23
OPP-0004231,Closed Lost,2024-05-24
OPP-0004232,Open,2024-05-11
OPP-0004232,Negotiation,2024-07-09
OPP-0004232,Closed Won,2024-07-28
OPP-0004233,Open,2024-05-25
OPP-0004233,Negotiation,2024-06-16
OPP-0004233,Closed Won,2024-08-01
OPP-0004234,SAL,2024-05-12
OPP-0004234,SQO,2024-05-18
OPP-0004234,Proposal/Negotiation,2024-05-25
OPP-0004234,Closed Won,2024-06-01
OPP-0004253,SAL,2024-05-15
OPP-0004253,SQO,2024-06-12
OPP-0004253,Proposal/Negotiation,2024-06-19
OPP-0004253,Closed Lost,2024-06-23
OPP-0004254,SAL,2024-05-14
OPP-0004254,SQO,2024-05-16
OPP-0004254,Proposal/Negotiation,2024-05-18
OPP-0004254,Closed Lost,2024-06-03
OPP-0004255,SAL,2024-05-16
OPP-0004255,SQO,2024-05-22
OPP-0004255,Proposal/Negotiation,2024-05-27
OPP-0004255,Closed Lost,2024-06-12
OPP-0004256,Open,2024-05-28
OPP-0004256,Negotiation,2024-07-15
OPP-0004256,Closed Lost,2024-08-01
OPP-0004257,SAL,2024-05-16
OPP-0004257,SQO,2024-05-18
OPP-0004257,Proposal/Negotiation,2024-05-23
OPP-0004257,Closed Won,2024-05-27
OPP-0004265,SAL,2024-06-04
OPP-0004265,SQO,2024-06-13
OPP-0004265,Proposal/Negotiation,2024-06-17
OPP-0004265,Closed Lost,2024-06-27
OPP-0004266,SAL,2024-05-13
OPP-0004266,SQO,2024-05-25
OPP-0004266,Proposal/Negotiation,2024-05-31
OPP-0004266,Closed Won,2024-06-06
OPP-0004270,SAL,2024-05-14
OPP-0004270,SQO,2024-05-22
OPP-0004270,Proposal/Negotiation,2024-06-07
OPP-0004270,Closed Lost,2024-06-17
OPP-0004271,SAL,2024-05-23
OPP-0004271,SQO,2024-06-04
OPP-0004271,POC,2024-06-14
OPP-0004271,Proposal/Negotiation,2024-06-26
OPP-0004271,Closed Lost,2024-07-25
OPP-0004272,Open,2024-05-21
OPP-0004272,Negotiation,2024-05-26
OPP-0004272,Closed Won,2024-06-16
OPP-0004278,SAL,2024-05-18
OPP-0004278,SQO,2024-05-23
OPP-0004278,Proposal/Negotiation,2024-05-26
OPP-0004278,Closed Lost,2024-06-07
OPP-0004279,Open,2024-05-27
OPP-0004279,Negotiation,2024-06-28
OPP-0004279,Closed Won,2024-07-01
OPP-0004280,Open,2024-06-07
OPP-0004280,Negotiation,2024-06-28
OPP-0004280,Closed Won,2024-07-01
OPP-0004281,SAL,2024-05-22
OPP-0004281,SQO,2024-06-17
OPP-0004281,POC,2024-09-16
OPP-0004281,Proposal/Negotiation,2024-09-30
OPP-0004281,Closed Won,2024-10-12
OPP-0004283,SAL,2024-05-20
OPP-0004283,SQO,2024-05-21
OPP-0004283,Proposal/Negotiation,2024-06-07
OPP-0004283,Closed Lost,2024-06-09
OPP-0004284,Open,2024-05-19
OPP-0004284,Negotiation,2024-06-24
OPP-0004284,Closed Won,2024-07-01
OPP-0004291,SAL,2024-05-18
OPP-0004291,SQO,2024-05-24
OPP-0004291,Proposal/Negotiation,2024-05-30
OPP-0004291,Closed Lost,2024-06-01
OPP-0004292,SAL,2024-05-20
OPP-0004292,SQO,2024-05-28
OPP-0004292,Proposal/Negotiation,2024-06-02
OPP-0004292,Closed Lost,2024-06-11
OPP-0004293,SAL,2024-07-06
OPP-0004293,SQO,2024-08-04
OPP-0004293,POC,2024-10-13
OPP-0004293,Proposal/Negotiation,2024-11-01
OPP-0004293,Closed Lost,2024-11-05
OPP-0004294,Open,2024-05-18
OPP-0004294,Negotiation,2024-05-21
OPP-0004294,Closed Won,2024-06-23
OPP-0004301,Open,2024-05-27
OPP-0004301,Negotiation,2024-05-30
OPP-0004301,Closed Won,2024-06-01
OPP-0004302,Open,2024-05-29
OPP-0004302,Negotiation,2024-07-10
OPP-0004302,Closed Won,2024-08-01
OPP-0004310,SAL,2024-05-23
OPP-0004310,SQO,2024-07-03
OPP-0004310,POC,2024-08-07
OPP-0004310,Proposal/Negotiation,2024-08-18
OPP-0004310,Closed Lost,2024-09-23
OPP-0004311,SAL,2024-06-04
OPP-0004311,SQO,2024-06-21
OPP-0004311,POC,2024-08-24
OPP-0004311,Proposal/Negotiation,2024-08-27
OPP-0004311,Closed Lost,2024-09-16
OPP-0004316,Open,2024-05-25
OPP-0004316,Negotiation,2024-07-10
OPP-0004316,Closed Won,2024-07-25
OPP-0004317,SAL,2024-05-21
OPP-0004317,SQO,2024-05-30
OPP-0004317,Proposal/Negotiation,2024-06-04
OPP-0004317,Closed Won,2024-06-11
OPP-0004323,SAL,2024-05-22
OPP-0004323,SQO,2024-05-23
OPP-0004323,Proposal/Negotiation,2024-06-22
OPP-0004323,Closed Lost,2024-06-24
OPP-0004324,Open,2024-05-25
OPP-0004324,Negotiation,2024-06-22
OPP-0004324,Closed Won,2024-07-03
OPP-0004325,Open,2024-07-26
OPP-0004325,Negotiation,2024-07-28
OPP-0004325,Closed Won,2024-08-01
OPP-0004335,Open,2024-06-22
OPP-0004335,Negotiation,2024-06-24
OPP-0004335,Closed Won,2024-07-01
OPP-0004336,SAL,2024-05-22
OPP-0004336,SQO,2024-06-01
OPP-0004336,Proposal/Negotiation,2024-06-03
OPP-0004336,Closed Lost,2024-06-06
OPP-0004337,SAL,2024-05-23
OPP-0004337,SQO,2024-06-25
OPP-0004337,POC,2024-07-26
OPP-0004337,Proposal/Negotiation,2024-08-01
OPP-0004337,Closed Lost,2024-09-05
OPP-0004338,Open,2024-05-22
OPP-0004338,Negotiation,2024-07-05
OPP-0004338,Closed Won,2024-07-10
OPP-0004339,SAL,2024-05-26
OPP-0004339,SQO,2024-06-11
OPP-0004339,Proposal/Negotiation,2024-06-12
OPP-0004339,Closed Won,2024-06-17
OPP-0004345,Open,2024-06-26
OPP-0004345,Negotiation,2024-06-26
OPP-0004345,Closed Won,2024-07-01
OPP-0004346,SAL,2024-05-26
OPP-0004346,SQO,2024-05-27
OPP-0004346,Proposal/Negotiation,2024-05-27
OPP-0004346,Closed Lost,2024-06-20
OPP-0004347,SAL,2024-05-31
OPP-0004347,SQO,2024-08-10
OPP-0004347,POC,2024-09-30
OPP-0004347,Proposal/Negotiation,2024-10-16
OPP-0004347,Closed Lost,2024-11-10
OPP-0004348,Open,2024-06-18
OPP-0004348,Negotiation,2024-07-30
OPP-0004348,Closed Won,2024-08-10
OPP-0004355,Open,2024-06-07
OPP-0004355,Negotiation,2024-06-16
OPP-0004355,Closed Won,2024-07-01
OPP-0004356,SAL,2024-05-27
OPP-0004356,SQO,2024-05-30
OPP-0004356,Proposal/Negotiation,2024-05-31
OPP-0004356,Closed Lost,2024-06-10
OPP-0004357,Open,2024-06-04
OPP-0004357,Negotiation,2024-06-18
OPP-0004357,Closed Won,2024-08-01
OPP-0004360,Open,2024-06-08
OPP-0004360,Negotiation,2024-06-16
OPP-0004360,Closed Won,2024-07-01
OPP-0004364,Open,2024-06-07
OPP-0004364,Negotiation,2024-06-11
OPP-0004364,Closed Won,2024-07-02
OPP-0004365,Open,2024-07-08
OPP-0004365,Negotiation,2024-07-10
OPP-0004365,Closed Won,2024-08-20
OPP-0004371,SAL,2024-06-09
OPP-0004371,SQO,2024-06-10
OPP-0004371,POC,2024-07-04
OPP-0004371,Proposal/Negotiation,2024-07-25
OPP-0004371,Closed Lost,2024-08-07
OPP-0004372,Open,2024-06-28
OPP-0004372,Negotiation,2024-07-24
OPP-0004372,Closed Won,2024-07-31
OPP-0004381,Open,2024-06-14
OPP-0004381,Negotiation,2024-06-30
OPP-0004381,Closed Won,2024-07-01
OPP-0004382,SAL,2024-06-01
OPP-0004382,SQO,2024-06-04
OPP-0004382,Proposal/Negotiation,2024-06-10
OPP-0004382,Closed Lost,2024-06-13
OPP-0004383,SAL,2024-06-01
OPP-0004383,SQO,2024-06-03
OPP-0004383,Proposal/Negotiation,2024-06-13
OPP-0004383,Closed Lost,2024-06-20
OPP-0004384,Open,2024-07-07
OPP-0004384,Negotiation,2024-08-01
OPP-0004384,Closed Won,2024-08-08
OPP-0004385,SAL,2024-06-02
OPP-0004385,SQO,2024-06-05
OPP-0004385,Proposal/Negotiation,2024-06-08
OPP-0004385,Closed Lost,2024-07-13
OPP-0004386,Open,2024-06-16
OPP-0004386,Negotiation,2024-06-16
OPP-0004386,Closed Won,2024-07-01
OPP-0004387,SAL,2024-06-07
OPP-0004387,SQO,2024-06-12
OPP-0004387,Proposal/Negotiation,2024-06-19
OPP-0004387,Closed Won,2024-06-21
OPP-0004388,Open,2024-06-06
OPP-0004388,Negotiation,2024-06-12
OPP-0004388,Closed Won,2024-07-01
OPP-0004389,SAL,2024-06-03
OPP-0004389,SQO,2024-06-09
OPP-0004389,Proposal/Negotiation,2024-06-29
OPP-0004389,Closed Lost,2024-07-01
OPP-0004390,Open,2024-06-03
OPP-0004390,Negotiation,2024-06-04
OPP-0004390,Closed Won,2024-07-01
OPP-0004391,Open,2024-07-19
OPP-0004391,Negotiation,2024-07-26
OPP-0004391,Closed Won,2024-09-20
OPP-0004392,Open,2024-07-23
OPP-0004392,Negotiation,2024-08-02
OPP-0004392,Closed Lost,2024-08-13
OPP-0004393,SAL,2024-06-04
OPP-0004393,SQO,2024-06-13
OPP-0004393,Proposal/Negotiation,2024-06-21
OPP-0004393,Closed Won,2024-06-23
OPP-0004399,SAL,2024-06-02
OPP-0004399,SQO,2024-06-03
OPP-0004399,SAL,2024-06-07
OPP-0004399,Proposal/Negotiation,2024-06-11
OPP-0004399,Closed Lost,2024-06-16
OPP-0004400,SAL,2024-06-03
OPP-0004400,SQO,2024-06-19
OPP-0004400,Proposal/Negotiation,2024-06-20
OPP-0004400,Closed Lost,2024-07-12
OPP-0004401,SAL,2024-06-08
OPP-0004401,SQO,2024-06-17
OPP-0004401,Proposal/Negotiation,2024-07-14
OPP-0004401,Closed Won,2024-07-16
OPP-0004404,Open,2024-06-16
OPP-0004404,Negotiation,2024-06-26
OPP-0004404,Closed Won,2024-07-01
OPP-0004405,Open,2024-06-06
OPP-0004405,Negotiation,2024-06-06
OPP-0004405,Closed Won,2024-07-01
OPP-0004406,SAL,2024-06-08
OPP-0004406,SQO,2024-06-13
OPP-0004406,Proposal/Negotiation,2024-06-27
OPP-0004406,Closed Lost,2024-07-02
OPP-0004407,SAL,2024-06-03
OPP-0004407,SQO,2024-06-23
OPP-0004407,Proposal/Negotiation,2024-07-01
OPP-0004407,Closed Lost,2024-07-09
OPP-0004408,SAL,2024-06-06
OPP-0004408,SQO,2024-07-24
OPP-0004408,POC,2024-08-16
OPP-0004408,Proposal/Negotiation,2024-08-22
OPP-0004408,Closed Lost,2024-09-17
OPP-0004409,SAL,2024-06-23
OPP-0004409,SQO,2024-08-18
OPP-0004409,POC,2024-10-15
OPP-0004409,Proposal/Negotiation,2024-10-18
OPP-0004409,Closed Lost,2024-10-26
OPP-0004415,Open,2024-06-12
OPP-0004415,Negotiation,2024-06-24
OPP-0004415,Closed Won,2024-07-01
OPP-0004416,SAL,2024-06-05
OPP-0004416,SQO,2024-06-11
OPP-0004416,Proposal/Negotiation,2024-06-14
OPP-0004416,Closed Lost,2024-07-03
OPP-0004417,Open,2024-07-10
OPP-0004417,Negotiation,2024-07-13
OPP-0004417,Closed Won,2024-07-14
OPP-0004418,Open,2024-06-15
OPP-0004418,Negotiation,2024-07-29
OPP-0004418,Closed Won,2024-08-01
OPP-0004421,SAL,2024-06-19
OPP-0004421,SQO,2024-06-26
OPP-0004421,Proposal/Negotiation,2024-07-10
OPP-0004421,Closed Lost,2024-07-10
OPP-0004422,Open,2024-06-14
OPP-0004422,Negotiation,2024-06-16
OPP-0004422,Closed Lost,2024-07-09
OPP-0004430,SAL,2024-07-14
OPP-0004430,SQO,2024-07-25
OPP-0004430,POC,2024-08-09
OPP-0004430,Proposal/Negotiation,2024-10-16
OPP-0004430,Closed Lost,2024-11-14
OPP-0004431,SAL,2024-06-09
OPP-0004431,SQO,2024-06-30
OPP-0004431,POC,2024-08-04
OPP-0004431,Proposal/Negotiation,2024-08-23
OPP-0004431,Closed Lost,2024-09-09
OPP-0004434,Open,2024-06-09
OPP-0004434,Negotiation,2024-06-14
OPP-0004434,Closed Won,2024-07-01
OPP-0004435,SAL,2024-06-13
OPP-0004435,SQO,2024-07-01
OPP-0004435,Proposal/Negotiation,2024-07-09
OPP-0004435,Closed Lost,2024-07-15
OPP-0004436,Open,2024-07-13
OPP-0004436,Negotiation,2024-08-21
OPP-0004436,Closed Won,2024-09-01
OPP-0004437,SAL,2024-06-08
OPP-0004437,SQO,2024-06-25
OPP-0004437,POC,2024-08-08
OPP-0004437,Proposal/Negotiation,2024-08-27
OPP-0004437,Closed Won,2024-09-05
OPP-0004438,SAL,2024-06-15
OPP-0004438,SQO,2024-06-16
OPP-0004438,Proposal/Negotiation,2024-06-18
OPP-0004438,Closed Won,2024-06-21
OPP-0004450,Open,2024-06-18
OPP-0004450,Negotiation,2024-06-19
OPP-0004450,Closed Won,2024-07-01
OPP-0004457,Open,2024-06-15
OPP-0004457,Negotiation,2024-06-27
OPP-0004457,Closed Won,2024-07-01
OPP-0004458,SAL,2024-06-27
OPP-0004458,SQO,2024-06-29
OPP-0004458,Proposal/Negotiation,2024-07-02
OPP-0004458,Closed Lost,2024-07-16
OPP-0004459,SAL,2024-06-17
OPP-0004459,SQO,2024-07-23
OPP-0004459,POC,2024-08-27
OPP-0004459,Proposal/Negotiation,2024-09-09
OPP-0004459,Closed Lost,2024-10-21
OPP-0004460,Open,2024-07-07
OPP-0004460,Negotiation,2024-07-13
OPP-0004460,Closed Won,2024-07-24
OPP-0004461,Open,2024-06-11
OPP-0004461,Negotiation,2024-07-03
OPP-0004461,Closed Won,2024-07-14
OPP-0004462,Open,2024-06-17
OPP-0004462,Negotiation,2024-07-14
OPP-0004462,Closed Won,2024-08-01
OPP-0004463,SAL,2024-06-23
OPP-0004463,SQO,2024-07-16
OPP-0004463,Proposal/Negotiation,2024-07-20
OPP-0004463,Closed Won,2024-07-23
OPP-0004467,Open,2024-06-11
OPP-0004467,Negotiation,2024-06-17
OPP-0004467,Closed Won,2024-07-01
OPP-0004468,SAL,2024-06-18
OPP-0004468,SQO,2024-06-18
OPP-0004468,Proposal/Negotiation,2024-06-24
OPP-0004468,Closed Lost,2024-06-25
OPP-0004472,SAL,2024-06-13
OPP-0004472,SQO,2024-06-15
OPP-0004472,SAL,2024-06-25
OPP-0004472,POC,2024-07-27
OPP-0004472,Proposal/Negotiation,2024-07-31
OPP-0004472,Closed Lost,2024-09-03
OPP-0004473,Open,2024-06-23
OPP-0004473,Negotiation,2024-07-19
OPP-0004473,Closed Won,2024-07-27
OPP-0004480,Open,2024-06-18
OPP-0004480,Negotiation,2024-06-24
OPP-0004480,Closed Won,2024-07-01
OPP-0004481,SAL,2024-08-07
OPP-0004481,SQO,2024-08-09
OPP-0004481,POC,2024-09-07
OPP-0004481,Proposal/Negotiation,2024-09-26
OPP-0004481,Closed Lost,2024-10-15
OPP-0004489,Open,2024-06-25
OPP-0004489,Negotiation,2024-06-26
OPP-0004489,Closed Won,2024-07-01
OPP-0004490,Open,2024-06-27
OPP-0004490,Negotiation,2024-06-30
OPP-0004490,Closed Won,2024-07-01
OPP-0004491,SAL,2024-06-22
OPP-0004491,SQO,2024-07-10
OPP-0004491,Proposal/Negotiation,2024-07-11
OPP-0004491,Closed Lost,2024-07-12
OPP-0004492,SAL,2024-06-23
OPP-0004492,SQO,2024-07-05
OPP-0004492,POC,2024-08-13
OPP-0004492,Proposal/Negotiation,2024-09-06
OPP-0004492,Closed Lost,2024-09-18
OPP-0004493,SAL,2024-06-21
OPP-0004493,SQO,2024-06-21
OPP-0004493,Proposal/Negotiation,2024-06-30
OPP-0004493,Closed Won,2024-07-02
OPP-0004496,SAL,2024-06-22
OPP-0004496,SQO,2024-07-11
OPP-0004496,Proposal/Negotiation,2024-07-13
OPP-0004496,Closed Lost,2024-07-18
OPP-0004500,Open,2024-07-13
OPP-0004500,Negotiation,2024-08-12
OPP-0004500,Closed Won,2024-09-21
OPP-0004508,SAL,2024-06-22
OPP-0004508,SQO,2024-06-28
OPP-0004508,Proposal/Negotiation,2024-06-29
OPP-0004508,Closed Won,2024-07-19
OPP-0004513,Open,2024-06-30
OPP-0004513,Negotiation,2024-07-30
OPP-0004513,Closed Won,2024-08-01
OPP-0004514,SAL,2024-06-26
OPP-0004514,SQO,2024-07-02
OPP-0004514,Proposal/Negotiation,2024-07-03
OPP-0004514,Closed Lost,2024-07-06
OPP-0004515,SAL,2024-08-08
OPP-0004515,SQO,2024-08-10
OPP-0004515,POC,2024-10-30
OPP-0004515,Proposal/Negotiation,2024-11-04
OPP-0004515,Closed Lost,2024-11-10
OPP-0004516,Open,2024-08-16
OPP-0004516,Negotiation,2024-09-04
OPP-0004516,Closed Won,2024-09-07
OPP-0004523,Open,2024-07-01
OPP-0004523,Negotiation,2024-07-10
OPP-0004523,Closed Won,2024-08-01
OPP-0004524,Open,2024-07-28
OPP-0004524,Negotiation,2024-07-30
OPP-0004524,Closed Won,2024-08-01
OPP-0004525,Open,2024-06-21
OPP-0004525,Negotiation,2024-07-26
OPP-0004525,Closed Won,2024-08-01
OPP-0004526,Open,2024-06-28
OPP-0004526,Negotiation,2024-07-03
OPP-0004526,Closed Won,2024-09-01
OPP-0004527,SAL,2024-06-23
OPP-0004527,SQO,2024-06-26
OPP-0004527,Proposal/Negotiation,2024-07-02
OPP-0004527,Closed Won,2024-07-05
OPP-0004530,SAL,2024-06-27
OPP-0004530,SQO,2024-07-03
OPP-0004530,Proposal/Negotiation,2024-07-11
OPP-0004530,Closed Lost,2024-07-18
OPP-0004531,SAL,2024-06-22
OPP-0004531,SQO,2024-06-23
OPP-0004531,Proposal/Negotiation,2024-07-02
OPP-0004531,Closed Won,2024-07-10
OPP-0004532,SAL,2024-06-28
OPP-0004532,SQO,2024-06-30
OPP-0004532,Proposal/Negotiation,2024-07-14
OPP-0004532,Closed Won,2024-08-02
OPP-0004540,SAL,2024-06-24
OPP-0004540,SQO,2024-06-30
OPP-0004540,Proposal/Negotiation,2024-07-16
OPP-0004540,Closed Lost,2024-07-20
OPP-0004541,SAL,2024-06-24
OPP-0004541,SQO,2024-06-25
OPP-0004541,Proposal/Negotiation,2024-07-02
OPP-0004541,Closed Lost,2024-07-09
OPP-0004542,Open,2024-07-13
OPP-0004542,Negotiation,2024-09-02
OPP-0004542,Closed Won,2024-09-15
OPP-0004548,Open,2024-07-08
OPP-0004548,Negotiation,2024-07-08
OPP-0004548,Closed Won,2024-08-01
OPP-0004549,SAL,2024-07-06
OPP-0004549,SQO,2024-07-06
OPP-0004549,Proposal/Negotiation,2024-07-15
OPP-0004549,Closed Lost,2024-07-26
OPP-0004550,Open,2024-07-03
OPP-0004550,Negotiation,2024-07-05
OPP-0004550,Closed Won,2024-08-01
OPP-0004552,SAL,2024-07-04
OPP-0004552,SQO,2024-07-15
OPP-0004552,SAL,2024-07-18
OPP-0004552,POC,2024-08-21
OPP-0004552,Proposal/Negotiation,2024-08-25
OPP-0004552,Closed Lost,2024-10-04
OPP-0004553,Open,2024-08-19
OPP-0004553,Negotiation,2024-08-30
OPP-0004553,Closed Won,2024-09-01
OPP-0004563,Open,2024-07-28
OPP-0004563,Negotiation,2024-08-07
OPP-0004563,Closed Lost,2024-08-19
OPP-0004564,Open,2024-07-02
OPP-0004564,Negotiation,2024-07-08
OPP-0004564,Closed Won,2024-08-01
OPP-0004569,SAL,2024-06-28
OPP-0004569,SQO,2024-07-02
OPP-0004569,Proposal/Negotiation,2024-07-04
OPP-0004569,Closed Lost,2024-07-11
OPP-0004570,SAL,2024-07-07
OPP-0004570,SQO,2024-07-08
OPP-0004570,Proposal/Negotiation,2024-07-19
OPP-0004570,Closed Lost,2024-07-24
OPP-0004571,SAL,2024-07-18
OPP-0004571,SQO,2024-07-23
OPP-0004571,Proposal/Negotiation,2024-07-28
OPP-0004571,Closed Lost,2024-08-09
OPP-0004572,SAL,2024-07-31
OPP-0004572,SQO,2024-09-01
OPP-0004572,POC,2024-10-06
OPP-0004572,Proposal/Negotiation,2024-10-13
OPP-0004572,Closed Lost,2024-11-01
OPP-0004573,SAL,2024-07-08
OPP-0004573,SQO,2024-07-15
OPP-0004573,Proposal/Negotiation,2024-08-02
OPP-0004573,Closed Won,2024-08-09
OPP-0004578,Open,2024-07-05
OPP-0004578,Negotiation,2024-07-26
OPP-0004578,Closed Won,2024-08-01
OPP-0004579,Open,2024-07-23
OPP-0004579,Negotiation,2024-07-23
OPP-0004579,Closed Won,2024-08-01
OPP-0004580,Open,2024-07-12
OPP-0004580,Negotiation,2024-07-13
OPP-0004580,Closed Won,2024-09-01
OPP-0004588,SAL,2024-07-24
OPP-0004588,SQO,2024-09-03
OPP-0004588,POC,2024-09-22
OPP-0004588,Proposal/Negotiation,2024-10-20
OPP-0004588,Closed Lost,2024-11-18
OPP-0004589,Open,2024-06-30
OPP-0004589,Negotiation,2024-08-03
OPP-0004589,Closed Won,2024-08-03
OPP-0004591,SAL,2024-07-19
OPP-0004591,SQO,2024-08-01
OPP-0004591,Proposal/Negotiation,2024-08-06
OPP-0004591,Closed Lost,2024-08-11
OPP-0004592,Open,2024-07-13
OPP-0004592,Negotiation,2024-07-18
OPP-0004592,Closed Won,2024-07-31
OPP-0004593,SAL,2024-07-05
OPP-0004593,SQO,2024-07-13
OPP-0004593,POC,2024-10-12
OPP-0004593,Proposal/Negotiation,2024-10-13
OPP-0004593,Closed Won,2024-10-18
OPP-0004594,SAL,2024-07-04
OPP-0004594,SQO,2024-07-18
OPP-0004594,POC,2024-09-05
OPP-0004594,Proposal/Negotiation,2024-09-11
OPP-0004594,Closed Won,2024-09-15
OPP-0004595,SAL,2024-06-30
OPP-0004595,SQO,2024-07-05
OPP-0004595,Proposal/Negotiation,2024-07-11
OPP-0004595,Closed Won,2024-07-15
OPP-0004596,SAL,2024-07-07
OPP-0004596,SQO,2024-07-13
OPP-0004596,Proposal/Negotiation,2024-07-16
OPP-0004596,Closed Lost,2024-08-12
OPP-0004597,SAL,2024-07-11
OPP-0004597,SQO,2024-07-12
OPP-0004597,Proposal/Negotiation,2024-07-18
OPP-0004597,Closed Won,2024-07-18
OPP-0004601,Open,2024-07-14
OPP-0004601,Negotiation,2024-08-01
OPP-0004601,Closed Won,2024-08-01
OPP-0004602,Open,2024-07-09
OPP-0004602,Negotiation,2024-07-31
OPP-0004602,Closed Won,2024-08-01
OPP-0004603,SAL,2024-07-02
OPP-0004603,SQO,2024-07-10
OPP-0004603,Proposal/Negotiation,2024-07-27
OPP-0004603,Closed Lost,2024-08-01
OPP-0004604,SAL,2024-07-12
OPP-0004604,SQO,2024-07-19
OPP-0004604,Proposal/Negotiation,2024-07-21
OPP-0004604,SAL,2024-07-25
OPP-0004604,Closed Lost,2024-08-12
OPP-0004622,Open,2024-07-28
OPP-0004622,Negotiation,2024-08-22
OPP-0004622,Closed Won,2024-09-01
OPP-0004627,SAL,2024-07-29
OPP-0004627,SQO,2024-08-10
OPP-0004627,Proposal/Negotiation,2024-08-13
OPP-0004627,SAL,2024-08-13
OPP-0004627,Closed Lost,2024-08-14
OPP-0004628,Open,2024-07-19
OPP-0004628,Negotiation,2024-08-18
OPP-0004628,Closed Won,2024-08-25
OPP-0004629,Open,2024-07-28
OPP-0004629,Negotiation,2024-08-25
OPP-0004629,Closed Won,2024-09-01
OPP-0004630,Open,2024-08-05
OPP-0004630,Negotiation,2024-08-18
OPP-0004630,Closed Won,2024-09-01
OPP-0004631,SAL,2024-07-22
OPP-0004631,SQO,2024-08-07
OPP-0004631,Proposal/Negotiation,2024-08-15
OPP-0004631,Closed Won,2024-08-16
OPP-0004647,SAL,2024-07-20
OPP-0004647,SQO,2024-07-27
OPP-0004647,Proposal/Negotiation,2024-08-18
OPP-0004647,Closed Lost,2024-08-21
OPP-0004648,SAL,2024-07-07
OPP-0004648,SQO,2024-07-07
OPP-0004648,Proposal/Negotiation,2024-07-20
OPP-0004648,Closed Lost,2024-07-27
OPP-0004649,Open,2024-08-07
OPP-0004649,Negotiation,2024-08-07
OPP-0004649,Closed Won,2024-09-24
OPP-0004650,SAL,2024-07-16
OPP-0004650,SQO,2024-07-20
OPP-0004650,Proposal/Negotiation,2024-07-25
OPP-0004650,Closed Won,2024-08-01
OPP-0004662,SAL,2024-07-17
OPP-0004662,SQO,2024-08-02
OPP-0004662,Proposal/Negotiation,2024-08-10
OPP-0004662,Closed Lost,2024-08-10
OPP-0004663,SAL,2024-07-18
OPP-0004663,SQO,2024-09-16
OPP-0004663,POC,2024-10-03
OPP-0004663,Proposal/Negotiation,2024-10-16
OPP-0004663,Closed Lost,2024-10-16
OPP-0004664,Open,2024-09-13
OPP-0004664,Negotiation,2024-10-11
OPP-0004664,Closed Won,2024-10-23
OPP-0004665,SAL,2024-08-09
OPP-0004665,SQO,2024-08-16
OPP-0004665,POC,2024-10-19
OPP-0004665,Proposal/Negotiation,2024-10-30
OPP-0004665,Closed Won,2024-11-05
OPP-0004666,SAL,2024-07-14
OPP-0004666,SQO,2024-08-03
OPP-0004666,Proposal/Negotiation,2024-08-04
OPP-0004666,SAL,2024-08-10
OPP-0004666,Closed Won,2024-08-20
OPP-0004674,Open,2024-07-25
OPP-0004674,Negotiation,2024-08-20
OPP-0004674,Closed Won,2024-09-01
OPP-0004675,SAL,2024-07-11
OPP-0004675,SQO,2024-07-20
OPP-0004675,Proposal/Negotiation,2024-07-23
OPP-0004675,Closed Won,2024-08-01
OPP-0004682,Open,2024-07-25
OPP-0004682,Negotiation,2024-07-30
OPP-0004682,Closed Won,2024-08-01
OPP-0004683,SAL,2024-07-10
OPP-0004683,SQO,2024-08-10
OPP-0004683,Proposal/Negotiation,2024-08-11
OPP-0004683,Closed Lost,2024-08-24
OPP-0004684,Open,2024-07-13
OPP-0004684,Negotiation,2024-09-01
OPP-0004684,Closed Won,2024-10-01
OPP-0004685,SAL,2024-07-19
OPP-0004685,SQO,2024-07-30
OPP-0004685,SAL,2024-08-07
OPP-0004685,POC,2024-10-21
OPP-0004685,Proposal/Negotiation,2024-11-13
OPP-0004685,Closed Won,2024-11-27
OPP-0004686,SAL,2024-07-22
OPP-0004686,SQO,2024-07-29
OPP-0004686,Proposal/Negotiation,2024-08-01
OPP-0004686,Closed Won,2024-08-16
OPP-0004691,SAL,2024-07-13
OPP-0004691,SQO,2024-08-02
OPP-0004691,POC,2024-10-13
OPP-0004691,Proposal/Negotiation,2024-11-21
OPP-0004691,Closed Lost,2024-11-23
OPP-0004692,SAL,2024-07-18
OPP-0004692,SQO,2024-07-20
OPP-0004692,POC,2024-11-14
OPP-0004692,Proposal/Negotiation,2024-11-19
OPP-0004692,Closed Lost,2024-12-06
OPP-0004693,SAL,2024-07-14
OPP-0004693,SQO,2024-07-15
OPP-0004693,Proposal/Negotiation,2024-07-15
OPP-0004693,Closed Won,2024-07-26
OPP-0004698,SAL,2024-07-18
OPP-0004698,SQO,2024-07-23
OPP-0004698,Proposal/Negotiation,2024-07-23
OPP-0004698,Closed Lost,2024-08-23
OPP-0004699,SAL,2024-07-17
OPP-0004699,SQO,2024-07-28
OPP-0004699,Proposal/Negotiation,2024-08-01
OPP-0004699,Closed Lost,2024-08-07
OPP-0004700,SAL,2024-07-17
OPP-0004700,SQO,2024-07-23
OPP-0004700,Proposal/Negotiation,2024-08-15
OPP-0004700,Closed Lost,2024-08-19
OPP-0004701,SAL,2024-07-16
OPP-0004701,SQO,2024-07-19
OPP-0004701,POC,2024-08-29
OPP-0004701,Proposal/Negotiation,2024-10-14
OPP-0004701,Closed Lost,2024-10-15
OPP-0004707,SAL,2024-07-16
OPP-0004707,SQO,2024-07-18
OPP-0004707,Proposal/Negotiation,2024-07-21
OPP-0004707,SAL,2024-07-23
OPP-0004707,Closed Lost,2024-08-07
OPP-0004708,SAL,2024-07-18
OPP-0004708,SQO,2024-07-23
OPP-0004708,Proposal/Negotiation,2024-07-25
OPP-0004708,Closed Lost,2024-07-27
OPP-0004709,Open,2024-08-05
OPP-0004709,Negotiation,2024-08-10
OPP-0004709,Closed Won,2024-08-18
OPP-0004712,Open,2024-07-21
OPP-0004712,Negotiation,2024-07-27
OPP-0004712,Closed Won,2024-08-01
OPP-0004718,SAL,2024-07-22
OPP-0004718,SQO,2024-07-31
OPP-0004718,Proposal/Negotiation,2024-08-15
OPP-0004718,Closed Lost,2024-08-18
OPP-0004719,SAL,2024-07-23
OPP-0004719,SQO,2024-08-04
OPP-0004719,Proposal/Negotiation,2024-08-04
OPP-0004719,Closed Lost,2024-08-04
OPP-0004725,Open,2024-07-22
OPP-0004725,Negotiation,2024-07-26
OPP-0004725,Closed Won,2024-08-01
OPP-0004726,Open,2024-08-14
OPP-0004726,Negotiation,2024-08-23
OPP-0004726,Closed Won,2024-08-23
OPP-0004727,Open,2024-07-18
OPP-0004727,Negotiation,2024-08-02
OPP-0004727,Closed Won,2024-08-17
OPP-0004728,SAL,2024-07-21
OPP-0004728,SQO,2024-07-23
OPP-0004728,Proposal/Negotiation,2024-08-04
OPP-0004728,Closed Won,2024-08-05
OPP-0004732,Open,2024-07-21
OPP-0004732,Negotiation,2024-07-28
OPP-0004732,Closed Won,2024-08-01
OPP-0004733,SAL,2024-07-20
OPP-0004733,SQO,2024-07-22
OPP-0004733,POC,2024-07-28
OPP-0004733,Proposal/Negotiation,2024-09-26
OPP-0004733,Closed Lost,2024-09-28
OPP-0004738,Open,2024-08-13
OPP-0004738,Negotiation,2024-08-25
OPP-0004738,Closed Won,2024-09-01
OPP-0004739,Open,2024-07-20
OPP-0004739,Negotiation,2024-07-27
OPP-0004739,Closed Won,2024-08-01
OPP-0004740,SAL,2024-07-29
OPP-0004740,SQO,2024-08-09
OPP-0004740,Proposal/Negotiation,2024-08-22
OPP-0004740,Closed Won,2024-09-01
OPP-0004745,Open,2024-07-25
OPP-0004745,Negotiation,2024-07-26
OPP-0004745,Closed Won,2024-09-01
OPP-0004746,Open,2024-07-26
OPP-0004746,Negotiation,2024-09-12
OPP-0004746,Closed Won,2024-09-12
OPP-0004755,Open,2024-07-27
OPP-0004755,Negotiation,2024-07-30
OPP-0004755,Closed Won,2024-09-01
OPP-0004762,Open,2024-07-25
OPP-0004762,Negotiation,2024-08-17
OPP-0004762,Closed Won,2024-09-01
OPP-0004763,Open,2024-07-31
OPP-0004763,Negotiation,2024-08-08
OPP-0004763,Closed Won,2024-09-01
OPP-0004764,Open,2024-08-03
OPP-0004764,Negotiation,2024-09-10
OPP-0004764,Closed Won,2024-10-01
OPP-0004767,SAL,2024-07-27
OPP-0004767,SQO,2024-07-29
OPP-0004767,Proposal/Negotiation,2024-07-31
OPP-0004767,Closed Lost,2024-08-24
OPP-0004768,Open,2024-07-25
OPP-0004768,Negotiation,2024-08-03
OPP-0004768,Closed Won,2024-08-21
OPP-0004769,Open,2024-08-22
OPP-0004769,Negotiation,2024-09-14
OPP-0004769,Closed Won,2024-10-01
OPP-0004773,SAL,2024-07-27
OPP-0004773,SQO,2024-08-01
OPP-0004773,Proposal/Negotiation,2024-08-05
OPP-0004773,Closed Lost,2024-08-06
OPP-0004774,SAL,2024-07-29
OPP-0004774,SQO,2024-07-30
OPP-0004774,Proposal/Negotiation,2024-08-06
OPP-0004774,Closed Lost,2024-08-15
OPP-0004775,SAL,2024-07-26
OPP-0004775,SQO,2024-08-01
OPP-0004775,Proposal/Negotiation,2024-08-22
OPP-0004775,Closed Lost,2024-09-05
OPP-0004776,SAL,2024-08-03
OPP-0004776,SQO,2024-08-06
OPP-0004776,Proposal/Negotiation,2024-08-09
OPP-0004776,SAL,2024-08-09
OPP-0004776,Closed Lost,2024-08-10
OPP-0004777,Open,2024-08-29
OPP-0004777,Negotiation,2024-09-01
OPP-0004777,Closed Won,2024-09-01
OPP-0004780,SAL,2024-08-11
OPP-0004780,SQO,2024-08-24
OPP-0004780,Proposal/Negotiation,2024-08-26
OPP-0004780,Closed Lost,2024-09-03
OPP-0004781,SAL,2024-07-27
OPP-0004781,SQO,2024-08-01
OPP-0004781,Proposal/Negotiation,2024-08-09
OPP-0004781,Closed Lost,2024-08-09
OPP-0004782,SAL,2024-07-27
OPP-0004782,SQO,2024-07-27
OPP-0004782,Proposal/Negotiation,2024-08-05
OPP-0004782,Closed Lost,2024-08-07
OPP-0004783,SAL,2024-07-25
OPP-0004783,SQO,2024-07-31
OPP-0004783,Proposal/Negotiation,2024-08-02
OPP-0004783,Closed Lost,2024-08-23
OPP-0004784,Open,2024-09-18
OPP-0004784,Negotiation,2024-09-28
OPP-0004784,Closed Won,2024-10-01
OPP-0004785,Open,2024-08-04
OPP-0004785,Negotiation,2024-08-15
OPP-0004785,Closed Won,2024-09-01
OPP-0004787,SAL,2024-07-29
OPP-0004787,SQO,2024-07-29
OPP-0004787,Proposal/Negotiation,2024-08-01
OPP-0004787,Closed Lost,2024-08-11
OPP-0004788,SAL,2024-07-28
OPP-0004788,SQO,2024-07-29
OPP-0004788,Proposal/Negotiation,2024-08-21
OPP-0004788,Closed Lost,2024-09-01
OPP-0004789,SAL,2024-08-10
OPP-0004789,SQO,2024-08-15
OPP-0004789,POC,2024-10-13
OPP-0004789,Proposal/Negotiation,2024-11-02
OPP-0004789,Closed Lost,2024-12-21
OPP-0004790,SAL,2024-08-19
OPP-0004790,SQO,2024-08-23
OPP-0004790,POC,2024-10-06
OPP-0004790,Proposal/Negotiation,2024-10-09
OPP-0004790,Closed Lost,2024-10-16
OPP-0004791,SAL,2024-08-13
OPP-0004791,SQO,2024-08-27
OPP-0004791,POC,2024-12-19
OPP-0004791,Proposal/Negotiation,2024-12-20
OPP-0004791,Closed Lost,2025-01-01
OPP-0004792,Open,2024-07-30
OPP-0004792,Negotiation,2024-08-25
OPP-0004792,Closed Lost,2024-09-01
OPP-0004793,Open,2024-09-10
OPP-0004793,Negotiation,2024-09-18
OPP-0004793,Closed Won,2024-10-01
OPP-0004807,Open,2024-08-13
OPP-0004807,Negotiation,2024-08-23
OPP-0004807,Closed Won,2024-09-01
OPP-0004808,Open,2024-08-02
OPP-0004808,Negotiation,2024-08-09
OPP-0004808,Closed Won,2024-09-01
OPP-0004809,Open,2024-08-01
OPP-0004809,Negotiation,2024-08-11
OPP-0004809,Closed Won,2024-09-01
OPP-0004810,SAL,2024-08-01
OPP-0004810,SQO,2024-08-09
OPP-0004810,Proposal/Negotiation,2024-08-14
OPP-0004810,Closed Lost,2024-08-27
OPP-0004812,SAL,2024-07-29
OPP-0004812,SQO,2024-07-31
OPP-0004812,Proposal/Negotiation,2024-08-09
OPP-0004812,Closed Lost,2024-08-15
OPP-0004813,Open,2024-08-26
OPP-0004813,Negotiation,2024-09-22
OPP-0004813,Closed Won,2024-10-01
OPP-0004814,SAL,2024-08-03
OPP-0004814,SQO,2024-08-14
OPP-0004814,POC,2024-10-04
OPP-0004814,Proposal/Negotiation,2024-10-06
OPP-0004814,Closed Won,2024-10-16
OPP-0004822,SAL,2024-08-03
OPP-0004822,SQO,2024-08-11
OPP-0004822,Proposal/Negotiation,2024-08-14
OPP-0004822,Closed Lost,2024-08-17
OPP-0004823,SAL,2024-08-05
OPP-0004823,SQO,2024-08-07
OPP-0004823,Proposal/Negotiation,2024-08-11
OPP-0004823,Closed Won,2024-08-22
OPP-0004824,SAL,2024-08-05
OPP-0004824,SQO,2024-08-09
OPP-0004824,Proposal/Negotiation,2024-08-18
OPP-0004824,Closed Lost,2024-08-20
OPP-0004825,SAL,2024-08-29
OPP-0004825,SQO,2024-09-20
OPP-0004825,POC,2024-10-07
OPP-0004825,Proposal/Negotiation,2024-11-03
OPP-0004825,Closed Won,2024-11-12
OPP-0004826,Open,2024-08-07
OPP-0004826,Negotiation,2024-08-13
OPP-0004826,Closed Won,2024-09-01
OPP-0004827,SAL,2024-08-04
OPP-0004827,SQO,2024-08-15
OPP-0004827,Proposal/Negotiation,2024-08-17
OPP-0004827,Closed Lost,2024-08-17
OPP-0004828,Open,2024-08-12
OPP-0004828,Negotiation,2024-09-05
OPP-0004828,Closed Won,2024-10-01
OPP-0004829,SAL,2024-09-13
OPP-0004829,SQO,2024-10-18
OPP-0004829,POC,2024-12-16
OPP-0004829,Proposal/Negotiation,2024-12-27
OPP-0004829,Closed Won,2025-01-09
OPP-0004832,Open,2024-08-11
OPP-0004832,Negotiation,2024-08-22
OPP-0004832,Closed Won,2024-09-06
OPP-0004833,SAL,2024-08-02
OPP-0004833,SQO,2024-08-05
OPP-0004833,Proposal/Negotiation,2024-08-10
OPP-0004833,Closed Won,2024-08-24
OPP-0004839,Open,2024-08-18
OPP-0004839,Negotiation,2024-08-31
OPP-0004839,Closed Won,2024-10-27
OPP-0004843,Open,2024-08-13
OPP-0004843,Negotiation,2024-08-23
OPP-0004843,Closed Won,2024-09-01
OPP-0004844,Open,2024-08-07
OPP-0004844,Negotiation,2024-08-17
OPP-0004844,Closed Won,2024-09-01
OPP-0004845,Open,2024-08-23
OPP-0004845,Negotiation,2024-09-04
OPP-0004845,Closed Won,2024-09-07
OPP-0004854,Open,2024-09-03
OPP-0004854,Negotiation,2024-09-10
OPP-0004854,Closed Won,2024-09-19
OPP-0004855,SAL,2024-09-07
OPP-0004855,SQO,2024-09-07
OPP-0004855,POC,2024-10-05
OPP-0004855,Proposal/Negotiation,2024-10-24
OPP-0004855,Closed Won,2024-11-17
OPP-0004861,Open,2024-08-15
OPP-0004861,Negotiation,2024-08-20
OPP-0004861,Closed Won,2024-09-01
OPP-0004862,SAL,2024-08-26
OPP-0004862,SQO,2024-09-09
OPP-0004862,Proposal/Negotiation,2024-09-11
OPP-0004862,Closed Lost,2024-09-19
OPP-0004863,SAL,2024-08-22
OPP-0004863,SQO,2024-08-23
OPP-0004863,Proposal/Negotiation,2024-08-28
OPP-0004863,Closed Lost,2024-09-13
OPP-0004864,Open,2024-10-05
OPP-0004864,Negotiation,2024-10-08
OPP-0004864,Closed Won,2024-10-25
OPP-0004865,Open,2024-10-10
OPP-0004865,Negotiation,2024-10-31
OPP-0004865,Closed Won,2024-11-01
OPP-0004873,Open,2024-08-09
OPP-0004873,Negotiation,2024-09-01
OPP-0004873,Closed Won,2024-09-01
OPP-0004874,SAL,2024-08-11
OPP-0004874,SQO,2024-08-31
OPP-0004874,Proposal/Negotiation,2024-08-31
OPP-0004874,Closed Lost,2024-09-11
OPP-0004875,SAL,2024-08-19
OPP-0004875,SQO,2024-09-02
OPP-0004875,Proposal/Negotiation,2024-09-08
OPP-0004875,Closed Lost,2024-09-08
OPP-0004876,Open,2024-08-22
OPP-0004876,Negotiation,2024-09-05
OPP-0004876,Closed Won,2024-09-09
OPP-0004878,Open,2024-08-17
OPP-0004878,Negotiation,2024-08-27
OPP-0004878,Closed Won,2024-09-01
OPP-0004888,SAL,2024-08-11
OPP-0004888,SQO,2024-09-14
OPP-0004888,POC,2024-11-28
OPP-0004888,Proposal/Negotiation,2024-12-09
OPP-0004888,Closed Lost,2025-01-05
OPP-0004889,SAL,2024-08-14
OPP-0004889,SQO,2024-08-16
OPP-0004889,Proposal/Negotiation,2024-08-19
OPP-0004889,Closed Won,2024-08-23
OPP-0004896,SAL,2024-09-14
OPP-0004896,SQO,2024-10-12
OPP-0004896,SAL,2024-10-24
OPP-0004896,POC,2024-11-10
OPP-0004896,Proposal/Negotiation,2024-11-18
OPP-0004896,Closed Lost,2024-12-21
OPP-0004897,SAL,2024-08-28
OPP-0004897,SQO,2024-08-30
OPP-0004897,Proposal/Negotiation,2024-09-09
OPP-0004897,Closed Won,2024-09-20
OPP-0004904,SAL,2024-08-19
OPP-0004904,SQO,2024-08-30
OPP-0004904,Proposal/Negotiation,2024-09-19
OPP-0004904,Closed Lost,2024-09-19
OPP-0004916,Open,2024-08-20
OPP-0004916,Negotiation,2024-08-31
OPP-0004916,Closed Won,2024-09-01
OPP-0004917,Open,2024-08-14
OPP-0004917,Negotiation,2024-10-01
OPP-0004917,Closed Won,2024-11-06
OPP-0004920,Open,2024-08-20
OPP-0004920,Negotiation,2024-08-20
OPP-0004920,Closed Won,2024-09-01
OPP-0004921,SAL,2024-08-23
OPP-0004921,SQO,2024-09-06
OPP-0004921,Proposal/Negotiation,2024-09-08
OPP-0004921,Closed Lost,2024-09-12
OPP-0004922,SAL,2024-08-21
OPP-0004922,SQO,2024-08-26
OPP-0004922,Proposal/Negotiation,2024-08-29
OPP-0004922,Closed Lost,2024-09-03
OPP-0004923,Open,2024-08-25
OPP-0004923,Negotiation,2024-09-18
OPP-0004923,Closed Won,2024-10-05
OPP-0004929,Open,2024-08-31
OPP-0004929,Negotiation,2024-09-01
OPP-0004929,Closed Won,2024-09-01
OPP-0004930,Open,2024-08-25
OPP-0004930,Negotiation,2024-08-28
OPP-0004930,Closed Won,2024-09-01
OPP-0004931,Open,2024-08-26
OPP-0004931,Negotiation,2024-08-28
OPP-0004931,Closed Won,2024-09-01
OPP-0004932,SAL,2024-08-20
OPP-0004932,SQO,2024-09-13
OPP-0004932,POC,2025-01-10
OPP-0004932,Proposal/Negotiation,2025-01-17
OPP-0004932,Closed Lost,2025-01-28
OPP-0004933,SAL,2024-09-04
OPP-0004933,SQO,2024-09-11
OPP-0004933,Proposal/Negotiation,2024-09-14
OPP-0004933,Closed Won,2024-09-21
OPP-0004945,Open,2024-08-20
OPP-0004945,Negotiation,2024-09-16
OPP-0004945,Closed Won,2024-10-01
OPP-0004946,Open,2024-08-21
OPP-0004946,Negotiation,2024-08-24
OPP-0004946,Closed Won,2024-10-01
OPP-0004947,SAL,2024-08-20
OPP-0004947,SQO,2024-09-01
OPP-0004947,Proposal/Negotiation,2024-09-01
OPP-0004947,Closed Won,2024-09-09
OPP-0004954,SAL,2024-08-20
OPP-0004954,SQO,2024-09-07
OPP-0004954,Proposal/Negotiation,2024-09-11
OPP-0004954,Closed Lost,2024-09-16
OPP-0004958,Open,2024-09-13
OPP-0004958,Negotiation,2024-09-30
OPP-0004958,Closed Won,2024-10-01
OPP-0004959,Open,2024-08-23
OPP-0004959,Negotiation,2024-08-31
OPP-0004959,Closed Won,2024-11-05
OPP-0004966,SAL,2024-09-13
OPP-0004966,SQO,2024-09-15
OPP-0004966,Proposal/Negotiation,2024-09-23
OPP-0004966,Closed Won,2024-09-28
OPP-0004976,Open,2024-08-23
OPP-0004976,Negotiation,2024-09-29
OPP-0004976,Closed Won,2024-10-01
OPP-0004977,SAL,2024-09-06
OPP-0004977,SQO,2024-09-13
OPP-0004977,Proposal/Negotiation,2024-09-15
OPP-0004977,Closed Lost,2024-09-17
OPP-0004979,SAL,2024-09-08
OPP-0004979,SQO,2024-09-17
OPP-0004979,Proposal/Negotiation,2024-09-25
OPP-0004979,Closed Lost,2024-10-05
OPP-0004985,SAL,2024-08-26
OPP-0004985,SQO,2024-09-03
OPP-0004985,Proposal/Negotiation,2024-09-06
OPP-0004985,Closed Lost,2024-09-18
OPP-0004996,SAL,2024-09-10
OPP-0004996,SQO,2024-09-10
OPP-0004996,Proposal/Negotiation,2024-09-10
OPP-0004996,Closed Lost,2024-09-15
OPP-0005004,Open,2024-09-05
OPP-0005004,Negotiation,2024-09-22
OPP-0005004,Closed Won,2024-10-01
OPP-0005005,Open,2024-09-12
OPP-0005005,Negotiation,2024-09-15
OPP-0005005,Closed Won,2024-10-01
OPP-0005006,Open,2024-09-11
OPP-0005006,Negotiation,2024-09-30
OPP-0005006,Closed Won,2024-10-01
OPP-0005007,SAL,2024-09-09
OPP-0005007,SQO,2024-09-18
OPP-0005007,SAL,2024-09-28
OPP-0005007,Proposal/Negotiation,2024-10-08
OPP-0005007,Closed Won,2024-10-10
OPP-0005020,SAL,2024-09-13
OPP-0005020,SQO,2024-09-16
OPP-0005020,Proposal/Negotiation,2024-09-16
OPP-0005020,Closed Won,2024-09-21
OPP-0005024,SAL,2024-08-29
OPP-0005024,SQO,2024-09-01
OPP-0005024,Proposal/Negotiation,2024-09-14
OPP-0005024,Closed Lost,2024-10-02
OPP-0005025,Open,2024-08-30
OPP-0005025,Negotiation,2024-09-12
OPP-0005025,Closed Won,2024-10-01
OPP-0005026,Open,2024-09-25
OPP-0005026,Negotiation,2024-10-14
OPP-0005026,Closed Won,2024-11-01
OPP-0005027,Open,2024-10-20
OPP-0005027,Negotiation,2024-10-24
OPP-0005027,Closed Won,2024-11-01
OPP-0005028,SAL,2024-09-06
OPP-0005028,SQO,2024-09-09
OPP-0005028,POC,2024-11-22
OPP-0005028,Proposal/Negotiation,2024-12-18
OPP-0005028,Closed Lost,2024-12-22
OPP-0005029,Open,2024-09-30
OPP-0005029,Negotiation,2024-10-17
OPP-0005029,Closed Won,2024-11-01
OPP-0005030,SAL,2024-08-31
OPP-0005030,SQO,2024-09-09
OPP-0005030,Proposal/Negotiation,2024-10-09
OPP-0005030,Closed Won,2024-10-11
OPP-0005031,SAL,2024-09-05
OPP-0005031,SQO,2024-09-10
OPP-0005031,POC,2024-10-07
OPP-0005031,Proposal/Negotiation,2024-11-02
OPP-0005031,Closed Lost,2024-11-16
OPP-0005032,Open,2024-10-19
OPP-0005032,Negotiation,2024-11-15
OPP-0005032,Closed Lost,2024-11-16
OPP-0005033,Open,2024-09-03
OPP-0005033,Negotiation,2024-11-01
OPP-0005033,Closed Won,2024-12-03
OPP-0005034,SAL,2024-09-05
OPP-0005034,SQO,2024-09-21
OPP-0005034,Proposal/Negotiation,2024-09-27
OPP-0005034,Closed Lost,2024-10-13
OPP-0005035,SAL,2024-09-02
OPP-0005035,SQO,2024-09-08
OPP-0005035,SAL,2024-09-11
OPP-0005035,Proposal/Negotiation,2024-10-05
OPP-0005035,Closed Lost,2024-10-09
OPP-0005036,Open,2024-09-27
OPP-0005036,Negotiation,2024-10-24
OPP-0005036,Closed Lost,2024-11-01
OPP-0005043,Open,2024-09-03
OPP-0005043,Negotiation,2024-09-18
OPP-0005043,Closed Won,2024-10-01
OPP-0005044,SAL,2024-09-23
OPP-0005044,SQO,2024-10-24
OPP-0005044,POC,2024-12-14
OPP-0005044,Proposal/Negotiation,2024-12-25
OPP-0005044,Closed Lost,2025-01-22
OPP-0005045,SAL,2024-09-02
OPP-0005045,SQO,2024-09-04
OPP-0005045,Proposal/Negotiation,2024-09-07
OPP-0005045,Closed Won,2024-09-24
OPP-0005051,SAL,2024-09-03
OPP-0005051,SQO,2024-09-20
OPP-0005051,Proposal/Negotiation,2024-09-28
OPP-0005051,Closed Lost,2024-10-08
OPP-0005057,SAL,2024-09-20
OPP-0005057,SQO,2024-09-23
OPP-0005057,Proposal/Negotiation,2024-09-25
OPP-0005057,Closed Lost,2024-10-05
OPP-0005058,SAL,2024-09-08
OPP-0005058,SQO,2024-09-08
OPP-0005058,POC,2024-10-02
OPP-0005058,Proposal/Negotiation,2024-10-26
OPP-0005058,Closed Lost,2024-11-07
OPP-0005062,Open,2024-09-12
OPP-0005062,Negotiation,2024-09-17
OPP-0005062,Closed Won,2024-10-05
OPP-0005063,SAL,2024-09-05
OPP-0005063,SQO,2024-09-11
OPP-0005063,Proposal/Negotiation,2024-10-01
OPP-0005063,Closed Won,2024-10-02
OPP-0005069,Open,2024-09-10
OPP-0005069,Negotiation,2024-09-29
OPP-0005069,Closed Won,2024-10-01
OPP-0005070,Open,2024-09-11
OPP-0005070,Negotiation,2024-09-26
OPP-0005070,Closed Won,2024-10-01
OPP-0005071,Open,2024-09-15
OPP-0005071,Negotiation,2024-09-16
OPP-0005071,Closed Won,2024-10-01
OPP-0005072,Open,2024-10-03
OPP-0005072,Negotiation,2024-10-03
OPP-0005072,Closed Won,2024-11-01
OPP-0005073,Open,2024-10-09
OPP-0005073,Negotiation,2024-11-01
OPP-0005073,Closed Won,2024-11-01
OPP-0005074,Open,2024-09-15
OPP-0005074,Negotiation,2024-10-07
OPP-0005074,Closed Won,2024-11-01
OPP-0005080,Open,2024-09-21
OPP-0005080,Negotiation,2024-09-23
OPP-0005080,Closed Won,2024-10-01
OPP-0005081,SAL,2024-09-13
OPP-0005081,SQO,2024-11-12
OPP-0005081,POC,2024-11-21
OPP-0005081,Proposal/Negotiation,2024-12-01
OPP-0005081,Closed Lost,2024-12-27
OPP-0005082,SAL,2024-09-11
OPP-0005082,SQO,2024-09-23
OPP-0005082,Proposal/Negotiation,2024-09-27
OPP-0005082,Closed Won,2024-10-07
OPP-0005086,Open,2024-09-17
OPP-0005086,Negotiation,2024-10-31
OPP-0005086,Closed Won,2024-11-01
OPP-0005087,Open,2024-09-08
OPP-0005087,Negotiation,2024-09-15
OPP-0005087,Closed Won,2024-11-01
OPP-0005090,Open,2024-09-27
OPP-0005090,Negotiation,2024-09-28
OPP-0005090,Closed Won,2024-11-25
OPP-0005091,SAL,2024-09-16
OPP-0005091,SQO,2024-09-23
OPP-0005091,Proposal/Negotiation,2024-10-04
OPP-0005091,Closed Won,2024-10-20
OPP-0005097,SAL,2024-10-12
OPP-0005097,SQO,2024-10-13
OPP-0005097,SAL,2024-10-19
OPP-0005097,POC,2024-12-31
OPP-0005097,Proposal/Negotiation,2025-01-12
OPP-0005097,Closed Lost,2025-01-18
OPP-0005098,SAL,2024-10-03
OPP-0005098,SQO,2024-10-17
OPP-0005098,POC,2024-12-01
OPP-0005098,Proposal/Negotiation,2024-12-09
OPP-0005098,Closed Won,2024-12-21
OPP-0005108,Open,2024-09-18
OPP-0005108,Negotiation,2024-09-24
OPP-0005108,Closed Won,2024-10-01
OPP-0005109,SAL,2024-09-21
OPP-0005109,SQO,2024-09-29
OPP-0005109,Proposal/Negotiation,2024-10-07
OPP-0005109,Closed Lost,2024-10-11
OPP-0005110,SAL,2024-09-12
OPP-0005110,SQO,2024-09-23
OPP-0005110,POC,2024-11-16
OPP-0005110,Proposal/Negotiation,2024-11-20
OPP-0005110,Closed Lost,2024-11-22
OPP-0005119,Open,2024-09-24
OPP-0005119,Negotiation,2024-09-29
OPP-0005119,Closed Won,2024-10-01
OPP-0005120,SAL,2024-09-16
OPP-0005120,SQO,2024-09-30
OPP-0005120,Proposal/Negotiation,2024-10-03
OPP-0005120,Closed Lost,2024-10-04
OPP-0005121,SAL,2024-09-21
OPP-0005121,SQO,2024-10-09
OPP-0005121,Proposal/Negotiation,2024-10-12
OPP-0005121,Closed Lost,2024-10-13
OPP-0005122,SAL,2024-10-03
OPP-0005122,SQO,2024-10-05
OPP-0005122,POC,2024-10-25
OPP-0005122,Proposal/Negotiation,2025-01-07
OPP-0005122,Closed Lost,2025-01-27
OPP-0005123,Open,2024-09-20
OPP-0005123,Negotiation,2024-09-20
OPP-0005123,Closed Won,2024-11-01
OPP-0005124,SAL,2024-09-22
OPP-0005124,SQO,2024-09-28
OPP-0005124,Proposal/Negotiation,2024-10-01
OPP-0005124,Closed Won,2024-10-08
OPP-0005125,SAL,2024-09-13
OPP-0005125,SQO,2024-09-15
OPP-0005125,Proposal/Negotiation,2024-09-17
OPP-0005125,Closed Won,2024-09-27
OPP-0005131,Open,2024-09-23
OPP-0005131,Negotiation,2024-09-30
OPP-0005131,Closed Won,2024-10-01
OPP-0005132,SAL,2024-10-05
OPP-0005132,SQO,2024-10-10
OPP-0005132,Proposal/Negotiation,2024-10-25
OPP-0005132,Closed Lost,2024-10-26
OPP-0005133,SAL,2024-09-15
OPP-0005133,SQO,2024-09-19
OPP-0005133,Proposal/Negotiation,2024-10-02
OPP-0005133,Closed Lost,2024-10-06
OPP-0005139,Open,2024-09-24
OPP-0005139,Negotiation,2024-09-29
OPP-0005139,Closed Won,2024-10-01
OPP-0005140,SAL,2024-09-18
OPP-0005140,SQO,2024-09-21
OPP-0005140,Proposal/Negotiation,2024-10-17
OPP-0005140,Closed Lost,2024-10-24
OPP-0005141,Open,2024-10-02
OPP-0005141,Negotiation,2024-10-09
OPP-0005141,Closed Won,2024-11-01
OPP-0005142,Open,2024-09-19
OPP-0005142,Negotiation,2024-11-13
OPP-0005142,Closed Won,2024-12-01
OPP-0005143,SAL,2024-09-19
OPP-0005143,SQO,2024-09-23
OPP-0005143,Proposal/Negotiation,2024-10-16
OPP-0005143,Closed Won,2024-10-28
OPP-0005144,SAL,2024-09-30
OPP-0005144,SQO,2024-10-07
OPP-0005144,Proposal/Negotiation,2024-10-15
OPP-0005144,Closed Won,2024-10-22
OPP-0005151,Open,2024-09-20
OPP-0005151,Negotiation,2024-09-24
OPP-0005151,Closed Won,2024-10-01
OPP-0005152,SAL,2024-09-29
OPP-0005152,SQO,2024-10-09
OPP-0005152,Proposal/Negotiation,2024-10-16
OPP-0005152,Closed Lost,2024-10-19
OPP-0005153,SAL,2024-09-19
OPP-0005153,SQO,2024-09-30
OPP-0005153,POC,2024-11-19
OPP-0005153,Proposal/Negotiation,2024-12-01
OPP-0005153,Closed Lost,2025-01-16
OPP-0005156,SAL,2024-09-24
OPP-0005156,SQO,2024-09-25
OPP-0005156,Proposal/Negotiation,2024-09-27
OPP-0005156,Closed Lost,2024-10-04
OPP-0005166,Open,2024-10-09
OPP-0005166,Negotiation,2024-10-28
OPP-0005166,Closed Won,2024-11-01
OPP-0005167,Open,2024-09-22
OPP-0005167,Negotiation,2024-11-01
OPP-0005167,Closed Won,2024-11-08
OPP-0005176,SAL,2024-09-19
OPP-0005176,SQO,2024-09-21
OPP-0005176,Proposal/Negotiation,2024-10-09
OPP-0005176,Closed Lost,2024-10-13
OPP-0005177,SAL,2024-09-23
OPP-0005177,SQO,2024-10-05
OPP-0005177,POC,2025-01-21
OPP-0005177,Proposal/Negotiation,2025-02-01
OPP-0005177,Closed Lost,2025-03-01
OPP-0005180,Open,2024-09-28
OPP-0005180,Negotiation,2024-10-16
OPP-0005180,Closed Lost,2024-11-01
OPP-0005188,Open,2024-09-21
OPP-0005188,Negotiation,2024-10-28
OPP-0005188,Closed Won,2024-11-01
OPP-0005189,SAL,2024-09-26
OPP-0005189,SQO,2024-09-27
OPP-0005189,Proposal/Negotiation,2024-10-01
OPP-0005189,Closed Won,2024-10-06
OPP-0005195,SAL,2024-09-30
OPP-0005195,SQO,2024-10-08
OPP-0005195,POC,2024-11-26
OPP-0005195,Proposal/Negotiation,2024-12-03
OPP-0005195,Closed Lost,2024-12-13
OPP-0005196,SAL,2024-10-06
OPP-0005196,SQO,2024-10-12
OPP-0005196,Proposal/Negotiation,2024-10-31
OPP-0005196,Closed Won,2024-11-02
OPP-0005200,SAL,2024-10-12
OPP-0005200,SQO,2024-10-22
OPP-0005200,Proposal/Negotiation,2024-11-05
OPP-0005200,Closed Lost,2024-11-07
OPP-0005208,Open,2024-09-25
OPP-0005208,Negotiation,2024-10-23
OPP-0005208,Closed Won,2024-11-01
OPP-0005218,Open,2024-10-17
OPP-0005218,Negotiation,2024-10-31
OPP-0005218,Closed Won,2024-11-01
OPP-0005219,Open,2024-10-04
OPP-0005219,Negotiation,2024-10-14
OPP-0005219,Closed Won,2024-11-01
OPP-0005220,Open,2024-10-27
OPP-0005220,Negotiation,2024-11-02
OPP-0005220,Closed Won,2024-11-16
OPP-0005228,Open,2024-09-28
OPP-0005228,Negotiation,2024-10-22
OPP-0005228,Closed Won,2024-11-01
OPP-0005229,Open,2024-10-10
OPP-0005229,Negotiation,2024-10-12
OPP-0005229,Closed Won,2024-11-01
OPP-0005230,SAL,2024-10-16
OPP-0005230,SQO,2024-10-23
OPP-0005230,Proposal/Negotiation,2024-11-04
OPP-0005230,Closed Lost,2024-11-04
OPP-0005231,SAL,2024-09-28
OPP-0005231,SQO,2024-10-02
OPP-0005231,Proposal/Negotiation,2024-10-20
OPP-0005231,Closed Lost,2024-11-08
OPP-0005232,SAL,2024-10-11
OPP-0005232,SQO,2024-11-07
OPP-0005232,POC,2024-12-05
OPP-0005232,Proposal/Negotiation,2025-02-06
OPP-0005232,Closed Lost,2025-02-20
OPP-0005233,SAL,2024-10-04
OPP-0005233,SQO,2024-10-06
OPP-0005233,POC,2024-12-09
OPP-0005233,Proposal/Negotiation,2024-12-10
OPP-0005233,Closed Lost,2024-12-26
OPP-0005234,SAL,2024-09-28
OPP-0005234,SQO,2024-10-01
OPP-0005234,Proposal/Negotiation,2024-10-01
OPP-0005234,Closed Won,2024-10-11
OPP-0005235,SAL,2024-09-28
OPP-0005235,SQO,2024-09-30
OPP-0005235,Proposal/Negotiation,2024-10-09
OPP-0005235,Closed Won,2024-10-15
OPP-0005236,SAL,2024-10-09
OPP-0005236,SQO,2024-10-11
OPP-0005236,Proposal/Negotiation,2024-10-24
OPP-0005236,Closed Won,2024-11-07
OPP-0005240,Open,2024-09-30
OPP-0005240,Negotiation,2024-10-20
OPP-0005240,Closed Won,2024-11-01
OPP-0005241,Open,2024-11-14
OPP-0005241,Negotiation,2024-12-17
OPP-0005241,Closed Won,2025-02-15
OPP-0005242,SAL,2024-10-01
OPP-0005242,SQO,2024-10-19
OPP-0005242,Proposal/Negotiation,2024-11-03
OPP-0005242,Closed Won,2024-11-06
OPP-0005247,SAL,2024-09-30
OPP-0005247,SQO,2024-10-06
OPP-0005247,Proposal/Negotiation,2024-10-24
OPP-0005247,Closed Lost,2024-11-04
OPP-0005248,SAL,2024-10-03
OPP-0005248,SQO,2024-10-14
OPP-0005248,Proposal/Negotiation,2024-10-25
OPP-0005248,Closed Lost,2024-10-28
OPP-0005249,Open,2024-10-06
OPP-0005249,Negotiation,2024-10-27
OPP-0005249,Closed Won,2024-11-01
OPP-0005250,Open,2024-10-01
OPP-0005250,Negotiation,2024-11-11
OPP-0005250,Closed Won,2024-12-01
OPP-0005251,SAL,2024-10-07
OPP-0005251,SQO,2024-10-08
OPP-0005251,Proposal/Negotiation,2024-10-29
OPP-0005251,Closed Won,2024-11-03
OPP-0005252,SAL,2024-11-09
OPP-0005252,SQO,2024-11-20
OPP-0005252,POC,2025-02-06
OPP-0005252,Proposal/Negotiation,2025-02-20
OPP-0005252,Closed Lost,2025-02-24
OPP-0005253,SAL,2024-10-06
OPP-0005253,SQO,2024-10-13
OPP-0005253,Proposal/Negotiation,2024-10-24
OPP-0005253,Closed Won,2024-11-02
OPP-0005254,Open,2024-10-26
OPP-0005254,Negotiation,2024-10-30
OPP-0005254,Closed Won,2024-11-01
OPP-0005255,SAL,2024-10-02
OPP-0005255,SQO,2024-10-09
OPP-0005255,Proposal/Negotiation,2024-10-15
OPP-0005255,Closed Lost,2024-10-17
OPP-0005263,SAL,2024-10-03
OPP-0005263,SQO,2024-10-20
OPP-0005263,Proposal/Negotiation,2024-11-04
OPP-0005263,Closed Lost,2024-11-04
OPP-0005264,SAL,2024-10-09
OPP-0005264,SQO,2024-10-24
OPP-0005264,Proposal/Negotiation,2024-10-30
OPP-0005264,Closed Lost,2024-11-15
OPP-0005265,SAL,2024-10-09
OPP-0005265,SQO,2024-10-10
OPP-0005265,POC,2025-01-17
OPP-0005265,Proposal/Negotiation,2025-01-23
OPP-0005265,Closed Lost,2025-03-02
OPP-0005273,Open,2024-10-07
OPP-0005273,Negotiation,2024-10-26
OPP-0005273,Closed Won,2024-11-01
OPP-0005274,Open,2024-10-13
OPP-0005274,Negotiation,2024-10-19
OPP-0005274,Closed Won,2024-11-01
OPP-0005281,SAL,2024-10-11
OPP-0005281,SQO,2024-10-13
OPP-0005281,POC,2024-12-23
OPP-0005281,Proposal/Negotiation,2025-01-07
OPP-0005281,Closed Won,2025-01-20
OPP-0005286,SAL,2024-10-08
OPP-0005286,SQO,2024-10-16
OPP-0005286,Proposal/Negotiation,2024-10-26
OPP-0005286,Closed Lost,2024-10-27
OPP-0005287,SAL,2024-10-06
OPP-0005287,SQO,2024-10-11
OPP-0005287,Proposal/Negotiation,2024-10-16
OPP-0005287,Closed Lost,2024-10-28
OPP-0005288,SAL,2024-10-10
OPP-0005288,SQO,2024-10-11
OPP-0005288,Proposal/Negotiation,2024-10-17
OPP-0005288,Closed Lost,2024-10-23
OPP-0005289,Open,2024-11-08
OPP-0005289,Negotiation,2024-12-03
OPP-0005289,Closed Won,2024-12-08
OPP-0005293,Open,2024-10-12
OPP-0005293,Negotiation,2024-10-23
OPP-0005293,Closed Won,2024-11-01
OPP-0005294,Open,2024-10-08
OPP-0005294,Negotiation,2024-10-25
OPP-0005294,Closed Won,2024-11-01
OPP-0005303,Open,2024-10-07
OPP-0005303,Negotiation,2024-10-22
OPP-0005303,Closed Won,2024-11-01
OPP-0005304,SAL,2024-10-08
OPP-0005304,SQO,2024-10-12
OPP-0005304,Proposal/Negotiation,2024-10-21
OPP-0005304,Closed Won,2024-10-25
OPP-0005312,Open,2024-10-14
OPP-0005312,Negotiation,2024-10-19
OPP-0005312,Closed Won,2024-11-01
OPP-0005313,Open,2024-10-15
OPP-0005313,Negotiation,2024-10-17
OPP-0005313,Closed Won,2024-11-01
OPP-0005314,SAL,2024-10-16
OPP-0005314,SQO,2024-10-17
OPP-0005314,Proposal/Negotiation,2024-10-19
OPP-0005314,Closed Lost,2024-10-27
OPP-0005315,Open,2024-11-07
OPP-0005315,Negotiation,2024-11-20
OPP-0005315,Closed Won,2024-12-01
OPP-0005316,SAL,2024-10-09
OPP-0005316,SQO,2024-10-15
OPP-0005316,Proposal/Negotiation,2024-10-28
OPP-0005316,Closed Won,2024-11-15
OPP-0005324,Open,2024-10-30
OPP-0005324,Negotiation,2024-10-31
OPP-0005324,Closed Won,2024-11-01
OPP-0005325,Open,2024-10-18
OPP-0005325,Negotiation,2024-10-25
OPP-0005325,Closed Won,2024-11-01
OPP-0005326,SAL,2024-10-27
OPP-0005326,SQO,2024-11-06
OPP-0005326,Proposal/Negotiation,2024-11-07
OPP-0005326,Closed Lost,2024-11-13
OPP-0005327,SAL,2024-10-15
OPP-0005327,SQO,2024-10-27
OPP-0005327,POC,2025-02-05
OPP-0005327,Proposal/Negotiation,2025-03-01
OPP-0005327,Closed Lost,2025-03-19
OPP-0005337,Open,2024-11-03
OPP-0005337,Negotiation,2024-11-18
OPP-0005337,Closed Won,2024-12-01
OPP-0005344,Open,2024-11-14
OPP-0005344,Negotiation,2024-12-10
OPP-0005344,Closed Won,2024-12-11
OPP-0005348,Open,2024-10-26
OPP-0005348,Negotiation,2024-10-28
OPP-0005348,Closed Won,2024-11-01
OPP-0005349,SAL,2024-10-18
OPP-0005349,SQO,2024-10-22
OPP-0005349,Proposal/Negotiation,2024-10-25
OPP-0005349,Closed Lost,2024-10-27
OPP-0005350,SAL,2024-10-25
OPP-0005350,SQO,2024-10-25
OPP-0005350,Proposal/Negotiation,2024-10-28
OPP-0005350,Closed Lost,2024-11-14
OPP-0005351,SAL,2024-10-30
OPP-0005351,SQO,2024-11-01
OPP-0005351,Proposal/Negotiation,2024-11-09
OPP-0005351,Closed Won,2024-11-11
OPP-0005358,Open,2024-10-29
OPP-0005358,Negotiation,2024-10-31
OPP-0005358,Closed Won,2024-11-01
OPP-0005359,SAL,2024-10-14
OPP-0005359,SQO,2024-10-28
OPP-0005359,Proposal/Negotiation,2024-11-16
OPP-0005359,Closed Lost,2024-11-27
OPP-0005360,SAL,2024-10-27
OPP-0005360,SQO,2024-11-10
OPP-0005360,POC,2025-01-07
OPP-0005360,Proposal/Negotiation,2025-01-22
OPP-0005360,Closed Lost,2025-01-25
OPP-0005361,Open,2024-11-01
OPP-0005361,Negotiation,2024-12-07
OPP-0005361,Closed Won,2025-01-01
OPP-0005369,Open,2024-10-24
OPP-0005369,Negotiation,2024-10-25
OPP-0005369,Closed Won,2024-11-01
OPP-0005370,SAL,2024-10-20
OPP-0005370,SQO,2024-11-01
OPP-0005370,Proposal/Negotiation,2024-11-06
OPP-0005370,Closed Lost,2024-11-17
OPP-0005371,Open,2024-10-15
OPP-0005371,Negotiation,2024-10-23
OPP-0005371,Closed Won,2024-12-20
OPP-0005375,SAL,2024-11-05
OPP-0005375,SQO,2024-11-11
OPP-0005375,Proposal/Negotiation,2024-11-12
OPP-0005375,Closed Lost,2024-11-26
OPP-0005376,SAL,2024-10-23
OPP-0005376,SQO,2024-10-25
OPP-0005376,Proposal/Negotiation,2024-10-28
OPP-0005376,Closed Lost,2024-11-03
OPP-0005377,Open,2024-11-07
OPP-0005377,Negotiation,2024-12-30
OPP-0005377,Closed Won,2025-01-07
OPP-0005387,Open,2024-11-08
OPP-0005387,Negotiation,2024-12-13
OPP-0005387,Closed Won,2025-01-01
OPP-0005394,Open,2024-10-24
OPP-0005394,Negotiation,2024-11-10
OPP-0005394,Closed Won,2024-12-01
OPP-0005395,Open,2024-11-21
OPP-0005395,Negotiation,2024-11-28
OPP-0005395,Closed Won,2024-12-01
OPP-0005396,Open,2024-10-29
OPP-0005396,Negotiation,2024-11-10
OPP-0005396,Closed Won,2024-12-01
OPP-0005403,Open,2024-12-05
OPP-0005403,Negotiation,2024-12-17
OPP-0005403,Closed Won,2025-02-08
OPP-0005404,Open,2024-11-03
OPP-0005404,Negotiation,2024-11-09
OPP-0005404,Closed Won,2024-11-20
OPP-0005411,SAL,2024-11-12
OPP-0005411,SQO,2024-11-14
OPP-0005411,Proposal/Negotiation,2024-11-20
OPP-0005411,Closed Lost,2024-11-20
OPP-0005412,Open,2024-11-07
OPP-0005412,Negotiation,2024-11-15
OPP-0005412,Closed Won,2024-11-21
OPP-0005413,Open,2024-11-22
OPP-0005413,Negotiation,2024-11-25
OPP-0005413,Closed Won,2024-12-01
OPP-0005417,SAL,2024-11-05
OPP-0005417,SQO,2024-11-14
OPP-0005417,Proposal/Negotiation,2024-11-19
OPP-0005417,Closed Lost,2024-11-26
OPP-0005418,SAL,2024-10-22
OPP-0005418,SQO,2024-11-28
OPP-0005418,POC,2025-03-21
OPP-0005418,Proposal/Negotiation,2025-04-12
OPP-0005418,Closed Lost,2025-04-13
OPP-0005425,Open,2024-11-09
OPP-0005425,Negotiation,2024-11-21
OPP-0005425,Closed Won,2024-12-01
OPP-0005426,SAL,2024-10-24
OPP-0005426,SQO,2024-11-08
OPP-0005426,Proposal/Negotiation,2024-11-10
OPP-0005426,Closed Lost,2024-11-21
OPP-0005427,Open,2024-11-05
OPP-0005427,Negotiation,2024-12-06
OPP-0005427,Closed Won,2025-01-01
OPP-0005431,Open,2024-10-25
OPP-0005431,Negotiation,2024-10-26
OPP-0005431,Closed Won,2024-12-01
OPP-0005432,Open,2024-10-27
OPP-0005432,Negotiation,2024-11-21
OPP-0005432,Closed Won,2024-12-01
OPP-0005433,Open,2024-10-30
OPP-0005433,Negotiation,2024-11-26
OPP-0005433,Closed Won,2024-12-01
OPP-0005434,SAL,2024-10-27
OPP-0005434,SQO,2024-10-29
OPP-0005434,Proposal/Negotiation,2024-11-16
OPP-0005434,Closed Lost,2024-11-23
OPP-0005435,SAL,2024-10-27
OPP-0005435,SQO,2024-11-02
OPP-0005435,Proposal/Negotiation,2024-11-09
OPP-0005435,Closed Lost,2024-11-14
OPP-0005436,SAL,2024-11-22
OPP-0005436,SQO,2024-12-25
OPP-0005436,SAL,2024-12-31
OPP-0005436,POC,2025-03-13
OPP-0005436,Proposal/Negotiation,2025-03-18
OPP-0005436,Closed Lost,2025-03-23
OPP-0005437,SAL,2024-11-15
OPP-0005437,SQO,2024-11-21
OPP-0005437,Proposal/Negotiation,2024-12-01
OPP-0005437,Closed Won,2024-12-03
OPP-0005442,SAL,2024-11-21
OPP-0005442,SQO,2025-01-09
OPP-0005442,SAL,2025-01-21
OPP-0005442,POC,2025-03-01
OPP-0005442,Proposal/Negotiation,2025-03-26
OPP-0005442,Closed Lost,2025-03-28
OPP-0005443,SAL,2024-10-27
OPP-0005443,SQO,2024-12-29
OPP-0005443,POC,2025-01-16
OPP-0005443,Proposal/Negotiation,2025-03-04
OPP-0005443,Closed Lost,2025-03-16
OPP-0005444,Open,2024-11-14
OPP-0005444,Negotiation,2024-12-31
OPP-0005444,Closed Won,2025-01-01
OPP-0005445,SAL,2024-10-30
OPP-0005445,SQO,2024-11-19
OPP-0005445,Proposal/Negotiation,2024-11-30
OPP-0005445,Closed Won,2024-12-01
OPP-0005451,Open,2024-10-25
OPP-0005451,Negotiation,2024-11-07
OPP-0005451,Closed Won,2024-12-01
OPP-0005452,SAL,2024-11-16
OPP-0005452,SQO,2024-11-17
OPP-0005452,Proposal/Negotiation,2024-12-04
OPP-0005452,Closed Lost,2024-12-09
OPP-0005453,SAL,2024-11-13
OPP-0005453,SQO,2024-11-23
OPP-0005453,Proposal/Negotiation,2024-11-24
OPP-0005453,Closed Lost,2024-12-06
OPP-0005454,Open,2024-11-15
OPP-0005454,Negotiation,2025-02-04
OPP-0005454,Closed Won,2025-02-28
OPP-0005455,SAL,2024-10-27
OPP-0005455,SQO,2024-11-04
OPP-0005455,Proposal/Negotiation,2024-11-06
OPP-0005455,Closed Won,2024-11-11
OPP-0005459,Open,2024-11-06
OPP-0005459,Negotiation,2024-11-14
OPP-0005459,Closed Won,2024-12-01
OPP-0005460,SAL,2024-10-29
OPP-0005460,SQO,2024-11-07
OPP-0005460,Proposal/Negotiation,2024-11-12
OPP-0005460,Closed Lost,2024-11-26
OPP-0005466,Open,2024-11-19
OPP-0005466,Negotiation,2024-11-23
OPP-0005466,Closed Won,2024-12-01
OPP-0005467,Open,2024-11-20
OPP-0005467,Negotiation,2024-11-29
OPP-0005467,Closed Won,2024-12-01
OPP-0005468,SAL,2024-11-05
OPP-0005468,SQO,2024-11-18
OPP-0005468,Proposal/Negotiation,2024-11-21
OPP-0005468,Closed Won,2024-11-23
OPP-0005474,Open,2024-11-05
OPP-0005474,Negotiation,2024-11-07
OPP-0005474,Closed Won,2024-12-01
OPP-0005475,Open,2024-11-13
OPP-0005475,Negotiation,2024-12-26
OPP-0005475,Closed Won,2025-01-01
OPP-0005482,SAL,2024-11-05
OPP-0005482,SQO,2024-11-05
OPP-0005482,Proposal/Negotiation,2024-11-09
OPP-0005482,Closed Lost,2024-11-16
OPP-0005483,SAL,2024-11-14
OPP-0005483,SQO,2024-11-14
OPP-0005483,Proposal/Negotiation,2024-11-17
OPP-0005483,Closed Lost,2024-11-18
OPP-0005484,Open,2024-11-06
OPP-0005484,Negotiation,2024-11-14
OPP-0005484,Closed Won,2024-12-01
OPP-0005485,Open,2024-11-23
OPP-0005485,Negotiation,2024-12-16
OPP-0005485,Closed Won,2025-01-01
OPP-0005486,Open,2024-11-13
OPP-0005486,Negotiation,2024-11-27
OPP-0005486,Closed Won,2024-12-01
OPP-0005487,SAL,2024-11-02
OPP-0005487,SQO,2024-11-04
OPP-0005487,Proposal/Negotiation,2024-11-09
OPP-0005487,SAL,2024-11-14
OPP-0005487,Closed Lost,2024-11-18
OPP-0005488,Open,2024-11-14
OPP-0005488,Negotiation,2024-12-16
OPP-0005488,Closed Won,2025-01-13
OPP-0005489,Open,2024-11-25
OPP-0005489,Negotiation,2024-12-15
OPP-0005489,Closed Won,2025-01-02
OPP-0005490,Open,2024-11-19
OPP-0005490,Negotiation,2024-11-19
OPP-0005490,Closed Won,2024-12-01
OPP-0005495,Open,2024-11-16
OPP-0005495,Negotiation,2024-11-18
OPP-0005495,Closed Won,2024-12-01
OPP-0005496,SAL,2024-11-04
OPP-0005496,SQO,2024-11-07
OPP-0005496,Proposal/Negotiation,2024-11-15
OPP-0005496,Closed Lost,2024-11-16
OPP-0005503,Open,2024-11-06
OPP-0005503,Negotiation,2024-11-23
OPP-0005503,Closed Won,2024-12-01
OPP-0005504,SAL,2024-11-17
OPP-0005504,SQO,2024-11-26
OPP-0005504,Proposal/Negotiation,2024-12-02
OPP-0005504,Closed Won,2024-12-15
OPP-0005513,Open,2024-11-13
OPP-0005513,Negotiation,2024-11-27
OPP-0005513,Closed Won,2024-12-01
OPP-0005514,Open,2024-11-15
OPP-0005514,Negotiation,2024-12-01
OPP-0005514,Closed Won,2024-12-01
OPP-0005526,Open,2024-11-06
OPP-0005526,Negotiation,2024-11-24
OPP-0005526,Closed Won,2024-12-01
OPP-0005527,SAL,2024-11-24
OPP-0005527,SQO,2024-11-26
OPP-0005527,Proposal/Negotiation,2024-11-26
OPP-0005527,Closed Lost,2024-12-01
OPP-0005528,SAL,2024-11-06
OPP-0005528,SQO,2024-11-09
OPP-0005528,Proposal/Negotiation,2024-11-22
OPP-0005528,Closed Lost,2024-11-25
OPP-0005529,SAL,2024-12-17
OPP-0005529,SQO,2024-12-26
OPP-0005529,POC,2025-03-02
OPP-0005529,Proposal/Negotiation,2025-03-21
OPP-0005529,Closed Lost,2025-03-22
OPP-0005530,SAL,2025-01-16
OPP-0005530,SQO,2025-01-21
OPP-0005530,POC,2025-03-24
OPP-0005530,Proposal/Negotiation,2025-03-30
OPP-0005530,Closed Lost,2025-04-17
OPP-0005537,SAL,2024-11-08
OPP-0005537,SQO,2024-11-22
OPP-0005537,Proposal/Negotiation,2024-12-15
OPP-0005537,Closed Lost,2024-12-17
OPP-0005538,Open,2024-11-09
OPP-0005538,Negotiation,2025-02-21
OPP-0005538,Closed Won,2025-03-06
OPP-0005562,Open,2024-11-20
OPP-0005562,Negotiation,2024-11-26
OPP-0005562,Closed Won,2024-12-01
OPP-0005563,SAL,2024-11-12
OPP-0005563,SQO,2024-12-06
OPP-0005563,POC,2024-12-17
OPP-0005563,Proposal/Negotiation,2024-12-22
OPP-0005563,Closed Lost,2025-02-07
OPP-0005564,Open,2025-01-28
OPP-0005564,Negotiation,2025-01-29
OPP-0005564,Closed Won,2025-02-01
OPP-0005571,Open,2024-11-12
OPP-0005571,Negotiation,2024-11-20
OPP-0005571,Closed Won,2024-12-01
OPP-0005572,Open,2024-11-17
OPP-0005572,Negotiation,2024-11-28
OPP-0005572,Closed Won,2024-12-01
OPP-0005573,SAL,2024-11-20
OPP-0005573,SQO,2024-11-24
OPP-0005573,Proposal/Negotiation,2024-12-06
OPP-0005573,Closed Lost,2024-12-13
OPP-0005578,SAL,2024-11-16
OPP-0005578,SQO,2024-11-17
OPP-0005578,Proposal/Negotiation,2024-11-23
OPP-0005578,Closed Lost,2024-11-24
OPP-0005579,SAL,2024-11-27
OPP-0005579,SQO,2024-12-12
OPP-0005579,Proposal/Negotiation,2024-12-13
OPP-0005579,Closed Lost,2024-12-19
OPP-0005580,SAL,2024-11-11
OPP-0005580,SQO,2024-11-14
OPP-0005580,POC,2024-12-03
OPP-0005580,Proposal/Negotiation,2025-01-03
OPP-0005580,Closed Lost,2025-01-12
OPP-0005587,Open,2024-11-15
OPP-0005587,Negotiation,2024-11-23
OPP-0005587,Closed Won,2024-12-01
OPP-0005588,Open,2024-11-17
OPP-0005588,Negotiation,2024-11-25
OPP-0005588,Closed Won,2025-02-01
OPP-0005591,Open,2024-11-13
OPP-0005591,Negotiation,2024-11-18
OPP-0005591,Closed Won,2024-12-01
OPP-0005592,SAL,2024-11-21
OPP-0005592,SQO,2024-12-09
OPP-0005592,Proposal/Negotiation,2024-12-09
OPP-0005592,Closed Lost,2024-12-16
OPP-0005593,Open,2024-11-21
OPP-0005593,Negotiation,2025-01-02
OPP-0005593,Closed Won,2025-01-13
OPP-0005594,Open,2024-11-18
OPP-0005594,Negotiation,2024-11-27
OPP-0005594,Closed Won,2024-12-14
OPP-0005595,Open,2024-12-18
OPP-0005595,Negotiation,2024-12-28
OPP-0005595,Closed Won,2024-12-30
OPP-0005599,Open,2024-11-14
OPP-0005599,Negotiation,2024-11-29
OPP-0005599,Closed Won,2024-12-01
OPP-0005600,Open,2024-12-18
OPP-0005600,Negotiation,2025-03-06
OPP-0005600,Closed Won,2025-03-12
OPP-0005602,Open,2024-11-22
OPP-0005602,Negotiation,2024-11-25
OPP-0005602,Closed Won,2024-12-01
OPP-0005603,SAL,2024-11-22
OPP-0005603,SQO,2024-11-26
OPP-0005603,Proposal/Negotiation,2024-11-29
OPP-0005603,Closed Lost,2024-12-02
OPP-0005604,SAL,2024-11-16
OPP-0005604,SQO,2024-12-11
OPP-0005604,Proposal/Negotiation,2024-12-15
OPP-0005604,Closed Lost,2024-12-19
OPP-0005605,SAL,2024-11-23
OPP-0005605,SQO,2024-12-12
OPP-0005605,Proposal/Negotiation,2024-12-16
OPP-0005605,Closed Lost,2024-12-22
OPP-0005606,Open,2024-11-21
OPP-0005606,Negotiation,2025-01-13
OPP-0005606,Closed Won,2025-02-05
OPP-0005613,SAL,2024-11-24
OPP-0005613,SQO,2024-12-05
OPP-0005613,Proposal/Negotiation,2024-12-13
OPP-0005613,Closed Lost,2024-12-23
OPP-0005614,SAL,2024-11-26
OPP-0005614,SQO,2024-11-28
OPP-0005614,Proposal/Negotiation,2024-12-09
OPP-0005614,Closed Lost,2024-12-10
OPP-0005615,SAL,2024-12-13
OPP-0005615,SQO,2024-12-22
OPP-0005615,SAL,2024-12-31
OPP-0005615,POC,2025-01-28
OPP-0005615,Proposal/Negotiation,2025-02-19
OPP-0005615,Closed Lost,2025-03-04
OPP-0005616,Open,2024-12-08
OPP-0005616,Negotiation,2024-12-20
OPP-0005616,Closed Won,2024-12-29
OPP-0005617,Open,2024-12-28
OPP-0005617,Negotiation,2024-12-30
OPP-0005617,Closed Won,2025-01-01
OPP-0005627,Open,2024-11-20
OPP-0005627,Negotiation,2024-11-20
OPP-0005627,Closed Won,2024-12-01
OPP-0005634,Open,2024-11-18
OPP-0005634,Negotiation,2024-12-29
OPP-0005634,Closed Won,2025-01-01
OPP-0005635,SAL,2024-11-30
OPP-0005635,SQO,2024-12-01
OPP-0005635,Proposal/Negotiation,2024-12-09
OPP-0005635,Closed Lost,2024-12-17
OPP-0005636,Open,2024-12-02
OPP-0005636,Negotiation,2025-01-22
OPP-0005636,Closed Lost,2025-02-01
OPP-0005637,Open,2024-11-26
OPP-0005637,Negotiation,2025-01-14
OPP-0005637,Closed Won,2025-02-01
OPP-0005638,SAL,2024-11-21
OPP-0005638,SQO,2024-11-25
OPP-0005638,Proposal/Negotiation,2024-11-29
OPP-0005638,Closed Won,2024-12-19
OPP-0005645,Open,2024-12-31
OPP-0005645,Negotiation,2025-01-01
OPP-0005645,Closed Won,2025-01-01
OPP-0005646,Open,2024-11-21
OPP-0005646,Negotiation,2024-12-18
OPP-0005646,Closed Won,2025-01-01
OPP-0005647,SAL,2024-11-20
OPP-0005647,SQO,2024-12-03
OPP-0005647,Proposal/Negotiation,2024-12-22
OPP-0005647,Closed Lost,2024-12-25
OPP-0005648,SAL,2024-11-24
OPP-0005648,SQO,2025-01-06
OPP-0005648,POC,2025-02-23
OPP-0005648,Proposal/Negotiation,2025-03-01
OPP-0005648,Closed Lost,2025-05-01
OPP-0005649,SAL,2024-12-10
OPP-0005649,SQO,2024-12-13
OPP-0005649,POC,2025-02-11
OPP-0005649,Proposal/Negotiation,2025-03-31
OPP-0005649,Closed Lost,2025-04-01
OPP-0005650,SAL,2024-11-26
OPP-0005650,SQO,2024-12-16
OPP-0005650,Proposal/Negotiation,2024-12-18
OPP-0005650,Closed Won,2024-12-20
OPP-0005658,SAL,2024-11-22
OPP-0005658,SQO,2024-11-26
OPP-0005658,Proposal/Negotiation,2024-11-29
OPP-0005658,Closed Lost,2024-12-08
OPP-0005659,Open,2024-11-25
OPP-0005659,Negotiation,2025-01-31
OPP-0005659,Closed Won,2025-02-03
OPP-0005660,Open,2024-12-07
OPP-0005660,Negotiation,2025-01-28
OPP-0005660,Closed Won,2025-02-01
OPP-0005661,Open,2024-11-22
OPP-0005661,Negotiation,2024-12-10
OPP-0005661,Closed Won,2025-01-01
OPP-0005662,Open,2024-11-27
OPP-0005662,Negotiation,2024-12-25
OPP-0005662,Closed Won,2025-01-01
OPP-0005672,SAL,2024-11-23
OPP-0005672,SQO,2024-12-21
OPP-0005672,Proposal/Negotiation,2024-12-29
OPP-0005672,Closed Lost,2025-01-01
OPP-0005673,Open,2024-12-05
OPP-0005673,Negotiation,2024-12-22
OPP-0005673,Closed Won,2025-01-01
OPP-0005674,Open,2025-01-24
OPP-0005674,Negotiation,2025-01-26
OPP-0005674,Closed Won,2025-02-01
OPP-0005675,SAL,2024-11-21
OPP-0005675,SQO,2024-11-24
OPP-0005675,Proposal/Negotiation,2024-12-01
OPP-0005675,Closed Won,2024-12-17
OPP-0005682,Open,2024-12-17
OPP-0005682,Negotiation,2024-12-27
OPP-0005682,Closed Won,2025-01-01
OPP-0005683,Open,2024-12-19
OPP-0005683,Negotiation,2025-01-07
OPP-0005683,Closed Won,2025-02-03
OPP-0005684,Open,2024-12-14
OPP-0005684,Negotiation,2024-12-17
OPP-0005684,Closed Won,2025-02-01
OPP-0005685,Open,2024-12-05
OPP-0005685,Negotiation,2024-12-22
OPP-0005685,Closed Won,2025-01-01
OPP-0005689,SAL,2024-11-24
OPP-0005689,SQO,2024-11-28
OPP-0005689,Proposal/Negotiation,2024-12-02
OPP-0005689,Closed Lost,2024-12-06
OPP-0005690,Open,2024-11-26
OPP-0005690,Negotiation,2024-12-27
OPP-0005690,Closed Won,2025-01-01
OPP-0005697,Open,2024-12-29
OPP-0005697,Negotiation,2025-01-04
OPP-0005697,Closed Won,2025-02-01
OPP-0005698,SAL,2024-11-25
OPP-0005698,SQO,2024-11-25
OPP-0005698,Proposal/Negotiation,2024-12-25
OPP-0005698,Closed Won,2024-12-28
OPP-0005702,Open,2024-12-09
OPP-0005702,Negotiation,2024-12-29
OPP-0005702,Closed Won,2025-01-01
OPP-0005703,Open,2024-12-19
OPP-0005703,Negotiation,2024-12-21
OPP-0005703,Closed Won,2025-01-01
OPP-0005704,SAL,2024-12-07
OPP-0005704,SQO,2024-12-08
OPP-0005704,Proposal/Negotiation,2024-12-10
OPP-0005704,Closed Lost,2024-12-11
OPP-0005705,Open,2024-12-29
OPP-0005705,Negotiation,2025-01-01
OPP-0005705,Closed Won,2025-01-30
OPP-0005714,Open,2024-12-07
OPP-0005714,Negotiation,2024-12-29
OPP-0005714,Closed Won,2025-01-01
OPP-0005715,SAL,2024-12-14
OPP-0005715,SQO,2024-12-15
OPP-0005715,Proposal/Negotiation,2024-12-24
OPP-0005715,Closed Lost,2024-12-26
OPP-0005716,SAL,2024-12-05
OPP-0005716,SQO,2024-12-17
OPP-0005716,Proposal/Negotiation,2024-12-26
OPP-0005716,Closed Won,2025-01-03
OPP-0005726,Open,2024-12-01
OPP-0005726,Negotiation,2025-01-01
OPP-0005726,Closed Won,2025-01-01
OPP-0005727,SAL,2024-11-28
OPP-0005727,SQO,2024-12-03
OPP-0005727,Proposal/Negotiation,2024-12-16
OPP-0005727,Closed Lost,2024-12-22
OPP-0005728,SAL,2024-12-01
OPP-0005728,SQO,2024-12-18
OPP-0005728,Proposal/Negotiation,2024-12-22
OPP-0005728,Closed Won,2025-01-08
OPP-0005732,Open,2024-12-15
OPP-0005732,Negotiation,2024-12-15
OPP-0005732,Closed Won,2025-01-01
OPP-0005733,SAL,2024-12-09
OPP-0005733,SQO,2024-12-22
OPP-0005733,Proposal/Negotiation,2024-12-22
OPP-0005733,Closed Lost,2024-12-25
OPP-0005742,Open,2024-12-09
OPP-0005742,Negotiation,2024-12-25
OPP-0005742,Closed Won,2025-01-01
OPP-0005743,Open,2024-11-28
OPP-0005743,Negotiation,2024-12-12
OPP-0005743,Closed Won,2025-01-01
OPP-0005744,SAL,2024-12-04
OPP-0005744,SQO,2024-12-11
OPP-0005744,Proposal/Negotiation,2025-01-04
OPP-0005744,Closed Lost,2025-01-10
OPP-0005745,SAL,2024-11-30
OPP-0005745,SQO,2024-12-11
OPP-0005745,Proposal/Negotiation,2024-12-17
OPP-0005745,Closed Won,2024-12-20
OPP-0005755,Open,2024-12-10
OPP-0005755,Negotiation,2024-12-13
OPP-0005755,Closed Won,2025-01-01
OPP-0005756,SAL,2024-12-12
OPP-0005756,SQO,2024-12-16
OPP-0005756,Proposal/Negotiation,2025-01-08
OPP-0005756,Closed Lost,2025-01-12
OPP-0005757,SAL,2024-12-06
OPP-0005757,SQO,2024-12-12
OPP-0005757,SAL,2024-12-15
OPP-0005757,Proposal/Negotiation,2024-12-18
OPP-0005757,Closed Lost,2024-12-22
OPP-0005758,SAL,2024-12-05
OPP-0005758,SQO,2024-12-14
OPP-0005758,Proposal/Negotiation,2024-12-21
OPP-0005758,SAL,2024-12-22
OPP-0005758,Closed Lost,2025-01-04
OPP-0005759,Open,2024-12-22
OPP-0005759,Negotiation,2024-12-28
OPP-0005759,Closed Won,2025-01-09
OPP-0005760,Open,2024-12-26
OPP-0005760,Negotiation,2025-01-01
OPP-0005760,Closed Won,2025-01-26
OPP-0005761,SAL,2024-12-13
OPP-0005761,SQO,2024-12-19
OPP-0005761,Proposal/Negotiation,2024-12-22
OPP-0005761,Closed Won,2025-01-04
OPP-0005762,SAL,2024-12-10
OPP-0005762,SQO,2024-12-16
OPP-0005762,Proposal/Negotiation,2024-12-28
OPP-0005762,Closed Won,2025-01-09
OPP-0005763,Open,2024-12-03
OPP-0005763,Negotiation,2024-12-09
OPP-0005763,Closed Won,2025-01-01
OPP-0005764,Open,2024-12-20
OPP-0005764,Negotiation,2024-12-30
OPP-0005764,Closed Won,2025-01-01
OPP-0005765,Open,2024-12-04
OPP-0005765,Negotiation,2024-12-27
OPP-0005765,Closed Won,2025-01-01
OPP-0005766,SAL,2024-12-03
OPP-0005766,SQO,2024-12-13
OPP-0005766,POC,2025-01-29
OPP-0005766,Proposal/Negotiation,2025-02-07
OPP-0005766,Closed Lost,2025-02-09
OPP-0005769,Open,2024-12-12
OPP-0005769,Negotiation,2024-12-16
OPP-0005769,Closed Won,2025-01-01
OPP-0005770,Open,2024-12-23
OPP-0005770,Negotiation,2025-01-26
OPP-0005770,Closed Won,2025-03-21
OPP-0005781,SAL,2024-12-07
OPP-0005781,SQO,2024-12-16
OPP-0005781,Proposal/Negotiation,2025-01-01
OPP-0005781,Closed Lost,2025-01-08
OPP-0005782,SAL,2024-12-08
OPP-0005782,SQO,2024-12-15
OPP-0005782,Proposal/Negotiation,2024-12-16
OPP-0005782,Closed Lost,2024-12-17
OPP-0005783,SAL,2024-12-04
OPP-0005783,SQO,2024-12-26
OPP-0005783,POC,2025-01-25
OPP-0005783,Proposal/Negotiation,2025-03-18
OPP-0005783,Closed Lost,2025-03-24
OPP-0005784,Open,2025-01-11
OPP-0005784,Negotiation,2025-01-12
OPP-0005784,Closed Won,2025-01-23
OPP-0005785,Open,2024-12-26
OPP-0005785,Negotiation,2025-01-13
OPP-0005785,Closed Won,2025-02-01
OPP-0005786,SAL,2024-12-04
OPP-0005786,SQO,2025-01-13
OPP-0005786,Proposal/Negotiation,2025-01-16
OPP-0005786,Closed Won,2025-01-17
OPP-0005787,SAL,2024-12-08
OPP-0005787,SQO,2024-12-16
OPP-0005787,Proposal/Negotiation,2024-12-23
OPP-0005787,Closed Won,2025-01-03
OPP-0005793,SAL,2024-12-12
OPP-0005793,SQO,2024-12-15
OPP-0005793,Proposal/Negotiation,2024-12-20
OPP-0005793,Closed Lost,2024-12-22
OPP-0005794,SAL,2024-12-16
OPP-0005794,SQO,2024-12-19
OPP-0005794,POC,2025-01-20
OPP-0005794,Proposal/Negotiation,2025-03-04
OPP-0005794,Closed Lost,2025-03-10
OPP-0005795,SAL,2024-12-10
OPP-0005795,SQO,2025-01-01
OPP-0005795,POC,2025-01-28
OPP-0005795,Proposal/Negotiation,2025-02-07
OPP-0005795,Closed Won,2025-03-01
OPP-0005796,SAL,2024-12-16
OPP-0005796,SQO,2025-01-01
OPP-0005796,Proposal/Negotiation,2025-01-02
OPP-0005796,Closed Won,2025-01-02
OPP-0005804,Open,2024-12-08
OPP-0005804,Negotiation,2025-01-27
OPP-0005804,Closed Won,2025-03-01
OPP-0005807,Open,2024-12-17
OPP-0005807,Negotiation,2024-12-30
OPP-0005807,Closed Won,2025-01-01
OPP-0005808,SAL,2024-12-09
OPP-0005808,SQO,2024-12-10
OPP-0005808,Proposal/Negotiation,2024-12-22
OPP-0005808,Closed Lost,2024-12-27
OPP-0005809,SAL,2024-12-07
OPP-0005809,SQO,2024-12-15
OPP-0005809,SAL,2024-12-24
OPP-0005809,POC,2025-01-20
OPP-0005809,Proposal/Negotiation,2025-02-19
OPP-0005809,Closed Lost,2025-02-24
OPP-0005810,Open,2024-12-14
OPP-0005810,Negotiation,2025-02-10
OPP-0005810,Closed Won,2025-03-01
OPP-0005814,SAL,2024-12-08
OPP-0005814,SQO,2024-12-16
OPP-0005814,Proposal/Negotiation,2024-12-28
OPP-0005814,Closed Lost,2025-01-04
OPP-0005815,Open,2024-12-11
OPP-0005815,Negotiation,2025-01-02
OPP-0005815,Closed Won,2025-01-19
OPP-0005816,Open,2025-01-01
OPP-0005816,Negotiation,2025-01-25
OPP-0005816,Closed Won,2025-03-01
OPP-0005824,SAL,2024-12-15
OPP-0005824,SQO,2024-12-22
OPP-0005824,Proposal/Negotiation,2025-01-14
OPP-0005824,Closed Lost,2025-01-17
OPP-0005825,SAL,2025-01-18
OPP-0005825,SQO,2025-02-21
OPP-0005825,POC,2025-04-11
OPP-0005825,Proposal/Negotiation,2025-04-19
OPP-0005825,Closed Lost,2025-05-22
OPP-0005826,SAL,2024-12-09
OPP-0005826,SQO,2024-12-20
OPP-0005826,Proposal/Negotiation,2025-01-14
OPP-0005826,Closed Won,2025-01-14
OPP-0005827,SAL,2024-12-09
OPP-0005827,SQO,2024-12-12
OPP-0005827,Proposal/Negotiation,2024-12-24
OPP-0005827,Closed Won,2025-01-06
OPP-0005836,Open,2024-12-20
OPP-0005836,Negotiation,2024-12-23
OPP-0005836,Closed Won,2025-01-01
OPP-0005837,SAL,2024-12-20
OPP-0005837,SQO,2024-12-21
OPP-0005837,POC,2025-02-23
OPP-0005837,Proposal/Negotiation,2025-04-14
OPP-0005837,Closed Lost,2025-05-04
OPP-0005838,Open,2024-12-19
OPP-0005838,Negotiation,2025-01-28
OPP-0005838,Closed Won,2025-02-18
OPP-0005839,Open,2025-01-19
OPP-0005839,Negotiation,2025-01-30
OPP-0005839,Closed Won,2025-02-01
OPP-0005840,SAL,2024-12-14
OPP-0005840,SQO,2024-12-24
OPP-0005840,Proposal/Negotiation,2024-12-25
OPP-0005840,Closed Won,2024-12-25
OPP-0005851,SAL,2024-12-21
OPP-0005851,SQO,2025-01-18
OPP-0005851,POC,2025-03-08
OPP-0005851,Proposal/Negotiation,2025-03-17
OPP-0005851,Closed Lost,2025-03-20
OPP-0005852,Open,2024-12-30
OPP-0005852,Negotiation,2025-02-28
OPP-0005852,Closed Lost,2025-03-01
OPP-0005861,SAL,2025-02-01
OPP-0005861,SQO,2025-02-22
OPP-0005861,POC,2025-04-22
OPP-0005861,Proposal/Negotiation,2025-04-29
OPP-0005861,Closed Lost,2025-05-06
OPP-0005862,Open,2025-01-26
OPP-0005862,Negotiation,2025-02-19
OPP-0005862,Closed Won,2025-03-01
OPP-0005869,SAL,2025-01-01
OPP-0005869,SQO,2025-01-14
OPP-0005869,Proposal/Negotiation,2025-01-15
OPP-0005869,Closed Lost,2025-01-22
OPP-0005870,Open,2025-01-30
OPP-0005870,Negotiation,2025-02-15
OPP-0005870,Closed Won,2025-03-12
OPP-0005871,SAL,2024-12-16
OPP-0005871,SQO,2024-12-20
OPP-0005871,Proposal/Negotiation,2024-12-25
OPP-0005871,Closed Won,2025-01-07
OPP-0005876,Open,2024-12-17
OPP-0005876,Negotiation,2024-12-28
OPP-0005876,Closed Won,2025-01-01
OPP-0005877,Open,2025-01-04
OPP-0005877,Negotiation,2025-01-10
OPP-0005877,Closed Won,2025-01-15
OPP-0005878,Open,2025-01-05
OPP-0005878,Negotiation,2025-01-30
OPP-0005878,Closed Won,2025-02-01
OPP-0005883,SAL,2024-12-16
OPP-0005883,SQO,2024-12-19
OPP-0005883,Proposal/Negotiation,2024-12-23
OPP-0005883,Closed Lost,2025-01-04
OPP-0005884,SAL,2024-12-25
OPP-0005884,SQO,2024-12-29
OPP-0005884,Proposal/Negotiation,2025-01-01
OPP-0005884,Closed Won,2025-01-15
OPP-0005890,SAL,2024-12-20
OPP-0005890,SQO,2024-12-26
OPP-0005890,Proposal/Negotiation,2025-01-17
OPP-0005890,Closed Lost,2025-01-19
OPP-0005891,SAL,2024-12-21
OPP-0005891,SQO,2024-12-31
OPP-0005891,POC,2025-02-16
OPP-0005891,Proposal/Negotiation,2025-05-16
OPP-0005891,Closed Lost,2025-05-24
OPP-0005892,SAL,2024-12-26
OPP-0005892,SQO,2025-01-01
OPP-0005892,Proposal/Negotiation,2025-01-02
OPP-0005892,Closed Won,2025-01-13
OPP-0005899,Open,2025-01-04
OPP-0005899,Negotiation,2025-02-11
OPP-0005899,Closed Won,2025-02-21
OPP-0005910,Open,2024-12-29
OPP-0005910,Negotiation,2024-12-31
OPP-0005910,Closed Won,2025-01-01
OPP-0005911,SAL,2025-01-24
OPP-0005911,SQO,2025-02-07
OPP-0005911,POC,2025-04-18
OPP-0005911,Proposal/Negotiation,2025-05-01
OPP-0005911,Closed Lost,2025-05-16
OPP-0005912,SAL,2025-01-17
OPP-0005912,SQO,2025-01-18
OPP-0005912,Proposal/Negotiation,2025-01-28
OPP-0005912,Closed Won,2025-02-01
OPP-0005920,Open,2024-12-19
OPP-0005920,Negotiation,2024-12-31
OPP-0005920,Closed Won,2025-02-01
OPP-0005921,SAL,2025-01-02
OPP-0005921,SQO,2025-01-10
OPP-0005921,Proposal/Negotiation,2025-01-12
OPP-0005921,Closed Lost,2025-01-15
OPP-0005922,SAL,2025-01-08
OPP-0005922,SQO,2025-01-14
OPP-0005922,Proposal/Negotiation,2025-01-15
OPP-0005922,Closed Lost,2025-01-15
OPP-0005923,SAL,2025-01-12
OPP-0005923,SQO,2025-01-21
OPP-0005923,POC,2025-02-18
OPP-0005923,Proposal/Negotiation,2025-02-23
OPP-0005923,Closed Lost,2025-04-04
OPP-0005924,Open,2025-01-05
OPP-0005924,Negotiation,2025-03-03
OPP-0005924,Closed Won,2025-03-18
OPP-0005925,SAL,2025-01-19
OPP-0005925,SQO,2025-01-19
OPP-0005925,Proposal/Negotiation,2025-01-25
OPP-0005925,Closed Won,2025-01-26
OPP-0005928,Open,2025-01-14
OPP-0005928,Negotiation,2025-01-31
OPP-0005928,Closed Won,2025-02-01
OPP-0005929,SAL,2024-12-22
OPP-0005929,SQO,2024-12-25
OPP-0005929,Proposal/Negotiation,2024-12-26
OPP-0005929,Closed Lost,2025-01-04
OPP-0005930,Open,2025-01-19
OPP-0005930,Negotiation,2025-02-17
OPP-0005930,Closed Won,2025-02-19
OPP-0005931,SAL,2024-12-23
OPP-0005931,SQO,2024-12-24
OPP-0005931,Proposal/Negotiation,2025-01-03
OPP-0005931,Closed Won,2025-01-09
OPP-0005939,Open,2024-12-29
OPP-0005939,Negotiation,2025-01-12
OPP-0005939,Closed Won,2025-02-01
OPP-0005940,Open,2024-12-27
OPP-0005940,Negotiation,2025-01-23
OPP-0005940,Closed Won,2025-02-01
OPP-0005941,SAL,2025-03-17
OPP-0005941,SQO,2025-05-03
OPP-0005941,POC,2025-05-23
OPP-0005941,Proposal/Negotiation,2025-06-03
OPP-0005941,Closed Won,2025-06-17
OPP-0005942,SAL,2024-12-26
OPP-0005942,SQO,2025-01-12
OPP-0005942,Proposal/Negotiation,2025-01-20
OPP-0005942,Closed Won,2025-01-26
OPP-0005951,Open,2025-01-14
OPP-0005951,Negotiation,2025-01-17
OPP-0005951,Closed Won,2025-02-01
OPP-0005952,Open,2025-01-15
OPP-0005952,Negotiation,2025-01-17
OPP-0005952,Closed Won,2025-02-01
OPP-0005953,Open,2025-01-18
OPP-0005953,Negotiation,2025-01-20
OPP-0005953,Closed Won,2025-03-13
OPP-0005954,Open,2024-12-24
OPP-0005954,Negotiation,2025-01-12
OPP-0005954,Closed Lost,2025-01-23
OPP-0005955,Open,2025-01-03
OPP-0005955,Negotiation,2025-01-12
OPP-0005955,Closed Won,2025-02-01
OPP-0005960,Open,2024-12-27
OPP-0005960,Negotiation,2025-01-04
OPP-0005960,Closed Won,2025-02-01
OPP-0005961,SAL,2024-12-26
OPP-0005961,SQO,2025-01-22
OPP-0005961,POC,2025-02-22
OPP-0005961,Proposal/Negotiation,2025-03-10
OPP-0005961,Closed Lost,2025-03-16
OPP-0005962,Open,2025-01-03
OPP-0005962,Negotiation,2025-01-29
OPP-0005962,Closed Won,2025-02-01
OPP-0005967,SAL,2024-12-29
OPP-0005967,SQO,2025-01-22
OPP-0005967,Proposal/Negotiation,2025-01-25
OPP-0005967,Closed Lost,2025-01-27
OPP-0005975,Open,2025-01-11
OPP-0005975,Negotiation,2025-01-19
OPP-0005975,Closed Won,2025-02-01
OPP-0005976,Open,2025-02-17
OPP-0005976,Negotiation,2025-02-26
OPP-0005976,Closed Won,2025-03-07
OPP-0005977,Open,2025-01-07
OPP-0005977,Negotiation,2025-01-27
OPP-0005977,Closed Won,2025-02-01
OPP-0005978,SAL,2025-01-01
OPP-0005978,SQO,2025-01-04
OPP-0005978,Proposal/Negotiation,2025-01-04
OPP-0005978,SAL,2025-01-07
OPP-0005978,Closed Won,2025-01-08
OPP-0005991,Open,2025-01-22
OPP-0005991,Negotiation,2025-01-31
OPP-0005991,Closed Won,2025-02-01
OPP-0005992,SAL,2024-12-27
OPP-0005992,SQO,2025-01-05
OPP-0005992,SAL,2025-01-09
OPP-0005992,Proposal/Negotiation,2025-01-14
OPP-0005992,Closed Lost,2025-01-15
OPP-0005993,Open,2025-01-22
OPP-0005993,Negotiation,2025-01-26
OPP-0005993,Closed Won,2025-02-01
OPP-0005994,Open,2025-01-07
OPP-0005994,Negotiation,2025-01-28
OPP-0005994,Closed Won,2025-02-01
OPP-0005995,SAL,2024-12-31
OPP-0005995,SQO,2025-01-08
OPP-0005995,Proposal/Negotiation,2025-01-14
OPP-0005995,Closed Won,2025-01-17
OPP-0006000,SAL,2024-12-27
OPP-0006000,SQO,2025-01-02
OPP-0006000,Proposal/Negotiation,2025-01-05
OPP-0006000,Closed Lost,2025-01-18
OPP-0006001,Open,2025-03-13
OPP-0006001,Negotiation,2025-03-22
OPP-0006001,Closed Won,2025-03-25
OPP-0006008,SAL,2025-01-12
OPP-0006008,SQO,2025-02-05
OPP-0006008,POC,2025-02-22
OPP-0006008,Proposal/Negotiation,2025-03-03
OPP-0006008,Closed Won,2025-04-08
OPP-0006009,SAL,2024-12-28
OPP-0006009,SQO,2025-01-05
OPP-0006009,Proposal/Negotiation,2025-01-14
OPP-0006009,Closed Won,2025-01-17
OPP-0006017,Open,2025-01-01
OPP-0006017,Negotiation,2025-01-10
OPP-0006017,Closed Won,2025-02-01
OPP-0006018,SAL,2025-01-03
OPP-0006018,SQO,2025-01-05
OPP-0006018,Proposal/Negotiation,2025-01-17
OPP-0006018,Closed Lost,2025-01-25
OPP-0006019,SAL,2025-01-19
OPP-0006019,SQO,2025-01-23
OPP-0006019,Proposal/Negotiation,2025-01-26
OPP-0006019,Closed Lost,2025-02-10
OPP-0006020,SAL,2025-01-03
OPP-0006020,SQO,2025-01-04
OPP-0006020,SAL,2025-01-16
OPP-0006020,Proposal/Negotiation,2025-01-17
OPP-0006020,Closed Lost,2025-02-09
OPP-0006021,Open,2025-01-16
OPP-0006021,Negotiation,2025-01-23
OPP-0006021,Closed Won,2025-02-01
OPP-0006022,Open,2025-01-01
OPP-0006022,Negotiation,2025-01-30
OPP-0006022,Closed Won,2025-02-01
OPP-0006023,SAL,2025-01-01
OPP-0006023,SQO,2025-01-11
OPP-0006023,Proposal/Negotiation,2025-01-12
OPP-0006023,Closed Won,2025-01-15
OPP-0006024,SAL,2025-01-02
OPP-0006024,SQO,2025-01-03
OPP-0006024,Proposal/Negotiation,2025-01-16
OPP-0006024,Closed Won,2025-01-24
OPP-0006025,SAL,2025-01-10
OPP-0006025,SQO,2025-01-16
OPP-0006025,Proposal/Negotiation,2025-01-20
OPP-0006025,Closed Lost,2025-01-20
OPP-0006026,SAL,2025-01-04
OPP-0006026,SQO,2025-01-16
OPP-0006026,Proposal/Negotiation,2025-01-24
OPP-0006026,SAL,2025-01-27
OPP-0006026,Closed Lost,2025-02-13
OPP-0006027,SAL,2025-01-04
OPP-0006027,SQO,2025-01-07
OPP-0006027,Proposal/Negotiation,2025-01-10
OPP-0006027,Closed Lost,2025-01-16
OPP-0006028,Open,2025-01-18
OPP-0006028,Negotiation,2025-01-27
OPP-0006028,Closed Won,2025-02-01
OPP-0006029,Open,2025-01-11
OPP-0006029,Negotiation,2025-01-29
OPP-0006029,Closed Won,2025-02-01
OPP-0006030,Open,2025-01-10
OPP-0006030,Negotiation,2025-01-11
OPP-0006030,Closed Won,2025-02-01
OPP-0006031,SAL,2025-01-13
OPP-0006031,SQO,2025-01-19
OPP-0006031,Proposal/Negotiation,2025-02-07
OPP-0006031,Closed Lost,2025-02-15
OPP-0006032,Open,2025-01-09
OPP-0006032,Negotiation,2025-01-15
OPP-0006032,Closed Won,2025-02-04
OPP-0006033,Open,2025-01-11
OPP-0006033,Negotiation,2025-01-23
OPP-0006033,Closed Won,2025-03-19
OPP-0006043,SAL,2025-01-04
OPP-0006043,SQO,2025-01-09
OPP-0006043,Proposal/Negotiation,2025-01-10
OPP-0006043,Closed Lost,2025-01-17
OPP-0006044,SAL,2025-01-10
OPP-0006044,SQO,2025-01-12
OPP-0006044,Proposal/Negotiation,2025-01-19
OPP-0006044,Closed Lost,2025-01-20
OPP-0006045,SAL,2025-01-05
OPP-0006045,SQO,2025-01-26
OPP-0006045,Proposal/Negotiation,2025-02-14
OPP-0006045,Closed Lost,2025-02-16
OPP-0006046,Open,2025-01-17
OPP-0006046,Negotiation,2025-01-25
OPP-0006046,Closed Won,2025-02-11
OPP-0006053,Open,2025-01-21
OPP-0006053,Negotiation,2025-01-28
OPP-0006053,Closed Won,2025-02-01
OPP-0006054,Open,2025-01-28
OPP-0006054,Negotiation,2025-01-31
OPP-0006054,Closed Won,2025-02-01
OPP-0006055,SAL,2025-02-04
OPP-0006055,SQO,2025-02-08
OPP-0006055,POC,2025-03-11
OPP-0006055,Proposal/Negotiation,2025-04-03
OPP-0006055,Closed Lost,2025-05-18
OPP-0006062,Open,2025-01-24
OPP-0006062,Negotiation,2025-01-28
OPP-0006062,Closed Won,2025-02-01
OPP-0006063,SAL,2025-01-09
OPP-0006063,SQO,2025-01-13
OPP-0006063,Proposal/Negotiation,2025-01-16
OPP-0006063,Closed Lost,2025-02-02
OPP-0006064,SAL,2025-01-04
OPP-0006064,SQO,2025-01-14
OPP-0006064,Proposal/Negotiation,2025-01-20
OPP-0006064,Closed Lost,2025-01-26
OPP-0006065,SAL,2025-02-09
OPP-0006065,SQO,2025-02-20
OPP-0006065,POC,2025-04-11
OPP-0006065,Proposal/Negotiation,2025-04-21
OPP-0006065,Closed Lost,2025-04-27
OPP-0006066,Open,2025-01-16
OPP-0006066,Negotiation,2025-01-29
OPP-0006066,Closed Won,2025-02-14
OPP-0006067,Open,2025-01-20
OPP-0006067,Negotiation,2025-01-25
OPP-0006067,Closed Won,2025-03-01
OPP-0006072,SAL,2025-01-07
OPP-0006072,SQO,2025-01-17
OPP-0006072,Proposal/Negotiation,2025-01-25
OPP-0006072,Closed Lost,2025-01-27
OPP-0006081,Open,2025-01-11
OPP-0006081,Negotiation,2025-01-20
OPP-0006081,Closed Won,2025-02-01
OPP-0006082,Open,2025-01-09
OPP-0006082,Negotiation,2025-01-29
OPP-0006082,Closed Won,2025-02-01
OPP-0006083,Open,2025-01-08
OPP-0006083,Negotiation,2025-01-09
OPP-0006083,Closed Won,2025-02-01
OPP-0006084,Open,2025-01-24
OPP-0006084,Negotiation,2025-01-29
OPP-0006084,Closed Won,2025-02-01
OPP-0006085,SAL,2025-01-07
OPP-0006085,SQO,2025-01-16
OPP-0006085,Proposal/Negotiation,2025-01-29
OPP-0006085,Closed Lost,2025-02-07
OPP-0006086,SAL,2025-01-20
OPP-0006086,SQO,2025-01-28
OPP-0006086,POC,2025-03-10
OPP-0006086,Proposal/Negotiation,2025-04-17
OPP-0006086,Closed Lost,2025-04-21
OPP-0006087,Open,2025-02-14
OPP-0006087,Negotiation,2025-02-23
OPP-0006087,Closed Won,2025-03-01
OPP-0006088,SAL,2025-01-19
OPP-0006088,SQO,2025-01-25
OPP-0006088,Proposal/Negotiation,2025-02-05
OPP-0006088,Closed Won,2025-02-14
OPP-0006099,SAL,2025-01-08
OPP-0006099,SQO,2025-01-19
OPP-0006099,Proposal/Negotiation,2025-01-27
OPP-0006099,Closed Lost,2025-02-06
OPP-0006100,SAL,2025-01-11
OPP-0006100,SQO,2025-01-21
OPP-0006100,Proposal/Negotiation,2025-01-25
OPP-0006100,Closed Lost,2025-02-11
OPP-0006101,Open,2025-01-19
OPP-0006101,Negotiation,2025-02-08
OPP-0006101,Closed Won,2025-04-01
OPP-0006111,Open,2025-01-18
OPP-0006111,Negotiation,2025-01-21
OPP-0006111,Closed Won,2025-02-01
OPP-0006112,Open,2025-02-07
OPP-0006112,Negotiation,2025-02-21
OPP-0006112,Closed Won,2025-02-23
OPP-0006123,SAL,2025-01-12
OPP-0006123,SQO,2025-01-27
OPP-0006123,Proposal/Negotiation,2025-02-01
OPP-0006123,Closed Lost,2025-02-02
OPP-0006124,Open,2025-02-09
OPP-0006124,Negotiation,2025-02-17
OPP-0006124,Closed Won,2025-03-01
OPP-0006136,Open,2025-01-23
OPP-0006136,Negotiation,2025-01-27
OPP-0006136,Closed Won,2025-02-01
OPP-0006137,Open,2025-01-17
OPP-0006137,Negotiation,2025-01-22
OPP-0006137,Closed Won,2025-03-01
OPP-0006146,SAL,2025-01-18
OPP-0006146,SQO,2025-02-04
OPP-0006146,Proposal/Negotiation,2025-02-05
OPP-0006146,Closed Lost,2025-02-10
OPP-0006147,SAL,2025-01-18
OPP-0006147,SQO,2025-01-25
OPP-0006147,Proposal/Negotiation,2025-02-18
OPP-0006147,Closed Lost,2025-02-20
OPP-0006148,SAL,2025-02-17
OPP-0006148,SQO,2025-02-22
OPP-0006148,POC,2025-03-24
OPP-0006148,Proposal/Negotiation,2025-04-12
OPP-0006148,Closed Lost,2025-05-13
OPP-0006149,Open,2025-01-13
OPP-0006149,Negotiation,2025-02-14
OPP-0006149,Closed Won,2025-04-01
OPP-0006155,SAL,2025-01-26
OPP-0006155,SQO,2025-02-01
OPP-0006155,Proposal/Negotiation,2025-02-04
OPP-0006155,Closed Lost,2025-02-14
OPP-0006156,SAL,2025-01-13
OPP-0006156,SQO,2025-01-24
OPP-0006156,POC,2025-02-04
OPP-0006156,Proposal/Negotiation,2025-02-23
OPP-0006156,Closed Lost,2025-03-26
OPP-0006165,Open,2025-01-22
OPP-0006165,Negotiation,2025-02-01
OPP-0006165,Closed Won,2025-02-01
OPP-0006166,SAL,2025-01-19
OPP-0006166,SQO,2025-01-21
OPP-0006166,Proposal/Negotiation,2025-01-24
OPP-0006166,Closed Lost,2025-01-28
OPP-0006167,SAL,2025-01-16
OPP-0006167,SQO,2025-01-23
OPP-0006167,Proposal/Negotiation,2025-01-27
OPP-0006167,Closed Lost,2025-01-27
OPP-0006168,SAL,2025-03-25
OPP-0006168,SQO,2025-04-01
OPP-0006168,POC,2025-05-09
OPP-0006168,Proposal/Negotiation,2025-05-11
OPP-0006168,Closed Lost,2025-06-26
OPP-0006169,SAL,2025-01-15
OPP-0006169,SQO,2025-02-22
OPP-0006169,POC,2025-03-18
OPP-0006169,Proposal/Negotiation,2025-03-25
OPP-0006169,Closed Won,2025-04-02
OPP-0006178,Open,2025-01-21
OPP-0006178,Negotiation,2025-01-25
OPP-0006178,Closed Won,2025-02-01
OPP-0006179,SAL,2025-02-02
OPP-0006179,SQO,2025-02-11
OPP-0006179,Proposal/Negotiation,2025-02-13
OPP-0006179,Closed Lost,2025-02-20
OPP-0006180,SAL,2025-01-16
OPP-0006180,SQO,2025-01-24
OPP-0006180,Proposal/Negotiation,2025-01-25
OPP-0006180,Closed Won,2025-02-18
OPP-0006188,Open,2025-01-27
OPP-0006188,Negotiation,2025-01-29
OPP-0006188,Closed Won,2025-02-01
OPP-0006189,Open,2025-01-19
OPP-0006189,Negotiation,2025-01-26
OPP-0006189,Closed Won,2025-02-01
OPP-0006190,Open,2025-01-27
OPP-0006190,Negotiation,2025-01-31
OPP-0006190,Closed Won,2025-02-01
OPP-0006191,SAL,2025-01-18
OPP-0006191,SQO,2025-02-05
OPP-0006191,Proposal/Negotiation,2025-02-12
OPP-0006191,Closed Lost,2025-02-25
OPP-0006192,SAL,2025-01-25
OPP-0006192,SQO,2025-01-30
OPP-0006192,Proposal/Negotiation,2025-02-01
OPP-0006192,Closed Lost,2025-02-12
OPP-0006193,SAL,2025-01-27
OPP-0006193,SQO,2025-01-27
OPP-0006193,SAL,2025-02-01
OPP-0006193,Proposal/Negotiation,2025-02-10
OPP-0006193,Closed Lost,2025-02-26
OPP-0006194,SAL,2025-01-20
OPP-0006194,SQO,2025-02-07
OPP-0006194,POC,2025-03-20
OPP-0006194,Proposal/Negotiation,2025-03-30
OPP-0006194,Closed Lost,2025-05-11
OPP-0006195,SAL,2025-01-18
OPP-0006195,SQO,2025-01-31
OPP-0006195,Proposal/Negotiation,2025-02-10
OPP-0006195,Closed Won,2025-02-11
OPP-0006205,Open,2025-01-27
OPP-0006205,Negotiation,2025-01-29
OPP-0006205,Closed Won,2025-02-01
OPP-0006206,Open,2025-01-18
OPP-0006206,Negotiation,2025-01-31
OPP-0006206,Closed Won,2025-02-01
OPP-0006207,Open,2025-01-23
OPP-0006207,Negotiation,2025-01-27
OPP-0006207,Closed Won,2025-02-01
OPP-0006208,SAL,2025-02-06
OPP-0006208,SQO,2025-02-27
OPP-0006208,POC,2025-05-09
OPP-0006208,Proposal/Negotiation,2025-06-09
OPP-0006208,Closed Lost,2025-06-09
OPP-0006209,Open,2025-02-24
OPP-0006209,Negotiation,2025-04-09
OPP-0006209,Closed Won,2025-04-13
OPP-0006210,Open,2025-01-24
OPP-0006210,Negotiation,2025-02-08
OPP-0006210,Closed Won,2025-02-20
OPP-0006219,Open,2025-01-20
OPP-0006219,Negotiation,2025-01-29
OPP-0006219,Closed Won,2025-02-01
OPP-0006220,Open,2025-01-20
OPP-0006220,Negotiation,2025-02-20
OPP-0006220,Closed Won,2025-03-01
OPP-0006221,Open,2025-01-27
OPP-0006221,Negotiation,2025-02-20
OPP-0006221,Closed Won,2025-03-01
OPP-0006222,SAL,2025-01-21
OPP-0006222,SQO,2025-01-22
OPP-0006222,POC,2025-06-24
OPP-0006222,Proposal/Negotiation,2025-06-29
OPP-0006222,Closed Lost,2025-07-10
OPP-0006223,Open,2025-01-24
OPP-0006223,Negotiation,2025-03-02
OPP-0006223,Closed Won,2025-03-27
OPP-0006224,Open,2025-01-21
OPP-0006224,Negotiation,2025-02-03
OPP-0006224,Closed Won,2025-03-01
OPP-0006225,SAL,2025-01-18
OPP-0006225,SQO,2025-01-30
OPP-0006225,Proposal/Negotiation,2025-02-11
OPP-0006225,Closed Won,2025-02-20
OPP-0006226,SAL,2025-01-19
OPP-0006226,SQO,2025-01-21
OPP-0006226,Proposal/Negotiation,2025-01-28
OPP-0006226,Closed Won,2025-02-01
OPP-0006231,Open,2025-02-01
OPP-0006231,Negotiation,2025-02-21
OPP-0006231,Closed Won,2025-03-01
OPP-0006240,Open,2025-02-02
OPP-0006240,Negotiation,2025-02-14
OPP-0006240,Closed Won,2025-03-01
OPP-0006241,Open,2025-02-26
OPP-0006241,Negotiation,2025-04-02
OPP-0006241,Closed Won,2025-04-07
OPP-0006242,SAL,2025-01-20
OPP-0006242,SQO,2025-01-30
OPP-0006242,Proposal/Negotiation,2025-01-30
OPP-0006242,Closed Won,2025-02-03
OPP-0006248,Open,2025-02-09
OPP-0006248,Negotiation,2025-02-23
OPP-0006248,Closed Won,2025-03-01
OPP-0006249,SAL,2025-01-23
OPP-0006249,SQO,2025-02-06
OPP-0006249,Proposal/Negotiation,2025-02-06
OPP-0006249,Closed Lost,2025-02-10
OPP-0006250,Open,2025-02-22
OPP-0006250,Negotiation,2025-03-09
OPP-0006250,Closed Won,2025-03-28
OPP-0006251,Open,2025-02-06
OPP-0006251,Negotiation,2025-02-20
OPP-0006251,Closed Won,2025-04-01
OPP-0006263,Open,2025-02-20
OPP-0006263,Negotiation,2025-02-28
OPP-0006263,Closed Won,2025-03-01
OPP-0006264,Open,2025-01-25
OPP-0006264,Negotiation,2025-02-14
OPP-0006264,Closed Won,2025-03-01
OPP-0006265,SAL,2025-02-03
OPP-0006265,SQO,2025-02-04
OPP-0006265,Proposal/Negotiation,2025-02-19
OPP-0006265,Closed Lost,2025-02-20
OPP-0006266,SAL,2025-02-14
OPP-0006266,SQO,2025-02-14
OPP-0006266,Proposal/Negotiation,2025-02-18
OPP-0006266,Closed Lost,2025-03-06
OPP-0006278,Open,2025-01-27
OPP-0006278,Negotiation,2025-02-11
OPP-0006278,Closed Won,2025-03-01
OPP-0006279,Open,2025-01-31
OPP-0006279,Negotiation,2025-02-04
OPP-0006279,Closed Won,2025-03-01
OPP-0006280,SAL,2025-02-02
OPP-0006280,SQO,2025-02-05
OPP-0006280,POC,2025-03-13
OPP-0006280,Proposal/Negotiation,2025-03-25
OPP-0006280,Closed Won,2025-04-04
OPP-0006281,SAL,2025-01-28
OPP-0006281,SQO,2025-02-18
OPP-0006281,Proposal/Negotiation,2025-02-22
OPP-0006281,Closed Won,2025-02-27
OPP-0006288,Open,2025-01-29
OPP-0006288,Negotiation,2025-02-06
OPP-0006288,Closed Won,2025-03-01
OPP-0006289,SAL,2025-01-26
OPP-0006289,SQO,2025-01-28
OPP-0006289,Proposal/Negotiation,2025-02-18
OPP-0006289,Closed Lost,2025-02-20
OPP-0006290,SAL,2025-02-07
OPP-0006290,SQO,2025-02-14
OPP-0006290,Proposal/Negotiation,2025-02-15
OPP-0006290,Closed Lost,2025-03-05
OPP-0006291,Open,2025-02-22
OPP-0006291,Negotiation,2025-03-01
OPP-0006291,Closed Won,2025-03-08
OPP-0006292,Open,2025-01-28
OPP-0006292,Negotiation,2025-02-16
OPP-0006292,Closed Lost,2025-04-01
OPP-0006293,Open,2025-03-13
OPP-0006293,Negotiation,2025-03-26
OPP-0006293,Closed Won,2025-04-01
OPP-0006299,Open,2025-02-11
OPP-0006299,Negotiation,2025-02-13
OPP-0006299,Closed Won,2025-03-01
OPP-0006300,SAL,2025-02-02
OPP-0006300,SQO,2025-02-09
OPP-0006300,SAL,2025-02-19
OPP-0006300,POC,2025-02-23
OPP-0006300,Proposal/Negotiation,2025-03-12
OPP-0006300,Closed Lost,2025-04-08
OPP-0006301,Open,2025-02-01
OPP-0006301,Negotiation,2025-02-12
OPP-0006301,Closed Lost,2025-03-10
OPP-0006302,Open,2025-02-04
OPP-0006302,Negotiation,2025-02-18
OPP-0006302,Closed Won,2025-03-01
OPP-0006306,SAL,2025-01-28
OPP-0006306,SQO,2025-02-01
OPP-0006306,Proposal/Negotiation,2025-02-07
OPP-0006306,Closed Lost,2025-02-15
OPP-0006307,SAL,2025-02-01
OPP-0006307,SQO,2025-02-03
OPP-0006307,Proposal/Negotiation,2025-02-21
OPP-0006307,Closed Lost,2025-03-10
OPP-0006308,SAL,2025-01-30
OPP-0006308,SQO,2025-02-05
OPP-0006308,Proposal/Negotiation,2025-02-05
OPP-0006308,Closed Lost,2025-03-05
OPP-0006309,SAL,2025-02-02
OPP-0006309,SQO,2025-02-02
OPP-0006309,Proposal/Negotiation,2025-02-09
OPP-0006309,Closed Won,2025-02-10
OPP-0006316,Open,2025-02-19
OPP-0006316,Negotiation,2025-02-20
OPP-0006316,Closed Won,2025-03-01
OPP-0006317,Open,2025-02-03
OPP-0006317,Negotiation,2025-02-14
OPP-0006317,Closed Won,2025-03-01
OPP-0006318,SAL,2025-02-04
OPP-0006318,SQO,2025-02-13
OPP-0006318,Proposal/Negotiation,2025-02-21
OPP-0006318,Closed Lost,2025-02-26
OPP-0006319,SAL,2025-02-06
OPP-0006319,SQO,2025-02-26
OPP-0006319,Proposal/Negotiation,2025-02-27
OPP-0006319,Closed Lost,2025-03-02
OPP-0006320,SAL,2025-02-17
OPP-0006320,SQO,2025-02-19
OPP-0006320,Proposal/Negotiation,2025-02-22
OPP-0006320,Closed Lost,2025-02-24
OPP-0006321,Open,2025-02-12
OPP-0006321,Negotiation,2025-03-05
OPP-0006321,Closed Won,2025-03-22
OPP-0006326,Open,2025-02-02
OPP-0006326,Negotiation,2025-02-21
OPP-0006326,Closed Won,2025-03-01
OPP-0006327,Open,2025-02-09
OPP-0006327,Negotiation,2025-02-19
OPP-0006327,Closed Won,2025-03-01
OPP-0006328,SAL,2025-02-21
OPP-0006328,SQO,2025-02-23
OPP-0006328,Proposal/Negotiation,2025-03-03
OPP-0006328,Closed Lost,2025-03-05
OPP-0006329,Open,2025-02-12
OPP-0006329,Negotiation,2025-02-14
OPP-0006329,Closed Won,2025-03-01
OPP-0006330,Open,2025-02-15
OPP-0006330,Negotiation,2025-02-22
OPP-0006330,Closed Won,2025-03-01
OPP-0006331,SAL,2025-02-27
OPP-0006331,SQO,2025-03-01
OPP-0006331,POC,2025-04-23
OPP-0006331,Proposal/Negotiation,2025-05-09
OPP-0006331,Closed Lost,2025-05-16
OPP-0006332,SAL,2025-02-04
OPP-0006332,SQO,2025-02-04
OPP-0006332,SAL,2025-02-08
OPP-0006332,POC,2025-04-29
OPP-0006332,Proposal/Negotiation,2025-05-06
OPP-0006332,Closed Lost,2025-06-05
OPP-0006333,Open,2025-03-14
OPP-0006333,Negotiation,2025-03-22
OPP-0006333,Closed Won,2025-04-22
OPP-0006334,Open,2025-02-09
OPP-0006334,Negotiation,2025-03-08
OPP-0006334,Closed Won,2025-03-13
OPP-0006335,Open,2025-02-05
OPP-0006335,Negotiation,2025-02-26
OPP-0006335,Closed Won,2025-03-01
OPP-0006336,Open,2025-02-05
OPP-0006336,Negotiation,2025-03-29
OPP-0006336,Closed Lost,2025-04-01
OPP-0006337,Open,2025-02-14
OPP-0006337,Negotiation,2025-02-15
OPP-0006337,Closed Won,2025-03-01
OPP-0006338,Open,2025-03-18
OPP-0006338,Negotiation,2025-03-29
OPP-0006338,Closed Won,2025-04-01
OPP-0006339,Open,2025-02-05
OPP-0006339,Negotiation,2025-02-10
OPP-0006339,Closed Won,2025-03-01
OPP-0006340,SAL,2025-02-07
OPP-0006340,SQO,2025-02-18
OPP-0006340,Proposal/Negotiation,2025-02-21
OPP-0006340,Closed Lost,2025-02-28
OPP-0006341,SAL,2025-02-03
OPP-0006341,SQO,2025-02-16
OPP-0006341,Proposal/Negotiation,2025-02-22
OPP-0006341,Closed Lost,2025-03-02
OPP-0006342,SAL,2025-02-11
OPP-0006342,SQO,2025-02-15
OPP-0006342,Proposal/Negotiation,2025-02-17
OPP-0006342,Closed Lost,2025-03-04
OPP-0006343,Open,2025-02-05
OPP-0006343,Negotiation,2025-03-08
OPP-0006343,Closed Won,2025-03-08
OPP-0006344,SAL,2025-02-23
OPP-0006344,SQO,2025-02-26
OPP-0006344,Proposal/Negotiation,2025-03-05
OPP-0006344,Closed Won,2025-03-13
OPP-0006352,Open,2025-02-15
OPP-0006352,Negotiation,2025-02-22
OPP-0006352,Closed Won,2025-03-01
OPP-0006353,SAL,2025-02-14
OPP-0006353,SQO,2025-02-17
OPP-0006353,Proposal/Negotiation,2025-02-25
OPP-0006353,Closed Lost,2025-02-27
OPP-0006354,Open,2025-02-09
OPP-0006354,Negotiation,2025-04-02
OPP-0006354,Closed Won,2025-04-08
OPP-0006355,Open,2025-03-14
OPP-0006355,Negotiation,2025-03-31
OPP-0006355,Closed Won,2025-04-07
OPP-0006359,Open,2025-02-18
OPP-0006359,Negotiation,2025-02-22
OPP-0006359,Closed Won,2025-03-01
OPP-0006360,SAL,2025-02-16
OPP-0006360,SQO,2025-02-26
OPP-0006360,Proposal/Negotiation,2025-03-03
OPP-0006360,Closed Lost,2025-03-05
OPP-0006361,SAL,2025-02-14
OPP-0006361,SQO,2025-02-17
OPP-0006361,Proposal/Negotiation,2025-03-17
OPP-0006361,Closed Lost,2025-03-19
OPP-0006362,SAL,2025-02-16
OPP-0006362,SQO,2025-03-01
OPP-0006362,Proposal/Negotiation,2025-03-03
OPP-0006362,Closed Lost,2025-03-08
OPP-0006363,SAL,2025-02-08
OPP-0006363,SQO,2025-02-11
OPP-0006363,Proposal/Negotiation,2025-02-14
OPP-0006363,Closed Lost,2025-02-22
OPP-0006364,Open,2025-02-10
OPP-0006364,Negotiation,2025-02-22
OPP-0006364,Closed Won,2025-04-01
OPP-0006372,Open,2025-02-07
OPP-0006372,Negotiation,2025-02-24
OPP-0006372,Closed Won,2025-03-01
OPP-0006373,Open,2025-02-21
OPP-0006373,Negotiation,2025-03-01
OPP-0006373,Closed Won,2025-03-01
OPP-0006374,SAL,2025-02-09
OPP-0006374,SQO,2025-02-23
OPP-0006374,Proposal/Negotiation,2025-03-03
OPP-0006374,Closed Lost,2025-03-09
OPP-0006375,SAL,2025-03-04
OPP-0006375,SQO,2025-03-09
OPP-0006375,POC,2025-04-15
OPP-0006375,Proposal/Negotiation,2025-06-14
OPP-0006375,Closed Lost,2025-06-19
OPP-0006376,Open,2025-03-03
OPP-0006376,Negotiation,2025-03-30
OPP-0006376,Closed Won,2025-05-01
OPP-0006383,Open,2025-02-09
OPP-0006383,Negotiation,2025-02-15
OPP-0006383,Closed Won,2025-03-01
OPP-0006384,Open,2025-02-09
OPP-0006384,Negotiation,2025-02-15
OPP-0006384,Closed Won,2025-03-01
OPP-0006385,Open,2025-03-09
OPP-0006385,Negotiation,2025-04-30
OPP-0006385,Closed Won,2025-05-01
OPP-0006386,SAL,2025-02-10
OPP-0006386,SQO,2025-02-12
OPP-0006386,POC,2025-03-23
OPP-0006386,Proposal/Negotiation,2025-04-03
OPP-0006386,Closed Won,2025-04-06
OPP-0006401,Open,2025-03-04
OPP-0006401,Negotiation,2025-04-23
OPP-0006401,Closed Won,2025-05-03
OPP-0006408,SAL,2025-02-28
OPP-0006408,SQO,2025-03-15
OPP-0006408,Proposal/Negotiation,2025-03-17
OPP-0006408,Closed Lost,2025-03-19
OPP-0006409,SAL,2025-02-13
OPP-0006409,SQO,2025-03-12
OPP-0006409,POC,2025-04-18
OPP-0006409,Proposal/Negotiation,2025-05-06
OPP-0006409,Closed Lost,2025-05-11
OPP-0006410,Open,2025-03-26
OPP-0006410,Negotiation,2025-04-08
OPP-0006410,Closed Lost,2025-04-14
OPP-0006414,SAL,2025-03-05
OPP-0006414,SQO,2025-03-12
OPP-0006414,Proposal/Negotiation,2025-03-18
OPP-0006414,SAL,2025-03-19
OPP-0006414,Closed Lost,2025-03-20
OPP-0006415,SAL,2025-02-17
OPP-0006415,SQO,2025-02-19
OPP-0006415,Proposal/Negotiation,2025-02-27
OPP-0006415,Closed Lost,2025-02-28
OPP-0006416,SAL,2025-02-23
OPP-0006416,SQO,2025-03-01
OPP-0006416,Proposal/Negotiation,2025-03-10
OPP-0006416,Closed Won,2025-03-11
OPP-0006421,Open,2025-02-13
OPP-0006421,Negotiation,2025-02-20
OPP-0006421,Closed Won,2025-03-01
OPP-0006422,SAL,2025-02-14
OPP-0006422,SQO,2025-02-20
OPP-0006422,Proposal/Negotiation,2025-02-25
OPP-0006422,Closed Lost,2025-02-25
OPP-0006423,Open,2025-03-23
OPP-0006423,Negotiation,2025-03-30
OPP-0006423,Closed Won,2025-04-12
OPP-0006424,Open,2025-02-10
OPP-0006424,Negotiation,2025-03-12
OPP-0006424,Closed Won,2025-04-12
OPP-0006425,Open,2025-02-22
OPP-0006425,Negotiation,2025-02-28
OPP-0006425,Closed Won,2025-04-01
OPP-0006429,Open,2025-02-20
OPP-0006429,Negotiation,2025-02-25
OPP-0006429,Closed Won,2025-03-01
OPP-0006437,Open,2025-02-13
OPP-0006437,Negotiation,2025-02-28
OPP-0006437,Closed Won,2025-03-01
OPP-0006438,Open,2025-02-14
OPP-0006438,Negotiation,2025-02-18
OPP-0006438,Closed Won,2025-03-01
OPP-0006439,Open,2025-02-12
OPP-0006439,Negotiation,2025-02-15
OPP-0006439,Closed Won,2025-05-01
OPP-0006442,Open,2025-02-12
OPP-0006442,Negotiation,2025-02-27
OPP-0006442,Closed Won,2025-03-01
OPP-0006443,Open,2025-04-15
OPP-0006443,Negotiation,2025-04-28
OPP-0006443,Closed Won,2025-05-01
OPP-0006455,SAL,2025-02-17
OPP-0006455,SQO,2025-02-18
OPP-0006455,Proposal/Negotiation,2025-03-04
OPP-0006455,Closed Lost,2025-03-10
OPP-0006456,SAL,2025-03-01
OPP-0006456,SQO,2025-03-10
OPP-0006456,Proposal/Negotiation,2025-03-24
OPP-0006456,Closed Lost,2025-03-28
OPP-0006457,Open,2025-02-17
OPP-0006457,Negotiation,2025-02-21
OPP-0006457,Closed Won,2025-04-25
OPP-0006458,SAL,2025-02-28
OPP-0006458,SQO,2025-02-28
OPP-0006458,Proposal/Negotiation,2025-03-17
OPP-0006458,Closed Won,2025-03-27
OPP-0006463,Open,2025-02-15
OPP-0006463,Negotiation,2025-02-18
OPP-0006463,Closed Won,2025-03-01
OPP-0006464,SAL,2025-03-05
OPP-0006464,SQO,2025-03-08
OPP-0006464,Proposal/Negotiation,2025-03-11
OPP-0006464,Closed Lost,2025-03-16
OPP-0006465,Open,2025-02-17
OPP-0006465,Negotiation,2025-03-26
OPP-0006465,Closed Lost,2025-04-01
OPP-0006466,Open,2025-03-06
OPP-0006466,Negotiation,2025-03-07
OPP-0006466,Closed Won,2025-04-01
OPP-0006467,Open,2025-02-28
OPP-0006467,Negotiation,2025-03-02
OPP-0006467,Closed Won,2025-04-01
OPP-0006472,Open,2025-02-18
OPP-0006472,Negotiation,2025-03-12
OPP-0006472,Closed Won,2025-04-01
OPP-0006473,Open,2025-02-17
OPP-0006473,Negotiation,2025-02-18
OPP-0006473,Closed Won,2025-03-01
OPP-0006474,Open,2025-03-06
OPP-0006474,Negotiation,2025-03-09
OPP-0006474,Closed Won,2025-04-01
OPP-0006475,Open,2025-03-03
OPP-0006475,Negotiation,2025-03-20
OPP-0006475,Closed Won,2025-04-01
OPP-0006476,SAL,2025-03-06
OPP-0006476,SQO,2025-03-10
OPP-0006476,Proposal/Negotiation,2025-03-10
OPP-0006476,Closed Lost,2025-03-16
OPP-0006477,SAL,2025-02-22
OPP-0006477,SQO,2025-02-22
OPP-0006477,Proposal/Negotiation,2025-02-28
OPP-0006477,Closed Lost,2025-03-04
OPP-0006478,Open,2025-03-17
OPP-0006478,Negotiation,2025-04-09
OPP-0006478,Closed Won,2025-05-01
OPP-0006488,Open,2025-03-04
OPP-0006488,Negotiation,2025-03-25
OPP-0006488,Closed Won,2025-05-01
OPP-0006494,SAL,2025-02-18
OPP-0006494,SQO,2025-02-24
OPP-0006494,Proposal/Negotiation,2025-02-25
OPP-0006494,Closed Lost,2025-03-03
OPP-0006495,SAL,2025-02-23
OPP-0006495,SQO,2025-03-28
OPP-0006495,POC,2025-04-08
OPP-0006495,SAL,2025-04-08
OPP-0006495,Proposal/Negotiation,2025-04-16
OPP-0006495,Closed Lost,2025-05-08
OPP-0006496,Open,2025-02-24
OPP-0006496,Negotiation,2025-03-04
OPP-0006496,Closed Won,2025-03-26
OPP-0006507,SAL,2025-02-27
OPP-0006507,SQO,2025-03-06
OPP-0006507,Proposal/Negotiation,2025-03-08
OPP-0006507,Closed Lost,2025-03-08
OPP-0006508,SAL,2025-02-22
OPP-0006508,SQO,2025-02-22
OPP-0006508,Proposal/Negotiation,2025-03-05
OPP-0006508,Closed Lost,2025-03-06
OPP-0006509,SAL,2025-03-09
OPP-0006509,SQO,2025-03-17
OPP-0006509,POC,2025-04-23
OPP-0006509,Proposal/Negotiation,2025-05-08
OPP-0006509,Closed Lost,2025-05-27
OPP-0006510,SAL,2025-03-13
OPP-0006510,SQO,2025-03-14
OPP-0006510,Proposal/Negotiation,2025-03-20
OPP-0006510,Closed Won,2025-03-22
OPP-0006517,Open,2025-03-09
OPP-0006517,Negotiation,2025-03-09
OPP-0006517,Closed Won,2025-04-01
OPP-0006518,Open,2025-02-22
OPP-0006518,Negotiation,2025-03-16
OPP-0006518,Closed Won,2025-04-01
OPP-0006519,SAL,2025-03-02
OPP-0006519,SQO,2025-03-03
OPP-0006519,Proposal/Negotiation,2025-03-03
OPP-0006519,Closed Lost,2025-03-09
OPP-0006520,Open,2025-02-26
OPP-0006520,Negotiation,2025-03-28
OPP-0006520,Closed Won,2025-04-01
OPP-0006521,Open,2025-02-22
OPP-0006521,Negotiation,2025-03-06
OPP-0006521,Closed Won,2025-04-01
OPP-0006522,Open,2025-02-28
OPP-0006522,Negotiation,2025-03-13
OPP-0006522,Closed Won,2025-04-01
OPP-0006525,Open,2025-03-12
OPP-0006525,Negotiation,2025-03-25
OPP-0006525,Closed Won,2025-04-01
OPP-0006526,Open,2025-03-03
OPP-0006526,Negotiation,2025-03-26
OPP-0006526,Closed Won,2025-04-01
OPP-0006527,SAL,2025-02-23
OPP-0006527,SQO,2025-03-08
OPP-0006527,Proposal/Negotiation,2025-03-08
OPP-0006527,Closed Lost,2025-03-11
OPP-0006528,SAL,2025-02-27
OPP-0006528,SQO,2025-02-28
OPP-0006528,Proposal/Negotiation,2025-03-03
OPP-0006528,Closed Lost,2025-03-10
OPP-0006529,Open,2025-03-31
OPP-0006529,Negotiation,2025-04-07
OPP-0006529,Closed Won,2025-04-28
OPP-0006544,SAL,2025-03-09
OPP-0006544,SQO,2025-03-23
OPP-0006544,Proposal/Negotiation,2025-03-27
OPP-0006544,Closed Lost,2025-04-08
OPP-0006545,SAL,2025-02-26
OPP-0006545,SQO,2025-03-06
OPP-0006545,Proposal/Negotiation,2025-03-07
OPP-0006545,Closed Lost,2025-03-25
OPP-0006546,Open,2025-03-16
OPP-0006546,Negotiation,2025-03-18
OPP-0006546,Closed Won,2025-03-27
OPP-0006556,Open,2025-03-14
OPP-0006556,Negotiation,2025-03-20
OPP-0006556,Closed Won,2025-04-01
OPP-0006557,Open,2025-03-11
OPP-0006557,Negotiation,2025-03-26
OPP-0006557,Closed Won,2025-04-01
OPP-0006558,SAL,2025-03-05
OPP-0006558,SQO,2025-03-23
OPP-0006558,POC,2025-05-02
OPP-0006558,Proposal/Negotiation,2025-06-21
OPP-0006558,Closed Won,2025-07-01
OPP-0006563,Open,2025-03-04
OPP-0006563,Negotiation,2025-03-22
OPP-0006563,Closed Won,2025-04-01
OPP-0006571,Open,2025-03-27
OPP-0006571,Negotiation,2025-04-04
OPP-0006571,Closed Won,2025-04-09
OPP-0006572,Open,2025-03-09
OPP-0006572,Negotiation,2025-03-27
OPP-0006572,Closed Won,2025-05-01
OPP-0006579,SAL,2025-03-20
OPP-0006579,SQO,2025-03-25
OPP-0006579,SAL,2025-03-28
OPP-0006579,Proposal/Negotiation,2025-04-02
OPP-0006579,Closed Lost,2025-04-03
OPP-0006580,Open,2025-03-16
OPP-0006580,Negotiation,2025-04-08
OPP-0006580,Closed Won,2025-05-01
OPP-0006581,SAL,2025-03-01
OPP-0006581,SQO,2025-03-06
OPP-0006581,Proposal/Negotiation,2025-03-12
OPP-0006581,Closed Won,2025-03-13
OPP-0006591,Open,2025-03-19
OPP-0006591,Negotiation,2025-04-01
OPP-0006591,Closed Won,2025-04-01
OPP-0006592,SAL,2025-03-07
OPP-0006592,SQO,2025-03-11
OPP-0006592,Proposal/Negotiation,2025-03-12
OPP-0006592,Closed Lost,2025-03-14
OPP-0006593,Open,2025-03-22
OPP-0006593,Negotiation,2025-04-06
OPP-0006593,Closed Won,2025-05-01
OPP-0006594,Open,2025-04-02
OPP-0006594,Negotiation,2025-04-30
OPP-0006594,Closed Won,2025-05-01
OPP-0006607,SAL,2025-03-25
OPP-0006607,SQO,2025-04-02
OPP-0006607,POC,2025-08-02
OPP-0006607,Proposal/Negotiation,2025-08-06
OPP-0006607,Closed Lost,2025-08-06
OPP-0006608,SAL,2025-03-09
OPP-0006608,SQO,2025-05-26
OPP-0006608,POC,2025-07-25
OPP-0006608,Proposal/Negotiation,2025-07-27
OPP-0006608,Closed Lost,2025-08-06
OPP-0006609,SAL,2025-03-14
OPP-0006609,SQO,2025-03-15
OPP-0006609,POC,2025-04-21
OPP-0006609,Proposal/Negotiation,2025-04-28
OPP-0006609,Closed Lost,2025-05-13
OPP-0006610,Open,2025-04-18
OPP-0006610,Negotiation,2025-04-28
OPP-0006610,Closed Won,2025-05-01
OPP-0006615,Open,2025-03-16
OPP-0006615,Negotiation,2025-03-20
OPP-0006615,Closed Won,2025-04-01
OPP-0006616,Open,2025-03-07
OPP-0006616,Negotiation,2025-03-12
OPP-0006616,Closed Won,2025-04-01
OPP-0006617,SAL,2025-03-04
OPP-0006617,SQO,2025-03-06
OPP-0006617,Proposal/Negotiation,2025-03-08
OPP-0006617,Closed Lost,2025-03-17
OPP-0006618,SAL,2025-03-09
OPP-0006618,SQO,2025-03-11
OPP-0006618,POC,2025-04-09
OPP-0006618,Proposal/Negotiation,2025-05-18
OPP-0006618,Closed Won,2025-06-27
OPP-0006623,SAL,2025-03-14
OPP-0006623,SQO,2025-04-27
OPP-0006623,POC,2025-06-03
OPP-0006623,Proposal/Negotiation,2025-06-06
OPP-0006623,Closed Lost,2025-06-13
OPP-0006624,Open,2025-05-03
OPP-0006624,Negotiation,2025-05-07
OPP-0006624,Closed Lost,2025-05-27
OPP-0006625,Open,2025-03-03
OPP-0006625,Negotiation,2025-03-15
OPP-0006625,Closed Won,2025-04-17
OPP-0006626,Open,2025-05-06
OPP-0006626,Negotiation,2025-05-27
OPP-0006626,Closed Won,2025-05-28
OPP-0006627,SAL,2025-03-29
OPP-0006627,SQO,2025-04-02
OPP-0006627,POC,2025-07-03
OPP-0006627,Proposal/Negotiation,2025-08-02
OPP-0006627,Closed Won,2025-08-13
OPP-0006636,Open,2025-03-14
OPP-0006636,Negotiation,2025-03-30
OPP-0006636,Closed Won,2025-04-01
OPP-0006637,SAL,2025-03-10
OPP-0006637,SQO,2025-03-19
OPP-0006637,Proposal/Negotiation,2025-03-20
OPP-0006637,Closed Lost,2025-03-28
OPP-0006641,SAL,2025-03-11
OPP-0006641,SQO,2025-03-13
OPP-0006641,Proposal/Negotiation,2025-03-17
OPP-0006641,Closed Lost,2025-03-18
OPP-0006642,Open,2025-03-13
OPP-0006642,Negotiation,2025-04-07
OPP-0006642,Closed Won,2025-04-11
OPP-0006643,Open,2025-05-05
OPP-0006643,Negotiation,2025-05-24
OPP-0006643,Closed Won,2025-06-01
OPP-0006644,Open,2025-03-26
OPP-0006644,Negotiation,2025-04-28
OPP-0006644,Closed Won,2025-06-01
OPP-0006652,SAL,2025-03-18
OPP-0006652,SQO,2025-03-18
OPP-0006652,Proposal/Negotiation,2025-04-14
OPP-0006652,Closed Lost,2025-04-14
OPP-0006653,SAL,2025-03-24
OPP-0006653,SQO,2025-03-29
OPP-0006653,Proposal/Negotiation,2025-04-06
OPP-0006653,Closed Won,2025-04-12
OPP-0006661,Open,2025-03-27
OPP-0006661,Negotiation,2025-03-29
OPP-0006661,Closed Won,2025-04-01
OPP-0006662,Open,2025-03-14
OPP-0006662,Negotiation,2025-03-23
OPP-0006662,Closed Won,2025-04-01
OPP-0006663,Open,2025-03-29
OPP-0006663,Negotiation,2025-03-31
OPP-0006663,Closed Won,2025-04-08
OPP-0006664,Open,2025-05-24
OPP-0006664,Negotiation,2025-06-01
OPP-0006664,Closed Won,2025-06-01
OPP-0006665,Open,2025-03-07
OPP-0006665,Negotiation,2025-04-06
OPP-0006665,Closed Won,2025-05-01
OPP-0006674,SAL,2025-03-11
OPP-0006674,SQO,2025-04-01
OPP-0006674,Proposal/Negotiation,2025-04-12
OPP-0006674,Closed Lost,2025-04-17
OPP-0006675,Open,2025-04-11
OPP-0006675,Negotiation,2025-04-15
OPP-0006675,Closed Won,2025-05-01
OPP-0006685,Open,2025-03-16
OPP-0006685,Negotiation,2025-03-20
OPP-0006685,Closed Won,2025-04-01
OPP-0006686,Open,2025-03-14
OPP-0006686,Negotiation,2025-03-24
OPP-0006686,Closed Won,2025-04-22
OPP-0006687,SAL,2025-03-18
OPP-0006687,SQO,2025-05-07
OPP-0006687,POC,2025-08-02
OPP-0006687,Proposal/Negotiation,2025-08-03
OPP-0006687,Closed Won,2025-08-14
OPP-0006695,Open,2025-03-15
OPP-0006695,Negotiation,2025-03-30
OPP-0006695,Closed Won,2025-04-01
OPP-0006696,Open,2025-03-16
OPP-0006696,Negotiation,2025-03-18
OPP-0006696,Closed Won,2025-04-01
OPP-0006697,SAL,2025-05-11
OPP-0006697,SQO,2025-05-25
OPP-0006697,POC,2025-07-01
OPP-0006697,Proposal/Negotiation,2025-07-05
OPP-0006697,Closed Lost,2025-07-14
OPP-0006702,Open,2025-03-20
OPP-0006702,Negotiation,2025-04-01
OPP-0006702,Closed Won,2025-04-01
OPP-0006703,SAL,2025-03-10
OPP-0006703,SQO,2025-03-14
OPP-0006703,Proposal/Negotiation,2025-03-23
OPP-0006703,Closed Lost,2025-03-26
OPP-0006711,SAL,2025-03-23
OPP-0006711,SQO,2025-03-26
OPP-0006711,Proposal/Negotiation,2025-04-01
OPP-0006711,Closed Lost,2025-04-04
OPP-0006712,SAL,2025-03-23
OPP-0006712,SQO,2025-03-26
OPP-0006712,Proposal/Negotiation,2025-03-29
OPP-0006712,Closed Won,2025-04-05
OPP-0006717,SAL,2025-04-05
OPP-0006717,SQO,2025-04-13
OPP-0006717,Proposal/Negotiation,2025-04-19
OPP-0006717,Closed Lost,2025-04-23
OPP-0006718,Open,2025-04-19
OPP-0006718,Negotiation,2025-04-20
OPP-0006718,Closed Won,2025-05-01
OPP-0006723,SAL,2025-03-16
OPP-0006723,SQO,2025-03-17
OPP-0006723,Proposal/Negotiation,2025-03-20
OPP-0006723,Closed Lost,2025-04-08
OPP-0006724,Open,2025-04-06
OPP-0006724,Negotiation,2025-04-15
OPP-0006724,Closed Won,2025-05-13
OPP-0006725,Open,2025-03-17
OPP-0006725,Negotiation,2025-03-29
OPP-0006725,Closed Lost,2025-05-01
OPP-0006726,Open,2025-03-28
OPP-0006726,Negotiation,2025-04-04
OPP-0006726,Closed Won,2025-04-16
OPP-0006727,Open,2025-03-17
OPP-0006727,Negotiation,2025-03-22
OPP-0006727,Closed Won,2025-05-01
OPP-0006728,Open,2025-04-09
OPP-0006728,Negotiation,2025-04-10
OPP-0006728,Closed Won,2025-06-01
OPP-0006736,SAL,2025-03-14
OPP-0006736,SQO,2025-03-21
OPP-0006736,Proposal/Negotiation,2025-04-04
OPP-0006736,Closed Lost,2025-04-07
OPP-0006737,Open,2025-04-01
OPP-0006737,Negotiation,2025-04-10
OPP-0006737,Closed Won,2025-04-25
OPP-0006740,SAL,2025-03-20
OPP-0006740,SQO,2025-03-23
OPP-0006740,Proposal/Negotiation,2025-04-07
OPP-0006740,Closed Lost,2025-04-09
OPP-0006741,Open,2025-04-27
OPP-0006741,Negotiation,2025-05-15
OPP-0006741,Closed Won,2025-06-01
OPP-0006747,Open,2025-03-22
OPP-0006747,Negotiation,2025-03-28
OPP-0006747,Closed Won,2025-04-01
OPP-0006748,Open,2025-03-21
OPP-0006748,Negotiation,2025-03-29
OPP-0006748,Closed Won,2025-04-01
OPP-0006749,Open,2025-03-20
OPP-0006749,Negotiation,2025-03-23
OPP-0006749,Closed Won,2025-04-01
OPP-0006750,Open,2025-03-19
OPP-0006750,Negotiation,2025-03-27
OPP-0006750,Closed Won,2025-05-29
OPP-0006751,Open,2025-04-22
OPP-0006751,Negotiation,2025-04-25
OPP-0006751,Closed Won,2025-05-01
OPP-0006752,Open,2025-05-25
OPP-0006752,Negotiation,2025-05-29
OPP-0006752,Closed Lost,2025-06-01
OPP-0006753,Open,2025-04-17
OPP-0006753,Negotiation,2025-04-26
OPP-0006753,Closed Won,2025-05-01
OPP-0006759,Open,2025-03-19
OPP-0006759,Negotiation,2025-03-20
OPP-0006759,Closed Won,2025-04-01
OPP-0006760,Open,2025-04-16
OPP-0006760,Negotiation,2025-04-26
OPP-0006760,Closed Won,2025-05-01
OPP-0006761,SAL,2025-03-22
OPP-0006761,SQO,2025-03-27
OPP-0006761,Proposal/Negotiation,2025-03-30
OPP-0006761,Closed Lost,2025-04-11
OPP-0006762,Open,2025-03-17
OPP-0006762,Negotiation,2025-04-02
OPP-0006762,Closed Won,2025-05-01
OPP-0006769,Open,2025-03-30
OPP-0006769,Negotiation,2025-04-24
OPP-0006769,Closed Won,2025-05-01
OPP-0006770,Open,2025-03-20
OPP-0006770,Negotiation,2025-03-22
OPP-0006770,Closed Won,2025-04-01
OPP-0006771,SAL,2025-03-24
OPP-0006771,SQO,2025-04-02
OPP-0006771,Proposal/Negotiation,2025-04-09
OPP-0006771,Closed Lost,2025-04-11
OPP-0006782,SAL,2025-03-27
OPP-0006782,SQO,2025-03-28
OPP-0006782,Proposal/Negotiation,2025-03-29
OPP-0006782,Closed Lost,2025-04-05
OPP-0006783,Open,2025-04-03
OPP-0006783,Negotiation,2025-04-16
OPP-0006783,Closed Won,2025-06-01
OPP-0006784,SAL,2025-03-24
OPP-0006784,SQO,2025-03-25
OPP-0006784,Proposal/Negotiation,2025-03-28
OPP-0006784,Closed Won,2025-04-03
OPP-0006792,SAL,2025-05-17
OPP-0006792,SQO,2025-06-18
OPP-0006792,POC,2025-07-10
OPP-0006792,Proposal/Negotiation,2025-07-13
OPP-0006792,Closed Lost,2025-07-26
OPP-0006793,SAL,2025-04-01
OPP-0006793,SQO,2025-05-10
OPP-0006793,POC,2025-06-28
OPP-0006793,Proposal/Negotiation,2025-07-06
OPP-0006793,Closed Lost,2025-07-06
OPP-0006794,Open,2025-03-21
OPP-0006794,Negotiation,2025-03-26
OPP-0006794,Closed Won,2025-05-01
OPP-0006795,SAL,2025-03-30
OPP-0006795,SQO,2025-04-09
OPP-0006795,Proposal/Negotiation,2025-04-10
OPP-0006795,Closed Won,2025-04-10
OPP-0006804,Open,2025-04-15
OPP-0006804,Negotiation,2025-04-16
OPP-0006804,Closed Won,2025-05-01
OPP-0006805,SAL,2025-03-21
OPP-0006805,SQO,2025-04-06
OPP-0006805,POC,2025-06-27
OPP-0006805,Proposal/Negotiation,2025-07-02
OPP-0006805,Closed Lost,2025-07-03
OPP-0006806,Open,2025-03-21
OPP-0006806,Negotiation,2025-04-14
OPP-0006806,Closed Won,2025-05-01
OPP-0006812,Open,2025-04-09
OPP-0006812,Negotiation,2025-04-18
OPP-0006812,Closed Won,2025-04-27
OPP-0006813,Open,2025-03-30
OPP-0006813,Negotiation,2025-05-06
OPP-0006813,Closed Won,2025-06-01
OPP-0006818,Open,2025-05-20
OPP-0006818,Negotiation,2025-05-31
OPP-0006818,Closed Won,2025-06-01
OPP-0006819,Open,2025-05-22
OPP-0006819,Negotiation,2025-05-26
OPP-0006819,Closed Won,2025-06-01
OPP-0006820,SAL,2025-03-30
OPP-0006820,SQO,2025-04-13
OPP-0006820,POC,2025-05-09
OPP-0006820,Proposal/Negotiation,2025-06-15
OPP-0006820,Closed Won,2025-07-06
OPP-0006821,SAL,2025-03-31
OPP-0006821,SQO,2025-04-02
OPP-0006821,Proposal/Negotiation,2025-04-08
OPP-0006821,Closed Won,2025-05-05
OPP-0006828,Open,2025-04-07
OPP-0006828,Negotiation,2025-04-15
OPP-0006828,Closed Won,2025-05-01
OPP-0006829,Open,2025-04-16
OPP-0006829,Negotiation,2025-04-28
OPP-0006829,Closed Won,2025-05-01
OPP-0006830,SAL,2025-04-14
OPP-0006830,SQO,2025-05-06
OPP-0006830,POC,2025-05-10
OPP-0006830,Proposal/Negotiation,2025-06-21
OPP-0006830,Closed Lost,2025-07-08
OPP-0006831,Open,2025-05-12
OPP-0006831,Negotiation,2025-05-13
OPP-0006831,Closed Lost,2025-06-12
OPP-0006832,SAL,2025-04-08
OPP-0006832,SQO,2025-04-17
OPP-0006832,Proposal/Negotiation,2025-04-20
OPP-0006832,Closed Won,2025-05-08
OPP-0006833,SAL,2025-04-03
OPP-0006833,SQO,2025-04-08
OPP-0006833,Proposal/Negotiation,2025-04-11
OPP-0006833,Closed Won,2025-04-11
OPP-0006834,SAL,2025-03-30
OPP-0006834,SQO,2025-04-07
OPP-0006834,Proposal/Negotiation,2025-04-10
OPP-0006834,Closed Won,2025-04-15
OPP-0006843,Open,2025-04-01
OPP-0006843,Negotiation,2025-04-22
OPP-0006843,Closed Lost,2025-04-26
OPP-0006844,Open,2025-04-13
OPP-0006844,Negotiation,2025-05-03
OPP-0006844,Closed Won,2025-06-01
OPP-0006855,Open,2025-04-05
OPP-0006855,Negotiation,2025-04-17
OPP-0006855,Closed Won,2025-05-01
OPP-0006856,Open,2025-04-24
OPP-0006856,Negotiation,2025-04-25
OPP-0006856,Closed Lost,2025-06-17
OPP-0006857,SAL,2025-03-29
OPP-0006857,SQO,2025-04-09
OPP-0006857,SAL,2025-04-12
OPP-0006857,Proposal/Negotiation,2025-04-27
OPP-0006857,Closed Won,2025-05-02
OPP-0006861,SAL,2025-04-11
OPP-0006861,SQO,2025-04-24
OPP-0006861,POC,2025-05-13
OPP-0006861,Proposal/Negotiation,2025-05-16
OPP-0006861,Closed Lost,2025-07-01
OPP-0006862,Open,2025-05-08
OPP-0006862,Negotiation,2025-05-14
OPP-0006862,Closed Won,2025-05-15
OPP-0006863,SAL,2025-04-01
OPP-0006863,SQO,2025-04-05
OPP-0006863,Proposal/Negotiation,2025-04-15
OPP-0006863,Closed Won,2025-04-25
OPP-0006872,Open,2025-04-02
OPP-0006872,Negotiation,2025-04-26
OPP-0006872,Closed Won,2025-06-01
OPP-0006873,SAL,2025-03-31
OPP-0006873,SQO,2025-04-05
OPP-0006873,Proposal/Negotiation,2025-04-09
OPP-0006873,Closed Lost,2025-04-13
OPP-0006874,Open,2025-04-09
OPP-0006874,Negotiation,2025-04-29
OPP-0006874,Closed Lost,2025-05-01
OPP-0006875,Open,2025-04-05
OPP-0006875,Negotiation,2025-04-12
OPP-0006875,Closed Won,2025-05-01
OPP-0006876,Open,2025-04-06
OPP-0006876,Negotiation,2025-04-18
OPP-0006876,Closed Won,2025-05-01
OPP-0006877,SAL,2025-04-09
OPP-0006877,SQO,2025-05-02
OPP-0006877,Proposal/Negotiation,2025-05-02
OPP-0006877,Closed Lost,2025-05-10
OPP-0006878,SAL,2025-04-16
OPP-0006878,SQO,2025-04-23
OPP-0006878,Proposal/Negotiation,2025-04-25
OPP-0006878,Closed Lost,2025-04-28
OPP-0006879,SAL,2025-04-03
OPP-0006879,SQO,2025-04-14
OPP-0006879,Proposal/Negotiation,2025-04-26
OPP-0006879,Closed Lost,2025-04-27
OPP-0006880,Open,2025-04-02
OPP-0006880,Negotiation,2025-04-10
OPP-0006880,Closed Won,2025-05-01
OPP-0006881,SAL,2025-04-01
OPP-0006881,SQO,2025-05-19
OPP-0006881,SAL,2025-05-26
OPP-0006881,POC,2025-07-22
OPP-0006881,Proposal/Negotiation,2025-07-28
OPP-0006881,Closed Won,2025-08-09
OPP-0006882,SAL,2025-04-06
OPP-0006882,SQO,2025-04-10
OPP-0006882,Proposal/Negotiation,2025-05-08
OPP-0006882,Closed Won,2025-05-09
OPP-0006883,Open,2025-04-01
OPP-0006883,Negotiation,2025-04-29
OPP-0006883,Closed Won,2025-05-01
OPP-0006884,Open,2025-04-24
OPP-0006884,Negotiation,2025-04-30
OPP-0006884,Closed Won,2025-05-01
OPP-0006885,Open,2025-04-19
OPP-0006885,Negotiation,2025-05-17
OPP-0006885,Closed Won,2025-06-06
OPP-0006888,Open,2025-04-22
OPP-0006888,Negotiation,2025-04-25
OPP-0006888,Closed Won,2025-05-01
OPP-0006889,SAL,2025-04-02
OPP-0006889,SQO,2025-04-04
OPP-0006889,Proposal/Negotiation,2025-04-13
OPP-0006889,Closed Lost,2025-04-22
OPP-0006890,SAL,2025-05-06
OPP-0006890,SQO,2025-07-10
OPP-0006890,POC,2025-07-25
OPP-0006890,Proposal/Negotiation,2025-09-03
OPP-0006890,Closed Won,2025-09-06
OPP-0006898,Open,2025-04-22
OPP-0006898,Negotiation,2025-04-29
OPP-0006898,Closed Won,2025-05-01
OPP-0006899,Open,2025-04-05
OPP-0006899,Negotiation,2025-04-18
OPP-0006899,Closed Won,2025-05-01
OPP-0006900,SAL,2025-04-06
OPP-0006900,SQO,2025-04-15
OPP-0006900,Proposal/Negotiation,2025-04-16
OPP-0006900,Closed Lost,2025-05-02
OPP-0006901,SAL,2025-04-07
OPP-0006901,SQO,2025-04-08
OPP-0006901,Proposal/Negotiation,2025-04-13
OPP-0006901,Closed Lost,2025-04-17
OPP-0006902,SAL,2025-04-26
OPP-0006902,SQO,2025-04-27
OPP-0006902,POC,2025-05-12
OPP-0006902,Proposal/Negotiation,2025-06-12
OPP-0006902,Closed Won,2025-06-12
OPP-0006909,SAL,2025-04-07
OPP-0006909,SQO,2025-04-19
OPP-0006909,Proposal/Negotiation,2025-05-04
OPP-0006909,Closed Lost,2025-05-08
OPP-0006917,SAL,2025-04-11
OPP-0006917,SQO,2025-04-15
OPP-0006917,Proposal/Negotiation,2025-04-16
OPP-0006917,Closed Lost,2025-05-01
OPP-0006918,SAL,2025-04-11
OPP-0006918,SQO,2025-05-02
OPP-0006918,POC,2025-07-04
OPP-0006918,Proposal/Negotiation,2025-09-05
OPP-0006918,Closed Lost,2025-09-23
OPP-0006919,SAL,2025-04-18
OPP-0006919,SQO,2025-04-19
OPP-0006919,POC,2025-08-21
OPP-0006919,Proposal/Negotiation,2025-08-22
OPP-0006919,Closed Lost,2025-08-24
OPP-0006920,SAL,2025-04-20
OPP-0006920,SQO,2025-06-02
OPP-0006920,POC,2025-07-30
OPP-0006920,Proposal/Negotiation,2025-08-29
OPP-0006920,Closed Lost,2025-09-12
OPP-0006921,Open,2025-04-11
OPP-0006921,Negotiation,2025-05-05
OPP-0006921,Closed Lost,2025-06-05
OPP-0006926,Open,2025-04-10
OPP-0006926,Negotiation,2025-04-13
OPP-0006926,Closed Won,2025-05-01
OPP-0006927,SAL,2025-04-28
OPP-0006927,SQO,2025-05-09
OPP-0006927,POC,2025-05-20
OPP-0006927,Proposal/Negotiation,2025-05-28
OPP-0006927,Closed Lost,2025-07-02
OPP-0006928,Open,2025-05-05
OPP-0006928,Negotiation,2025-05-08
OPP-0006928,Closed Lost,2025-06-21
OPP-0006936,Open,2025-04-14
OPP-0006936,Negotiation,2025-05-01
OPP-0006936,Closed Won,2025-05-01
OPP-0006937,Open,2025-04-18
OPP-0006937,Negotiation,2025-04-28
OPP-0006937,Closed Won,2025-05-01
OPP-0006938,SAL,2025-04-15
OPP-0006938,SQO,2025-04-27
OPP-0006938,Proposal/Negotiation,2025-05-01
OPP-0006938,Closed Lost,2025-05-22
OPP-0006939,Open,2025-05-19
OPP-0006939,Negotiation,2025-05-25
OPP-0006939,Closed Won,2025-07-03
OPP-0006946,Open,2025-04-15
OPP-0006946,Negotiation,2025-04-17
OPP-0006946,Closed Won,2025-05-01
OPP-0006947,SAL,2025-04-24
OPP-0006947,SQO,2025-05-02
OPP-0006947,Proposal/Negotiation,2025-05-05
OPP-0006947,Closed Lost,2025-05-06
OPP-0006948,SAL,2025-04-09
OPP-0006948,SQO,2025-04-16
OPP-0006948,Proposal/Negotiation,2025-04-24
OPP-0006948,Closed Lost,2025-04-24
OPP-0006949,SAL,2025-04-15
OPP-0006949,SQO,2025-04-26
OPP-0006949,Proposal/Negotiation,2025-04-29
OPP-0006949,Closed Won,2025-05-02
OPP-0006955,SAL,2025-04-14
OPP-0006955,SQO,2025-04-15
OPP-0006955,Proposal/Negotiation,2025-05-05
OPP-0006955,Closed Lost,2025-05-10
OPP-0006956,SAL,2025-04-22
OPP-0006956,SQO,2025-04-27
OPP-0006956,Proposal/Negotiation,2025-04-27
OPP-0006956,SAL,2025-05-02
OPP-0006956,Closed Lost,2025-05-04
OPP-0006957,SAL,2025-04-22
OPP-0006957,SQO,2025-05-29
OPP-0006957,POC,2025-06-01
OPP-0006957,Proposal/Negotiation,2025-06-08
OPP-0006957,Closed Lost,2025-06-12
OPP-0006958,Open,2025-04-22
OPP-0006958,Negotiation,2025-05-27
OPP-0006958,Closed Won,2025-07-01
OPP-0006969,Open,2025-04-16
OPP-0006969,Negotiation,2025-04-22
OPP-0006969,Closed Won,2025-05-01
OPP-0006970,Open,2025-04-17
OPP-0006970,Negotiation,2025-04-20
OPP-0006970,Closed Won,2025-05-01
OPP-0006971,SAL,2025-04-22
OPP-0006971,SQO,2025-04-23
OPP-0006971,Proposal/Negotiation,2025-05-12
OPP-0006971,Closed Lost,2025-05-12
OPP-0006972,Open,2025-05-07
OPP-0006972,Negotiation,2025-05-08
OPP-0006972,Closed Won,2025-07-01
OPP-0006980,Open,2025-04-16
OPP-0006980,Negotiation,2025-04-17
OPP-0006980,Closed Won,2025-05-01
OPP-0006981,SAL,2025-04-14
OPP-0006981,SQO,2025-05-02
OPP-0006981,Proposal/Negotiation,2025-05-07
OPP-0006981,Closed Lost,2025-05-09
OPP-0006982,SAL,2025-04-29
OPP-0006982,SQO,2025-05-01
OPP-0006982,Proposal/Negotiation,2025-05-16
OPP-0006982,Closed Lost,2025-05-23
OPP-0006986,Open,2025-04-12
OPP-0006986,Negotiation,2025-04-24
OPP-0006986,Closed Won,2025-05-01
OPP-0006987,Open,2025-05-01
OPP-0006987,Negotiation,2025-05-24
OPP-0006987,Closed Won,2025-07-01
OPP-0006996,Open,2025-04-23
OPP-0006996,Negotiation,2025-04-27
OPP-0006996,Closed Won,2025-06-04
OPP-0006997,Open,2025-05-11
OPP-0006997,Negotiation,2025-06-03
OPP-0006997,Closed Won,2025-07-01
OPP-0007002,SAL,2025-04-15
OPP-0007002,SQO,2025-04-21
OPP-0007002,Proposal/Negotiation,2025-04-29
OPP-0007002,Closed Won,2025-05-02
OPP-0007007,SAL,2025-04-17
OPP-0007007,SQO,2025-04-23
OPP-0007007,Proposal/Negotiation,2025-05-02
OPP-0007007,Closed Lost,2025-05-05
OPP-0007008,SAL,2025-04-19
OPP-0007008,SQO,2025-04-21
OPP-0007008,Proposal/Negotiation,2025-04-21
OPP-0007008,Closed Lost,2025-05-07
OPP-0007009,Open,2025-04-22
OPP-0007009,Negotiation,2025-05-03
OPP-0007009,Closed Won,2025-06-18
OPP-0007016,Open,2025-04-17
OPP-0007016,Negotiation,2025-04-21
OPP-0007016,Closed Won,2025-05-01
OPP-0007017,Open,2025-05-09
OPP-0007017,Negotiation,2025-05-27
OPP-0007017,Closed Won,2025-06-17
OPP-0007018,Open,2025-04-19
OPP-0007018,Negotiation,2025-06-16
OPP-0007018,Closed Won,2025-07-01
OPP-0007019,Open,2025-05-20
OPP-0007019,Negotiation,2025-05-31
OPP-0007019,Closed Won,2025-06-01
OPP-0007027,Open,2025-07-17
OPP-0007027,Negotiation,2025-09-01
OPP-0007027,Closed Won,2025-09-07
OPP-0007028,Open,2025-05-11
OPP-0007028,Negotiation,2025-06-16
OPP-0007028,Closed Won,2025-07-14
OPP-0007029,Open,2025-05-05
OPP-0007029,Negotiation,2025-05-17
OPP-0007029,Closed Won,2025-06-02
OPP-0007035,SAL,2025-04-26
OPP-0007035,SQO,2025-05-09
OPP-0007035,Proposal/Negotiation,2025-05-23
OPP-0007035,Closed Lost,2025-05-26
OPP-0007036,SAL,2025-04-22
OPP-0007036,SQO,2025-05-08
OPP-0007036,Proposal/Negotiation,2025-05-19
OPP-0007036,Closed Lost,2025-05-28
OPP-0007037,SAL,2025-04-27
OPP-0007037,SQO,2025-05-21
OPP-0007037,POC,2025-06-23
OPP-0007037,Proposal/Negotiation,2025-07-02
OPP-0007037,Closed Lost,2025-08-10
OPP-0007038,Open,2025-04-27
OPP-0007038,Negotiation,2025-05-15
OPP-0007038,Closed Lost,2025-05-21
OPP-0007039,Open,2025-04-20
OPP-0007039,Negotiation,2025-05-07
OPP-0007039,Closed Won,2025-06-01
OPP-0007060,SAL,2025-05-07
OPP-0007060,SQO,2025-06-26
OPP-0007060,POC,2025-07-12
OPP-0007060,Proposal/Negotiation,2025-07-31
OPP-0007060,Closed Lost,2025-08-26
OPP-0007061,Open,2025-05-04
OPP-0007061,Negotiation,2025-05-28
OPP-0007061,Closed Won,2025-06-11
OPP-0007062,Open,2025-06-09
OPP-0007062,Negotiation,2025-06-17
OPP-0007062,Closed Won,2025-06-23
OPP-0007063,Open,2025-04-26
OPP-0007063,Negotiation,2025-05-16
OPP-0007063,Closed Lost,2025-07-01
OPP-0007064,SAL,2025-04-21
OPP-0007064,SQO,2025-05-24
OPP-0007064,POC,2025-09-19
OPP-0007064,Proposal/Negotiation,2025-10-15
OPP-0007064,Closed Won,2025-10-16
OPP-0007070,Open,2025-05-16
OPP-0007070,Negotiation,2025-05-31
OPP-0007070,Closed Won,2025-06-01
OPP-0007071,SAL,2025-04-27
OPP-0007071,SQO,2025-05-01
OPP-0007071,Proposal/Negotiation,2025-05-10
OPP-0007071,Closed Lost,2025-05-23
OPP-0007072,SAL,2025-05-17
OPP-0007072,SQO,2025-05-26
OPP-0007072,POC,2025-06-17
OPP-0007072,Proposal/Negotiation,2025-07-04
OPP-0007072,Closed Lost,2025-07-27
OPP-0007073,SAL,2025-04-24
OPP-0007073,SQO,2025-04-29
OPP-0007073,Proposal/Negotiation,2025-05-16
OPP-0007073,Closed Won,2025-06-05
OPP-0007074,SAL,2025-04-27
OPP-0007074,SQO,2025-04-27
OPP-0007074,Proposal/Negotiation,2025-05-09
OPP-0007074,Closed Won,2025-05-11
OPP-0007080,Open,2025-05-28
OPP-0007080,Negotiation,2025-05-28
OPP-0007080,Closed Won,2025-06-01
OPP-0007081,Open,2025-04-29
OPP-0007081,Negotiation,2025-05-24
OPP-0007081,Closed Won,2025-06-01
OPP-0007082,Open,2025-05-05
OPP-0007082,Negotiation,2025-05-17
OPP-0007082,Closed Won,2025-06-01
OPP-0007083,SAL,2025-05-03
OPP-0007083,SQO,2025-05-25
OPP-0007083,Proposal/Negotiation,2025-05-30
OPP-0007083,Closed Lost,2025-06-03
OPP-0007084,Open,2025-05-01
OPP-0007084,Negotiation,2025-05-16
OPP-0007084,Closed Won,2025-06-01
OPP-0007085,SAL,2025-05-01
OPP-0007085,SQO,2025-05-28
OPP-0007085,Proposal/Negotiation,2025-06-04
OPP-0007085,Closed Won,2025-06-04
OPP-0007095,SAL,2025-04-24
OPP-0007095,SQO,2025-05-04
OPP-0007095,Proposal/Negotiation,2025-05-06
OPP-0007095,Closed Lost,2025-05-13
OPP-0007096,SAL,2025-04-26
OPP-0007096,SQO,2025-05-10
OPP-0007096,Proposal/Negotiation,2025-05-22
OPP-0007096,Closed Lost,2025-06-01
OPP-0007097,SAL,2025-05-20
OPP-0007097,SQO,2025-05-28
OPP-0007097,POC,2025-08-27
OPP-0007097,Proposal/Negotiation,2025-09-01
OPP-0007097,Closed Lost,2025-09-23
OPP-0007098,Open,2025-04-24
OPP-0007098,Negotiation,2025-05-27
OPP-0007098,Closed Lost,2025-06-01
OPP-0007099,SAL,2025-04-29
OPP-0007099,SQO,2025-05-06
OPP-0007099,Proposal/Negotiation,2025-05-11
OPP-0007099,Closed Won,2025-06-02
OPP-0007107,Open,2025-04-28
OPP-0007107,Negotiation,2025-05-19
OPP-0007107,Closed Won,2025-06-01
OPP-0007108,Open,2025-05-19
OPP-0007108,Negotiation,2025-05-26
OPP-0007108,Closed Won,2025-06-01
OPP-0007119,Open,2025-05-10
OPP-0007119,Negotiation,2025-05-12
OPP-0007119,Closed Won,2025-06-01
OPP-0007120,Open,2025-05-11
OPP-0007120,Negotiation,2025-05-12
OPP-0007120,Closed Won,2025-06-01
OPP-0007121,SAL,2025-05-08
OPP-0007121,SQO,2025-05-09
OPP-0007121,POC,2025-09-18
OPP-0007121,Proposal/Negotiation,2025-10-01
OPP-0007121,Closed Won,2025-10-15
OPP-0007133,Open,2025-05-05
OPP-0007133,Negotiation,2025-05-07
OPP-0007133,Closed Won,2025-06-01
OPP-0007134,Open,2025-05-07
OPP-0007134,Negotiation,2025-08-13
OPP-0007134,Closed Won,2025-08-23
OPP-0007135,Open,2025-05-27
OPP-0007135,Negotiation,2025-07-08
OPP-0007135,Closed Won,2025-07-19
OPP-0007136,Open,2025-06-19
OPP-0007136,Negotiation,2025-06-21
OPP-0007136,Closed Won,2025-07-01
OPP-0007137,Open,2025-06-08
OPP-0007137,Negotiation,2025-06-09
OPP-0007137,Closed Won,2025-07-01
OPP-0007144,Open,2025-05-18
OPP-0007144,Negotiation,2025-05-22
OPP-0007144,Closed Won,2025-06-01
OPP-0007145,Open,2025-05-23
OPP-0007145,Negotiation,2025-05-29
OPP-0007145,Closed Won,2025-06-01
OPP-0007146,SAL,2025-05-15
OPP-0007146,SQO,2025-05-16
OPP-0007146,Proposal/Negotiation,2025-05-25
OPP-0007146,Closed Lost,2025-05-25
OPP-0007147,Open,2025-05-18
OPP-0007147,Negotiation,2025-06-05
OPP-0007147,Closed Won,2025-07-01
OPP-0007148,Open,2025-04-27
OPP-0007148,Negotiation,2025-05-04
OPP-0007148,Closed Won,2025-06-01
OPP-0007162,Open,2025-05-01
OPP-0007162,Negotiation,2025-05-25
OPP-0007162,Closed Won,2025-06-01
OPP-0007163,Open,2025-04-30
OPP-0007163,Negotiation,2025-05-03
OPP-0007163,Closed Won,2025-06-01
OPP-0007164,Open,2025-05-07
OPP-0007164,Negotiation,2025-05-19
OPP-0007164,Closed Won,2025-06-01
OPP-0007165,Open,2025-05-10
OPP-0007165,Negotiation,2025-05-14
OPP-0007165,Closed Won,2025-06-01
OPP-0007166,SAL,2025-05-05
OPP-0007166,SQO,2025-05-09
OPP-0007166,Proposal/Negotiation,2025-05-27
OPP-0007166,Closed Lost,2025-06-07
OPP-0007167,SAL,2025-05-08
OPP-0007167,SQO,2025-05-13
OPP-0007167,POC,2025-06-14
OPP-0007167,Proposal/Negotiation,2025-06-27
OPP-0007167,Closed Lost,2025-07-20
OPP-0007168,Open,2025-05-14
OPP-0007168,Negotiation,2025-05-15
OPP-0007168,Closed Lost,2025-06-01
OPP-0007177,Open,2025-05-02
OPP-0007177,Negotiation,2025-05-13
OPP-0007177,Closed Won,2025-06-01
OPP-0007178,SAL,2025-05-10
OPP-0007178,SQO,2025-05-10
OPP-0007178,Proposal/Negotiation,2025-05-18
OPP-0007178,Closed Lost,2025-05-19
OPP-0007179,SAL,2025-05-23
OPP-0007179,SQO,2025-05-31
OPP-0007179,POC,2025-07-04
OPP-0007179,Proposal/Negotiation,2025-07-05
OPP-0007179,Closed Lost,2025-07-12
OPP-0007180,Open,2025-05-04
OPP-0007180,Negotiation,2025-06-05
OPP-0007180,Closed Won,2025-06-09
OPP-0007181,Open,2025-05-03
OPP-0007181,Negotiation,2025-06-20
OPP-0007181,Closed Won,2025-07-01
OPP-0007182,SAL,2025-05-16
OPP-0007182,SQO,2025-05-20
OPP-0007182,Proposal/Negotiation,2025-06-04
OPP-0007182,Closed Won,2025-06-06
OPP-0007183,Open,2025-05-01
OPP-0007183,Negotiation,2025-05-20
OPP-0007183,Closed Won,2025-06-01
OPP-0007184,Open,2025-04-30
OPP-0007184,Negotiation,2025-05-09
OPP-0007184,Closed Won,2025-06-01
OPP-0007185,Open,2025-07-07
OPP-0007185,Negotiation,2025-07-21
OPP-0007185,Closed Won,2025-07-25
OPP-0007186,Open,2025-05-12
OPP-0007186,Negotiation,2025-05-24
OPP-0007186,Closed Won,2025-06-01
OPP-0007187,SAL,2025-05-30
OPP-0007187,SQO,2025-06-03
OPP-0007187,POC,2025-06-27
OPP-0007187,Proposal/Negotiation,2025-07-13
OPP-0007187,Closed Lost,2025-08-13
OPP-0007188,Open,2025-05-28
OPP-0007188,Negotiation,2025-06-06
OPP-0007188,Closed Won,2025-07-01
OPP-0007198,Open,2025-05-09
OPP-0007198,Negotiation,2025-05-09
OPP-0007198,Closed Won,2025-06-01
OPP-0007199,SAL,2025-05-07
OPP-0007199,SQO,2025-05-15
OPP-0007199,Proposal/Negotiation,2025-05-21
OPP-0007199,Closed Lost,2025-05-27
OPP-0007200,Open,2025-05-31
OPP-0007200,Negotiation,2025-06-08
OPP-0007200,Closed Won,2025-07-01
OPP-0007207,Open,2025-05-10
OPP-0007207,Negotiation,2025-05-18
OPP-0007207,Closed Won,2025-06-01
OPP-0007208,SAL,2025-05-05
OPP-0007208,SQO,2025-05-06
OPP-0007208,Proposal/Negotiation,2025-05-11
OPP-0007208,Closed Lost,2025-05-20
OPP-0007209,SAL,2025-05-10
OPP-0007209,SQO,2025-05-12
OPP-0007209,Proposal/Negotiation,2025-06-04
OPP-0007209,Closed Lost,2025-06-07
OPP-0007210,SAL,2025-05-08
OPP-0007210,SQO,2025-05-12
OPP-0007210,Proposal/Negotiation,2025-05-17
OPP-0007210,Closed Lost,2025-05-18
OPP-0007214,SAL,2025-05-06
OPP-0007214,SQO,2025-05-12
OPP-0007214,POC,2025-06-19
OPP-0007214,Proposal/Negotiation,2025-06-19
OPP-0007214,Closed Lost,2025-07-05
OPP-0007215,Open,2025-05-19
OPP-0007215,Negotiation,2025-06-12
OPP-0007215,Closed Won,2025-06-16
OPP-0007216,Open,2025-05-11
OPP-0007216,Negotiation,2025-06-08
OPP-0007216,Closed Won,2025-07-27
OPP-0007217,Open,2025-06-15
OPP-0007217,Negotiation,2025-06-25
OPP-0007217,Closed Lost,2025-07-01
OPP-0007218,SAL,2025-05-27
OPP-0007218,SQO,2025-05-28
OPP-0007218,Proposal/Negotiation,2025-06-15
OPP-0007218,Closed Won,2025-06-17
OPP-0007226,Open,2025-05-16
OPP-0007226,Negotiation,2025-05-22
OPP-0007226,Closed Won,2025-06-01
OPP-0007227,Open,2025-05-15
OPP-0007227,Negotiation,2025-05-26
OPP-0007227,Closed Won,2025-06-01
OPP-0007228,Open,2025-05-09
OPP-0007228,Negotiation,2025-05-13
OPP-0007228,Closed Won,2025-06-01
OPP-0007229,SAL,2025-05-12
OPP-0007229,SQO,2025-05-19
OPP-0007229,Proposal/Negotiation,2025-06-06
OPP-0007229,Closed Lost,2025-06-09
OPP-0007230,SAL,2025-05-06
OPP-0007230,SQO,2025-05-27
OPP-0007230,Proposal/Negotiation,2025-06-07
OPP-0007230,Closed Lost,2025-06-18
OPP-0007231,Open,2025-05-07
OPP-0007231,Negotiation,2025-06-14
OPP-0007231,Closed Lost,2025-07-19
OPP-0007232,Open,2025-06-22
OPP-0007232,Negotiation,2025-06-30
OPP-0007232,Closed Won,2025-07-01
OPP-0007233,SAL,2025-05-07
OPP-0007233,SQO,2025-05-09
OPP-0007233,Proposal/Negotiation,2025-05-17
OPP-0007233,Closed Won,2025-05-28
OPP-0007237,Open,2025-05-14
OPP-0007237,Negotiation,2025-05-14
OPP-0007237,Closed Won,2025-06-01
OPP-0007238,Open,2025-05-25
OPP-0007238,Negotiation,2025-05-26
OPP-0007238,Closed Won,2025-06-01
OPP-0007239,SAL,2025-06-14
OPP-0007239,SQO,2025-08-06
OPP-0007239,POC,2025-08-16
OPP-0007239,Proposal/Negotiation,2025-09-11
OPP-0007239,Closed Lost,2025-09-25
OPP-0007240,SAL,2025-05-14
OPP-0007240,SQO,2025-06-29
OPP-0007240,POC,2025-09-14
OPP-0007240,Proposal/Negotiation,2025-09-28
OPP-0007240,Closed Lost,2025-10-04
OPP-0007254,Open,2025-05-21
OPP-0007254,Negotiation,2025-05-26
OPP-0007254,Closed Won,2025-06-01
OPP-0007255,SAL,2025-05-18
OPP-0007255,SQO,2025-05-27
OPP-0007255,Proposal/Negotiation,2025-06-05
OPP-0007255,Closed Won,2025-06-12
OPP-0007267,Open,2025-05-19
OPP-0007267,Negotiation,2025-05-23
OPP-0007267,Closed Won,2025-06-01
OPP-0007268,SAL,2025-05-11
OPP-0007268,SQO,2025-05-15
OPP-0007268,Proposal/Negotiation,2025-05-19
OPP-0007268,Closed Lost,2025-05-27
OPP-0007269,Open,2025-05-10
OPP-0007269,Negotiation,2025-06-26
OPP-0007269,Closed Won,2025-07-02
OPP-0007270,SAL,2025-06-05
OPP-0007270,SQO,2025-06-06
OPP-0007270,Proposal/Negotiation,2025-06-09
OPP-0007270,Closed Won,2025-06-19
OPP-0007282,Open,2025-05-21
OPP-0007282,Negotiation,2025-05-25
OPP-0007282,Closed Won,2025-06-01
OPP-0007283,Open,2025-05-13
OPP-0007283,Negotiation,2025-05-21
OPP-0007283,Closed Won,2025-06-01
OPP-0007284,SAL,2025-05-24
OPP-0007284,SQO,2025-05-26
OPP-0007284,Proposal/Negotiation,2025-06-01
OPP-0007284,Closed Lost,2025-06-15
OPP-0007285,SAL,2025-07-31
OPP-0007285,SQO,2025-08-08
OPP-0007285,POC,2025-09-27
OPP-0007285,Proposal/Negotiation,2025-09-28
OPP-0007285,Closed Lost,2025-11-06
OPP-0007286,Open,2025-06-08
OPP-0007286,Negotiation,2025-07-31
OPP-0007286,Closed Won,2025-08-20
OPP-0007287,Open,2025-05-30
OPP-0007287,Negotiation,2025-07-11
OPP-0007287,Closed Won,2025-07-16
OPP-0007295,Open,2025-05-16
OPP-0007295,Negotiation,2025-05-23
OPP-0007295,Closed Won,2025-06-01
OPP-0007296,SAL,2025-06-03
OPP-0007296,SQO,2025-06-12
OPP-0007296,Proposal/Negotiation,2025-06-21
OPP-0007296,Closed Lost,2025-06-23
OPP-0007297,Open,2025-06-13
OPP-0007297,Negotiation,2025-07-06
OPP-0007297,Closed Won,2025-07-31
OPP-0007298,Open,2025-05-22
OPP-0007298,Negotiation,2025-05-25
OPP-0007298,Closed Won,2025-07-01
OPP-0007299,Open,2025-06-15
OPP-0007299,Negotiation,2025-06-27
OPP-0007299,Closed Won,2025-07-01
OPP-0007300,SAL,2025-06-14
OPP-0007300,SQO,2025-06-14
OPP-0007300,POC,2025-07-12
OPP-0007300,Proposal/Negotiation,2025-08-03
OPP-0007300,Closed Won,2025-08-17
OPP-0007306,Open,2025-05-18
OPP-0007306,Negotiation,2025-05-27
OPP-0007306,Closed Won,2025-06-01
OPP-0007307,Open,2025-05-29
OPP-0007307,Negotiation,2025-07-04
OPP-0007307,Closed Won,2025-08-01
OPP-0007315,Open,2025-05-22
OPP-0007315,Negotiation,2025-05-23
OPP-0007315,Closed Won,2025-06-01
OPP-0007316,SAL,2025-05-20
OPP-0007316,SQO,2025-05-20
OPP-0007316,Proposal/Negotiation,2025-06-02
OPP-0007316,Closed Lost,2025-06-25
OPP-0007317,Open,2025-05-14
OPP-0007317,Negotiation,2025-07-07
OPP-0007317,Closed Won,2025-08-01
OPP-0007327,SAL,2025-05-19
OPP-0007327,SQO,2025-05-26
OPP-0007327,POC,2025-06-15
OPP-0007327,Proposal/Negotiation,2025-06-19
OPP-0007327,Closed Lost,2025-08-06
OPP-0007328,Open,2025-06-12
OPP-0007328,Negotiation,2025-06-22
OPP-0007328,Closed Won,2025-07-01
OPP-0007329,SAL,2025-06-24
OPP-0007329,SQO,2025-07-14
OPP-0007329,POC,2025-08-06
OPP-0007329,Proposal/Negotiation,2025-08-24
OPP-0007329,Closed Won,2025-08-25
OPP-0007330,SAL,2025-05-16
OPP-0007330,SQO,2025-05-18
OPP-0007330,Proposal/Negotiation,2025-05-27
OPP-0007330,Closed Won,2025-06-06
OPP-0007337,SAL,2025-05-19
OPP-0007337,SQO,2025-05-29
OPP-0007337,Proposal/Negotiation,2025-06-15
OPP-0007337,Closed Lost,2025-06-28
OPP-0007338,Open,2025-05-20
OPP-0007338,Negotiation,2025-05-22
OPP-0007338,Closed Won,2025-09-17
OPP-0007339,Open,2025-05-18
OPP-0007339,Negotiation,2025-06-29
OPP-0007339,Closed Won,2025-07-02
OPP-0007340,Open,2025-06-05
OPP-0007340,Negotiation,2025-07-07
OPP-0007340,Closed Won,2025-07-14
OPP-0007348,Open,2025-05-23
OPP-0007348,Negotiation,2025-05-28
OPP-0007348,Closed Won,2025-06-01
OPP-0007349,Open,2025-05-23
OPP-0007349,Negotiation,2025-05-24
OPP-0007349,Closed Won,2025-06-01
OPP-0007350,Open,2025-06-12
OPP-0007350,Negotiation,2025-06-15
OPP-0007350,Closed Won,2025-07-01
OPP-0007351,Open,2025-05-29
OPP-0007351,Negotiation,2025-05-31
OPP-0007351,Closed Won,2025-06-01
OPP-0007352,Open,2025-05-19
OPP-0007352,Negotiation,2025-05-24
OPP-0007352,Closed Won,2025-06-01
OPP-0007353,Open,2025-05-19
OPP-0007353,Negotiation,2025-05-22
OPP-0007353,Closed Won,2025-06-01
OPP-0007354,Open,2025-06-07
OPP-0007354,Negotiation,2025-06-27
OPP-0007354,Closed Won,2025-07-01
OPP-0007355,SAL,2025-06-18
OPP-0007355,SQO,2025-06-25
OPP-0007355,Proposal/Negotiation,2025-06-28
OPP-0007355,Closed Lost,2025-07-01
OPP-0007356,SAL,2025-05-18
OPP-0007356,SQO,2025-05-24
OPP-0007356,Proposal/Negotiation,2025-06-02
OPP-0007356,Closed Won,2025-06-06
OPP-0007362,Open,2025-05-21
OPP-0007362,Negotiation,2025-05-26
OPP-0007362,Closed Won,2025-06-01
OPP-0007363,Open,2025-05-21
OPP-0007363,Negotiation,2025-05-31
OPP-0007363,Closed Won,2025-06-01
OPP-0007364,Open,2025-05-25
OPP-0007364,Negotiation,2025-05-27
OPP-0007364,Closed Won,2025-06-01
OPP-0007365,Open,2025-05-24
OPP-0007365,Negotiation,2025-05-25
OPP-0007365,Closed Won,2025-06-01
OPP-0007366,Open,2025-05-23
OPP-0007366,Negotiation,2025-05-29
OPP-0007366,Closed Won,2025-07-23
OPP-0007367,Open,2025-05-26
OPP-0007367,Negotiation,2025-06-15
OPP-0007367,Closed Won,2025-07-01
OPP-0007368,Open,2025-06-25
OPP-0007368,Negotiation,2025-07-21
OPP-0007368,Closed Won,2025-08-01
OPP-0007369,Open,2025-06-06
OPP-0007369,Negotiation,2025-06-30
OPP-0007369,Closed Won,2025-07-01
OPP-0007370,SAL,2025-05-21
OPP-0007370,SQO,2025-05-22
OPP-0007370,POC,2025-07-20
OPP-0007370,Proposal/Negotiation,2025-08-03
OPP-0007370,Closed Won,2025-08-04
OPP-0007371,SAL,2025-05-28
OPP-0007371,SQO,2025-06-01
OPP-0007371,Proposal/Negotiation,2025-06-10
OPP-0007371,Closed Won,2025-06-13
OPP-0007381,Open,2025-05-29
OPP-0007381,Negotiation,2025-06-23
OPP-0007381,Closed Won,2025-07-01
OPP-0007382,Open,2025-06-13
OPP-0007382,Negotiation,2025-06-26
OPP-0007382,Closed Won,2025-07-01
OPP-0007383,Open,2025-06-18
OPP-0007383,Negotiation,2025-06-23
OPP-0007383,Closed Won,2025-07-01
OPP-0007384,Open,2025-05-22
OPP-0007384,Negotiation,2025-06-12
OPP-0007384,Closed Won,2025-07-01
OPP-0007385,SAL,2025-06-02
OPP-0007385,SQO,2025-06-02
OPP-0007385,Proposal/Negotiation,2025-06-04
OPP-0007385,Closed Lost,2025-06-12
OPP-0007386,Open,2025-05-24
OPP-0007386,Negotiation,2025-07-30
OPP-0007386,Closed Won,2025-08-01
OPP-0007392,Open,2025-06-10
OPP-0007392,Negotiation,2025-06-24
OPP-0007392,Closed Won,2025-07-01
OPP-0007393,Open,2025-05-22
OPP-0007393,Negotiation,2025-06-22
OPP-0007393,Closed Won,2025-07-01
OPP-0007394,Open,2025-06-10
OPP-0007394,Negotiation,2025-06-16
OPP-0007394,Closed Won,2025-08-09
OPP-0007395,Open,2025-06-03
OPP-0007395,Negotiation,2025-06-25
OPP-0007395,Closed Won,2025-07-01
OPP-0007403,Open,2025-06-01
OPP-0007403,Negotiation,2025-06-02
OPP-0007403,Closed Won,2025-07-01
OPP-0007404,Open,2025-06-22
OPP-0007404,Negotiation,2025-07-10
OPP-0007404,Closed Won,2025-10-14
OPP-0007405,SAL,2025-05-22
OPP-0007405,SQO,2025-05-29
OPP-0007405,POC,2025-07-02
OPP-0007405,Proposal/Negotiation,2025-07-15
OPP-0007405,Closed Won,2025-07-22
OPP-0007419,Open,2025-05-22
OPP-0007419,Negotiation,2025-06-02
OPP-0007419,Closed Won,2025-07-01
OPP-0007420,SAL,2025-05-29
OPP-0007420,SQO,2025-06-03
OPP-0007420,Proposal/Negotiation,2025-06-04
OPP-0007420,Closed Lost,2025-06-05
OPP-0007421,Open,2025-06-16
OPP-0007421,Negotiation,2025-07-08
OPP-0007421,Closed Won,2025-07-10
OPP-0007422,Open,2025-07-02
OPP-0007422,Negotiation,2025-07-24
OPP-0007422,Closed Won,2025-08-01
OPP-0007425,Open,2025-05-30
OPP-0007425,Negotiation,2025-06-22
OPP-0007425,Closed Won,2025-08-05
OPP-0007426,Open,2025-05-29
OPP-0007426,Negotiation,2025-06-05
OPP-0007426,Closed Won,2025-08-01
OPP-0007436,Open,2025-06-03
OPP-0007436,Negotiation,2025-06-22
OPP-0007436,Closed Won,2025-07-01
OPP-0007437,SAL,2025-05-28
OPP-0007437,SQO,2025-06-01
OPP-0007437,Proposal/Negotiation,2025-06-25
OPP-0007437,Closed Lost,2025-06-26
OPP-0007438,SAL,2025-05-27
OPP-0007438,SQO,2025-05-30
OPP-0007438,POC,2025-06-14
OPP-0007438,Proposal/Negotiation,2025-09-09
OPP-0007438,Closed Lost,2025-10-04
OPP-0007439,Open,2025-06-16
OPP-0007439,Negotiation,2025-06-21
OPP-0007439,Closed Won,2025-06-23
OPP-0007440,Open,2025-07-12
OPP-0007440,Negotiation,2025-07-26
OPP-0007440,Closed Won,2025-08-01
OPP-0007451,Open,2025-06-05
OPP-0007451,Negotiation,2025-06-13
OPP-0007451,Closed Won,2025-07-01
OPP-0007452,Open,2025-06-06
OPP-0007452,Negotiation,2025-06-22
OPP-0007452,Closed Won,2025-07-01
OPP-0007453,Open,2025-06-05
OPP-0007453,Negotiation,2025-06-15
OPP-0007453,Closed Won,2025-07-01
OPP-0007454,Open,2025-06-04
OPP-0007454,Negotiation,2025-06-07
OPP-0007454,Closed Won,2025-07-14
OPP-0007455,SAL,2025-06-03
OPP-0007455,SQO,2025-06-07
OPP-0007455,Proposal/Negotiation,2025-06-11
OPP-0007455,Closed Won,2025-06-13
OPP-0007462,Open,2025-06-07
OPP-0007462,Negotiation,2025-06-26
OPP-0007462,Closed Won,2025-07-01
OPP-0007463,Open,2025-06-04
OPP-0007463,Negotiation,2025-07-01
OPP-0007463,Closed Won,2025-07-15
OPP-0007464,Open,2025-06-18
OPP-0007464,Negotiation,2025-06-19
OPP-0007464,Closed Won,2025-07-24
OPP-0007465,Open,2025-06-10
OPP-0007465,Negotiation,2025-07-25
OPP-0007465,Closed Lost,2025-08-10
OPP-0007466,Open,2025-05-28
OPP-0007466,Negotiation,2025-06-06
OPP-0007466,Closed Won,2025-08-01
OPP-0007467,SAL,2025-05-28
OPP-0007467,SQO,2025-05-28
OPP-0007467,Proposal/Negotiation,2025-06-06
OPP-0007467,Closed Won,2025-06-11
OPP-0007472,Open,2025-06-04
OPP-0007472,Negotiation,2025-06-22
OPP-0007472,Closed Won,2025-07-01
OPP-0007473,SAL,2025-06-09
OPP-0007473,SQO,2025-06-19
OPP-0007473,Proposal/Negotiation,2025-06-20
OPP-0007473,SAL,2025-06-29
OPP-0007473,Closed Lost,2025-07-01
OPP-0007474,SAL,2025-06-18
OPP-0007474,SQO,2025-06-19
OPP-0007474,POC,2025-07-25
OPP-0007474,Proposal/Negotiation,2025-09-27
OPP-0007474,Closed Lost,2025-11-15
OPP-0007475,Open,2025-06-17
OPP-0007475,Negotiation,2025-07-17
OPP-0007475,Closed Won,2025-08-22
OPP-0007476,Open,2025-06-04
OPP-0007476,Negotiation,2025-06-11
OPP-0007476,Closed Lost,2025-08-01
OPP-0007477,SAL,2025-06-13
OPP-0007477,SQO,2025-06-29
OPP-0007477,POC,2025-07-18
OPP-0007477,Proposal/Negotiation,2025-08-28
OPP-0007477,Closed Won,2025-10-06
OPP-0007486,Open,2025-06-01
OPP-0007486,Negotiation,2025-06-27
OPP-0007486,Closed Won,2025-07-01
OPP-0007487,SAL,2025-06-01
OPP-0007487,SQO,2025-06-15
OPP-0007487,Proposal/Negotiation,2025-06-25
OPP-0007487,Closed Lost,2025-07-08
OPP-0007488,SAL,2025-06-10
OPP-0007488,SQO,2025-07-11
OPP-0007488,POC,2025-07-26
OPP-0007488,Proposal/Negotiation,2025-08-04
OPP-0007488,Closed Lost,2025-08-09
OPP-0007495,Open,2025-06-11
OPP-0007495,Negotiation,2025-06-18
OPP-0007495,Closed Won,2025-07-01
OPP-0007496,SAL,2025-06-14
OPP-0007496,SQO,2025-06-26
OPP-0007496,Proposal/Negotiation,2025-06-27
OPP-0007496,Closed Lost,2025-06-28
OPP-0007497,Open,2025-06-13
OPP-0007497,Negotiation,2025-06-25
OPP-0007497,Closed Won,2025-07-01
OPP-0007498,SAL,2025-06-21
OPP-0007498,SQO,2025-06-25
OPP-0007498,Proposal/Negotiation,2025-07-06
OPP-0007498,Closed Won,2025-07-11
OPP-0007499,Open,2025-06-03
OPP-0007499,Negotiation,2025-06-10
OPP-0007499,Closed Won,2025-07-01
OPP-0007500,Open,2025-06-01
OPP-0007500,Negotiation,2025-06-10
OPP-0007500,Closed Won,2025-07-01
OPP-0007501,SAL,2025-06-07
OPP-0007501,SQO,2025-06-08
OPP-0007501,Proposal/Negotiation,2025-06-16
OPP-0007501,Closed Lost,2025-06-20
OPP-0007502,SAL,2025-06-02
OPP-0007502,SQO,2025-06-08
OPP-0007502,Proposal/Negotiation,2025-06-21
OPP-0007502,Closed Lost,2025-06-23
OPP-0007503,Open,2025-06-02
OPP-0007503,Negotiation,2025-06-20
OPP-0007503,Closed Won,2025-08-25
OPP-0007504,Open,2025-06-13
OPP-0007504,Negotiation,2025-06-21
OPP-0007504,Closed Won,2025-07-01
OPP-0007505,Open,2025-06-04
OPP-0007505,Negotiation,2025-06-09
OPP-0007505,Closed Won,2025-07-01
OPP-0007506,Open,2025-06-18
OPP-0007506,Negotiation,2025-06-24
OPP-0007506,Closed Won,2025-07-01
OPP-0007507,Open,2025-06-01
OPP-0007507,Negotiation,2025-06-20
OPP-0007507,Closed Won,2025-07-01
OPP-0007508,Open,2025-06-10
OPP-0007508,Negotiation,2025-06-23
OPP-0007508,Closed Won,2025-07-01
OPP-0007509,Open,2025-07-10
OPP-0007509,Negotiation,2025-07-24
OPP-0007509,Closed Won,2025-08-08
OPP-0007510,SAL,2025-06-01
OPP-0007510,SQO,2025-06-27
OPP-0007510,Proposal/Negotiation,2025-06-28
OPP-0007510,Closed Won,2025-07-05
OPP-0007520,Open,2025-06-03
OPP-0007520,Negotiation,2025-06-15
OPP-0007520,Closed Won,2025-07-01
OPP-0007521,Open,2025-06-06
OPP-0007521,Negotiation,2025-06-14
OPP-0007521,Closed Won,2025-07-01
OPP-0007522,Open,2025-06-02
OPP-0007522,Negotiation,2025-06-06
OPP-0007522,Closed Won,2025-07-01
OPP-0007523,Open,2025-06-12
OPP-0007523,Negotiation,2025-07-22
OPP-0007523,Closed Won,2025-08-01
OPP-0007524,SAL,2025-06-02
OPP-0007524,SQO,2025-06-06
OPP-0007524,Proposal/Negotiation,2025-06-10
OPP-0007524,Closed Won,2025-07-02
OPP-0007530,Open,2025-06-05
OPP-0007530,Negotiation,2025-06-06
OPP-0007530,Closed Won,2025-07-01
OPP-0007531,Open,2025-06-21
OPP-0007531,Negotiation,2025-06-29
OPP-0007531,Closed Won,2025-07-01
OPP-0007532,SAL,2025-06-11
OPP-0007532,SQO,2025-06-12
OPP-0007532,Proposal/Negotiation,2025-06-21
OPP-0007532,Closed Lost,2025-07-07
OPP-0007533,SAL,2025-07-09
OPP-0007533,SQO,2025-07-12
OPP-0007533,POC,2025-09-03
OPP-0007533,Proposal/Negotiation,2025-09-04
OPP-0007533,Closed Lost,2025-10-01
OPP-0007534,Open,2025-06-05
OPP-0007534,Negotiation,2025-07-15
OPP-0007534,Closed Lost,2025-07-18
OPP-0007535,SAL,2025-06-04
OPP-0007535,SQO,2025-06-08
OPP-0007535,Proposal/Negotiation,2025-06-17
OPP-0007535,Closed Won,2025-06-18
OPP-0007540,Open,2025-06-07
OPP-0007540,Negotiation,2025-06-15
OPP-0007540,Closed Won,2025-07-01
OPP-0007541,SAL,2025-08-09
OPP-0007541,SQO,2025-08-19
OPP-0007541,POC,2025-09-10
OPP-0007541,Proposal/Negotiation,2025-10-21
OPP-0007541,Closed Lost,2025-10-25
OPP-0007542,Open,2025-06-16
OPP-0007542,Negotiation,2025-06-18
OPP-0007542,Closed Won,2025-07-10
OPP-0007543,Open,2025-07-24
OPP-0007543,Negotiation,2025-08-06
OPP-0007543,Closed Won,2025-08-17
OPP-0007544,Open,2025-06-05
OPP-0007544,Negotiation,2025-06-06
OPP-0007544,Closed Won,2025-07-05
OPP-0007545,Open,2025-06-05
OPP-0007545,Negotiation,2025-06-30
OPP-0007545,Closed Won,2025-09-01
OPP-0007553,Open,2025-06-15
OPP-0007553,Negotiation,2025-06-27
OPP-0007553,Closed Won,2025-07-01
OPP-0007554,Open,2025-06-09
OPP-0007554,Negotiation,2025-06-19
OPP-0007554,Closed Won,2025-07-01
OPP-0007555,SAL,2025-06-28
OPP-0007555,SQO,2025-07-06
OPP-0007555,Proposal/Negotiation,2025-07-07
OPP-0007555,Closed Lost,2025-07-20
OPP-0007556,SAL,2025-06-08
OPP-0007556,SQO,2025-06-08
OPP-0007556,Proposal/Negotiation,2025-06-13
OPP-0007556,Closed Lost,2025-06-22
OPP-0007557,Open,2025-07-12
OPP-0007557,Negotiation,2025-08-22
OPP-0007557,Closed Lost,2025-09-06
OPP-0007558,Open,2025-06-14
OPP-0007558,Negotiation,2025-07-23
OPP-0007558,Closed Lost,2025-08-01
OPP-0007566,Open,2025-06-12
OPP-0007566,Negotiation,2025-06-23
OPP-0007566,Closed Won,2025-07-01
OPP-0007567,Open,2025-06-13
OPP-0007567,Negotiation,2025-06-22
OPP-0007567,Closed Won,2025-07-01
OPP-0007568,Open,2025-06-18
OPP-0007568,Negotiation,2025-06-19
OPP-0007568,Closed Won,2025-07-01
OPP-0007569,SAL,2025-06-06
OPP-0007569,SQO,2025-06-11
OPP-0007569,Proposal/Negotiation,2025-06-27
OPP-0007569,Closed Lost,2025-07-03
OPP-0007570,SAL,2025-06-07
OPP-0007570,SQO,2025-06-12
OPP-0007570,Proposal/Negotiation,2025-07-05
OPP-0007570,Closed Lost,2025-07-05
OPP-0007571,Open,2025-07-03
OPP-0007571,Negotiation,2025-07-06
OPP-0007571,Closed Won,2025-07-28
OPP-0007572,Open,2025-07-07
OPP-0007572,Negotiation,2025-07-12
OPP-0007572,Closed Won,2025-07-14
OPP-0007573,Open,2025-06-06
OPP-0007573,Negotiation,2025-07-05
OPP-0007573,Closed Won,2025-08-01
OPP-0007574,SAL,2025-06-07
OPP-0007574,SQO,2025-06-09
OPP-0007574,Proposal/Negotiation,2025-06-24
OPP-0007574,Closed Won,2025-07-04
OPP-0007578,SAL,2025-06-08
OPP-0007578,SQO,2025-06-18
OPP-0007578,Proposal/Negotiation,2025-06-18
OPP-0007578,Closed Won,2025-06-21
OPP-0007582,Open,2025-06-25
OPP-0007582,Negotiation,2025-06-27
OPP-0007582,Closed Won,2025-07-01
OPP-0007583,Open,2025-06-13
OPP-0007583,Negotiation,2025-06-23
OPP-0007583,Closed Won,2025-07-01
OPP-0007584,Open,2025-08-05
OPP-0007584,Negotiation,2025-08-05
OPP-0007584,Closed Won,2025-08-16
OPP-0007591,SAL,2025-06-18
OPP-0007591,SQO,2025-06-23
OPP-0007591,Proposal/Negotiation,2025-06-23
OPP-0007591,Closed Lost,2025-07-03
OPP-0007592,SAL,2025-06-15
OPP-0007592,SQO,2025-06-18
OPP-0007592,Proposal/Negotiation,2025-07-02
OPP-0007592,Closed Lost,2025-07-03
OPP-0007593,Open,2025-06-29
OPP-0007593,Negotiation,2025-07-10
OPP-0007593,Closed Won,2025-08-01
OPP-0007594,Open,2025-07-31
OPP-0007594,Negotiation,2025-08-16
OPP-0007594,Closed Won,2025-09-01
OPP-0007605,Open,2025-06-16
OPP-0007605,Negotiation,2025-06-23
OPP-0007605,Closed Won,2025-07-01
OPP-0007606,Open,2025-06-27
OPP-0007606,Negotiation,2025-06-28
OPP-0007606,Closed Won,2025-07-01
OPP-0007607,Open,2025-06-15
OPP-0007607,Negotiation,2025-06-16
OPP-0007607,Closed Won,2025-07-01
OPP-0007608,Open,2025-06-20
OPP-0007608,Negotiation,2025-06-29
OPP-0007608,Closed Won,2025-07-01
OPP-0007609,SAL,2025-07-02
OPP-0007609,SQO,2025-07-23
OPP-0007609,POC,2025-09-19
OPP-0007609,Proposal/Negotiation,2025-10-03
OPP-0007609,Closed Lost,2025-11-04
OPP-0007610,Open,2025-07-07
OPP-0007610,Negotiation,2025-07-07
OPP-0007610,Closed Won,2025-08-01
OPP-0007618,Open,2025-06-14
OPP-0007618,Negotiation,2025-06-20
OPP-0007618,Closed Won,2025-07-01
OPP-0007619,SAL,2025-06-13
OPP-0007619,SQO,2025-06-14
OPP-0007619,Proposal/Negotiation,2025-07-03
OPP-0007619,Closed Lost,2025-07-10
OPP-0007620,SAL,2025-06-11
OPP-0007620,SQO,2025-06-14
OPP-0007620,POC,2025-09-14
OPP-0007620,Proposal/Negotiation,2025-09-17
OPP-0007620,Closed Lost,2025-09-27
OPP-0007621,Open,2025-06-12
OPP-0007621,Negotiation,2025-08-11
OPP-0007621,Closed Won,2025-09-01
OPP-0007622,SAL,2025-06-17
OPP-0007622,SQO,2025-06-19
OPP-0007622,Proposal/Negotiation,2025-06-26
OPP-0007622,Closed Won,2025-07-03
OPP-0007627,Open,2025-06-19
OPP-0007627,Negotiation,2025-06-19
OPP-0007627,Closed Won,2025-07-01
OPP-0007628,Open,2025-06-13
OPP-0007628,Negotiation,2025-06-25
OPP-0007628,Closed Won,2025-07-01
OPP-0007629,Open,2025-07-09
OPP-0007629,Negotiation,2025-07-31
OPP-0007629,Closed Won,2025-08-01
OPP-0007630,Open,2025-06-15
OPP-0007630,Negotiation,2025-07-03
OPP-0007630,Closed Won,2025-09-01
OPP-0007639,Open,2025-06-21
OPP-0007639,Negotiation,2025-06-27
OPP-0007639,Closed Won,2025-07-01
OPP-0007640,Open,2025-06-15
OPP-0007640,Negotiation,2025-06-18
OPP-0007640,Closed Won,2025-07-01
OPP-0007641,Open,2025-06-25
OPP-0007641,Negotiation,2025-07-19
OPP-0007641,Closed Won,2025-07-26
OPP-0007642,Open,2025-07-10
OPP-0007642,Negotiation,2025-07-18
OPP-0007642,Closed Won,2025-09-01
OPP-0007643,SAL,2025-06-18
OPP-0007643,SQO,2025-06-21
OPP-0007643,Proposal/Negotiation,2025-07-02
OPP-0007643,Closed Won,2025-07-28
OPP-0007651,Open,2025-06-27
OPP-0007651,Negotiation,2025-07-01
OPP-0007651,Closed Won,2025-07-01
OPP-0007652,SAL,2025-06-16
OPP-0007652,SQO,2025-06-28
OPP-0007652,Proposal/Negotiation,2025-06-28
OPP-0007652,SAL,2025-06-30
OPP-0007652,Closed Lost,2025-07-01
OPP-0007653,Open,2025-07-02
OPP-0007653,Negotiation,2025-07-09
OPP-0007653,Closed Won,2025-07-17
OPP-0007654,Open,2025-06-14
OPP-0007654,Negotiation,2025-08-20
OPP-0007654,Closed Won,2025-09-01
OPP-0007655,Open,2025-06-26
OPP-0007655,Negotiation,2025-07-09
OPP-0007655,Closed Lost,2025-08-01
OPP-0007656,Open,2025-06-27
OPP-0007656,Negotiation,2025-07-20
OPP-0007656,Closed Lost,2025-09-01
OPP-0007657,Open,2025-06-14
OPP-0007657,Negotiation,2025-07-02
OPP-0007657,Closed Won,2025-09-01
OPP-0007668,Open,2025-06-26
OPP-0007668,Negotiation,2025-06-29
OPP-0007668,Closed Won,2025-07-01
OPP-0007669,SAL,2025-06-20
OPP-0007669,SQO,2025-06-21
OPP-0007669,Proposal/Negotiation,2025-07-04
OPP-0007669,Closed Lost,2025-07-07
OPP-0007670,Open,2025-07-01
OPP-0007670,Negotiation,2025-08-18
OPP-0007670,Closed Won,2025-08-23
OPP-0007678,Open,2025-06-19
OPP-0007678,Negotiation,2025-06-21
OPP-0007678,Closed Won,2025-07-01
OPP-0007679,SAL,2025-06-17
OPP-0007679,SQO,2025-06-22
OPP-0007679,Proposal/Negotiation,2025-06-27
OPP-0007679,Closed Lost,2025-07-12
OPP-0007680,SAL,2025-06-19
OPP-0007680,SQO,2025-07-18
OPP-0007680,POC,2025-09-16
OPP-0007680,Proposal/Negotiation,2025-11-11
OPP-0007680,Closed Lost,2025-11-23
OPP-0007681,Open,2025-07-14
OPP-0007681,Negotiation,2025-07-20
OPP-0007681,Closed Won,2025-08-02
OPP-0007682,Open,2025-07-08
OPP-0007682,Negotiation,2025-07-26
OPP-0007682,Closed Won,2025-08-18
OPP-0007683,Open,2025-07-10
OPP-0007683,Negotiation,2025-08-21
OPP-0007683,Closed Won,2025-09-01
OPP-0007695,Open,2025-06-17
OPP-0007695,Negotiation,2025-06-26
OPP-0007695,Closed Won,2025-07-01
OPP-0007696,Open,2025-07-02
OPP-0007696,Negotiation,2025-07-20
OPP-0007696,Closed Won,2025-08-01
OPP-0007697,Open,2025-06-24
OPP-0007697,Negotiation,2025-06-29
OPP-0007697,Closed Won,2025-07-01
OPP-0007698,SAL,2025-06-26
OPP-0007698,SQO,2025-06-27
OPP-0007698,POC,2025-07-12
OPP-0007698,Proposal/Negotiation,2025-07-28
OPP-0007698,Closed Lost,2025-08-22
OPP-0007699,Open,2025-08-08
OPP-0007699,Negotiation,2025-09-04
OPP-0007699,Closed Won,2025-09-06
OPP-0007716,Open,2025-06-22
OPP-0007716,Negotiation,2025-07-22
OPP-0007716,Closed Won,2025-08-01
OPP-0007717,Open,2025-06-20
OPP-0007717,Negotiation,2025-07-03
OPP-0007717,Closed Won,2025-08-01
OPP-0007718,Open,2025-07-08
OPP-0007718,Negotiation,2025-07-27
OPP-0007718,Closed Won,2025-08-01
OPP-0007719,SAL,2025-06-21
OPP-0007719,SQO,2025-07-06
OPP-0007719,Proposal/Negotiation,2025-07-29
OPP-0007719,Closed Lost,2025-08-01
OPP-0007720,SAL,2025-08-05
OPP-0007720,SQO,2025-08-23
OPP-0007720,POC,2025-09-18
OPP-0007720,Proposal/Negotiation,2025-09-30
OPP-0007720,Closed Lost,2025-11-12
OPP-0007721,Open,2025-10-05
OPP-0007721,Negotiation,2025-10-20
OPP-0007721,Closed Won,2025-11-01
OPP-0007722,Open,2025-07-26
OPP-0007722,Negotiation,2025-07-29
OPP-0007722,Closed Won,2025-08-01
OPP-0007723,Open,2025-06-27
OPP-0007723,Negotiation,2025-08-01
OPP-0007723,Closed Won,2025-08-01
OPP-0007724,Open,2025-07-09
OPP-0007724,Negotiation,2025-08-01
OPP-0007724,Closed Won,2025-09-07
OPP-0007725,Open,2025-06-20
OPP-0007725,Negotiation,2025-07-22
OPP-0007725,Closed Won,2025-08-01
OPP-0007726,SAL,2025-06-29
OPP-0007726,SQO,2025-07-07
OPP-0007726,Proposal/Negotiation,2025-07-17
OPP-0007726,Closed Won,2025-07-19
OPP-0007737,Open,2025-07-03
OPP-0007737,Negotiation,2025-07-15
OPP-0007737,Closed Won,2025-08-01
OPP-0007738,SAL,2025-06-28
OPP-0007738,SQO,2025-07-05
OPP-0007738,POC,2025-09-25
OPP-0007738,Proposal/Negotiation,2025-10-16
OPP-0007738,Closed Lost,2025-12-05
OPP-0007739,Open,2025-07-22
OPP-0007739,Negotiation,2025-08-30
OPP-0007739,Closed Won,2025-10-27
OPP-0007740,SAL,2025-07-08
OPP-0007740,SQO,2025-08-01
OPP-0007740,Proposal/Negotiation,2025-08-02
OPP-0007740,Closed Won,2025-08-04
OPP-0007746,Open,2025-06-26
OPP-0007746,Negotiation,2025-07-13
OPP-0007746,Closed Won,2025-08-01
OPP-0007747,Open,2025-07-10
OPP-0007747,Negotiation,2025-07-21
OPP-0007747,Closed Won,2025-08-01
OPP-0007748,SAL,2025-06-24
OPP-0007748,SQO,2025-07-01
OPP-0007748,Proposal/Negotiation,2025-07-03
OPP-0007748,SAL,2025-07-04
OPP-0007748,Closed Lost,2025-07-11
OPP-0007749,SAL,2025-07-01
OPP-0007749,SQO,2025-07-07
OPP-0007749,Proposal/Negotiation,2025-07-15
OPP-0007749,Closed Lost,2025-07-17
OPP-0007750,SAL,2025-06-23
OPP-0007750,SQO,2025-06-27
OPP-0007750,Proposal/Negotiation,2025-07-02
OPP-0007750,Closed Lost,2025-07-13
OPP-0007751,SAL,2025-06-24
OPP-0007751,SQO,2025-07-05
OPP-0007751,Proposal/Negotiation,2025-07-19
OPP-0007751,Closed Lost,2025-07-21
OPP-0007752,SAL,2025-06-30
OPP-0007752,SQO,2025-07-06
OPP-0007752,Proposal/Negotiation,2025-07-17
OPP-0007752,Closed Lost,2025-07-21
OPP-0007753,Open,2025-07-16
OPP-0007753,Negotiation,2025-07-27
OPP-0007753,Closed Won,2025-09-01
OPP-0007759,Open,2025-07-11
OPP-0007759,Negotiation,2025-07-15
OPP-0007759,Closed Won,2025-08-01
OPP-0007760,SAL,2025-07-04
OPP-0007760,SQO,2025-07-09
OPP-0007760,SAL,2025-07-17
OPP-0007760,POC,2025-09-12
OPP-0007760,Proposal/Negotiation,2025-09-13
OPP-0007760,Closed Won,2025-11-06
OPP-0007765,Open,2025-07-17
OPP-0007765,Negotiation,2025-07-24
OPP-0007765,Closed Won,2025-08-01
OPP-0007766,Open,2025-07-21
OPP-0007766,Negotiation,2025-07-24
OPP-0007766,Closed Won,2025-08-01
OPP-0007767,Open,2025-06-30
OPP-0007767,Negotiation,2025-07-28
OPP-0007767,Closed Won,2025-08-01
OPP-0007768,SAL,2025-07-10
OPP-0007768,SQO,2025-07-12
OPP-0007768,Proposal/Negotiation,2025-07-17
OPP-0007768,SAL,2025-07-23
OPP-0007768,Closed Lost,2025-07-28
OPP-0007769,SAL,2025-07-03
OPP-0007769,SQO,2025-07-12
OPP-0007769,Proposal/Negotiation,2025-07-15
OPP-0007769,Closed Lost,2025-07-21
OPP-0007770,SAL,2025-07-07
OPP-0007770,SQO,2025-07-07
OPP-0007770,Proposal/Negotiation,2025-07-18
OPP-0007770,Closed Lost,2025-07-20
OPP-0007771,Open,2025-06-29
OPP-0007771,Negotiation,2025-07-17
OPP-0007771,Closed Won,2025-07-31
OPP-0007772,Open,2025-07-06
OPP-0007772,Negotiation,2025-08-17
OPP-0007772,Closed Won,2025-08-20
OPP-0007783,Open,2025-07-08
OPP-0007783,Negotiation,2025-07-25
OPP-0007783,Closed Won,2025-08-01
OPP-0007784,SAL,2025-07-16
OPP-0007784,SQO,2025-07-17
OPP-0007784,SAL,2025-07-27
OPP-0007784,POC,2025-08-17
OPP-0007784,Proposal/Negotiation,2025-08-22
OPP-0007784,Closed Lost,2025-09-23
OPP-0007785,Open,2025-06-27
OPP-0007785,Negotiation,2025-07-19
OPP-0007785,Closed Won,2025-08-20
OPP-0007789,Open,2025-07-03
OPP-0007789,Negotiation,2025-07-26
OPP-0007789,Closed Won,2025-08-01
OPP-0007790,Open,2025-07-12
OPP-0007790,Negotiation,2025-07-18
OPP-0007790,Closed Won,2025-08-01
OPP-0007791,SAL,2025-06-27
OPP-0007791,SQO,2025-07-13
OPP-0007791,SAL,2025-07-26
OPP-0007791,POC,2025-08-13
OPP-0007791,Proposal/Negotiation,2025-08-23
OPP-0007791,Closed Lost,2025-08-24
OPP-0007792,SAL,2025-07-04
OPP-0007792,SQO,2025-07-12
OPP-0007792,Proposal/Negotiation,2025-07-20
OPP-0007792,Closed Won,2025-07-26
OPP-0007800,Open,2025-06-27
OPP-0007800,Negotiation,2025-07-13
OPP-0007800,Closed Won,2025-08-01
OPP-0007801,SAL,2025-06-26
OPP-0007801,SQO,2025-07-04
OPP-0007801,Proposal/Negotiation,2025-07-06
OPP-0007801,Closed Lost,2025-07-12
OPP-0007811,Open,2025-07-06
OPP-0007811,Negotiation,2025-07-31
OPP-0007811,Closed Won,2025-08-01
OPP-0007812,SAL,2025-07-01
OPP-0007812,SQO,2025-07-08
OPP-0007812,Proposal/Negotiation,2025-07-16
OPP-0007812,Closed Lost,2025-07-24
OPP-0007813,SAL,2025-07-11
OPP-0007813,SQO,2025-07-17
OPP-0007813,Proposal/Negotiation,2025-07-18
OPP-0007813,Closed Lost,2025-07-18
OPP-0007814,SAL,2025-06-28
OPP-0007814,SQO,2025-07-05
OPP-0007814,Proposal/Negotiation,2025-07-23
OPP-0007814,Closed Won,2025-07-24
OPP-0007822,Open,2025-06-30
OPP-0007822,Negotiation,2025-07-03
OPP-0007822,Closed Won,2025-08-01
OPP-0007823,Open,2025-07-04
OPP-0007823,Negotiation,2025-07-27
OPP-0007823,Closed Won,2025-08-01
OPP-0007824,Open,2025-07-10
OPP-0007824,Negotiation,2025-07-30
OPP-0007824,Closed Won,2025-08-01
OPP-0007825,SAL,2025-07-13
OPP-0007825,SQO,2025-07-15
OPP-0007825,Proposal/Negotiation,2025-07-23
OPP-0007825,Closed Lost,2025-07-27
OPP-0007826,SAL,2025-07-01
OPP-0007826,SQO,2025-07-06
OPP-0007826,Proposal/Negotiation,2025-07-20
OPP-0007826,Closed Lost,2025-08-06
OPP-0007827,SAL,2025-07-15
OPP-0007827,SQO,2025-08-03
OPP-0007827,Proposal/Negotiation,2025-08-05
OPP-0007827,SAL,2025-08-05
OPP-0007827,Closed Lost,2025-08-06
OPP-0007828,Open,2025-07-22
OPP-0007828,Negotiation,2025-07-23
OPP-0007828,Closed Won,2025-08-01
OPP-0007829,Open,2025-07-16
OPP-0007829,Negotiation,2025-07-27
OPP-0007829,Closed Won,2025-09-01
OPP-0007836,Open,2025-07-27
OPP-0007836,Negotiation,2025-07-31
OPP-0007836,Closed Won,2025-08-01
OPP-0007837,Open,2025-07-10
OPP-0007837,Negotiation,2025-07-16
OPP-0007837,Closed Won,2025-09-20
OPP-0007838,SAL,2025-08-09
OPP-0007838,SQO,2025-08-25
OPP-0007838,POC,2025-09-29
OPP-0007838,Proposal/Negotiation,2025-10-03
OPP-0007838,Closed Lost,2025-11-25
OPP-0007839,Open,2025-07-05
OPP-0007839,Negotiation,2025-07-20
OPP-0007839,Closed Won,2025-08-01
OPP-0007840,Open,2025-07-02
OPP-0007840,Negotiation,2025-07-21
OPP-0007840,Closed Won,2025-08-01
OPP-0007841,Open,2025-07-17
OPP-0007841,Negotiation,2025-07-27
OPP-0007841,Closed Won,2025-08-01
OPP-0007842,Open,2025-07-12
OPP-0007842,Negotiation,2025-07-20
OPP-0007842,Closed Won,2025-08-01
OPP-0007843,Open,2025-07-10
OPP-0007843,Negotiation,2025-07-20
OPP-0007843,Closed Won,2025-08-01
OPP-0007844,SAL,2025-07-04
OPP-0007844,SQO,2025-07-25
OPP-0007844,Proposal/Negotiation,2025-08-15
OPP-0007844,Closed Lost,2025-08-15
OPP-0007845,SAL,2025-07-17
OPP-0007845,SQO,2025-07-24
OPP-0007845,Proposal/Negotiation,2025-08-01
OPP-0007845,Closed Won,2025-08-06
OPP-0007851,Open,2025-07-18
OPP-0007851,Negotiation,2025-07-26
OPP-0007851,Closed Won,2025-08-01
OPP-0007852,SAL,2025-07-07
OPP-0007852,SQO,2025-07-19
OPP-0007852,Proposal/Negotiation,2025-07-30
OPP-0007852,Closed Lost,2025-08-04
OPP-0007853,Open,2025-07-15
OPP-0007853,Negotiation,2025-08-02
OPP-0007853,Closed Won,2025-08-03
OPP-0007854,Open,2025-07-13
OPP-0007854,Negotiation,2025-07-23
OPP-0007854,Closed Won,2025-08-01
OPP-0007855,SAL,2025-07-12
OPP-0007855,SQO,2025-07-19
OPP-0007855,POC,2025-09-14
OPP-0007855,Proposal/Negotiation,2025-10-17
OPP-0007855,Closed Won,2025-10-18
OPP-0007856,SAL,2025-07-17
OPP-0007856,SQO,2025-07-23
OPP-0007856,Proposal/Negotiation,2025-07-31
OPP-0007856,Closed Won,2025-08-12
OPP-0007865,Open,2025-07-14
OPP-0007865,Negotiation,2025-07-16
OPP-0007865,Closed Won,2025-08-01
OPP-0007866,Open,2025-08-12
OPP-0007866,Negotiation,2025-08-28
OPP-0007866,Closed Won,2025-09-12
OPP-0007867,Open,2025-07-23
OPP-0007867,Negotiation,2025-08-21
OPP-0007867,Closed Won,2025-09-01
OPP-0007879,Open,2025-07-10
OPP-0007879,Negotiation,2025-07-27
OPP-0007879,Closed Won,2025-08-01
OPP-0007880,Open,2025-07-19
OPP-0007880,Negotiation,2025-07-23
OPP-0007880,Closed Won,2025-08-01
OPP-0007881,SAL,2025-07-05
OPP-0007881,SQO,2025-07-14
OPP-0007881,Proposal/Negotiation,2025-07-24
OPP-0007881,Closed Lost,2025-07-26
OPP-0007882,SAL,2025-07-09
OPP-0007882,SQO,2025-07-11
OPP-0007882,Proposal/Negotiation,2025-07-15
OPP-0007882,Closed Lost,2025-07-19
OPP-0007883,SAL,2025-07-06
OPP-0007883,SQO,2025-07-08
OPP-0007883,Proposal/Negotiation,2025-07-31
OPP-0007883,Closed Lost,2025-08-04
OPP-0007884,Open,2025-07-09
OPP-0007884,Negotiation,2025-08-12
OPP-0007884,Closed Won,2025-08-16
OPP-0007885,SAL,2025-07-31
OPP-0007885,SQO,2025-08-21
OPP-0007885,POC,2025-09-20
OPP-0007885,Proposal/Negotiation,2025-10-27
OPP-0007885,Closed Won,2025-11-15
OPP-0007896,Open,2025-07-16
OPP-0007896,Negotiation,2025-07-17
OPP-0007896,Closed Won,2025-08-01
OPP-0007897,Open,2025-07-05
OPP-0007897,Negotiation,2025-07-29
OPP-0007897,Closed Won,2025-08-01
OPP-0007898,SAL,2025-07-08
OPP-0007898,SQO,2025-07-20
OPP-0007898,Proposal/Negotiation,2025-08-05
OPP-0007898,Closed Lost,2025-08-10
OPP-0007899,SAL,2025-07-13
OPP-0007899,SQO,2025-07-19
OPP-0007899,Proposal/Negotiation,2025-07-20
OPP-0007899,Closed Lost,2025-07-24
OPP-0007900,Open,2025-08-01
OPP-0007900,Negotiation,2025-09-20
OPP-0007900,Closed Won,2025-10-02
OPP-0007901,SAL,2025-08-05
OPP-0007901,SQO,2025-08-21
OPP-0007901,POC,2025-10-10
OPP-0007901,Proposal/Negotiation,2025-10-30
OPP-0007901,Closed Won,2025-11-10
OPP-0007906,Open,2025-07-19
OPP-0007906,Negotiation,2025-07-31
OPP-0007906,Closed Won,2025-08-01
OPP-0007912,Open,2025-07-10
OPP-0007912,Negotiation,2025-07-25
OPP-0007912,Closed Won,2025-08-01
OPP-0007913,Open,2025-08-01
OPP-0007913,Negotiation,2025-08-21
OPP-0007913,Closed Lost,2025-09-01
OPP-0007914,Open,2025-07-30
OPP-0007914,Negotiation,2025-08-05
OPP-0007914,Closed Won,2025-09-09
OPP-0007915,Open,2025-07-20
OPP-0007915,Negotiation,2025-07-20
OPP-0007915,Closed Won,2025-09-01
OPP-0007916,SAL,2025-07-12
OPP-0007916,SQO,2025-07-21
OPP-0007916,Proposal/Negotiation,2025-07-28
OPP-0007916,Closed Won,2025-08-06
OPP-0007921,SAL,2025-07-12
OPP-0007921,SQO,2025-08-07
OPP-0007921,Proposal/Negotiation,2025-08-08
OPP-0007921,Closed Lost,2025-08-09
OPP-0007922,Open,2025-07-26
OPP-0007922,Negotiation,2025-08-22
OPP-0007922,Closed Won,2025-09-01
OPP-0007923,Open,2025-08-17
OPP-0007923,Negotiation,2025-09-10
OPP-0007923,Closed Won,2025-10-01
OPP-0007931,Open,2025-07-18
OPP-0007931,Negotiation,2025-07-20
OPP-0007931,Closed Won,2025-08-01
OPP-0007932,Open,2025-07-10
OPP-0007932,Negotiation,2025-07-28
OPP-0007932,Closed Won,2025-08-01
OPP-0007933,Open,2025-08-03
OPP-0007933,Negotiation,2025-09-01
OPP-0007933,Closed Lost,2025-10-01
OPP-0007941,Open,2025-07-13
OPP-0007941,Negotiation,2025-07-23
OPP-0007941,Closed Won,2025-08-01
OPP-0007942,Open,2025-07-25
OPP-0007942,Negotiation,2025-08-01
OPP-0007942,Closed Won,2025-08-01
OPP-0007943,SAL,2025-07-11
OPP-0007943,SQO,2025-07-23
OPP-0007943,Proposal/Negotiation,2025-07-25
OPP-0007943,Closed Lost,2025-07-28
OPP-0007944,SAL,2025-07-13
OPP-0007944,SQO,2025-07-22
OPP-0007944,Proposal/Negotiation,2025-07-24
OPP-0007944,Closed Lost,2025-07-25
OPP-0007945,SAL,2025-07-17
OPP-0007945,SQO,2025-07-18
OPP-0007945,Proposal/Negotiation,2025-07-26
OPP-0007945,Closed Lost,2025-08-06
OPP-0007946,Open,2025-07-24
OPP-0007946,Negotiation,2025-08-14
OPP-0007946,Closed Won,2025-08-21
OPP-0007954,Open,2025-07-14
OPP-0007954,Negotiation,2025-07-26
OPP-0007954,Closed Won,2025-08-01
OPP-0007955,SAL,2025-08-01
OPP-0007955,SQO,2025-08-05
OPP-0007955,Proposal/Negotiation,2025-08-12
OPP-0007955,Closed Won,2025-08-25
OPP-0007962,SAL,2025-08-01
OPP-0007962,SQO,2025-08-05
OPP-0007962,Proposal/Negotiation,2025-08-12
OPP-0007962,Closed Lost,2025-08-15
OPP-0007963,Open,2025-08-01
OPP-0007963,Negotiation,2025-08-21
OPP-0007963,Closed Won,2025-09-01
OPP-0007972,Open,2025-07-16
OPP-0007972,Negotiation,2025-07-31
OPP-0007972,Closed Won,2025-08-01
OPP-0007973,Open,2025-07-18
OPP-0007973,Negotiation,2025-07-21
OPP-0007973,Closed Won,2025-08-01
OPP-0007974,SAL,2025-07-16
OPP-0007974,SQO,2025-07-22
OPP-0007974,Proposal/Negotiation,2025-07-23
OPP-0007974,Closed Lost,2025-08-05
OPP-0007975,SAL,2025-07-13
OPP-0007975,SQO,2025-07-22
OPP-0007975,Proposal/Negotiation,2025-08-01
OPP-0007975,Closed Lost,2025-08-09
OPP-0007976,Open,2025-07-21
OPP-0007976,Negotiation,2025-08-15
OPP-0007976,Closed Won,2025-11-03
OPP-0007977,Open,2025-07-16
OPP-0007977,Negotiation,2025-08-10
OPP-0007977,Closed Won,2025-08-24
OPP-0007985,Open,2025-07-16
OPP-0007985,Negotiation,2025-07-31
OPP-0007985,Closed Won,2025-08-01
OPP-0007986,Open,2025-07-23
OPP-0007986,Negotiation,2025-07-26
OPP-0007986,Closed Won,2025-08-01
OPP-0007987,Open,2025-08-20
OPP-0007987,Negotiation,2025-10-03
OPP-0007987,Closed Won,2025-10-06
OPP-0007988,Open,2025-07-16
OPP-0007988,Negotiation,2025-07-28
OPP-0007988,Closed Won,2025-09-01
OPP-0007989,Open,2025-08-01
OPP-0007989,Negotiation,2025-08-05
OPP-0007989,Closed Won,2025-10-01
OPP-0008002,Open,2025-07-17
OPP-0008002,Negotiation,2025-07-30
OPP-0008002,Closed Won,2025-08-01
OPP-0008003,Open,2025-07-26
OPP-0008003,Negotiation,2025-07-29
OPP-0008003,Closed Won,2025-08-01
OPP-0008004,SAL,2025-07-16
OPP-0008004,SQO,2025-07-31
OPP-0008004,Proposal/Negotiation,2025-08-01
OPP-0008004,Closed Lost,2025-08-02
OPP-0008005,Open,2025-08-03
OPP-0008005,Negotiation,2025-08-31
OPP-0008005,Closed Won,2025-10-01
OPP-0008006,SAL,2025-07-20
OPP-0008006,SQO,2025-07-20
OPP-0008006,POC,2025-08-18
OPP-0008006,Proposal/Negotiation,2025-08-30
OPP-0008006,Closed Won,2025-11-03
OPP-0008012,Open,2025-07-16
OPP-0008012,Negotiation,2025-07-25
OPP-0008012,Closed Won,2025-08-01
OPP-0008013,Open,2025-07-21
OPP-0008013,Negotiation,2025-07-23
OPP-0008013,Closed Won,2025-08-01
OPP-0008014,SAL,2025-07-28
OPP-0008014,SQO,2025-08-01
OPP-0008014,SAL,2025-08-13
OPP-0008014,POC,2025-09-11
OPP-0008014,Proposal/Negotiation,2025-09-13
OPP-0008014,Closed Won,2025-10-24
OPP-0008025,Open,2025-07-23
OPP-0008025,Negotiation,2025-07-28
OPP-0008025,Closed Won,2025-08-01
OPP-0008026,Open,2025-07-19
OPP-0008026,Negotiation,2025-07-26
OPP-0008026,Closed Won,2025-08-01
OPP-0008027,Open,2025-07-20
OPP-0008027,Negotiation,2025-08-27
OPP-0008027,Closed Lost,2025-09-01
OPP-0008028,SAL,2025-07-27
OPP-0008028,SQO,2025-08-11
OPP-0008028,Proposal/Negotiation,2025-08-22
OPP-0008028,Closed Won,2025-08-23
OPP-0008035,Open,2025-08-06
OPP-0008035,Negotiation,2025-08-14
OPP-0008035,Closed Won,2025-09-01
OPP-0008036,Open,2025-07-31
OPP-0008036,Negotiation,2025-08-01
OPP-0008036,Closed Won,2025-08-01
OPP-0008037,Open,2025-08-15
OPP-0008037,Negotiation,2025-08-21
OPP-0008037,Closed Won,2025-09-01
OPP-0008038,Open,2025-07-23
OPP-0008038,Negotiation,2025-07-29
OPP-0008038,Closed Won,2025-08-01
OPP-0008039,SAL,2025-07-24
OPP-0008039,SQO,2025-07-25
OPP-0008039,Proposal/Negotiation,2025-07-27
OPP-0008039,Closed Lost,2025-08-03
OPP-0008040,SAL,2025-07-27
OPP-0008040,SQO,2025-08-22
OPP-0008040,Proposal/Negotiation,2025-08-22
OPP-0008040,Closed Lost,2025-08-27
OPP-0008041,SAL,2025-07-25
OPP-0008041,SQO,2025-07-30
OPP-0008041,Proposal/Negotiation,2025-08-10
OPP-0008041,Closed Lost,2025-08-10
OPP-0008042,SAL,2025-07-30
OPP-0008042,SQO,2025-07-31
OPP-0008042,SAL,2025-08-06
OPP-0008042,POC,2025-09-10
OPP-0008042,Proposal/Negotiation,2025-10-26
OPP-0008042,Closed Lost,2025-11-11
OPP-0008043,Open,2025-09-30
OPP-0008043,Negotiation,2025-10-07
OPP-0008043,Closed Won,2025-10-07
OPP-0008044,Open,2025-08-06
OPP-0008044,Negotiation,2025-08-23
OPP-0008044,Closed Lost,2025-09-01
OPP-0008049,Open,2025-08-01
OPP-0008049,Negotiation,2025-08-21
OPP-0008049,Closed Won,2025-09-01
OPP-0008050,SAL,2025-07-22
OPP-0008050,SQO,2025-08-06
OPP-0008050,Proposal/Negotiation,2025-08-24
OPP-0008050,Closed Lost,2025-08-28
OPP-0008051,SAL,2025-07-27
OPP-0008051,SQO,2025-07-27
OPP-0008051,Proposal/Negotiation,2025-08-02
OPP-0008051,Closed Lost,2025-08-18
OPP-0008052,Open,2025-07-21
OPP-0008052,Negotiation,2025-08-03
OPP-0008052,Closed Won,2025-09-15
OPP-0008053,Open,2025-08-09
OPP-0008053,Negotiation,2025-09-01
OPP-0008053,Closed Won,2025-09-01
OPP-0008054,Open,2025-07-28
OPP-0008054,Negotiation,2025-08-30
OPP-0008054,Closed Won,2025-09-01
OPP-0008055,Open,2025-08-11
OPP-0008055,Negotiation,2025-08-16
OPP-0008055,Closed Lost,2025-09-01
OPP-0008056,SAL,2025-08-02
OPP-0008056,SQO,2025-08-09
OPP-0008056,Proposal/Negotiation,2025-08-10
OPP-0008056,Closed Won,2025-08-27
OPP-0008057,SAL,2025-07-20
OPP-0008057,SQO,2025-07-21
OPP-0008057,Proposal/Negotiation,2025-07-24
OPP-0008057,Closed Won,2025-08-05
OPP-0008058,SAL,2025-07-29
OPP-0008058,SQO,2025-08-06
OPP-0008058,Proposal/Negotiation,2025-08-13
OPP-0008058,Closed Won,2025-08-24
OPP-0008069,Open,2025-07-29
OPP-0008069,Negotiation,2025-08-19
OPP-0008069,Closed Won,2025-09-01
OPP-0008070,Open,2025-07-22
OPP-0008070,Negotiation,2025-07-28
OPP-0008070,Closed Won,2025-08-23
OPP-0008071,Open,2025-08-26
OPP-0008071,Negotiation,2025-08-29
OPP-0008071,Closed Won,2025-09-19
OPP-0008072,SAL,2025-07-26
OPP-0008072,SQO,2025-08-05
OPP-0008072,Proposal/Negotiation,2025-08-07
OPP-0008072,Closed Won,2025-08-08
OPP-0008084,Open,2025-07-23
OPP-0008084,Negotiation,2025-07-31
OPP-0008084,Closed Won,2025-09-01
OPP-0008085,Open,2025-08-07
OPP-0008085,Negotiation,2025-08-10
OPP-0008085,Closed Won,2025-09-21
OPP-0008086,Open,2025-08-04
OPP-0008086,Negotiation,2025-08-21
OPP-0008086,Closed Won,2025-09-01
OPP-0008087,SAL,2025-07-31
OPP-0008087,SQO,2025-08-08
OPP-0008087,Proposal/Negotiation,2025-08-13
OPP-0008087,Closed Won,2025-08-14
OPP-0008088,SAL,2025-07-24
OPP-0008088,SQO,2025-08-15
OPP-0008088,Proposal/Negotiation,2025-08-17
OPP-0008088,Closed Won,2025-08-23
OPP-0008096,Open,2025-08-25
OPP-0008096,Negotiation,2025-08-31
OPP-0008096,Closed Won,2025-09-01
OPP-0008097,Open,2025-08-06
OPP-0008097,Negotiation,2025-08-28
OPP-0008097,Closed Won,2025-09-01
OPP-0008098,SAL,2025-08-06
OPP-0008098,SQO,2025-08-14
OPP-0008098,POC,2025-10-22
OPP-0008098,Proposal/Negotiation,2025-11-09
OPP-0008098,Closed Won,2025-11-19
OPP-0008099,SAL,2025-07-22
OPP-0008099,SQO,2025-08-08
OPP-0008099,Proposal/Negotiation,2025-08-13
OPP-0008099,Closed Won,2025-08-16
OPP-0008100,SAL,2025-08-04
OPP-0008100,SQO,2025-08-06
OPP-0008100,Proposal/Negotiation,2025-08-13
OPP-0008100,Closed Won,2025-08-23
OPP-0008107,Open,2025-08-27
OPP-0008107,Negotiation,2025-09-01
OPP-0008107,Closed Won,2025-09-01
OPP-0008108,Open,2025-07-27
OPP-0008108,Negotiation,2025-08-25
OPP-0008108,Closed Won,2025-09-01
OPP-0008109,Open,2025-07-26
OPP-0008109,Negotiation,2025-08-17
OPP-0008109,Closed Won,2025-09-01
OPP-0008110,Open,2025-09-21
OPP-0008110,Negotiation,2025-09-24
OPP-0008110,Closed Won,2025-10-01
OPP-0008117,Open,2025-07-30
OPP-0008117,Negotiation,2025-08-15
OPP-0008117,Closed Won,2025-09-01
OPP-0008118,Open,2025-07-31
OPP-0008118,Negotiation,2025-08-11
OPP-0008118,Closed Won,2025-09-01
OPP-0008119,SAL,2025-07-26
OPP-0008119,SQO,2025-08-01
OPP-0008119,Proposal/Negotiation,2025-08-04
OPP-0008119,Closed Lost,2025-08-08
OPP-0008120,SAL,2025-08-19
OPP-0008120,SQO,2025-08-22
OPP-0008120,Proposal/Negotiation,2025-08-24
OPP-0008120,Closed Lost,2025-09-05
OPP-0008121,Open,2025-08-03
OPP-0008121,Negotiation,2025-09-16
OPP-0008121,Closed Won,2025-10-01
OPP-0008135,Open,2025-07-27
OPP-0008135,Negotiation,2025-07-28
OPP-0008135,Closed Won,2025-09-01
OPP-0008136,SAL,2025-07-25
OPP-0008136,SQO,2025-08-10
OPP-0008136,Proposal/Negotiation,2025-08-30
OPP-0008136,Closed Lost,2025-09-03
OPP-0008137,SAL,2025-08-03
OPP-0008137,SQO,2025-08-05
OPP-0008137,Proposal/Negotiation,2025-08-07
OPP-0008137,Closed Lost,2025-08-08
OPP-0008138,Open,2025-08-30
OPP-0008138,Negotiation,2025-09-19
OPP-0008138,Closed Won,2025-11-28
OPP-0008139,SAL,2025-07-30
OPP-0008139,SQO,2025-08-03
OPP-0008139,Proposal/Negotiation,2025-08-03
OPP-0008139,Closed Won,2025-08-15
OPP-0008147,Open,2025-08-01
OPP-0008147,Negotiation,2025-08-22
OPP-0008147,Closed Won,2025-09-01
OPP-0008148,SAL,2025-07-31
OPP-0008148,SQO,2025-08-04
OPP-0008148,Proposal/Negotiation,2025-08-14
OPP-0008148,Closed Lost,2025-08-16
OPP-0008149,SAL,2025-08-09
OPP-0008149,SQO,2025-08-28
OPP-0008149,POC,2025-10-02
OPP-0008149,Proposal/Negotiation,2025-10-21
OPP-0008149,Closed Lost,2025-11-26
OPP-0008150,Open,2025-07-27
OPP-0008150,Negotiation,2025-09-25
OPP-0008150,Closed Won,2025-10-05
OPP-0008151,Open,2025-08-23
OPP-0008151,Negotiation,2025-08-24
OPP-0008151,Closed Won,2025-09-07
OPP-0008152,Open,2025-09-05
OPP-0008152,Negotiation,2025-09-10
OPP-0008152,Closed Won,2025-10-01
OPP-0008153,Open,2025-08-19
OPP-0008153,Negotiation,2025-08-24
OPP-0008153,Closed Won,2025-09-01
OPP-0008154,Open,2025-08-30
OPP-0008154,Negotiation,2025-09-02
OPP-0008154,Closed Won,2025-10-01
OPP-0008155,Open,2025-08-25
OPP-0008155,Negotiation,2025-09-11
OPP-0008155,Closed Won,2025-10-01
OPP-0008156,Open,2025-07-29
OPP-0008156,Negotiation,2025-08-26
OPP-0008156,Closed Won,2025-09-01
OPP-0008162,Open,2025-07-30
OPP-0008162,Negotiation,2025-08-11
OPP-0008162,Closed Won,2025-09-01
OPP-0008163,SAL,2025-07-31
OPP-0008163,SQO,2025-08-07
OPP-0008163,Proposal/Negotiation,2025-08-19
OPP-0008163,Closed Lost,2025-08-25
OPP-0008164,Open,2025-07-29
OPP-0008164,Negotiation,2025-08-30
OPP-0008164,Closed Won,2025-09-01
OPP-0008165,Open,2025-07-28
OPP-0008165,Negotiation,2025-09-16
OPP-0008165,Closed Lost,2025-10-01
OPP-0008166,SAL,2025-07-29
OPP-0008166,SQO,2025-07-31
OPP-0008166,Proposal/Negotiation,2025-08-06
OPP-0008166,SAL,2025-08-07
OPP-0008166,Closed Won,2025-08-11
OPP-0008177,SAL,2025-08-01
OPP-0008177,SQO,2025-08-03
OPP-0008177,Proposal/Negotiation,2025-08-12
OPP-0008177,Closed Lost,2025-08-13
OPP-0008178,SAL,2025-08-01
OPP-0008178,SQO,2025-08-24
OPP-0008178,POC,2025-10-24
OPP-0008178,Proposal/Negotiation,2025-11-03
OPP-0008178,Closed Lost,2025-11-12
OPP-0008179,Open,2025-08-02
OPP-0008179,Negotiation,2025-09-18
OPP-0008179,Closed Won,2025-10-01
OPP-0008180,SAL,2025-08-01
OPP-0008180,SQO,2025-08-21
OPP-0008180,Proposal/Negotiation,2025-08-28
OPP-0008180,Closed Won,2025-09-03
OPP-0008183,Open,2025-08-12
OPP-0008183,Negotiation,2025-08-20
OPP-0008183,Closed Won,2025-09-01
OPP-0008184,Open,2025-08-01
OPP-0008184,Negotiation,2025-08-08
OPP-0008184,Closed Won,2025-09-01
OPP-0008185,Open,2025-08-07
OPP-0008185,Negotiation,2025-08-29
OPP-0008185,Closed Won,2025-09-01
OPP-0008186,Open,2025-08-12
OPP-0008186,Negotiation,2025-08-23
OPP-0008186,Closed Won,2025-09-01
OPP-0008187,Open,2025-08-07
OPP-0008187,Negotiation,2025-08-14
OPP-0008187,Closed Won,2025-09-01
OPP-0008188,Open,2025-07-30
OPP-0008188,Negotiation,2025-08-22
OPP-0008188,Closed Won,2025-09-01
OPP-0008189,Open,2025-08-11
OPP-0008189,Negotiation,2025-08-27
OPP-0008189,Closed Won,2025-09-01
OPP-0008190,Open,2025-07-31
OPP-0008190,Negotiation,2025-08-15
OPP-0008190,Closed Won,2025-09-01
OPP-0008191,SAL,2025-08-08
OPP-0008191,SQO,2025-09-08
OPP-0008191,POC,2025-11-17
OPP-0008191,Proposal/Negotiation,2025-11-18
OPP-0008191,Closed Lost,2025-12-13
OPP-0008192,SAL,2025-08-13
OPP-0008192,SQO,2025-09-11
OPP-0008192,POC,2025-10-02
OPP-0008192,Proposal/Negotiation,2025-10-16
OPP-0008192,Closed Lost,2025-11-24
OPP-0008193,Open,2025-08-05
OPP-0008193,Negotiation,2025-08-18
OPP-0008193,Closed Won,2025-09-01
OPP-0008194,Open,2025-08-27
OPP-0008194,Negotiation,2025-08-30
OPP-0008194,Closed Won,2025-09-01
OPP-0008195,Open,2025-08-04
OPP-0008195,Negotiation,2025-08-18
OPP-0008195,Closed Won,2025-09-01
OPP-0008196,Open,2025-08-27
OPP-0008196,Negotiation,2025-08-30
OPP-0008196,Closed Won,2025-09-01
OPP-0008197,SAL,2025-08-02
OPP-0008197,SQO,2025-08-10
OPP-0008197,SAL,2025-08-13
OPP-0008197,Proposal/Negotiation,2025-08-14
OPP-0008197,Closed Lost,2025-08-14
OPP-0008198,Open,2025-08-16
OPP-0008198,Negotiation,2025-09-08
OPP-0008198,Closed Won,2025-10-01
OPP-0008199,Open,2025-08-08
OPP-0008199,Negotiation,2025-08-29
OPP-0008199,Closed Won,2025-09-01
OPP-0008200,Open,2025-08-05
OPP-0008200,Negotiation,2025-09-16
OPP-0008200,Closed Won,2025-09-24
OPP-0008201,Open,2025-08-02
OPP-0008201,Negotiation,2025-08-12
OPP-0008201,Closed Won,2025-10-11
OPP-0008202,Open,2025-08-04
OPP-0008202,Negotiation,2025-08-05
OPP-0008202,Closed Won,2025-09-01
OPP-0008203,SAL,2025-08-23
OPP-0008203,SQO,2025-08-25
OPP-0008203,Proposal/Negotiation,2025-09-05
OPP-0008203,Closed Won,2025-09-12
OPP-0008215,Open,2025-08-10
OPP-0008215,Negotiation,2025-08-27
OPP-0008215,Closed Won,2025-09-01
OPP-0008216,SAL,2025-08-25
OPP-0008216,SQO,2025-09-07
OPP-0008216,Proposal/Negotiation,2025-09-07
OPP-0008216,Closed Lost,2025-09-11
OPP-0008217,SAL,2025-08-20
OPP-0008217,SQO,2025-08-22
OPP-0008217,Proposal/Negotiation,2025-09-13
OPP-0008217,Closed Lost,2025-09-15
OPP-0008218,SAL,2025-08-11
OPP-0008218,SQO,2025-08-15
OPP-0008218,Proposal/Negotiation,2025-08-26
OPP-0008218,Closed Lost,2025-09-06
OPP-0008219,Open,2025-08-06
OPP-0008219,Negotiation,2025-09-01
OPP-0008219,Closed Won,2025-09-09
OPP-0008220,SAL,2025-08-05
OPP-0008220,SQO,2025-08-14
OPP-0008220,Proposal/Negotiation,2025-08-22
OPP-0008220,Closed Won,2025-08-26
OPP-0008228,Open,2025-08-03
OPP-0008228,Negotiation,2025-08-17
OPP-0008228,Closed Won,2025-09-01
OPP-0008229,Open,2025-08-08
OPP-0008229,Negotiation,2025-08-16
OPP-0008229,Closed Won,2025-09-01
OPP-0008230,SAL,2025-08-17
OPP-0008230,SQO,2025-08-27
OPP-0008230,Proposal/Negotiation,2025-08-29
OPP-0008230,Closed Lost,2025-09-08
OPP-0008231,Open,2025-08-08
OPP-0008231,Negotiation,2025-08-26
OPP-0008231,Closed Won,2025-10-01
OPP-0008232,SAL,2025-08-09
OPP-0008232,SQO,2025-08-26
OPP-0008232,POC,2025-11-01
OPP-0008232,Proposal/Negotiation,2025-11-11
OPP-0008232,Closed Won,2025-11-16
OPP-0008241,Open,2025-08-11
OPP-0008241,Negotiation,2025-08-27
OPP-0008241,Closed Won,2025-09-01
OPP-0008242,SAL,2025-08-08
OPP-0008242,SQO,2025-08-17
OPP-0008242,Proposal/Negotiation,2025-08-19
OPP-0008242,Closed Lost,2025-09-02
OPP-0008243,SAL,2025-08-05
OPP-0008243,SQO,2025-08-20
OPP-0008243,POC,2025-10-22
OPP-0008243,Proposal/Negotiation,2025-11-08
OPP-0008243,Closed Lost,2025-12-17
OPP-0008252,Open,2025-08-07
OPP-0008252,Negotiation,2025-08-26
OPP-0008252,Closed Won,2025-09-01
OPP-0008253,Open,2025-08-18
OPP-0008253,Negotiation,2025-08-31
OPP-0008253,Closed Won,2025-09-01
OPP-0008254,Open,2025-08-16
OPP-0008254,Negotiation,2025-08-22
OPP-0008254,Closed Won,2025-09-01
OPP-0008255,Open,2025-08-05
OPP-0008255,Negotiation,2025-09-01
OPP-0008255,Closed Won,2025-09-01
OPP-0008256,SAL,2025-08-09
OPP-0008256,SQO,2025-09-07
OPP-0008256,Proposal/Negotiation,2025-09-12
OPP-0008256,Closed Lost,2025-09-12
OPP-0008257,Open,2025-09-04
OPP-0008257,Negotiation,2025-09-24
OPP-0008257,Closed Lost,2025-10-22
OPP-0008258,Open,2025-08-18
OPP-0008258,Negotiation,2025-08-30
OPP-0008258,Closed Won,2025-11-01
OPP-0008267,Open,2025-08-28
OPP-0008267,Negotiation,2025-08-29
OPP-0008267,Closed Won,2025-09-01
OPP-0008268,Open,2025-08-08
OPP-0008268,Negotiation,2025-08-09
OPP-0008268,Closed Won,2025-09-01
OPP-0008269,SAL,2025-08-19
OPP-0008269,SQO,2025-08-21
OPP-0008269,Proposal/Negotiation,2025-08-27
OPP-0008269,Closed Lost,2025-09-01
OPP-0008277,Open,2025-08-27
OPP-0008277,Negotiation,2025-08-31
OPP-0008277,Closed Won,2025-09-01
OPP-0008278,Open,2025-08-07
OPP-0008278,Negotiation,2025-08-25
OPP-0008278,Closed Won,2025-09-01
OPP-0008279,SAL,2025-08-12
OPP-0008279,SQO,2025-08-26
OPP-0008279,Proposal/Negotiation,2025-08-31
OPP-0008279,Closed Lost,2025-09-09
OPP-0008280,SAL,2025-08-16
OPP-0008280,SQO,2025-08-21
OPP-0008280,Proposal/Negotiation,2025-09-07
OPP-0008280,Closed Won,2025-09-08
OPP-0008288,Open,2025-08-16
OPP-0008288,Negotiation,2025-08-20
OPP-0008288,Closed Won,2025-09-01
OPP-0008289,Open,2025-08-25
OPP-0008289,Negotiation,2025-08-29
OPP-0008289,Closed Won,2025-09-01
OPP-0008290,Open,2025-08-27
OPP-0008290,Negotiation,2025-09-29
OPP-0008290,Closed Won,2025-10-01
OPP-0008291,Open,2025-08-14
OPP-0008291,Negotiation,2025-08-25
OPP-0008291,Closed Won,2025-10-01
OPP-0008295,SAL,2025-08-18
OPP-0008295,SQO,2025-08-23
OPP-0008295,Proposal/Negotiation,2025-08-28
OPP-0008295,Closed Lost,2025-09-02
OPP-0008296,SAL,2025-08-21
OPP-0008296,SQO,2025-08-21
OPP-0008296,POC,2025-09-21
OPP-0008296,Proposal/Negotiation,2025-10-30
OPP-0008296,Closed Lost,2025-11-02
OPP-0008297,Open,2025-09-26
OPP-0008297,Negotiation,2025-10-03
OPP-0008297,Closed Won,2025-11-01
OPP-0008306,Open,2025-08-24
OPP-0008306,Negotiation,2025-08-31
OPP-0008306,Closed Won,2025-09-01
OPP-0008307,Open,2025-08-13
OPP-0008307,Negotiation,2025-08-23
OPP-0008307,Closed Won,2025-09-01
OPP-0008308,Open,2025-08-18
OPP-0008308,Negotiation,2025-08-26
OPP-0008308,Closed Won,2025-09-01
OPP-0008309,Open,2025-09-14
OPP-0008309,Negotiation,2025-09-15
OPP-0008309,Closed Won,2025-09-27
OPP-0008310,Open,2025-09-25
OPP-0008310,Negotiation,2025-09-29
OPP-0008310,Closed Won,2025-11-01
OPP-0008311,Open,2025-09-16
OPP-0008311,Negotiation,2025-10-01
OPP-0008311,Closed Won,2025-11-01
OPP-0008316,Open,2025-08-12
OPP-0008316,Negotiation,2025-08-27
OPP-0008316,Closed Won,2025-09-01
OPP-0008317,Open,2025-08-15
OPP-0008317,Negotiation,2025-08-30
OPP-0008317,Closed Won,2025-09-01
OPP-0008318,SAL,2025-08-11
OPP-0008318,SQO,2025-08-20
OPP-0008318,Proposal/Negotiation,2025-08-25
OPP-0008318,Closed Lost,2025-08-25
OPP-0008319,Open,2025-08-22
OPP-0008319,Negotiation,2025-09-13
OPP-0008319,Closed Won,2025-09-21
OPP-0008325,SAL,2025-08-18
OPP-0008325,SQO,2025-09-01
OPP-0008325,Proposal/Negotiation,2025-09-16
OPP-0008325,Closed Lost,2025-09-26
OPP-0008326,Open,2025-09-22
OPP-0008326,Negotiation,2025-09-23
OPP-0008326,Closed Won,2025-11-21
OPP-0008333,SAL,2025-08-26
OPP-0008333,SQO,2025-08-29
OPP-0008333,Proposal/Negotiation,2025-08-30
OPP-0008333,Closed Lost,2025-09-03
OPP-0008334,SAL,2025-08-22
OPP-0008334,SQO,2025-08-22
OPP-0008334,Proposal/Negotiation,2025-09-11
OPP-0008334,Closed Lost,2025-09-19
OPP-0008335,SAL,2025-08-30
OPP-0008335,SQO,2025-09-05
OPP-0008335,POC,2025-10-07
OPP-0008335,Proposal/Negotiation,2025-10-10
OPP-0008335,Closed Lost,2025-10-17
OPP-0008336,SAL,2025-08-14
OPP-0008336,SQO,2025-10-07
OPP-0008336,POC,2025-11-17
OPP-0008336,Proposal/Negotiation,2025-12-13
OPP-0008336,Closed Lost,2025-12-28
OPP-0008348,Open,2025-08-15
OPP-0008348,Negotiation,2025-08-27
OPP-0008348,Closed Won,2025-09-01
OPP-0008349,Open,2025-09-09
OPP-0008349,Negotiation,2025-09-17
OPP-0008349,Closed Won,2025-11-01
OPP-0008350,SAL,2025-08-20
OPP-0008350,SQO,2025-08-23
OPP-0008350,Proposal/Negotiation,2025-09-02
OPP-0008350,Closed Won,2025-09-05
OPP-0008358,Open,2025-08-18
OPP-0008358,Negotiation,2025-08-19
OPP-0008358,Closed Won,2025-09-01
OPP-0008359,Open,2025-08-27
OPP-0008359,Negotiation,2025-08-28
OPP-0008359,Closed Won,2025-09-01
OPP-0008360,Open,2025-08-20
OPP-0008360,Negotiation,2025-08-21
OPP-0008360,Closed Won,2025-09-01
OPP-0008361,SAL,2025-08-21
OPP-0008361,SQO,2025-09-11
OPP-0008361,Proposal/Negotiation,2025-09-14
OPP-0008361,Closed Lost,2025-09-22
OPP-0008362,SAL,2025-08-25
OPP-0008362,SQO,2025-08-26
OPP-0008362,Proposal/Negotiation,2025-08-29
OPP-0008362,Closed Won,2025-09-07
OPP-0008372,Open,2025-08-22
OPP-0008372,Negotiation,2025-08-28
OPP-0008372,Closed Won,2025-09-01
OPP-0008373,Open,2025-08-20
OPP-0008373,Negotiation,2025-08-29
OPP-0008373,Closed Won,2025-09-01
OPP-0008374,SAL,2025-09-05
OPP-0008374,SQO,2025-09-11
OPP-0008374,Proposal/Negotiation,2025-09-12
OPP-0008374,Closed Lost,2025-09-23
OPP-0008375,Open,2025-08-18
OPP-0008375,Negotiation,2025-08-19
OPP-0008375,Closed Won,2025-09-24
OPP-0008376,SAL,2025-08-21
OPP-0008376,SQO,2025-09-04
OPP-0008376,Proposal/Negotiation,2025-09-05
OPP-0008376,SAL,2025-09-06
OPP-0008376,Closed Won,2025-09-07
OPP-0008381,Open,2025-08-21
OPP-0008381,Negotiation,2025-09-01
OPP-0008381,Closed Won,2025-09-01
OPP-0008382,Open,2025-09-06
OPP-0008382,Negotiation,2025-09-09
OPP-0008382,Closed Won,2025-10-01
OPP-0008383,Open,2025-08-23
OPP-0008383,Negotiation,2025-08-30
OPP-0008383,Closed Won,2025-09-01
OPP-0008384,SAL,2025-08-20
OPP-0008384,SQO,2025-08-30
OPP-0008384,Proposal/Negotiation,2025-09-04
OPP-0008384,Closed Lost,2025-09-21
OPP-0008385,Open,2025-08-28
OPP-0008385,Negotiation,2025-09-26
OPP-0008385,Closed Won,2025-11-01
OPP-0008386,SAL,2025-08-31
OPP-0008386,SQO,2025-09-03
OPP-0008386,Proposal/Negotiation,2025-09-08
OPP-0008386,Closed Won,2025-09-12
OPP-0008391,Open,2025-08-25
OPP-0008391,Negotiation,2025-08-30
OPP-0008391,Closed Won,2025-09-01
OPP-0008392,Open,2025-08-23
OPP-0008392,Negotiation,2025-08-28
OPP-0008392,Closed Won,2025-09-01
OPP-0008393,Open,2025-08-21
OPP-0008393,Negotiation,2025-08-28
OPP-0008393,Closed Won,2025-09-01
OPP-0008394,Open,2025-10-09
OPP-0008394,Negotiation,2025-10-18
OPP-0008394,Closed Lost,2025-11-01
OPP-0008395,Open,2025-08-27
OPP-0008395,Negotiation,2025-09-13
OPP-0008395,Closed Won,2025-10-01
OPP-0008404,Open,2025-09-18
OPP-0008404,Negotiation,2025-09-24
OPP-0008404,Closed Won,2025-10-01
OPP-0008405,Open,2025-09-15
OPP-0008405,Negotiation,2025-09-25
OPP-0008405,Closed Won,2025-10-01
OPP-0008406,Open,2025-09-20
OPP-0008406,Negotiation,2025-10-05
OPP-0008406,Closed Won,2025-11-16
OPP-0008407,SAL,2025-09-05
OPP-0008407,SQO,2025-09-08
OPP-0008407,Proposal/Negotiation,2025-09-09
OPP-0008407,Closed Won,2025-09-10
OPP-0008417,Open,2025-09-27
OPP-0008417,Negotiation,2025-09-28
OPP-0008417,Closed Won,2025-10-01
OPP-0008418,Open,2025-08-31
OPP-0008418,Negotiation,2025-09-24
OPP-0008418,Closed Won,2025-10-01
OPP-0008424,Open,2025-08-27
OPP-0008424,Negotiation,2025-09-18
OPP-0008424,Closed Won,2025-10-01
OPP-0008425,Open,2025-09-14
OPP-0008425,Negotiation,2025-09-18
OPP-0008425,Closed Won,2025-10-01
OPP-0008426,Open,2025-09-20
OPP-0008426,Negotiation,2025-09-25
OPP-0008426,Closed Won,2025-10-01
OPP-0008427,Open,2025-09-14
OPP-0008427,Negotiation,2025-09-25
OPP-0008427,Closed Won,2025-10-01
OPP-0008428,Open,2025-08-31
OPP-0008428,Negotiation,2025-09-17
OPP-0008428,Closed Won,2025-10-01
OPP-0008429,SAL,2025-08-28
OPP-0008429,SQO,2025-09-02
OPP-0008429,Proposal/Negotiation,2025-09-23
OPP-0008429,Closed Lost,2025-10-02
OPP-0008430,Open,2025-10-01
OPP-0008430,Negotiation,2025-10-04
OPP-0008430,Closed Lost,2025-11-01
OPP-0008431,Open,2025-09-02
OPP-0008431,Negotiation,2025-09-22
OPP-0008431,Closed Won,2025-10-01
OPP-0008432,Open,2025-09-05
OPP-0008432,Negotiation,2025-09-07
OPP-0008432,Closed Lost,2025-11-01
OPP-0008433,SAL,2025-08-31
OPP-0008433,SQO,2025-09-06
OPP-0008433,Proposal/Negotiation,2025-09-09
OPP-0008433,Closed Won,2025-09-18
OPP-0008434,SAL,2025-09-16
OPP-0008434,SQO,2025-09-18
OPP-0008434,Proposal/Negotiation,2025-09-22
OPP-0008434,Closed Won,2025-09-27
OPP-0008440,Open,2025-08-28
OPP-0008440,Negotiation,2025-10-01
OPP-0008440,Closed Won,2025-10-01
OPP-0008441,SAL,2025-08-24
OPP-0008441,SQO,2025-08-25
OPP-0008441,Proposal/Negotiation,2025-09-01
OPP-0008441,Closed Lost,2025-09-05
OPP-0008442,SAL,2025-09-08
OPP-0008442,SQO,2025-09-12
OPP-0008442,Proposal/Negotiation,2025-09-14
OPP-0008442,Closed Lost,2025-09-24
OPP-0008443,SAL,2025-09-21
OPP-0008443,SQO,2025-10-19
OPP-0008443,POC,2025-11-19
OPP-0008443,Proposal/Negotiation,2025-12-01
OPP-0008443,Closed Lost,2025-12-13
OPP-0008444,SAL,2025-08-23
OPP-0008444,SQO,2025-08-27
OPP-0008444,SAL,2025-09-01
OPP-0008444,POC,2025-10-12
OPP-0008444,Proposal/Negotiation,2025-10-15
OPP-0008444,Closed Won,2025-11-01
OPP-0008450,Open,2025-09-06
OPP-0008450,Negotiation,2025-09-18
OPP-0008450,Closed Won,2025-10-01
OPP-0008451,SAL,2025-08-25
OPP-0008451,SQO,2025-08-29
OPP-0008451,Proposal/Negotiation,2025-09-12
OPP-0008451,Closed Lost,2025-09-13
OPP-0008452,SAL,2025-08-25
OPP-0008452,SQO,2025-09-12
OPP-0008452,Proposal/Negotiation,2025-09-21
OPP-0008452,Closed Lost,2025-09-21
OPP-0008453,SAL,2025-09-19
OPP-0008453,SQO,2025-09-19
OPP-0008453,Proposal/Negotiation,2025-09-25
OPP-0008453,Closed Lost,2025-09-25
OPP-0008454,Open,2025-08-26
OPP-0008454,Negotiation,2025-09-03
OPP-0008454,Closed Won,2025-10-01
OPP-0008455,Open,2025-08-23
OPP-0008455,Negotiation,2025-09-27
OPP-0008455,Closed Won,2025-11-01
OPP-0008464,SAL,2025-08-30
OPP-0008464,SQO,2025-09-01
OPP-0008464,Proposal/Negotiation,2025-09-12
OPP-0008464,Closed Lost,2025-09-14
OPP-0008465,Open,2025-09-29
OPP-0008465,Negotiation,2025-10-01
OPP-0008465,Closed Won,2025-10-05
OPP-0008466,SAL,2025-08-28
OPP-0008466,SQO,2025-09-17
OPP-0008466,Proposal/Negotiation,2025-09-18
OPP-0008466,Closed Won,2025-09-27
OPP-0008476,Open,2025-09-22
OPP-0008476,Negotiation,2025-09-25
OPP-0008476,Closed Won,2025-10-01
OPP-0008477,Open,2025-09-15
OPP-0008477,Negotiation,2025-09-17
OPP-0008477,Closed Won,2025-10-01
OPP-0008478,Open,2025-09-13
OPP-0008478,Negotiation,2025-09-24
OPP-0008478,Closed Won,2025-10-01
OPP-0008484,Open,2025-09-07
OPP-0008484,Negotiation,2025-09-18
OPP-0008484,Closed Won,2025-10-01
OPP-0008485,Open,2025-09-09
OPP-0008485,Negotiation,2025-09-28
OPP-0008485,Closed Won,2025-10-01
OPP-0008486,SAL,2025-09-01
OPP-0008486,SQO,2025-09-17
OPP-0008486,Proposal/Negotiation,2025-09-19
OPP-0008486,Closed Lost,2025-09-28
OPP-0008487,Open,2025-09-19
OPP-0008487,Negotiation,2025-09-21
OPP-0008487,Closed Won,2025-10-01
OPP-0008488,Open,2025-09-12
OPP-0008488,Negotiation,2025-09-12
OPP-0008488,Closed Won,2025-10-01
OPP-0008500,Open,2025-08-29
OPP-0008500,Negotiation,2025-09-11
OPP-0008500,Closed Won,2025-10-10
OPP-0008501,Open,2025-09-20
OPP-0008501,Negotiation,2025-10-22
OPP-0008501,Closed Lost,2025-11-01
OPP-0008505,Open,2025-09-14
OPP-0008505,Negotiation,2025-09-25
OPP-0008505,Closed Won,2025-10-01
OPP-0008506,SAL,2025-09-06
OPP-0008506,SQO,2025-09-13
OPP-0008506,Proposal/Negotiation,2025-09-19
OPP-0008506,Closed Lost,2025-09-26
OPP-0008507,SAL,2025-09-16
OPP-0008507,SQO,2025-09-23
OPP-0008507,Proposal/Negotiation,2025-09-24
OPP-0008507,Closed Lost,2025-10-09
OPP-0008508,SAL,2025-09-07
OPP-0008508,SQO,2025-09-10
OPP-0008508,POC,2025-11-07
OPP-0008508,Proposal/Negotiation,2025-11-27
OPP-0008508,Closed Lost,2025-12-09
OPP-0008509,Open,2025-09-23
OPP-0008509,Negotiation,2025-10-12
OPP-0008509,Closed Won,2025-11-20
OPP-0008510,Open,2025-08-29
OPP-0008510,Negotiation,2025-09-13
OPP-0008510,Closed Won,2025-11-01
OPP-0008511,Open,2025-10-06
OPP-0008511,Negotiation,2025-10-21
OPP-0008511,Closed Won,2025-11-01
OPP-0008512,Open,2025-09-07
OPP-0008512,Negotiation,2025-09-15
OPP-0008512,Closed Won,2025-11-01
OPP-0008517,Open,2025-09-06
OPP-0008517,Negotiation,2025-09-27
OPP-0008517,Closed Won,2025-10-01
OPP-0008518,Open,2025-09-10
OPP-0008518,Negotiation,2025-09-25
OPP-0008518,Closed Won,2025-10-01
OPP-0008519,Open,2025-09-06
OPP-0008519,Negotiation,2025-09-30
OPP-0008519,Closed Won,2025-10-01
OPP-0008520,SAL,2025-09-03
OPP-0008520,SQO,2025-09-04
OPP-0008520,Proposal/Negotiation,2025-09-05
OPP-0008520,Closed Lost,2025-09-20
OPP-0008521,Open,2025-09-07
OPP-0008521,Negotiation,2025-09-09
OPP-0008521,Closed Won,2025-10-01
OPP-0008522,SAL,2025-09-19
OPP-0008522,SQO,2025-10-09
OPP-0008522,Proposal/Negotiation,2025-10-13
OPP-0008522,Closed Lost,2025-10-14
OPP-0008523,SAL,2025-09-08
OPP-0008523,SQO,2025-10-03
OPP-0008523,Proposal/Negotiation,2025-10-03
OPP-0008523,Closed Lost,2025-10-11
OPP-0008524,SAL,2025-09-05
OPP-0008524,SQO,2025-09-06
OPP-0008524,Proposal/Negotiation,2025-09-14
OPP-0008524,Closed Lost,2025-09-23
OPP-0008525,Open,2025-10-01
OPP-0008525,Negotiation,2025-10-26
OPP-0008525,Closed Won,2025-11-01
OPP-0008526,SAL,2025-09-11
OPP-0008526,SQO,2025-09-12
OPP-0008526,Proposal/Negotiation,2025-09-17
OPP-0008526,Closed Won,2025-09-23
OPP-0008527,Open,2025-09-17
OPP-0008527,Negotiation,2025-09-20
OPP-0008527,Closed Won,2025-10-01
OPP-0008528,Open,2025-09-01
OPP-0008528,Negotiation,2025-09-20
OPP-0008528,Closed Won,2025-10-01
OPP-0008529,Open,2025-08-31
OPP-0008529,Negotiation,2025-09-18
OPP-0008529,Closed Won,2025-10-01
OPP-0008530,Open,2025-09-01
OPP-0008530,Negotiation,2025-09-24
OPP-0008530,Closed Won,2025-10-01
OPP-0008531,Open,2025-09-09
OPP-0008531,Negotiation,2025-09-14
OPP-0008531,Closed Won,2025-10-01
OPP-0008532,SAL,2025-09-03
OPP-0008532,SQO,2025-09-05
OPP-0008532,Proposal/Negotiation,2025-09-22
OPP-0008532,Closed Lost,2025-10-02
OPP-0008533,SAL,2025-09-10
OPP-0008533,SQO,2025-09-14
OPP-0008533,Proposal/Negotiation,2025-09-15
OPP-0008533,Closed Lost,2025-09-21
OPP-0008534,Open,2025-09-26
OPP-0008534,Negotiation,2025-11-01
OPP-0008534,Closed Won,2025-11-01
OPP-0008535,SAL,2025-09-11
OPP-0008535,SQO,2025-09-13
OPP-0008535,Proposal/Negotiation,2025-09-17
OPP-0008535,Closed Won,2025-09-17
OPP-0008549,Open,2025-09-10
OPP-0008549,Negotiation,2025-09-11
OPP-0008549,Closed Won,2025-10-01
OPP-0008550,Open,2025-09-08
OPP-0008550,Negotiation,2025-09-30
OPP-0008550,Closed Won,2025-10-01
OPP-0008551,Open,2025-09-11
OPP-0008551,Negotiation,2025-09-24
OPP-0008551,Closed Won,2025-10-01
OPP-0008552,SAL,2025-09-15
OPP-0008552,SQO,2025-09-15
OPP-0008552,Proposal/Negotiation,2025-09-19
OPP-0008552,Closed Lost,2025-09-23
OPP-0008553,SAL,2025-09-02
OPP-0008553,SQO,2025-09-07
OPP-0008553,Proposal/Negotiation,2025-09-27
OPP-0008553,Closed Lost,2025-10-08
OPP-0008554,SAL,2025-09-07
OPP-0008554,SQO,2025-10-08
OPP-0008554,POC,2025-11-27
OPP-0008554,Proposal/Negotiation,2025-12-11
OPP-0008554,Closed Lost,2025-12-24
OPP-0008557,Open,2025-09-07
OPP-0008557,Negotiation,2025-09-26
OPP-0008557,Closed Won,2025-10-01
OPP-0008558,Open,2025-09-08
OPP-0008558,Negotiation,2025-09-18
OPP-0008558,Closed Won,2025-10-01
OPP-0008559,Open,2025-09-18
OPP-0008559,Negotiation,2025-09-20
OPP-0008559,Closed Won,2025-10-01
OPP-0008560,SAL,2025-09-13
OPP-0008560,SQO,2025-09-15
OPP-0008560,Proposal/Negotiation,2025-09-18
OPP-0008560,Closed Lost,2025-09-21
OPP-0008561,SAL,2025-09-09
OPP-0008561,SQO,2025-09-09
OPP-0008561,Proposal/Negotiation,2025-09-15
OPP-0008561,Closed Lost,2025-09-22
OPP-0008562,SAL,2025-09-10
OPP-0008562,SQO,2025-09-17
OPP-0008562,Proposal/Negotiation,2025-10-03
OPP-0008562,Closed Lost,2025-10-03
OPP-0008570,Open,2025-09-09
OPP-0008570,Negotiation,2025-09-23
OPP-0008570,Closed Won,2025-10-01
OPP-0008571,Open,2025-09-20
OPP-0008571,Negotiation,2025-09-25
OPP-0008571,Closed Won,2025-10-01
OPP-0008572,Open,2025-09-19
OPP-0008572,Negotiation,2025-09-22
OPP-0008572,Closed Won,2025-10-01
OPP-0008573,Open,2025-09-07
OPP-0008573,Negotiation,2025-09-17
OPP-0008573,Closed Won,2025-10-01
OPP-0008574,SAL,2025-09-04
OPP-0008574,SQO,2025-10-08
OPP-0008574,POC,2025-10-18
OPP-0008574,Proposal/Negotiation,2025-11-16
OPP-0008574,Closed Lost,2025-12-22
OPP-0008585,Open,2025-09-11
OPP-0008585,Negotiation,2025-09-25
OPP-0008585,Closed Won,2025-10-01
OPP-0008586,Open,2025-09-25
OPP-0008586,Negotiation,2025-09-29
OPP-0008586,Closed Won,2025-10-01
OPP-0008587,Open,2025-09-13
OPP-0008587,Negotiation,2025-09-14
OPP-0008587,Closed Won,2025-10-01
OPP-0008588,SAL,2025-10-13
OPP-0008588,SQO,2025-10-15
OPP-0008588,POC,2025-12-12
OPP-0008588,Proposal/Negotiation,2025-12-16
OPP-0008588,Closed Lost,2025-12-27
OPP-0008589,Open,2025-09-20
OPP-0008589,Negotiation,2025-10-30
OPP-0008589,Closed Won,2025-12-01
OPP-0008590,SAL,2025-09-05
OPP-0008590,SQO,2025-09-13
OPP-0008590,POC,2025-10-11
OPP-0008590,Proposal/Negotiation,2025-10-30
OPP-0008590,Closed Won,2025-11-08
OPP-0008591,SAL,2025-09-10
OPP-0008591,SQO,2025-09-13
OPP-0008591,Proposal/Negotiation,2025-09-21
OPP-0008591,Closed Won,2025-10-18
OPP-0008604,Open,2025-09-24
OPP-0008604,Negotiation,2025-09-28
OPP-0008604,Closed Won,2025-10-01
OPP-0008605,Open,2025-09-22
OPP-0008605,Negotiation,2025-10-01
OPP-0008605,Closed Won,2025-10-01
OPP-0008606,Open,2025-09-12
OPP-0008606,Negotiation,2025-09-25
OPP-0008606,Closed Won,2025-10-01
OPP-0008607,Open,2025-09-10
OPP-0008607,Negotiation,2025-09-15
OPP-0008607,Closed Won,2025-10-01
OPP-0008608,Open,2025-09-25
OPP-0008608,Negotiation,2025-09-29
OPP-0008608,Closed Won,2025-10-01
OPP-0008609,SAL,2025-09-12
OPP-0008609,SQO,2025-10-01
OPP-0008609,Proposal/Negotiation,2025-10-03
OPP-0008609,Closed Lost,2025-10-10
OPP-0008610,SAL,2025-09-07
OPP-0008610,SQO,2025-09-08
OPP-0008610,Proposal/Negotiation,2025-09-14
OPP-0008610,Closed Lost,2025-10-07
OPP-0008611,SAL,2025-09-22
OPP-0008611,SQO,2025-09-26
OPP-0008611,Proposal/Negotiation,2025-09-30
OPP-0008611,Closed Lost,2025-10-03
OPP-0008612,Open,2025-10-07
OPP-0008612,Negotiation,2025-10-08
OPP-0008612,Closed Won,2025-10-28
OPP-0008619,Open,2025-09-24
OPP-0008619,Negotiation,2025-09-28
OPP-0008619,Closed Won,2025-10-01
OPP-0008620,Open,2025-09-15
OPP-0008620,Negotiation,2025-09-25
OPP-0008620,Closed Won,2025-10-15
OPP-0008621,Open,2025-11-11
OPP-0008621,Negotiation,2025-11-28
OPP-0008621,Closed Won,2025-12-01
OPP-0008622,SAL,2025-09-22
OPP-0008622,SQO,2025-10-01
OPP-0008622,Proposal/Negotiation,2025-10-02
OPP-0008622,Closed Won,2025-10-07
OPP-0008629,Open,2025-09-25
OPP-0008629,Negotiation,2025-09-28
OPP-0008629,Closed Won,2025-10-01
OPP-0008630,Open,2025-09-24
OPP-0008630,Negotiation,2025-09-29
OPP-0008630,Closed Won,2025-10-01
OPP-0008631,Open,2025-09-15
OPP-0008631,Negotiation,2025-09-24
OPP-0008631,Closed Won,2025-10-01
OPP-0008632,SAL,2025-09-17
OPP-0008632,SQO,2025-09-21
OPP-0008632,Proposal/Negotiation,2025-09-26
OPP-0008632,Closed Lost,2025-10-23
OPP-0008643,Open,2025-09-16
OPP-0008643,Negotiation,2025-09-19
OPP-0008643,Closed Won,2025-10-01
OPP-0008644,Open,2025-09-13
OPP-0008644,Negotiation,2025-09-25
OPP-0008644,Closed Won,2025-10-01
OPP-0008650,Open,2025-09-11
OPP-0008650,Negotiation,2025-09-29
OPP-0008650,Closed Won,2025-10-01
OPP-0008651,Open,2025-09-15
OPP-0008651,Negotiation,2025-10-01
OPP-0008651,Closed Won,2025-10-25
OPP-0008652,Open,2025-10-28
OPP-0008652,Negotiation,2025-11-30
OPP-0008652,Closed Won,2025-12-01
OPP-0008653,SAL,2025-09-22
OPP-0008653,SQO,2025-10-07
OPP-0008653,Proposal/Negotiation,2025-10-17
OPP-0008653,Closed Won,2025-10-22
OPP-0008664,Open,2025-09-12
OPP-0008664,Negotiation,2025-09-22
OPP-0008664,Closed Won,2025-10-01
OPP-0008665,Open,2025-09-11
OPP-0008665,Negotiation,2025-09-22
OPP-0008665,Closed Won,2025-10-01
OPP-0008666,Open,2025-09-19
OPP-0008666,Negotiation,2025-09-22
OPP-0008666,Closed Won,2025-10-20
OPP-0008667,Open,2025-10-04
OPP-0008667,Negotiation,2025-11-27
OPP-0008667,Closed Won,2025-12-01
OPP-0008675,Open,2025-09-16
OPP-0008675,Negotiation,2025-09-17
OPP-0008675,Closed Won,2025-10-01
OPP-0008676,Open,2025-09-19
OPP-0008676,Negotiation,2025-09-27
OPP-0008676,Closed Won,2025-10-01
OPP-0008677,Open,2025-09-14
OPP-0008677,Negotiation,2025-09-22
OPP-0008677,Closed Won,2025-10-01
OPP-0008678,Open,2025-09-17
OPP-0008678,Negotiation,2025-09-19
OPP-0008678,Closed Won,2025-10-01
OPP-0008679,Open,2025-09-16
OPP-0008679,Negotiation,2025-09-28
OPP-0008679,Closed Won,2025-10-01
OPP-0008680,SAL,2025-09-23
OPP-0008680,SQO,2025-09-24
OPP-0008680,Proposal/Negotiation,2025-10-01
OPP-0008680,Closed Lost,2025-10-09
OPP-0008681,Open,2025-10-15
OPP-0008681,Negotiation,2025-10-16
OPP-0008681,Closed Won,2025-12-01
OPP-0008695,Open,2025-09-19
OPP-0008695,Negotiation,2025-09-29
OPP-0008695,Closed Won,2025-10-01
OPP-0008696,SAL,2025-09-22
OPP-0008696,SQO,2025-10-03
OPP-0008696,Proposal/Negotiation,2025-10-13
OPP-0008696,Closed Lost,2025-10-13
OPP-0008697,SAL,2025-09-19
OPP-0008697,SQO,2025-10-01
OPP-0008697,Proposal/Negotiation,2025-10-13
OPP-0008697,Closed Lost,2025-10-15
OPP-0008698,Open,2025-09-17
OPP-0008698,Negotiation,2025-10-08
OPP-0008698,Closed Won,2025-11-01
OPP-0008711,Open,2025-09-25
OPP-0008711,Negotiation,2025-09-26
OPP-0008711,Closed Won,2025-10-01
OPP-0008712,Open,2025-09-22
OPP-0008712,Negotiation,2025-09-23
OPP-0008712,Closed Won,2025-10-01
OPP-0008713,Open,2025-09-26
OPP-0008713,Negotiation,2025-09-28
OPP-0008713,Closed Won,2025-10-01
OPP-0008714,Open,2025-09-27
OPP-0008714,Negotiation,2025-09-28
OPP-0008714,Closed Won,2025-10-01
OPP-0008715,Open,2025-10-26
OPP-0008715,Negotiation,2025-11-29
OPP-0008715,Closed Won,2025-12-01
OPP-0008716,Open,2025-10-13
OPP-0008716,Negotiation,2025-10-30
OPP-0008716,Closed Lost,2025-11-01
OPP-0008722,Open,2025-09-21
OPP-0008722,Negotiation,2025-09-27
OPP-0008722,Closed Won,2025-10-01
OPP-0008723,Open,2025-09-24
OPP-0008723,Negotiation,2025-09-27
OPP-0008723,Closed Won,2025-10-01
OPP-0008724,Open,2025-09-19
OPP-0008724,Negotiation,2025-09-26
OPP-0008724,Closed Won,2025-10-01
OPP-0008725,SAL,2025-09-24
OPP-0008725,SQO,2025-09-29
OPP-0008725,Proposal/Negotiation,2025-10-07
OPP-0008725,Closed Lost,2025-10-08
OPP-0008726,Open,2025-09-15
OPP-0008726,Negotiation,2025-09-25
OPP-0008726,Closed Won,2025-10-27
OPP-0008727,Open,2025-10-02
OPP-0008727,Negotiation,2025-10-31
OPP-0008727,Closed Lost,2025-11-01
OPP-0008735,Open,2025-09-20
OPP-0008735,Negotiation,2025-09-26
OPP-0008735,Closed Won,2025-10-01
OPP-0008736,Open,2025-09-19
OPP-0008736,Negotiation,2025-09-30
OPP-0008736,Closed Won,2025-10-01
OPP-0008737,SAL,2025-10-14
OPP-0008737,SQO,2025-10-21
OPP-0008737,Proposal/Negotiation,2025-10-26
OPP-0008737,Closed Lost,2025-10-27
OPP-0008738,Open,2025-09-25
OPP-0008738,Negotiation,2025-09-28
OPP-0008738,Closed Lost,2025-11-07
OPP-0008739,Open,2025-09-24
OPP-0008739,Negotiation,2025-11-02
OPP-0008739,Closed Won,2025-12-01
OPP-0008751,Open,2025-09-21
OPP-0008751,Negotiation,2025-09-25
OPP-0008751,Closed Won,2025-10-01
OPP-0008752,Open,2025-09-18
OPP-0008752,Negotiation,2025-09-20
OPP-0008752,Closed Won,2025-10-01
OPP-0008753,Open,2025-09-27
OPP-0008753,Negotiation,2025-09-27
OPP-0008753,Closed Won,2025-10-01
OPP-0008754,SAL,2025-09-21
OPP-0008754,SQO,2025-09-23
OPP-0008754,Proposal/Negotiation,2025-09-25
OPP-0008754,Closed Lost,2025-10-19
OPP-0008755,Open,2025-09-26
OPP-0008755,Negotiation,2025-10-17
OPP-0008755,Closed Won,2025-12-01
OPP-0008756,Open,2025-10-06
OPP-0008756,Negotiation,2025-10-27
OPP-0008756,Closed Won,2025-11-01
OPP-0008764,Open,2025-09-25
OPP-0008764,Negotiation,2025-09-29
OPP-0008764,Closed Won,2025-11-01
OPP-0008765,Open,2025-09-29
OPP-0008765,Negotiation,2025-10-08
OPP-0008765,Closed Won,2025-11-01
OPP-0008766,SAL,2025-09-20
OPP-0008766,SQO,2025-09-24
OPP-0008766,Proposal/Negotiation,2025-10-05
OPP-0008766,Closed Lost,2025-10-10
OPP-0008767,SAL,2025-10-01
OPP-0008767,SQO,2025-10-01
OPP-0008767,SAL,2025-10-07
OPP-0008767,Proposal/Negotiation,2025-10-21
OPP-0008767,Closed Lost,2025-10-27
OPP-0008768,Open,2025-10-04
OPP-0008768,Negotiation,2025-10-09
OPP-0008768,Closed Won,2025-11-15
OPP-0008769,Open,2025-10-08
OPP-0008769,Negotiation,2025-11-30
OPP-0008769,Closed Won,2025-12-01
OPP-0008770,Open,2025-09-27
OPP-0008770,Negotiation,2025-11-20
OPP-0008770,Closed Lost,2025-12-01
OPP-0008771,Open,2025-09-26
OPP-0008771,Negotiation,2025-11-23
OPP-0008771,Closed Won,2025-12-01
OPP-0008772,Open,2025-10-22
OPP-0008772,Negotiation,2025-11-04
OPP-0008772,Closed Won,2025-12-01
OPP-0008773,SAL,2025-09-19
OPP-0008773,SQO,2025-09-28
OPP-0008773,Proposal/Negotiation,2025-09-29
OPP-0008773,Closed Won,2025-10-03
OPP-0008777,Open,2025-10-04
OPP-0008777,Negotiation,2025-10-05
OPP-0008777,Closed Won,2025-11-01
OPP-0008778,Open,2025-10-12
OPP-0008778,Negotiation,2025-11-01
OPP-0008778,Closed Won,2025-11-01
OPP-0008779,Open,2025-10-06
OPP-0008779,Negotiation,2025-10-08
OPP-0008779,Closed Won,2025-11-01
OPP-0008780,Open,2025-09-21
OPP-0008780,Negotiation,2025-10-02
OPP-0008780,Closed Won,2025-11-02
OPP-0008781,Open,2025-10-24
OPP-0008781,Negotiation,2025-10-24
OPP-0008781,Closed Won,2025-11-01
OPP-0008782,Open,2025-10-02
OPP-0008782,Negotiation,2025-10-02
OPP-0008782,Closed Won,2025-12-01
OPP-0008795,Open,2025-09-25
OPP-0008795,Negotiation,2025-10-01
OPP-0008795,Closed Won,2025-11-01
OPP-0008796,Open,2025-09-25
OPP-0008796,Negotiation,2025-10-14
OPP-0008796,Closed Won,2025-11-01
OPP-0008797,Open,2025-09-28
OPP-0008797,Negotiation,2025-10-11
OPP-0008797,Closed Won,2025-11-01
OPP-0008798,Open,2025-10-14
OPP-0008798,Negotiation,2025-10-30
OPP-0008798,Closed Won,2025-11-01
OPP-0008799,SAL,2025-09-28
OPP-0008799,SQO,2025-10-07
OPP-0008799,Proposal/Negotiation,2025-10-08
OPP-0008799,Closed Lost,2025-10-10
OPP-0008800,Open,2025-10-03
OPP-0008800,Negotiation,2025-11-30
OPP-0008800,Closed Won,2025-12-01
OPP-0008801,Open,2025-10-14
OPP-0008801,Negotiation,2025-10-26
OPP-0008801,Closed Won,2025-11-01
OPP-0008802,Open,2025-09-22
OPP-0008802,Negotiation,2025-10-01
OPP-0008802,Closed Won,2025-11-01
OPP-0008803,Open,2025-10-09
OPP-0008803,Negotiation,2025-10-10
OPP-0008803,Closed Won,2025-11-01
OPP-0008804,Open,2025-10-26
OPP-0008804,Negotiation,2025-10-28
OPP-0008804,Closed Won,2025-11-01
OPP-0008811,Open,2025-10-07
OPP-0008811,Negotiation,2025-10-25
OPP-0008811,Closed Won,2025-11-01
OPP-0008812,SAL,2025-10-03
OPP-0008812,SQO,2025-10-09
OPP-0008812,Proposal/Negotiation,2025-10-15
OPP-0008812,Closed Won,2025-10-18
OPP-0008813,SAL,2025-09-24
OPP-0008813,SQO,2025-09-26
OPP-0008813,Proposal/Negotiation,2025-09-27
OPP-0008813,Closed Won,2025-10-12
OPP-0008820,Open,2025-10-01
OPP-0008820,Negotiation,2025-10-28
OPP-0008820,Closed Won,2025-11-01
OPP-0008821,Open,2025-09-23
OPP-0008821,Negotiation,2025-10-10
OPP-0008821,Closed Won,2025-11-01
OPP-0008822,SAL,2025-10-21
OPP-0008822,SQO,2025-11-04
OPP-0008822,Proposal/Negotiation,2025-11-05
OPP-0008822,Closed Lost,2025-11-06
OPP-0008823,SAL,2025-10-02
OPP-0008823,SQO,2025-10-18
OPP-0008823,Proposal/Negotiation,2025-10-22
OPP-0008823,Closed Lost,2025-10-28
OPP-0008824,SAL,2025-09-28
OPP-0008824,SQO,2025-09-28
OPP-0008824,Proposal/Negotiation,2025-10-04
OPP-0008824,Closed Lost,2025-10-09
OPP-0008825,Open,2025-10-14
OPP-0008825,Negotiation,2025-10-17
OPP-0008825,Closed Won,2025-12-01
OPP-0008826,Open,2025-10-26
OPP-0008826,Negotiation,2025-11-10
OPP-0008826,Closed Lost,2025-12-01
OPP-0008835,Open,2025-09-28
OPP-0008835,Negotiation,2025-10-11
OPP-0008835,Closed Won,2025-11-01
OPP-0008836,Open,2025-09-27
OPP-0008836,Negotiation,2025-10-27
OPP-0008836,Closed Won,2025-11-01
OPP-0008837,Open,2025-10-24
OPP-0008837,Negotiation,2025-10-29
OPP-0008837,Closed Won,2025-11-01
OPP-0008838,SAL,2025-09-23
OPP-0008838,SQO,2025-10-06
OPP-0008838,Proposal/Negotiation,2025-10-10
OPP-0008838,Closed Lost,2025-10-13
OPP-0008839,SAL,2025-09-28
OPP-0008839,SQO,2025-10-04
OPP-0008839,Proposal/Negotiation,2025-10-16
OPP-0008839,Closed Lost,2025-10-19
OPP-0008840,Open,2025-10-09
OPP-0008840,Negotiation,2025-10-15
OPP-0008840,Closed Won,2025-11-05
OPP-0008841,Open,2025-09-24
OPP-0008841,Negotiation,2025-09-24
OPP-0008841,Closed Won,2025-11-03
OPP-0008842,SAL,2025-10-08
OPP-0008842,SQO,2025-10-12
OPP-0008842,Proposal/Negotiation,2025-10-21
OPP-0008842,Closed Won,2025-10-24
OPP-0008856,Open,2025-10-06
OPP-0008856,Negotiation,2025-10-29
OPP-0008856,Closed Won,2025-11-01
OPP-0008857,SAL,2025-09-26
OPP-0008857,SQO,2025-10-02
OPP-0008857,Proposal/Negotiation,2025-10-05
OPP-0008857,Closed Won,2025-10-14
OPP-0008858,SAL,2025-09-29
OPP-0008858,SQO,2025-10-01
OPP-0008858,Proposal/Negotiation,2025-10-12
OPP-0008858,Closed Won,2025-10-18
OPP-0008865,SAL,2025-10-03
OPP-0008865,SQO,2025-10-05
OPP-0008865,Proposal/Negotiation,2025-10-09
OPP-0008865,Closed Lost,2025-10-24
OPP-0008866,SAL,2025-10-15
OPP-0008866,SQO,2025-10-31
OPP-0008866,Proposal/Negotiation,2025-10-31
OPP-0008866,SAL,2025-11-01
OPP-0008866,Closed Lost,2025-11-02
OPP-0008880,Open,2025-10-08
OPP-0008880,Negotiation,2025-10-25
OPP-0008880,Closed Won,2025-11-01
OPP-0008881,Open,2025-10-17
OPP-0008881,Negotiation,2025-10-18
OPP-0008881,Closed Won,2025-11-01
OPP-0008882,Open,2025-10-20
OPP-0008882,Negotiation,2025-11-02
OPP-0008882,Closed Lost,2025-11-02
OPP-0008883,Open,2025-10-11
OPP-0008883,Negotiation,2025-11-17
OPP-0008883,Closed Won,2025-12-01
OPP-0008884,Open,2025-10-05
OPP-0008884,Negotiation,2025-10-10
OPP-0008884,Closed Won,2025-11-01
OPP-0008885,SAL,2025-10-02
OPP-0008885,SQO,2025-10-04
OPP-0008885,Proposal/Negotiation,2025-10-07
OPP-0008885,Closed Won,2025-10-14
OPP-0008896,Open,2025-10-02
OPP-0008896,Negotiation,2025-10-20
OPP-0008896,Closed Won,2025-11-01
OPP-0008897,Open,2025-09-27
OPP-0008897,Negotiation,2025-09-29
OPP-0008897,Closed Won,2025-11-01
OPP-0008898,Open,2025-10-14
OPP-0008898,Negotiation,2025-10-25
OPP-0008898,Closed Won,2025-11-01
OPP-0008899,SAL,2025-10-03
OPP-0008899,SQO,2025-10-08
OPP-0008899,Proposal/Negotiation,2025-10-20
OPP-0008899,Closed Lost,2025-10-20
OPP-0008900,Open,2025-11-08
OPP-0008900,Negotiation,2025-11-16
OPP-0008900,Closed Won,2025-12-01
OPP-0008901,Open,2025-10-25
OPP-0008901,Negotiation,2025-10-25
OPP-0008901,Closed Lost,2025-11-01
OPP-0008907,Open,2025-10-23
OPP-0008907,Negotiation,2025-10-31
OPP-0008907,Closed Won,2025-11-01
OPP-0008908,SAL,2025-10-24
OPP-0008908,SQO,2025-10-25
OPP-0008908,POC,2025-11-23
OPP-0008908,Proposal/Negotiation,2025-12-24
OPP-0008908,Closed Lost,2025-12-27
OPP-0008909,Open,2025-10-17
OPP-0008909,Negotiation,2025-10-27
OPP-0008909,Closed Won,2025-11-08
OPP-0008917,Open,2025-10-13
OPP-0008917,Negotiation,2025-10-26
OPP-0008917,Closed Won,2025-11-01
OPP-0008918,SAL,2025-10-08
OPP-0008918,SQO,2025-10-24
OPP-0008918,Proposal/Negotiation,2025-10-29
OPP-0008918,Closed Lost,2025-11-03
OPP-0008919,SAL,2025-10-23
OPP-0008919,SQO,2025-10-30
OPP-0008919,Proposal/Negotiation,2025-11-04
OPP-0008919,Closed Won,2025-11-11
OPP-0008920,SAL,2025-10-07
OPP-0008920,SQO,2025-10-24
OPP-0008920,POC,2025-11-11
OPP-0008920,Proposal/Negotiation,2025-12-03
OPP-0008920,Closed Lost,2025-12-11
OPP-0008921,Open,2025-10-01
OPP-0008921,Negotiation,2025-10-03
OPP-0008921,Closed Won,2025-11-21
OPP-0008922,Open,2025-10-19
OPP-0008922,Negotiation,2025-10-31
OPP-0008922,Closed Lost,2025-11-01
OPP-0008923,Open,2025-10-02
OPP-0008923,Negotiation,2025-10-27
OPP-0008923,Closed Won,2025-11-01
OPP-0008924,SAL,2025-10-02
OPP-0008924,SQO,2025-10-18
OPP-0008924,Proposal/Negotiation,2025-10-22
OPP-0008924,Closed Lost,2025-10-25
OPP-0008925,Open,2025-10-15
OPP-0008925,Negotiation,2025-10-19
OPP-0008925,Closed Won,2025-11-01
OPP-0008926,Open,2025-10-09
OPP-0008926,Negotiation,2025-11-05
OPP-0008926,Closed Won,2025-12-01
OPP-0008935,Open,2025-10-15
OPP-0008935,Negotiation,2025-10-31
OPP-0008935,Closed Won,2025-11-01
OPP-0008936,Open,2025-10-11
OPP-0008936,Negotiation,2025-10-20
OPP-0008936,Closed Won,2025-11-01
OPP-0008937,Open,2025-10-16
OPP-0008937,Negotiation,2025-10-30
OPP-0008937,Closed Won,2025-11-01
OPP-0008938,Open,2025-10-17
OPP-0008938,Negotiation,2025-10-29
OPP-0008938,Closed Won,2025-11-01
OPP-0008939,SAL,2025-10-07
OPP-0008939,SQO,2025-10-09
OPP-0008939,Proposal/Negotiation,2025-10-15
OPP-0008939,SAL,2025-10-17
OPP-0008939,Closed Lost,2025-10-18
OPP-0008940,SAL,2025-10-07
OPP-0008940,SQO,2025-10-12
OPP-0008940,Proposal/Negotiation,2025-10-15
OPP-0008940,Closed Lost,2025-10-17
OPP-0008941,SAL,2025-10-15
OPP-0008941,SQO,2025-10-20
OPP-0008941,Proposal/Negotiation,2025-10-21
OPP-0008941,Closed Won,2025-10-21
OPP-0008952,Open,2025-10-23
OPP-0008952,Negotiation,2025-10-26
OPP-0008952,Closed Won,2025-11-01
OPP-0008953,Open,2025-10-18
OPP-0008953,Negotiation,2025-11-02
OPP-0008953,Closed Won,2025-11-25
OPP-0008960,Open,2025-10-11
OPP-0008960,Negotiation,2025-10-29
OPP-0008960,Closed Won,2025-11-01
OPP-0008961,SAL,2025-10-09
OPP-0008961,SQO,2025-10-31
OPP-0008961,Proposal/Negotiation,2025-10-31
OPP-0008961,Closed Won,2025-11-06
OPP-0008962,SAL,2025-10-13
OPP-0008962,SQO,2025-10-17
OPP-0008962,Proposal/Negotiation,2025-10-23
OPP-0008962,Closed Won,2025-10-25
OPP-0008974,SAL,2025-10-13
OPP-0008974,SQO,2025-10-17
OPP-0008974,Proposal/Negotiation,2025-10-18
OPP-0008974,Closed Lost,2025-10-27
OPP-0008975,SAL,2025-10-07
OPP-0008975,SQO,2025-10-13
OPP-0008975,Proposal/Negotiation,2025-10-15
OPP-0008975,Closed Lost,2025-11-11
OPP-0008976,SAL,2025-10-17
OPP-0008976,SQO,2025-10-25
OPP-0008976,Proposal/Negotiation,2025-10-26
OPP-0008976,Closed Won,2025-11-01
OPP-0008983,Open,2025-10-30
OPP-0008983,Negotiation,2025-10-31
OPP-0008983,Closed Won,2025-11-01
OPP-0008984,SAL,2025-10-15
OPP-0008984,SQO,2025-10-29
OPP-0008984,Proposal/Negotiation,2025-11-06
OPP-0008984,Closed Lost,2025-11-06
OPP-0008995,Open,2025-10-23
OPP-0008995,Negotiation,2025-10-27
OPP-0008995,Closed Won,2025-11-01
OPP-0008996,Open,2025-10-25
OPP-0008996,Negotiation,2025-10-28
OPP-0008996,Closed Won,2025-11-01
OPP-0008997,SAL,2025-10-14
OPP-0008997,SQO,2025-11-01
OPP-0008997,Proposal/Negotiation,2025-11-09
OPP-0008997,Closed Lost,2025-11-12
OPP-0008998,Open,2025-10-14
OPP-0008998,Negotiation,2025-10-16
OPP-0008998,Closed Won,2025-11-06
OPP-0008999,Open,2025-11-11
OPP-0008999,Negotiation,2025-11-22
OPP-0008999,Closed Won,2025-12-01
OPP-0009000,Open,2025-10-18
OPP-0009000,Negotiation,2025-11-20
OPP-0009000,Closed Lost,2025-12-01
OPP-0009011,Open,2025-10-12
OPP-0009011,Negotiation,2025-10-26
OPP-0009011,Closed Won,2025-11-01
OPP-0009012,Open,2025-10-23
OPP-0009012,Negotiation,2025-11-10
OPP-0009012,Closed Lost,2025-11-11
OPP-0009022,Open,2025-10-15
OPP-0009022,Negotiation,2025-10-18
OPP-0009022,Closed Won,2025-11-01
OPP-0009023,Open,2025-10-17
OPP-0009023,Negotiation,2025-10-29
OPP-0009023,Closed Won,2025-11-01
OPP-0009024,Open,2025-10-23
OPP-0009024,Negotiation,2025-10-31
OPP-0009024,Closed Won,2025-11-01
OPP-0009025,SAL,2025-10-11
OPP-0009025,SQO,2025-10-17
OPP-0009025,Proposal/Negotiation,2025-11-11
OPP-0009025,Closed Lost,2025-11-14
OPP-0009037,Open,2025-10-27
OPP-0009037,Negotiation,2025-10-28
OPP-0009037,Closed Won,2025-11-01
OPP-0009038,Open,2025-10-15
OPP-0009038,Negotiation,2025-10-23
OPP-0009038,Closed Won,2025-11-01
OPP-0009039,Open,2025-10-11
OPP-0009039,Negotiation,2025-10-20
OPP-0009039,Closed Won,2025-11-01
OPP-0009040,Open,2025-10-14
OPP-0009040,Negotiation,2025-10-29
OPP-0009040,Closed Won,2025-11-01
OPP-0009041,SAL,2025-10-14
OPP-0009041,SQO,2025-10-19
OPP-0009041,Proposal/Negotiation,2025-11-07
OPP-0009041,Closed Lost,2025-11-11
OPP-0009042,Open,2025-11-13
OPP-0009042,Negotiation,2025-11-22
OPP-0009042,Closed Won,2025-11-23
OPP-0009043,SAL,2025-10-18
OPP-0009043,SQO,2025-10-20
OPP-0009043,Proposal/Negotiation,2025-11-02
OPP-0009043,Closed Won,2025-11-03
OPP-0009055,Open,2025-10-17
OPP-0009055,Negotiation,2025-10-18
OPP-0009055,Closed Won,2025-11-01
OPP-0009056,SAL,2025-10-12
OPP-0009056,SQO,2025-10-20
OPP-0009056,Proposal/Negotiation,2025-10-25
OPP-0009056,Closed Lost,2025-10-26
OPP-0009066,Open,2025-10-24
OPP-0009066,Negotiation,2025-10-30
OPP-0009066,Closed Won,2025-11-01
OPP-0009067,Open,2025-10-18
OPP-0009067,Negotiation,2025-10-25
OPP-0009067,Closed Won,2025-11-01
OPP-0009068,Open,2025-10-16
OPP-0009068,Negotiation,2025-10-21
OPP-0009068,Closed Won,2025-11-01
OPP-0009069,SAL,2025-10-25
OPP-0009069,SQO,2025-10-28
OPP-0009069,Proposal/Negotiation,2025-11-03
OPP-0009069,Closed Lost,2025-11-07
OPP-0009070,Open,2025-11-16
OPP-0009070,Negotiation,2025-11-21
OPP-0009070,Closed Won,2025-12-01
OPP-0009071,SAL,2025-10-12
OPP-0009071,SQO,2025-10-25
OPP-0009071,Proposal/Negotiation,2025-11-05
OPP-0009071,Closed Won,2025-11-22
OPP-0009079,Open,2025-10-19
OPP-0009079,Negotiation,2025-10-28
OPP-0009079,Closed Won,2025-11-01
OPP-0009080,SAL,2025-10-27
OPP-0009080,SQO,2025-10-30
OPP-0009080,Proposal/Negotiation,2025-11-08
OPP-0009080,Closed Lost,2025-11-26
OPP-0009081,SAL,2025-10-15
OPP-0009081,SQO,2025-10-23
OPP-0009081,Proposal/Negotiation,2025-11-18
OPP-0009081,Closed Lost,2025-11-18
OPP-0009082,Open,2025-10-18
OPP-0009082,Negotiation,2025-10-27
OPP-0009082,Closed Won,2025-12-01
OPP-0009091,SAL,2025-10-27
OPP-0009091,SQO,2025-11-04
OPP-0009091,POC,2025-11-24
OPP-0009091,Proposal/Negotiation,2025-12-04
OPP-0009091,Closed Lost,2025-12-14
OPP-0009092,SAL,2025-11-10
OPP-0009092,SQO,2025-11-13
OPP-0009092,Proposal/Negotiation,2025-11-17
OPP-0009092,Closed Won,2025-11-20
OPP-0009093,SAL,2025-10-30
OPP-0009093,SQO,2025-11-05
OPP-0009093,Proposal/Negotiation,2025-11-11
OPP-0009093,Closed Won,2025-11-15
OPP-0009104,Open,2025-10-23
OPP-0009104,Negotiation,2025-10-28
OPP-0009104,Closed Won,2025-11-01
OPP-0009105,Open,2025-10-16
OPP-0009105,Negotiation,2025-10-22
OPP-0009105,Closed Won,2025-11-01
OPP-0009106,Open,2025-10-26
OPP-0009106,Negotiation,2025-10-29
OPP-0009106,Closed Won,2025-11-01
OPP-0009107,Open,2025-10-19
OPP-0009107,Negotiation,2025-10-29
OPP-0009107,Closed Won,2025-11-01
OPP-0009108,Open,2025-11-04
OPP-0009108,Negotiation,2025-11-28
OPP-0009108,Closed Won,2025-12-01
OPP-0009109,Open,2025-10-21
OPP-0009109,Negotiation,2025-11-19
OPP-0009109,Closed Won,2025-12-01
OPP-0009122,Open,2025-10-28
OPP-0009122,Negotiation,2025-10-29
OPP-0009122,Closed Won,2025-11-01
OPP-0009123,Open,2025-10-16
OPP-0009123,Negotiation,2025-10-26
OPP-0009123,Closed Won,2025-11-01
OPP-0009124,SAL,2025-10-24
OPP-0009124,SQO,2025-10-27
OPP-0009124,Proposal/Negotiation,2025-11-02
OPP-0009124,Closed Lost,2025-11-12
OPP-0009133,Open,2025-10-26
OPP-0009133,Negotiation,2025-10-28
OPP-0009133,Closed Won,2025-11-01
OPP-0009134,Open,2025-10-31
OPP-0009134,Negotiation,2025-11-01
OPP-0009134,Closed Won,2025-11-01
OPP-0009135,Open,2025-10-19
OPP-0009135,Negotiation,2025-10-24
OPP-0009135,Closed Won,2025-11-01
OPP-0009136,Open,2025-10-17
OPP-0009136,Negotiation,2025-10-17
OPP-0009136,Closed Won,2025-11-01
OPP-0009137,SAL,2025-10-21
OPP-0009137,SQO,2025-10-29
OPP-0009137,Proposal/Negotiation,2025-11-07
OPP-0009137,Closed Lost,2025-11-11
OPP-0009150,Open,2025-11-02
OPP-0009150,Negotiation,2025-11-12
OPP-0009150,Closed Won,2025-12-01
OPP-0009151,Open,2025-10-26
OPP-0009151,Negotiation,2025-10-30
OPP-0009151,Closed Won,2025-11-01
OPP-0009152,Open,2025-10-27
OPP-0009152,Negotiation,2025-11-24
OPP-0009152,Closed Won,2025-12-01
OPP-0009153,SAL,2025-10-28
OPP-0009153,SQO,2025-10-29
OPP-0009153,Proposal/Negotiation,2025-11-02
OPP-0009153,Closed Lost,2025-11-02
OPP-0009154,SAL,2025-10-22
OPP-0009154,SQO,2025-10-24
OPP-0009154,Proposal/Negotiation,2025-11-09
OPP-0009154,Closed Lost,2025-11-10
OPP-0009155,Open,2025-11-04
OPP-0009155,Negotiation,2025-11-09
OPP-0009155,Closed Won,2025-12-01
OPP-0009171,Open,2025-10-21
OPP-0009171,Negotiation,2025-11-29
OPP-0009171,Closed Won,2025-12-01
OPP-0009172,Open,2025-10-23
OPP-0009172,Negotiation,2025-10-29
OPP-0009172,Closed Won,2025-12-01
OPP-0009173,SAL,2025-10-25
OPP-0009173,SQO,2025-10-26
OPP-0009173,Proposal/Negotiation,2025-10-30
OPP-0009173,Closed Lost,2025-11-19
OPP-0009174,SAL,2025-10-29
OPP-0009174,SQO,2025-10-30
OPP-0009174,Proposal/Negotiation,2025-11-01
OPP-0009174,Closed Won,2025-11-03
OPP-0009183,Open,2025-11-03
OPP-0009183,Negotiation,2025-11-15
OPP-0009183,Closed Won,2025-12-01
OPP-0009184,Open,2025-11-10
OPP-0009184,Negotiation,2025-11-21
OPP-0009184,Closed Won,2025-12-01
OPP-0009185,SAL,2025-10-23
OPP-0009185,SQO,2025-10-30
OPP-0009185,Proposal/Negotiation,2025-11-05
OPP-0009185,SAL,2025-11-06
OPP-0009185,Closed Lost,2025-11-07
OPP-0009186,Open,2025-10-31
OPP-0009186,Negotiation,2025-11-26
OPP-0009186,Closed Won,2025-12-01
OPP-0009197,Open,2025-11-28
OPP-0009197,Negotiation,2025-11-30
OPP-0009197,Closed Won,2025-12-01
OPP-0009198,Open,2025-10-26
OPP-0009198,Negotiation,2025-11-01
OPP-0009198,Closed Won,2025-12-01
OPP-0009199,Open,2025-10-22
OPP-0009199,Negotiation,2025-11-04
OPP-0009199,Closed Won,2025-12-01
OPP-0009200,Open,2025-11-12
OPP-0009200,Negotiation,2025-11-27
OPP-0009200,Closed Won,2025-12-01
OPP-0009201,Open,2025-10-21
OPP-0009201,Negotiation,2025-11-05
OPP-0009201,Closed Won,2025-12-01
OPP-0009202,Open,2025-11-03
OPP-0009202,Negotiation,2025-11-23
OPP-0009202,Closed Won,2025-12-01
OPP-0009203,Open,2025-10-30
OPP-0009203,Negotiation,2025-11-14
OPP-0009203,Closed Won,2025-12-01
OPP-0009204,SAL,2025-11-17
OPP-0009204,SQO,2025-11-18
OPP-0009204,Proposal/Negotiation,2025-11-19
OPP-0009204,Closed Lost,2025-11-21
OPP-0009205,Open,2025-10-27
OPP-0009205,Negotiation,2025-11-14
OPP-0009205,Closed Won,2025-12-01
OPP-0009211,Open,2025-11-17
OPP-0009211,Negotiation,2025-11-18
OPP-0009211,Closed Won,2025-12-01
OPP-0009212,Open,2025-11-11
OPP-0009212,Negotiation,2025-11-23
OPP-0009212,Closed Won,2025-12-01
OPP-0009227,Open,2025-10-27
OPP-0009227,Negotiation,2025-11-09
OPP-0009227,Closed Won,2025-12-01
OPP-0009228,Open,2025-11-18
OPP-0009228,Negotiation,2025-11-23
OPP-0009228,Closed Won,2025-12-01
OPP-0009229,Open,2025-11-19
OPP-0009229,Negotiation,2025-11-21
OPP-0009229,Closed Won,2025-12-01
OPP-0009230,Open,2025-11-01
OPP-0009230,Negotiation,2025-11-21
OPP-0009230,Closed Won,2025-12-01
OPP-0009231,SAL,2025-10-28
OPP-0009231,SQO,2025-11-14
OPP-0009231,Proposal/Negotiation,2025-11-19
OPP-0009231,Closed Lost,2025-11-25
OPP-0009249,Open,2025-11-15
OPP-0009249,Negotiation,2025-11-18
OPP-0009249,Closed Won,2025-12-01
OPP-0009250,SAL,2025-11-06
OPP-0009250,SQO,2025-11-18
OPP-0009250,Proposal/Negotiation,2025-11-19
OPP-0009250,Closed Lost,2025-11-22
OPP-0009251,SAL,2025-11-12
OPP-0009251,SQO,2025-11-13
OPP-0009251,Proposal/Negotiation,2025-11-15
OPP-0009251,Closed Lost,2025-11-17
OPP-0009268,Open,2025-11-03
OPP-0009268,Negotiation,2025-11-05
OPP-0009268,Closed Won,2025-12-01
OPP-0009269,Open,2025-11-07
OPP-0009269,Negotiation,2025-11-12
OPP-0009269,Closed Won,2025-12-01
OPP-0009270,Open,2025-11-03
OPP-0009270,Negotiation,2025-11-23
OPP-0009270,Closed Won,2025-12-01
OPP-0009271,Open,2025-11-08
OPP-0009271,Negotiation,2025-11-17
OPP-0009271,Closed Won,2025-12-01
OPP-0009279,Open,2025-11-02
OPP-0009279,Negotiation,2025-11-28
OPP-0009279,Closed Won,2025-12-01
OPP-0009280,Open,2025-11-07
OPP-0009280,Negotiation,2025-11-30
OPP-0009280,Closed Won,2025-12-01
OPP-0009281,Open,2025-11-07
OPP-0009281,Negotiation,2025-11-30
OPP-0009281,Closed Won,2025-12-01
OPP-0009282,SAL,2025-11-06
OPP-0009282,SQO,2025-11-12
OPP-0009282,Proposal/Negotiation,2025-11-14
OPP-0009282,Closed Lost,2025-11-17
OPP-0009283,Open,2025-11-19
OPP-0009283,Negotiation,2025-11-21
OPP-0009283,Closed Won,2025-12-01
OPP-0009284,Open,2025-11-01
OPP-0009284,Negotiation,2025-11-12
OPP-0009284,Closed Won,2025-12-01
OPP-0009285,Open,2025-11-06
OPP-0009285,Negotiation,2025-11-11
OPP-0009285,Closed Won,2025-12-01
OPP-0009286,SAL,2025-10-30
OPP-0009286,SQO,2025-11-05
OPP-0009286,Proposal/Negotiation,2025-11-11
OPP-0009286,SAL,2025-11-14
OPP-0009286,Closed Won,2025-11-18
OPP-0009287,SAL,2025-11-06
OPP-0009287,SQO,2025-11-10
OPP-0009287,Proposal/Negotiation,2025-11-11
OPP-0009287,Closed Won,2025-11-20
OPP-0009288,Open,2025-11-08
OPP-0009288,Negotiation,2025-11-15
OPP-0009288,Closed Won,2025-12-01
OPP-0009289,Open,2025-11-19
OPP-0009289,Negotiation,2025-11-22
OPP-0009289,Closed Won,2025-12-01
OPP-0009290,Open,2025-11-04
OPP-0009290,Negotiation,2025-11-18
OPP-0009290,Closed Won,2025-12-01
OPP-0009291,Open,2025-11-05
OPP-0009291,Negotiation,2025-11-19
OPP-0009291,Closed Won,2025-12-01
OPP-0009292,SAL,2025-11-06
OPP-0009292,SQO,2025-11-27
OPP-0009292,Proposal/Negotiation,2025-12-05
OPP-0009292,Closed Lost,2025-12-05
OPP-0009293,SAL,2025-11-04
OPP-0009293,SQO,2025-11-12
OPP-0009293,Proposal/Negotiation,2025-11-20
OPP-0009293,Closed Lost,2025-11-20
OPP-0009294,SAL,2025-11-07
OPP-0009294,SQO,2025-11-16
OPP-0009294,Proposal/Negotiation,2025-11-20
OPP-0009294,Closed Won,2025-12-14
OPP-0009295,SAL,2025-11-07
OPP-0009295,SQO,2025-11-16
OPP-0009295,Proposal/Negotiation,2025-11-16
OPP-0009295,Closed Won,2025-11-25
OPP-0009304,Open,2025-11-02
OPP-0009304,Negotiation,2025-11-06
OPP-0009304,Closed Won,2025-12-01
OPP-0009305,Open,2025-11-27
OPP-0009305,Negotiation,2025-11-28
OPP-0009305,Closed Won,2025-12-01
OPP-0009306,SAL,2025-11-04
OPP-0009306,SQO,2025-11-16
OPP-0009306,Proposal/Negotiation,2025-11-21
OPP-0009306,Closed Lost,2025-12-01
OPP-0009307,SAL,2025-11-11
OPP-0009307,SQO,2025-11-16
OPP-0009307,Proposal/Negotiation,2025-12-10
OPP-0009307,Closed Lost,2025-12-13
OPP-0009315,Open,2025-11-14
OPP-0009315,Negotiation,2025-11-17
OPP-0009315,Closed Won,2025-12-01
OPP-0009321,Open,2025-11-11
OPP-0009321,Negotiation,2025-11-30
OPP-0009321,Closed Won,2025-12-01
OPP-0009322,SAL,2025-11-21
OPP-0009322,SQO,2025-12-01
OPP-0009322,Proposal/Negotiation,2025-12-04
OPP-0009322,Closed Lost,2025-12-05
OPP-0009327,Open,2025-11-05
OPP-0009327,Negotiation,2025-11-09
OPP-0009327,Closed Won,2025-12-01
OPP-0009328,SAL,2025-11-13
OPP-0009328,SQO,2025-11-19
OPP-0009328,Proposal/Negotiation,2025-11-27
OPP-0009328,Closed Lost,2025-12-10
OPP-0009329,SAL,2025-11-14
OPP-0009329,SQO,2025-11-19
OPP-0009329,Proposal/Negotiation,2025-11-29
OPP-0009329,Closed Won,2025-12-01
OPP-0009336,Open,2025-11-20
OPP-0009336,Negotiation,2025-11-23
OPP-0009336,Closed Won,2025-12-01
OPP-0009337,SAL,2025-11-17
OPP-0009337,SQO,2025-11-23
OPP-0009337,Proposal/Negotiation,2025-11-23
OPP-0009337,Closed Lost,2025-12-12
OPP-0009338,SAL,2025-11-14
OPP-0009338,SQO,2025-11-20
OPP-0009338,Proposal/Negotiation,2025-11-24
OPP-0009338,Closed Won,2025-11-27
OPP-0009346,Open,2025-11-16
OPP-0009346,Negotiation,2025-11-28
OPP-0009346,Closed Won,2025-12-01
OPP-0009347,Open,2025-11-09
OPP-0009347,Negotiation,2025-11-29
OPP-0009347,Closed Won,2025-12-01
OPP-0009348,Open,2025-11-10
OPP-0009348,Negotiation,2025-11-23
OPP-0009348,Closed Won,2025-12-01
OPP-0009349,Open,2025-11-20
OPP-0009349,Negotiation,2025-11-26
OPP-0009349,Closed Won,2025-12-01
OPP-0009350,SAL,2025-11-13
OPP-0009350,SQO,2025-11-13
OPP-0009350,Proposal/Negotiation,2025-11-15
OPP-0009350,Closed Lost,2025-11-22
OPP-0009351,SAL,2025-11-20
OPP-0009351,SQO,2025-12-07
OPP-0009351,Proposal/Negotiation,2025-12-17
OPP-0009351,Closed Lost,2025-12-21
OPP-0009361,Open,2025-11-10
OPP-0009361,Negotiation,2025-11-26
OPP-0009361,Closed Won,2025-12-01
OPP-0009362,Open,2025-11-17
OPP-0009362,Negotiation,2025-11-26
OPP-0009362,Closed Won,2025-12-01
OPP-0009363,Open,2025-11-15
OPP-0009363,Negotiation,2025-11-20
OPP-0009363,Closed Won,2025-12-01
OPP-0009371,Open,2025-11-11
OPP-0009371,Negotiation,2025-11-28
OPP-0009371,Closed Won,2025-12-01
OPP-0009381,SAL,2025-11-14
OPP-0009381,SQO,2025-11-29
OPP-0009381,Proposal/Negotiation,2025-12-02
OPP-0009381,Closed Lost,2025-12-09
OPP-0009391,Open,2025-11-16
OPP-0009391,Negotiation,2025-11-23
OPP-0009391,Closed Won,2025-12-01
OPP-0009392,Open,2025-11-18
OPP-0009392,Negotiation,2025-11-29
OPP-0009392,Closed Won,2025-12-01
OPP-0009393,SAL,2025-11-13
OPP-0009393,SQO,2025-11-16
OPP-0009393,Proposal/Negotiation,2025-11-18
OPP-0009393,Closed Lost,2025-12-03
OPP-0009394,SAL,2025-11-12
OPP-0009394,SQO,2025-11-16
OPP-0009394,Proposal/Negotiation,2025-11-24
OPP-0009394,Closed Won,2025-12-03
OPP-0009398,Open,2025-11-24
OPP-0009398,Negotiation,2025-11-27
OPP-0009398,Closed Won,2025-12-01
OPP-0009399,Open,2025-11-14
OPP-0009399,Negotiation,2025-11-17
OPP-0009399,Closed Won,2025-12-01
OPP-0009408,Open,2025-11-15
OPP-0009408,Negotiation,2025-11-23
OPP-0009408,Closed Won,2025-12-01
OPP-0009409,SAL,2025-11-14
OPP-0009409,SQO,2025-11-28
OPP-0009409,Proposal/Negotiation,2025-12-02
OPP-0009409,Closed Lost,2025-12-16
OPP-0009415,Open,2025-11-22
OPP-0009415,Negotiation,2025-11-26
OPP-0009415,Closed Won,2025-12-01
OPP-0009416,Open,2025-11-27
OPP-0009416,Negotiation,2025-11-28
OPP-0009416,Closed Won,2025-12-01
OPP-0009417,Open,2025-11-14
OPP-0009417,Negotiation,2025-11-29
OPP-0009417,Closed Won,2025-12-01
OPP-0009418,SAL,2025-11-24
OPP-0009418,SQO,2025-12-03
OPP-0009418,Proposal/Negotiation,2025-12-12
OPP-0009418,Closed Lost,2025-12-18
OPP-0009419,SAL,2025-11-16
OPP-0009419,SQO,2025-12-07
OPP-0009419,Proposal/Negotiation,2025-12-11
OPP-0009419,Closed Lost,2025-12-14
OPP-0009420,SAL,2025-11-16
OPP-0009420,SQO,2025-11-16
OPP-0009420,Proposal/Negotiation,2025-12-06
OPP-0009420,Closed Lost,2025-12-10
OPP-0009421,SAL,2025-11-15
OPP-0009421,SQO,2025-11-17
OPP-0009421,Proposal/Negotiation,2025-12-07
OPP-0009421,Closed Won,2025-12-09
OPP-0009429,Open,2025-11-19
OPP-0009429,Negotiation,2025-11-29
OPP-0009429,Closed Won,2025-12-01
OPP-0009430,SAL,2025-11-19
OPP-0009430,SQO,2025-11-24
OPP-0009430,Proposal/Negotiation,2025-11-29
OPP-0009430,Closed Lost,2025-12-01
OPP-0009431,SAL,2025-11-25
OPP-0009431,SQO,2025-11-28
OPP-0009431,SAL,2025-12-02
OPP-0009431,Proposal/Negotiation,2025-12-09
OPP-0009431,Closed Won,2025-12-19
OPP-0009432,SAL,2025-11-17
OPP-0009432,SQO,2025-12-03
OPP-0009432,Proposal/Negotiation,2025-12-09
OPP-0009432,Closed Won,2025-12-23
OPP-0009439,Open,2025-11-22
OPP-0009439,Negotiation,2025-11-24
OPP-0009439,Closed Won,2025-12-01
OPP-0009440,SAL,2025-11-26
OPP-0009440,SQO,2025-12-06
OPP-0009440,Proposal/Negotiation,2025-12-10
OPP-0009440,Closed Lost,2025-12-10
OPP-0009452,Open,2025-11-22
OPP-0009452,Negotiation,2025-11-23
OPP-0009452,Closed Won,2025-12-01
OPP-0009465,SAL,2025-11-25
OPP-0009465,SQO,2025-12-09
OPP-0009465,Proposal/Negotiation,2025-12-13
OPP-0009465,Closed Lost,2025-12-15
OPP-0009466,SAL,2025-11-23
OPP-0009466,SQO,2025-11-24
OPP-0009466,Proposal/Negotiation,2025-12-01
OPP-0009466,Closed Won,2025-12-07
OPP-0009487,SAL,2025-11-25
OPP-0009487,SQO,2025-12-07
OPP-0009487,Proposal/Negotiation,2025-12-07
OPP-0009487,Closed Lost,2025-12-22
OPP-0009505,SAL,2025-11-26
OPP-0009505,SQO,2025-11-27
OPP-0009505,Proposal/Negotiation,2025-11-29
OPP-0009505,Closed Lost,2025-12-11
OPP-0009506,SAL,2025-11-30
OPP-0009506,SQO,2025-12-03
OPP-0009506,Proposal/Negotiation,2025-12-07
OPP-0009506,Closed Lost,2025-12-21
OPP-0009507,SAL,2025-11-27
OPP-0009507,SQO,2025-11-28
OPP-0009507,SAL,2025-12-02
OPP-0009507,Proposal/Negotiation,2025-12-05
OPP-0009507,Closed Won,2025-12-15
OPP-0009519,SAL,2025-12-06
OPP-0009519,SQO,2025-12-10
OPP-0009519,Proposal/Negotiation,2025-12-12
OPP-0009519,SAL,2025-12-17
OPP-0009519,Closed Lost,2025-12-20
OPP-0009520,SAL,2025-12-04
OPP-0009520,SQO,2025-12-06
OPP-0009520,Proposal/Negotiation,2025-12-07
OPP-0009520,Closed Lost,2025-12-10
OPP-0009539,SAL,2025-11-29
OPP-0009539,SQO,2025-12-03
OPP-0009539,Proposal/Negotiation,2025-12-06
OPP-0009539,Closed Lost,2025-12-12
OPP-0009542,SAL,2025-11-30
OPP-0009542,SQO,2025-12-06
OPP-0009542,Proposal/Negotiation,2025-12-06
OPP-0009542,Closed Lost,2025-12-25
OPP-0009577,SAL,2025-12-09
OPP-0009577,SQO,2025-12-12
OPP-0009577,Proposal/Negotiation,2025-12-22
OPP-0009577,Closed Lost,2025-12-22
OPP-0009627,SAL,2025-12-17
OPP-0009627,SQO,2025-12-23
OPP-0009627,Proposal/Negotiation,2025-12-27
OPP-0009627,Closed Lost,2025-12-28
OPP-0009664,SAL,2025-12-13
OPP-0009664,SQO,2025-12-19
OPP-0009664,Proposal/Negotiation,2025-12-20
OPP-0009664,Closed Lost,2025-12-27
