subscription_id,account_id,segment,start_date,end_date,contract_type,committed_actions_monthly,status
SUB-0000001,ACC-000479,SMB,2025-07-09,,metered_month_to_month,,active
SUB-0000002,ACC-000480,SMB,2025-12-01,,metered_month_to_month,,active
SUB-0000003,ACC-000481,SMB,2022-12-25,,metered_month_to_month,,active
SUB-0000004,ACC-000482,SMB,2025-05-01,,metered_month_to_month,,active
SUB-0000005,ACC-000483,SMB,2020-10-18,,metered_month_to_month,,active
SUB-0000006,ACC-000484,SMB,2022-07-27,2025-05-27,metered_month_to_month,,churned
SUB-0000007,ACC-000485,SMB,2025-11-18,,metered_month_to_month,,active
SUB-0000008,ACC-000486,SMB,2024-10-15,,metered_month_to_month,,active
SUB-0000009,ACC-000487,SMB,2025-08-09,,metered_month_to_month,,active
SUB-0000010,ACC-000488,SMB,2025-12-07,,metered_month_to_month,,active
SUB-0000011,ACC-000489,SMB,2024-12-17,,metered_month_to_month,,active
SUB-0000012,ACC-000490,SMB,2025-09-10,,metered_month_to_month,,active
SUB-0000013,ACC-000491,SMB,2024-02-22,,metered_month_to_month,,active
SUB-0000014,ACC-000492,SMB,2024-03-10,,metered_month_to_month,,active
SUB-0000015,ACC-000493,SMB,2024-10-15,,metered_month_to_month,,active
SUB-0000016,ACC-000494,SMB,2024-11-24,,metered_month_to_month,,active
SUB-0000017,ACC-000495,SMB,2025-06-01,2025-08-01,metered_month_to_month,,churned
SUB-0000018,ACC-000496,SMB,2025-10-25,,metered_month_to_month,,active
SUB-0000019,ACC-000497,SMB,2023-06-20,,metered_month_to_month,,active
SUB-0000020,ACC-000498,SMB,2025-10-18,,metered_month_to_month,,active
SUB-0000021,ACC-000499,SMB,2025-05-27,,metered_month_to_month,,active
SUB-0000022,ACC-000500,SMB,2025-09-13,,metered_month_to_month,,active
SUB-0000023,ACC-000501,SMB,2025-01-04,,metered_month_to_month,,active
SUB-0000024,ACC-000502,SMB,2024-11-19,,metered_month_to_month,,active
SUB-0000025,ACC-000503,SMB,2024-08-17,2025-09-17,metered_month_to_month,,churned
SUB-0000026,ACC-000504,SMB,2024-03-10,2024-05-10,metered_month_to_month,,churned
SUB-0000027,ACC-000505,SMB,2024-08-02,,metered_month_to_month,,active
SUB-0000028,ACC-000506,SMB,2023-05-21,,metered_month_to_month,,active
SUB-0000029,ACC-000507,SMB,2023-01-22,,metered_month_to_month,,active
SUB-0000030,ACC-000508,SMB,2022-03-31,,metered_month_to_month,,active
SUB-0000031,ACC-000509,SMB,2024-08-24,,metered_month_to_month,,active
SUB-0000032,ACC-000510,SMB,2024-08-06,,metered_month_to_month,,active
SUB-0000033,ACC-000511,SMB,2025-10-09,,metered_month_to_month,,active
SUB-0000034,ACC-000512,SMB,2025-06-19,,metered_month_to_month,,active
SUB-0000035,ACC-000513,SMB,2025-01-11,,metered_month_to_month,,active
SUB-0000036,ACC-000515,SMB,2023-01-25,,metered_month_to_month,,active
SUB-0000037,ACC-000516,SMB,2024-10-02,2025-10-02,metered_month_to_month,,churned
SUB-0000038,ACC-000517,SMB,2024-04-09,,metered_month_to_month,,active
SUB-0000039,ACC-000518,SMB,2024-04-01,,metered_month_to_month,,active
SUB-0000040,ACC-000519,SMB,2022-01-09,,metered_month_to_month,,active
SUB-0000041,ACC-000520,SMB,2024-08-12,2024-12-12,metered_month_to_month,,churned
SUB-0000042,ACC-000521,SMB,2025-02-05,,metered_month_to_month,,active
SUB-0000043,ACC-000522,SMB,2024-02-24,2024-09-24,metered_month_to_month,,churned
SUB-0000044,ACC-000523,SMB,2023-07-24,,metered_month_to_month,,active
SUB-0000045,ACC-000524,SMB,2023-12-27,,metered_month_to_month,,active
SUB-0000046,ACC-000525,SMB,2024-10-12,,metered_month_to_month,,active
SUB-0000047,ACC-000526,SMB,2024-01-09,2024-12-09,metered_month_to_month,,churned
SUB-0000048,ACC-000527,SMB,2022-02-24,2023-06-24,metered_month_to_month,,churned
SUB-0000049,ACC-000530,SMB,2025-04-09,,metered_month_to_month,,active
SUB-0000050,ACC-000531,SMB,2025-01-11,,metered_month_to_month,,active
SUB-0000051,ACC-000532,SMB,2023-12-25,,metered_month_to_month,,active
SUB-0000052,ACC-000533,SMB,2025-02-06,2025-06-06,metered_month_to_month,,churned
SUB-0000053,ACC-000534,SMB,2023-01-08,,metered_month_to_month,,active
SUB-0000054,ACC-000535,SMB,2025-10-26,,metered_month_to_month,,active
SUB-0000055,ACC-000536,SMB,2020-12-22,2024-05-22,metered_month_to_month,,churned
SUB-0000056,ACC-000537,SMB,2024-09-10,2025-03-10,metered_month_to_month,,churned
SUB-0000057,ACC-000538,SMB,2025-04-16,,metered_month_to_month,,active
SUB-0000058,ACC-000539,SMB,2024-03-22,,metered_month_to_month,,active
SUB-0000059,ACC-000540,SMB,2023-05-19,2024-10-19,metered_month_to_month,,churned
SUB-0000060,ACC-000541,SMB,2021-01-01,2025-02-01,metered_month_to_month,,churned
SUB-0000061,ACC-000542,SMB,2021-09-13,,metered_month_to_month,,active
SUB-0000062,ACC-000543,SMB,2024-03-15,,metered_month_to_month,,active
SUB-0000063,ACC-000544,SMB,2020-08-11,,metered_month_to_month,,active
SUB-0000064,ACC-000546,SMB,2024-06-27,2025-11-27,metered_month_to_month,,churned
SUB-0000065,ACC-000547,SMB,2024-01-05,2024-05-05,metered_month_to_month,,churned
SUB-0000066,ACC-000548,SMB,2024-01-24,,metered_month_to_month,,active
SUB-0000067,ACC-000549,SMB,2020-04-28,2021-02-28,metered_month_to_month,,churned
SUB-0000068,ACC-000550,SMB,2025-07-16,,metered_month_to_month,,active
SUB-0000069,ACC-000551,SMB,2025-01-07,2025-03-07,metered_month_to_month,,churned
SUB-0000070,ACC-000552,SMB,2023-11-21,2024-05-21,metered_month_to_month,,churned
SUB-0000071,ACC-000553,SMB,2023-03-19,,metered_month_to_month,,active
SUB-0000072,ACC-000554,SMB,2025-04-10,,metered_month_to_month,,active
SUB-0000073,ACC-000555,SMB,2025-12-20,,metered_month_to_month,,active
SUB-0000074,ACC-000556,SMB,2025-09-01,,metered_month_to_month,,active
SUB-0000075,ACC-000559,SMB,2022-12-31,2025-06-28,metered_month_to_month,,churned
SUB-0000076,ACC-000560,SMB,2021-03-29,,metered_month_to_month,,active
SUB-0000077,ACC-000561,SMB,2020-03-21,2020-11-21,metered_month_to_month,,churned
SUB-0000078,ACC-000562,SMB,2025-04-27,,metered_month_to_month,,active
SUB-0000079,ACC-000563,SMB,2023-05-20,,metered_month_to_month,,active
SUB-0000080,ACC-000564,SMB,2023-07-27,,metered_month_to_month,,active
SUB-0000081,ACC-000565,SMB,2025-11-16,,metered_month_to_month,,active
SUB-0000082,ACC-000566,SMB,2025-12-07,,metered_month_to_month,,active
SUB-0000083,ACC-000567,SMB,2021-08-28,,metered_month_to_month,,active
SUB-0000084,ACC-000568,SMB,2025-03-02,,metered_month_to_month,,active
SUB-0000085,ACC-000569,SMB,2025-09-23,,metered_month_to_month,,active
SUB-0000086,ACC-000570,SMB,2025-11-05,,metered_month_to_month,,active
SUB-0000087,ACC-000571,SMB,2025-06-17,,metered_month_to_month,,active
SUB-0000088,ACC-000572,SMB,2024-02-04,,metered_month_to_month,,active
SUB-0000089,ACC-000574,SMB,2020-01-08,2022-03-08,metered_month_to_month,,churned
SUB-0000090,ACC-000575,SMB,2025-05-28,,metered_month_to_month,,active
SUB-0000091,ACC-000577,SMB,2022-06-30,,metered_month_to_month,,active
SUB-0000092,ACC-000578,SMB,2025-09-23,,metered_month_to_month,,active
SUB-0000093,ACC-000579,SMB,2025-03-18,2025-11-18,metered_month_to_month,,churned
SUB-0000094,ACC-000580,SMB,2020-06-06,2022-10-06,metered_month_to_month,,churned
SUB-0000095,ACC-000581,SMB,2023-08-06,2024-03-06,metered_month_to_month,,churned
SUB-0000096,ACC-000582,SMB,2021-01-21,2022-01-21,metered_month_to_month,,churned
SUB-0000097,ACC-000583,SMB,2021-10-29,,metered_month_to_month,,active
SUB-0000098,ACC-000584,SMB,2024-11-04,,metered_month_to_month,,active
SUB-0000099,ACC-000585,SMB,2022-01-04,2024-02-04,metered_month_to_month,,churned
SUB-0000100,ACC-000586,SMB,2023-08-06,2025-11-06,metered_month_to_month,,churned
SUB-0000101,ACC-000587,SMB,2025-10-19,,metered_month_to_month,,active
SUB-0000102,ACC-000588,SMB,2022-05-29,2023-07-28,metered_month_to_month,,churned
SUB-0000103,ACC-000589,SMB,2025-08-16,,metered_month_to_month,,active
SUB-0000104,ACC-000590,SMB,2025-03-07,,metered_month_to_month,,active
SUB-0000105,ACC-000591,SMB,2021-06-18,,metered_month_to_month,,active
SUB-0000106,ACC-000592,SMB,2024-01-16,,metered_month_to_month,,active
SUB-0000107,ACC-000593,SMB,2024-09-06,2025-03-06,metered_month_to_month,,churned
SUB-0000108,ACC-000594,SMB,2022-02-09,2023-05-09,metered_month_to_month,,churned
SUB-0000109,ACC-000595,SMB,2024-07-15,2024-09-15,metered_month_to_month,,churned
SUB-0000110,ACC-000596,SMB,2024-05-09,,metered_month_to_month,,active
SUB-0000111,ACC-000597,SMB,2020-05-23,,metered_month_to_month,,active
SUB-0000112,ACC-000598,SMB,2025-02-01,2025-06-01,metered_month_to_month,,churned
SUB-0000113,ACC-000599,SMB,2023-10-01,,metered_month_to_month,,active
SUB-0000114,ACC-000601,SMB,2022-09-13,2023-09-13,metered_month_to_month,,churned
SUB-0000115,ACC-000602,SMB,2023-05-01,2025-03-01,metered_month_to_month,,churned
SUB-0000116,ACC-000603,SMB,2024-03-09,,metered_month_to_month,,active
SUB-0000117,ACC-000604,SMB,2025-07-27,,metered_month_to_month,,active
SUB-0000118,ACC-000606,SMB,2025-09-28,,metered_month_to_month,,active
SUB-0000119,ACC-000607,SMB,2025-04-28,,metered_month_to_month,,active
SUB-0000120,ACC-000608,SMB,2020-08-17,2020-12-17,metered_month_to_month,,churned
SUB-0000121,ACC-000609,SMB,2025-10-06,,metered_month_to_month,,active
SUB-0000122,ACC-000610,SMB,2025-12-15,,metered_month_to_month,,active
SUB-0000123,ACC-000611,SMB,2024-12-15,,metered_month_to_month,,active
SUB-0000124,ACC-000613,SMB,2024-09-14,,metered_month_to_month,,active
SUB-0000125,ACC-000615,SMB,2023-07-13,,metered_month_to_month,,active
SUB-0000126,ACC-000616,SMB,2025-09-04,,metered_month_to_month,,active
SUB-0000127,ACC-000617,SMB,2024-02-08,,metered_month_to_month,,active
SUB-0000128,ACC-000619,SMB,2024-06-26,,metered_month_to_month,,active
SUB-0000129,ACC-000620,SMB,2023-03-16,2024-06-16,metered_month_to_month,,churned
SUB-0000130,ACC-000621,SMB,2023-12-13,,metered_month_to_month,,active
SUB-0000131,ACC-000622,SMB,2025-08-18,,metered_month_to_month,,active
SUB-0000132,ACC-000623,SMB,2024-10-26,2025-04-26,metered_month_to_month,,churned
SUB-0000133,ACC-000624,SMB,2025-09-24,,metered_month_to_month,,active
SUB-0000134,ACC-000625,SMB,2020-06-03,2024-10-03,metered_month_to_month,,churned
SUB-0000135,ACC-000626,SMB,2025-04-23,,metered_month_to_month,,active
SUB-0000136,ACC-000627,SMB,2024-01-26,,metered_month_to_month,,active
SUB-0000137,ACC-000628,SMB,2024-06-16,2025-05-16,metered_month_to_month,,churned
SUB-0000138,ACC-000629,SMB,2024-03-15,,metered_month_to_month,,active
SUB-0000139,ACC-000630,SMB,2022-03-09,,metered_month_to_month,,active
SUB-0000140,ACC-000632,SMB,2024-03-15,2025-06-15,metered_month_to_month,,churned
SUB-0000141,ACC-000633,SMB,2025-03-17,,metered_month_to_month,,active
SUB-0000142,ACC-000634,SMB,2023-02-11,,metered_month_to_month,,active
SUB-0000143,ACC-000635,SMB,2025-05-20,,metered_month_to_month,,active
SUB-0000144,ACC-000636,SMB,2025-11-06,,metered_month_to_month,,active
SUB-0000145,ACC-000637,SMB,2025-10-18,,metered_month_to_month,,active
SUB-0000146,ACC-000638,SMB,2025-01-08,,metered_month_to_month,,active
SUB-0000147,ACC-000639,SMB,2024-08-16,,metered_month_to_month,,active
SUB-0000148,ACC-000640,SMB,2024-07-03,,metered_month_to_month,,active
SUB-0000149,ACC-000641,SMB,2024-11-07,,metered_month_to_month,,active
SUB-0000150,ACC-000642,SMB,2024-03-22,,metered_month_to_month,,active
SUB-0000151,ACC-000643,SMB,2025-11-24,,metered_month_to_month,,active
SUB-0000152,ACC-000644,SMB,2025-01-09,,metered_month_to_month,,active
SUB-0000153,ACC-000645,SMB,2022-06-25,2025-01-25,metered_month_to_month,,churned
SUB-0000154,ACC-000646,SMB,2025-12-14,,metered_month_to_month,,active
SUB-0000155,ACC-000647,SMB,2024-06-11,,metered_month_to_month,,active
SUB-0000156,ACC-000649,SMB,2025-09-12,,metered_month_to_month,,active
SUB-0000157,ACC-000650,SMB,2024-12-05,,metered_month_to_month,,active
SUB-0000158,ACC-000651,SMB,2024-02-18,,metered_month_to_month,,active
SUB-0000159,ACC-000652,SMB,2025-10-03,,metered_month_to_month,,active
SUB-0000160,ACC-000653,SMB,2025-09-23,,metered_month_to_month,,active
SUB-0000161,ACC-000654,SMB,2024-10-10,,metered_month_to_month,,active
SUB-0000162,ACC-000656,SMB,2022-10-10,2023-08-10,metered_month_to_month,,churned
SUB-0000163,ACC-000657,SMB,2025-04-15,,metered_month_to_month,,active
SUB-0000164,ACC-000658,SMB,2023-06-26,2024-01-26,metered_month_to_month,,churned
SUB-0000165,ACC-000659,SMB,2025-11-10,,metered_month_to_month,,active
SUB-0000166,ACC-000660,SMB,2023-12-07,,metered_month_to_month,,active
SUB-0000167,ACC-000661,SMB,2023-05-06,,metered_month_to_month,,active
SUB-0000168,ACC-000662,SMB,2021-11-27,,metered_month_to_month,,active
SUB-0000169,ACC-000663,SMB,2024-06-06,,metered_month_to_month,,active
SUB-0000170,ACC-000664,SMB,2025-04-24,,metered_month_to_month,,active
SUB-0000171,ACC-000666,SMB,2025-08-02,,metered_month_to_month,,active
SUB-0000172,ACC-000667,SMB,2021-03-24,,metered_month_to_month,,active
SUB-0000173,ACC-000668,SMB,2025-11-28,,metered_month_to_month,,active
SUB-0000174,ACC-000669,SMB,2024-05-06,2025-07-06,metered_month_to_month,,churned
SUB-0000175,ACC-000670,SMB,2024-11-17,,metered_month_to_month,,active
SUB-0000176,ACC-000671,SMB,2022-12-18,,metered_month_to_month,,active
SUB-0000177,ACC-000672,SMB,2025-06-12,,metered_month_to_month,,active
SUB-0000178,ACC-000673,SMB,2023-10-10,,metered_month_to_month,,active
SUB-0000179,ACC-000674,SMB,2025-06-28,,metered_month_to_month,,active
SUB-0000180,ACC-000675,SMB,2025-06-08,2025-08-08,metered_month_to_month,,churned
SUB-0000181,ACC-000676,SMB,2024-12-28,,metered_month_to_month,,active
SUB-0000182,ACC-000677,SMB,2024-03-21,2025-10-21,metered_month_to_month,,churned
SUB-0000183,ACC-000678,SMB,2022-06-04,,metered_month_to_month,,active
SUB-0000184,ACC-000680,SMB,2022-02-14,2024-11-14,metered_month_to_month,,churned
SUB-0000185,ACC-000681,SMB,2024-10-16,,metered_month_to_month,,active
SUB-0000186,ACC-000682,SMB,2025-06-10,,metered_month_to_month,,active
SUB-0000187,ACC-000685,SMB,2024-12-04,,metered_month_to_month,,active
SUB-0000188,ACC-000686,SMB,2025-01-01,2025-06-01,metered_month_to_month,,churned
SUB-0000189,ACC-000687,SMB,2023-05-13,,metered_month_to_month,,active
SUB-0000190,ACC-000688,SMB,2025-11-27,,metered_month_to_month,,active
SUB-0000191,ACC-000689,SMB,2025-07-02,,metered_month_to_month,,active
SUB-0000192,ACC-000690,SMB,2023-12-08,2024-04-08,metered_month_to_month,,churned
SUB-0000193,ACC-000691,SMB,2020-03-25,2023-05-25,metered_month_to_month,,churned
SUB-0000194,ACC-000692,SMB,2025-03-22,,metered_month_to_month,,active
SUB-0000195,ACC-000693,SMB,2025-07-23,,metered_month_to_month,,active
SUB-0000196,ACC-000694,SMB,2023-04-16,,metered_month_to_month,,active
SUB-0000197,ACC-000695,SMB,2025-01-15,,metered_month_to_month,,active
SUB-0000198,ACC-000696,SMB,2024-12-02,,metered_month_to_month,,active
SUB-0000199,ACC-000697,SMB,2023-01-18,,metered_month_to_month,,active
SUB-0000200,ACC-000699,SMB,2025-07-09,,metered_month_to_month,,active
SUB-0000201,ACC-000700,SMB,2025-12-12,,metered_month_to_month,,active
SUB-0000202,ACC-000701,SMB,2024-03-14,2025-06-14,metered_month_to_month,,churned
SUB-0000203,ACC-000702,SMB,2025-12-09,,metered_month_to_month,,active
SUB-0000204,ACC-000703,SMB,2024-10-07,,metered_month_to_month,,active
SUB-0000205,ACC-000704,SMB,2023-06-10,,metered_month_to_month,,active
SUB-0000206,ACC-000705,SMB,2022-11-28,2023-02-28,metered_month_to_month,,churned
SUB-0000207,ACC-000706,SMB,2023-05-27,2023-07-27,metered_month_to_month,,churned
SUB-0000208,ACC-000708,SMB,2024-01-07,2025-11-07,metered_month_to_month,,churned
SUB-0000209,ACC-000709,SMB,2023-02-06,,metered_month_to_month,,active
SUB-0000210,ACC-000710,SMB,2025-04-20,,metered_month_to_month,,active
SUB-0000211,ACC-000711,SMB,2025-08-13,,metered_month_to_month,,active
SUB-0000212,ACC-000712,SMB,2024-06-21,,metered_month_to_month,,active
SUB-0000213,ACC-000713,SMB,2020-10-04,2023-10-04,metered_month_to_month,,churned
SUB-0000214,ACC-000714,SMB,2024-10-26,,metered_month_to_month,,active
SUB-0000215,ACC-000715,SMB,2024-11-12,,metered_month_to_month,,active
SUB-0000216,ACC-000716,SMB,2025-12-09,,metered_month_to_month,,active
SUB-0000217,ACC-000717,SMB,2023-06-12,2024-08-12,metered_month_to_month,,churned
SUB-0000218,ACC-000718,SMB,2024-05-19,2025-07-19,metered_month_to_month,,churned
SUB-0000219,ACC-000719,SMB,2025-06-09,,metered_month_to_month,,active
SUB-0000220,ACC-000721,SMB,2025-12-24,,metered_month_to_month,,active
SUB-0000221,ACC-000722,SMB,2025-06-28,,metered_month_to_month,,active
SUB-0000222,ACC-000723,SMB,2024-03-04,,metered_month_to_month,,active
SUB-0000223,ACC-000724,SMB,2025-03-15,,metered_month_to_month,,active
SUB-0000224,ACC-000725,SMB,2025-08-18,,metered_month_to_month,,active
SUB-0000225,ACC-000726,SMB,2025-05-20,,metered_month_to_month,,active
SUB-0000226,ACC-000727,SMB,2020-08-30,2021-08-28,metered_month_to_month,,churned
SUB-0000227,ACC-000728,SMB,2025-02-23,2025-04-23,metered_month_to_month,,churned
SUB-0000228,ACC-000730,SMB,2025-10-11,,metered_month_to_month,,active
SUB-0000229,ACC-000732,SMB,2022-02-04,,metered_month_to_month,,active
SUB-0000230,ACC-000733,SMB,2023-10-05,,metered_month_to_month,,active
SUB-0000231,ACC-000734,SMB,2024-04-06,,metered_month_to_month,,active
SUB-0000232,ACC-000735,SMB,2025-12-26,,metered_month_to_month,,active
SUB-0000233,ACC-000736,SMB,2025-12-04,,metered_month_to_month,,active
SUB-0000234,ACC-000737,SMB,2025-08-22,,metered_month_to_month,,active
SUB-0000235,ACC-000738,SMB,2023-11-18,,metered_month_to_month,,active
SUB-0000236,ACC-000739,SMB,2025-06-10,,metered_month_to_month,,active
SUB-0000237,ACC-000741,SMB,2025-01-23,2025-05-23,metered_month_to_month,,churned
SUB-0000238,ACC-000742,SMB,2025-07-04,,metered_month_to_month,,active
SUB-0000239,ACC-000744,SMB,2023-07-04,2025-08-04,metered_month_to_month,,churned
SUB-0000240,ACC-000745,SMB,2025-07-20,,metered_month_to_month,,active
SUB-0000241,ACC-000746,SMB,2020-01-16,,metered_month_to_month,,active
SUB-0000242,ACC-000747,SMB,2025-07-22,,metered_month_to_month,,active
SUB-0000243,ACC-000748,SMB,2022-05-22,,metered_month_to_month,,active
SUB-0000244,ACC-000749,SMB,2025-08-13,,metered_month_to_month,,active
SUB-0000245,ACC-000750,SMB,2025-11-10,,metered_month_to_month,,active
SUB-0000246,ACC-000751,SMB,2024-05-10,2024-08-10,metered_month_to_month,,churned
SUB-0000247,ACC-000752,SMB,2025-10-27,,metered_month_to_month,,active
SUB-0000248,ACC-000753,SMB,2020-11-27,2023-02-27,metered_month_to_month,,churned
SUB-0000249,ACC-000755,SMB,2025-08-01,,metered_month_to_month,,active
SUB-0000250,ACC-000756,SMB,2024-10-21,,metered_month_to_month,,active
SUB-0000251,ACC-000757,SMB,2023-04-25,2024-03-25,metered_month_to_month,,churned
SUB-0000252,ACC-000758,SMB,2021-04-09,2023-05-09,metered_month_to_month,,churned
SUB-0000253,ACC-000759,SMB,2025-03-07,2025-05-07,metered_month_to_month,,churned
SUB-0000254,ACC-000760,SMB,2025-08-01,,metered_month_to_month,,active
SUB-0000255,ACC-000761,SMB,2025-04-04,,metered_month_to_month,,active
SUB-0000256,ACC-000762,SMB,2025-10-10,,metered_month_to_month,,active
SUB-0000257,ACC-000763,SMB,2023-06-10,2025-10-10,metered_month_to_month,,churned
SUB-0000258,ACC-000764,SMB,2024-01-22,,metered_month_to_month,,active
SUB-0000259,ACC-000766,SMB,2023-10-13,2024-12-13,metered_month_to_month,,churned
SUB-0000260,ACC-000767,SMB,2024-05-22,,metered_month_to_month,,active
SUB-0000261,ACC-000769,SMB,2025-11-02,,metered_month_to_month,,active
SUB-0000262,ACC-000771,SMB,2024-12-21,2025-08-21,metered_month_to_month,,churned
SUB-0000263,ACC-000772,SMB,2025-06-15,,metered_month_to_month,,active
SUB-0000264,ACC-000774,SMB,2025-01-11,,metered_month_to_month,,active
SUB-0000265,ACC-000775,SMB,2024-01-02,2025-11-02,metered_month_to_month,,churned
SUB-0000266,ACC-000776,SMB,2025-09-19,,metered_month_to_month,,active
SUB-0000267,ACC-000777,SMB,2020-01-11,2022-03-11,metered_month_to_month,,churned
SUB-0000268,ACC-000778,SMB,2023-03-09,2025-01-09,metered_month_to_month,,churned
SUB-0000269,ACC-000779,SMB,2025-11-02,,metered_month_to_month,,active
SUB-0000270,ACC-000780,SMB,2025-07-10,,metered_month_to_month,,active
SUB-0000271,ACC-000781,SMB,2025-10-17,,metered_month_to_month,,active
SUB-0000272,ACC-000782,SMB,2020-09-22,2020-11-22,metered_month_to_month,,churned
SUB-0000273,ACC-000783,SMB,2025-10-18,,metered_month_to_month,,active
SUB-0000274,ACC-000784,SMB,2024-11-19,,metered_month_to_month,,active
SUB-0000275,ACC-000785,SMB,2023-09-01,,metered_month_to_month,,active
SUB-0000276,ACC-000786,SMB,2024-02-24,,metered_month_to_month,,active
SUB-0000277,ACC-000788,SMB,2025-11-15,,metered_month_to_month,,active
SUB-0000278,ACC-000789,SMB,2024-07-07,2025-04-07,metered_month_to_month,,churned
SUB-0000279,ACC-000790,SMB,2024-04-23,,metered_month_to_month,,active
SUB-0000280,ACC-000791,SMB,2025-02-10,,metered_month_to_month,,active
SUB-0000281,ACC-000792,SMB,2025-07-13,,metered_month_to_month,,active
SUB-0000282,ACC-000793,SMB,2025-04-07,,metered_month_to_month,,active
SUB-0000283,ACC-000794,SMB,2024-07-19,2025-10-19,metered_month_to_month,,churned
SUB-0000284,ACC-000795,SMB,2025-03-19,2025-05-19,metered_month_to_month,,churned
SUB-0000285,ACC-000797,SMB,2023-11-12,2024-10-12,metered_month_to_month,,churned
SUB-0000286,ACC-000798,SMB,2022-02-18,2023-07-18,metered_month_to_month,,churned
SUB-0000287,ACC-000799,SMB,2020-12-27,2022-10-27,metered_month_to_month,,churned
SUB-0000288,ACC-000800,SMB,2025-01-16,,metered_month_to_month,,active
SUB-0000289,ACC-000801,SMB,2023-11-25,,metered_month_to_month,,active
SUB-0000290,ACC-000802,SMB,2025-05-21,,metered_month_to_month,,active
SUB-0000291,ACC-000803,SMB,2025-05-20,,metered_month_to_month,,active
SUB-0000292,ACC-000804,SMB,2023-02-14,,metered_month_to_month,,active
SUB-0000293,ACC-000805,SMB,2024-01-05,2025-06-05,metered_month_to_month,,churned
SUB-0000294,ACC-000806,SMB,2025-09-01,,metered_month_to_month,,active
SUB-0000295,ACC-000807,SMB,2023-09-22,2023-11-22,metered_month_to_month,,churned
SUB-0000296,ACC-000808,SMB,2025-02-07,,metered_month_to_month,,active
SUB-0000297,ACC-000810,SMB,2024-07-28,,metered_month_to_month,,active
SUB-0000298,ACC-000811,SMB,2023-02-17,,metered_month_to_month,,active
SUB-0000299,ACC-000812,SMB,2025-01-14,,metered_month_to_month,,active
SUB-0000300,ACC-000813,SMB,2022-05-02,,metered_month_to_month,,active
SUB-0000301,ACC-000814,SMB,2024-10-21,2024-12-21,metered_month_to_month,,churned
SUB-0000302,ACC-000815,SMB,2021-08-08,2024-09-08,metered_month_to_month,,churned
SUB-0000303,ACC-000816,SMB,2025-10-04,,metered_month_to_month,,active
SUB-0000304,ACC-000817,SMB,2025-03-10,2025-10-10,metered_month_to_month,,churned
SUB-0000305,ACC-000820,SMB,2025-01-01,,metered_month_to_month,,active
SUB-0000306,ACC-000821,SMB,2023-02-19,,metered_month_to_month,,active
SUB-0000307,ACC-000822,SMB,2024-11-15,,metered_month_to_month,,active
SUB-0000308,ACC-000823,SMB,2024-05-15,,metered_month_to_month,,active
SUB-0000309,ACC-000824,SMB,2024-01-13,2025-04-13,metered_month_to_month,,churned
SUB-0000310,ACC-000825,SMB,2023-06-17,,metered_month_to_month,,active
SUB-0000311,ACC-000826,SMB,2025-11-26,,metered_month_to_month,,active
SUB-0000312,ACC-000827,SMB,2023-03-23,,metered_month_to_month,,active
SUB-0000313,ACC-000828,SMB,2025-12-18,,metered_month_to_month,,active
SUB-0000314,ACC-000830,SMB,2020-03-14,2024-09-14,metered_month_to_month,,churned
SUB-0000315,ACC-000831,SMB,2025-01-08,,metered_month_to_month,,active
SUB-0000316,ACC-000832,SMB,2024-03-27,,metered_month_to_month,,active
SUB-0000317,ACC-000833,SMB,2022-07-30,,metered_month_to_month,,active
SUB-0000318,ACC-000834,SMB,2024-06-24,,metered_month_to_month,,active
SUB-0000319,ACC-000835,SMB,2023-07-10,,metered_month_to_month,,active
SUB-0000320,ACC-000836,SMB,2023-08-12,2025-08-12,metered_month_to_month,,churned
SUB-0000321,ACC-000837,SMB,2025-01-26,,metered_month_to_month,,active
SUB-0000322,ACC-000839,SMB,2025-04-02,,metered_month_to_month,,active
SUB-0000323,ACC-000840,SMB,2024-06-07,,metered_month_to_month,,active
SUB-0000324,ACC-000841,SMB,2025-11-11,,metered_month_to_month,,active
SUB-0000325,ACC-000842,SMB,2024-08-18,,metered_month_to_month,,active
SUB-0000326,ACC-000843,SMB,2024-02-15,2025-10-15,metered_month_to_month,,churned
SUB-0000327,ACC-000844,SMB,2025-09-02,,metered_month_to_month,,active
SUB-0000328,ACC-000845,SMB,2025-11-22,,metered_month_to_month,,active
SUB-0000329,ACC-000846,SMB,2020-11-29,2022-07-28,metered_month_to_month,,churned
SUB-0000330,ACC-000847,SMB,2024-11-15,,metered_month_to_month,,active
SUB-0000331,ACC-000848,SMB,2023-02-23,2023-05-23,metered_month_to_month,,churned
SUB-0000332,ACC-000849,SMB,2024-05-16,2024-12-16,metered_month_to_month,,churned
SUB-0000333,ACC-000850,SMB,2024-03-07,,metered_month_to_month,,active
SUB-0000334,ACC-000851,SMB,2024-04-28,,metered_month_to_month,,active
SUB-0000335,ACC-000852,SMB,2024-12-02,,metered_month_to_month,,active
SUB-0000336,ACC-000853,SMB,2025-12-07,,metered_month_to_month,,active
SUB-0000337,ACC-000854,SMB,2024-06-25,,metered_month_to_month,,active
SUB-0000338,ACC-000855,SMB,2023-07-20,2024-03-20,metered_month_to_month,,churned
SUB-0000339,ACC-000856,SMB,2023-11-17,,metered_month_to_month,,active
SUB-0000340,ACC-000857,SMB,2024-10-15,,metered_month_to_month,,active
SUB-0000341,ACC-000858,SMB,2022-09-27,,metered_month_to_month,,active
SUB-0000342,ACC-000859,SMB,2023-09-18,,metered_month_to_month,,active
SUB-0000343,ACC-000860,SMB,2023-11-21,2024-02-21,metered_month_to_month,,churned
SUB-0000344,ACC-000861,SMB,2023-05-15,,metered_month_to_month,,active
SUB-0000345,ACC-000862,SMB,2023-08-28,,metered_month_to_month,,active
SUB-0000346,ACC-000863,SMB,2025-07-08,,metered_month_to_month,,active
SUB-0000347,ACC-000864,SMB,2024-06-05,2025-10-05,metered_month_to_month,,churned
SUB-0000348,ACC-000865,SMB,2025-08-15,,metered_month_to_month,,active
SUB-0000349,ACC-000867,SMB,2024-12-24,,metered_month_to_month,,active
SUB-0000350,ACC-000868,SMB,2024-12-13,,metered_month_to_month,,active
SUB-0000351,ACC-000869,SMB,2024-04-18,,metered_month_to_month,,active
SUB-0000352,ACC-000870,SMB,2023-05-22,,metered_month_to_month,,active
SUB-0000353,ACC-000871,SMB,2022-08-17,2024-07-17,metered_month_to_month,,churned
SUB-0000354,ACC-000872,SMB,2025-01-02,2025-03-02,metered_month_to_month,,churned
SUB-0000355,ACC-000873,SMB,2022-12-24,,metered_month_to_month,,active
SUB-0000356,ACC-000874,SMB,2024-04-09,,metered_month_to_month,,active
SUB-0000357,ACC-000875,SMB,2022-07-15,,metered_month_to_month,,active
SUB-0000358,ACC-000876,SMB,2024-04-28,,metered_month_to_month,,active
SUB-0000359,ACC-000877,SMB,2023-12-15,,metered_month_to_month,,active
SUB-0000360,ACC-000878,SMB,2024-07-12,,metered_month_to_month,,active
SUB-0000361,ACC-000879,SMB,2025-10-16,,metered_month_to_month,,active
SUB-0000362,ACC-000880,SMB,2025-04-27,2025-08-27,metered_month_to_month,,churned
SUB-0000363,ACC-000881,SMB,2024-12-08,2025-09-08,metered_month_to_month,,churned
SUB-0000364,ACC-000882,SMB,2023-11-15,2025-07-15,metered_month_to_month,,churned
SUB-0000365,ACC-000883,SMB,2025-01-10,,metered_month_to_month,,active
SUB-0000366,ACC-000884,SMB,2025-07-24,,metered_month_to_month,,active
SUB-0000367,ACC-000885,SMB,2024-01-21,,metered_month_to_month,,active
SUB-0000368,ACC-000886,SMB,2023-12-26,2024-08-26,metered_month_to_month,,churned
SUB-0000369,ACC-000887,SMB,2025-09-16,,metered_month_to_month,,active
SUB-0000370,ACC-000888,SMB,2025-02-24,,metered_month_to_month,,active
SUB-0000371,ACC-000889,SMB,2024-02-01,,metered_month_to_month,,active
SUB-0000372,ACC-000890,SMB,2024-12-26,,metered_month_to_month,,active
SUB-0000373,ACC-000891,SMB,2020-06-29,2022-11-28,metered_month_to_month,,churned
SUB-0000374,ACC-000892,SMB,2023-04-20,,metered_month_to_month,,active
SUB-0000375,ACC-000893,SMB,2022-11-26,2023-05-26,metered_month_to_month,,churned
SUB-0000376,ACC-000894,SMB,2022-10-12,2023-02-12,metered_month_to_month,,churned
SUB-0000377,ACC-000895,SMB,2024-04-28,,metered_month_to_month,,active
SUB-0000378,ACC-000896,SMB,2021-07-03,2022-11-03,metered_month_to_month,,churned
SUB-0000379,ACC-000898,SMB,2023-01-08,,metered_month_to_month,,active
SUB-0000380,ACC-000899,SMB,2025-09-12,,metered_month_to_month,,active
SUB-0000381,ACC-000900,SMB,2023-08-22,,metered_month_to_month,,active
SUB-0000382,ACC-000901,SMB,2025-10-24,,metered_month_to_month,,active
SUB-0000383,ACC-000902,SMB,2021-05-10,2021-10-10,metered_month_to_month,,churned
SUB-0000384,ACC-000903,SMB,2025-12-15,,metered_month_to_month,,active
SUB-0000385,ACC-000904,SMB,2024-04-18,,metered_month_to_month,,active
SUB-0000386,ACC-000905,SMB,2023-07-28,2024-10-28,metered_month_to_month,,churned
SUB-0000387,ACC-000906,SMB,2023-09-07,2025-02-07,metered_month_to_month,,churned
SUB-0000388,ACC-000907,SMB,2025-11-05,,metered_month_to_month,,active
SUB-0000389,ACC-000908,SMB,2022-09-11,,metered_month_to_month,,active
SUB-0000390,ACC-000909,SMB,2025-10-20,,metered_month_to_month,,active
SUB-0000391,ACC-000910,SMB,2024-11-28,2025-08-28,metered_month_to_month,,churned
SUB-0000392,ACC-000911,SMB,2024-06-03,,metered_month_to_month,,active
SUB-0000393,ACC-000912,SMB,2025-03-06,,metered_month_to_month,,active
SUB-0000394,ACC-000914,SMB,2020-07-03,2021-03-03,metered_month_to_month,,churned
SUB-0000395,ACC-000915,SMB,2020-06-09,,metered_month_to_month,,active
SUB-0000396,ACC-000916,SMB,2023-01-26,,metered_month_to_month,,active
SUB-0000397,ACC-000917,SMB,2021-08-31,2021-12-30,metered_month_to_month,,churned
SUB-0000398,ACC-000919,SMB,2024-06-16,,metered_month_to_month,,active
SUB-0000399,ACC-000920,SMB,2022-04-30,,metered_month_to_month,,active
SUB-0000400,ACC-000921,SMB,2020-01-11,2020-06-11,metered_month_to_month,,churned
SUB-0000401,ACC-000922,SMB,2024-03-11,2025-10-11,metered_month_to_month,,churned
SUB-0000402,ACC-000923,SMB,2025-10-26,,metered_month_to_month,,active
SUB-0000403,ACC-000924,SMB,2023-10-19,,metered_month_to_month,,active
SUB-0000404,ACC-000926,SMB,2025-07-18,,metered_month_to_month,,active
SUB-0000405,ACC-000927,SMB,2023-11-17,,metered_month_to_month,,active
SUB-0000406,ACC-000929,SMB,2021-11-18,,metered_month_to_month,,active
SUB-0000407,ACC-000930,SMB,2025-07-13,,metered_month_to_month,,active
SUB-0000408,ACC-000932,SMB,2023-01-03,,metered_month_to_month,,active
SUB-0000409,ACC-000933,SMB,2024-03-27,,metered_month_to_month,,active
SUB-0000410,ACC-000934,SMB,2024-08-12,,metered_month_to_month,,active
SUB-0000411,ACC-000936,SMB,2025-07-14,,metered_month_to_month,,active
SUB-0000412,ACC-000938,SMB,2022-10-26,2025-07-26,metered_month_to_month,,churned
SUB-0000413,ACC-000939,SMB,2024-10-09,,metered_month_to_month,,active
SUB-0000414,ACC-000940,SMB,2023-12-11,,metered_month_to_month,,active
SUB-0000415,ACC-000941,SMB,2024-01-15,,metered_month_to_month,,active
SUB-0000416,ACC-000943,SMB,2025-11-23,,metered_month_to_month,,active
SUB-0000417,ACC-000944,SMB,2024-09-11,,metered_month_to_month,,active
SUB-0000418,ACC-000945,SMB,2022-06-18,2024-10-18,metered_month_to_month,,churned
SUB-0000419,ACC-000946,SMB,2025-07-19,,metered_month_to_month,,active
SUB-0000420,ACC-000947,SMB,2023-07-21,,metered_month_to_month,,active
SUB-0000421,ACC-000948,SMB,2022-04-13,,metered_month_to_month,,active
SUB-0000422,ACC-000949,SMB,2025-09-12,,metered_month_to_month,,active
SUB-0000423,ACC-000950,SMB,2023-02-20,2023-05-20,metered_month_to_month,,churned
SUB-0000424,ACC-000951,SMB,2022-04-06,,metered_month_to_month,,active
SUB-0000425,ACC-000952,SMB,2025-04-20,,metered_month_to_month,,active
SUB-0000426,ACC-000953,SMB,2025-12-13,,metered_month_to_month,,active
SUB-0000427,ACC-000954,SMB,2024-05-05,,metered_month_to_month,,active
SUB-0000428,ACC-000955,SMB,2025-07-27,,metered_month_to_month,,active
SUB-0000429,ACC-000956,SMB,2024-09-12,,metered_month_to_month,,active
SUB-0000430,ACC-000957,SMB,2023-02-19,,metered_month_to_month,,active
SUB-0000431,ACC-000960,SMB,2021-09-17,,metered_month_to_month,,active
SUB-0000432,ACC-000961,SMB,2025-10-02,,metered_month_to_month,,active
SUB-0000433,ACC-000962,SMB,2023-08-28,,metered_month_to_month,,active
SUB-0000434,ACC-000963,SMB,2025-10-26,,metered_month_to_month,,active
SUB-0000435,ACC-000964,SMB,2025-01-14,,metered_month_to_month,,active
SUB-0000436,ACC-000965,SMB,2024-09-04,,metered_month_to_month,,active
SUB-0000437,ACC-000966,SMB,2022-02-19,2024-05-19,metered_month_to_month,,churned
SUB-0000438,ACC-000967,SMB,2025-02-05,,metered_month_to_month,,active
SUB-0000439,ACC-000968,SMB,2025-01-04,2025-08-04,metered_month_to_month,,churned
SUB-0000440,ACC-000969,SMB,2025-02-03,,metered_month_to_month,,active
SUB-0000441,ACC-000971,SMB,2024-11-04,,metered_month_to_month,,active
SUB-0000442,ACC-000972,SMB,2025-07-27,,metered_month_to_month,,active
SUB-0000443,ACC-000974,SMB,2022-08-18,,metered_month_to_month,,active
SUB-0000444,ACC-000975,SMB,2023-04-08,,metered_month_to_month,,active
SUB-0000445,ACC-000976,SMB,2024-01-23,,metered_month_to_month,,active
SUB-0000446,ACC-000977,SMB,2025-02-09,,metered_month_to_month,,active
SUB-0000447,ACC-000978,SMB,2025-10-23,,metered_month_to_month,,active
SUB-0000448,ACC-000979,SMB,2023-07-15,2025-07-15,metered_month_to_month,,churned
SUB-0000449,ACC-000980,SMB,2024-12-14,,metered_month_to_month,,active
SUB-0000450,ACC-000981,SMB,2021-07-13,2022-07-13,metered_month_to_month,,churned
SUB-0000451,ACC-000982,SMB,2024-11-19,,metered_month_to_month,,active
SUB-0000452,ACC-000983,SMB,2025-06-09,,metered_month_to_month,,active
SUB-0000453,ACC-000984,SMB,2023-03-13,,metered_month_to_month,,active
SUB-0000454,ACC-000985,SMB,2020-04-05,2021-06-05,metered_month_to_month,,churned
SUB-0000455,ACC-000986,SMB,2024-03-14,,metered_month_to_month,,active
SUB-0000456,ACC-000987,SMB,2024-01-06,,metered_month_to_month,,active
SUB-0000457,ACC-000988,SMB,2023-04-07,2024-04-07,metered_month_to_month,,churned
SUB-0000458,ACC-000989,SMB,2022-04-08,2024-08-08,metered_month_to_month,,churned
SUB-0000459,ACC-000990,SMB,2025-09-26,,metered_month_to_month,,active
SUB-0000460,ACC-000991,SMB,2021-06-01,,metered_month_to_month,,active
SUB-0000461,ACC-000992,SMB,2020-11-10,2023-01-10,metered_month_to_month,,churned
SUB-0000462,ACC-000993,SMB,2024-11-26,,metered_month_to_month,,active
SUB-0000463,ACC-000994,SMB,2024-10-18,,metered_month_to_month,,active
SUB-0000464,ACC-000995,SMB,2024-07-13,,metered_month_to_month,,active
SUB-0000465,ACC-000997,SMB,2024-08-27,2025-07-27,metered_month_to_month,,churned
SUB-0000466,ACC-000998,SMB,2021-03-01,,metered_month_to_month,,active
SUB-0000467,ACC-000999,SMB,2022-06-23,2025-02-23,metered_month_to_month,,churned
SUB-0000468,ACC-001000,SMB,2025-01-01,,metered_month_to_month,,active
SUB-0000469,ACC-001001,SMB,2025-07-14,,metered_month_to_month,,active
SUB-0000470,ACC-001002,SMB,2024-12-15,,metered_month_to_month,,active
SUB-0000471,ACC-001003,SMB,2024-04-23,,metered_month_to_month,,active
SUB-0000472,ACC-001004,SMB,2020-02-21,,metered_month_to_month,,active
SUB-0000473,ACC-001005,SMB,2025-08-01,,metered_month_to_month,,active
SUB-0000474,ACC-001006,SMB,2025-12-07,,metered_month_to_month,,active
SUB-0000475,ACC-001007,SMB,2024-08-05,,metered_month_to_month,,active
SUB-0000476,ACC-001008,SMB,2025-03-05,,metered_month_to_month,,active
SUB-0000477,ACC-001009,SMB,2025-12-01,,metered_month_to_month,,active
SUB-0000478,ACC-001010,SMB,2023-11-09,2024-12-09,metered_month_to_month,,churned
SUB-0000479,ACC-001011,SMB,2025-12-24,,metered_month_to_month,,active
SUB-0000480,ACC-001012,SMB,2024-09-18,,metered_month_to_month,,active
SUB-0000481,ACC-001013,SMB,2022-12-17,2023-10-17,metered_month_to_month,,churned
SUB-0000482,ACC-001014,SMB,2025-03-04,,metered_month_to_month,,active
SUB-0000483,ACC-001015,SMB,2024-08-11,,metered_month_to_month,,active
SUB-0000484,ACC-001016,SMB,2023-05-19,,metered_month_to_month,,active
SUB-0000485,ACC-001017,SMB,2025-08-06,2025-10-06,metered_month_to_month,,churned
SUB-0000486,ACC-001018,SMB,2024-07-28,,metered_month_to_month,,active
SUB-0000487,ACC-001019,SMB,2025-10-10,,metered_month_to_month,,active
SUB-0000488,ACC-001020,SMB,2024-06-21,2024-11-21,metered_month_to_month,,churned
SUB-0000489,ACC-001021,SMB,2024-12-09,,metered_month_to_month,,active
SUB-0000490,ACC-001022,SMB,2023-02-09,2023-10-09,metered_month_to_month,,churned
SUB-0000491,ACC-001023,SMB,2025-01-10,2025-11-10,metered_month_to_month,,churned
SUB-0000492,ACC-001025,SMB,2025-03-11,,metered_month_to_month,,active
SUB-0000493,ACC-001026,SMB,2023-12-16,2024-08-16,metered_month_to_month,,churned
SUB-0000494,ACC-001027,SMB,2023-01-25,2024-02-25,metered_month_to_month,,churned
SUB-0000495,ACC-001028,SMB,2023-04-09,,metered_month_to_month,,active
SUB-0000496,ACC-001029,SMB,2024-09-05,,metered_month_to_month,,active
SUB-0000497,ACC-001030,SMB,2023-09-22,,metered_month_to_month,,active
SUB-0000498,ACC-001031,SMB,2023-02-03,,metered_month_to_month,,active
SUB-0000499,ACC-001032,SMB,2024-01-01,,metered_month_to_month,,active
SUB-0000500,ACC-001033,SMB,2025-02-21,2025-10-21,metered_month_to_month,,churned
SUB-0000501,ACC-001034,SMB,2024-08-25,2025-08-25,metered_month_to_month,,churned
SUB-0000502,ACC-001035,SMB,2024-05-22,,metered_month_to_month,,active
SUB-0000503,ACC-001036,SMB,2024-11-07,2025-05-07,metered_month_to_month,,churned
SUB-0000504,ACC-001037,SMB,2024-12-23,,metered_month_to_month,,active
SUB-0000505,ACC-001038,SMB,2025-01-25,,metered_month_to_month,,active
SUB-0000506,ACC-001040,SMB,2021-03-15,2024-01-15,metered_month_to_month,,churned
SUB-0000507,ACC-001041,SMB,2024-01-06,,metered_month_to_month,,active
SUB-0000508,ACC-001042,SMB,2024-12-09,,metered_month_to_month,,active
SUB-0000509,ACC-001043,SMB,2024-12-27,,metered_month_to_month,,active
SUB-0000510,ACC-001044,SMB,2025-04-17,,metered_month_to_month,,active
SUB-0000511,ACC-001045,SMB,2025-07-12,,metered_month_to_month,,active
SUB-0000512,ACC-001046,SMB,2024-11-14,,metered_month_to_month,,active
SUB-0000513,ACC-001047,SMB,2021-11-13,,metered_month_to_month,,active
SUB-0000514,ACC-001048,SMB,2022-12-16,2025-04-16,metered_month_to_month,,churned
SUB-0000515,ACC-001049,SMB,2023-12-04,,metered_month_to_month,,active
SUB-0000516,ACC-001050,SMB,2024-10-11,,metered_month_to_month,,active
SUB-0000517,ACC-001051,SMB,2025-05-18,2025-10-18,metered_month_to_month,,churned
SUB-0000518,ACC-001052,SMB,2021-03-31,2021-12-30,metered_month_to_month,,churned
SUB-0000519,ACC-001053,SMB,2025-06-04,,metered_month_to_month,,active
SUB-0000520,ACC-001054,SMB,2025-07-02,,metered_month_to_month,,active
SUB-0000521,ACC-001055,SMB,2024-12-16,,metered_month_to_month,,active
SUB-0000522,ACC-001057,SMB,2025-07-15,,metered_month_to_month,,active
SUB-0000523,ACC-001059,SMB,2023-09-24,,metered_month_to_month,,active
SUB-0000524,ACC-001060,SMB,2024-06-01,2025-09-01,metered_month_to_month,,churned
SUB-0000525,ACC-001061,SMB,2025-05-23,,metered_month_to_month,,active
SUB-0000526,ACC-001062,SMB,2025-12-08,,metered_month_to_month,,active
SUB-0000527,ACC-001065,SMB,2025-07-13,,metered_month_to_month,,active
SUB-0000528,ACC-001066,SMB,2025-11-03,,metered_month_to_month,,active
SUB-0000529,ACC-001067,SMB,2025-11-13,,metered_month_to_month,,active
SUB-0000530,ACC-001068,SMB,2025-12-19,,metered_month_to_month,,active
SUB-0000531,ACC-001069,SMB,2025-06-09,,metered_month_to_month,,active
SUB-0000532,ACC-001070,SMB,2025-12-14,,metered_month_to_month,,active
SUB-0000533,ACC-001071,SMB,2023-07-02,,metered_month_to_month,,active
SUB-0000534,ACC-001072,SMB,2023-09-11,,metered_month_to_month,,active
SUB-0000535,ACC-001073,SMB,2024-04-01,2024-10-01,metered_month_to_month,,churned
SUB-0000536,ACC-001074,SMB,2024-12-23,,metered_month_to_month,,active
SUB-0000537,ACC-001075,SMB,2025-06-14,,metered_month_to_month,,active
SUB-0000538,ACC-001076,SMB,2023-01-20,,metered_month_to_month,,active
SUB-0000539,ACC-001077,SMB,2024-04-23,,metered_month_to_month,,active
SUB-0000540,ACC-001078,SMB,2021-02-21,,metered_month_to_month,,active
SUB-0000541,ACC-001080,SMB,2025-09-06,,metered_month_to_month,,active
SUB-0000542,ACC-001081,SMB,2023-12-19,2024-08-19,metered_month_to_month,,churned
SUB-0000543,ACC-001082,SMB,2024-04-21,2025-04-21,metered_month_to_month,,churned
SUB-0000544,ACC-001083,SMB,2025-03-21,,metered_month_to_month,,active
SUB-0000545,ACC-001085,SMB,2025-05-26,,metered_month_to_month,,active
SUB-0000546,ACC-001086,SMB,2023-06-28,2025-02-28,metered_month_to_month,,churned
SUB-0000547,ACC-001087,SMB,2025-05-17,,metered_month_to_month,,active
SUB-0000548,ACC-001089,SMB,2020-11-24,2023-11-24,metered_month_to_month,,churned
SUB-0000549,ACC-001090,SMB,2024-01-14,,metered_month_to_month,,active
SUB-0000550,ACC-001091,SMB,2022-02-03,,metered_month_to_month,,active
SUB-0000551,ACC-001092,SMB,2024-09-26,,metered_month_to_month,,active
SUB-0000552,ACC-001093,SMB,2023-11-20,,metered_month_to_month,,active
SUB-0000553,ACC-001094,SMB,2025-05-10,,metered_month_to_month,,active
SUB-0000554,ACC-001095,SMB,2024-03-24,,metered_month_to_month,,active
SUB-0000555,ACC-001096,SMB,2025-12-20,,metered_month_to_month,,active
SUB-0000556,ACC-001097,SMB,2023-08-12,,metered_month_to_month,,active
SUB-0000557,ACC-001098,SMB,2025-04-27,,metered_month_to_month,,active
SUB-0000558,ACC-001100,SMB,2024-12-08,,metered_month_to_month,,active
SUB-0000559,ACC-001102,SMB,2025-10-16,,metered_month_to_month,,active
SUB-0000560,ACC-001103,SMB,2022-09-14,2022-12-14,metered_month_to_month,,churned
SUB-0000561,ACC-001104,SMB,2024-04-06,,metered_month_to_month,,active
SUB-0000562,ACC-001105,SMB,2024-05-16,,metered_month_to_month,,active
SUB-0000563,ACC-001106,SMB,2024-03-23,2024-07-23,metered_month_to_month,,churned
SUB-0000564,ACC-001107,SMB,2024-02-21,,metered_month_to_month,,active
SUB-0000565,ACC-001108,SMB,2025-04-10,,metered_month_to_month,,active
SUB-0000566,ACC-001109,SMB,2025-02-20,,metered_month_to_month,,active
SUB-0000567,ACC-001110,SMB,2025-07-20,,metered_month_to_month,,active
SUB-0000568,ACC-001111,SMB,2025-06-14,,metered_month_to_month,,active
SUB-0000569,ACC-001112,SMB,2025-06-16,,metered_month_to_month,,active
SUB-0000570,ACC-001113,SMB,2024-09-17,2025-10-17,metered_month_to_month,,churned
SUB-0000571,ACC-001115,SMB,2023-11-05,,metered_month_to_month,,active
SUB-0000572,ACC-001116,SMB,2021-09-04,,metered_month_to_month,,active
SUB-0000573,ACC-001117,SMB,2023-02-05,2025-02-05,metered_month_to_month,,churned
SUB-0000574,ACC-001118,SMB,2024-11-28,,metered_month_to_month,,active
SUB-0000575,ACC-001119,SMB,2023-05-03,,metered_month_to_month,,active
SUB-0000576,ACC-001120,SMB,2025-08-26,,metered_month_to_month,,active
SUB-0000577,ACC-001121,SMB,2021-01-18,,metered_month_to_month,,active
SUB-0000578,ACC-001122,SMB,2025-10-03,,metered_month_to_month,,active
SUB-0000579,ACC-001123,SMB,2023-11-19,2025-01-19,metered_month_to_month,,churned
SUB-0000580,ACC-001124,SMB,2024-08-14,2025-10-14,metered_month_to_month,,churned
SUB-0000581,ACC-001125,SMB,2025-09-25,,metered_month_to_month,,active
SUB-0000582,ACC-001126,SMB,2023-09-11,,metered_month_to_month,,active
SUB-0000583,ACC-001127,SMB,2024-03-17,,metered_month_to_month,,active
SUB-0000584,ACC-001128,SMB,2024-07-14,2024-10-14,metered_month_to_month,,churned
SUB-0000585,ACC-001129,SMB,2023-05-25,2025-03-25,metered_month_to_month,,churned
SUB-0000586,ACC-001130,SMB,2025-01-18,,metered_month_to_month,,active
SUB-0000587,ACC-001131,SMB,2025-02-21,,metered_month_to_month,,active
SUB-0000588,ACC-001132,SMB,2025-10-14,,metered_month_to_month,,active
SUB-0000589,ACC-001133,SMB,2025-12-24,,metered_month_to_month,,active
SUB-0000590,ACC-001134,SMB,2023-07-07,,metered_month_to_month,,active
SUB-0000591,ACC-001135,SMB,2024-12-20,,metered_month_to_month,,active
SUB-0000592,ACC-001136,SMB,2025-05-21,,metered_month_to_month,,active
SUB-0000593,ACC-001137,SMB,2025-05-11,,metered_month_to_month,,active
SUB-0000594,ACC-001138,SMB,2025-11-20,,metered_month_to_month,,active
SUB-0000595,ACC-001140,SMB,2024-10-05,,metered_month_to_month,,active
SUB-0000596,ACC-001141,SMB,2025-05-07,,metered_month_to_month,,active
SUB-0000597,ACC-001142,SMB,2024-01-05,,metered_month_to_month,,active
SUB-0000598,ACC-001143,SMB,2025-07-22,,metered_month_to_month,,active
SUB-0000599,ACC-001144,SMB,2023-01-27,,metered_month_to_month,,active
SUB-0000600,ACC-001145,SMB,2023-02-09,,metered_month_to_month,,active
SUB-0000601,ACC-001146,SMB,2024-09-01,2025-08-01,metered_month_to_month,,churned
SUB-0000602,ACC-001147,SMB,2025-07-26,,metered_month_to_month,,active
SUB-0000603,ACC-001148,SMB,2025-07-06,,metered_month_to_month,,active
SUB-0000604,ACC-001149,SMB,2022-02-02,,metered_month_to_month,,active
SUB-0000605,ACC-001150,SMB,2025-01-09,,metered_month_to_month,,active
SUB-0000606,ACC-001151,SMB,2023-06-23,2025-06-23,metered_month_to_month,,churned
SUB-0000607,ACC-001152,SMB,2025-02-15,,metered_month_to_month,,active
SUB-0000608,ACC-001153,SMB,2022-10-06,2025-04-06,metered_month_to_month,,churned
SUB-0000609,ACC-001154,SMB,2024-07-07,,metered_month_to_month,,active
SUB-0000610,ACC-001155,SMB,2021-10-14,2024-10-14,metered_month_to_month,,churned
SUB-0000611,ACC-001156,SMB,2024-04-07,,metered_month_to_month,,active
SUB-0000612,ACC-001157,SMB,2023-07-12,,metered_month_to_month,,active
SUB-0000613,ACC-001158,SMB,2025-06-14,,metered_month_to_month,,active
SUB-0000614,ACC-001159,SMB,2024-01-26,2024-11-26,metered_month_to_month,,churned
SUB-0000615,ACC-001160,SMB,2023-06-05,2025-10-05,metered_month_to_month,,churned
SUB-0000616,ACC-001161,SMB,2023-10-15,,metered_month_to_month,,active
SUB-0000617,ACC-001162,SMB,2025-07-04,,metered_month_to_month,,active
SUB-0000618,ACC-001164,SMB,2025-06-27,,metered_month_to_month,,active
SUB-0000619,ACC-001165,SMB,2023-08-10,,metered_month_to_month,,active
SUB-0000620,ACC-001166,SMB,2023-11-06,2024-10-06,metered_month_to_month,,churned
SUB-0000621,ACC-001167,SMB,2021-10-21,,metered_month_to_month,,active
SUB-0000622,ACC-001168,SMB,2025-12-10,,metered_month_to_month,,active
SUB-0000623,ACC-001169,SMB,2024-10-04,,metered_month_to_month,,active
SUB-0000624,ACC-001170,SMB,2024-03-01,,metered_month_to_month,,active
SUB-0000625,ACC-001172,SMB,2023-04-20,2024-12-20,metered_month_to_month,,churned
SUB-0000626,ACC-001173,SMB,2021-08-27,2023-05-27,metered_month_to_month,,churned
SUB-0000627,ACC-001174,SMB,2025-04-02,,metered_month_to_month,,active
SUB-0000628,ACC-001175,SMB,2024-12-18,2025-03-18,metered_month_to_month,,churned
SUB-0000629,ACC-001176,SMB,2025-09-19,,metered_month_to_month,,active
SUB-0000630,ACC-001177,SMB,2025-06-17,,metered_month_to_month,,active
SUB-0000631,ACC-001178,SMB,2024-10-06,,metered_month_to_month,,active
SUB-0000632,ACC-001179,SMB,2025-12-20,,metered_month_to_month,,active
SUB-0000633,ACC-001180,SMB,2023-05-19,2024-01-19,metered_month_to_month,,churned
SUB-0000634,ACC-001181,SMB,2025-06-26,,metered_month_to_month,,active
SUB-0000635,ACC-001182,SMB,2024-11-19,,metered_month_to_month,,active
SUB-0000636,ACC-001184,SMB,2025-07-09,,metered_month_to_month,,active
SUB-0000637,ACC-001185,SMB,2025-03-02,,metered_month_to_month,,active
SUB-0000638,ACC-001186,SMB,2025-09-16,,metered_month_to_month,,active
SUB-0000639,ACC-001187,SMB,2024-11-18,,metered_month_to_month,,active
SUB-0000640,ACC-001188,SMB,2022-01-02,,metered_month_to_month,,active
SUB-0000641,ACC-001189,SMB,2021-04-07,,metered_month_to_month,,active
SUB-0000642,ACC-001190,SMB,2023-06-26,,metered_month_to_month,,active
SUB-0000643,ACC-001191,SMB,2024-07-05,2025-05-05,metered_month_to_month,,churned
SUB-0000644,ACC-001192,SMB,2020-01-13,2022-03-13,metered_month_to_month,,churned
SUB-0000645,ACC-001193,SMB,2022-04-05,2022-12-05,metered_month_to_month,,churned
SUB-0000646,ACC-001194,SMB,2025-10-22,,metered_month_to_month,,active
SUB-0000647,ACC-001195,SMB,2020-08-14,2021-01-14,metered_month_to_month,,churned
SUB-0000648,ACC-001198,SMB,2023-09-05,,metered_month_to_month,,active
SUB-0000649,ACC-001199,SMB,2024-03-20,,metered_month_to_month,,active
SUB-0000650,ACC-001200,SMB,2024-06-09,,metered_month_to_month,,active
SUB-0000651,ACC-001201,SMB,2025-06-23,,metered_month_to_month,,active
SUB-0000652,ACC-001202,SMB,2024-09-15,2025-09-15,metered_month_to_month,,churned
SUB-0000653,ACC-001203,SMB,2025-07-13,,metered_month_to_month,,active
SUB-0000654,ACC-001204,SMB,2024-01-28,2025-07-28,metered_month_to_month,,churned
SUB-0000655,ACC-001205,SMB,2025-12-08,,metered_month_to_month,,active
SUB-0000656,ACC-001206,SMB,2024-07-25,,metered_month_to_month,,active
SUB-0000657,ACC-001207,SMB,2021-05-11,,metered_month_to_month,,active
SUB-0000658,ACC-001208,SMB,2025-02-15,,metered_month_to_month,,active
SUB-0000659,ACC-001209,SMB,2024-12-24,2025-02-24,metered_month_to_month,,churned
SUB-0000660,ACC-001210,SMB,2023-03-20,,metered_month_to_month,,active
SUB-0000661,ACC-001211,SMB,2025-06-16,,metered_month_to_month,,active
SUB-0000662,ACC-001212,SMB,2025-02-15,,metered_month_to_month,,active
SUB-0000663,ACC-001213,SMB,2023-09-11,2024-04-11,metered_month_to_month,,churned
SUB-0000664,ACC-001214,SMB,2025-02-18,,metered_month_to_month,,active
SUB-0000665,ACC-001217,SMB,2023-09-13,,metered_month_to_month,,active
SUB-0000666,ACC-001218,SMB,2024-01-21,,metered_month_to_month,,active
SUB-0000667,ACC-001220,SMB,2024-05-28,,metered_month_to_month,,active
SUB-0000668,ACC-001221,SMB,2021-05-18,2024-04-18,metered_month_to_month,,churned
SUB-0000669,ACC-001223,SMB,2023-05-25,,metered_month_to_month,,active
SUB-0000670,ACC-001224,SMB,2020-03-06,2022-05-06,metered_month_to_month,,churned
SUB-0000671,ACC-001225,SMB,2025-11-11,,metered_month_to_month,,active
SUB-0000672,ACC-001226,SMB,2025-07-14,,metered_month_to_month,,active
SUB-0000673,ACC-001227,SMB,2023-09-02,2023-11-02,metered_month_to_month,,churned
SUB-0000674,ACC-001228,SMB,2025-03-17,,metered_month_to_month,,active
SUB-0000675,ACC-001229,SMB,2021-05-19,,metered_month_to_month,,active
SUB-0000676,ACC-001230,SMB,2021-07-26,2024-02-26,metered_month_to_month,,churned
SUB-0000677,ACC-001231,SMB,2025-05-10,,metered_month_to_month,,active
SUB-0000678,ACC-001232,SMB,2023-05-11,,metered_month_to_month,,active
SUB-0000679,ACC-001233,SMB,2023-06-27,2024-04-27,metered_month_to_month,,churned
SUB-0000680,ACC-001235,SMB,2025-07-25,,metered_month_to_month,,active
SUB-0000681,ACC-001236,SMB,2024-09-18,2024-11-18,metered_month_to_month,,churned
SUB-0000682,ACC-001237,SMB,2020-06-16,2020-10-16,metered_month_to_month,,churned
SUB-0000683,ACC-001238,SMB,2025-12-17,,metered_month_to_month,,active
SUB-0000684,ACC-001239,SMB,2025-02-28,2025-11-28,metered_month_to_month,,churned
SUB-0000685,ACC-001240,SMB,2020-12-23,,metered_month_to_month,,active
SUB-0000686,ACC-001241,SMB,2025-10-23,,metered_month_to_month,,active
SUB-0000687,ACC-001242,SMB,2023-10-06,2024-08-06,metered_month_to_month,,churned
SUB-0000688,ACC-001243,SMB,2025-12-23,,metered_month_to_month,,active
SUB-0000689,ACC-001244,SMB,2025-02-19,,metered_month_to_month,,active
SUB-0000690,ACC-001245,SMB,2025-11-23,,metered_month_to_month,,active
SUB-0000691,ACC-001246,SMB,2024-09-21,,metered_month_to_month,,active
SUB-0000692,ACC-001247,SMB,2025-04-20,,metered_month_to_month,,active
SUB-0000693,ACC-001248,SMB,2024-03-12,,metered_month_to_month,,active
SUB-0000694,ACC-001249,SMB,2023-03-23,2023-06-23,metered_month_to_month,,churned
SUB-0000695,ACC-001250,SMB,2023-05-06,,metered_month_to_month,,active
SUB-0000696,ACC-001251,SMB,2024-05-07,,metered_month_to_month,,active
SUB-0000697,ACC-001252,SMB,2024-03-03,,metered_month_to_month,,active
SUB-0000698,ACC-001253,SMB,2025-04-01,,metered_month_to_month,,active
SUB-0000699,ACC-001254,SMB,2024-09-08,,metered_month_to_month,,active
SUB-0000700,ACC-001255,SMB,2022-08-18,,metered_month_to_month,,active
SUB-0000701,ACC-001256,SMB,2023-11-08,,metered_month_to_month,,active
SUB-0000702,ACC-001257,SMB,2024-12-16,,metered_month_to_month,,active
SUB-0000703,ACC-001258,SMB,2020-05-19,,metered_month_to_month,,active
SUB-0000704,ACC-001259,SMB,2024-04-02,,metered_month_to_month,,active
SUB-0000705,ACC-001260,SMB,2024-04-05,,metered_month_to_month,,active
SUB-0000706,ACC-001261,SMB,2025-08-20,,metered_month_to_month,,active
SUB-0000707,ACC-001262,SMB,2020-11-12,,metered_month_to_month,,active
SUB-0000708,ACC-001264,SMB,2024-07-17,2025-11-17,metered_month_to_month,,churned
SUB-0000709,ACC-001265,SMB,2024-11-17,,metered_month_to_month,,active
SUB-0000710,ACC-001266,SMB,2025-09-23,,metered_month_to_month,,active
SUB-0000711,ACC-001267,SMB,2024-08-09,,metered_month_to_month,,active
SUB-0000712,ACC-001268,SMB,2024-12-23,,metered_month_to_month,,active
SUB-0000713,ACC-001269,SMB,2023-10-11,2024-08-11,metered_month_to_month,,churned
SUB-0000714,ACC-001270,SMB,2024-09-28,2025-04-28,metered_month_to_month,,churned
SUB-0000715,ACC-001271,SMB,2024-06-01,,metered_month_to_month,,active
SUB-0000716,ACC-001272,SMB,2023-04-19,2024-05-19,metered_month_to_month,,churned
SUB-0000717,ACC-001273,SMB,2025-08-15,,metered_month_to_month,,active
SUB-0000718,ACC-001274,SMB,2022-07-16,2023-08-16,metered_month_to_month,,churned
SUB-0000719,ACC-001275,SMB,2025-10-01,,metered_month_to_month,,active
SUB-0000720,ACC-001276,SMB,2024-06-25,,metered_month_to_month,,active
SUB-0000721,ACC-001277,SMB,2023-01-03,2023-04-03,metered_month_to_month,,churned
SUB-0000722,ACC-001278,SMB,2023-02-08,,metered_month_to_month,,active
SUB-0000723,ACC-001280,SMB,2024-08-27,,metered_month_to_month,,active
SUB-0000724,ACC-001281,SMB,2025-08-22,,metered_month_to_month,,active
SUB-0000725,ACC-001282,SMB,2024-03-18,,metered_month_to_month,,active
SUB-0000726,ACC-001284,SMB,2025-06-05,,metered_month_to_month,,active
SUB-0000727,ACC-001285,SMB,2025-11-15,,metered_month_to_month,,active
SUB-0000728,ACC-001286,SMB,2024-08-26,,metered_month_to_month,,active
SUB-0000729,ACC-001287,SMB,2025-01-16,,metered_month_to_month,,active
SUB-0000730,ACC-001288,SMB,2023-08-03,,metered_month_to_month,,active
SUB-0000731,ACC-001289,SMB,2025-01-13,,metered_month_to_month,,active
SUB-0000732,ACC-001291,SMB,2025-08-20,,metered_month_to_month,,active
SUB-0000733,ACC-001293,SMB,2025-04-12,,metered_month_to_month,,active
SUB-0000734,ACC-001294,SMB,2023-12-02,,metered_month_to_month,,active
SUB-0000735,ACC-001295,SMB,2024-08-13,,metered_month_to_month,,active
SUB-0000736,ACC-001296,SMB,2020-05-30,2023-10-28,metered_month_to_month,,churned
SUB-0000737,ACC-001297,SMB,2025-07-22,,metered_month_to_month,,active
SUB-0000738,ACC-001299,SMB,2022-05-16,,metered_month_to_month,,active
SUB-0000739,ACC-001300,SMB,2024-12-10,,metered_month_to_month,,active
SUB-0000740,ACC-001301,SMB,2025-02-27,,metered_month_to_month,,active
SUB-0000741,ACC-001302,SMB,2025-06-22,,metered_month_to_month,,active
SUB-0000742,ACC-001303,SMB,2024-11-12,,metered_month_to_month,,active
SUB-0000743,ACC-001304,SMB,2023-05-04,,metered_month_to_month,,active
SUB-0000744,ACC-001305,SMB,2024-04-10,2025-06-10,metered_month_to_month,,churned
SUB-0000745,ACC-001306,SMB,2024-12-13,,metered_month_to_month,,active
SUB-0000746,ACC-001307,SMB,2024-05-14,,metered_month_to_month,,active
SUB-0000747,ACC-001308,SMB,2024-04-17,,metered_month_to_month,,active
SUB-0000748,ACC-001309,SMB,2024-04-17,2025-09-17,metered_month_to_month,,churned
SUB-0000749,ACC-001310,SMB,2025-03-06,,metered_month_to_month,,active
SUB-0000750,ACC-001311,SMB,2020-11-02,,metered_month_to_month,,active
SUB-0000751,ACC-001312,SMB,2024-05-23,2024-09-23,metered_month_to_month,,churned
SUB-0000752,ACC-001314,SMB,2025-01-11,,metered_month_to_month,,active
SUB-0000753,ACC-001315,SMB,2025-02-14,,metered_month_to_month,,active
SUB-0000754,ACC-001316,SMB,2021-05-23,,metered_month_to_month,,active
SUB-0000755,ACC-001318,SMB,2023-12-04,,metered_month_to_month,,active
SUB-0000756,ACC-001319,SMB,2025-02-27,,metered_month_to_month,,active
SUB-0000757,ACC-001320,SMB,2024-01-18,,metered_month_to_month,,active
SUB-0000758,ACC-001321,SMB,2023-08-04,2023-10-04,metered_month_to_month,,churned
SUB-0000759,ACC-001322,SMB,2025-02-02,,metered_month_to_month,,active
SUB-0000760,ACC-001323,SMB,2021-04-06,2023-06-06,metered_month_to_month,,churned
SUB-0000761,ACC-001324,SMB,2024-05-27,2024-12-27,metered_month_to_month,,churned
SUB-0000762,ACC-001325,SMB,2025-09-23,,metered_month_to_month,,active
SUB-0000763,ACC-001326,SMB,2023-12-16,,metered_month_to_month,,active
SUB-0000764,ACC-001327,SMB,2024-12-18,,metered_month_to_month,,active
SUB-0000765,ACC-001328,SMB,2024-04-21,,metered_month_to_month,,active
SUB-0000766,ACC-001329,SMB,2023-10-10,,metered_month_to_month,,active
SUB-0000767,ACC-001330,SMB,2025-02-01,2025-08-01,metered_month_to_month,,churned
SUB-0000768,ACC-001331,SMB,2024-03-10,2025-03-10,metered_month_to_month,,churned
SUB-0000769,ACC-001332,SMB,2023-11-15,,metered_month_to_month,,active
SUB-0000770,ACC-001333,SMB,2024-07-26,,metered_month_to_month,,active
SUB-0000771,ACC-001335,SMB,2025-08-24,,metered_month_to_month,,active
SUB-0000772,ACC-001336,SMB,2024-11-25,,metered_month_to_month,,active
SUB-0000773,ACC-001337,SMB,2025-01-19,,metered_month_to_month,,active
SUB-0000774,ACC-001338,SMB,2022-07-07,,metered_month_to_month,,active
SUB-0000775,ACC-001339,SMB,2025-08-01,,metered_month_to_month,,active
SUB-0000776,ACC-001340,SMB,2025-06-13,,metered_month_to_month,,active
SUB-0000777,ACC-001341,SMB,2021-03-05,2024-11-05,metered_month_to_month,,churned
SUB-0000778,ACC-001342,SMB,2021-08-18,2022-06-18,metered_month_to_month,,churned
SUB-0000779,ACC-001343,SMB,2025-08-16,,metered_month_to_month,,active
SUB-0000780,ACC-001344,SMB,2025-02-19,,metered_month_to_month,,active
SUB-0000781,ACC-001345,SMB,2024-06-09,,metered_month_to_month,,active
SUB-0000782,ACC-001346,SMB,2025-03-18,,metered_month_to_month,,active
SUB-0000783,ACC-001347,SMB,2020-10-26,2024-05-26,metered_month_to_month,,churned
SUB-0000784,ACC-001348,SMB,2023-08-08,,metered_month_to_month,,active
SUB-0000785,ACC-001349,SMB,2025-07-19,,metered_month_to_month,,active
SUB-0000786,ACC-001350,SMB,2025-12-24,,metered_month_to_month,,active
SUB-0000787,ACC-001351,SMB,2025-09-01,,metered_month_to_month,,active
SUB-0000788,ACC-001352,SMB,2024-06-03,,metered_month_to_month,,active
SUB-0000789,ACC-001353,SMB,2025-02-10,,metered_month_to_month,,active
SUB-0000790,ACC-001355,SMB,2025-12-19,,metered_month_to_month,,active
SUB-0000791,ACC-001358,SMB,2023-12-21,,metered_month_to_month,,active
SUB-0000792,ACC-001359,SMB,2023-04-16,,metered_month_to_month,,active
SUB-0000793,ACC-001360,SMB,2020-05-25,2020-12-25,metered_month_to_month,,churned
SUB-0000794,ACC-001361,SMB,2023-03-15,2024-09-15,metered_month_to_month,,churned
SUB-0000795,ACC-001362,SMB,2021-12-25,2025-09-25,metered_month_to_month,,churned
SUB-0000796,ACC-001363,SMB,2022-10-10,2024-09-10,metered_month_to_month,,churned
SUB-0000797,ACC-001364,SMB,2025-07-11,,metered_month_to_month,,active
SUB-0000798,ACC-001365,SMB,2025-11-07,,metered_month_to_month,,active
SUB-0000799,ACC-001366,SMB,2025-11-15,,metered_month_to_month,,active
SUB-0000800,ACC-001367,SMB,2023-05-08,2024-05-08,metered_month_to_month,,churned
SUB-0000801,ACC-001368,SMB,2025-07-16,,metered_month_to_month,,active
SUB-0000802,ACC-001369,SMB,2023-09-05,,metered_month_to_month,,active
SUB-0000803,ACC-001371,SMB,2025-04-19,,metered_month_to_month,,active
SUB-0000804,ACC-001372,SMB,2025-11-09,,metered_month_to_month,,active
SUB-0000805,ACC-001373,SMB,2020-10-23,,metered_month_to_month,,active
SUB-0000806,ACC-001374,SMB,2025-12-07,,metered_month_to_month,,active
SUB-0000807,ACC-001375,SMB,2025-12-26,,metered_month_to_month,,active
SUB-0000808,ACC-001376,SMB,2025-04-22,,metered_month_to_month,,active
SUB-0000809,ACC-001377,SMB,2025-06-08,,metered_month_to_month,,active
SUB-0000810,ACC-001378,SMB,2025-10-15,,metered_month_to_month,,active
SUB-0000811,ACC-001379,SMB,2025-11-16,,metered_month_to_month,,active
SUB-0000812,ACC-001380,SMB,2025-12-28,,metered_month_to_month,,active
SUB-0000813,ACC-001381,SMB,2021-02-07,,metered_month_to_month,,active
SUB-0000814,ACC-001382,SMB,2025-01-09,,metered_month_to_month,,active
SUB-0000815,ACC-001383,SMB,2025-06-25,,metered_month_to_month,,active
SUB-0000816,ACC-001384,SMB,2025-04-21,,metered_month_to_month,,active
SUB-0000817,ACC-001385,SMB,2025-04-06,,metered_month_to_month,,active
SUB-0000818,ACC-001386,SMB,2024-09-04,,metered_month_to_month,,active
SUB-0000819,ACC-001387,SMB,2023-07-15,,metered_month_to_month,,active
SUB-0000820,ACC-001388,SMB,2025-10-22,,metered_month_to_month,,active
SUB-0000821,ACC-001389,SMB,2024-11-22,,metered_month_to_month,,active
SUB-0000822,ACC-001390,SMB,2024-06-14,,metered_month_to_month,,active
SUB-0000823,ACC-001391,SMB,2025-02-22,,metered_month_to_month,,active
SUB-0000824,ACC-001392,SMB,2025-06-23,,metered_month_to_month,,active
SUB-0000825,ACC-001393,SMB,2023-12-07,,metered_month_to_month,,active
SUB-0000826,ACC-001394,SMB,2023-05-08,,metered_month_to_month,,active
SUB-0000827,ACC-001395,SMB,2025-04-07,,metered_month_to_month,,active
SUB-0000828,ACC-001396,SMB,2025-11-13,,metered_month_to_month,,active
SUB-0000829,ACC-001397,SMB,2024-06-17,2025-02-17,metered_month_to_month,,churned
SUB-0000830,ACC-001398,SMB,2025-02-21,,metered_month_to_month,,active
SUB-0000831,ACC-001399,SMB,2025-01-23,,metered_month_to_month,,active
SUB-0000832,ACC-001400,SMB,2025-05-15,,metered_month_to_month,,active
SUB-0000833,ACC-001401,SMB,2024-05-23,,metered_month_to_month,,active
SUB-0000834,ACC-001402,SMB,2022-05-05,2023-03-05,metered_month_to_month,,churned
SUB-0000835,ACC-001403,SMB,2024-03-28,2024-06-28,metered_month_to_month,,churned
SUB-0000836,ACC-001404,SMB,2024-02-09,,metered_month_to_month,,active
SUB-0000837,ACC-001405,SMB,2023-03-26,,metered_month_to_month,,active
SUB-0000838,ACC-001406,SMB,2024-04-27,,metered_month_to_month,,active
SUB-0000839,ACC-001407,SMB,2025-08-23,,metered_month_to_month,,active
SUB-0000840,ACC-001408,SMB,2021-05-07,2022-10-07,metered_month_to_month,,churned
SUB-0000841,ACC-001409,SMB,2024-05-24,2025-11-24,metered_month_to_month,,churned
SUB-0000842,ACC-001410,SMB,2023-10-20,2024-12-20,metered_month_to_month,,churned
SUB-0000843,ACC-001411,SMB,2025-05-02,,metered_month_to_month,,active
SUB-0000844,ACC-001412,SMB,2023-08-01,2025-05-01,metered_month_to_month,,churned
SUB-0000845,ACC-001413,SMB,2021-08-30,2024-07-28,metered_month_to_month,,churned
SUB-0000846,ACC-001414,SMB,2025-01-22,,metered_month_to_month,,active
SUB-0000847,ACC-001416,SMB,2025-03-12,,metered_month_to_month,,active
SUB-0000848,ACC-001417,SMB,2025-12-13,,metered_month_to_month,,active
SUB-0000849,ACC-001418,SMB,2025-04-26,,metered_month_to_month,,active
SUB-0000850,ACC-001419,SMB,2023-09-15,2024-11-15,metered_month_to_month,,churned
SUB-0000851,ACC-001420,SMB,2024-07-06,,metered_month_to_month,,active
SUB-0000852,ACC-001421,SMB,2023-07-27,2025-11-27,metered_month_to_month,,churned
SUB-0000853,ACC-001422,SMB,2025-11-16,,metered_month_to_month,,active
SUB-0000854,ACC-001423,SMB,2024-08-02,2025-10-02,metered_month_to_month,,churned
SUB-0000855,ACC-001424,SMB,2022-06-24,2023-07-24,metered_month_to_month,,churned
SUB-0000856,ACC-001425,SMB,2024-09-27,,metered_month_to_month,,active
SUB-0000857,ACC-001426,SMB,2025-06-10,,metered_month_to_month,,active
SUB-0000858,ACC-001427,SMB,2024-04-01,2025-02-01,metered_month_to_month,,churned
SUB-0000859,ACC-001428,SMB,2020-11-17,2024-08-17,metered_month_to_month,,churned
SUB-0000860,ACC-001431,SMB,2025-04-09,,metered_month_to_month,,active
SUB-0000861,ACC-001432,SMB,2023-12-07,,metered_month_to_month,,active
SUB-0000862,ACC-001433,SMB,2023-05-19,2024-08-19,metered_month_to_month,,churned
SUB-0000863,ACC-001434,SMB,2025-12-04,,metered_month_to_month,,active
SUB-0000864,ACC-001435,SMB,2024-08-11,,metered_month_to_month,,active
SUB-0000865,ACC-001436,SMB,2025-09-28,2025-11-28,metered_month_to_month,,churned
SUB-0000866,ACC-001437,SMB,2025-10-18,,metered_month_to_month,,active
SUB-0000867,ACC-001438,SMB,2024-09-13,,metered_month_to_month,,active
SUB-0000868,ACC-001439,SMB,2024-09-04,,metered_month_to_month,,active
SUB-0000869,ACC-001440,SMB,2025-05-28,,metered_month_to_month,,active
SUB-0000870,ACC-001441,SMB,2022-11-14,2024-04-14,metered_month_to_month,,churned
SUB-0000871,ACC-001442,SMB,2020-04-25,2021-01-25,metered_month_to_month,,churned
SUB-0000872,ACC-001443,SMB,2024-08-28,2024-10-28,metered_month_to_month,,churned
SUB-0000873,ACC-001444,SMB,2022-04-07,2024-11-07,metered_month_to_month,,churned
SUB-0000874,ACC-001445,SMB,2025-12-17,,metered_month_to_month,,active
SUB-0000875,ACC-001446,SMB,2023-12-12,,metered_month_to_month,,active
SUB-0000876,ACC-001447,SMB,2024-06-21,,metered_month_to_month,,active
SUB-0000877,ACC-001448,SMB,2020-09-05,,metered_month_to_month,,active
SUB-0000878,ACC-001449,SMB,2021-05-17,2025-07-17,metered_month_to_month,,churned
SUB-0000879,ACC-001450,SMB,2025-08-13,,metered_month_to_month,,active
SUB-0000880,ACC-001451,SMB,2025-05-16,,metered_month_to_month,,active
SUB-0000881,ACC-001452,SMB,2021-12-15,,metered_month_to_month,,active
SUB-0000882,ACC-001453,SMB,2024-09-02,,metered_month_to_month,,active
SUB-0000883,ACC-001454,SMB,2025-07-20,,metered_month_to_month,,active
SUB-0000884,ACC-001455,SMB,2023-05-10,,metered_month_to_month,,active
SUB-0000885,ACC-001456,SMB,2024-05-01,,metered_month_to_month,,active
SUB-0000886,ACC-001457,SMB,2025-02-05,,metered_month_to_month,,active
SUB-0000887,ACC-001460,SMB,2024-07-02,,metered_month_to_month,,active
SUB-0000888,ACC-001461,SMB,2023-11-19,,metered_month_to_month,,active
SUB-0000889,ACC-001462,SMB,2025-01-19,,metered_month_to_month,,active
SUB-0000890,ACC-001463,SMB,2024-07-06,2024-10-06,metered_month_to_month,,churned
SUB-0000891,ACC-001464,SMB,2024-04-23,,metered_month_to_month,,active
SUB-0000892,ACC-001465,SMB,2025-10-26,,metered_month_to_month,,active
SUB-0000893,ACC-001466,SMB,2024-10-23,,metered_month_to_month,,active
SUB-0000894,ACC-001467,SMB,2020-07-02,2024-05-02,metered_month_to_month,,churned
SUB-0000895,ACC-001468,SMB,2024-12-10,2025-03-10,metered_month_to_month,,churned
SUB-0000896,ACC-001469,SMB,2025-07-14,,metered_month_to_month,,active
SUB-0000897,ACC-001470,SMB,2021-01-06,,metered_month_to_month,,active
SUB-0000898,ACC-001471,SMB,2020-02-29,2021-10-28,metered_month_to_month,,churned
SUB-0000899,ACC-001472,SMB,2024-03-24,2025-06-24,metered_month_to_month,,churned
SUB-0000900,ACC-001473,SMB,2025-10-17,,metered_month_to_month,,active
SUB-0000901,ACC-001474,SMB,2024-11-04,,metered_month_to_month,,active
SUB-0000902,ACC-001475,SMB,2020-02-20,2021-03-20,metered_month_to_month,,churned
SUB-0000903,ACC-001476,SMB,2025-02-22,,metered_month_to_month,,active
SUB-0000904,ACC-001477,SMB,2022-07-21,2024-10-21,metered_month_to_month,,churned
SUB-0000905,ACC-001478,SMB,2025-10-27,,metered_month_to_month,,active
SUB-0000906,ACC-001479,SMB,2025-08-14,,metered_month_to_month,,active
SUB-0000907,ACC-001480,SMB,2025-11-06,,metered_month_to_month,,active
SUB-0000908,ACC-001481,SMB,2025-02-06,,metered_month_to_month,,active
SUB-0000909,ACC-001482,SMB,2025-12-25,,metered_month_to_month,,active
SUB-0000910,ACC-001483,SMB,2024-02-14,,metered_month_to_month,,active
SUB-0000911,ACC-001484,SMB,2020-09-06,,metered_month_to_month,,active
SUB-0000912,ACC-001485,SMB,2024-08-10,2025-08-10,metered_month_to_month,,churned
SUB-0000913,ACC-001486,SMB,2025-07-20,,metered_month_to_month,,active
SUB-0000914,ACC-001487,SMB,2025-08-01,,metered_month_to_month,,active
SUB-0000915,ACC-001489,SMB,2024-04-01,,metered_month_to_month,,active
SUB-0000916,ACC-001490,SMB,2024-06-09,,metered_month_to_month,,active
SUB-0000917,ACC-001491,SMB,2023-09-02,2025-11-02,metered_month_to_month,,churned
SUB-0000918,ACC-001492,SMB,2024-06-03,,metered_month_to_month,,active
SUB-0000919,ACC-001493,SMB,2024-09-02,,metered_month_to_month,,active
SUB-0000920,ACC-001494,SMB,2023-01-02,2023-10-02,metered_month_to_month,,churned
SUB-0000921,ACC-001495,SMB,2025-05-28,,metered_month_to_month,,active
SUB-0000922,ACC-001496,SMB,2024-02-23,2025-11-23,metered_month_to_month,,churned
SUB-0000923,ACC-001497,SMB,2024-12-10,,metered_month_to_month,,active
SUB-0000924,ACC-001498,SMB,2024-04-16,,metered_month_to_month,,active
SUB-0000925,ACC-001499,SMB,2024-05-27,,metered_month_to_month,,active
SUB-0000926,ACC-001500,SMB,2023-11-18,,metered_month_to_month,,active
SUB-0000927,ACC-001501,SMB,2025-10-28,,metered_month_to_month,,active
SUB-0000928,ACC-001502,SMB,2025-02-12,,metered_month_to_month,,active
SUB-0000929,ACC-001503,SMB,2023-04-04,,metered_month_to_month,,active
SUB-0000930,ACC-001504,SMB,2024-07-08,,metered_month_to_month,,active
SUB-0000931,ACC-001505,SMB,2022-07-10,,metered_month_to_month,,active
SUB-0000932,ACC-001506,SMB,2024-10-13,,metered_month_to_month,,active
SUB-0000933,ACC-001507,SMB,2024-02-27,,metered_month_to_month,,active
SUB-0000934,ACC-001508,SMB,2022-12-02,,metered_month_to_month,,active
SUB-0000935,ACC-001509,SMB,2024-05-07,,metered_month_to_month,,active
SUB-0000936,ACC-001510,SMB,2022-10-15,,metered_month_to_month,,active
SUB-0000937,ACC-001511,SMB,2024-07-05,,metered_month_to_month,,active
SUB-0000938,ACC-001512,SMB,2025-04-22,,metered_month_to_month,,active
SUB-0000939,ACC-001513,SMB,2024-01-27,,metered_month_to_month,,active
SUB-0000940,ACC-001514,SMB,2023-12-22,,metered_month_to_month,,active
SUB-0000941,ACC-001515,SMB,2022-04-03,,metered_month_to_month,,active
SUB-0000942,ACC-001516,SMB,2021-06-02,2021-11-02,metered_month_to_month,,churned
SUB-0000943,ACC-001518,SMB,2025-03-25,,metered_month_to_month,,active
SUB-0000944,ACC-001519,SMB,2023-09-28,,metered_month_to_month,,active
SUB-0000945,ACC-001520,SMB,2024-10-07,,metered_month_to_month,,active
SUB-0000946,ACC-001521,SMB,2025-02-23,,metered_month_to_month,,active
SUB-0000947,ACC-001522,SMB,2025-03-05,,metered_month_to_month,,active
SUB-0000948,ACC-001523,SMB,2021-05-28,2022-04-28,metered_month_to_month,,churned
SUB-0000949,ACC-001524,SMB,2025-11-07,,metered_month_to_month,,active
SUB-0000950,ACC-001525,SMB,2024-02-18,2024-04-18,metered_month_to_month,,churned
SUB-0000951,ACC-001526,SMB,2025-03-15,,metered_month_to_month,,active
SUB-0000952,ACC-001527,SMB,2023-01-12,,metered_month_to_month,,active
SUB-0000953,ACC-001528,SMB,2025-06-25,,metered_month_to_month,,active
SUB-0000954,ACC-001529,SMB,2025-07-26,,metered_month_to_month,,active
SUB-0000955,ACC-001530,SMB,2022-12-09,2024-12-09,metered_month_to_month,,churned
SUB-0000956,ACC-001532,SMB,2025-10-14,,metered_month_to_month,,active
SUB-0000957,ACC-001533,SMB,2024-02-14,,metered_month_to_month,,active
SUB-0000958,ACC-001534,SMB,2023-12-12,,metered_month_to_month,,active
SUB-0000959,ACC-001535,SMB,2024-07-26,2024-10-26,metered_month_to_month,,churned
SUB-0000960,ACC-001536,SMB,2025-05-14,,metered_month_to_month,,active
SUB-0000961,ACC-001537,SMB,2024-01-12,,metered_month_to_month,,active
SUB-0000962,ACC-001538,SMB,2024-06-07,,metered_month_to_month,,active
SUB-0000963,ACC-001539,SMB,2023-08-03,2024-10-03,metered_month_to_month,,churned
SUB-0000964,ACC-001540,SMB,2023-12-21,,metered_month_to_month,,active
SUB-0000965,ACC-001541,SMB,2025-02-16,,metered_month_to_month,,active
SUB-0000966,ACC-001542,SMB,2023-05-20,,metered_month_to_month,,active
SUB-0000967,ACC-001544,SMB,2022-07-23,,metered_month_to_month,,active
SUB-0000968,ACC-001545,SMB,2024-02-17,,metered_month_to_month,,active
SUB-0000969,ACC-001546,SMB,2024-10-03,2025-11-03,metered_month_to_month,,churned
SUB-0000970,ACC-001547,SMB,2025-05-26,,metered_month_to_month,,active
SUB-0000971,ACC-001548,SMB,2024-06-13,2025-06-13,metered_month_to_month,,churned
SUB-0000972,ACC-001550,SMB,2020-06-17,2025-03-17,metered_month_to_month,,churned
SUB-0000973,ACC-001551,SMB,2024-10-15,,metered_month_to_month,,active
SUB-0000974,ACC-001552,SMB,2025-10-12,,metered_month_to_month,,active
SUB-0000975,ACC-001554,SMB,2023-11-14,,metered_month_to_month,,active
SUB-0000976,ACC-001555,SMB,2023-08-03,,metered_month_to_month,,active
SUB-0000977,ACC-001556,SMB,2023-06-16,,metered_month_to_month,,active
SUB-0000978,ACC-001557,SMB,2024-07-18,2024-10-18,metered_month_to_month,,churned
SUB-0000979,ACC-001558,SMB,2025-04-28,,metered_month_to_month,,active
SUB-0000980,ACC-001559,SMB,2025-04-17,,metered_month_to_month,,active
SUB-0000981,ACC-001560,SMB,2022-11-02,,metered_month_to_month,,active
SUB-0000982,ACC-001561,SMB,2024-01-03,2025-10-03,metered_month_to_month,,churned
SUB-0000983,ACC-001562,SMB,2020-07-16,,metered_month_to_month,,active
SUB-0000984,ACC-001564,SMB,2022-03-23,2024-11-23,metered_month_to_month,,churned
SUB-0000985,ACC-001565,SMB,2020-06-08,,metered_month_to_month,,active
SUB-0000986,ACC-001566,SMB,2023-06-01,2025-09-01,metered_month_to_month,,churned
SUB-0000987,ACC-001567,SMB,2024-08-05,,metered_month_to_month,,active
SUB-0000988,ACC-001568,SMB,2025-09-12,,metered_month_to_month,,active
SUB-0000989,ACC-001569,SMB,2025-08-18,,metered_month_to_month,,active
SUB-0000990,ACC-001570,SMB,2024-02-12,2024-10-12,metered_month_to_month,,churned
SUB-0000991,ACC-001572,SMB,2022-08-24,2023-06-24,metered_month_to_month,,churned
SUB-0000992,ACC-001573,SMB,2025-08-02,,metered_month_to_month,,active
SUB-0000993,ACC-001574,SMB,2023-12-01,2024-06-01,metered_month_to_month,,churned
SUB-0000994,ACC-001575,SMB,2025-12-08,,metered_month_to_month,,active
SUB-0000995,ACC-001576,SMB,2021-04-06,2021-09-06,metered_month_to_month,,churned
SUB-0000996,ACC-001577,SMB,2022-03-11,2023-12-11,metered_month_to_month,,churned
SUB-0000997,ACC-001578,SMB,2021-01-11,2023-12-11,metered_month_to_month,,churned
SUB-0000998,ACC-001579,SMB,2024-04-06,,metered_month_to_month,,active
SUB-0000999,ACC-001580,SMB,2024-04-05,,metered_month_to_month,,active
SUB-0001000,ACC-001581,SMB,2024-09-19,2025-09-19,metered_month_to_month,,churned
SUB-0001001,ACC-001582,SMB,2024-02-15,,metered_month_to_month,,active
SUB-0001002,ACC-001583,SMB,2024-10-13,,metered_month_to_month,,active
SUB-0001003,ACC-001584,SMB,2023-12-14,,metered_month_to_month,,active
SUB-0001004,ACC-001585,SMB,2025-12-20,,metered_month_to_month,,active
SUB-0001005,ACC-001586,SMB,2023-07-05,,metered_month_to_month,,active
SUB-0001006,ACC-001588,SMB,2024-02-13,,metered_month_to_month,,active
SUB-0001007,ACC-001590,SMB,2025-09-14,,metered_month_to_month,,active
SUB-0001008,ACC-001591,SMB,2025-04-26,,metered_month_to_month,,active
SUB-0001009,ACC-001592,SMB,2024-09-05,2025-08-05,metered_month_to_month,,churned
SUB-0001010,ACC-001593,SMB,2024-11-28,,metered_month_to_month,,active
SUB-0001011,ACC-001594,SMB,2025-02-21,,metered_month_to_month,,active
SUB-0001012,ACC-001595,SMB,2025-08-11,,metered_month_to_month,,active
SUB-0001013,ACC-001596,SMB,2025-08-03,,metered_month_to_month,,active
SUB-0001014,ACC-001597,SMB,2025-03-21,,metered_month_to_month,,active
SUB-0001015,ACC-001598,SMB,2025-07-25,,metered_month_to_month,,active
SUB-0001016,ACC-001599,SMB,2020-02-27,2022-06-27,metered_month_to_month,,churned
SUB-0001017,ACC-001600,SMB,2021-09-28,2025-04-28,metered_month_to_month,,churned
SUB-0001018,ACC-001601,SMB,2023-10-28,2024-04-28,metered_month_to_month,,churned
SUB-0001019,ACC-001602,SMB,2020-03-05,2022-01-05,metered_month_to_month,,churned
SUB-0001020,ACC-001604,SMB,2021-10-14,,metered_month_to_month,,active
SUB-0001021,ACC-001605,SMB,2025-10-15,,metered_month_to_month,,active
SUB-0001022,ACC-001606,SMB,2025-01-08,,metered_month_to_month,,active
SUB-0001023,ACC-001607,SMB,2024-08-22,2024-10-22,metered_month_to_month,,churned
SUB-0001024,ACC-001608,SMB,2025-06-15,,metered_month_to_month,,active
SUB-0001025,ACC-001609,SMB,2024-01-04,,metered_month_to_month,,active
SUB-0001026,ACC-001610,SMB,2024-09-23,,metered_month_to_month,,active
SUB-0001027,ACC-001611,SMB,2025-06-24,,metered_month_to_month,,active
SUB-0001028,ACC-001612,SMB,2024-11-18,,metered_month_to_month,,active
SUB-0001029,ACC-001613,SMB,2025-09-21,,metered_month_to_month,,active
SUB-0001030,ACC-001615,SMB,2024-07-24,,metered_month_to_month,,active
SUB-0001031,ACC-001616,SMB,2024-11-16,,metered_month_to_month,,active
SUB-0001032,ACC-001617,SMB,2023-07-28,,metered_month_to_month,,active
SUB-0001033,ACC-001618,SMB,2025-01-13,,metered_month_to_month,,active
SUB-0001034,ACC-001619,SMB,2025-12-16,,metered_month_to_month,,active
SUB-0001035,ACC-001620,SMB,2024-09-18,,metered_month_to_month,,active
SUB-0001036,ACC-001621,SMB,2025-04-14,,metered_month_to_month,,active
SUB-0001037,ACC-001622,SMB,2023-05-07,,metered_month_to_month,,active
SUB-0001038,ACC-001623,SMB,2024-10-04,,metered_month_to_month,,active
SUB-0001039,ACC-001624,SMB,2024-01-27,2025-07-27,metered_month_to_month,,churned
SUB-0001040,ACC-001626,SMB,2022-09-13,2023-03-13,metered_month_to_month,,churned
SUB-0001041,ACC-001627,SMB,2020-08-26,2020-11-26,metered_month_to_month,,churned
SUB-0001042,ACC-001628,SMB,2024-03-17,,metered_month_to_month,,active
SUB-0001043,ACC-001629,SMB,2025-11-25,,metered_month_to_month,,active
SUB-0001044,ACC-001630,SMB,2024-11-25,,metered_month_to_month,,active
SUB-0001045,ACC-001631,SMB,2021-03-06,2021-05-06,metered_month_to_month,,churned
SUB-0001046,ACC-001632,SMB,2020-09-07,,metered_month_to_month,,active
SUB-0001047,ACC-001633,SMB,2025-04-15,,metered_month_to_month,,active
SUB-0001048,ACC-001634,SMB,2025-08-04,,metered_month_to_month,,active
SUB-0001049,ACC-001635,SMB,2022-04-19,,metered_month_to_month,,active
SUB-0001050,ACC-001636,SMB,2020-02-20,2021-10-20,metered_month_to_month,,churned
SUB-0001051,ACC-001637,SMB,2022-03-08,,metered_month_to_month,,active
SUB-0001052,ACC-001638,SMB,2023-07-07,2025-09-07,metered_month_to_month,,churned
SUB-0001053,ACC-001639,SMB,2025-01-15,,metered_month_to_month,,active
SUB-0001054,ACC-001640,SMB,2022-09-16,,metered_month_to_month,,active
SUB-0001055,ACC-001641,SMB,2025-04-24,,metered_month_to_month,,active
SUB-0001056,ACC-001642,SMB,2024-12-15,,metered_month_to_month,,active
SUB-0001057,ACC-001643,SMB,2023-05-20,,metered_month_to_month,,active
SUB-0001058,ACC-001644,SMB,2023-06-23,2023-12-23,metered_month_to_month,,churned
SUB-0001059,ACC-001645,SMB,2025-09-09,,metered_month_to_month,,active
SUB-0001060,ACC-001646,SMB,2024-04-14,,metered_month_to_month,,active
SUB-0001061,ACC-001647,SMB,2023-04-07,,metered_month_to_month,,active
SUB-0001062,ACC-001648,SMB,2024-03-19,,metered_month_to_month,,active
SUB-0001063,ACC-001649,SMB,2024-06-22,2024-09-22,metered_month_to_month,,churned
SUB-0001064,ACC-001650,SMB,2023-09-20,2025-03-20,metered_month_to_month,,churned
SUB-0001065,ACC-001651,SMB,2025-01-23,,metered_month_to_month,,active
SUB-0001066,ACC-001652,SMB,2024-11-08,,metered_month_to_month,,active
SUB-0001067,ACC-001653,SMB,2025-11-26,,metered_month_to_month,,active
SUB-0001068,ACC-001654,SMB,2023-10-24,2024-11-24,metered_month_to_month,,churned
SUB-0001069,ACC-001655,SMB,2025-05-07,,metered_month_to_month,,active
SUB-0001070,ACC-001656,SMB,2025-11-12,,metered_month_to_month,,active
SUB-0001071,ACC-001657,SMB,2024-01-26,,metered_month_to_month,,active
SUB-0001072,ACC-001658,SMB,2022-09-02,,metered_month_to_month,,active
SUB-0001073,ACC-001660,SMB,2025-11-22,,metered_month_to_month,,active
SUB-0001074,ACC-001661,SMB,2025-02-06,,metered_month_to_month,,active
SUB-0001075,ACC-001662,SMB,2024-02-26,,metered_month_to_month,,active
SUB-0001076,ACC-001663,SMB,2024-05-20,2025-02-20,metered_month_to_month,,churned
SUB-0001077,ACC-001664,SMB,2025-02-10,,metered_month_to_month,,active
SUB-0001078,ACC-001665,SMB,2024-09-26,,metered_month_to_month,,active
SUB-0001079,ACC-001666,SMB,2024-12-16,,metered_month_to_month,,active
SUB-0001080,ACC-001667,SMB,2024-12-22,,metered_month_to_month,,active
SUB-0001081,ACC-001668,SMB,2025-11-16,,metered_month_to_month,,active
SUB-0001082,ACC-001669,SMB,2025-12-16,,metered_month_to_month,,active
SUB-0001083,ACC-001670,SMB,2025-06-17,2025-09-17,metered_month_to_month,,churned
SUB-0001084,ACC-001671,SMB,2025-10-18,,metered_month_to_month,,active
SUB-0001085,ACC-001672,SMB,2021-03-29,,metered_month_to_month,,active
SUB-0001086,ACC-001674,SMB,2023-10-01,2024-02-01,metered_month_to_month,,churned
SUB-0001087,ACC-001675,SMB,2023-02-22,,metered_month_to_month,,active
SUB-0001088,ACC-001676,SMB,2025-10-10,,metered_month_to_month,,active
SUB-0001089,ACC-001677,SMB,2025-10-26,,metered_month_to_month,,active
SUB-0001090,ACC-001678,SMB,2023-09-10,,metered_month_to_month,,active
SUB-0001091,ACC-001679,SMB,2024-10-15,,metered_month_to_month,,active
SUB-0001092,ACC-001680,SMB,2023-02-23,2023-11-23,metered_month_to_month,,churned
SUB-0001093,ACC-001681,SMB,2024-11-08,,metered_month_to_month,,active
SUB-0001094,ACC-001682,SMB,2023-08-18,,metered_month_to_month,,active
SUB-0001095,ACC-001683,SMB,2024-02-17,,metered_month_to_month,,active
SUB-0001096,ACC-001684,SMB,2024-10-03,,metered_month_to_month,,active
SUB-0001097,ACC-001685,SMB,2023-11-26,,metered_month_to_month,,active
SUB-0001098,ACC-001688,SMB,2025-02-03,,metered_month_to_month,,active
SUB-0001099,ACC-001690,SMB,2023-09-02,,metered_month_to_month,,active
SUB-0001100,ACC-001691,SMB,2025-06-04,,metered_month_to_month,,active
SUB-0001101,ACC-001693,SMB,2024-12-20,,metered_month_to_month,,active
SUB-0001102,ACC-001694,SMB,2024-03-16,2025-07-16,metered_month_to_month,,churned
SUB-0001103,ACC-001695,SMB,2020-03-19,2021-12-19,metered_month_to_month,,churned
SUB-0001104,ACC-001696,SMB,2025-08-10,,metered_month_to_month,,active
SUB-0001105,ACC-001697,SMB,2023-04-01,,metered_month_to_month,,active
SUB-0001106,ACC-001698,SMB,2022-12-22,,metered_month_to_month,,active
SUB-0001107,ACC-001699,SMB,2025-03-06,,metered_month_to_month,,active
SUB-0001108,ACC-001700,SMB,2025-01-03,,metered_month_to_month,,active
SUB-0001109,ACC-001701,SMB,2025-06-08,,metered_month_to_month,,active
SUB-0001110,ACC-001702,SMB,2022-03-20,,metered_month_to_month,,active
SUB-0001111,ACC-001703,SMB,2023-03-02,,metered_month_to_month,,active
SUB-0001112,ACC-001704,SMB,2022-02-02,,metered_month_to_month,,active
SUB-0001113,ACC-001705,SMB,2025-07-24,,metered_month_to_month,,active
SUB-0001114,ACC-001706,SMB,2021-04-17,,metered_month_to_month,,active
SUB-0001115,ACC-001707,SMB,2024-03-12,,metered_month_to_month,,active
SUB-0001116,ACC-001708,SMB,2023-09-12,,metered_month_to_month,,active
SUB-0001117,ACC-001709,SMB,2025-06-07,,metered_month_to_month,,active
SUB-0001118,ACC-001710,SMB,2025-12-14,,metered_month_to_month,,active
SUB-0001119,ACC-001711,SMB,2023-10-02,,metered_month_to_month,,active
SUB-0001120,ACC-001712,SMB,2023-06-15,2024-09-15,metered_month_to_month,,churned
SUB-0001121,ACC-001713,SMB,2022-04-19,2024-05-19,metered_month_to_month,,churned
SUB-0001122,ACC-001715,SMB,2021-09-21,2022-07-21,metered_month_to_month,,churned
SUB-0001123,ACC-001716,SMB,2020-01-18,2024-04-18,metered_month_to_month,,churned
SUB-0001124,ACC-001717,SMB,2020-12-04,2022-06-04,metered_month_to_month,,churned
SUB-0001125,ACC-001718,SMB,2024-07-18,,metered_month_to_month,,active
SUB-0001126,ACC-001719,SMB,2025-12-26,,metered_month_to_month,,active
SUB-0001127,ACC-001720,SMB,2023-09-07,2023-11-07,metered_month_to_month,,churned
SUB-0001128,ACC-001721,SMB,2025-01-21,,metered_month_to_month,,active
SUB-0001129,ACC-001723,SMB,2020-09-26,2022-04-26,metered_month_to_month,,churned
SUB-0001130,ACC-001724,SMB,2025-03-18,,metered_month_to_month,,active
SUB-0001131,ACC-001725,SMB,2025-06-14,,metered_month_to_month,,active
SUB-0001132,ACC-001728,SMB,2024-04-14,,metered_month_to_month,,active
SUB-0001133,ACC-001729,SMB,2023-05-24,2024-08-24,metered_month_to_month,,churned
SUB-0001134,ACC-001730,SMB,2025-04-14,,metered_month_to_month,,active
SUB-0001135,ACC-001731,SMB,2025-10-24,,metered_month_to_month,,active
SUB-0001136,ACC-001732,SMB,2024-05-11,2025-01-11,metered_month_to_month,,churned
SUB-0001137,ACC-001733,SMB,2023-07-14,2025-06-14,metered_month_to_month,,churned
SUB-0001138,ACC-001734,SMB,2023-08-13,2023-11-13,metered_month_to_month,,churned
SUB-0001139,ACC-001735,SMB,2025-09-25,,metered_month_to_month,,active
SUB-0001140,ACC-001736,SMB,2025-10-13,,metered_month_to_month,,active
SUB-0001141,ACC-001737,SMB,2023-07-16,2024-05-16,metered_month_to_month,,churned
SUB-0001142,ACC-001738,SMB,2025-04-03,,metered_month_to_month,,active
SUB-0001143,ACC-001739,SMB,2024-10-21,,metered_month_to_month,,active
SUB-0001144,ACC-001740,SMB,2025-11-26,,metered_month_to_month,,active
SUB-0001145,ACC-001741,SMB,2025-11-08,,metered_month_to_month,,active
SUB-0001146,ACC-001742,SMB,2021-02-07,2023-03-07,metered_month_to_month,,churned
SUB-0001147,ACC-001743,SMB,2025-10-02,,metered_month_to_month,,active
SUB-0001148,ACC-001744,SMB,2025-06-17,,metered_month_to_month,,active
SUB-0001149,ACC-001745,SMB,2025-04-25,,metered_month_to_month,,active
SUB-0001150,ACC-001746,SMB,2025-02-21,2025-09-21,metered_month_to_month,,churned
SUB-0001151,ACC-001747,SMB,2024-12-22,,metered_month_to_month,,active
SUB-0001152,ACC-001748,SMB,2024-04-27,,metered_month_to_month,,active
SUB-0001153,ACC-001749,SMB,2021-10-26,2022-07-26,metered_month_to_month,,churned
SUB-0001154,ACC-001750,SMB,2024-09-03,,metered_month_to_month,,active
SUB-0001155,ACC-001752,SMB,2025-11-09,,metered_month_to_month,,active
SUB-0001156,ACC-001753,SMB,2024-09-06,,metered_month_to_month,,active
SUB-0001157,ACC-001754,SMB,2024-12-11,,metered_month_to_month,,active
SUB-0001158,ACC-001755,SMB,2025-05-18,,metered_month_to_month,,active
SUB-0001159,ACC-001756,SMB,2025-07-21,,metered_month_to_month,,active
SUB-0001160,ACC-001757,SMB,2024-03-23,,metered_month_to_month,,active
SUB-0001161,ACC-001758,SMB,2025-11-03,,metered_month_to_month,,active
SUB-0001162,ACC-001759,SMB,2024-11-03,2025-05-03,metered_month_to_month,,churned
SUB-0001163,ACC-001760,SMB,2025-06-27,,metered_month_to_month,,active
SUB-0001164,ACC-001761,SMB,2024-06-17,,metered_month_to_month,,active
SUB-0001165,ACC-001763,SMB,2025-09-01,,metered_month_to_month,,active
SUB-0001166,ACC-001765,SMB,2025-01-02,,metered_month_to_month,,active
SUB-0001167,ACC-001766,SMB,2023-11-18,2024-05-18,metered_month_to_month,,churned
SUB-0001168,ACC-001767,SMB,2023-07-02,2023-10-02,metered_month_to_month,,churned
SUB-0001169,ACC-001768,SMB,2023-02-25,2024-11-25,metered_month_to_month,,churned
SUB-0001170,ACC-001769,SMB,2025-08-26,,metered_month_to_month,,active
SUB-0001171,ACC-001770,SMB,2024-09-05,2024-11-05,metered_month_to_month,,churned
SUB-0001172,ACC-001771,SMB,2025-02-17,,metered_month_to_month,,active
SUB-0001173,ACC-001772,SMB,2025-02-27,,metered_month_to_month,,active
SUB-0001174,ACC-001773,SMB,2025-09-12,,metered_month_to_month,,active
SUB-0001175,ACC-001774,SMB,2025-08-07,2025-11-07,metered_month_to_month,,churned
SUB-0001176,ACC-001775,SMB,2022-10-18,,metered_month_to_month,,active
SUB-0001177,ACC-001776,SMB,2022-08-31,,metered_month_to_month,,active
SUB-0001178,ACC-001777,SMB,2022-06-24,2024-08-24,metered_month_to_month,,churned
SUB-0001179,ACC-001779,SMB,2025-10-17,,metered_month_to_month,,active
SUB-0001180,ACC-001780,SMB,2024-12-26,,metered_month_to_month,,active
SUB-0001181,ACC-001781,SMB,2025-09-15,,metered_month_to_month,,active
SUB-0001182,ACC-001782,SMB,2021-03-25,2025-11-25,metered_month_to_month,,churned
SUB-0001183,ACC-001783,SMB,2020-07-15,,metered_month_to_month,,active
SUB-0001184,ACC-001784,SMB,2023-09-21,2024-07-21,metered_month_to_month,,churned
SUB-0001185,ACC-001785,SMB,2025-05-14,,metered_month_to_month,,active
SUB-0001186,ACC-001786,SMB,2020-02-15,,metered_month_to_month,,active
SUB-0001187,ACC-001787,SMB,2022-03-17,2024-06-17,metered_month_to_month,,churned
SUB-0001188,ACC-001788,SMB,2025-06-28,,metered_month_to_month,,active
SUB-0001189,ACC-001790,SMB,2024-01-18,,metered_month_to_month,,active
SUB-0001190,ACC-001791,SMB,2022-11-12,,metered_month_to_month,,active
SUB-0001191,ACC-001792,SMB,2023-11-02,2025-08-02,metered_month_to_month,,churned
SUB-0001192,ACC-001794,SMB,2023-08-22,,metered_month_to_month,,active
SUB-0001193,ACC-001795,SMB,2023-03-03,,metered_month_to_month,,active
SUB-0001194,ACC-001796,SMB,2025-05-23,,metered_month_to_month,,active
SUB-0001195,ACC-001797,SMB,2025-09-10,,metered_month_to_month,,active
SUB-0001196,ACC-001798,SMB,2024-09-17,,metered_month_to_month,,active
SUB-0001197,ACC-001799,SMB,2024-08-18,,metered_month_to_month,,active
SUB-0001198,ACC-001800,SMB,2023-04-08,,metered_month_to_month,,active
SUB-0001199,ACC-001802,SMB,2024-02-17,,metered_month_to_month,,active
SUB-0001200,ACC-001803,SMB,2025-12-05,,metered_month_to_month,,active
SUB-0001201,ACC-001804,SMB,2023-04-27,,metered_month_to_month,,active
SUB-0001202,ACC-001806,SMB,2025-02-26,,metered_month_to_month,,active
SUB-0001203,ACC-001807,SMB,2021-02-20,,metered_month_to_month,,active
SUB-0001204,ACC-001808,SMB,2025-02-22,2025-04-22,metered_month_to_month,,churned
SUB-0001205,ACC-001809,SMB,2025-07-09,,metered_month_to_month,,active
SUB-0001206,ACC-001811,SMB,2024-12-02,,metered_month_to_month,,active
SUB-0001207,ACC-001813,SMB,2021-04-24,2023-05-24,metered_month_to_month,,churned
SUB-0001208,ACC-001814,SMB,2025-12-21,,metered_month_to_month,,active
SUB-0001209,ACC-001815,SMB,2025-12-18,,metered_month_to_month,,active
SUB-0001210,ACC-001816,SMB,2023-08-13,2024-05-13,metered_month_to_month,,churned
SUB-0001211,ACC-001817,SMB,2024-12-18,,metered_month_to_month,,active
SUB-0001212,ACC-001818,SMB,2025-09-13,,metered_month_to_month,,active
SUB-0001213,ACC-001819,SMB,2025-09-25,,metered_month_to_month,,active
SUB-0001214,ACC-001820,SMB,2024-10-20,,metered_month_to_month,,active
SUB-0001215,ACC-001821,SMB,2023-07-15,2024-03-15,metered_month_to_month,,churned
SUB-0001216,ACC-001822,SMB,2025-05-02,,metered_month_to_month,,active
SUB-0001217,ACC-001823,SMB,2025-12-13,,metered_month_to_month,,active
SUB-0001218,ACC-001824,SMB,2024-08-28,,metered_month_to_month,,active
SUB-0001219,ACC-001825,SMB,2024-10-21,2025-09-21,metered_month_to_month,,churned
SUB-0001220,ACC-001826,SMB,2023-08-23,2024-02-23,metered_month_to_month,,churned
SUB-0001221,ACC-001827,SMB,2025-05-21,,metered_month_to_month,,active
SUB-0001222,ACC-001828,SMB,2024-08-26,,metered_month_to_month,,active
SUB-0001223,ACC-001829,SMB,2025-10-15,,metered_month_to_month,,active
SUB-0001224,ACC-001830,SMB,2025-02-11,2025-05-11,metered_month_to_month,,churned
SUB-0001225,ACC-001831,SMB,2022-02-11,2022-10-11,metered_month_to_month,,churned
SUB-0001226,ACC-001832,SMB,2024-03-26,,metered_month_to_month,,active
SUB-0001227,ACC-001833,SMB,2025-11-20,,metered_month_to_month,,active
SUB-0001228,ACC-001834,SMB,2023-05-28,,metered_month_to_month,,active
SUB-0001229,ACC-001835,SMB,2020-04-27,2023-03-27,metered_month_to_month,,churned
SUB-0001230,ACC-001836,SMB,2023-06-26,,metered_month_to_month,,active
SUB-0001231,ACC-001837,SMB,2022-08-10,2025-06-10,metered_month_to_month,,churned
SUB-0001232,ACC-001838,SMB,2024-05-11,,metered_month_to_month,,active
SUB-0001233,ACC-001839,SMB,2025-11-20,,metered_month_to_month,,active
SUB-0001234,ACC-001840,SMB,2025-08-15,,metered_month_to_month,,active
SUB-0001235,ACC-001841,SMB,2025-04-06,,metered_month_to_month,,active
SUB-0001236,ACC-001842,SMB,2022-07-05,2023-05-05,metered_month_to_month,,churned
SUB-0001237,ACC-001843,SMB,2021-08-05,2024-02-05,metered_month_to_month,,churned
SUB-0001238,ACC-001844,SMB,2025-02-24,,metered_month_to_month,,active
SUB-0001239,ACC-001845,SMB,2023-02-02,,metered_month_to_month,,active
SUB-0001240,ACC-001846,SMB,2025-12-07,,metered_month_to_month,,active
SUB-0001241,ACC-001847,SMB,2022-01-17,2022-10-17,metered_month_to_month,,churned
SUB-0001242,ACC-001848,SMB,2024-06-24,,metered_month_to_month,,active
SUB-0001243,ACC-001849,SMB,2025-09-14,,metered_month_to_month,,active
SUB-0001244,ACC-001850,SMB,2024-03-05,,metered_month_to_month,,active
SUB-0001245,ACC-001851,SMB,2022-04-08,2024-05-08,metered_month_to_month,,churned
SUB-0001246,ACC-001852,SMB,2025-11-17,,metered_month_to_month,,active
SUB-0001247,ACC-001853,SMB,2025-07-17,,metered_month_to_month,,active
SUB-0001248,ACC-001854,SMB,2025-01-02,,metered_month_to_month,,active
SUB-0001249,ACC-001855,SMB,2020-12-04,2025-04-04,metered_month_to_month,,churned
SUB-0001250,ACC-001856,SMB,2025-05-17,,metered_month_to_month,,active
SUB-0001251,ACC-001857,SMB,2025-01-14,,metered_month_to_month,,active
SUB-0001252,ACC-001858,SMB,2025-05-13,2025-11-13,metered_month_to_month,,churned
SUB-0001253,ACC-001859,SMB,2025-07-16,,metered_month_to_month,,active
SUB-0001254,ACC-001860,SMB,2025-10-18,,metered_month_to_month,,active
SUB-0001255,ACC-001861,SMB,2024-03-09,,metered_month_to_month,,active
SUB-0001256,ACC-001862,SMB,2025-03-03,,metered_month_to_month,,active
SUB-0001257,ACC-001863,SMB,2020-05-08,2021-06-08,metered_month_to_month,,churned
SUB-0001258,ACC-001864,SMB,2024-03-21,,metered_month_to_month,,active
SUB-0001259,ACC-001865,SMB,2021-09-24,2024-08-24,metered_month_to_month,,churned
SUB-0001260,ACC-001866,SMB,2024-09-16,,metered_month_to_month,,active
SUB-0001261,ACC-001867,SMB,2020-02-25,,metered_month_to_month,,active
SUB-0001262,ACC-001868,SMB,2021-01-26,2021-10-26,metered_month_to_month,,churned
SUB-0001263,ACC-001869,SMB,2025-11-21,,metered_month_to_month,,active
SUB-0001264,ACC-001870,SMB,2024-09-21,,metered_month_to_month,,active
SUB-0001265,ACC-001871,SMB,2025-10-10,,metered_month_to_month,,active
SUB-0001266,ACC-001872,SMB,2023-08-14,2025-09-14,metered_month_to_month,,churned
SUB-0001267,ACC-001873,SMB,2021-06-27,,metered_month_to_month,,active
SUB-0001268,ACC-001874,SMB,2023-02-23,2025-08-23,metered_month_to_month,,churned
SUB-0001269,ACC-001875,SMB,2025-07-24,,metered_month_to_month,,active
SUB-0001270,ACC-001876,SMB,2025-09-17,,metered_month_to_month,,active
SUB-0001271,ACC-001877,SMB,2025-11-26,,metered_month_to_month,,active
SUB-0001272,ACC-001879,SMB,2024-07-12,,metered_month_to_month,,active
SUB-0001273,ACC-001880,SMB,2025-01-02,,metered_month_to_month,,active
SUB-0001274,ACC-001882,SMB,2023-02-11,,metered_month_to_month,,active
SUB-0001275,ACC-001883,SMB,2025-12-14,,metered_month_to_month,,active
SUB-0001276,ACC-001884,SMB,2025-06-20,,metered_month_to_month,,active
SUB-0001277,ACC-001886,SMB,2021-11-07,2024-07-07,metered_month_to_month,,churned
SUB-0001278,ACC-001887,SMB,2025-03-02,,metered_month_to_month,,active
SUB-0001279,ACC-001888,SMB,2023-10-06,,metered_month_to_month,,active
SUB-0001280,ACC-001889,SMB,2025-01-19,,metered_month_to_month,,active
SUB-0001281,ACC-001890,SMB,2023-02-18,,metered_month_to_month,,active
SUB-0001282,ACC-001891,SMB,2023-05-15,2023-10-15,metered_month_to_month,,churned
SUB-0001283,ACC-001892,SMB,2025-05-12,,metered_month_to_month,,active
SUB-0001284,ACC-001893,SMB,2023-02-24,,metered_month_to_month,,active
SUB-0001285,ACC-001894,SMB,2024-07-21,2025-06-21,metered_month_to_month,,churned
SUB-0001286,ACC-001895,SMB,2025-08-17,,metered_month_to_month,,active
SUB-0001287,ACC-001896,SMB,2025-12-11,,metered_month_to_month,,active
SUB-0001288,ACC-001898,SMB,2025-11-26,,metered_month_to_month,,active
SUB-0001289,ACC-001899,SMB,2025-02-28,,metered_month_to_month,,active
SUB-0001290,ACC-001900,SMB,2025-10-02,,metered_month_to_month,,active
SUB-0001291,ACC-001902,SMB,2020-01-25,2023-08-25,metered_month_to_month,,churned
SUB-0001292,ACC-001903,SMB,2023-05-24,,metered_month_to_month,,active
SUB-0001293,ACC-001905,SMB,2025-12-08,,metered_month_to_month,,active
SUB-0001294,ACC-001906,SMB,2024-02-24,,metered_month_to_month,,active
SUB-0001295,ACC-001907,SMB,2024-01-05,2024-09-05,metered_month_to_month,,churned
SUB-0001296,ACC-001908,SMB,2023-07-13,,metered_month_to_month,,active
SUB-0001297,ACC-001909,SMB,2024-09-10,,metered_month_to_month,,active
SUB-0001298,ACC-001910,SMB,2022-04-30,2022-06-30,metered_month_to_month,,churned
SUB-0001299,ACC-001911,SMB,2023-01-12,,metered_month_to_month,,active
SUB-0001300,ACC-001912,SMB,2024-09-16,,metered_month_to_month,,active
SUB-0001301,ACC-001914,SMB,2024-04-14,,metered_month_to_month,,active
SUB-0001302,ACC-001915,SMB,2024-05-08,,metered_month_to_month,,active
SUB-0001303,ACC-001916,SMB,2025-06-26,,metered_month_to_month,,active
SUB-0001304,ACC-001917,SMB,2022-06-01,,metered_month_to_month,,active
SUB-0001305,ACC-001918,SMB,2021-12-26,,metered_month_to_month,,active
SUB-0001306,ACC-001919,SMB,2025-09-25,,metered_month_to_month,,active
SUB-0001307,ACC-001920,SMB,2023-08-23,,metered_month_to_month,,active
SUB-0001308,ACC-001921,SMB,2020-04-28,,metered_month_to_month,,active
SUB-0001309,ACC-001922,SMB,2021-02-10,,metered_month_to_month,,active
SUB-0001310,ACC-001923,SMB,2025-10-05,,metered_month_to_month,,active
SUB-0001311,ACC-001924,SMB,2025-12-14,,metered_month_to_month,,active
SUB-0001312,ACC-001925,SMB,2024-09-12,2025-06-12,metered_month_to_month,,churned
SUB-0001313,ACC-001926,SMB,2021-08-02,2024-02-02,metered_month_to_month,,churned
SUB-0001314,ACC-001927,SMB,2025-07-20,,metered_month_to_month,,active
SUB-0001315,ACC-001928,SMB,2022-12-04,2024-02-04,metered_month_to_month,,churned
SUB-0001316,ACC-001929,SMB,2024-04-14,2025-02-14,metered_month_to_month,,churned
SUB-0001317,ACC-001930,SMB,2025-04-19,,metered_month_to_month,,active
SUB-0001318,ACC-001931,SMB,2023-05-02,,metered_month_to_month,,active
SUB-0001319,ACC-001932,SMB,2023-04-16,,metered_month_to_month,,active
SUB-0001320,ACC-001933,SMB,2025-08-03,,metered_month_to_month,,active
SUB-0001321,ACC-001934,SMB,2025-09-08,,metered_month_to_month,,active
SUB-0001322,ACC-001935,SMB,2025-04-25,,metered_month_to_month,,active
SUB-0001323,ACC-001936,SMB,2023-03-17,,metered_month_to_month,,active
SUB-0001324,ACC-001937,SMB,2022-04-02,,metered_month_to_month,,active
SUB-0001325,ACC-001938,SMB,2020-03-03,2022-03-03,metered_month_to_month,,churned
SUB-0001326,ACC-001939,SMB,2024-02-09,,metered_month_to_month,,active
SUB-0001327,ACC-001940,SMB,2025-07-24,,metered_month_to_month,,active
SUB-0001328,ACC-001941,SMB,2025-01-02,,metered_month_to_month,,active
SUB-0001329,ACC-001942,SMB,2022-04-18,2023-07-18,metered_month_to_month,,churned
SUB-0001330,ACC-001943,SMB,2025-01-06,2025-04-06,metered_month_to_month,,churned
SUB-0001331,ACC-001945,SMB,2022-07-28,,metered_month_to_month,,active
SUB-0001332,ACC-001946,SMB,2025-04-03,,metered_month_to_month,,active
SUB-0001333,ACC-001947,SMB,2025-09-16,,metered_month_to_month,,active
SUB-0001334,ACC-001948,SMB,2024-12-16,2025-11-16,metered_month_to_month,,churned
SUB-0001335,ACC-001949,SMB,2025-05-08,,metered_month_to_month,,active
SUB-0001336,ACC-001950,SMB,2024-11-20,,metered_month_to_month,,active
SUB-0001337,ACC-001951,SMB,2025-05-08,,metered_month_to_month,,active
SUB-0001338,ACC-001952,SMB,2024-07-26,2025-06-26,metered_month_to_month,,churned
SUB-0001339,ACC-001953,SMB,2025-03-05,,metered_month_to_month,,active
SUB-0001340,ACC-001954,SMB,2025-10-15,,metered_month_to_month,,active
SUB-0001341,ACC-001955,SMB,2022-05-23,2025-08-23,metered_month_to_month,,churned
SUB-0001342,ACC-001956,SMB,2024-04-23,2024-09-23,metered_month_to_month,,churned
SUB-0001343,ACC-001958,SMB,2025-05-27,2025-07-27,metered_month_to_month,,churned
SUB-0001344,ACC-001959,SMB,2024-12-15,,metered_month_to_month,,active
SUB-0001345,ACC-001960,SMB,2021-10-26,,metered_month_to_month,,active
SUB-0001346,ACC-001961,SMB,2023-02-07,2024-10-07,metered_month_to_month,,churned
SUB-0001347,ACC-001962,SMB,2025-12-19,,metered_month_to_month,,active
SUB-0001348,ACC-001963,SMB,2024-07-05,,metered_month_to_month,,active
SUB-0001349,ACC-001964,SMB,2025-10-23,,metered_month_to_month,,active
SUB-0001350,ACC-001965,SMB,2025-04-12,2025-07-12,metered_month_to_month,,churned
SUB-0001351,ACC-001966,SMB,2025-05-14,,metered_month_to_month,,active
SUB-0001352,ACC-001967,SMB,2023-12-10,,metered_month_to_month,,active
SUB-0001353,ACC-001968,SMB,2024-04-20,2025-03-20,metered_month_to_month,,churned
SUB-0001354,ACC-001969,SMB,2020-01-15,2025-01-15,metered_month_to_month,,churned
SUB-0001355,ACC-001970,SMB,2024-05-17,,metered_month_to_month,,active
SUB-0001356,ACC-001971,SMB,2024-03-11,,metered_month_to_month,,active
SUB-0001357,ACC-001972,SMB,2023-10-25,,metered_month_to_month,,active
SUB-0001358,ACC-001973,SMB,2022-04-07,,metered_month_to_month,,active
SUB-0001359,ACC-001974,SMB,2021-10-28,,metered_month_to_month,,active
SUB-0001360,ACC-001975,SMB,2025-05-01,,metered_month_to_month,,active
SUB-0001361,ACC-001977,SMB,2022-12-01,,metered_month_to_month,,active
SUB-0001362,ACC-001978,SMB,2024-10-21,,metered_month_to_month,,active
SUB-0001363,ACC-001979,SMB,2025-06-10,,metered_month_to_month,,active
SUB-0001364,ACC-001980,SMB,2024-01-13,2025-08-13,metered_month_to_month,,churned
SUB-0001365,ACC-001981,SMB,2022-02-20,,metered_month_to_month,,active
SUB-0001366,ACC-001982,SMB,2023-05-18,2024-02-18,metered_month_to_month,,churned
SUB-0001367,ACC-001983,SMB,2023-09-17,,metered_month_to_month,,active
SUB-0001368,ACC-001984,SMB,2024-10-05,,metered_month_to_month,,active
SUB-0001369,ACC-001985,SMB,2025-07-24,,metered_month_to_month,,active
SUB-0001370,ACC-001986,SMB,2024-03-25,,metered_month_to_month,,active
SUB-0001371,ACC-001987,SMB,2022-06-25,,metered_month_to_month,,active
SUB-0001372,ACC-001988,SMB,2024-11-16,,metered_month_to_month,,active
SUB-0001373,ACC-001989,SMB,2021-04-11,2024-09-11,metered_month_to_month,,churned
SUB-0001374,ACC-001990,SMB,2021-08-24,,metered_month_to_month,,active
SUB-0001375,ACC-001991,SMB,2025-10-10,,metered_month_to_month,,active
SUB-0001376,ACC-001992,SMB,2025-10-20,,metered_month_to_month,,active
SUB-0001377,ACC-001994,SMB,2025-02-12,,metered_month_to_month,,active
SUB-0001378,ACC-001995,SMB,2025-02-25,,metered_month_to_month,,active
SUB-0001379,ACC-001996,SMB,2025-07-09,,metered_month_to_month,,active
SUB-0001380,ACC-001997,SMB,2023-11-21,,metered_month_to_month,,active
SUB-0001381,ACC-001998,SMB,2024-08-22,,metered_month_to_month,,active
SUB-0001382,ACC-001999,SMB,2025-10-04,,metered_month_to_month,,active
SUB-0001383,ACC-002000,SMB,2020-11-23,,metered_month_to_month,,active
SUB-0001384,ACC-002001,SMB,2024-10-07,,metered_month_to_month,,active
SUB-0001385,ACC-002002,SMB,2024-07-26,2025-11-26,metered_month_to_month,,churned
SUB-0001386,ACC-002005,SMB,2024-07-10,2025-01-10,metered_month_to_month,,churned
SUB-0001387,ACC-002006,SMB,2024-05-12,,metered_month_to_month,,active
SUB-0001388,ACC-002007,SMB,2023-09-25,,metered_month_to_month,,active
SUB-0001389,ACC-002008,SMB,2025-07-24,,metered_month_to_month,,active
SUB-0001390,ACC-002009,SMB,2024-10-19,2025-09-19,metered_month_to_month,,churned
SUB-0001391,ACC-002010,SMB,2025-12-26,,metered_month_to_month,,active
SUB-0001392,ACC-002011,SMB,2021-08-15,2023-07-15,metered_month_to_month,,churned
SUB-0001393,ACC-002013,SMB,2021-10-26,2023-11-26,metered_month_to_month,,churned
SUB-0001394,ACC-002014,SMB,2023-02-06,2023-07-06,metered_month_to_month,,churned
SUB-0001395,ACC-002015,SMB,2024-11-16,,metered_month_to_month,,active
SUB-0001396,ACC-002016,SMB,2025-11-01,,metered_month_to_month,,active
SUB-0001397,ACC-002017,SMB,2022-07-07,,metered_month_to_month,,active
SUB-0001398,ACC-002018,SMB,2025-07-19,,metered_month_to_month,,active
SUB-0001399,ACC-002019,SMB,2025-03-17,2025-08-17,metered_month_to_month,,churned
SUB-0001400,ACC-002020,SMB,2024-07-14,,metered_month_to_month,,active
SUB-0001401,ACC-002021,SMB,2025-12-20,,metered_month_to_month,,active
SUB-0001402,ACC-002022,SMB,2022-07-06,2023-05-06,metered_month_to_month,,churned
SUB-0001403,ACC-002023,SMB,2025-06-25,,metered_month_to_month,,active
SUB-0001404,ACC-002024,SMB,2025-11-12,,metered_month_to_month,,active
SUB-0001405,ACC-002025,SMB,2025-09-12,,metered_month_to_month,,active
SUB-0001406,ACC-002026,SMB,2024-06-27,,metered_month_to_month,,active
SUB-0001407,ACC-002027,SMB,2025-07-20,,metered_month_to_month,,active
SUB-0001408,ACC-002028,SMB,2022-08-03,2025-03-03,metered_month_to_month,,churned
SUB-0001409,ACC-002029,SMB,2024-10-04,,metered_month_to_month,,active
SUB-0001410,ACC-002030,SMB,2024-05-21,2025-03-21,metered_month_to_month,,churned
SUB-0001411,ACC-002031,SMB,2024-07-09,,metered_month_to_month,,active
SUB-0001412,ACC-002032,SMB,2024-03-13,2024-07-13,metered_month_to_month,,churned
SUB-0001413,ACC-002033,SMB,2024-04-05,,metered_month_to_month,,active
SUB-0001414,ACC-002034,SMB,2023-04-26,2025-05-26,metered_month_to_month,,churned
SUB-0001415,ACC-002035,SMB,2021-11-10,2022-09-10,metered_month_to_month,,churned
SUB-0001416,ACC-002036,SMB,2023-10-03,2025-06-03,metered_month_to_month,,churned
SUB-0001417,ACC-002037,SMB,2024-10-19,,metered_month_to_month,,active
SUB-0001418,ACC-002038,SMB,2025-01-24,,metered_month_to_month,,active
SUB-0001419,ACC-002039,SMB,2024-11-15,,metered_month_to_month,,active
SUB-0001420,ACC-002040,SMB,2025-05-11,,metered_month_to_month,,active
SUB-0001421,ACC-002041,SMB,2025-08-21,,metered_month_to_month,,active
SUB-0001422,ACC-002042,SMB,2025-06-16,,metered_month_to_month,,active
SUB-0001423,ACC-002043,SMB,2021-05-26,2023-09-26,metered_month_to_month,,churned
SUB-0001424,ACC-002044,SMB,2024-12-02,,metered_month_to_month,,active
SUB-0001425,ACC-002045,SMB,2025-04-12,,metered_month_to_month,,active
SUB-0001426,ACC-002046,SMB,2021-12-07,2024-10-07,metered_month_to_month,,churned
SUB-0001427,ACC-002047,SMB,2025-11-26,,metered_month_to_month,,active
SUB-0001428,ACC-002048,SMB,2025-05-27,,metered_month_to_month,,active
SUB-0001429,ACC-002049,SMB,2025-12-15,,metered_month_to_month,,active
SUB-0001430,ACC-002050,SMB,2024-02-08,,metered_month_to_month,,active
SUB-0001431,ACC-002051,SMB,2020-01-21,2020-11-21,metered_month_to_month,,churned
SUB-0001432,ACC-002052,SMB,2025-12-03,,metered_month_to_month,,active
SUB-0001433,ACC-002053,SMB,2023-09-12,,metered_month_to_month,,active
SUB-0001434,ACC-002054,SMB,2025-09-25,,metered_month_to_month,,active
SUB-0001435,ACC-002055,SMB,2025-05-10,,metered_month_to_month,,active
SUB-0001436,ACC-002056,SMB,2025-07-19,,metered_month_to_month,,active
SUB-0001437,ACC-002057,SMB,2021-07-02,2023-10-02,metered_month_to_month,,churned
SUB-0001438,ACC-002058,SMB,2024-08-09,,metered_month_to_month,,active
SUB-0001439,ACC-002060,SMB,2022-10-24,,metered_month_to_month,,active
SUB-0001440,ACC-002061,SMB,2025-10-18,,metered_month_to_month,,active
SUB-0001441,ACC-002062,SMB,2023-06-04,,metered_month_to_month,,active
SUB-0001442,ACC-002063,SMB,2022-06-03,2025-04-03,metered_month_to_month,,churned
SUB-0001443,ACC-002064,SMB,2021-10-17,,metered_month_to_month,,active
SUB-0001444,ACC-002065,SMB,2024-05-01,,metered_month_to_month,,active
SUB-0001445,ACC-002066,SMB,2024-02-07,2025-07-07,metered_month_to_month,,churned
SUB-0001446,ACC-002067,SMB,2025-05-03,,metered_month_to_month,,active
SUB-0001447,ACC-002068,SMB,2023-07-20,2024-03-20,metered_month_to_month,,churned
SUB-0001448,ACC-002069,SMB,2024-08-21,2025-05-21,metered_month_to_month,,churned
SUB-0001449,ACC-002070,SMB,2025-06-23,,metered_month_to_month,,active
SUB-0001450,ACC-002071,SMB,2024-08-04,,metered_month_to_month,,active
SUB-0001451,ACC-002072,SMB,2024-06-03,2024-08-03,metered_month_to_month,,churned
SUB-0001452,ACC-002074,SMB,2023-03-25,,metered_month_to_month,,active
SUB-0001453,ACC-002075,SMB,2020-11-13,,metered_month_to_month,,active
SUB-0001454,ACC-002076,SMB,2025-01-26,,metered_month_to_month,,active
SUB-0001455,ACC-002077,SMB,2024-10-26,,metered_month_to_month,,active
SUB-0001456,ACC-002078,SMB,2023-10-11,,metered_month_to_month,,active
SUB-0001457,ACC-002079,SMB,2020-11-09,,metered_month_to_month,,active
SUB-0001458,ACC-002080,SMB,2023-11-25,2024-12-25,metered_month_to_month,,churned
SUB-0001459,ACC-002081,SMB,2024-11-06,2025-10-06,metered_month_to_month,,churned
SUB-0001460,ACC-002082,SMB,2022-10-09,2024-08-09,metered_month_to_month,,churned
SUB-0001461,ACC-002083,SMB,2025-11-14,,metered_month_to_month,,active
SUB-0001462,ACC-002084,SMB,2020-10-18,2024-06-18,metered_month_to_month,,churned
SUB-0001463,ACC-002085,SMB,2023-12-14,,metered_month_to_month,,active
SUB-0001464,ACC-002086,SMB,2024-04-01,,metered_month_to_month,,active
SUB-0001465,ACC-002088,SMB,2022-11-15,,metered_month_to_month,,active
SUB-0001466,ACC-002089,SMB,2025-09-23,,metered_month_to_month,,active
SUB-0001467,ACC-002090,SMB,2025-11-12,,metered_month_to_month,,active
SUB-0001468,ACC-002091,SMB,2025-07-03,,metered_month_to_month,,active
SUB-0001469,ACC-002092,SMB,2023-10-28,,metered_month_to_month,,active
SUB-0001470,ACC-002093,SMB,2025-03-22,,metered_month_to_month,,active
SUB-0001471,ACC-002094,SMB,2021-05-16,2023-10-16,metered_month_to_month,,churned
SUB-0001472,ACC-002095,SMB,2023-06-15,,metered_month_to_month,,active
SUB-0001473,ACC-002096,SMB,2024-11-07,,metered_month_to_month,,active
SUB-0001474,ACC-002097,SMB,2023-03-19,2024-01-19,metered_month_to_month,,churned
SUB-0001475,ACC-002098,SMB,2020-07-07,2021-03-07,metered_month_to_month,,churned
SUB-0001476,ACC-002099,SMB,2025-06-09,,metered_month_to_month,,active
SUB-0001477,ACC-002100,SMB,2025-04-15,,metered_month_to_month,,active
SUB-0001478,ACC-002101,SMB,2023-09-23,2024-01-23,metered_month_to_month,,churned
SUB-0001479,ACC-002102,SMB,2023-09-02,2025-01-02,metered_month_to_month,,churned
SUB-0001480,ACC-002104,SMB,2025-08-05,2025-11-05,metered_month_to_month,,churned
SUB-0001481,ACC-002105,SMB,2021-12-11,,metered_month_to_month,,active
SUB-0001482,ACC-002106,SMB,2024-02-02,2025-06-02,metered_month_to_month,,churned
SUB-0001483,ACC-002107,SMB,2022-08-25,2024-01-25,metered_month_to_month,,churned
SUB-0001484,ACC-002108,SMB,2020-08-27,2021-07-27,metered_month_to_month,,churned
SUB-0001485,ACC-002109,SMB,2023-07-01,2025-12-01,metered_month_to_month,,churned
SUB-0001486,ACC-002110,SMB,2025-04-26,,metered_month_to_month,,active
SUB-0001487,ACC-002111,SMB,2025-06-01,,metered_month_to_month,,active
SUB-0001488,ACC-002113,SMB,2024-01-12,2024-08-12,metered_month_to_month,,churned
SUB-0001489,ACC-002114,SMB,2020-11-12,2022-11-12,metered_month_to_month,,churned
SUB-0001490,ACC-002115,SMB,2025-08-07,,metered_month_to_month,,active
SUB-0001491,ACC-002116,SMB,2024-03-28,,metered_month_to_month,,active
SUB-0001492,ACC-002117,SMB,2023-08-02,,metered_month_to_month,,active
SUB-0001493,ACC-002118,SMB,2023-08-24,2025-08-24,metered_month_to_month,,churned
SUB-0001494,ACC-002119,SMB,2024-08-05,,metered_month_to_month,,active
SUB-0001495,ACC-002120,SMB,2024-12-02,,metered_month_to_month,,active
SUB-0001496,ACC-002121,SMB,2024-02-04,,metered_month_to_month,,active
SUB-0001497,ACC-002122,SMB,2020-07-19,,metered_month_to_month,,active
SUB-0001498,ACC-002123,SMB,2022-07-30,2023-12-28,metered_month_to_month,,churned
SUB-0001499,ACC-002124,SMB,2023-04-25,,metered_month_to_month,,active
SUB-0001500,ACC-002125,SMB,2025-03-10,,metered_month_to_month,,active
SUB-0001501,ACC-002126,SMB,2022-08-01,2025-05-01,metered_month_to_month,,churned
SUB-0001502,ACC-002127,SMB,2025-09-17,,metered_month_to_month,,active
SUB-0001503,ACC-002128,SMB,2024-11-01,,metered_month_to_month,,active
SUB-0001504,ACC-002129,SMB,2023-10-27,,metered_month_to_month,,active
SUB-0001505,ACC-002130,SMB,2022-04-04,,metered_month_to_month,,active
SUB-0001506,ACC-002131,SMB,2024-07-20,,metered_month_to_month,,active
SUB-0001507,ACC-002133,SMB,2020-02-21,2020-11-21,metered_month_to_month,,churned
SUB-0001508,ACC-002134,SMB,2022-05-13,2024-08-13,metered_month_to_month,,churned
SUB-0001509,ACC-002136,SMB,2020-06-01,,metered_month_to_month,,active
SUB-0001510,ACC-002138,SMB,2024-05-13,,metered_month_to_month,,active
SUB-0001511,ACC-002139,SMB,2025-05-01,,metered_month_to_month,,active
SUB-0001512,ACC-002140,SMB,2023-05-14,,metered_month_to_month,,active
SUB-0001513,ACC-002141,SMB,2022-02-19,2024-01-19,metered_month_to_month,,churned
SUB-0001514,ACC-002142,SMB,2024-04-05,,metered_month_to_month,,active
SUB-0001515,ACC-002143,SMB,2024-11-28,,metered_month_to_month,,active
SUB-0001516,ACC-002144,SMB,2025-11-10,,metered_month_to_month,,active
SUB-0001517,ACC-002145,SMB,2025-08-05,,metered_month_to_month,,active
SUB-0001518,ACC-002146,SMB,2024-04-13,,metered_month_to_month,,active
SUB-0001519,ACC-002147,SMB,2025-12-10,,metered_month_to_month,,active
SUB-0001520,ACC-002148,SMB,2024-03-12,,metered_month_to_month,,active
SUB-0001521,ACC-002149,SMB,2023-12-02,,metered_month_to_month,,active
SUB-0001522,ACC-002150,SMB,2025-12-03,,metered_month_to_month,,active
SUB-0001523,ACC-002151,SMB,2024-12-03,,metered_month_to_month,,active
SUB-0001524,ACC-002152,SMB,2024-03-13,,metered_month_to_month,,active
SUB-0001525,ACC-002153,SMB,2023-11-19,,metered_month_to_month,,active
SUB-0001526,ACC-002154,SMB,2021-11-24,,metered_month_to_month,,active
SUB-0001527,ACC-002155,SMB,2023-02-21,2024-12-21,metered_month_to_month,,churned
SUB-0001528,ACC-002156,SMB,2025-09-12,,metered_month_to_month,,active
SUB-0001529,ACC-002157,SMB,2021-08-27,,metered_month_to_month,,active
SUB-0001530,ACC-002158,SMB,2023-01-15,2025-04-15,metered_month_to_month,,churned
SUB-0001531,ACC-002159,SMB,2024-02-15,,metered_month_to_month,,active
SUB-0001532,ACC-002160,SMB,2024-02-24,,metered_month_to_month,,active
SUB-0001533,ACC-002161,SMB,2025-01-18,2025-06-18,metered_month_to_month,,churned
SUB-0001534,ACC-002162,SMB,2025-01-04,,metered_month_to_month,,active
SUB-0001535,ACC-002164,SMB,2025-06-09,,metered_month_to_month,,active
SUB-0001536,ACC-002165,SMB,2020-10-17,2023-06-17,metered_month_to_month,,churned
SUB-0001537,ACC-002167,SMB,2021-08-18,2022-10-18,metered_month_to_month,,churned
SUB-0001538,ACC-002168,SMB,2025-03-03,,metered_month_to_month,,active
SUB-0001539,ACC-002169,SMB,2023-09-21,2024-02-21,metered_month_to_month,,churned
SUB-0001540,ACC-002170,SMB,2025-03-01,,metered_month_to_month,,active
SUB-0001541,ACC-002171,SMB,2024-01-28,,metered_month_to_month,,active
SUB-0001542,ACC-002173,SMB,2023-03-07,2024-07-07,metered_month_to_month,,churned
SUB-0001543,ACC-002174,SMB,2024-02-16,,metered_month_to_month,,active
SUB-0001544,ACC-002175,SMB,2022-05-19,2025-02-19,metered_month_to_month,,churned
SUB-0001545,ACC-002176,SMB,2024-05-17,,metered_month_to_month,,active
SUB-0001546,ACC-002177,SMB,2025-03-16,,metered_month_to_month,,active
SUB-0001547,ACC-002178,SMB,2024-09-17,,metered_month_to_month,,active
SUB-0001548,ACC-002179,SMB,2024-07-15,,metered_month_to_month,,active
SUB-0001549,ACC-002180,SMB,2025-05-20,,metered_month_to_month,,active
SUB-0001550,ACC-002181,SMB,2024-12-21,,metered_month_to_month,,active
SUB-0001551,ACC-002182,SMB,2025-10-20,,metered_month_to_month,,active
SUB-0001552,ACC-002183,SMB,2023-08-24,,metered_month_to_month,,active
SUB-0001553,ACC-002184,SMB,2025-07-24,,metered_month_to_month,,active
SUB-0001554,ACC-002185,SMB,2021-05-15,,metered_month_to_month,,active
SUB-0001555,ACC-002186,SMB,2024-11-20,,metered_month_to_month,,active
SUB-0001556,ACC-002188,SMB,2024-11-28,,metered_month_to_month,,active
SUB-0001557,ACC-002189,SMB,2025-09-25,,metered_month_to_month,,active
SUB-0001558,ACC-002192,SMB,2025-01-01,,metered_month_to_month,,active
SUB-0001559,ACC-002193,SMB,2025-10-05,,metered_month_to_month,,active
SUB-0001560,ACC-002194,SMB,2025-09-19,,metered_month_to_month,,active
SUB-0001561,ACC-002195,SMB,2025-05-15,,metered_month_to_month,,active
SUB-0001562,ACC-002196,SMB,2024-01-22,,metered_month_to_month,,active
SUB-0001563,ACC-002197,SMB,2023-08-15,,metered_month_to_month,,active
SUB-0001564,ACC-002198,SMB,2024-08-17,,metered_month_to_month,,active
SUB-0001565,ACC-002199,SMB,2020-11-15,2023-11-15,metered_month_to_month,,churned
SUB-0001566,ACC-002200,SMB,2024-01-06,,metered_month_to_month,,active
SUB-0001567,ACC-002201,SMB,2025-09-28,,metered_month_to_month,,active
SUB-0001568,ACC-002202,SMB,2025-06-23,,metered_month_to_month,,active
SUB-0001569,ACC-002203,SMB,2025-09-26,,metered_month_to_month,,active
SUB-0001570,ACC-002204,SMB,2023-03-26,,metered_month_to_month,,active
SUB-0001571,ACC-002205,SMB,2024-10-03,,metered_month_to_month,,active
SUB-0001572,ACC-002206,SMB,2025-04-09,,metered_month_to_month,,active
SUB-0001573,ACC-002207,SMB,2025-07-17,,metered_month_to_month,,active
SUB-0001574,ACC-002208,SMB,2025-02-17,,metered_month_to_month,,active
SUB-0001575,ACC-002209,SMB,2023-10-06,,metered_month_to_month,,active
SUB-0001576,ACC-002211,SMB,2021-10-07,2023-05-07,metered_month_to_month,,churned
SUB-0001577,ACC-002213,SMB,2025-11-13,,metered_month_to_month,,active
SUB-0001578,ACC-002214,SMB,2020-10-18,2022-10-18,metered_month_to_month,,churned
SUB-0001579,ACC-002216,SMB,2023-09-08,2024-08-08,metered_month_to_month,,churned
SUB-0001580,ACC-002217,SMB,2025-06-02,2025-09-02,metered_month_to_month,,churned
SUB-0001581,ACC-002218,SMB,2024-12-11,2025-04-11,metered_month_to_month,,churned
SUB-0001582,ACC-002219,SMB,2023-12-27,2024-07-27,metered_month_to_month,,churned
SUB-0001583,ACC-002222,SMB,2024-04-09,,metered_month_to_month,,active
SUB-0001584,ACC-002223,SMB,2025-03-04,,metered_month_to_month,,active
SUB-0001585,ACC-002224,SMB,2023-11-25,,metered_month_to_month,,active
SUB-0001586,ACC-002225,SMB,2022-05-15,2024-09-15,metered_month_to_month,,churned
SUB-0001587,ACC-002226,SMB,2025-10-27,,metered_month_to_month,,active
SUB-0001588,ACC-002227,SMB,2023-09-23,,metered_month_to_month,,active
SUB-0001589,ACC-002228,SMB,2025-09-04,,metered_month_to_month,,active
SUB-0001590,ACC-002229,SMB,2024-01-05,,metered_month_to_month,,active
SUB-0001591,ACC-002230,SMB,2025-06-26,,metered_month_to_month,,active
SUB-0001592,ACC-002231,SMB,2023-12-03,,metered_month_to_month,,active
SUB-0001593,ACC-002232,SMB,2022-04-01,2022-09-01,metered_month_to_month,,churned
SUB-0001594,ACC-002233,SMB,2025-08-04,,metered_month_to_month,,active
SUB-0001595,ACC-002234,SMB,2025-04-15,,metered_month_to_month,,active
SUB-0001596,ACC-002235,SMB,2020-03-21,,metered_month_to_month,,active
SUB-0001597,ACC-002236,SMB,2025-09-12,,metered_month_to_month,,active
SUB-0001598,ACC-002238,SMB,2025-02-23,2025-11-23,metered_month_to_month,,churned
SUB-0001599,ACC-002240,SMB,2024-06-12,,metered_month_to_month,,active
SUB-0001600,ACC-002241,SMB,2023-07-19,,metered_month_to_month,,active
SUB-0001601,ACC-002242,SMB,2021-03-07,2023-09-07,metered_month_to_month,,churned
SUB-0001602,ACC-002243,SMB,2025-03-27,2025-07-27,metered_month_to_month,,churned
SUB-0001603,ACC-002244,SMB,2024-09-28,,metered_month_to_month,,active
SUB-0001604,ACC-002245,SMB,2024-09-15,2025-10-15,metered_month_to_month,,churned
SUB-0001605,ACC-002246,SMB,2023-06-15,,metered_month_to_month,,active
SUB-0001606,ACC-002247,SMB,2025-08-22,,metered_month_to_month,,active
SUB-0001607,ACC-002248,SMB,2025-08-05,,metered_month_to_month,,active
SUB-0001608,ACC-002249,SMB,2025-09-01,,metered_month_to_month,,active
SUB-0001609,ACC-002250,SMB,2025-06-02,,metered_month_to_month,,active
SUB-0001610,ACC-002251,SMB,2024-06-18,,metered_month_to_month,,active
SUB-0001611,ACC-002252,SMB,2025-10-02,,metered_month_to_month,,active
SUB-0001612,ACC-002253,SMB,2025-04-27,2025-09-27,metered_month_to_month,,churned
SUB-0001613,ACC-002254,SMB,2025-08-13,,metered_month_to_month,,active
SUB-0001614,ACC-002255,SMB,2025-04-14,2025-07-14,metered_month_to_month,,churned
SUB-0001615,ACC-002256,SMB,2024-05-23,,metered_month_to_month,,active
SUB-0001616,ACC-002257,SMB,2024-06-24,,metered_month_to_month,,active
SUB-0001617,ACC-002258,SMB,2024-07-22,,metered_month_to_month,,active
SUB-0001618,ACC-002259,SMB,2025-12-01,,metered_month_to_month,,active
SUB-0001619,ACC-002260,SMB,2024-07-28,2025-06-28,metered_month_to_month,,churned
SUB-0001620,ACC-002261,SMB,2025-01-21,,metered_month_to_month,,active
SUB-0001621,ACC-002262,SMB,2025-12-26,,metered_month_to_month,,active
SUB-0001622,ACC-002264,SMB,2024-03-18,,metered_month_to_month,,active
SUB-0001623,ACC-002265,SMB,2025-12-14,,metered_month_to_month,,active
SUB-0001624,ACC-002266,SMB,2025-08-13,,metered_month_to_month,,active
SUB-0001625,ACC-002268,SMB,2023-11-03,,metered_month_to_month,,active
SUB-0001626,ACC-002269,SMB,2025-03-27,,metered_month_to_month,,active
SUB-0001627,ACC-002271,SMB,2022-05-04,,metered_month_to_month,,active
SUB-0001628,ACC-002272,SMB,2025-09-11,,metered_month_to_month,,active
SUB-0001629,ACC-002273,SMB,2024-06-05,2025-06-05,metered_month_to_month,,churned
SUB-0001630,ACC-002274,SMB,2025-10-25,,metered_month_to_month,,active
SUB-0001631,ACC-002276,SMB,2021-10-03,2023-06-03,metered_month_to_month,,churned
SUB-0001632,ACC-002277,SMB,2024-05-17,,metered_month_to_month,,active
SUB-0001633,ACC-002278,SMB,2023-03-07,,metered_month_to_month,,active
SUB-0001634,ACC-002279,SMB,2021-03-12,,metered_month_to_month,,active
SUB-0001635,ACC-002280,SMB,2025-09-13,,metered_month_to_month,,active
SUB-0001636,ACC-002281,SMB,2024-08-08,,metered_month_to_month,,active
SUB-0001637,ACC-002282,SMB,2023-11-22,,metered_month_to_month,,active
SUB-0001638,ACC-002285,SMB,2022-01-23,2022-07-23,metered_month_to_month,,churned
SUB-0001639,ACC-002286,SMB,2021-12-04,,metered_month_to_month,,active
SUB-0001640,ACC-002288,SMB,2024-03-03,2025-05-03,metered_month_to_month,,churned
SUB-0001641,ACC-002289,SMB,2024-07-07,,metered_month_to_month,,active
SUB-0001642,ACC-002290,SMB,2025-03-07,,metered_month_to_month,,active
SUB-0001643,ACC-002291,SMB,2025-07-17,,metered_month_to_month,,active
SUB-0001644,ACC-002292,SMB,2025-02-28,,metered_month_to_month,,active
SUB-0001645,ACC-002293,SMB,2023-10-25,,metered_month_to_month,,active
SUB-0001646,ACC-002294,SMB,2025-01-07,,metered_month_to_month,,active
SUB-0001647,ACC-002295,SMB,2025-06-13,2025-11-13,metered_month_to_month,,churned
SUB-0001648,ACC-002296,SMB,2021-09-07,2022-05-07,metered_month_to_month,,churned
SUB-0001649,ACC-002297,SMB,2023-04-16,,metered_month_to_month,,active
SUB-0001650,ACC-002298,SMB,2025-11-22,,metered_month_to_month,,active
SUB-0001651,ACC-002299,SMB,2025-09-18,,metered_month_to_month,,active
SUB-0001652,ACC-002300,SMB,2025-04-12,,metered_month_to_month,,active
SUB-0001653,ACC-002302,SMB,2024-10-25,,metered_month_to_month,,active
SUB-0001654,ACC-002303,SMB,2024-07-03,2025-06-03,metered_month_to_month,,churned
SUB-0001655,ACC-002304,SMB,2025-10-08,,metered_month_to_month,,active
SUB-0001656,ACC-002305,SMB,2024-01-14,,metered_month_to_month,,active
SUB-0001657,ACC-002306,SMB,2025-09-17,,metered_month_to_month,,active
SUB-0001658,ACC-002307,SMB,2025-07-03,,metered_month_to_month,,active
SUB-0001659,ACC-002308,SMB,2025-04-27,,metered_month_to_month,,active
SUB-0001660,ACC-002309,SMB,2022-09-14,2023-10-14,metered_month_to_month,,churned
SUB-0001661,ACC-002310,SMB,2024-08-10,,metered_month_to_month,,active
SUB-0001662,ACC-002311,SMB,2020-11-23,2021-10-23,metered_month_to_month,,churned
SUB-0001663,ACC-002312,SMB,2021-02-01,2024-09-01,metered_month_to_month,,churned
SUB-0001664,ACC-002313,SMB,2025-05-21,,metered_month_to_month,,active
SUB-0001665,ACC-002314,SMB,2025-05-21,,metered_month_to_month,,active
SUB-0001666,ACC-002315,SMB,2025-03-04,,metered_month_to_month,,active
SUB-0001667,ACC-002317,SMB,2024-10-13,,metered_month_to_month,,active
SUB-0001668,ACC-002318,SMB,2025-08-10,,metered_month_to_month,,active
SUB-0001669,ACC-002319,SMB,2025-12-24,,metered_month_to_month,,active
SUB-0001670,ACC-002320,SMB,2025-06-10,,metered_month_to_month,,active
SUB-0001671,ACC-002321,SMB,2024-09-15,,metered_month_to_month,,active
SUB-0001672,ACC-002323,SMB,2025-03-04,,metered_month_to_month,,active
SUB-0001673,ACC-002324,SMB,2020-08-23,2025-05-23,metered_month_to_month,,churned
SUB-0001674,ACC-002325,SMB,2025-11-12,,metered_month_to_month,,active
SUB-0001675,ACC-002326,SMB,2024-03-21,,metered_month_to_month,,active
SUB-0001676,ACC-002327,SMB,2025-10-07,,metered_month_to_month,,active
SUB-0001677,ACC-002328,SMB,2025-04-08,2025-08-08,metered_month_to_month,,churned
SUB-0001678,ACC-002329,SMB,2023-08-17,,metered_month_to_month,,active
SUB-0001679,ACC-002330,SMB,2021-08-23,2025-11-23,metered_month_to_month,,churned
SUB-0001680,ACC-002331,SMB,2022-07-08,2024-09-08,metered_month_to_month,,churned
SUB-0001681,ACC-002332,SMB,2023-05-13,2024-09-13,metered_month_to_month,,churned
SUB-0001682,ACC-002333,SMB,2023-06-27,2025-06-27,metered_month_to_month,,churned
SUB-0001683,ACC-002334,SMB,2024-01-12,,metered_month_to_month,,active
SUB-0001684,ACC-002335,SMB,2025-12-02,,metered_month_to_month,,active
SUB-0001685,ACC-002337,SMB,2025-03-25,,metered_month_to_month,,active
SUB-0001686,ACC-002338,SMB,2025-09-23,,metered_month_to_month,,active
SUB-0001687,ACC-002339,SMB,2023-06-06,,metered_month_to_month,,active
SUB-0001688,ACC-002340,SMB,2024-01-25,2025-01-25,metered_month_to_month,,churned
SUB-0001689,ACC-002341,SMB,2024-02-15,,metered_month_to_month,,active
SUB-0001690,ACC-002342,SMB,2025-07-05,,metered_month_to_month,,active
SUB-0001691,ACC-002343,SMB,2023-12-20,2024-05-20,metered_month_to_month,,churned
SUB-0001692,ACC-002344,SMB,2024-01-03,,metered_month_to_month,,active
SUB-0001693,ACC-002346,SMB,2025-07-14,,metered_month_to_month,,active
SUB-0001694,ACC-002347,SMB,2025-11-08,,metered_month_to_month,,active
SUB-0001695,ACC-002348,SMB,2025-01-08,,metered_month_to_month,,active
SUB-0001696,ACC-002350,SMB,2025-05-23,,metered_month_to_month,,active
SUB-0001697,ACC-002351,SMB,2021-06-25,2021-11-25,metered_month_to_month,,churned
SUB-0001698,ACC-002354,SMB,2024-08-27,2024-10-27,metered_month_to_month,,churned
SUB-0001699,ACC-002355,SMB,2021-07-23,2022-03-23,metered_month_to_month,,churned
SUB-0001700,ACC-002356,SMB,2025-05-10,,metered_month_to_month,,active
SUB-0001701,ACC-002357,SMB,2020-11-06,2023-02-06,metered_month_to_month,,churned
SUB-0001702,ACC-002358,SMB,2023-02-26,,metered_month_to_month,,active
SUB-0001703,ACC-002359,SMB,2024-05-03,,metered_month_to_month,,active
SUB-0001704,ACC-002360,SMB,2020-11-10,2021-07-10,metered_month_to_month,,churned
SUB-0001705,ACC-002361,SMB,2022-11-30,,metered_month_to_month,,active
SUB-0001706,ACC-002362,SMB,2024-12-21,,metered_month_to_month,,active
SUB-0001707,ACC-002363,SMB,2021-01-23,2022-12-23,metered_month_to_month,,churned
SUB-0001708,ACC-002364,SMB,2024-01-23,,metered_month_to_month,,active
SUB-0001709,ACC-002365,SMB,2024-05-16,,metered_month_to_month,,active
SUB-0001710,ACC-002366,SMB,2025-01-03,,metered_month_to_month,,active
SUB-0001711,ACC-002367,SMB,2025-04-17,2025-07-17,metered_month_to_month,,churned
SUB-0001712,ACC-002368,SMB,2023-09-06,,metered_month_to_month,,active
SUB-0001713,ACC-002369,SMB,2023-12-06,,metered_month_to_month,,active
SUB-0001714,ACC-002370,SMB,2023-08-10,2024-11-10,metered_month_to_month,,churned
SUB-0001715,ACC-002371,SMB,2020-09-09,,metered_month_to_month,,active
SUB-0001716,ACC-002372,SMB,2020-04-12,,metered_month_to_month,,active
SUB-0001717,ACC-002373,SMB,2022-09-19,2023-12-19,metered_month_to_month,,churned
SUB-0001718,ACC-002374,SMB,2025-08-19,,metered_month_to_month,,active
SUB-0001719,ACC-002376,SMB,2025-04-16,,metered_month_to_month,,active
SUB-0001720,ACC-002377,SMB,2025-02-15,,metered_month_to_month,,active
SUB-0001721,ACC-002378,SMB,2023-11-24,2024-03-24,metered_month_to_month,,churned
SUB-0001722,ACC-002379,SMB,2024-11-06,,metered_month_to_month,,active
SUB-0001723,ACC-002380,SMB,2025-12-06,,metered_month_to_month,,active
SUB-0001724,ACC-002381,SMB,2025-07-21,,metered_month_to_month,,active
SUB-0001725,ACC-002382,SMB,2024-08-02,,metered_month_to_month,,active
SUB-0001726,ACC-002383,SMB,2024-03-22,2025-03-22,metered_month_to_month,,churned
SUB-0001727,ACC-002384,SMB,2025-04-18,,metered_month_to_month,,active
SUB-0001728,ACC-002385,SMB,2023-12-28,,metered_month_to_month,,active
SUB-0001729,ACC-002386,SMB,2025-12-03,,metered_month_to_month,,active
SUB-0001730,ACC-002387,SMB,2025-01-12,,metered_month_to_month,,active
SUB-0001731,ACC-002388,SMB,2025-05-21,,metered_month_to_month,,active
SUB-0001732,ACC-002389,SMB,2025-12-16,,metered_month_to_month,,active
SUB-0001733,ACC-002390,SMB,2025-10-16,,metered_month_to_month,,active
SUB-0001734,ACC-002391,SMB,2024-08-10,,metered_month_to_month,,active
SUB-0001735,ACC-002392,SMB,2025-02-05,,metered_month_to_month,,active
SUB-0001736,ACC-002393,SMB,2021-07-30,,metered_month_to_month,,active
SUB-0001737,ACC-002394,SMB,2025-09-27,,metered_month_to_month,,active
SUB-0001738,ACC-002395,SMB,2025-12-28,,metered_month_to_month,,active
SUB-0001739,ACC-002396,SMB,2023-01-01,2024-04-01,metered_month_to_month,,churned
SUB-0001740,ACC-002397,SMB,2025-04-02,,metered_month_to_month,,active
SUB-0001741,ACC-002398,SMB,2025-07-02,,metered_month_to_month,,active
SUB-0001742,ACC-002399,SMB,2023-03-06,2025-06-06,metered_month_to_month,,churned
SUB-0001743,ACC-002400,SMB,2025-12-08,,metered_month_to_month,,active
SUB-0001744,ACC-002401,SMB,2025-09-15,,metered_month_to_month,,active
SUB-0001745,ACC-002402,SMB,2024-06-14,2024-09-14,metered_month_to_month,,churned
SUB-0001746,ACC-002403,SMB,2020-08-08,2022-12-08,metered_month_to_month,,churned
SUB-0001747,ACC-002404,SMB,2024-08-20,,metered_month_to_month,,active
SUB-0001748,ACC-002405,SMB,2025-07-02,,metered_month_to_month,,active
SUB-0001749,ACC-002406,SMB,2020-06-30,2021-07-28,metered_month_to_month,,churned
SUB-0001750,ACC-002407,SMB,2025-12-10,,metered_month_to_month,,active
SUB-0001751,ACC-002408,SMB,2025-09-19,,metered_month_to_month,,active
SUB-0001752,ACC-002409,SMB,2024-04-15,,metered_month_to_month,,active
SUB-0001753,ACC-002410,SMB,2022-06-28,2025-03-28,metered_month_to_month,,churned
SUB-0001754,ACC-002411,SMB,2024-09-05,,metered_month_to_month,,active
SUB-0001755,ACC-002412,SMB,2024-02-26,2025-09-26,metered_month_to_month,,churned
SUB-0001756,ACC-002413,SMB,2021-05-01,,metered_month_to_month,,active
SUB-0001757,ACC-002414,SMB,2025-05-06,,metered_month_to_month,,active
SUB-0001758,ACC-002415,SMB,2020-02-13,2022-03-13,metered_month_to_month,,churned
SUB-0001759,ACC-002416,SMB,2025-06-02,,metered_month_to_month,,active
SUB-0001760,ACC-002417,SMB,2025-10-22,,metered_month_to_month,,active
SUB-0001761,ACC-002418,SMB,2024-09-21,2025-01-21,metered_month_to_month,,churned
SUB-0001762,ACC-002420,SMB,2024-01-25,,metered_month_to_month,,active
SUB-0001763,ACC-002421,SMB,2025-09-21,,metered_month_to_month,,active
SUB-0001764,ACC-002422,SMB,2025-10-23,,metered_month_to_month,,active
SUB-0001765,ACC-002423,SMB,2023-12-27,,metered_month_to_month,,active
SUB-0001766,ACC-002424,SMB,2021-10-16,,metered_month_to_month,,active
SUB-0001767,ACC-002425,SMB,2021-12-13,,metered_month_to_month,,active
SUB-0001768,ACC-002426,SMB,2024-11-03,,metered_month_to_month,,active
SUB-0001769,ACC-002427,SMB,2024-08-25,2025-07-25,metered_month_to_month,,churned
SUB-0001770,ACC-002428,SMB,2025-01-20,,metered_month_to_month,,active
SUB-0001771,ACC-002429,SMB,2025-01-01,,metered_month_to_month,,active
SUB-0001772,ACC-002430,SMB,2023-11-28,,metered_month_to_month,,active
SUB-0001773,ACC-002431,SMB,2025-08-05,,metered_month_to_month,,active
SUB-0001774,ACC-002432,SMB,2024-10-23,,metered_month_to_month,,active
SUB-0001775,ACC-002433,SMB,2025-08-12,,metered_month_to_month,,active
SUB-0001776,ACC-002434,SMB,2024-12-25,,metered_month_to_month,,active
SUB-0001777,ACC-002435,SMB,2025-04-25,,metered_month_to_month,,active
SUB-0001778,ACC-002436,SMB,2022-11-28,2024-01-28,metered_month_to_month,,churned
SUB-0001779,ACC-002437,SMB,2024-12-08,,metered_month_to_month,,active
SUB-0001780,ACC-002438,SMB,2024-11-22,,metered_month_to_month,,active
SUB-0001781,ACC-002439,SMB,2025-07-17,,metered_month_to_month,,active
SUB-0001782,ACC-002441,SMB,2021-03-19,2022-09-19,metered_month_to_month,,churned
SUB-0001783,ACC-002442,SMB,2024-10-15,2025-07-15,metered_month_to_month,,churned
SUB-0001784,ACC-002444,SMB,2025-08-16,,metered_month_to_month,,active
SUB-0001785,ACC-002445,SMB,2024-12-05,,metered_month_to_month,,active
SUB-0001786,ACC-002446,SMB,2024-07-15,,metered_month_to_month,,active
SUB-0001787,ACC-002447,SMB,2024-03-16,2024-07-16,metered_month_to_month,,churned
SUB-0001788,ACC-002448,SMB,2022-11-19,,metered_month_to_month,,active
SUB-0001789,ACC-002449,SMB,2024-05-20,,metered_month_to_month,,active
SUB-0001790,ACC-002450,SMB,2023-09-21,2025-04-21,metered_month_to_month,,churned
SUB-0001791,ACC-002451,SMB,2025-08-07,,metered_month_to_month,,active
SUB-0001792,ACC-002453,SMB,2023-09-24,,metered_month_to_month,,active
SUB-0001793,ACC-002454,SMB,2023-06-24,,metered_month_to_month,,active
SUB-0001794,ACC-002455,SMB,2024-10-28,,metered_month_to_month,,active
SUB-0001795,ACC-002456,SMB,2025-11-05,,metered_month_to_month,,active
SUB-0001796,ACC-002457,SMB,2025-12-09,,metered_month_to_month,,active
SUB-0001797,ACC-002458,SMB,2021-07-10,2024-08-10,metered_month_to_month,,churned
SUB-0001798,ACC-002460,SMB,2022-12-31,,metered_month_to_month,,active
SUB-0001799,ACC-002461,SMB,2023-08-26,,metered_month_to_month,,active
SUB-0001800,ACC-002462,SMB,2024-06-24,2024-12-24,metered_month_to_month,,churned
SUB-0001801,ACC-002463,SMB,2025-02-05,,metered_month_to_month,,active
SUB-0001802,ACC-002464,SMB,2023-08-07,2025-01-07,metered_month_to_month,,churned
SUB-0001803,ACC-002465,SMB,2025-12-14,,metered_month_to_month,,active
SUB-0001804,ACC-002466,SMB,2024-07-08,,metered_month_to_month,,active
SUB-0001805,ACC-002467,SMB,2023-06-10,,metered_month_to_month,,active
SUB-0001806,ACC-002468,SMB,2024-08-13,,metered_month_to_month,,active
SUB-0001807,ACC-002469,SMB,2025-03-05,,metered_month_to_month,,active
SUB-0001808,ACC-002470,SMB,2025-08-24,,metered_month_to_month,,active
SUB-0001809,ACC-002471,SMB,2023-07-26,2025-04-26,metered_month_to_month,,churned
SUB-0001810,ACC-002472,SMB,2025-11-15,,metered_month_to_month,,active
SUB-0001811,ACC-002473,SMB,2022-09-22,,metered_month_to_month,,active
SUB-0001812,ACC-002474,SMB,2024-08-27,,metered_month_to_month,,active
SUB-0001813,ACC-002475,SMB,2024-04-22,2025-09-22,metered_month_to_month,,churned
SUB-0001814,ACC-002476,SMB,2023-05-19,,metered_month_to_month,,active
SUB-0001815,ACC-002478,SMB,2022-01-23,,metered_month_to_month,,active
SUB-0001816,ACC-002479,SMB,2025-07-21,,metered_month_to_month,,active
SUB-0001817,ACC-002480,SMB,2023-11-15,,metered_month_to_month,,active
SUB-0001818,ACC-002481,SMB,2024-07-19,,metered_month_to_month,,active
SUB-0001819,ACC-002482,SMB,2025-04-28,,metered_month_to_month,,active
SUB-0001820,ACC-002483,SMB,2022-05-18,2024-12-18,metered_month_to_month,,churned
SUB-0001821,ACC-002484,SMB,2023-01-02,,metered_month_to_month,,active
SUB-0001822,ACC-002485,SMB,2021-05-23,,metered_month_to_month,,active
SUB-0001823,ACC-002486,SMB,2023-05-08,,metered_month_to_month,,active
SUB-0001824,ACC-002487,SMB,2024-05-21,2025-02-21,metered_month_to_month,,churned
SUB-0001825,ACC-002488,SMB,2025-08-27,,metered_month_to_month,,active
SUB-0001826,ACC-002489,SMB,2025-10-18,,metered_month_to_month,,active
SUB-0001827,ACC-002490,SMB,2024-07-04,,metered_month_to_month,,active
SUB-0001828,ACC-002491,SMB,2024-02-03,2024-09-03,metered_month_to_month,,churned
SUB-0001829,ACC-002492,SMB,2022-07-08,,metered_month_to_month,,active
SUB-0001830,ACC-002494,SMB,2020-12-25,2024-07-25,metered_month_to_month,,churned
SUB-0001831,ACC-002496,SMB,2021-04-05,2025-10-05,metered_month_to_month,,churned
SUB-0001832,ACC-002497,SMB,2025-10-04,,metered_month_to_month,,active
SUB-0001833,ACC-002498,SMB,2025-01-06,,metered_month_to_month,,active
SUB-0001834,ACC-002499,SMB,2025-08-25,,metered_month_to_month,,active
SUB-0001835,ACC-002500,SMB,2022-05-21,,metered_month_to_month,,active
SUB-0001836,ACC-002502,SMB,2022-12-18,,metered_month_to_month,,active
SUB-0001837,ACC-002503,SMB,2025-01-08,,metered_month_to_month,,active
SUB-0001838,ACC-002504,SMB,2024-06-10,,metered_month_to_month,,active
SUB-0001839,ACC-002505,SMB,2020-10-11,2021-08-11,metered_month_to_month,,churned
SUB-0001840,ACC-002506,SMB,2024-11-19,,metered_month_to_month,,active
SUB-0001841,ACC-002507,SMB,2025-01-10,,metered_month_to_month,,active
SUB-0001842,ACC-002508,SMB,2023-12-24,,metered_month_to_month,,active
SUB-0001843,ACC-002509,SMB,2023-02-10,,metered_month_to_month,,active
SUB-0001844,ACC-002510,SMB,2024-03-19,,metered_month_to_month,,active
SUB-0001845,ACC-002511,SMB,2023-12-07,,metered_month_to_month,,active
SUB-0001846,ACC-002512,SMB,2023-03-10,,metered_month_to_month,,active
SUB-0001847,ACC-002513,SMB,2025-05-07,,metered_month_to_month,,active
SUB-0001848,ACC-002514,SMB,2024-11-02,,metered_month_to_month,,active
SUB-0001849,ACC-002515,SMB,2024-04-08,2025-01-08,metered_month_to_month,,churned
SUB-0001850,ACC-002516,SMB,2025-06-20,,metered_month_to_month,,active
SUB-0001851,ACC-002519,SMB,2024-08-03,,metered_month_to_month,,active
SUB-0001852,ACC-002520,SMB,2025-03-24,,metered_month_to_month,,active
SUB-0001853,ACC-002521,SMB,2023-06-03,,metered_month_to_month,,active
SUB-0001854,ACC-002522,SMB,2025-06-16,,metered_month_to_month,,active
SUB-0001855,ACC-002523,SMB,2023-06-08,,metered_month_to_month,,active
SUB-0001856,ACC-002524,SMB,2024-03-26,2025-11-26,metered_month_to_month,,churned
SUB-0001857,ACC-002525,SMB,2024-11-26,2025-01-26,metered_month_to_month,,churned
SUB-0001858,ACC-002526,SMB,2025-05-01,,metered_month_to_month,,active
SUB-0001859,ACC-002527,SMB,2022-07-25,,metered_month_to_month,,active
SUB-0001860,ACC-002528,SMB,2024-12-17,2025-03-17,metered_month_to_month,,churned
SUB-0001861,ACC-002529,SMB,2023-05-21,,metered_month_to_month,,active
SUB-0001862,ACC-002530,SMB,2025-12-07,,metered_month_to_month,,active
SUB-0001863,ACC-002531,SMB,2025-09-19,,metered_month_to_month,,active
SUB-0001864,ACC-002533,SMB,2025-01-28,,metered_month_to_month,,active
SUB-0001865,ACC-002534,SMB,2025-06-05,,metered_month_to_month,,active
SUB-0001866,ACC-002535,SMB,2025-06-14,,metered_month_to_month,,active
SUB-0001867,ACC-002536,SMB,2022-07-30,2024-02-28,metered_month_to_month,,churned
SUB-0001868,ACC-002537,SMB,2025-12-22,,metered_month_to_month,,active
SUB-0001869,ACC-002538,SMB,2024-03-20,,metered_month_to_month,,active
SUB-0001870,ACC-002539,SMB,2025-11-21,,metered_month_to_month,,active
SUB-0001871,ACC-002540,SMB,2024-07-09,,metered_month_to_month,,active
SUB-0001872,ACC-002541,SMB,2024-03-18,,metered_month_to_month,,active
SUB-0001873,ACC-002542,SMB,2024-07-03,,metered_month_to_month,,active
SUB-0001874,ACC-002543,SMB,2023-10-04,,metered_month_to_month,,active
SUB-0001875,ACC-002544,SMB,2023-01-26,2024-02-26,metered_month_to_month,,churned
SUB-0001876,ACC-002545,SMB,2025-08-26,,metered_month_to_month,,active
SUB-0001877,ACC-002546,SMB,2025-03-20,,metered_month_to_month,,active
SUB-0001878,ACC-002547,SMB,2021-09-23,,metered_month_to_month,,active
SUB-0001879,ACC-002548,SMB,2024-05-28,,metered_month_to_month,,active
SUB-0001880,ACC-002549,SMB,2021-03-06,2022-03-06,metered_month_to_month,,churned
SUB-0001881,ACC-002550,SMB,2020-12-18,2021-04-18,metered_month_to_month,,churned
SUB-0001882,ACC-002551,SMB,2024-11-09,,metered_month_to_month,,active
SUB-0001883,ACC-002552,SMB,2022-12-26,,metered_month_to_month,,active
SUB-0001884,ACC-002553,SMB,2025-08-15,,metered_month_to_month,,active
SUB-0001885,ACC-002555,SMB,2022-03-24,2022-07-24,metered_month_to_month,,churned
SUB-0001886,ACC-002556,SMB,2025-03-21,,metered_month_to_month,,active
SUB-0001887,ACC-002557,SMB,2025-01-19,,metered_month_to_month,,active
SUB-0001888,ACC-002558,SMB,2025-02-15,,metered_month_to_month,,active
SUB-0001889,ACC-002559,SMB,2025-08-09,,metered_month_to_month,,active
SUB-0001890,ACC-002560,SMB,2021-01-29,2025-04-28,metered_month_to_month,,churned
SUB-0001891,ACC-002561,SMB,2025-04-16,2025-11-16,metered_month_to_month,,churned
SUB-0001892,ACC-002562,SMB,2025-11-02,,metered_month_to_month,,active
SUB-0001893,ACC-002563,SMB,2023-01-20,2023-04-20,metered_month_to_month,,churned
SUB-0001894,ACC-002564,SMB,2025-01-07,,metered_month_to_month,,active
SUB-0001895,ACC-002565,SMB,2025-06-17,,metered_month_to_month,,active
SUB-0001896,ACC-002566,SMB,2021-12-28,,metered_month_to_month,,active
SUB-0001897,ACC-002567,SMB,2024-04-23,,metered_month_to_month,,active
SUB-0001898,ACC-002568,SMB,2025-04-27,,metered_month_to_month,,active
SUB-0001899,ACC-002569,SMB,2023-06-21,2025-08-21,metered_month_to_month,,churned
SUB-0001900,ACC-002570,SMB,2024-08-04,,metered_month_to_month,,active
SUB-0001901,ACC-002571,SMB,2024-01-12,,metered_month_to_month,,active
SUB-0001902,ACC-002572,SMB,2024-08-18,,metered_month_to_month,,active
SUB-0001903,ACC-002573,SMB,2023-05-19,,metered_month_to_month,,active
SUB-0001904,ACC-002574,SMB,2025-10-24,,metered_month_to_month,,active
SUB-0001905,ACC-002575,SMB,2020-08-31,,metered_month_to_month,,active
SUB-0001906,ACC-002576,SMB,2025-06-09,2025-08-09,metered_month_to_month,,churned
SUB-0001907,ACC-002577,SMB,2022-07-04,,metered_month_to_month,,active
SUB-0001908,ACC-002578,SMB,2023-04-02,,metered_month_to_month,,active
SUB-0001909,ACC-002579,SMB,2022-08-16,,metered_month_to_month,,active
SUB-0001910,ACC-002581,SMB,2023-12-17,,metered_month_to_month,,active
SUB-0001911,ACC-002582,SMB,2022-01-18,,metered_month_to_month,,active
SUB-0001912,ACC-002583,SMB,2024-07-08,,metered_month_to_month,,active
SUB-0001913,ACC-002584,SMB,2025-06-17,,metered_month_to_month,,active
SUB-0001914,ACC-002585,SMB,2022-07-14,,metered_month_to_month,,active
SUB-0001915,ACC-002586,SMB,2023-05-15,,metered_month_to_month,,active
SUB-0001916,ACC-002587,SMB,2025-08-28,,metered_month_to_month,,active
SUB-0001917,ACC-002589,SMB,2025-08-19,,metered_month_to_month,,active
SUB-0001918,ACC-002590,SMB,2025-12-26,,metered_month_to_month,,active
SUB-0001919,ACC-002591,SMB,2024-12-25,,metered_month_to_month,,active
SUB-0001920,ACC-002593,SMB,2025-03-14,,metered_month_to_month,,active
SUB-0001921,ACC-002594,SMB,2023-01-10,2023-06-10,metered_month_to_month,,churned
SUB-0001922,ACC-002596,SMB,2025-11-16,,metered_month_to_month,,active
SUB-0001923,ACC-002597,SMB,2025-09-17,,metered_month_to_month,,active
SUB-0001924,ACC-002598,SMB,2022-08-09,2023-03-09,metered_month_to_month,,churned
SUB-0001925,ACC-002599,SMB,2020-05-16,2024-10-16,metered_month_to_month,,churned
SUB-0001926,ACC-002600,SMB,2025-02-04,,metered_month_to_month,,active
SUB-0001927,ACC-002601,SMB,2025-04-02,,metered_month_to_month,,active
SUB-0001928,ACC-002602,SMB,2021-11-24,,metered_month_to_month,,active
SUB-0001929,ACC-002603,SMB,2024-01-20,,metered_month_to_month,,active
SUB-0001930,ACC-002604,SMB,2025-07-20,,metered_month_to_month,,active
SUB-0001931,ACC-002605,SMB,2025-03-16,,metered_month_to_month,,active
SUB-0001932,ACC-002606,SMB,2025-12-24,,metered_month_to_month,,active
SUB-0001933,ACC-002607,SMB,2023-08-16,,metered_month_to_month,,active
SUB-0001934,ACC-002608,SMB,2025-02-22,,metered_month_to_month,,active
SUB-0001935,ACC-002609,SMB,2023-10-06,,metered_month_to_month,,active
SUB-0001936,ACC-002610,SMB,2025-05-27,,metered_month_to_month,,active
SUB-0001937,ACC-002611,SMB,2025-07-07,,metered_month_to_month,,active
SUB-0001938,ACC-002612,SMB,2024-12-18,,metered_month_to_month,,active
SUB-0001939,ACC-002613,SMB,2020-06-22,2023-02-22,metered_month_to_month,,churned
SUB-0001940,ACC-002614,SMB,2025-07-19,,metered_month_to_month,,active
SUB-0001941,ACC-002615,SMB,2024-07-07,,metered_month_to_month,,active
SUB-0001942,ACC-002616,SMB,2023-10-19,,metered_month_to_month,,active
SUB-0001943,ACC-002617,SMB,2025-10-12,,metered_month_to_month,,active
SUB-0001944,ACC-002618,SMB,2025-06-27,,metered_month_to_month,,active
SUB-0001945,ACC-002619,SMB,2025-05-19,,metered_month_to_month,,active
SUB-0001946,ACC-002620,SMB,2024-09-26,,metered_month_to_month,,active
SUB-0001947,ACC-002621,SMB,2025-10-07,,metered_month_to_month,,active
SUB-0001948,ACC-002622,SMB,2024-09-23,,metered_month_to_month,,active
SUB-0001949,ACC-002623,SMB,2025-08-15,,metered_month_to_month,,active
SUB-0001950,ACC-002624,SMB,2024-07-03,2024-10-03,metered_month_to_month,,churned
SUB-0001951,ACC-002625,SMB,2023-07-15,2024-11-15,metered_month_to_month,,churned
SUB-0001952,ACC-002626,SMB,2024-11-15,,metered_month_to_month,,active
SUB-0001953,ACC-002627,SMB,2023-12-20,2025-07-20,metered_month_to_month,,churned
SUB-0001954,ACC-002628,SMB,2024-11-03,2025-07-03,metered_month_to_month,,churned
SUB-0001955,ACC-002629,SMB,2025-06-28,,metered_month_to_month,,active
SUB-0001956,ACC-002630,SMB,2022-09-15,2025-04-15,metered_month_to_month,,churned
SUB-0001957,ACC-002631,SMB,2024-10-22,,metered_month_to_month,,active
SUB-0001958,ACC-002632,SMB,2025-12-24,,metered_month_to_month,,active
SUB-0001959,ACC-002633,SMB,2025-12-08,,metered_month_to_month,,active
SUB-0001960,ACC-002634,SMB,2024-01-23,,metered_month_to_month,,active
SUB-0001961,ACC-002635,SMB,2024-10-13,,metered_month_to_month,,active
SUB-0001962,ACC-002636,SMB,2024-11-17,,metered_month_to_month,,active
SUB-0001963,ACC-002637,SMB,2025-05-11,,metered_month_to_month,,active
SUB-0001964,ACC-002638,SMB,2020-11-15,,metered_month_to_month,,active
SUB-0001965,ACC-002639,SMB,2025-07-13,,metered_month_to_month,,active
SUB-0001966,ACC-002640,SMB,2024-12-11,,metered_month_to_month,,active
SUB-0001967,ACC-002642,SMB,2024-07-14,2024-11-14,metered_month_to_month,,churned
SUB-0001968,ACC-002643,SMB,2024-06-24,,metered_month_to_month,,active
SUB-0001969,ACC-002644,SMB,2023-01-25,2024-06-25,metered_month_to_month,,churned
SUB-0001970,ACC-002645,SMB,2023-03-21,2025-10-21,metered_month_to_month,,churned
SUB-0001971,ACC-002646,SMB,2025-08-18,,metered_month_to_month,,active
SUB-0001972,ACC-002647,SMB,2020-06-26,2022-08-26,metered_month_to_month,,churned
SUB-0001973,ACC-002648,SMB,2025-11-07,,metered_month_to_month,,active
SUB-0001974,ACC-002649,SMB,2020-06-22,,metered_month_to_month,,active
SUB-0001975,ACC-002651,SMB,2025-09-16,,metered_month_to_month,,active
SUB-0001976,ACC-002652,SMB,2020-10-14,2022-09-14,metered_month_to_month,,churned
SUB-0001977,ACC-002653,SMB,2022-04-03,,metered_month_to_month,,active
SUB-0001978,ACC-002654,SMB,2025-08-25,,metered_month_to_month,,active
SUB-0001979,ACC-002655,SMB,2023-03-16,2023-08-16,metered_month_to_month,,churned
SUB-0001980,ACC-002656,SMB,2025-12-01,,metered_month_to_month,,active
SUB-0001981,ACC-002657,SMB,2020-02-15,,metered_month_to_month,,active
SUB-0001982,ACC-002658,SMB,2023-11-22,,metered_month_to_month,,active
SUB-0001983,ACC-002659,SMB,2025-10-22,,metered_month_to_month,,active
SUB-0001984,ACC-002660,SMB,2024-12-25,,metered_month_to_month,,active
SUB-0001985,ACC-002661,SMB,2025-10-11,,metered_month_to_month,,active
SUB-0001986,ACC-002662,SMB,2025-01-21,,metered_month_to_month,,active
SUB-0001987,ACC-002663,SMB,2025-01-13,,metered_month_to_month,,active
SUB-0001988,ACC-002664,SMB,2024-02-24,,metered_month_to_month,,active
SUB-0001989,ACC-002666,SMB,2024-10-12,,metered_month_to_month,,active
SUB-0001990,ACC-002667,SMB,2025-04-23,,metered_month_to_month,,active
SUB-0001991,ACC-002668,SMB,2024-10-12,,metered_month_to_month,,active
SUB-0001992,ACC-002669,SMB,2023-01-27,,metered_month_to_month,,active
SUB-0001993,ACC-002670,SMB,2025-04-07,,metered_month_to_month,,active
SUB-0001994,ACC-002671,SMB,2025-07-08,,metered_month_to_month,,active
SUB-0001995,ACC-002672,SMB,2024-05-18,,metered_month_to_month,,active
SUB-0001996,ACC-002673,SMB,2025-02-09,,metered_month_to_month,,active
SUB-0001997,ACC-002674,SMB,2020-07-08,2024-09-08,metered_month_to_month,,churned
SUB-0001998,ACC-002675,SMB,2023-12-14,2025-01-14,metered_month_to_month,,churned
SUB-0001999,ACC-002677,SMB,2025-12-02,,metered_month_to_month,,active
SUB-0002000,ACC-002678,SMB,2025-07-14,,metered_month_to_month,,active
SUB-0002001,ACC-002679,SMB,2024-11-06,,metered_month_to_month,,active
SUB-0002002,ACC-002680,SMB,2022-06-14,2023-06-14,metered_month_to_month,,churned
SUB-0002003,ACC-002681,SMB,2025-01-28,,metered_month_to_month,,active
SUB-0002004,ACC-002682,SMB,2024-04-15,,metered_month_to_month,,active
SUB-0002005,ACC-002683,SMB,2024-12-27,,metered_month_to_month,,active
SUB-0002006,ACC-002684,SMB,2025-03-09,2025-05-09,metered_month_to_month,,churned
SUB-0002007,ACC-002685,SMB,2022-02-12,,metered_month_to_month,,active
SUB-0002008,ACC-002686,SMB,2024-10-11,,metered_month_to_month,,active
SUB-0002009,ACC-002687,SMB,2020-06-03,2022-05-03,metered_month_to_month,,churned
SUB-0002010,ACC-002688,SMB,2023-03-22,2025-09-22,metered_month_to_month,,churned
SUB-0002011,ACC-002689,SMB,2025-10-14,,metered_month_to_month,,active
SUB-0002012,ACC-002690,SMB,2021-04-15,,metered_month_to_month,,active
SUB-0002013,ACC-002691,SMB,2025-04-14,,metered_month_to_month,,active
SUB-0002014,ACC-002693,SMB,2025-09-27,,metered_month_to_month,,active
SUB-0002015,ACC-002694,SMB,2022-07-25,,metered_month_to_month,,active
SUB-0002016,ACC-002695,SMB,2020-10-07,,metered_month_to_month,,active
SUB-0002017,ACC-002696,SMB,2024-09-17,,metered_month_to_month,,active
SUB-0002018,ACC-002697,SMB,2020-03-24,2024-03-24,metered_month_to_month,,churned
SUB-0002019,ACC-002698,SMB,2023-05-04,2024-12-04,metered_month_to_month,,churned
SUB-0002020,ACC-002699,SMB,2024-07-06,,metered_month_to_month,,active
SUB-0002021,ACC-002700,SMB,2025-12-10,,metered_month_to_month,,active
SUB-0002022,ACC-002701,SMB,2023-02-05,2023-07-05,metered_month_to_month,,churned
SUB-0002023,ACC-002702,SMB,2022-09-17,2024-01-17,metered_month_to_month,,churned
SUB-0002024,ACC-002703,SMB,2024-07-06,,metered_month_to_month,,active
SUB-0002025,ACC-002704,SMB,2025-09-26,,metered_month_to_month,,active
SUB-0002026,ACC-002705,SMB,2025-09-19,2025-11-19,metered_month_to_month,,churned
SUB-0002027,ACC-002707,SMB,2024-06-11,,metered_month_to_month,,active
SUB-0002028,ACC-002708,SMB,2023-02-11,2024-09-11,metered_month_to_month,,churned
SUB-0002029,ACC-002709,SMB,2025-09-09,,metered_month_to_month,,active
SUB-0002030,ACC-002710,SMB,2025-10-04,,metered_month_to_month,,active
SUB-0002031,ACC-002711,SMB,2023-04-11,,metered_month_to_month,,active
SUB-0002032,ACC-002712,SMB,2022-08-20,2022-12-20,metered_month_to_month,,churned
SUB-0002033,ACC-002713,SMB,2025-04-04,,metered_month_to_month,,active
SUB-0002034,ACC-002714,SMB,2023-11-08,2025-04-08,metered_month_to_month,,churned
SUB-0002035,ACC-002715,SMB,2024-09-17,,metered_month_to_month,,active
SUB-0002036,ACC-002716,SMB,2021-09-14,2023-12-14,metered_month_to_month,,churned
SUB-0002037,ACC-002719,SMB,2025-04-24,,metered_month_to_month,,active
SUB-0002038,ACC-002720,SMB,2024-09-11,,metered_month_to_month,,active
SUB-0002039,ACC-002721,SMB,2025-01-06,,metered_month_to_month,,active
SUB-0002040,ACC-002722,SMB,2024-03-27,,metered_month_to_month,,active
SUB-0002041,ACC-002723,SMB,2024-01-18,2025-06-18,metered_month_to_month,,churned
SUB-0002042,ACC-002725,SMB,2023-12-14,,metered_month_to_month,,active
SUB-0002043,ACC-002726,SMB,2021-06-24,,metered_month_to_month,,active
SUB-0002044,ACC-002727,SMB,2023-06-01,,metered_month_to_month,,active
SUB-0002045,ACC-002728,SMB,2023-12-04,,metered_month_to_month,,active
SUB-0002046,ACC-002729,SMB,2025-12-20,,metered_month_to_month,,active
SUB-0002047,ACC-002730,SMB,2023-10-25,,metered_month_to_month,,active
SUB-0002048,ACC-002731,SMB,2024-07-04,2025-02-04,metered_month_to_month,,churned
SUB-0002049,ACC-002732,SMB,2025-07-15,,metered_month_to_month,,active
SUB-0002050,ACC-002733,SMB,2024-12-25,,metered_month_to_month,,active
SUB-0002051,ACC-002734,SMB,2022-05-17,2023-02-17,metered_month_to_month,,churned
SUB-0002052,ACC-002735,SMB,2023-05-14,2025-04-14,metered_month_to_month,,churned
SUB-0002053,ACC-002736,SMB,2025-05-06,,metered_month_to_month,,active
SUB-0002054,ACC-002738,SMB,2021-03-06,2022-04-06,metered_month_to_month,,churned
SUB-0002055,ACC-002739,SMB,2025-05-23,,metered_month_to_month,,active
SUB-0002056,ACC-002740,SMB,2023-10-05,2023-12-05,metered_month_to_month,,churned
SUB-0002057,ACC-002741,SMB,2023-10-28,,metered_month_to_month,,active
SUB-0002058,ACC-002742,SMB,2020-06-04,2025-06-04,metered_month_to_month,,churned
SUB-0002059,ACC-002743,SMB,2023-09-06,,metered_month_to_month,,active
SUB-0002060,ACC-002744,SMB,2024-02-23,2024-04-23,metered_month_to_month,,churned
SUB-0002061,ACC-002745,SMB,2024-02-04,,metered_month_to_month,,active
SUB-0002062,ACC-002746,SMB,2023-09-02,,metered_month_to_month,,active
SUB-0002063,ACC-002747,SMB,2021-12-24,,metered_month_to_month,,active
SUB-0002064,ACC-002748,SMB,2025-09-05,,metered_month_to_month,,active
SUB-0002065,ACC-002749,SMB,2024-12-06,2025-07-06,metered_month_to_month,,churned
SUB-0002066,ACC-002750,SMB,2023-12-02,,metered_month_to_month,,active
SUB-0002067,ACC-002751,SMB,2025-12-17,,metered_month_to_month,,active
SUB-0002068,ACC-002752,SMB,2025-08-10,,metered_month_to_month,,active
SUB-0002069,ACC-002753,SMB,2024-03-07,,metered_month_to_month,,active
SUB-0002070,ACC-002755,SMB,2021-08-11,,metered_month_to_month,,active
SUB-0002071,ACC-002756,SMB,2025-02-21,2025-05-21,metered_month_to_month,,churned
SUB-0002072,ACC-002757,SMB,2025-01-06,,metered_month_to_month,,active
SUB-0002073,ACC-002758,SMB,2024-12-20,,metered_month_to_month,,active
SUB-0002074,ACC-002759,SMB,2024-09-01,2025-11-01,metered_month_to_month,,churned
SUB-0002075,ACC-002760,SMB,2024-09-06,,metered_month_to_month,,active
SUB-0002076,ACC-002762,SMB,2022-03-06,2022-08-06,metered_month_to_month,,churned
SUB-0002077,ACC-002763,SMB,2024-11-08,,metered_month_to_month,,active
SUB-0002078,ACC-002764,SMB,2024-02-15,,metered_month_to_month,,active
SUB-0002079,ACC-002765,SMB,2025-07-04,,metered_month_to_month,,active
SUB-0002080,ACC-002766,SMB,2025-10-27,,metered_month_to_month,,active
SUB-0002081,ACC-002767,SMB,2024-04-09,2024-08-09,metered_month_to_month,,churned
SUB-0002082,ACC-002768,SMB,2021-04-22,,metered_month_to_month,,active
SUB-0002083,ACC-002769,SMB,2020-09-28,2025-02-28,metered_month_to_month,,churned
SUB-0002084,ACC-002770,SMB,2020-08-26,2021-12-26,metered_month_to_month,,churned
SUB-0002085,ACC-002771,SMB,2023-08-15,,metered_month_to_month,,active
SUB-0002086,ACC-002772,SMB,2023-12-25,,metered_month_to_month,,active
SUB-0002087,ACC-002773,SMB,2022-09-25,,metered_month_to_month,,active
SUB-0002088,ACC-002774,SMB,2025-12-19,,metered_month_to_month,,active
SUB-0002089,ACC-002775,SMB,2025-05-11,,metered_month_to_month,,active
SUB-0002090,ACC-002777,SMB,2021-11-25,2022-10-25,metered_month_to_month,,churned
SUB-0002091,ACC-002778,SMB,2024-04-24,,metered_month_to_month,,active
SUB-0002092,ACC-002779,SMB,2020-03-29,,metered_month_to_month,,active
SUB-0002093,ACC-002780,SMB,2025-03-08,2025-05-08,metered_month_to_month,,churned
SUB-0002094,ACC-002781,SMB,2024-09-24,,metered_month_to_month,,active
SUB-0002095,ACC-002782,SMB,2022-10-21,,metered_month_to_month,,active
SUB-0002096,ACC-002783,SMB,2025-05-16,,metered_month_to_month,,active
SUB-0002097,ACC-002784,SMB,2025-10-06,,metered_month_to_month,,active
SUB-0002098,ACC-002786,SMB,2024-10-06,,metered_month_to_month,,active
SUB-0002099,ACC-002787,SMB,2023-11-06,2024-12-06,metered_month_to_month,,churned
SUB-0002100,ACC-002788,SMB,2021-03-01,2021-08-01,metered_month_to_month,,churned
SUB-0002101,ACC-002789,SMB,2023-11-20,2024-07-20,metered_month_to_month,,churned
SUB-0002102,ACC-002790,SMB,2023-05-11,,metered_month_to_month,,active
SUB-0002103,ACC-002792,SMB,2024-03-01,,metered_month_to_month,,active
SUB-0002104,ACC-002793,SMB,2023-02-16,2024-05-16,metered_month_to_month,,churned
SUB-0002105,ACC-002794,SMB,2023-09-18,2025-01-18,metered_month_to_month,,churned
SUB-0002106,ACC-002795,SMB,2024-05-11,,metered_month_to_month,,active
SUB-0002107,ACC-002796,SMB,2025-11-16,,metered_month_to_month,,active
SUB-0002108,ACC-002797,SMB,2020-08-29,2023-03-28,metered_month_to_month,,churned
SUB-0002109,ACC-002798,SMB,2025-02-05,,metered_month_to_month,,active
SUB-0002110,ACC-002799,SMB,2024-01-26,,metered_month_to_month,,active
SUB-0002111,ACC-002800,SMB,2025-07-16,2025-09-16,metered_month_to_month,,churned
SUB-0002112,ACC-002801,SMB,2023-01-14,,metered_month_to_month,,active
SUB-0002113,ACC-002802,SMB,2025-09-04,,metered_month_to_month,,active
SUB-0002114,ACC-002803,SMB,2025-05-09,,metered_month_to_month,,active
SUB-0002115,ACC-002804,SMB,2025-10-03,,metered_month_to_month,,active
SUB-0002116,ACC-002805,SMB,2024-01-09,2025-08-09,metered_month_to_month,,churned
SUB-0002117,ACC-002806,SMB,2022-12-31,,metered_month_to_month,,active
SUB-0002118,ACC-002807,SMB,2024-12-27,,metered_month_to_month,,active
SUB-0002119,ACC-002808,SMB,2025-04-09,,metered_month_to_month,,active
SUB-0002120,ACC-002809,SMB,2025-03-24,2025-05-24,metered_month_to_month,,churned
SUB-0002121,ACC-002810,SMB,2025-12-03,,metered_month_to_month,,active
SUB-0002122,ACC-002811,SMB,2022-12-03,2023-04-03,metered_month_to_month,,churned
SUB-0002123,ACC-002812,SMB,2025-11-01,,metered_month_to_month,,active
SUB-0002124,ACC-002813,SMB,2024-12-10,2025-02-10,metered_month_to_month,,churned
SUB-0002125,ACC-002814,SMB,2023-09-18,,metered_month_to_month,,active
SUB-0002126,ACC-002817,SMB,2023-10-02,,metered_month_to_month,,active
SUB-0002127,ACC-002818,SMB,2025-11-24,,metered_month_to_month,,active
SUB-0002128,ACC-002819,SMB,2024-09-20,,metered_month_to_month,,active
SUB-0002129,ACC-002820,SMB,2021-06-03,,metered_month_to_month,,active
SUB-0002130,ACC-002821,SMB,2024-06-17,,metered_month_to_month,,active
SUB-0002131,ACC-002822,SMB,2023-06-19,,metered_month_to_month,,active
SUB-0002132,ACC-002823,SMB,2020-12-21,2021-09-21,metered_month_to_month,,churned
SUB-0002133,ACC-002824,SMB,2025-12-08,,metered_month_to_month,,active
SUB-0002134,ACC-002825,SMB,2025-10-28,,metered_month_to_month,,active
SUB-0002135,ACC-002827,SMB,2024-07-28,,metered_month_to_month,,active
SUB-0002136,ACC-002828,SMB,2024-10-11,,metered_month_to_month,,active
SUB-0002137,ACC-002830,SMB,2024-06-17,2024-08-17,metered_month_to_month,,churned
SUB-0002138,ACC-002831,SMB,2025-09-08,,metered_month_to_month,,active
SUB-0002139,ACC-002832,SMB,2023-01-28,,metered_month_to_month,,active
SUB-0002140,ACC-002834,SMB,2024-04-03,2024-09-03,metered_month_to_month,,churned
SUB-0002141,ACC-002835,SMB,2024-05-10,,metered_month_to_month,,active
SUB-0002142,ACC-002836,SMB,2025-05-19,,metered_month_to_month,,active
SUB-0002143,ACC-002837,SMB,2025-09-16,,metered_month_to_month,,active
SUB-0002144,ACC-002838,SMB,2023-11-01,2025-05-01,metered_month_to_month,,churned
SUB-0002145,ACC-002839,SMB,2020-04-27,2021-07-27,metered_month_to_month,,churned
SUB-0002146,ACC-002840,SMB,2024-10-08,,metered_month_to_month,,active
SUB-0002147,ACC-002841,SMB,2024-09-02,,metered_month_to_month,,active
SUB-0002148,ACC-002843,SMB,2025-06-01,,metered_month_to_month,,active
SUB-0002149,ACC-002844,SMB,2023-12-25,,metered_month_to_month,,active
SUB-0002150,ACC-002845,SMB,2023-09-19,,metered_month_to_month,,active
SUB-0002151,ACC-002846,SMB,2023-07-13,2025-02-13,metered_month_to_month,,churned
SUB-0002152,ACC-002847,SMB,2024-04-28,2025-09-28,metered_month_to_month,,churned
SUB-0002153,ACC-002848,SMB,2024-10-20,2025-03-20,metered_month_to_month,,churned
SUB-0002154,ACC-002849,SMB,2025-04-23,,metered_month_to_month,,active
SUB-0002155,ACC-002850,SMB,2024-05-17,,metered_month_to_month,,active
SUB-0002156,ACC-002851,SMB,2024-05-12,,metered_month_to_month,,active
SUB-0002157,ACC-002852,SMB,2021-08-23,2024-02-23,metered_month_to_month,,churned
SUB-0002158,ACC-002853,SMB,2025-02-05,,metered_month_to_month,,active
SUB-0002159,ACC-002855,SMB,2024-11-25,,metered_month_to_month,,active
SUB-0002160,ACC-002856,SMB,2020-03-04,2020-08-04,metered_month_to_month,,churned
SUB-0002161,ACC-002857,SMB,2025-05-06,,metered_month_to_month,,active
SUB-0002162,ACC-002858,SMB,2023-11-10,,metered_month_to_month,,active
SUB-0002163,ACC-002859,SMB,2025-10-23,,metered_month_to_month,,active
SUB-0002164,ACC-002860,SMB,2025-11-06,,metered_month_to_month,,active
SUB-0002165,ACC-002861,SMB,2025-10-25,,metered_month_to_month,,active
SUB-0002166,ACC-002863,SMB,2025-09-05,,metered_month_to_month,,active
SUB-0002167,ACC-002864,SMB,2025-12-28,,metered_month_to_month,,active
SUB-0002168,ACC-002865,SMB,2020-04-30,2020-12-30,metered_month_to_month,,churned
SUB-0002169,ACC-002866,SMB,2025-08-24,,metered_month_to_month,,active
SUB-0002170,ACC-002867,SMB,2025-06-23,2025-08-23,metered_month_to_month,,churned
SUB-0002171,ACC-002869,SMB,2023-12-06,,metered_month_to_month,,active
SUB-0002172,ACC-002870,SMB,2025-11-20,,metered_month_to_month,,active
SUB-0002173,ACC-002871,SMB,2025-05-06,,metered_month_to_month,,active
SUB-0002174,ACC-002872,SMB,2021-04-26,2024-11-26,metered_month_to_month,,churned
SUB-0002175,ACC-002873,SMB,2025-06-11,,metered_month_to_month,,active
SUB-0002176,ACC-002875,SMB,2025-06-15,,metered_month_to_month,,active
SUB-0002177,ACC-002876,SMB,2023-08-15,2024-05-15,metered_month_to_month,,churned
SUB-0002178,ACC-002877,SMB,2025-10-04,,metered_month_to_month,,active
SUB-0002179,ACC-002878,SMB,2024-05-09,,metered_month_to_month,,active
SUB-0002180,ACC-002879,SMB,2025-07-09,,metered_month_to_month,,active
SUB-0002181,ACC-002880,SMB,2025-07-25,,metered_month_to_month,,active
SUB-0002182,ACC-002881,SMB,2025-04-17,,metered_month_to_month,,active
SUB-0002183,ACC-002882,SMB,2025-12-10,,metered_month_to_month,,active
SUB-0002184,ACC-002883,SMB,2025-10-22,,metered_month_to_month,,active
SUB-0002185,ACC-002884,SMB,2025-01-09,,metered_month_to_month,,active
SUB-0002186,ACC-002885,SMB,2024-10-06,,metered_month_to_month,,active
SUB-0002187,ACC-002886,SMB,2025-11-19,,metered_month_to_month,,active
SUB-0002188,ACC-002887,SMB,2023-08-04,2023-11-04,metered_month_to_month,,churned
SUB-0002189,ACC-002888,SMB,2024-05-12,2024-10-12,metered_month_to_month,,churned
SUB-0002190,ACC-002889,SMB,2022-12-10,,metered_month_to_month,,active
SUB-0002191,ACC-002890,SMB,2021-11-02,2022-11-02,metered_month_to_month,,churned
SUB-0002192,ACC-002891,SMB,2023-04-28,,metered_month_to_month,,active
SUB-0002193,ACC-002893,SMB,2024-03-01,2025-02-01,metered_month_to_month,,churned
SUB-0002194,ACC-002894,SMB,2025-10-14,,metered_month_to_month,,active
SUB-0002195,ACC-002895,SMB,2025-11-14,,metered_month_to_month,,active
SUB-0002196,ACC-002896,SMB,2023-02-10,2023-09-10,metered_month_to_month,,churned
SUB-0002197,ACC-002897,SMB,2025-07-06,,metered_month_to_month,,active
SUB-0002198,ACC-002898,SMB,2025-12-08,,metered_month_to_month,,active
SUB-0002199,ACC-002899,SMB,2025-10-20,,metered_month_to_month,,active
SUB-0002200,ACC-002900,SMB,2020-07-06,,metered_month_to_month,,active
SUB-0002201,ACC-002901,SMB,2020-12-18,2022-12-18,metered_month_to_month,,churned
SUB-0002202,ACC-002902,SMB,2021-02-16,2023-11-16,metered_month_to_month,,churned
SUB-0002203,ACC-002903,SMB,2024-10-07,,metered_month_to_month,,active
SUB-0002204,ACC-002904,SMB,2025-01-08,,metered_month_to_month,,active
SUB-0002205,ACC-002906,SMB,2024-11-26,2025-05-26,metered_month_to_month,,churned
SUB-0002206,ACC-002907,SMB,2023-11-20,2024-03-20,metered_month_to_month,,churned
SUB-0002207,ACC-002908,SMB,2023-03-04,,metered_month_to_month,,active
SUB-0002208,ACC-002909,SMB,2020-01-24,2020-06-24,metered_month_to_month,,churned
SUB-0002209,ACC-002910,SMB,2023-04-15,,metered_month_to_month,,active
SUB-0002210,ACC-002911,SMB,2021-08-16,2023-12-16,metered_month_to_month,,churned
SUB-0002211,ACC-002912,SMB,2024-11-09,2025-05-09,metered_month_to_month,,churned
SUB-0002212,ACC-002914,SMB,2025-09-26,,metered_month_to_month,,active
SUB-0002213,ACC-002915,SMB,2023-10-25,,metered_month_to_month,,active
SUB-0002214,ACC-002916,SMB,2025-06-01,,metered_month_to_month,,active
SUB-0002215,ACC-002917,SMB,2024-08-21,,metered_month_to_month,,active
SUB-0002216,ACC-002918,SMB,2025-10-15,,metered_month_to_month,,active
SUB-0002217,ACC-002919,SMB,2025-03-23,,metered_month_to_month,,active
SUB-0002218,ACC-002920,SMB,2024-05-11,2025-08-11,metered_month_to_month,,churned
SUB-0002219,ACC-002923,SMB,2025-07-11,2025-11-11,metered_month_to_month,,churned
SUB-0002220,ACC-002924,SMB,2024-12-11,,metered_month_to_month,,active
SUB-0002221,ACC-002925,SMB,2025-08-02,,metered_month_to_month,,active
SUB-0002222,ACC-002927,SMB,2024-06-07,,metered_month_to_month,,active
SUB-0002223,ACC-002929,SMB,2025-02-26,,metered_month_to_month,,active
SUB-0002224,ACC-002931,SMB,2020-02-24,2025-03-24,metered_month_to_month,,churned
SUB-0002225,ACC-002932,SMB,2025-08-22,,metered_month_to_month,,active
SUB-0002226,ACC-002933,SMB,2025-10-12,,metered_month_to_month,,active
SUB-0002227,ACC-002934,SMB,2024-02-26,,metered_month_to_month,,active
SUB-0002228,ACC-002935,SMB,2022-10-14,,metered_month_to_month,,active
SUB-0002229,ACC-002936,SMB,2025-08-04,,metered_month_to_month,,active
SUB-0002230,ACC-002937,SMB,2021-12-25,,metered_month_to_month,,active
SUB-0002231,ACC-002938,SMB,2020-01-25,,metered_month_to_month,,active
SUB-0002232,ACC-002940,SMB,2024-10-09,,metered_month_to_month,,active
SUB-0002233,ACC-002941,SMB,2022-02-18,2025-02-18,metered_month_to_month,,churned
SUB-0002234,ACC-002942,SMB,2025-08-23,,metered_month_to_month,,active
SUB-0002235,ACC-002943,SMB,2024-06-22,,metered_month_to_month,,active
SUB-0002236,ACC-002945,SMB,2023-09-02,,metered_month_to_month,,active
SUB-0002237,ACC-002946,SMB,2024-01-05,,metered_month_to_month,,active
SUB-0002238,ACC-002949,SMB,2024-10-22,,metered_month_to_month,,active
SUB-0002239,ACC-002950,SMB,2025-11-24,,metered_month_to_month,,active
SUB-0002240,ACC-002951,SMB,2025-09-05,,metered_month_to_month,,active
SUB-0002241,ACC-002952,SMB,2024-01-20,2025-01-20,metered_month_to_month,,churned
SUB-0002242,ACC-002953,SMB,2023-04-04,,metered_month_to_month,,active
SUB-0002243,ACC-002954,SMB,2020-02-08,2022-09-08,metered_month_to_month,,churned
SUB-0002244,ACC-002955,SMB,2024-02-11,,metered_month_to_month,,active
SUB-0002245,ACC-002956,SMB,2025-01-12,,metered_month_to_month,,active
SUB-0002246,ACC-002957,SMB,2025-01-15,2025-03-15,metered_month_to_month,,churned
SUB-0002247,ACC-002958,SMB,2024-06-01,,metered_month_to_month,,active
SUB-0002248,ACC-002959,SMB,2025-03-18,,metered_month_to_month,,active
SUB-0002249,ACC-002962,SMB,2024-05-16,,metered_month_to_month,,active
SUB-0002250,ACC-002965,SMB,2024-03-18,,metered_month_to_month,,active
SUB-0002251,ACC-002967,SMB,2024-01-12,2024-05-12,metered_month_to_month,,churned
SUB-0002252,ACC-002969,SMB,2025-12-04,,metered_month_to_month,,active
SUB-0002253,ACC-002971,SMB,2023-10-11,,metered_month_to_month,,active
SUB-0002254,ACC-002972,SMB,2024-04-10,2024-11-10,metered_month_to_month,,churned
SUB-0002255,ACC-002973,SMB,2021-03-27,2024-03-27,metered_month_to_month,,churned
SUB-0002256,ACC-002974,SMB,2025-02-21,,metered_month_to_month,,active
SUB-0002257,ACC-002975,SMB,2022-06-24,2023-12-24,metered_month_to_month,,churned
SUB-0002258,ACC-002976,SMB,2025-06-17,,metered_month_to_month,,active
SUB-0002259,ACC-002977,SMB,2025-05-13,,metered_month_to_month,,active
SUB-0002260,ACC-002978,SMB,2024-12-06,,metered_month_to_month,,active
SUB-0002261,ACC-002979,SMB,2021-02-07,,metered_month_to_month,,active
SUB-0002262,ACC-002980,SMB,2023-06-23,,metered_month_to_month,,active
SUB-0002263,ACC-002981,SMB,2023-09-25,2024-10-25,metered_month_to_month,,churned
SUB-0002264,ACC-002982,SMB,2025-10-03,,metered_month_to_month,,active
SUB-0002265,ACC-002983,SMB,2024-07-19,,metered_month_to_month,,active
SUB-0002266,ACC-002984,SMB,2025-06-24,,metered_month_to_month,,active
SUB-0002267,ACC-002985,SMB,2023-08-26,,metered_month_to_month,,active
SUB-0002268,ACC-002986,SMB,2025-02-01,2025-04-01,metered_month_to_month,,churned
SUB-0002269,ACC-002987,SMB,2022-09-23,,metered_month_to_month,,active
SUB-0002270,ACC-002988,SMB,2022-05-07,,metered_month_to_month,,active
SUB-0002271,ACC-002989,SMB,2024-09-20,,metered_month_to_month,,active
SUB-0002272,ACC-002991,SMB,2023-11-13,,metered_month_to_month,,active
SUB-0002273,ACC-002992,SMB,2022-04-07,2022-12-07,metered_month_to_month,,churned
SUB-0002274,ACC-002993,SMB,2024-11-25,,metered_month_to_month,,active
SUB-0002275,ACC-002994,SMB,2025-12-28,,metered_month_to_month,,active
SUB-0002276,ACC-002995,SMB,2024-02-08,,metered_month_to_month,,active
SUB-0002277,ACC-002996,SMB,2025-03-04,2025-11-04,metered_month_to_month,,churned
SUB-0002278,ACC-002997,SMB,2025-04-09,,metered_month_to_month,,active
SUB-0002279,ACC-002998,SMB,2025-06-22,,metered_month_to_month,,active
SUB-0002280,ACC-002999,SMB,2024-07-02,,metered_month_to_month,,active
SUB-0002281,ACC-003001,SMB,2025-07-08,,metered_month_to_month,,active
SUB-0002282,ACC-003002,SMB,2025-08-14,,metered_month_to_month,,active
SUB-0002283,ACC-003003,SMB,2024-02-03,,metered_month_to_month,,active
SUB-0002284,ACC-003004,SMB,2025-10-04,,metered_month_to_month,,active
SUB-0002285,ACC-003005,SMB,2023-02-01,2024-11-01,metered_month_to_month,,churned
SUB-0002286,ACC-003006,SMB,2025-10-17,,metered_month_to_month,,active
SUB-0002287,ACC-003007,SMB,2025-07-04,,metered_month_to_month,,active
SUB-0002288,ACC-003008,SMB,2025-12-03,,metered_month_to_month,,active
SUB-0002289,ACC-003009,SMB,2020-06-02,2025-08-02,metered_month_to_month,,churned
SUB-0002290,ACC-003010,SMB,2024-11-21,,metered_month_to_month,,active
SUB-0002291,ACC-003011,SMB,2025-09-14,,metered_month_to_month,,active
SUB-0002292,ACC-003012,SMB,2025-07-16,,metered_month_to_month,,active
SUB-0002293,ACC-003013,SMB,2025-05-24,,metered_month_to_month,,active
SUB-0002294,ACC-003014,SMB,2024-02-01,2025-11-01,metered_month_to_month,,churned
SUB-0002295,ACC-003015,SMB,2025-01-07,,metered_month_to_month,,active
SUB-0002296,ACC-003016,SMB,2025-04-28,,metered_month_to_month,,active
SUB-0002297,ACC-003019,SMB,2022-07-31,,metered_month_to_month,,active
SUB-0002298,ACC-003021,SMB,2023-01-16,,metered_month_to_month,,active
SUB-0002299,ACC-003023,SMB,2025-05-28,,metered_month_to_month,,active
SUB-0002300,ACC-003024,SMB,2024-12-24,,metered_month_to_month,,active
SUB-0002301,ACC-003025,SMB,2024-11-27,,metered_month_to_month,,active
SUB-0002302,ACC-003027,SMB,2025-09-07,,metered_month_to_month,,active
SUB-0002303,ACC-003028,SMB,2025-08-09,,metered_month_to_month,,active
SUB-0002304,ACC-003029,SMB,2025-03-20,,metered_month_to_month,,active
SUB-0002305,ACC-003030,SMB,2025-01-09,,metered_month_to_month,,active
SUB-0002306,ACC-003031,SMB,2024-11-07,,metered_month_to_month,,active
SUB-0002307,ACC-003032,SMB,2020-08-02,,metered_month_to_month,,active
SUB-0002308,ACC-003033,SMB,2024-06-19,,metered_month_to_month,,active
SUB-0002309,ACC-003034,SMB,2021-09-30,,metered_month_to_month,,active
SUB-0002310,ACC-003035,SMB,2024-06-10,2025-04-10,metered_month_to_month,,churned
SUB-0002311,ACC-003036,SMB,2024-10-25,2025-11-25,metered_month_to_month,,churned
SUB-0002312,ACC-003037,SMB,2024-08-01,,metered_month_to_month,,active
SUB-0002313,ACC-003038,SMB,2022-04-21,2023-06-21,metered_month_to_month,,churned
SUB-0002314,ACC-003039,SMB,2022-07-19,2024-05-19,metered_month_to_month,,churned
SUB-0002315,ACC-003042,SMB,2023-08-27,,metered_month_to_month,,active
SUB-0002316,ACC-003043,SMB,2024-10-28,,metered_month_to_month,,active
SUB-0002317,ACC-003044,SMB,2024-10-16,,metered_month_to_month,,active
SUB-0002318,ACC-003045,SMB,2024-12-12,,metered_month_to_month,,active
SUB-0002319,ACC-003046,SMB,2023-08-01,,metered_month_to_month,,active
SUB-0002320,ACC-003047,SMB,2025-03-13,,metered_month_to_month,,active
SUB-0002321,ACC-003048,SMB,2024-09-17,,metered_month_to_month,,active
SUB-0002322,ACC-003049,SMB,2023-12-11,,metered_month_to_month,,active
SUB-0002323,ACC-003050,SMB,2023-03-04,,metered_month_to_month,,active
SUB-0002324,ACC-003052,SMB,2024-11-06,,metered_month_to_month,,active
SUB-0002325,ACC-003053,SMB,2024-07-15,,metered_month_to_month,,active
SUB-0002326,ACC-003054,SMB,2025-02-12,,metered_month_to_month,,active
SUB-0002327,ACC-003055,SMB,2022-08-25,,metered_month_to_month,,active
SUB-0002328,ACC-003056,SMB,2025-09-10,,metered_month_to_month,,active
SUB-0002329,ACC-003057,SMB,2025-04-25,,metered_month_to_month,,active
SUB-0002330,ACC-003058,SMB,2023-03-23,,metered_month_to_month,,active
SUB-0002331,ACC-003059,SMB,2025-10-13,,metered_month_to_month,,active
SUB-0002332,ACC-003060,SMB,2024-07-14,,metered_month_to_month,,active
SUB-0002333,ACC-003061,SMB,2020-06-21,2022-10-21,metered_month_to_month,,churned
SUB-0002334,ACC-003062,SMB,2024-11-17,,metered_month_to_month,,active
SUB-0002335,ACC-003063,SMB,2023-11-04,2024-10-04,metered_month_to_month,,churned
SUB-0002336,ACC-003064,SMB,2025-09-21,,metered_month_to_month,,active
SUB-0002337,ACC-003065,SMB,2022-10-14,,metered_month_to_month,,active
SUB-0002338,ACC-003066,SMB,2020-09-19,,metered_month_to_month,,active
SUB-0002339,ACC-003067,SMB,2022-08-31,,metered_month_to_month,,active
SUB-0002340,ACC-003068,SMB,2024-01-28,,metered_month_to_month,,active
SUB-0002341,ACC-003069,SMB,2023-10-17,2023-12-17,metered_month_to_month,,churned
SUB-0002342,ACC-003070,SMB,2024-12-06,,metered_month_to_month,,active
SUB-0002343,ACC-003071,SMB,2023-10-22,2024-10-22,metered_month_to_month,,churned
SUB-0002344,ACC-003072,SMB,2024-04-12,,metered_month_to_month,,active
SUB-0002345,ACC-003073,SMB,2023-08-11,2024-05-11,metered_month_to_month,,churned
SUB-0002346,ACC-003074,SMB,2025-10-17,,metered_month_to_month,,active
SUB-0002347,ACC-003075,SMB,2024-10-12,,metered_month_to_month,,active
SUB-0002348,ACC-003076,SMB,2025-06-16,,metered_month_to_month,,active
SUB-0002349,ACC-003077,SMB,2024-11-18,,metered_month_to_month,,active
SUB-0002350,ACC-003079,SMB,2025-10-17,,metered_month_to_month,,active
SUB-0002351,ACC-003080,SMB,2022-11-30,,metered_month_to_month,,active
SUB-0002352,ACC-003081,SMB,2024-02-24,2024-06-24,metered_month_to_month,,churned
SUB-0002353,ACC-003082,SMB,2023-05-10,2023-09-10,metered_month_to_month,,churned
SUB-0002354,ACC-003083,SMB,2025-12-27,,metered_month_to_month,,active
SUB-0002355,ACC-003084,SMB,2025-02-04,,metered_month_to_month,,active
SUB-0002356,ACC-003085,SMB,2025-06-22,,metered_month_to_month,,active
SUB-0002357,ACC-003086,SMB,2023-09-03,,metered_month_to_month,,active
SUB-0002358,ACC-003087,SMB,2024-11-03,,metered_month_to_month,,active
SUB-0002359,ACC-003088,SMB,2022-03-21,,metered_month_to_month,,active
SUB-0002360,ACC-003089,SMB,2024-10-07,,metered_month_to_month,,active
SUB-0002361,ACC-003090,SMB,2020-03-03,,metered_month_to_month,,active
SUB-0002362,ACC-003091,SMB,2025-11-09,,metered_month_to_month,,active
SUB-0002363,ACC-003092,SMB,2023-01-25,2025-05-25,metered_month_to_month,,churned
SUB-0002364,ACC-003093,SMB,2024-05-06,,metered_month_to_month,,active
SUB-0002365,ACC-003095,SMB,2021-02-10,2025-05-10,metered_month_to_month,,churned
SUB-0002366,ACC-003096,SMB,2023-11-20,,metered_month_to_month,,active
SUB-0002367,ACC-003097,SMB,2021-06-28,2021-10-28,metered_month_to_month,,churned
SUB-0002368,ACC-003098,SMB,2020-03-17,2021-11-17,metered_month_to_month,,churned
SUB-0002369,ACC-003100,SMB,2025-10-06,,metered_month_to_month,,active
SUB-0002370,ACC-003101,SMB,2025-02-10,,metered_month_to_month,,active
SUB-0002371,ACC-003102,SMB,2025-05-08,,metered_month_to_month,,active
SUB-0002372,ACC-003103,SMB,2025-05-04,,metered_month_to_month,,active
SUB-0002373,ACC-003104,SMB,2025-12-02,,metered_month_to_month,,active
SUB-0002374,ACC-003105,SMB,2025-10-16,,metered_month_to_month,,active
SUB-0002375,ACC-003106,SMB,2024-09-02,2025-06-02,metered_month_to_month,,churned
SUB-0002376,ACC-003107,SMB,2025-10-16,,metered_month_to_month,,active
SUB-0002377,ACC-003108,SMB,2025-06-26,,metered_month_to_month,,active
SUB-0002378,ACC-003109,SMB,2024-03-28,,metered_month_to_month,,active
SUB-0002379,ACC-003110,SMB,2025-11-10,,metered_month_to_month,,active
SUB-0002380,ACC-003111,SMB,2024-01-13,,metered_month_to_month,,active
SUB-0002381,ACC-003112,SMB,2025-03-07,,metered_month_to_month,,active
SUB-0002382,ACC-003113,SMB,2021-11-02,2023-11-02,metered_month_to_month,,churned
SUB-0002383,ACC-003114,SMB,2024-04-25,,metered_month_to_month,,active
SUB-0002384,ACC-003116,SMB,2025-01-06,,metered_month_to_month,,active
SUB-0002385,ACC-003117,SMB,2025-07-24,,metered_month_to_month,,active
SUB-0002386,ACC-003118,SMB,2025-11-09,,metered_month_to_month,,active
SUB-0002387,ACC-003119,SMB,2025-05-16,,metered_month_to_month,,active
SUB-0002388,ACC-003120,SMB,2023-03-09,,metered_month_to_month,,active
SUB-0002389,ACC-003121,SMB,2025-07-23,,metered_month_to_month,,active
SUB-0002390,ACC-003122,SMB,2023-12-18,2024-03-18,metered_month_to_month,,churned
SUB-0002391,ACC-003123,SMB,2025-08-14,,metered_month_to_month,,active
SUB-0002392,ACC-003124,SMB,2022-08-25,2023-03-25,metered_month_to_month,,churned
SUB-0002393,ACC-003126,SMB,2025-06-07,,metered_month_to_month,,active
SUB-0002394,ACC-003127,SMB,2024-05-19,2025-04-19,metered_month_to_month,,churned
SUB-0002395,ACC-003128,SMB,2025-09-09,,metered_month_to_month,,active
SUB-0002396,ACC-003129,SMB,2024-10-03,,metered_month_to_month,,active
SUB-0002397,ACC-003130,SMB,2020-08-03,2025-07-03,metered_month_to_month,,churned
SUB-0002398,ACC-003131,SMB,2023-07-10,,metered_month_to_month,,active
SUB-0002399,ACC-003132,SMB,2024-02-26,2025-06-26,metered_month_to_month,,churned
SUB-0002400,ACC-003133,SMB,2025-04-24,,metered_month_to_month,,active
SUB-0002401,ACC-003134,SMB,2025-03-27,,metered_month_to_month,,active
SUB-0002402,ACC-003135,SMB,2020-07-18,2022-08-18,metered_month_to_month,,churned
SUB-0002403,ACC-003136,SMB,2020-11-06,2023-01-06,metered_month_to_month,,churned
SUB-0002404,ACC-003137,SMB,2022-06-25,2024-03-25,metered_month_to_month,,churned
SUB-0002405,ACC-003138,SMB,2024-06-08,2025-07-08,metered_month_to_month,,churned
SUB-0002406,ACC-003139,SMB,2020-05-12,2020-10-12,metered_month_to_month,,churned
SUB-0002407,ACC-003140,SMB,2025-02-15,,metered_month_to_month,,active
SUB-0002408,ACC-003142,SMB,2025-07-24,,metered_month_to_month,,active
SUB-0002409,ACC-003143,SMB,2024-07-01,,metered_month_to_month,,active
SUB-0002410,ACC-003144,SMB,2021-02-12,2022-08-12,metered_month_to_month,,churned
SUB-0002411,ACC-003145,SMB,2021-12-22,,metered_month_to_month,,active
SUB-0002412,ACC-003146,SMB,2024-02-28,2024-04-28,metered_month_to_month,,churned
SUB-0002413,ACC-003147,SMB,2024-08-03,,metered_month_to_month,,active
SUB-0002414,ACC-003148,SMB,2025-01-14,,metered_month_to_month,,active
SUB-0002415,ACC-003149,SMB,2022-04-27,2022-10-27,metered_month_to_month,,churned
SUB-0002416,ACC-003150,SMB,2025-10-17,,metered_month_to_month,,active
SUB-0002417,ACC-003151,SMB,2024-12-04,,metered_month_to_month,,active
SUB-0002418,ACC-003153,SMB,2024-11-24,2025-01-24,metered_month_to_month,,churned
SUB-0002419,ACC-003154,SMB,2025-10-01,,metered_month_to_month,,active
SUB-0002420,ACC-003155,SMB,2023-11-23,2025-07-23,metered_month_to_month,,churned
SUB-0002421,ACC-003156,SMB,2025-09-13,,metered_month_to_month,,active
SUB-0002422,ACC-003157,SMB,2024-03-04,,metered_month_to_month,,active
SUB-0002423,ACC-003158,SMB,2023-09-25,2025-08-25,metered_month_to_month,,churned
SUB-0002424,ACC-003159,SMB,2024-04-06,,metered_month_to_month,,active
SUB-0002425,ACC-003160,SMB,2024-05-18,,metered_month_to_month,,active
SUB-0002426,ACC-003161,SMB,2025-07-03,,metered_month_to_month,,active
SUB-0002427,ACC-003162,SMB,2024-07-19,,metered_month_to_month,,active
SUB-0002428,ACC-003164,SMB,2024-12-12,,metered_month_to_month,,active
SUB-0002429,ACC-003165,SMB,2025-06-12,,metered_month_to_month,,active
SUB-0002430,ACC-003166,SMB,2023-12-27,,metered_month_to_month,,active
SUB-0002431,ACC-003167,SMB,2024-02-04,,metered_month_to_month,,active
SUB-0002432,ACC-003168,SMB,2024-05-14,2024-08-14,metered_month_to_month,,churned
SUB-0002433,ACC-003169,SMB,2023-11-15,,metered_month_to_month,,active
SUB-0002434,ACC-003170,SMB,2023-11-15,,metered_month_to_month,,active
SUB-0002435,ACC-003171,SMB,2024-11-05,,metered_month_to_month,,active
SUB-0002436,ACC-003173,SMB,2020-02-12,,metered_month_to_month,,active
SUB-0002437,ACC-003175,SMB,2024-10-01,,metered_month_to_month,,active
SUB-0002438,ACC-003176,SMB,2021-04-15,2022-04-15,metered_month_to_month,,churned
SUB-0002439,ACC-003180,SMB,2025-06-03,,metered_month_to_month,,active
SUB-0002440,ACC-003181,SMB,2025-11-22,,metered_month_to_month,,active
SUB-0002441,ACC-003182,SMB,2021-11-23,2025-06-23,metered_month_to_month,,churned
SUB-0002442,ACC-003183,SMB,2024-10-08,,metered_month_to_month,,active
SUB-0002443,ACC-003184,SMB,2025-01-08,,metered_month_to_month,,active
SUB-0002444,ACC-003185,SMB,2023-08-03,2024-11-03,metered_month_to_month,,churned
SUB-0002445,ACC-003187,SMB,2024-10-08,,metered_month_to_month,,active
SUB-0002446,ACC-003188,SMB,2022-05-31,2023-06-28,metered_month_to_month,,churned
SUB-0002447,ACC-003189,SMB,2022-03-23,,metered_month_to_month,,active
SUB-0002448,ACC-003190,SMB,2023-05-26,,metered_month_to_month,,active
SUB-0002449,ACC-003191,SMB,2025-09-22,,metered_month_to_month,,active
SUB-0002450,ACC-003192,SMB,2025-05-18,,metered_month_to_month,,active
SUB-0002451,ACC-003193,SMB,2023-07-08,,metered_month_to_month,,active
SUB-0002452,ACC-003194,SMB,2024-09-28,,metered_month_to_month,,active
SUB-0002453,ACC-003195,SMB,2024-03-16,,metered_month_to_month,,active
SUB-0002454,ACC-003196,SMB,2023-04-28,2024-09-28,metered_month_to_month,,churned
SUB-0002455,ACC-003197,SMB,2022-03-30,,metered_month_to_month,,active
SUB-0002456,ACC-003199,SMB,2023-03-26,2023-08-26,metered_month_to_month,,churned
SUB-0002457,ACC-003201,SMB,2024-09-11,2025-08-11,metered_month_to_month,,churned
SUB-0002458,ACC-003203,SMB,2024-11-22,,metered_month_to_month,,active
SUB-0002459,ACC-003204,SMB,2023-04-27,2025-11-27,metered_month_to_month,,churned
SUB-0002460,ACC-003205,SMB,2025-02-10,,metered_month_to_month,,active
SUB-0002461,ACC-003207,SMB,2025-04-25,,metered_month_to_month,,active
SUB-0002462,ACC-003208,SMB,2025-01-27,,metered_month_to_month,,active
SUB-0002463,ACC-003209,SMB,2025-06-04,,metered_month_to_month,,active
SUB-0002464,ACC-003211,SMB,2023-12-15,,metered_month_to_month,,active
SUB-0002465,ACC-003212,SMB,2020-01-27,2021-02-27,metered_month_to_month,,churned
SUB-0002466,ACC-003213,SMB,2025-05-04,2025-09-04,metered_month_to_month,,churned
SUB-0002467,ACC-003214,SMB,2024-03-14,2025-11-14,metered_month_to_month,,churned
SUB-0002468,ACC-003215,SMB,2021-05-05,2022-06-05,metered_month_to_month,,churned
SUB-0002469,ACC-003216,SMB,2021-02-03,2025-10-03,metered_month_to_month,,churned
SUB-0002470,ACC-003217,SMB,2024-04-02,,metered_month_to_month,,active
SUB-0002471,ACC-003219,SMB,2024-06-14,2025-01-14,metered_month_to_month,,churned
SUB-0002472,ACC-003220,SMB,2023-06-20,,metered_month_to_month,,active
SUB-0002473,ACC-003221,SMB,2025-01-10,,metered_month_to_month,,active
SUB-0002474,ACC-003222,SMB,2022-03-18,2022-06-18,metered_month_to_month,,churned
SUB-0002475,ACC-003223,SMB,2024-02-10,2025-09-10,metered_month_to_month,,churned
SUB-0002476,ACC-003224,SMB,2023-01-27,2025-11-27,metered_month_to_month,,churned
SUB-0002477,ACC-003225,SMB,2021-02-25,,metered_month_to_month,,active
SUB-0002478,ACC-003226,SMB,2025-05-12,,metered_month_to_month,,active
SUB-0002479,ACC-003227,SMB,2024-12-04,2025-07-04,metered_month_to_month,,churned
SUB-0002480,ACC-003228,SMB,2024-03-05,,metered_month_to_month,,active
SUB-0002481,ACC-003229,SMB,2024-03-13,,metered_month_to_month,,active
SUB-0002482,ACC-003230,SMB,2021-03-22,2022-04-22,metered_month_to_month,,churned
SUB-0002483,ACC-003231,SMB,2025-12-10,,metered_month_to_month,,active
SUB-0002484,ACC-003232,SMB,2024-12-21,,metered_month_to_month,,active
SUB-0002485,ACC-003233,SMB,2020-06-21,2023-02-21,metered_month_to_month,,churned
SUB-0002486,ACC-003234,SMB,2024-08-04,,metered_month_to_month,,active
SUB-0002487,ACC-003235,SMB,2025-04-10,,metered_month_to_month,,active
SUB-0002488,ACC-003237,SMB,2024-10-12,,metered_month_to_month,,active
SUB-0002489,ACC-003238,SMB,2024-02-11,,metered_month_to_month,,active
SUB-0002490,ACC-003239,SMB,2025-08-08,,metered_month_to_month,,active
SUB-0002491,ACC-003241,SMB,2025-07-02,,metered_month_to_month,,active
SUB-0002492,ACC-003242,SMB,2024-03-19,,metered_month_to_month,,active
SUB-0002493,ACC-003243,SMB,2024-11-11,2025-03-11,metered_month_to_month,,churned
SUB-0002494,ACC-003244,SMB,2025-04-19,,metered_month_to_month,,active
SUB-0002495,ACC-003245,SMB,2024-07-28,,metered_month_to_month,,active
SUB-0002496,ACC-003246,SMB,2024-12-11,,metered_month_to_month,,active
SUB-0002497,ACC-003247,SMB,2025-09-14,,metered_month_to_month,,active
SUB-0002498,ACC-003248,SMB,2025-02-27,,metered_month_to_month,,active
SUB-0002499,ACC-003249,SMB,2025-07-28,,metered_month_to_month,,active
SUB-0002500,ACC-003250,SMB,2025-07-28,,metered_month_to_month,,active
SUB-0002501,ACC-003251,SMB,2024-12-18,,metered_month_to_month,,active
SUB-0002502,ACC-003252,SMB,2025-10-02,,metered_month_to_month,,active
SUB-0002503,ACC-003253,SMB,2023-02-18,2024-11-18,metered_month_to_month,,churned
SUB-0002504,ACC-003254,SMB,2024-12-28,,metered_month_to_month,,active
SUB-0002505,ACC-003255,SMB,2020-08-20,,metered_month_to_month,,active
SUB-0002506,ACC-003257,SMB,2023-12-19,,metered_month_to_month,,active
SUB-0002507,ACC-003258,SMB,2025-12-09,,metered_month_to_month,,active
SUB-0002508,ACC-003259,SMB,2025-12-11,,metered_month_to_month,,active
SUB-0002509,ACC-003260,SMB,2023-05-09,,metered_month_to_month,,active
SUB-0002510,ACC-003261,SMB,2022-04-05,,metered_month_to_month,,active
SUB-0002511,ACC-003262,SMB,2023-05-28,,metered_month_to_month,,active
SUB-0002512,ACC-003264,SMB,2025-12-07,,metered_month_to_month,,active
SUB-0002513,ACC-003265,SMB,2023-04-14,,metered_month_to_month,,active
SUB-0002514,ACC-003268,SMB,2025-04-08,,metered_month_to_month,,active
SUB-0002515,ACC-003270,SMB,2023-03-02,2024-12-02,metered_month_to_month,,churned
SUB-0002516,ACC-003271,SMB,2024-07-11,2024-11-11,metered_month_to_month,,churned
SUB-0002517,ACC-003272,SMB,2023-12-08,,metered_month_to_month,,active
SUB-0002518,ACC-003273,SMB,2022-12-17,2024-07-17,metered_month_to_month,,churned
SUB-0002519,ACC-003274,SMB,2024-05-21,,metered_month_to_month,,active
SUB-0002520,ACC-003275,SMB,2021-12-05,,metered_month_to_month,,active
SUB-0002521,ACC-003276,SMB,2024-04-22,2025-09-22,metered_month_to_month,,churned
SUB-0002522,ACC-003277,SMB,2022-03-13,,metered_month_to_month,,active
SUB-0002523,ACC-003278,SMB,2025-06-27,,metered_month_to_month,,active
SUB-0002524,ACC-003279,SMB,2022-12-12,,metered_month_to_month,,active
SUB-0002525,ACC-003280,SMB,2023-11-19,2024-04-19,metered_month_to_month,,churned
SUB-0002526,ACC-003281,SMB,2024-02-12,,metered_month_to_month,,active
SUB-0002527,ACC-003282,SMB,2025-02-13,,metered_month_to_month,,active
SUB-0002528,ACC-003283,SMB,2025-06-26,,metered_month_to_month,,active
SUB-0002529,ACC-003284,SMB,2023-05-08,,metered_month_to_month,,active
SUB-0002530,ACC-003285,SMB,2025-03-19,2025-07-19,metered_month_to_month,,churned
SUB-0002531,ACC-003287,SMB,2024-09-14,,metered_month_to_month,,active
SUB-0002532,ACC-003288,SMB,2021-10-03,,metered_month_to_month,,active
SUB-0002533,ACC-003289,SMB,2021-03-10,2021-08-10,metered_month_to_month,,churned
SUB-0002534,ACC-003290,SMB,2022-08-11,,metered_month_to_month,,active
SUB-0002535,ACC-003291,SMB,2020-10-22,2024-09-22,metered_month_to_month,,churned
SUB-0002536,ACC-003292,SMB,2022-11-13,,metered_month_to_month,,active
SUB-0002537,ACC-003294,SMB,2025-09-11,,metered_month_to_month,,active
SUB-0002538,ACC-003295,SMB,2024-09-24,,metered_month_to_month,,active
SUB-0002539,ACC-003296,SMB,2020-08-01,2021-01-01,metered_month_to_month,,churned
SUB-0002540,ACC-003297,SMB,2025-04-09,,metered_month_to_month,,active
SUB-0002541,ACC-003298,SMB,2025-12-25,,metered_month_to_month,,active
SUB-0002542,ACC-003299,SMB,2024-11-09,,metered_month_to_month,,active
SUB-0002543,ACC-003300,SMB,2024-07-03,,metered_month_to_month,,active
SUB-0002544,ACC-003302,SMB,2025-12-27,,metered_month_to_month,,active
SUB-0002545,ACC-003303,SMB,2023-10-04,2024-12-04,metered_month_to_month,,churned
SUB-0002546,ACC-003304,SMB,2023-10-08,,metered_month_to_month,,active
SUB-0002547,ACC-003305,SMB,2025-11-22,,metered_month_to_month,,active
SUB-0002548,ACC-003306,SMB,2025-02-22,,metered_month_to_month,,active
SUB-0002549,ACC-003307,SMB,2025-08-25,,metered_month_to_month,,active
SUB-0002550,ACC-003308,SMB,2025-06-14,,metered_month_to_month,,active
SUB-0002551,ACC-003309,SMB,2025-01-18,2025-10-18,metered_month_to_month,,churned
SUB-0002552,ACC-003310,SMB,2020-07-16,2024-07-16,metered_month_to_month,,churned
SUB-0002553,ACC-003311,SMB,2023-12-15,,metered_month_to_month,,active
SUB-0002554,ACC-003312,SMB,2021-09-30,2025-09-28,metered_month_to_month,,churned
SUB-0002555,ACC-003313,SMB,2024-09-26,,metered_month_to_month,,active
SUB-0002556,ACC-003314,SMB,2025-02-06,,metered_month_to_month,,active
SUB-0002557,ACC-003315,SMB,2023-08-02,,metered_month_to_month,,active
SUB-0002558,ACC-003316,SMB,2024-03-08,,metered_month_to_month,,active
SUB-0002559,ACC-003317,SMB,2023-03-04,2025-08-04,metered_month_to_month,,churned
SUB-0002560,ACC-003318,SMB,2025-12-18,,metered_month_to_month,,active
SUB-0002561,ACC-003320,SMB,2023-05-09,2024-07-09,metered_month_to_month,,churned
SUB-0002562,ACC-003321,SMB,2024-11-06,,metered_month_to_month,,active
SUB-0002563,ACC-003323,SMB,2025-10-08,,metered_month_to_month,,active
SUB-0002564,ACC-003324,SMB,2024-05-25,,metered_month_to_month,,active
SUB-0002565,ACC-003325,SMB,2024-07-09,,metered_month_to_month,,active
SUB-0002566,ACC-003326,SMB,2022-11-14,2023-08-14,metered_month_to_month,,churned
SUB-0002567,ACC-003327,SMB,2023-07-17,,metered_month_to_month,,active
SUB-0002568,ACC-003328,SMB,2024-10-17,,metered_month_to_month,,active
SUB-0002569,ACC-003329,SMB,2025-09-08,,metered_month_to_month,,active
SUB-0002570,ACC-003330,SMB,2024-09-12,,metered_month_to_month,,active
SUB-0002571,ACC-003331,SMB,2024-02-02,2024-11-02,metered_month_to_month,,churned
SUB-0002572,ACC-003332,SMB,2024-11-16,,metered_month_to_month,,active
SUB-0002573,ACC-003333,SMB,2025-04-04,,metered_month_to_month,,active
SUB-0002574,ACC-003334,SMB,2025-08-04,,metered_month_to_month,,active
SUB-0002575,ACC-003336,SMB,2024-10-24,,metered_month_to_month,,active
SUB-0002576,ACC-003337,SMB,2021-07-30,2022-01-30,metered_month_to_month,,churned
SUB-0002577,ACC-003338,SMB,2025-12-27,,metered_month_to_month,,active
SUB-0002578,ACC-003339,SMB,2025-08-12,,metered_month_to_month,,active
SUB-0002579,ACC-003340,SMB,2025-07-21,,metered_month_to_month,,active
SUB-0002580,ACC-003341,SMB,2025-07-27,,metered_month_to_month,,active
SUB-0002581,ACC-003342,SMB,2025-07-24,2025-09-24,metered_month_to_month,,churned
SUB-0002582,ACC-003343,SMB,2025-05-11,,metered_month_to_month,,active
SUB-0002583,ACC-003344,SMB,2020-05-07,,metered_month_to_month,,active
SUB-0002584,ACC-003345,SMB,2024-04-16,,metered_month_to_month,,active
SUB-0002585,ACC-003346,SMB,2023-02-24,2024-06-24,metered_month_to_month,,churned
SUB-0002586,ACC-003347,SMB,2025-09-04,,metered_month_to_month,,active
SUB-0002587,ACC-003348,SMB,2025-01-01,,metered_month_to_month,,active
SUB-0002588,ACC-003349,SMB,2023-02-05,2025-02-05,metered_month_to_month,,churned
SUB-0002589,ACC-003350,SMB,2024-11-25,,metered_month_to_month,,active
SUB-0002590,ACC-003351,SMB,2025-09-01,,metered_month_to_month,,active
SUB-0002591,ACC-003352,SMB,2023-05-26,,metered_month_to_month,,active
SUB-0002592,ACC-003353,SMB,2021-05-06,,metered_month_to_month,,active
SUB-0002593,ACC-003355,SMB,2021-09-19,,metered_month_to_month,,active
SUB-0002594,ACC-003356,SMB,2025-10-09,,metered_month_to_month,,active
SUB-0002595,ACC-003357,SMB,2025-01-18,,metered_month_to_month,,active
SUB-0002596,ACC-003358,SMB,2025-05-12,2025-09-12,metered_month_to_month,,churned
SUB-0002597,ACC-003359,SMB,2022-02-18,2023-05-18,metered_month_to_month,,churned
SUB-0002598,ACC-003360,SMB,2023-06-08,2025-06-08,metered_month_to_month,,churned
SUB-0002599,ACC-003361,SMB,2024-02-12,,metered_month_to_month,,active
SUB-0002600,ACC-003362,SMB,2025-10-04,,metered_month_to_month,,active
SUB-0002601,ACC-003364,SMB,2023-01-06,2024-09-06,metered_month_to_month,,churned
SUB-0002602,ACC-003366,SMB,2020-12-28,2022-02-28,metered_month_to_month,,churned
SUB-0002603,ACC-003367,SMB,2024-02-10,,metered_month_to_month,,active
SUB-0002604,ACC-003368,SMB,2025-07-20,,metered_month_to_month,,active
SUB-0002605,ACC-003369,SMB,2025-07-12,2025-10-12,metered_month_to_month,,churned
SUB-0002606,ACC-003370,SMB,2024-12-02,,metered_month_to_month,,active
SUB-0002607,ACC-003373,SMB,2023-11-28,,metered_month_to_month,,active
SUB-0002608,ACC-003374,SMB,2025-11-06,,metered_month_to_month,,active
SUB-0002609,ACC-003375,SMB,2024-11-15,,metered_month_to_month,,active
SUB-0002610,ACC-003376,SMB,2025-12-22,,metered_month_to_month,,active
SUB-0002611,ACC-003377,SMB,2020-05-28,,metered_month_to_month,,active
SUB-0002612,ACC-003378,SMB,2023-12-24,,metered_month_to_month,,active
SUB-0002613,ACC-003380,SMB,2023-11-25,,metered_month_to_month,,active
SUB-0002614,ACC-003381,SMB,2024-12-28,,metered_month_to_month,,active
SUB-0002615,ACC-003382,SMB,2025-07-01,,metered_month_to_month,,active
SUB-0002616,ACC-003383,SMB,2021-09-18,,metered_month_to_month,,active
SUB-0002617,ACC-003384,SMB,2024-12-17,2025-08-17,metered_month_to_month,,churned
SUB-0002618,ACC-003385,SMB,2020-12-27,,metered_month_to_month,,active
SUB-0002619,ACC-003386,SMB,2024-12-09,,metered_month_to_month,,active
SUB-0002620,ACC-003387,SMB,2024-12-27,,metered_month_to_month,,active
SUB-0002621,ACC-003388,SMB,2024-04-24,,metered_month_to_month,,active
SUB-0002622,ACC-003389,SMB,2022-04-14,,metered_month_to_month,,active
SUB-0002623,ACC-003390,SMB,2025-04-25,,metered_month_to_month,,active
SUB-0002624,ACC-003391,SMB,2025-05-11,2025-09-11,metered_month_to_month,,churned
SUB-0002625,ACC-003392,SMB,2025-11-09,,metered_month_to_month,,active
SUB-0002626,ACC-003393,SMB,2024-06-24,2025-04-24,metered_month_to_month,,churned
SUB-0002627,ACC-003395,SMB,2021-05-01,2023-04-01,metered_month_to_month,,churned
SUB-0002628,ACC-003396,SMB,2024-08-22,,metered_month_to_month,,active
SUB-0002629,ACC-003397,SMB,2025-12-22,,metered_month_to_month,,active
SUB-0002630,ACC-003398,SMB,2025-05-10,,metered_month_to_month,,active
SUB-0002631,ACC-003399,SMB,2024-05-26,,metered_month_to_month,,active
SUB-0002632,ACC-003400,SMB,2020-04-30,,metered_month_to_month,,active
SUB-0002633,ACC-003401,SMB,2024-10-12,,metered_month_to_month,,active
SUB-0002634,ACC-003402,SMB,2025-04-27,,metered_month_to_month,,active
SUB-0002635,ACC-003403,SMB,2021-10-30,,metered_month_to_month,,active
SUB-0002636,ACC-003404,SMB,2023-05-08,,metered_month_to_month,,active
SUB-0002637,ACC-003406,SMB,2025-10-12,,metered_month_to_month,,active
SUB-0002638,ACC-003407,SMB,2025-08-26,,metered_month_to_month,,active
SUB-0002639,ACC-003408,SMB,2023-11-21,,metered_month_to_month,,active
SUB-0002640,ACC-003409,SMB,2023-05-22,2025-07-22,metered_month_to_month,,churned
SUB-0002641,ACC-003411,SMB,2025-10-07,,metered_month_to_month,,active
SUB-0002642,ACC-003412,SMB,2023-03-19,,metered_month_to_month,,active
SUB-0002643,ACC-003413,SMB,2025-02-25,,metered_month_to_month,,active
SUB-0002644,ACC-003414,SMB,2020-09-15,,metered_month_to_month,,active
SUB-0002645,ACC-003415,SMB,2021-02-19,,metered_month_to_month,,active
SUB-0002646,ACC-003416,SMB,2025-11-26,,metered_month_to_month,,active
SUB-0002647,ACC-003417,SMB,2025-02-01,,metered_month_to_month,,active
SUB-0002648,ACC-003418,SMB,2023-05-26,,metered_month_to_month,,active
SUB-0002649,ACC-003419,SMB,2020-06-10,2021-04-10,metered_month_to_month,,churned
SUB-0002650,ACC-003420,SMB,2024-02-06,2024-11-06,metered_month_to_month,,churned
SUB-0002651,ACC-003421,SMB,2022-03-10,,metered_month_to_month,,active
SUB-0002652,ACC-003422,SMB,2023-06-18,,metered_month_to_month,,active
SUB-0002653,ACC-003423,SMB,2023-03-27,2024-08-27,metered_month_to_month,,churned
SUB-0002654,ACC-003425,SMB,2020-02-12,2023-06-12,metered_month_to_month,,churned
SUB-0002655,ACC-003426,SMB,2023-05-01,2024-01-01,metered_month_to_month,,churned
SUB-0002656,ACC-003429,SMB,2025-08-19,,metered_month_to_month,,active
SUB-0002657,ACC-003430,SMB,2023-11-28,,metered_month_to_month,,active
SUB-0002658,ACC-003431,SMB,2025-01-07,,metered_month_to_month,,active
SUB-0002659,ACC-003432,SMB,2025-09-22,,metered_month_to_month,,active
SUB-0002660,ACC-003433,SMB,2021-10-18,2024-06-18,metered_month_to_month,,churned
SUB-0002661,ACC-003435,SMB,2025-03-07,,metered_month_to_month,,active
SUB-0002662,ACC-003436,SMB,2021-03-13,2022-01-13,metered_month_to_month,,churned
SUB-0002663,ACC-003437,SMB,2025-09-20,,metered_month_to_month,,active
SUB-0002664,ACC-003438,SMB,2023-03-02,2025-05-02,metered_month_to_month,,churned
SUB-0002665,ACC-003439,SMB,2023-05-16,2023-12-16,metered_month_to_month,,churned
SUB-0002666,ACC-003440,SMB,2024-10-02,,metered_month_to_month,,active
SUB-0002667,ACC-003441,SMB,2023-03-03,,metered_month_to_month,,active
SUB-0002668,ACC-003442,SMB,2020-04-12,2021-04-12,metered_month_to_month,,churned
SUB-0002669,ACC-003443,SMB,2024-02-17,2024-12-17,metered_month_to_month,,churned
SUB-0002670,ACC-003444,SMB,2020-08-18,2024-11-18,metered_month_to_month,,churned
SUB-0002671,ACC-003445,SMB,2024-06-16,,metered_month_to_month,,active
SUB-0002672,ACC-003446,SMB,2023-08-13,,metered_month_to_month,,active
SUB-0002673,ACC-003447,SMB,2025-12-27,,metered_month_to_month,,active
SUB-0002674,ACC-003448,SMB,2025-08-21,,metered_month_to_month,,active
SUB-0002675,ACC-003449,SMB,2024-06-11,,metered_month_to_month,,active
SUB-0002676,ACC-003450,SMB,2025-03-13,,metered_month_to_month,,active
SUB-0002677,ACC-003451,SMB,2022-11-20,2023-03-20,metered_month_to_month,,churned
SUB-0002678,ACC-003452,SMB,2025-09-03,,metered_month_to_month,,active
SUB-0002679,ACC-003453,SMB,2023-08-16,2024-11-16,metered_month_to_month,,churned
SUB-0002680,ACC-003454,SMB,2020-10-19,2021-02-19,metered_month_to_month,,churned
SUB-0002681,ACC-003455,SMB,2020-09-11,2020-12-11,metered_month_to_month,,churned
SUB-0002682,ACC-003456,SMB,2025-08-03,,metered_month_to_month,,active
SUB-0002683,ACC-003457,SMB,2020-03-05,2024-06-05,metered_month_to_month,,churned
SUB-0002684,ACC-003458,SMB,2025-12-13,,metered_month_to_month,,active
SUB-0002685,ACC-003459,SMB,2023-01-27,2023-04-27,metered_month_to_month,,churned
SUB-0002686,ACC-003460,SMB,2024-09-18,,metered_month_to_month,,active
SUB-0002687,ACC-003461,SMB,2024-05-06,,metered_month_to_month,,active
SUB-0002688,ACC-003462,SMB,2024-06-07,,metered_month_to_month,,active
SUB-0002689,ACC-003463,SMB,2022-12-12,2024-04-12,metered_month_to_month,,churned
SUB-0002690,ACC-003464,SMB,2024-11-01,,metered_month_to_month,,active
SUB-0002691,ACC-003465,SMB,2023-07-18,2025-02-18,metered_month_to_month,,churned
SUB-0002692,ACC-003466,SMB,2023-01-21,2023-06-21,metered_month_to_month,,churned
SUB-0002693,ACC-003467,SMB,2025-01-23,,metered_month_to_month,,active
SUB-0002694,ACC-003468,SMB,2024-07-09,2025-10-09,metered_month_to_month,,churned
SUB-0002695,ACC-003469,SMB,2025-03-04,,metered_month_to_month,,active
SUB-0002696,ACC-003470,SMB,2025-03-20,,metered_month_to_month,,active
SUB-0002697,ACC-003471,SMB,2023-10-20,,metered_month_to_month,,active
SUB-0002698,ACC-003472,SMB,2023-10-05,2025-02-05,metered_month_to_month,,churned
SUB-0002699,ACC-003473,SMB,2021-03-17,2025-10-17,metered_month_to_month,,churned
SUB-0002700,ACC-003474,SMB,2020-01-15,2020-08-15,metered_month_to_month,,churned
SUB-0002701,ACC-003475,SMB,2024-04-01,,metered_month_to_month,,active
SUB-0002702,ACC-003476,SMB,2025-03-24,2025-07-24,metered_month_to_month,,churned
SUB-0002703,ACC-003477,SMB,2025-03-06,,metered_month_to_month,,active
SUB-0002704,ACC-003478,SMB,2024-04-25,,metered_month_to_month,,active
SUB-0002705,ACC-003479,SMB,2023-11-17,,metered_month_to_month,,active
SUB-0002706,ACC-003480,SMB,2022-05-26,2023-07-26,metered_month_to_month,,churned
SUB-0002707,ACC-003481,SMB,2025-11-16,,metered_month_to_month,,active
SUB-0002708,ACC-003482,SMB,2024-11-07,,metered_month_to_month,,active
SUB-0002709,ACC-003483,SMB,2025-10-08,,metered_month_to_month,,active
SUB-0002710,ACC-003484,SMB,2025-10-17,,metered_month_to_month,,active
SUB-0002711,ACC-003485,SMB,2023-06-26,,metered_month_to_month,,active
SUB-0002712,ACC-003486,SMB,2023-12-26,2025-01-26,metered_month_to_month,,churned
SUB-0002713,ACC-003487,SMB,2024-06-25,,metered_month_to_month,,active
SUB-0002714,ACC-003488,SMB,2025-02-17,2025-04-17,metered_month_to_month,,churned
SUB-0002715,ACC-003489,SMB,2022-07-06,,metered_month_to_month,,active
SUB-0002716,ACC-003492,SMB,2024-07-22,,metered_month_to_month,,active
SUB-0002717,ACC-003493,SMB,2025-04-03,,metered_month_to_month,,active
SUB-0002718,ACC-003494,SMB,2023-04-24,,metered_month_to_month,,active
SUB-0002719,ACC-003495,SMB,2023-10-21,2024-02-21,metered_month_to_month,,churned
SUB-0002720,ACC-003497,SMB,2020-01-02,2022-12-02,metered_month_to_month,,churned
SUB-0002721,ACC-003498,SMB,2023-12-27,,metered_month_to_month,,active
SUB-0002722,ACC-003500,SMB,2023-09-08,2024-11-08,metered_month_to_month,,churned
SUB-0002723,ACC-003501,SMB,2020-01-21,2020-07-21,metered_month_to_month,,churned
SUB-0002724,ACC-003502,SMB,2024-05-21,,metered_month_to_month,,active
SUB-0002725,ACC-003503,SMB,2022-06-06,2022-11-06,metered_month_to_month,,churned
SUB-0002726,ACC-003504,SMB,2025-07-09,,metered_month_to_month,,active
SUB-0002727,ACC-003505,SMB,2025-06-16,,metered_month_to_month,,active
SUB-0002728,ACC-003506,SMB,2023-05-10,2025-04-10,metered_month_to_month,,churned
SUB-0002729,ACC-003507,SMB,2022-05-11,,metered_month_to_month,,active
SUB-0002730,ACC-003508,SMB,2024-02-18,,metered_month_to_month,,active
SUB-0002731,ACC-003509,SMB,2024-05-02,,metered_month_to_month,,active
SUB-0002732,ACC-003510,SMB,2025-01-01,2025-09-01,metered_month_to_month,,churned
SUB-0002733,ACC-003511,SMB,2025-07-17,,metered_month_to_month,,active
SUB-0002734,ACC-003512,SMB,2024-02-04,,metered_month_to_month,,active
SUB-0002735,ACC-003513,SMB,2023-07-22,,metered_month_to_month,,active
SUB-0002736,ACC-003514,SMB,2025-06-26,,metered_month_to_month,,active
SUB-0002737,ACC-003518,SMB,2024-03-13,2025-02-13,metered_month_to_month,,churned
SUB-0002738,ACC-003519,SMB,2024-10-06,,metered_month_to_month,,active
SUB-0002739,ACC-003520,SMB,2023-12-03,2024-11-03,metered_month_to_month,,churned
SUB-0002740,ACC-003521,SMB,2024-09-01,,metered_month_to_month,,active
SUB-0002741,ACC-003522,SMB,2025-04-24,,metered_month_to_month,,active
SUB-0002742,ACC-003523,SMB,2025-11-08,,metered_month_to_month,,active
SUB-0002743,ACC-003525,SMB,2025-09-23,,metered_month_to_month,,active
SUB-0002744,ACC-003526,SMB,2025-09-22,,metered_month_to_month,,active
SUB-0002745,ACC-003527,SMB,2024-05-11,,metered_month_to_month,,active
SUB-0002746,ACC-003528,SMB,2021-02-27,2022-01-27,metered_month_to_month,,churned
SUB-0002747,ACC-003529,SMB,2023-05-07,2025-02-07,metered_month_to_month,,churned
SUB-0002748,ACC-003530,SMB,2025-04-13,,metered_month_to_month,,active
SUB-0002749,ACC-003531,SMB,2024-12-03,,metered_month_to_month,,active
SUB-0002750,ACC-003532,SMB,2025-05-08,,metered_month_to_month,,active
SUB-0002751,ACC-003533,SMB,2023-06-18,,metered_month_to_month,,active
SUB-0002752,ACC-003534,SMB,2025-12-13,,metered_month_to_month,,active
SUB-0002753,ACC-003535,SMB,2024-05-14,,metered_month_to_month,,active
SUB-0002754,ACC-003537,SMB,2024-11-02,,metered_month_to_month,,active
SUB-0002755,ACC-003538,SMB,2024-05-04,,metered_month_to_month,,active
SUB-0002756,ACC-003539,SMB,2024-09-12,,metered_month_to_month,,active
SUB-0002757,ACC-003540,SMB,2021-11-06,2023-06-06,metered_month_to_month,,churned
SUB-0002758,ACC-003541,SMB,2025-07-19,,metered_month_to_month,,active
SUB-0002759,ACC-003542,SMB,2025-04-27,,metered_month_to_month,,active
SUB-0002760,ACC-003543,SMB,2023-10-01,2025-01-01,metered_month_to_month,,churned
SUB-0002761,ACC-003544,SMB,2025-07-14,,metered_month_to_month,,active
SUB-0002762,ACC-003545,SMB,2025-03-19,,metered_month_to_month,,active
SUB-0002763,ACC-003547,SMB,2023-11-14,,metered_month_to_month,,active
SUB-0002764,ACC-003548,SMB,2025-09-15,,metered_month_to_month,,active
SUB-0002765,ACC-003549,SMB,2025-02-26,,metered_month_to_month,,active
SUB-0002766,ACC-003550,SMB,2025-12-05,,metered_month_to_month,,active
SUB-0002767,ACC-003551,SMB,2025-12-18,,metered_month_to_month,,active
SUB-0002768,ACC-003553,SMB,2020-11-25,2025-11-25,metered_month_to_month,,churned
SUB-0002769,ACC-003555,SMB,2023-08-01,,metered_month_to_month,,active
SUB-0002770,ACC-003556,SMB,2023-10-03,,metered_month_to_month,,active
SUB-0002771,ACC-003557,SMB,2021-10-26,,metered_month_to_month,,active
SUB-0002772,ACC-003558,SMB,2022-03-12,,metered_month_to_month,,active
SUB-0002773,ACC-003559,SMB,2025-09-04,,metered_month_to_month,,active
SUB-0002774,ACC-003560,SMB,2025-02-21,,metered_month_to_month,,active
SUB-0002775,ACC-003561,SMB,2023-12-28,,metered_month_to_month,,active
SUB-0002776,ACC-003562,SMB,2024-12-04,,metered_month_to_month,,active
SUB-0002777,ACC-003563,SMB,2025-03-23,,metered_month_to_month,,active
SUB-0002778,ACC-003564,SMB,2025-10-09,,metered_month_to_month,,active
SUB-0002779,ACC-003565,SMB,2020-12-22,2021-02-22,metered_month_to_month,,churned
SUB-0002780,ACC-003566,SMB,2025-05-14,,metered_month_to_month,,active
SUB-0002781,ACC-003567,SMB,2025-06-14,,metered_month_to_month,,active
SUB-0002782,ACC-003568,SMB,2025-08-01,,metered_month_to_month,,active
SUB-0002783,ACC-003569,SMB,2025-03-01,2025-05-01,metered_month_to_month,,churned
SUB-0002784,ACC-003570,SMB,2024-09-14,,metered_month_to_month,,active
SUB-0002785,ACC-003571,SMB,2025-11-13,,metered_month_to_month,,active
SUB-0002786,ACC-003572,SMB,2023-06-19,,metered_month_to_month,,active
SUB-0002787,ACC-003573,SMB,2025-11-15,,metered_month_to_month,,active
SUB-0002788,ACC-003574,SMB,2025-12-01,,metered_month_to_month,,active
SUB-0002789,ACC-003575,SMB,2024-10-09,,metered_month_to_month,,active
SUB-0002790,ACC-003576,SMB,2021-05-25,2022-12-25,metered_month_to_month,,churned
SUB-0002791,ACC-003577,SMB,2022-05-11,,metered_month_to_month,,active
SUB-0002792,ACC-003578,SMB,2024-11-19,,metered_month_to_month,,active
SUB-0002793,ACC-003579,SMB,2024-08-25,2025-06-25,metered_month_to_month,,churned
SUB-0002794,ACC-003580,SMB,2024-12-04,2025-10-04,metered_month_to_month,,churned
SUB-0002795,ACC-003581,SMB,2024-11-04,,metered_month_to_month,,active
SUB-0002796,ACC-003582,SMB,2022-08-17,,metered_month_to_month,,active
SUB-0002797,ACC-003583,SMB,2024-11-09,,metered_month_to_month,,active
SUB-0002798,ACC-003584,SMB,2024-07-06,2025-02-06,metered_month_to_month,,churned
SUB-0002799,ACC-003585,SMB,2025-04-16,,metered_month_to_month,,active
SUB-0002800,ACC-003586,SMB,2025-10-08,,metered_month_to_month,,active
SUB-0002801,ACC-003587,SMB,2025-06-01,,metered_month_to_month,,active
SUB-0002802,ACC-003589,SMB,2022-02-07,2025-02-07,metered_month_to_month,,churned
SUB-0002803,ACC-003590,SMB,2020-01-28,,metered_month_to_month,,active
SUB-0002804,ACC-003591,SMB,2024-05-06,,metered_month_to_month,,active
SUB-0002805,ACC-003592,SMB,2024-11-14,2025-11-14,metered_month_to_month,,churned
SUB-0002806,ACC-003593,SMB,2025-07-13,,metered_month_to_month,,active
SUB-0002807,ACC-003594,SMB,2025-10-23,,metered_month_to_month,,active
SUB-0002808,ACC-003596,SMB,2024-10-09,,metered_month_to_month,,active
SUB-0002809,ACC-003597,SMB,2025-01-05,,metered_month_to_month,,active
SUB-0002810,ACC-003598,SMB,2023-03-18,,metered_month_to_month,,active
SUB-0002811,ACC-003599,SMB,2025-06-03,,metered_month_to_month,,active
SUB-0002812,ACC-003600,SMB,2020-09-06,,metered_month_to_month,,active
SUB-0002813,ACC-003601,SMB,2022-02-26,,metered_month_to_month,,active
SUB-0002814,ACC-003602,SMB,2020-02-06,2021-11-06,metered_month_to_month,,churned
SUB-0002815,ACC-003603,SMB,2025-05-08,,metered_month_to_month,,active
SUB-0002816,ACC-003604,SMB,2025-04-22,,metered_month_to_month,,active
SUB-0002817,ACC-003605,SMB,2025-12-03,,metered_month_to_month,,active
SUB-0002818,ACC-003606,SMB,2024-06-04,,metered_month_to_month,,active
SUB-0002819,ACC-003607,SMB,2023-11-15,,metered_month_to_month,,active
SUB-0002820,ACC-003608,SMB,2021-01-10,,metered_month_to_month,,active
SUB-0002821,ACC-003609,SMB,2023-12-16,,metered_month_to_month,,active
SUB-0002822,ACC-003610,SMB,2024-06-24,2025-02-24,metered_month_to_month,,churned
SUB-0002823,ACC-003611,SMB,2024-01-20,,metered_month_to_month,,active
SUB-0002824,ACC-003612,SMB,2021-02-07,,metered_month_to_month,,active
SUB-0002825,ACC-003613,SMB,2023-08-10,2024-06-10,metered_month_to_month,,churned
SUB-0002826,ACC-003614,SMB,2023-10-14,2025-03-14,metered_month_to_month,,churned
SUB-0002827,ACC-003615,SMB,2025-08-06,,metered_month_to_month,,active
SUB-0002828,ACC-003616,SMB,2024-05-24,,metered_month_to_month,,active
SUB-0002829,ACC-003617,SMB,2025-02-17,,metered_month_to_month,,active
SUB-0002830,ACC-003618,SMB,2023-12-13,2024-07-13,metered_month_to_month,,churned
SUB-0002831,ACC-003619,SMB,2021-03-07,2023-11-07,metered_month_to_month,,churned
SUB-0002832,ACC-003620,SMB,2024-02-28,2024-12-28,metered_month_to_month,,churned
SUB-0002833,ACC-003622,SMB,2023-12-02,,metered_month_to_month,,active
SUB-0002834,ACC-003623,SMB,2025-01-03,,metered_month_to_month,,active
SUB-0002835,ACC-003624,SMB,2025-12-22,,metered_month_to_month,,active
SUB-0002836,ACC-003625,SMB,2025-07-19,,metered_month_to_month,,active
SUB-0002837,ACC-003626,SMB,2020-06-30,2023-03-28,metered_month_to_month,,churned
SUB-0002838,ACC-003627,SMB,2023-07-02,,metered_month_to_month,,active
SUB-0002839,ACC-003628,SMB,2023-06-02,2024-02-02,metered_month_to_month,,churned
SUB-0002840,ACC-003629,SMB,2025-02-18,,metered_month_to_month,,active
SUB-0002841,ACC-003630,SMB,2024-08-27,2025-02-27,metered_month_to_month,,churned
SUB-0002842,ACC-003631,SMB,2020-05-27,2021-03-27,metered_month_to_month,,churned
SUB-0002843,ACC-003632,SMB,2021-03-06,2021-11-06,metered_month_to_month,,churned
SUB-0002844,ACC-003633,SMB,2024-11-24,,metered_month_to_month,,active
SUB-0002845,ACC-003634,SMB,2024-03-08,,metered_month_to_month,,active
SUB-0002846,ACC-003635,SMB,2023-09-22,,metered_month_to_month,,active
SUB-0002847,ACC-003636,SMB,2025-01-22,,metered_month_to_month,,active
SUB-0002848,ACC-003637,SMB,2023-08-09,2024-10-09,metered_month_to_month,,churned
SUB-0002849,ACC-003638,SMB,2024-01-07,2025-06-07,metered_month_to_month,,churned
SUB-0002850,ACC-003639,SMB,2025-11-16,,metered_month_to_month,,active
SUB-0002851,ACC-003640,SMB,2021-01-22,2022-07-22,metered_month_to_month,,churned
SUB-0002852,ACC-003641,SMB,2022-06-14,2023-10-14,metered_month_to_month,,churned
SUB-0002853,ACC-003642,SMB,2025-04-18,,metered_month_to_month,,active
SUB-0002854,ACC-003643,SMB,2022-08-09,,metered_month_to_month,,active
SUB-0002855,ACC-003644,SMB,2023-02-02,2024-03-02,metered_month_to_month,,churned
SUB-0002856,ACC-003645,SMB,2024-05-04,,metered_month_to_month,,active
SUB-0002857,ACC-003646,SMB,2023-08-19,2025-08-19,metered_month_to_month,,churned
SUB-0002858,ACC-003648,SMB,2024-08-12,2024-10-12,metered_month_to_month,,churned
SUB-0002859,ACC-003649,SMB,2024-11-15,,metered_month_to_month,,active
SUB-0002860,ACC-003650,SMB,2023-08-28,,metered_month_to_month,,active
SUB-0002861,ACC-003651,SMB,2023-12-19,2025-04-19,metered_month_to_month,,churned
SUB-0002862,ACC-003652,SMB,2023-10-12,2025-10-12,metered_month_to_month,,churned
SUB-0002863,ACC-003653,SMB,2025-05-16,,metered_month_to_month,,active
SUB-0002864,ACC-003654,SMB,2025-06-16,,metered_month_to_month,,active
SUB-0002865,ACC-003655,SMB,2023-03-27,,metered_month_to_month,,active
SUB-0002866,ACC-003656,SMB,2021-11-05,2023-06-05,metered_month_to_month,,churned
SUB-0002867,ACC-003657,SMB,2025-11-23,,metered_month_to_month,,active
SUB-0002868,ACC-003658,SMB,2024-06-27,,metered_month_to_month,,active
SUB-0002869,ACC-003659,SMB,2021-05-10,2023-07-10,metered_month_to_month,,churned
SUB-0002870,ACC-003660,SMB,2024-03-14,,metered_month_to_month,,active
SUB-0002871,ACC-003661,SMB,2025-12-21,,metered_month_to_month,,active
SUB-0002872,ACC-003662,SMB,2025-09-13,,metered_month_to_month,,active
SUB-0002873,ACC-003663,SMB,2023-12-17,2025-07-17,metered_month_to_month,,churned
SUB-0002874,ACC-003664,SMB,2025-10-07,,metered_month_to_month,,active
SUB-0002875,ACC-003665,SMB,2025-06-05,,metered_month_to_month,,active
SUB-0002876,ACC-003666,SMB,2020-02-21,2023-09-21,metered_month_to_month,,churned
SUB-0002877,ACC-003667,SMB,2024-03-05,,metered_month_to_month,,active
SUB-0002878,ACC-003668,SMB,2024-05-23,,metered_month_to_month,,active
SUB-0002879,ACC-003669,SMB,2023-07-05,2024-10-05,metered_month_to_month,,churned
SUB-0002880,ACC-003670,SMB,2025-09-01,,metered_month_to_month,,active
SUB-0002881,ACC-003671,SMB,2022-04-16,2024-07-16,metered_month_to_month,,churned
SUB-0002882,ACC-003672,SMB,2023-04-13,,metered_month_to_month,,active
SUB-0002883,ACC-003673,SMB,2024-05-07,2025-01-07,metered_month_to_month,,churned
SUB-0002884,ACC-003674,SMB,2024-11-10,,metered_month_to_month,,active
SUB-0002885,ACC-003675,SMB,2022-11-25,2023-11-25,metered_month_to_month,,churned
SUB-0002886,ACC-003676,SMB,2023-10-08,,metered_month_to_month,,active
SUB-0002887,ACC-003677,SMB,2025-11-26,,metered_month_to_month,,active
SUB-0002888,ACC-003678,SMB,2021-11-19,,metered_month_to_month,,active
SUB-0002889,ACC-003679,SMB,2023-12-05,,metered_month_to_month,,active
SUB-0002890,ACC-003680,SMB,2020-10-22,2021-06-22,metered_month_to_month,,churned
SUB-0002891,ACC-003681,SMB,2024-11-02,,metered_month_to_month,,active
SUB-0002892,ACC-003682,SMB,2025-05-04,,metered_month_to_month,,active
SUB-0002893,ACC-003683,SMB,2024-12-03,2025-05-03,metered_month_to_month,,churned
SUB-0002894,ACC-003685,SMB,2022-10-20,2024-04-20,metered_month_to_month,,churned
SUB-0002895,ACC-003686,SMB,2025-06-12,,metered_month_to_month,,active
SUB-0002896,ACC-003688,SMB,2020-04-14,2022-04-14,metered_month_to_month,,churned
SUB-0002897,ACC-003689,SMB,2025-02-15,,metered_month_to_month,,active
SUB-0002898,ACC-003690,SMB,2025-10-18,,metered_month_to_month,,active
SUB-0002899,ACC-003691,SMB,2023-08-02,2024-06-02,metered_month_to_month,,churned
SUB-0002900,ACC-003692,SMB,2025-01-08,,metered_month_to_month,,active
SUB-0002901,ACC-003693,SMB,2025-08-28,,metered_month_to_month,,active
SUB-0002902,ACC-003694,SMB,2023-06-06,2024-03-06,metered_month_to_month,,churned
SUB-0002903,ACC-003695,SMB,2025-06-17,2025-10-17,metered_month_to_month,,churned
SUB-0002904,ACC-003696,SMB,2024-02-06,,metered_month_to_month,,active
SUB-0002905,ACC-003697,SMB,2025-11-26,,metered_month_to_month,,active
SUB-0002906,ACC-003698,SMB,2024-10-27,,metered_month_to_month,,active
SUB-0002907,ACC-003700,SMB,2024-02-11,,metered_month_to_month,,active
SUB-0002908,ACC-003701,SMB,2022-08-20,2023-08-20,metered_month_to_month,,churned
SUB-0002909,ACC-003702,SMB,2025-10-06,,metered_month_to_month,,active
SUB-0002910,ACC-003704,SMB,2021-11-21,,metered_month_to_month,,active
SUB-0002911,ACC-003705,SMB,2021-06-30,,metered_month_to_month,,active
SUB-0002912,ACC-003706,SMB,2025-12-19,,metered_month_to_month,,active
SUB-0002913,ACC-003707,SMB,2025-07-15,,metered_month_to_month,,active
SUB-0002914,ACC-003708,SMB,2025-12-04,,metered_month_to_month,,active
SUB-0002915,ACC-003709,SMB,2022-05-17,2023-09-17,metered_month_to_month,,churned
SUB-0002916,ACC-003710,SMB,2024-11-04,,metered_month_to_month,,active
SUB-0002917,ACC-003711,SMB,2024-12-13,,metered_month_to_month,,active
SUB-0002918,ACC-003712,SMB,2023-05-28,,metered_month_to_month,,active
SUB-0002919,ACC-003713,SMB,2025-06-05,,metered_month_to_month,,active
SUB-0002920,ACC-003714,SMB,2022-12-14,2023-03-14,metered_month_to_month,,churned
SUB-0002921,ACC-003716,SMB,2021-05-17,2025-01-17,metered_month_to_month,,churned
SUB-0002922,ACC-003717,SMB,2023-06-14,,metered_month_to_month,,active
SUB-0002923,ACC-003718,SMB,2024-05-22,,metered_month_to_month,,active
SUB-0002924,ACC-003719,SMB,2022-07-14,,metered_month_to_month,,active
SUB-0002925,ACC-003720,SMB,2025-03-28,,metered_month_to_month,,active
SUB-0002926,ACC-003721,SMB,2025-03-22,,metered_month_to_month,,active
SUB-0002927,ACC-003722,SMB,2024-05-19,,metered_month_to_month,,active
SUB-0002928,ACC-003723,SMB,2024-02-12,,metered_month_to_month,,active
SUB-0002929,ACC-003724,SMB,2025-05-18,,metered_month_to_month,,active
SUB-0002930,ACC-003725,SMB,2022-10-01,,metered_month_to_month,,active
SUB-0002931,ACC-003726,SMB,2021-08-28,2022-01-28,metered_month_to_month,,churned
SUB-0002932,ACC-003727,SMB,2022-09-11,,metered_month_to_month,,active
SUB-0002933,ACC-003728,SMB,2025-08-19,,metered_month_to_month,,active
SUB-0002934,ACC-003729,SMB,2024-06-24,,metered_month_to_month,,active
SUB-0002935,ACC-003731,SMB,2020-06-15,,metered_month_to_month,,active
SUB-0002936,ACC-003732,SMB,2025-12-06,,metered_month_to_month,,active
SUB-0002937,ACC-003733,SMB,2025-06-13,,metered_month_to_month,,active
SUB-0002938,ACC-003734,SMB,2024-12-09,,metered_month_to_month,,active
SUB-0002939,ACC-003735,SMB,2021-05-01,2023-02-01,metered_month_to_month,,churned
SUB-0002940,ACC-003736,SMB,2023-12-06,,metered_month_to_month,,active
SUB-0002941,ACC-003737,SMB,2025-10-12,,metered_month_to_month,,active
SUB-0002942,ACC-003739,SMB,2024-01-02,,metered_month_to_month,,active
SUB-0002943,ACC-003740,SMB,2025-01-24,,metered_month_to_month,,active
SUB-0002944,ACC-003741,SMB,2024-01-27,2025-02-27,metered_month_to_month,,churned
SUB-0002945,ACC-003742,SMB,2023-11-06,2024-08-06,metered_month_to_month,,churned
SUB-0002946,ACC-003743,SMB,2024-07-20,2025-08-20,metered_month_to_month,,churned
SUB-0002947,ACC-003744,SMB,2025-11-21,,metered_month_to_month,,active
SUB-0002948,ACC-003745,SMB,2025-11-03,,metered_month_to_month,,active
SUB-0002949,ACC-003746,SMB,2022-02-09,2022-06-09,metered_month_to_month,,churned
SUB-0002950,ACC-003747,SMB,2025-10-25,,metered_month_to_month,,active
SUB-0002951,ACC-003748,SMB,2025-09-07,,metered_month_to_month,,active
SUB-0002952,ACC-003749,SMB,2020-06-14,,metered_month_to_month,,active
SUB-0002953,ACC-003750,SMB,2025-01-11,,metered_month_to_month,,active
SUB-0002954,ACC-003751,SMB,2025-05-14,,metered_month_to_month,,active
SUB-0002955,ACC-003752,SMB,2025-10-20,,metered_month_to_month,,active
SUB-0002956,ACC-003753,SMB,2023-09-21,2024-01-21,metered_month_to_month,,churned
SUB-0002957,ACC-003754,SMB,2025-05-06,,metered_month_to_month,,active
SUB-0002958,ACC-003755,SMB,2025-02-01,,metered_month_to_month,,active
SUB-0002959,ACC-003756,SMB,2022-12-10,2025-09-10,metered_month_to_month,,churned
SUB-0002960,ACC-003757,SMB,2025-07-27,,metered_month_to_month,,active
SUB-0002961,ACC-003759,SMB,2022-03-15,2023-04-15,metered_month_to_month,,churned
SUB-0002962,ACC-003760,SMB,2023-04-03,2024-01-03,metered_month_to_month,,churned
SUB-0002963,ACC-003761,SMB,2020-09-19,,metered_month_to_month,,active
SUB-0002964,ACC-003762,SMB,2023-11-06,,metered_month_to_month,,active
SUB-0002965,ACC-003763,SMB,2023-05-12,2024-01-12,metered_month_to_month,,churned
SUB-0002966,ACC-003764,SMB,2025-01-06,,metered_month_to_month,,active
SUB-0002967,ACC-003766,SMB,2025-08-01,,metered_month_to_month,,active
SUB-0002968,ACC-003767,SMB,2023-10-03,2024-01-03,metered_month_to_month,,churned
SUB-0002969,ACC-003768,SMB,2025-08-01,,metered_month_to_month,,active
SUB-0002970,ACC-003769,SMB,2024-05-11,,metered_month_to_month,,active
SUB-0002971,ACC-003770,SMB,2024-12-25,2025-06-25,metered_month_to_month,,churned
SUB-0002972,ACC-003771,SMB,2024-03-25,2024-11-25,metered_month_to_month,,churned
SUB-0002973,ACC-003772,SMB,2023-06-05,,metered_month_to_month,,active
SUB-0002974,ACC-003773,SMB,2024-12-10,,metered_month_to_month,,active
SUB-0002975,ACC-003774,SMB,2025-09-10,,metered_month_to_month,,active
SUB-0002976,ACC-003775,SMB,2025-01-13,2025-06-13,metered_month_to_month,,churned
SUB-0002977,ACC-003776,SMB,2024-02-14,,metered_month_to_month,,active
SUB-0002978,ACC-003777,SMB,2025-08-02,,metered_month_to_month,,active
SUB-0002979,ACC-003778,SMB,2020-11-12,,metered_month_to_month,,active
SUB-0002980,ACC-003779,SMB,2024-07-19,2025-03-19,metered_month_to_month,,churned
SUB-0002981,ACC-003780,SMB,2025-08-26,,metered_month_to_month,,active
SUB-0002982,ACC-003781,SMB,2023-04-18,2023-12-18,metered_month_to_month,,churned
SUB-0002983,ACC-003782,SMB,2025-10-28,,metered_month_to_month,,active
SUB-0002984,ACC-003783,SMB,2023-01-06,,metered_month_to_month,,active
SUB-0002985,ACC-003784,SMB,2021-04-04,2021-08-04,metered_month_to_month,,churned
SUB-0002986,ACC-003785,SMB,2020-05-18,2022-02-18,metered_month_to_month,,churned
SUB-0002987,ACC-003786,SMB,2024-08-16,,metered_month_to_month,,active
SUB-0002988,ACC-003787,SMB,2024-09-02,,metered_month_to_month,,active
SUB-0002989,ACC-003788,SMB,2024-05-09,,metered_month_to_month,,active
SUB-0002990,ACC-003790,SMB,2024-05-28,,metered_month_to_month,,active
SUB-0002991,ACC-003791,SMB,2020-01-08,2024-06-08,metered_month_to_month,,churned
SUB-0002992,ACC-003792,SMB,2024-12-15,,metered_month_to_month,,active
SUB-0002993,ACC-003793,SMB,2025-09-07,,metered_month_to_month,,active
SUB-0002994,ACC-003795,SMB,2020-04-06,2021-02-06,metered_month_to_month,,churned
SUB-0002995,ACC-003796,SMB,2024-10-13,,metered_month_to_month,,active
SUB-0002996,ACC-003797,SMB,2021-08-20,,metered_month_to_month,,active
SUB-0002997,ACC-003798,SMB,2025-09-12,,metered_month_to_month,,active
SUB-0002998,ACC-003799,SMB,2023-11-20,,metered_month_to_month,,active
SUB-0002999,ACC-003800,SMB,2023-11-14,2024-02-14,metered_month_to_month,,churned
SUB-0003000,ACC-003801,SMB,2025-06-23,,metered_month_to_month,,active
SUB-0003001,ACC-003802,SMB,2022-12-28,2023-06-28,metered_month_to_month,,churned
SUB-0003002,ACC-003803,SMB,2024-11-06,,metered_month_to_month,,active
SUB-0003003,ACC-003804,SMB,2021-06-30,2024-06-28,metered_month_to_month,,churned
SUB-0003004,ACC-003805,SMB,2020-10-17,2021-03-17,metered_month_to_month,,churned
SUB-0003005,ACC-003806,SMB,2022-12-24,2024-03-24,metered_month_to_month,,churned
SUB-0003006,ACC-003807,SMB,2020-01-10,2024-11-10,metered_month_to_month,,churned
SUB-0003007,ACC-003808,SMB,2023-11-20,,metered_month_to_month,,active
SUB-0003008,ACC-003809,SMB,2021-07-09,,metered_month_to_month,,active
SUB-0003009,ACC-003810,SMB,2022-07-17,,metered_month_to_month,,active
SUB-0003010,ACC-003811,SMB,2025-08-12,,metered_month_to_month,,active
SUB-0003011,ACC-003812,SMB,2025-10-21,,metered_month_to_month,,active
SUB-0003012,ACC-003814,SMB,2025-02-25,2025-05-25,metered_month_to_month,,churned
SUB-0003013,ACC-003815,SMB,2025-01-17,,metered_month_to_month,,active
SUB-0003014,ACC-003816,SMB,2020-12-14,,metered_month_to_month,,active
SUB-0003015,ACC-003817,SMB,2024-09-13,,metered_month_to_month,,active
SUB-0003016,ACC-003818,SMB,2025-06-01,,metered_month_to_month,,active
SUB-0003017,ACC-003819,SMB,2025-06-13,,metered_month_to_month,,active
SUB-0003018,ACC-003820,SMB,2025-07-23,2025-09-23,metered_month_to_month,,churned
SUB-0003019,ACC-003821,SMB,2025-11-17,,metered_month_to_month,,active
SUB-0003020,ACC-003823,SMB,2020-08-15,2021-05-15,metered_month_to_month,,churned
SUB-0003021,ACC-003824,SMB,2025-01-06,,metered_month_to_month,,active
SUB-0003022,ACC-003825,SMB,2025-11-10,,metered_month_to_month,,active
SUB-0003023,ACC-003826,SMB,2025-03-18,,metered_month_to_month,,active
SUB-0003024,ACC-003827,SMB,2025-04-06,,metered_month_to_month,,active
SUB-0003025,ACC-003828,SMB,2022-09-04,,metered_month_to_month,,active
SUB-0003026,ACC-003829,SMB,2023-12-24,,metered_month_to_month,,active
SUB-0003027,ACC-003830,SMB,2025-07-10,,metered_month_to_month,,active
SUB-0003028,ACC-003831,SMB,2025-06-20,,metered_month_to_month,,active
SUB-0003029,ACC-003832,SMB,2020-12-30,2023-09-28,metered_month_to_month,,churned
SUB-0003030,ACC-003833,SMB,2025-12-22,,metered_month_to_month,,active
SUB-0003031,ACC-003834,SMB,2025-05-01,,metered_month_to_month,,active
SUB-0003032,ACC-003835,SMB,2024-10-16,,metered_month_to_month,,active
SUB-0003033,ACC-003836,SMB,2024-11-24,,metered_month_to_month,,active
SUB-0003034,ACC-003837,SMB,2023-12-08,2024-04-08,metered_month_to_month,,churned
SUB-0003035,ACC-003838,SMB,2025-02-19,,metered_month_to_month,,active
SUB-0003036,ACC-003839,SMB,2021-05-31,2021-09-30,metered_month_to_month,,churned
SUB-0003037,ACC-003840,SMB,2020-08-04,,metered_month_to_month,,active
SUB-0003038,ACC-003841,SMB,2025-10-11,,metered_month_to_month,,active
SUB-0003039,ACC-003842,SMB,2023-06-10,,metered_month_to_month,,active
SUB-0003040,ACC-003843,SMB,2020-07-20,,metered_month_to_month,,active
SUB-0003041,ACC-003844,SMB,2024-01-26,,metered_month_to_month,,active
SUB-0003042,ACC-003845,SMB,2023-12-14,,metered_month_to_month,,active
SUB-0003043,ACC-003846,SMB,2020-08-29,2022-03-28,metered_month_to_month,,churned
SUB-0003044,ACC-003847,SMB,2024-05-07,2024-10-07,metered_month_to_month,,churned
SUB-0003045,ACC-003848,SMB,2025-12-04,,metered_month_to_month,,active
SUB-0003046,ACC-003849,SMB,2020-10-21,2021-03-21,metered_month_to_month,,churned
SUB-0003047,ACC-003851,SMB,2024-11-19,,metered_month_to_month,,active
SUB-0003048,ACC-003852,SMB,2020-11-05,,metered_month_to_month,,active
SUB-0003049,ACC-003853,SMB,2024-02-02,,metered_month_to_month,,active
SUB-0003050,ACC-003854,SMB,2023-04-08,,metered_month_to_month,,active
SUB-0003051,ACC-003855,SMB,2024-10-15,,metered_month_to_month,,active
SUB-0003052,ACC-003856,SMB,2024-01-23,,metered_month_to_month,,active
SUB-0003053,ACC-003857,SMB,2021-03-01,2023-07-01,metered_month_to_month,,churned
SUB-0003054,ACC-003858,SMB,2023-12-24,,metered_month_to_month,,active
SUB-0003055,ACC-003859,SMB,2025-01-27,,metered_month_to_month,,active
SUB-0003056,ACC-003860,SMB,2025-10-27,,metered_month_to_month,,active
SUB-0003057,ACC-003861,SMB,2023-11-05,2025-03-05,metered_month_to_month,,churned
SUB-0003058,ACC-003862,SMB,2025-06-17,,metered_month_to_month,,active
SUB-0003059,ACC-003863,SMB,2025-09-25,,metered_month_to_month,,active
SUB-0003060,ACC-003864,SMB,2025-06-07,,metered_month_to_month,,active
SUB-0003061,ACC-003865,SMB,2023-09-06,2024-11-06,metered_month_to_month,,churned
SUB-0003062,ACC-003866,SMB,2022-04-07,2023-10-07,metered_month_to_month,,churned
SUB-0003063,ACC-003867,SMB,2022-09-23,2023-04-23,metered_month_to_month,,churned
SUB-0003064,ACC-003868,SMB,2022-12-08,2023-10-08,metered_month_to_month,,churned
SUB-0003065,ACC-003869,SMB,2024-10-10,,metered_month_to_month,,active
SUB-0003066,ACC-003871,SMB,2025-04-27,,metered_month_to_month,,active
SUB-0003067,ACC-003873,SMB,2025-05-24,,metered_month_to_month,,active
SUB-0003068,ACC-003874,SMB,2023-12-05,,metered_month_to_month,,active
SUB-0003069,ACC-003875,SMB,2022-10-08,,metered_month_to_month,,active
SUB-0003070,ACC-003876,SMB,2024-07-25,2025-06-25,metered_month_to_month,,churned
SUB-0003071,ACC-003877,SMB,2024-06-04,,metered_month_to_month,,active
SUB-0003072,ACC-003878,SMB,2025-09-10,,metered_month_to_month,,active
SUB-0003073,ACC-003879,SMB,2023-12-28,2024-02-28,metered_month_to_month,,churned
SUB-0003074,ACC-003880,SMB,2022-10-07,2023-07-07,metered_month_to_month,,churned
SUB-0003075,ACC-003881,SMB,2025-09-08,2025-11-08,metered_month_to_month,,churned
SUB-0003076,ACC-003882,SMB,2024-01-12,,metered_month_to_month,,active
SUB-0003077,ACC-003883,SMB,2025-03-10,,metered_month_to_month,,active
SUB-0003078,ACC-003884,SMB,2025-12-11,,metered_month_to_month,,active
SUB-0003079,ACC-003885,SMB,2025-02-14,,metered_month_to_month,,active
SUB-0003080,ACC-003886,SMB,2025-08-13,,metered_month_to_month,,active
SUB-0003081,ACC-003887,SMB,2023-10-09,,metered_month_to_month,,active
SUB-0003082,ACC-003888,SMB,2024-01-16,2024-03-16,metered_month_to_month,,churned
SUB-0003083,ACC-003890,SMB,2020-11-02,2024-03-02,metered_month_to_month,,churned
SUB-0003084,ACC-003891,SMB,2020-11-28,2025-09-28,metered_month_to_month,,churned
SUB-0003085,ACC-003892,SMB,2024-02-17,2025-07-17,metered_month_to_month,,churned
SUB-0003086,ACC-003893,SMB,2021-07-24,,metered_month_to_month,,active
SUB-0003087,ACC-003894,SMB,2025-07-08,,metered_month_to_month,,active
SUB-0003088,ACC-003895,SMB,2024-10-08,,metered_month_to_month,,active
SUB-0003089,ACC-003896,SMB,2023-10-22,,metered_month_to_month,,active
SUB-0003090,ACC-003897,SMB,2024-01-02,,metered_month_to_month,,active
SUB-0003091,ACC-003898,SMB,2025-10-05,,metered_month_to_month,,active
SUB-0003092,ACC-003900,SMB,2025-05-08,,metered_month_to_month,,active
SUB-0003093,ACC-003901,SMB,2024-05-02,2025-05-02,metered_month_to_month,,churned
SUB-0003094,ACC-003902,SMB,2025-04-09,,metered_month_to_month,,active
SUB-0003095,ACC-003904,SMB,2024-12-25,,metered_month_to_month,,active
SUB-0003096,ACC-003905,SMB,2020-10-14,2022-06-14,metered_month_to_month,,churned
SUB-0003097,ACC-003906,SMB,2023-05-20,2025-09-20,metered_month_to_month,,churned
SUB-0003098,ACC-003907,SMB,2025-12-10,,metered_month_to_month,,active
SUB-0003099,ACC-003908,SMB,2025-02-22,,metered_month_to_month,,active
SUB-0003100,ACC-003909,SMB,2023-01-23,,metered_month_to_month,,active
SUB-0003101,ACC-003910,SMB,2024-11-04,,metered_month_to_month,,active
SUB-0003102,ACC-003911,SMB,2025-07-25,2025-10-25,metered_month_to_month,,churned
SUB-0003103,ACC-003912,SMB,2025-08-15,,metered_month_to_month,,active
SUB-0003104,ACC-003913,SMB,2024-04-24,,metered_month_to_month,,active
SUB-0003105,ACC-003914,SMB,2022-10-24,,metered_month_to_month,,active
SUB-0003106,ACC-003915,SMB,2023-10-21,,metered_month_to_month,,active
SUB-0003107,ACC-003916,SMB,2020-01-03,,metered_month_to_month,,active
SUB-0003108,ACC-003917,SMB,2024-01-07,2024-09-07,metered_month_to_month,,churned
SUB-0003109,ACC-003918,SMB,2025-12-12,,metered_month_to_month,,active
SUB-0003110,ACC-003919,SMB,2023-02-01,2023-12-01,metered_month_to_month,,churned
SUB-0003111,ACC-003921,SMB,2025-10-06,,metered_month_to_month,,active
SUB-0003112,ACC-003922,SMB,2024-12-19,,metered_month_to_month,,active
SUB-0003113,ACC-003923,SMB,2025-08-06,,metered_month_to_month,,active
SUB-0003114,ACC-003924,SMB,2025-05-17,,metered_month_to_month,,active
SUB-0003115,ACC-003925,SMB,2025-10-20,,metered_month_to_month,,active
SUB-0003116,ACC-003926,SMB,2023-07-26,,metered_month_to_month,,active
SUB-0003117,ACC-003927,SMB,2025-11-28,,metered_month_to_month,,active
SUB-0003118,ACC-003928,SMB,2025-11-23,,metered_month_to_month,,active
SUB-0003119,ACC-003929,SMB,2024-03-13,2024-05-13,metered_month_to_month,,churned
SUB-0003120,ACC-003930,SMB,2021-04-20,,metered_month_to_month,,active
SUB-0003121,ACC-003932,SMB,2023-08-24,2024-05-24,metered_month_to_month,,churned
SUB-0003122,ACC-003934,SMB,2025-04-25,,metered_month_to_month,,active
SUB-0003123,ACC-003935,SMB,2024-03-17,,metered_month_to_month,,active
SUB-0003124,ACC-003936,SMB,2025-06-03,,metered_month_to_month,,active
SUB-0003125,ACC-003937,SMB,2024-12-17,,metered_month_to_month,,active
SUB-0003126,ACC-003938,SMB,2024-08-21,2025-06-21,metered_month_to_month,,churned
SUB-0003127,ACC-003939,SMB,2025-01-05,,metered_month_to_month,,active
SUB-0003128,ACC-003940,SMB,2023-10-04,2023-12-04,metered_month_to_month,,churned
SUB-0003129,ACC-003941,SMB,2025-09-25,,metered_month_to_month,,active
SUB-0003130,ACC-003942,SMB,2024-12-02,,metered_month_to_month,,active
SUB-0003131,ACC-003943,SMB,2025-08-05,,metered_month_to_month,,active
SUB-0003132,ACC-003945,SMB,2023-06-12,2025-02-12,metered_month_to_month,,churned
SUB-0003133,ACC-003947,SMB,2024-11-28,,metered_month_to_month,,active
SUB-0003134,ACC-003949,SMB,2023-10-26,,metered_month_to_month,,active
SUB-0003135,ACC-003950,SMB,2023-02-05,,metered_month_to_month,,active
SUB-0003136,ACC-003951,SMB,2025-05-24,,metered_month_to_month,,active
SUB-0003137,ACC-003952,SMB,2024-10-01,2025-11-01,metered_month_to_month,,churned
SUB-0003138,ACC-003953,SMB,2025-04-05,,metered_month_to_month,,active
SUB-0003139,ACC-003954,SMB,2025-11-20,,metered_month_to_month,,active
SUB-0003140,ACC-003956,SMB,2023-10-20,,metered_month_to_month,,active
SUB-0003141,ACC-003958,SMB,2025-11-07,,metered_month_to_month,,active
SUB-0003142,ACC-003959,SMB,2024-09-23,,metered_month_to_month,,active
SUB-0003143,ACC-003960,SMB,2025-04-22,,metered_month_to_month,,active
SUB-0003144,ACC-003961,SMB,2025-10-09,,metered_month_to_month,,active
SUB-0003145,ACC-003962,SMB,2025-12-23,,metered_month_to_month,,active
SUB-0003146,ACC-003963,SMB,2022-02-09,,metered_month_to_month,,active
SUB-0003147,ACC-003964,SMB,2021-12-02,,metered_month_to_month,,active
SUB-0003148,ACC-003965,SMB,2025-03-25,,metered_month_to_month,,active
SUB-0003149,ACC-003966,SMB,2025-05-25,,metered_month_to_month,,active
SUB-0003150,ACC-003967,SMB,2023-04-28,2023-12-28,metered_month_to_month,,churned
SUB-0003151,ACC-003968,SMB,2023-11-26,,metered_month_to_month,,active
SUB-0003152,ACC-003969,SMB,2021-06-17,2024-08-17,metered_month_to_month,,churned
SUB-0003153,ACC-003971,SMB,2024-03-21,,metered_month_to_month,,active
SUB-0003154,ACC-003972,SMB,2025-10-17,,metered_month_to_month,,active
SUB-0003155,ACC-003973,SMB,2025-12-11,,metered_month_to_month,,active
SUB-0003156,ACC-003974,SMB,2023-09-17,2024-06-17,metered_month_to_month,,churned
SUB-0003157,ACC-003975,SMB,2022-10-17,,metered_month_to_month,,active
SUB-0003158,ACC-003976,SMB,2024-08-08,2025-03-08,metered_month_to_month,,churned
SUB-0003159,ACC-003978,SMB,2025-05-14,,metered_month_to_month,,active
SUB-0003160,ACC-003980,SMB,2023-06-18,,metered_month_to_month,,active
SUB-0003161,ACC-003981,SMB,2023-09-07,2024-01-07,metered_month_to_month,,churned
SUB-0003162,ACC-003982,SMB,2025-07-12,,metered_month_to_month,,active
SUB-0003163,ACC-003983,SMB,2023-09-14,2024-03-14,metered_month_to_month,,churned
SUB-0003164,ACC-003984,SMB,2023-09-10,,metered_month_to_month,,active
SUB-0003165,ACC-003985,SMB,2021-10-13,2025-04-13,metered_month_to_month,,churned
SUB-0003166,ACC-003986,SMB,2021-08-16,2022-09-16,metered_month_to_month,,churned
SUB-0003167,ACC-003987,SMB,2025-08-09,,metered_month_to_month,,active
SUB-0003168,ACC-003988,SMB,2024-12-12,2025-10-12,metered_month_to_month,,churned
SUB-0003169,ACC-003989,SMB,2025-08-07,,metered_month_to_month,,active
SUB-0003170,ACC-003991,SMB,2022-08-29,,metered_month_to_month,,active
SUB-0003171,ACC-003992,SMB,2022-08-22,2024-04-22,metered_month_to_month,,churned
SUB-0003172,ACC-003993,SMB,2025-11-23,,metered_month_to_month,,active
SUB-0003173,ACC-003994,SMB,2025-09-04,,metered_month_to_month,,active
SUB-0003174,ACC-003995,SMB,2025-10-07,,metered_month_to_month,,active
SUB-0003175,ACC-003996,SMB,2024-01-17,,metered_month_to_month,,active
SUB-0003176,ACC-003997,SMB,2023-12-11,,metered_month_to_month,,active
SUB-0003177,ACC-003998,SMB,2024-02-27,,metered_month_to_month,,active
SUB-0003178,ACC-003999,SMB,2023-08-13,,metered_month_to_month,,active
SUB-0003179,ACC-004000,SMB,2024-04-02,2024-12-02,metered_month_to_month,,churned
SUB-0003180,ACC-004001,SMB,2023-11-03,2024-05-03,metered_month_to_month,,churned
SUB-0003181,ACC-004002,SMB,2024-06-05,,metered_month_to_month,,active
SUB-0003182,ACC-004003,SMB,2021-09-30,2022-06-28,metered_month_to_month,,churned
SUB-0003183,ACC-004004,SMB,2023-09-13,,metered_month_to_month,,active
SUB-0003184,ACC-004006,SMB,2024-03-18,,metered_month_to_month,,active
SUB-0003185,ACC-004007,SMB,2025-04-01,,metered_month_to_month,,active
SUB-0003186,ACC-004008,SMB,2025-10-10,,metered_month_to_month,,active
SUB-0003187,ACC-004009,SMB,2024-10-16,2025-09-16,metered_month_to_month,,churned
SUB-0003188,ACC-004010,SMB,2023-11-19,,metered_month_to_month,,active
SUB-0003189,ACC-004011,SMB,2022-03-29,2024-06-28,metered_month_to_month,,churned
SUB-0003190,ACC-004012,SMB,2020-10-06,2023-12-06,metered_month_to_month,,churned
SUB-0003191,ACC-004013,SMB,2025-10-01,,metered_month_to_month,,active
SUB-0003192,ACC-004014,SMB,2025-03-13,,metered_month_to_month,,active
SUB-0003193,ACC-004015,SMB,2024-04-15,,metered_month_to_month,,active
SUB-0003194,ACC-004016,SMB,2025-01-10,,metered_month_to_month,,active
SUB-0003195,ACC-004017,SMB,2025-02-25,,metered_month_to_month,,active
SUB-0003196,ACC-004018,SMB,2022-02-25,2024-09-25,metered_month_to_month,,churned
SUB-0003197,ACC-004020,SMB,2023-04-19,,metered_month_to_month,,active
SUB-0003198,ACC-004021,SMB,2024-11-10,,metered_month_to_month,,active
SUB-0003199,ACC-004022,SMB,2025-01-28,,metered_month_to_month,,active
SUB-0003200,ACC-004024,SMB,2020-05-16,,metered_month_to_month,,active
SUB-0003201,ACC-004025,SMB,2024-01-21,,metered_month_to_month,,active
SUB-0003202,ACC-004026,SMB,2024-09-12,2025-06-12,metered_month_to_month,,churned
SUB-0003203,ACC-004027,SMB,2023-11-18,,metered_month_to_month,,active
SUB-0003204,ACC-004029,SMB,2023-10-04,2024-09-04,metered_month_to_month,,churned
SUB-0003205,ACC-004030,SMB,2024-09-01,,metered_month_to_month,,active
SUB-0003206,ACC-004031,SMB,2025-05-04,,metered_month_to_month,,active
SUB-0003207,ACC-004032,SMB,2025-09-10,,metered_month_to_month,,active
SUB-0003208,ACC-004033,SMB,2023-08-06,,metered_month_to_month,,active
SUB-0003209,ACC-004034,SMB,2025-09-24,,metered_month_to_month,,active
SUB-0003210,ACC-004035,SMB,2023-10-28,,metered_month_to_month,,active
SUB-0003211,ACC-004036,SMB,2024-05-26,2024-12-26,metered_month_to_month,,churned
SUB-0003212,ACC-004037,SMB,2024-03-17,,metered_month_to_month,,active
SUB-0003213,ACC-004038,SMB,2023-12-01,,metered_month_to_month,,active
SUB-0003214,ACC-004039,SMB,2025-01-17,,metered_month_to_month,,active
SUB-0003215,ACC-004040,SMB,2024-08-19,2025-01-19,metered_month_to_month,,churned
SUB-0003216,ACC-004041,SMB,2025-11-27,,metered_month_to_month,,active
SUB-0003217,ACC-004043,SMB,2024-11-01,,metered_month_to_month,,active
SUB-0003218,ACC-004044,SMB,2025-12-14,,metered_month_to_month,,active
SUB-0003219,ACC-004045,SMB,2022-09-24,,metered_month_to_month,,active
SUB-0003220,ACC-004046,SMB,2024-03-06,,metered_month_to_month,,active
SUB-0003221,ACC-004048,SMB,2022-06-05,,metered_month_to_month,,active
SUB-0003222,ACC-004049,SMB,2025-09-03,,metered_month_to_month,,active
SUB-0003223,ACC-004050,SMB,2022-06-13,,metered_month_to_month,,active
SUB-0003224,ACC-004051,SMB,2025-02-27,,metered_month_to_month,,active
SUB-0003225,ACC-004053,SMB,2020-12-12,2021-04-12,metered_month_to_month,,churned
SUB-0003226,ACC-004054,SMB,2024-11-06,,metered_month_to_month,,active
SUB-0003227,ACC-004056,SMB,2025-11-23,,metered_month_to_month,,active
SUB-0003228,ACC-004057,SMB,2025-10-19,,metered_month_to_month,,active
SUB-0003229,ACC-004058,SMB,2024-02-23,2024-04-23,metered_month_to_month,,churned
SUB-0003230,ACC-004060,SMB,2025-11-20,,metered_month_to_month,,active
SUB-0003231,ACC-004061,SMB,2023-06-05,2025-01-05,metered_month_to_month,,churned
SUB-0003232,ACC-004062,SMB,2024-11-12,,metered_month_to_month,,active
SUB-0003233,ACC-004063,SMB,2025-08-18,,metered_month_to_month,,active
SUB-0003234,ACC-004064,SMB,2023-01-12,2023-08-12,metered_month_to_month,,churned
SUB-0003235,ACC-004066,SMB,2024-07-26,,metered_month_to_month,,active
SUB-0003236,ACC-004067,SMB,2021-09-08,,metered_month_to_month,,active
SUB-0003237,ACC-004068,SMB,2025-01-20,,metered_month_to_month,,active
SUB-0003238,ACC-004069,SMB,2024-08-18,,metered_month_to_month,,active
SUB-0003239,ACC-004070,SMB,2021-08-22,2022-06-22,metered_month_to_month,,churned
SUB-0003240,ACC-004071,SMB,2025-12-16,,metered_month_to_month,,active
SUB-0003241,ACC-004072,SMB,2023-06-01,,metered_month_to_month,,active
SUB-0003242,ACC-004073,SMB,2023-08-21,,metered_month_to_month,,active
SUB-0003243,ACC-004074,SMB,2020-08-10,2021-04-10,metered_month_to_month,,churned
SUB-0003244,ACC-004076,SMB,2021-06-25,2023-08-25,metered_month_to_month,,churned
SUB-0003245,ACC-004077,SMB,2025-10-19,,metered_month_to_month,,active
SUB-0003246,ACC-004078,SMB,2023-11-13,,metered_month_to_month,,active
SUB-0003247,ACC-004079,SMB,2025-03-18,,metered_month_to_month,,active
SUB-0003248,ACC-004080,SMB,2024-07-27,,metered_month_to_month,,active
SUB-0003249,ACC-004081,SMB,2023-02-14,2024-04-14,metered_month_to_month,,churned
SUB-0003250,ACC-004082,SMB,2025-07-02,,metered_month_to_month,,active
SUB-0003251,ACC-004083,SMB,2024-05-20,,metered_month_to_month,,active
SUB-0003252,ACC-004084,SMB,2021-11-13,2023-02-13,metered_month_to_month,,churned
SUB-0003253,ACC-004085,SMB,2023-12-02,2025-09-02,metered_month_to_month,,churned
SUB-0003254,ACC-004086,SMB,2023-01-02,2024-02-02,metered_month_to_month,,churned
SUB-0003255,ACC-004088,SMB,2024-01-06,,metered_month_to_month,,active
SUB-0003256,ACC-004089,SMB,2023-10-09,,metered_month_to_month,,active
SUB-0003257,ACC-004090,SMB,2022-02-26,,metered_month_to_month,,active
SUB-0003258,ACC-004091,SMB,2025-08-04,,metered_month_to_month,,active
SUB-0003259,ACC-004092,SMB,2025-03-15,,metered_month_to_month,,active
SUB-0003260,ACC-004093,SMB,2025-01-12,,metered_month_to_month,,active
SUB-0003261,ACC-004094,SMB,2022-07-01,2024-12-01,metered_month_to_month,,churned
SUB-0003262,ACC-004095,SMB,2024-05-26,,metered_month_to_month,,active
SUB-0003263,ACC-004096,SMB,2025-10-13,,metered_month_to_month,,active
SUB-0003264,ACC-004097,SMB,2024-10-17,,metered_month_to_month,,active
SUB-0003265,ACC-004098,SMB,2025-01-22,,metered_month_to_month,,active
SUB-0003266,ACC-004099,SMB,2024-10-07,,metered_month_to_month,,active
SUB-0003267,ACC-004100,SMB,2020-09-26,,metered_month_to_month,,active
SUB-0003268,ACC-004102,SMB,2022-03-19,,metered_month_to_month,,active
SUB-0003269,ACC-004103,SMB,2025-06-01,,metered_month_to_month,,active
SUB-0003270,ACC-004104,SMB,2025-08-26,,metered_month_to_month,,active
SUB-0003271,ACC-004105,SMB,2024-04-01,,metered_month_to_month,,active
SUB-0003272,ACC-004106,SMB,2023-10-09,2023-12-09,metered_month_to_month,,churned
SUB-0003273,ACC-004107,SMB,2021-03-28,2023-02-28,metered_month_to_month,,churned
SUB-0003274,ACC-004109,SMB,2020-02-18,2023-09-18,metered_month_to_month,,churned
SUB-0003275,ACC-004110,SMB,2025-04-24,,metered_month_to_month,,active
SUB-0003276,ACC-004111,SMB,2025-12-01,,metered_month_to_month,,active
SUB-0003277,ACC-004112,SMB,2024-12-11,,metered_month_to_month,,active
SUB-0003278,ACC-004113,SMB,2020-03-14,,metered_month_to_month,,active
SUB-0003279,ACC-004114,SMB,2025-01-27,2025-09-27,metered_month_to_month,,churned
SUB-0003280,ACC-004115,SMB,2025-11-21,,metered_month_to_month,,active
SUB-0003281,ACC-004116,SMB,2025-05-13,,metered_month_to_month,,active
SUB-0003282,ACC-004117,SMB,2024-12-10,,metered_month_to_month,,active
SUB-0003283,ACC-004118,SMB,2024-03-12,,metered_month_to_month,,active
SUB-0003284,ACC-004119,SMB,2025-01-05,,metered_month_to_month,,active
SUB-0003285,ACC-004121,SMB,2025-06-19,,metered_month_to_month,,active
SUB-0003286,ACC-004122,SMB,2020-04-01,2020-11-01,metered_month_to_month,,churned
SUB-0003287,ACC-004123,SMB,2020-07-09,2022-04-09,metered_month_to_month,,churned
SUB-0003288,ACC-004124,SMB,2025-05-23,,metered_month_to_month,,active
SUB-0003289,ACC-004125,SMB,2023-05-14,,metered_month_to_month,,active
SUB-0003290,ACC-004126,SMB,2024-06-09,2025-04-09,metered_month_to_month,,churned
SUB-0003291,ACC-004127,SMB,2023-09-26,2024-03-26,metered_month_to_month,,churned
SUB-0003292,ACC-004128,SMB,2022-08-02,,metered_month_to_month,,active
SUB-0003293,ACC-004129,SMB,2025-12-24,,metered_month_to_month,,active
SUB-0003294,ACC-004130,SMB,2025-05-17,,metered_month_to_month,,active
SUB-0003295,ACC-004131,SMB,2020-08-21,2022-05-21,metered_month_to_month,,churned
SUB-0003296,ACC-004132,SMB,2020-06-18,2023-12-18,metered_month_to_month,,churned
SUB-0003297,ACC-004133,SMB,2023-05-12,2025-10-12,metered_month_to_month,,churned
SUB-0003298,ACC-004134,SMB,2025-12-18,,metered_month_to_month,,active
SUB-0003299,ACC-004135,SMB,2022-01-13,,metered_month_to_month,,active
SUB-0003300,ACC-004136,SMB,2023-03-08,,metered_month_to_month,,active
SUB-0003301,ACC-004137,SMB,2025-08-26,,metered_month_to_month,,active
SUB-0003302,ACC-004138,SMB,2025-10-15,,metered_month_to_month,,active
SUB-0003303,ACC-004139,SMB,2024-10-01,,metered_month_to_month,,active
SUB-0003304,ACC-004140,SMB,2024-08-27,,metered_month_to_month,,active
SUB-0003305,ACC-004141,SMB,2025-06-11,2025-09-11,metered_month_to_month,,churned
SUB-0003306,ACC-004142,SMB,2023-06-10,2025-09-10,metered_month_to_month,,churned
SUB-0003307,ACC-004144,SMB,2024-09-03,,metered_month_to_month,,active
SUB-0003308,ACC-004145,SMB,2020-09-02,2023-06-02,metered_month_to_month,,churned
SUB-0003309,ACC-004146,SMB,2025-02-19,2025-10-19,metered_month_to_month,,churned
SUB-0003310,ACC-004147,SMB,2023-06-17,,metered_month_to_month,,active
SUB-0003311,ACC-004148,SMB,2025-01-17,,metered_month_to_month,,active
SUB-0003312,ACC-004149,SMB,2025-06-25,,metered_month_to_month,,active
SUB-0003313,ACC-004150,SMB,2023-09-26,,metered_month_to_month,,active
SUB-0003314,ACC-004152,SMB,2021-07-28,2022-12-28,metered_month_to_month,,churned
SUB-0003315,ACC-004153,SMB,2024-02-27,,metered_month_to_month,,active
SUB-0003316,ACC-004154,SMB,2020-10-26,2025-04-26,metered_month_to_month,,churned
SUB-0003317,ACC-004155,SMB,2023-01-10,,metered_month_to_month,,active
SUB-0003318,ACC-004156,SMB,2024-08-25,,metered_month_to_month,,active
SUB-0003319,ACC-004157,SMB,2025-07-16,,metered_month_to_month,,active
SUB-0003320,ACC-004158,SMB,2024-09-13,2025-10-13,metered_month_to_month,,churned
SUB-0003321,ACC-004159,SMB,2025-06-14,,metered_month_to_month,,active
SUB-0003322,ACC-004160,SMB,2024-10-04,,metered_month_to_month,,active
SUB-0003323,ACC-004161,SMB,2024-09-03,,metered_month_to_month,,active
SUB-0003324,ACC-004162,SMB,2025-07-20,,metered_month_to_month,,active
SUB-0003325,ACC-004163,SMB,2023-01-10,,metered_month_to_month,,active
SUB-0003326,ACC-004164,SMB,2021-01-02,2024-08-02,metered_month_to_month,,churned
SUB-0003327,ACC-004165,SMB,2022-01-29,2023-06-28,metered_month_to_month,,churned
SUB-0003328,ACC-004166,SMB,2024-08-13,,metered_month_to_month,,active
SUB-0003329,ACC-004167,SMB,2025-06-28,,metered_month_to_month,,active
SUB-0003330,ACC-004168,SMB,2020-08-16,2020-11-16,metered_month_to_month,,churned
SUB-0003331,ACC-004169,SMB,2024-06-01,,metered_month_to_month,,active
SUB-0003332,ACC-004170,SMB,2023-09-15,,metered_month_to_month,,active
SUB-0003333,ACC-004171,SMB,2021-10-23,,metered_month_to_month,,active
SUB-0003334,ACC-004172,SMB,2020-09-22,,metered_month_to_month,,active
SUB-0003335,ACC-004173,SMB,2024-01-17,,metered_month_to_month,,active
SUB-0003336,ACC-004175,SMB,2020-04-13,2020-11-13,metered_month_to_month,,churned
SUB-0003337,ACC-004176,SMB,2024-04-17,2024-08-17,metered_month_to_month,,churned
SUB-0003338,ACC-004177,SMB,2024-03-08,2025-07-08,metered_month_to_month,,churned
SUB-0003339,ACC-004179,SMB,2024-12-11,,metered_month_to_month,,active
SUB-0003340,ACC-004180,SMB,2024-02-25,,metered_month_to_month,,active
SUB-0003341,ACC-004182,SMB,2024-06-14,,metered_month_to_month,,active
SUB-0003342,ACC-004183,SMB,2023-12-06,2024-10-06,metered_month_to_month,,churned
SUB-0003343,ACC-004184,SMB,2024-05-16,2025-01-16,metered_month_to_month,,churned
SUB-0003344,ACC-004185,SMB,2024-06-03,,metered_month_to_month,,active
SUB-0003345,ACC-004186,SMB,2020-02-29,2023-07-28,metered_month_to_month,,churned
SUB-0003346,ACC-004188,SMB,2025-06-02,,metered_month_to_month,,active
SUB-0003347,ACC-004189,SMB,2025-07-22,,metered_month_to_month,,active
SUB-0003348,ACC-004190,SMB,2023-04-03,2025-09-03,metered_month_to_month,,churned
SUB-0003349,ACC-004191,SMB,2024-09-12,,metered_month_to_month,,active
SUB-0003350,ACC-004193,SMB,2025-05-08,,metered_month_to_month,,active
SUB-0003351,ACC-004194,SMB,2025-09-20,,metered_month_to_month,,active
SUB-0003352,ACC-004195,SMB,2021-03-23,,metered_month_to_month,,active
SUB-0003353,ACC-004196,SMB,2020-02-16,,metered_month_to_month,,active
SUB-0003354,ACC-004197,SMB,2022-03-26,,metered_month_to_month,,active
SUB-0003355,ACC-004198,SMB,2025-06-27,,metered_month_to_month,,active
SUB-0003356,ACC-004199,SMB,2025-11-17,,metered_month_to_month,,active
SUB-0003357,ACC-004200,SMB,2023-12-24,2025-08-24,metered_month_to_month,,churned
SUB-0003358,ACC-004201,SMB,2023-11-15,,metered_month_to_month,,active
SUB-0003359,ACC-004202,SMB,2024-09-07,,metered_month_to_month,,active
SUB-0003360,ACC-004203,SMB,2025-08-13,,metered_month_to_month,,active
SUB-0003361,ACC-004204,SMB,2025-08-06,,metered_month_to_month,,active
SUB-0003362,ACC-004205,SMB,2022-01-09,2024-11-09,metered_month_to_month,,churned
SUB-0003363,ACC-004206,SMB,2025-03-13,,metered_month_to_month,,active
SUB-0003364,ACC-004207,SMB,2025-01-13,,metered_month_to_month,,active
SUB-0003365,ACC-004208,SMB,2025-11-18,,metered_month_to_month,,active
SUB-0003366,ACC-004209,SMB,2025-11-22,,metered_month_to_month,,active
SUB-0003367,ACC-004210,SMB,2024-07-07,2025-10-07,metered_month_to_month,,churned
SUB-0003368,ACC-004211,SMB,2024-12-21,,metered_month_to_month,,active
SUB-0003369,ACC-004212,SMB,2024-11-03,,metered_month_to_month,,active
SUB-0003370,ACC-004213,SMB,2022-04-23,,metered_month_to_month,,active
SUB-0003371,ACC-004214,SMB,2025-12-28,,metered_month_to_month,,active
SUB-0003372,ACC-004215,SMB,2025-12-26,,metered_month_to_month,,active
SUB-0003373,ACC-004216,SMB,2023-05-05,,metered_month_to_month,,active
SUB-0003374,ACC-004217,SMB,2024-07-16,,metered_month_to_month,,active
SUB-0003375,ACC-004218,SMB,2025-11-09,,metered_month_to_month,,active
SUB-0003376,ACC-004220,SMB,2020-01-24,2021-05-24,metered_month_to_month,,churned
SUB-0003377,ACC-004221,SMB,2025-02-12,,metered_month_to_month,,active
SUB-0003378,ACC-004222,SMB,2023-06-18,,metered_month_to_month,,active
SUB-0003379,ACC-004223,SMB,2023-12-09,2025-01-09,metered_month_to_month,,churned
SUB-0003380,ACC-004224,SMB,2024-03-11,2024-06-11,metered_month_to_month,,churned
SUB-0003381,ACC-004226,SMB,2024-04-04,2025-02-04,metered_month_to_month,,churned
SUB-0003382,ACC-004227,SMB,2025-04-10,,metered_month_to_month,,active
SUB-0003383,ACC-004228,SMB,2025-07-13,,metered_month_to_month,,active
SUB-0003384,ACC-004229,SMB,2023-07-06,,metered_month_to_month,,active
SUB-0003385,ACC-004230,SMB,2024-10-13,,metered_month_to_month,,active
SUB-0003386,ACC-004231,SMB,2022-04-05,2023-07-05,metered_month_to_month,,churned
SUB-0003387,ACC-004232,SMB,2025-02-25,,metered_month_to_month,,active
SUB-0003388,ACC-004233,SMB,2021-11-24,,metered_month_to_month,,active
SUB-0003389,ACC-004234,SMB,2025-11-14,,metered_month_to_month,,active
SUB-0003390,ACC-004235,SMB,2020-04-01,,metered_month_to_month,,active
SUB-0003391,ACC-004236,SMB,2025-01-23,,metered_month_to_month,,active
SUB-0003392,ACC-004237,SMB,2023-09-09,2025-11-09,metered_month_to_month,,churned
SUB-0003393,ACC-004239,SMB,2025-10-05,,metered_month_to_month,,active
SUB-0003394,ACC-004240,SMB,2025-02-19,,metered_month_to_month,,active
SUB-0003395,ACC-004241,SMB,2023-06-26,2025-03-26,metered_month_to_month,,churned
SUB-0003396,ACC-004242,SMB,2024-01-03,2024-11-03,metered_month_to_month,,churned
SUB-0003397,ACC-004243,SMB,2025-10-13,,metered_month_to_month,,active
SUB-0003398,ACC-004244,SMB,2024-03-26,,metered_month_to_month,,active
SUB-0003399,ACC-004245,SMB,2024-10-01,,metered_month_to_month,,active
SUB-0003400,ACC-004246,SMB,2022-03-22,,metered_month_to_month,,active
SUB-0003401,ACC-004247,SMB,2025-03-20,,metered_month_to_month,,active
SUB-0003402,ACC-004248,SMB,2023-04-13,,metered_month_to_month,,active
SUB-0003403,ACC-004249,SMB,2025-08-26,,metered_month_to_month,,active
SUB-0003404,ACC-004250,SMB,2024-05-05,,metered_month_to_month,,active
SUB-0003405,ACC-004251,SMB,2024-12-17,,metered_month_to_month,,active
SUB-0003406,ACC-004252,SMB,2023-08-13,,metered_month_to_month,,active
SUB-0003407,ACC-004253,SMB,2024-10-24,,metered_month_to_month,,active
SUB-0003408,ACC-004254,SMB,2025-12-11,,metered_month_to_month,,active
SUB-0003409,ACC-004255,SMB,2024-12-12,2025-07-12,metered_month_to_month,,churned
SUB-0003410,ACC-004256,SMB,2025-02-16,,metered_month_to_month,,active
SUB-0003411,ACC-004257,SMB,2025-11-06,,metered_month_to_month,,active
SUB-0003412,ACC-004258,SMB,2023-07-23,2025-10-23,metered_month_to_month,,churned
SUB-0003413,ACC-004259,SMB,2025-11-16,,metered_month_to_month,,active
SUB-0003414,ACC-004261,SMB,2025-02-24,,metered_month_to_month,,active
SUB-0003415,ACC-004262,SMB,2024-05-10,,metered_month_to_month,,active
SUB-0003416,ACC-004263,SMB,2020-05-10,2021-03-10,metered_month_to_month,,churned
SUB-0003417,ACC-004264,SMB,2025-12-07,,metered_month_to_month,,active
SUB-0003418,ACC-004265,SMB,2024-08-15,,metered_month_to_month,,active
SUB-0003419,ACC-004267,SMB,2024-12-10,,metered_month_to_month,,active
SUB-0003420,ACC-004268,SMB,2025-12-06,,metered_month_to_month,,active
SUB-0003421,ACC-004269,SMB,2025-08-11,,metered_month_to_month,,active
SUB-0003422,ACC-004270,SMB,2025-01-05,,metered_month_to_month,,active
SUB-0003423,ACC-004272,SMB,2024-10-24,,metered_month_to_month,,active
SUB-0003424,ACC-004273,SMB,2025-06-25,,metered_month_to_month,,active
SUB-0003425,ACC-004274,SMB,2024-06-27,,metered_month_to_month,,active
SUB-0003426,ACC-004275,SMB,2025-04-24,,metered_month_to_month,,active
SUB-0003427,ACC-004277,SMB,2020-06-14,2023-03-14,metered_month_to_month,,churned
SUB-0003428,ACC-004279,SMB,2024-11-07,,metered_month_to_month,,active
SUB-0003429,ACC-004280,SMB,2025-10-24,,metered_month_to_month,,active
SUB-0003430,ACC-004281,SMB,2020-12-30,2022-08-28,metered_month_to_month,,churned
SUB-0003431,ACC-004282,SMB,2021-03-05,,metered_month_to_month,,active
SUB-0003432,ACC-004283,SMB,2024-04-16,,metered_month_to_month,,active
SUB-0003433,ACC-004284,SMB,2025-12-21,,metered_month_to_month,,active
SUB-0003434,ACC-004285,SMB,2024-05-05,,metered_month_to_month,,active
SUB-0003435,ACC-004286,SMB,2020-06-06,2021-12-06,metered_month_to_month,,churned
SUB-0003436,ACC-004287,SMB,2020-06-04,2021-08-04,metered_month_to_month,,churned
SUB-0003437,ACC-004288,SMB,2022-12-08,2023-03-08,metered_month_to_month,,churned
SUB-0003438,ACC-004289,SMB,2023-09-01,,metered_month_to_month,,active
SUB-0003439,ACC-004290,SMB,2023-04-13,2025-01-13,metered_month_to_month,,churned
SUB-0003440,ACC-004292,SMB,2025-09-11,2025-11-11,metered_month_to_month,,churned
SUB-0003441,ACC-004293,SMB,2024-04-12,,metered_month_to_month,,active
SUB-0003442,ACC-004294,SMB,2025-05-20,,metered_month_to_month,,active
SUB-0003443,ACC-004295,SMB,2020-05-17,,metered_month_to_month,,active
SUB-0003444,ACC-004296,SMB,2025-11-17,,metered_month_to_month,,active
SUB-0003445,ACC-004297,SMB,2025-09-26,,metered_month_to_month,,active
SUB-0003446,ACC-004298,SMB,2024-11-07,,metered_month_to_month,,active
SUB-0003447,ACC-004299,SMB,2021-05-09,2022-08-09,metered_month_to_month,,churned
SUB-0003448,ACC-004300,SMB,2025-09-08,2025-11-08,metered_month_to_month,,churned
SUB-0003449,ACC-004301,SMB,2022-04-20,2025-05-20,metered_month_to_month,,churned
SUB-0003450,ACC-004302,SMB,2020-05-29,,metered_month_to_month,,active
SUB-0003451,ACC-004303,SMB,2025-05-25,,metered_month_to_month,,active
SUB-0003452,ACC-004304,SMB,2023-06-09,,metered_month_to_month,,active
SUB-0003453,ACC-004305,SMB,2022-11-20,,metered_month_to_month,,active
SUB-0003454,ACC-004306,SMB,2025-12-09,,metered_month_to_month,,active
SUB-0003455,ACC-004307,SMB,2023-07-19,2025-04-19,metered_month_to_month,,churned
SUB-0003456,ACC-004308,SMB,2023-03-25,,metered_month_to_month,,active
SUB-0003457,ACC-004309,SMB,2025-10-18,,metered_month_to_month,,active
SUB-0003458,ACC-004310,SMB,2025-12-21,,metered_month_to_month,,active
SUB-0003459,ACC-004311,SMB,2025-05-03,,metered_month_to_month,,active
SUB-0003460,ACC-004312,SMB,2025-10-09,,metered_month_to_month,,active
SUB-0003461,ACC-004313,SMB,2025-03-20,,metered_month_to_month,,active
SUB-0003462,ACC-004314,SMB,2025-10-28,,metered_month_to_month,,active
SUB-0003463,ACC-004315,SMB,2020-10-26,,metered_month_to_month,,active
SUB-0003464,ACC-004316,SMB,2024-10-09,,metered_month_to_month,,active
SUB-0003465,ACC-004317,SMB,2025-04-16,,metered_month_to_month,,active
SUB-0003466,ACC-004318,SMB,2025-11-25,,metered_month_to_month,,active
SUB-0003467,ACC-004319,SMB,2020-12-30,2021-03-28,metered_month_to_month,,churned
SUB-0003468,ACC-004320,SMB,2024-08-08,,metered_month_to_month,,active
SUB-0003469,ACC-004321,SMB,2025-12-27,,metered_month_to_month,,active
SUB-0003470,ACC-004322,SMB,2025-04-25,2025-10-25,metered_month_to_month,,churned
SUB-0003471,ACC-004323,SMB,2023-03-12,,metered_month_to_month,,active
SUB-0003472,ACC-004324,SMB,2024-12-14,,metered_month_to_month,,active
SUB-0003473,ACC-004325,SMB,2025-11-03,,metered_month_to_month,,active
SUB-0003474,ACC-004327,SMB,2021-05-02,,metered_month_to_month,,active
SUB-0003475,ACC-004328,SMB,2024-05-14,,metered_month_to_month,,active
SUB-0003476,ACC-004329,SMB,2025-10-14,,metered_month_to_month,,active
SUB-0003477,ACC-004330,SMB,2024-06-05,2024-09-05,metered_month_to_month,,churned
SUB-0003478,ACC-004331,SMB,2021-12-26,2024-04-26,metered_month_to_month,,churned
SUB-0003479,ACC-004332,SMB,2025-12-02,,metered_month_to_month,,active
SUB-0003480,ACC-004333,SMB,2024-05-04,,metered_month_to_month,,active
SUB-0003481,ACC-004335,SMB,2024-01-15,,metered_month_to_month,,active
SUB-0003482,ACC-004336,SMB,2024-06-19,2025-01-19,metered_month_to_month,,churned
SUB-0003483,ACC-004337,SMB,2025-06-06,,metered_month_to_month,,active
SUB-0003484,ACC-004338,SMB,2025-01-07,,metered_month_to_month,,active
SUB-0003485,ACC-004339,SMB,2025-01-18,,metered_month_to_month,,active
SUB-0003486,ACC-004340,SMB,2025-03-16,,metered_month_to_month,,active
SUB-0003487,ACC-004342,SMB,2025-07-18,,metered_month_to_month,,active
SUB-0003488,ACC-004343,SMB,2024-11-14,,metered_month_to_month,,active
SUB-0003489,ACC-004344,SMB,2021-06-01,,metered_month_to_month,,active
SUB-0003490,ACC-004345,SMB,2025-02-01,,metered_month_to_month,,active
SUB-0003491,ACC-004346,SMB,2025-04-06,2025-06-06,metered_month_to_month,,churned
SUB-0003492,ACC-004347,SMB,2023-07-11,,metered_month_to_month,,active
SUB-0003493,ACC-004348,SMB,2024-11-16,,metered_month_to_month,,active
SUB-0003494,ACC-004349,SMB,2021-01-04,,metered_month_to_month,,active
SUB-0003495,ACC-004350,SMB,2020-12-07,,metered_month_to_month,,active
SUB-0003496,ACC-004351,SMB,2024-01-07,,metered_month_to_month,,active
SUB-0003497,ACC-004352,SMB,2025-12-27,,metered_month_to_month,,active
SUB-0003498,ACC-004353,SMB,2023-09-22,,metered_month_to_month,,active
SUB-0003499,ACC-004354,SMB,2025-10-13,,metered_month_to_month,,active
SUB-0003500,ACC-004355,SMB,2023-02-12,2023-04-12,metered_month_to_month,,churned
SUB-0003501,ACC-004356,SMB,2023-07-14,2023-09-14,metered_month_to_month,,churned
SUB-0003502,ACC-004357,SMB,2024-03-24,2025-09-24,metered_month_to_month,,churned
SUB-0003503,ACC-004358,SMB,2020-10-10,2021-01-10,metered_month_to_month,,churned
SUB-0003504,ACC-004359,SMB,2024-03-03,2025-10-03,metered_month_to_month,,churned
SUB-0003505,ACC-004360,SMB,2024-01-12,2024-05-12,metered_month_to_month,,churned
SUB-0003506,ACC-004363,SMB,2023-10-20,,metered_month_to_month,,active
SUB-0003507,ACC-004364,SMB,2025-03-12,,metered_month_to_month,,active
SUB-0003508,ACC-004365,SMB,2022-04-14,,metered_month_to_month,,active
SUB-0003509,ACC-004366,SMB,2024-07-05,,metered_month_to_month,,active
SUB-0003510,ACC-004368,SMB,2025-02-26,,metered_month_to_month,,active
SUB-0003511,ACC-004369,SMB,2025-07-04,,metered_month_to_month,,active
SUB-0003512,ACC-004370,SMB,2022-05-29,2023-12-28,metered_month_to_month,,churned
SUB-0003513,ACC-004371,SMB,2023-11-22,2025-06-22,metered_month_to_month,,churned
SUB-0003514,ACC-004372,SMB,2025-10-09,,metered_month_to_month,,active
SUB-0003515,ACC-004373,SMB,2024-02-22,,metered_month_to_month,,active
SUB-0003516,ACC-004374,SMB,2021-05-17,,metered_month_to_month,,active
SUB-0003517,ACC-004375,SMB,2025-10-08,,metered_month_to_month,,active
SUB-0003518,ACC-004376,SMB,2021-07-19,2024-11-19,metered_month_to_month,,churned
SUB-0003519,ACC-004377,SMB,2020-09-09,2020-11-09,metered_month_to_month,,churned
SUB-0003520,ACC-004378,SMB,2021-12-06,,metered_month_to_month,,active
SUB-0003521,ACC-004379,SMB,2020-03-03,2025-08-03,metered_month_to_month,,churned
SUB-0003522,ACC-004380,SMB,2024-02-11,2024-07-11,metered_month_to_month,,churned
SUB-0003523,ACC-004381,SMB,2025-06-08,,metered_month_to_month,,active
SUB-0003524,ACC-004382,SMB,2025-10-20,,metered_month_to_month,,active
SUB-0003525,ACC-004383,SMB,2023-12-14,,metered_month_to_month,,active
SUB-0003526,ACC-004384,SMB,2025-05-24,,metered_month_to_month,,active
SUB-0003527,ACC-004385,SMB,2021-09-07,2025-11-07,metered_month_to_month,,churned
SUB-0003528,ACC-004386,SMB,2022-06-25,2023-09-25,metered_month_to_month,,churned
SUB-0003529,ACC-004388,SMB,2023-09-17,2024-03-17,metered_month_to_month,,churned
SUB-0003530,ACC-004389,SMB,2025-05-23,,metered_month_to_month,,active
SUB-0003531,ACC-004390,SMB,2020-05-20,2022-10-20,metered_month_to_month,,churned
SUB-0003532,ACC-004391,SMB,2025-01-12,,metered_month_to_month,,active
SUB-0003533,ACC-004392,SMB,2024-08-24,,metered_month_to_month,,active
SUB-0003534,ACC-004393,SMB,2025-04-28,,metered_month_to_month,,active
SUB-0003535,ACC-004394,SMB,2022-03-11,2022-12-11,metered_month_to_month,,churned
SUB-0003536,ACC-004395,SMB,2024-11-11,,metered_month_to_month,,active
SUB-0003537,ACC-004396,SMB,2025-04-08,,metered_month_to_month,,active
SUB-0003538,ACC-004397,SMB,2024-10-05,,metered_month_to_month,,active
SUB-0003539,ACC-004399,SMB,2024-10-27,2024-12-27,metered_month_to_month,,churned
SUB-0003540,ACC-004401,SMB,2025-07-22,,metered_month_to_month,,active
SUB-0003541,ACC-004402,SMB,2024-05-08,,metered_month_to_month,,active
SUB-0003542,ACC-004403,SMB,2024-08-16,,metered_month_to_month,,active
SUB-0003543,ACC-004405,SMB,2024-04-16,,metered_month_to_month,,active
SUB-0003544,ACC-004406,SMB,2024-10-02,,metered_month_to_month,,active
SUB-0003545,ACC-004407,SMB,2025-11-23,,metered_month_to_month,,active
SUB-0003546,ACC-004408,SMB,2024-11-23,2025-06-23,metered_month_to_month,,churned
SUB-0003547,ACC-004409,SMB,2023-10-18,2025-08-18,metered_month_to_month,,churned
SUB-0003548,ACC-004410,SMB,2025-06-16,,metered_month_to_month,,active
SUB-0003549,ACC-004411,SMB,2024-07-28,,metered_month_to_month,,active
SUB-0003550,ACC-004412,SMB,2025-02-16,,metered_month_to_month,,active
SUB-0003551,ACC-004413,SMB,2024-06-05,,metered_month_to_month,,active
SUB-0003552,ACC-004414,SMB,2024-10-19,,metered_month_to_month,,active
SUB-0003553,ACC-004416,SMB,2024-06-08,,metered_month_to_month,,active
SUB-0003554,ACC-004417,SMB,2024-04-04,2025-06-04,metered_month_to_month,,churned
SUB-0003555,ACC-004418,SMB,2024-10-07,2025-01-07,metered_month_to_month,,churned
SUB-0003556,ACC-004419,SMB,2020-07-14,2022-03-14,metered_month_to_month,,churned
SUB-0003557,ACC-004420,SMB,2023-03-14,,metered_month_to_month,,active
SUB-0003558,ACC-004422,SMB,2025-12-18,,metered_month_to_month,,active
SUB-0003559,ACC-004423,SMB,2025-09-09,,metered_month_to_month,,active
SUB-0003560,ACC-004424,SMB,2023-03-08,,metered_month_to_month,,active
SUB-0003561,ACC-004425,SMB,2020-10-03,,metered_month_to_month,,active
SUB-0003562,ACC-004426,SMB,2024-12-25,,metered_month_to_month,,active
SUB-0003563,ACC-004427,SMB,2023-10-28,,metered_month_to_month,,active
SUB-0003564,ACC-004429,SMB,2021-04-02,2024-07-02,metered_month_to_month,,churned
SUB-0003565,ACC-004430,SMB,2021-09-24,,metered_month_to_month,,active
SUB-0003566,ACC-004431,SMB,2025-09-19,,metered_month_to_month,,active
SUB-0003567,ACC-004432,SMB,2020-09-12,2024-07-12,metered_month_to_month,,churned
SUB-0003568,ACC-004433,SMB,2023-08-04,,metered_month_to_month,,active
SUB-0003569,ACC-004434,SMB,2021-05-01,2025-06-01,metered_month_to_month,,churned
SUB-0003570,ACC-004435,SMB,2025-01-10,,metered_month_to_month,,active
SUB-0003571,ACC-004436,SMB,2025-10-09,,metered_month_to_month,,active
SUB-0003572,ACC-004437,SMB,2025-12-06,,metered_month_to_month,,active
SUB-0003573,ACC-004438,SMB,2025-01-13,,metered_month_to_month,,active
SUB-0003574,ACC-004440,SMB,2024-01-27,2025-10-27,metered_month_to_month,,churned
SUB-0003575,ACC-004441,SMB,2025-11-24,,metered_month_to_month,,active
SUB-0003576,ACC-004442,SMB,2023-06-12,,metered_month_to_month,,active
SUB-0003577,ACC-004445,SMB,2024-12-20,,metered_month_to_month,,active
SUB-0003578,ACC-004446,SMB,2020-11-09,,metered_month_to_month,,active
SUB-0003579,ACC-004447,SMB,2025-02-15,2025-05-15,metered_month_to_month,,churned
SUB-0003580,ACC-004448,SMB,2023-03-04,,metered_month_to_month,,active
SUB-0003581,ACC-004449,SMB,2025-01-21,,metered_month_to_month,,active
SUB-0003582,ACC-004450,SMB,2025-07-23,,metered_month_to_month,,active
SUB-0003583,ACC-004451,SMB,2021-10-24,2024-01-24,metered_month_to_month,,churned
SUB-0003584,ACC-004453,SMB,2022-02-24,,metered_month_to_month,,active
SUB-0003585,ACC-004454,SMB,2021-02-23,,metered_month_to_month,,active
SUB-0003586,ACC-004455,SMB,2023-06-23,,metered_month_to_month,,active
SUB-0003587,ACC-004458,SMB,2025-12-14,,metered_month_to_month,,active
SUB-0003588,ACC-004459,SMB,2021-01-22,2022-11-22,metered_month_to_month,,churned
SUB-0003589,ACC-004460,SMB,2025-06-09,2025-08-09,metered_month_to_month,,churned
SUB-0003590,ACC-004461,SMB,2021-05-18,2023-04-18,metered_month_to_month,,churned
SUB-0003591,ACC-004462,SMB,2024-09-15,,metered_month_to_month,,active
SUB-0003592,ACC-004463,SMB,2024-07-07,,metered_month_to_month,,active
SUB-0003593,ACC-004464,SMB,2025-05-24,,metered_month_to_month,,active
SUB-0003594,ACC-004465,SMB,2025-08-17,,metered_month_to_month,,active
SUB-0003595,ACC-004466,SMB,2025-08-23,,metered_month_to_month,,active
SUB-0003596,ACC-004467,SMB,2025-08-15,,metered_month_to_month,,active
SUB-0003597,ACC-004468,SMB,2025-06-24,,metered_month_to_month,,active
SUB-0003598,ACC-004469,SMB,2025-08-03,,metered_month_to_month,,active
SUB-0003599,ACC-004470,SMB,2022-06-11,,metered_month_to_month,,active
SUB-0003600,ACC-004471,SMB,2025-05-24,,metered_month_to_month,,active
SUB-0003601,ACC-004472,SMB,2024-11-18,,metered_month_to_month,,active
SUB-0003602,ACC-004473,SMB,2025-12-07,,metered_month_to_month,,active
SUB-0003603,ACC-004475,SMB,2025-11-08,,metered_month_to_month,,active
SUB-0003604,ACC-004476,SMB,2023-06-14,,metered_month_to_month,,active
SUB-0003605,ACC-004477,SMB,2025-02-24,,metered_month_to_month,,active
SUB-0003606,ACC-004478,SMB,2025-07-02,,metered_month_to_month,,active
SUB-0003607,ACC-004479,SMB,2025-03-07,,metered_month_to_month,,active
SUB-0003608,ACC-004480,SMB,2025-12-07,,metered_month_to_month,,active
SUB-0003609,ACC-004482,SMB,2025-12-07,,metered_month_to_month,,active
SUB-0003610,ACC-004483,SMB,2024-02-25,,metered_month_to_month,,active
SUB-0003611,ACC-004484,SMB,2024-06-27,,metered_month_to_month,,active
SUB-0003612,ACC-004485,SMB,2025-10-28,,metered_month_to_month,,active
SUB-0003613,ACC-004486,SMB,2020-04-07,,metered_month_to_month,,active
SUB-0003614,ACC-004487,SMB,2025-06-02,,metered_month_to_month,,active
SUB-0003615,ACC-004488,SMB,2021-12-17,2024-05-17,metered_month_to_month,,churned
SUB-0003616,ACC-004489,SMB,2024-09-10,,metered_month_to_month,,active
SUB-0003617,ACC-004490,SMB,2024-10-25,,metered_month_to_month,,active
SUB-0003618,ACC-004491,SMB,2023-03-28,,metered_month_to_month,,active
SUB-0003619,ACC-004492,SMB,2025-03-07,,metered_month_to_month,,active
SUB-0003620,ACC-004493,SMB,2023-05-10,,metered_month_to_month,,active
SUB-0003621,ACC-004494,SMB,2025-03-08,,metered_month_to_month,,active
SUB-0003622,ACC-004495,SMB,2023-11-16,,metered_month_to_month,,active
SUB-0003623,ACC-004496,SMB,2024-11-22,,metered_month_to_month,,active
SUB-0003624,ACC-004497,SMB,2023-10-14,,metered_month_to_month,,active
SUB-0003625,ACC-004498,SMB,2024-07-15,,metered_month_to_month,,active
SUB-0003626,ACC-004499,SMB,2025-04-20,,metered_month_to_month,,active
SUB-0003627,ACC-004500,SMB,2025-04-19,,metered_month_to_month,,active
SUB-0003628,ACC-004501,SMB,2023-07-21,2023-09-21,metered_month_to_month,,churned
SUB-0003629,ACC-004502,SMB,2022-06-30,2024-02-28,metered_month_to_month,,churned
SUB-0003630,ACC-004503,SMB,2022-08-05,2025-01-05,metered_month_to_month,,churned
SUB-0003631,ACC-004504,SMB,2024-08-07,,metered_month_to_month,,active
SUB-0003632,ACC-004505,SMB,2025-01-10,,metered_month_to_month,,active
SUB-0003633,ACC-004506,SMB,2024-06-12,,metered_month_to_month,,active
SUB-0003634,ACC-004507,SMB,2024-01-04,,metered_month_to_month,,active
SUB-0003635,ACC-004508,SMB,2025-09-06,,metered_month_to_month,,active
SUB-0003636,ACC-004509,SMB,2024-12-02,,metered_month_to_month,,active
SUB-0003637,ACC-004510,SMB,2024-01-04,2025-08-04,metered_month_to_month,,churned
SUB-0003638,ACC-004511,SMB,2025-11-10,,metered_month_to_month,,active
SUB-0003639,ACC-004512,SMB,2025-11-08,,metered_month_to_month,,active
SUB-0003640,ACC-004513,SMB,2025-04-18,,metered_month_to_month,,active
SUB-0003641,ACC-004514,SMB,2025-10-24,,metered_month_to_month,,active
SUB-0003642,ACC-004515,SMB,2020-08-27,2025-11-27,metered_month_to_month,,churned
SUB-0003643,ACC-004516,SMB,2025-05-05,,metered_month_to_month,,active
SUB-0003644,ACC-004517,SMB,2025-10-28,,metered_month_to_month,,active
SUB-0003645,ACC-004518,SMB,2022-08-12,,metered_month_to_month,,active
SUB-0003646,ACC-004519,SMB,2025-02-04,,metered_month_to_month,,active
SUB-0003647,ACC-004520,SMB,2021-06-21,,metered_month_to_month,,active
SUB-0003648,ACC-004521,SMB,2025-03-23,2025-06-23,metered_month_to_month,,churned
SUB-0003649,ACC-004522,SMB,2023-05-21,2024-12-21,metered_month_to_month,,churned
SUB-0003650,ACC-004523,SMB,2025-09-04,,metered_month_to_month,,active
SUB-0003651,ACC-004524,SMB,2025-08-09,,metered_month_to_month,,active
SUB-0003652,ACC-004525,SMB,2020-10-15,2023-09-15,metered_month_to_month,,churned
SUB-0003653,ACC-004526,SMB,2025-07-26,,metered_month_to_month,,active
SUB-0003654,ACC-004528,SMB,2023-07-20,2025-10-20,metered_month_to_month,,churned
SUB-0003655,ACC-004529,SMB,2023-03-04,2024-11-04,metered_month_to_month,,churned
SUB-0003656,ACC-004530,SMB,2022-07-22,,metered_month_to_month,,active
SUB-0003657,ACC-004532,SMB,2023-07-22,,metered_month_to_month,,active
SUB-0003658,ACC-004533,SMB,2020-07-07,,metered_month_to_month,,active
SUB-0003659,ACC-004534,SMB,2025-02-08,,metered_month_to_month,,active
SUB-0003660,ACC-004535,SMB,2023-01-27,,metered_month_to_month,,active
SUB-0003661,ACC-004536,SMB,2025-09-05,,metered_month_to_month,,active
SUB-0003662,ACC-004537,SMB,2020-01-20,2020-08-20,metered_month_to_month,,churned
SUB-0003663,ACC-004538,SMB,2024-05-04,,metered_month_to_month,,active
SUB-0003664,ACC-004539,SMB,2024-06-07,,metered_month_to_month,,active
SUB-0003665,ACC-004540,SMB,2020-09-18,2025-04-18,metered_month_to_month,,churned
SUB-0003666,ACC-004541,SMB,2020-03-22,,metered_month_to_month,,active
SUB-0003667,ACC-004542,SMB,2025-06-11,,metered_month_to_month,,active
SUB-0003668,ACC-004543,SMB,2025-10-15,,metered_month_to_month,,active
SUB-0003669,ACC-004544,SMB,2021-06-20,2021-10-20,metered_month_to_month,,churned
SUB-0003670,ACC-004545,SMB,2025-11-14,,metered_month_to_month,,active
SUB-0003671,ACC-004546,SMB,2024-04-19,,metered_month_to_month,,active
SUB-0003672,ACC-004547,SMB,2021-08-23,2025-07-23,metered_month_to_month,,churned
SUB-0003673,ACC-004548,SMB,2023-08-13,2025-02-13,metered_month_to_month,,churned
SUB-0003674,ACC-004549,SMB,2024-08-11,,metered_month_to_month,,active
SUB-0003675,ACC-004550,SMB,2024-07-28,,metered_month_to_month,,active
SUB-0003676,ACC-004551,SMB,2023-06-18,,metered_month_to_month,,active
SUB-0003677,ACC-004552,SMB,2023-04-23,2023-09-23,metered_month_to_month,,churned
SUB-0003678,ACC-004553,SMB,2022-02-07,,metered_month_to_month,,active
SUB-0003679,ACC-004554,SMB,2024-09-25,,metered_month_to_month,,active
SUB-0003680,ACC-004556,SMB,2023-01-20,2024-06-20,metered_month_to_month,,churned
SUB-0003681,ACC-004557,SMB,2023-03-23,,metered_month_to_month,,active
SUB-0003682,ACC-004558,SMB,2021-07-18,,metered_month_to_month,,active
SUB-0003683,ACC-004559,SMB,2020-06-06,,metered_month_to_month,,active
SUB-0003684,ACC-004560,SMB,2025-05-18,,metered_month_to_month,,active
SUB-0003685,ACC-004561,SMB,2022-04-11,,metered_month_to_month,,active
SUB-0003686,ACC-004562,SMB,2024-08-08,,metered_month_to_month,,active
SUB-0003687,ACC-004563,SMB,2024-07-07,2025-03-07,metered_month_to_month,,churned
SUB-0003688,ACC-004564,SMB,2024-12-14,,metered_month_to_month,,active
SUB-0003689,ACC-004565,SMB,2022-08-15,2024-06-15,metered_month_to_month,,churned
SUB-0003690,ACC-004566,SMB,2024-12-16,,metered_month_to_month,,active
SUB-0003691,ACC-004567,SMB,2024-08-24,,metered_month_to_month,,active
SUB-0003692,ACC-004568,SMB,2024-05-23,2025-08-23,metered_month_to_month,,churned
SUB-0003693,ACC-004569,SMB,2025-12-21,,metered_month_to_month,,active
SUB-0003694,ACC-004570,SMB,2024-08-21,2024-10-21,metered_month_to_month,,churned
SUB-0003695,ACC-004571,SMB,2024-07-14,,metered_month_to_month,,active
SUB-0003696,ACC-004572,SMB,2025-05-06,,metered_month_to_month,,active
SUB-0003697,ACC-004573,SMB,2024-07-05,,metered_month_to_month,,active
SUB-0003698,ACC-004574,SMB,2025-09-27,,metered_month_to_month,,active
SUB-0003699,ACC-004575,SMB,2025-02-07,,metered_month_to_month,,active
SUB-0003700,ACC-004576,SMB,2024-05-22,,metered_month_to_month,,active
SUB-0003701,ACC-004577,SMB,2025-01-14,2025-08-14,metered_month_to_month,,churned
SUB-0003702,ACC-004578,SMB,2023-08-28,2024-03-28,metered_month_to_month,,churned
SUB-0003703,ACC-004580,SMB,2025-09-01,,metered_month_to_month,,active
SUB-0003704,ACC-004582,SMB,2025-11-10,,metered_month_to_month,,active
SUB-0003705,ACC-004583,SMB,2023-07-27,,metered_month_to_month,,active
SUB-0003706,ACC-004584,SMB,2024-10-17,,metered_month_to_month,,active
SUB-0003707,ACC-004585,SMB,2025-12-23,,metered_month_to_month,,active
SUB-0003708,ACC-004586,SMB,2023-06-21,2024-09-21,metered_month_to_month,,churned
SUB-0003709,ACC-004589,SMB,2025-09-03,,metered_month_to_month,,active
SUB-0003710,ACC-004590,SMB,2025-05-20,,metered_month_to_month,,active
SUB-0003711,ACC-004591,SMB,2021-10-14,2023-03-14,metered_month_to_month,,churned
SUB-0003712,ACC-004593,SMB,2025-06-21,,metered_month_to_month,,active
SUB-0003713,ACC-004594,SMB,2025-07-05,,metered_month_to_month,,active
SUB-0003714,ACC-004595,SMB,2024-09-12,,metered_month_to_month,,active
SUB-0003715,ACC-004596,SMB,2025-03-19,,metered_month_to_month,,active
SUB-0003716,ACC-004597,SMB,2025-12-14,,metered_month_to_month,,active
SUB-0003717,ACC-004598,SMB,2024-08-06,,metered_month_to_month,,active
SUB-0003718,ACC-004599,SMB,2025-05-02,,metered_month_to_month,,active
SUB-0003719,ACC-004600,SMB,2020-05-12,2021-02-12,metered_month_to_month,,churned
SUB-0003720,ACC-004602,SMB,2020-02-12,2025-02-12,metered_month_to_month,,churned
SUB-0003721,ACC-004603,SMB,2024-11-27,,metered_month_to_month,,active
SUB-0003722,ACC-004604,SMB,2025-03-02,,metered_month_to_month,,active
SUB-0003723,ACC-004606,SMB,2020-02-22,2020-08-22,metered_month_to_month,,churned
SUB-0003724,ACC-004607,SMB,2024-08-27,2025-01-27,metered_month_to_month,,churned
SUB-0003725,ACC-004608,SMB,2024-07-25,2025-07-25,metered_month_to_month,,churned
SUB-0003726,ACC-004609,SMB,2022-10-10,2024-12-10,metered_month_to_month,,churned
SUB-0003727,ACC-004610,SMB,2025-07-10,,metered_month_to_month,,active
SUB-0003728,ACC-004612,SMB,2025-07-02,,metered_month_to_month,,active
SUB-0003729,ACC-004613,SMB,2025-11-08,,metered_month_to_month,,active
SUB-0003730,ACC-004615,SMB,2024-02-06,,metered_month_to_month,,active
SUB-0003731,ACC-004617,SMB,2025-08-12,,metered_month_to_month,,active
SUB-0003732,ACC-004618,SMB,2025-06-01,,metered_month_to_month,,active
SUB-0003733,ACC-004619,SMB,2025-12-27,,metered_month_to_month,,active
SUB-0003734,ACC-004620,SMB,2024-03-16,2025-08-16,metered_month_to_month,,churned
SUB-0003735,ACC-004621,SMB,2024-11-25,,metered_month_to_month,,active
SUB-0003736,ACC-004622,SMB,2025-04-22,,metered_month_to_month,,active
SUB-0003737,ACC-004623,SMB,2021-10-28,2023-08-28,metered_month_to_month,,churned
SUB-0003738,ACC-004624,SMB,2024-09-17,,metered_month_to_month,,active
SUB-0003739,ACC-004625,SMB,2025-07-22,,metered_month_to_month,,active
SUB-0003740,ACC-004626,SMB,2021-11-27,2024-03-27,metered_month_to_month,,churned
SUB-0003741,ACC-004627,SMB,2025-10-21,,metered_month_to_month,,active
SUB-0003742,ACC-004628,SMB,2025-11-02,,metered_month_to_month,,active
SUB-0003743,ACC-004630,SMB,2022-06-20,,metered_month_to_month,,active
SUB-0003744,ACC-004631,SMB,2023-08-14,2025-04-14,metered_month_to_month,,churned
SUB-0003745,ACC-004632,SMB,2025-08-11,,metered_month_to_month,,active
SUB-0003746,ACC-004633,SMB,2025-12-09,,metered_month_to_month,,active
SUB-0003747,ACC-004635,SMB,2024-03-15,,metered_month_to_month,,active
SUB-0003748,ACC-004636,SMB,2025-09-09,2025-11-09,metered_month_to_month,,churned
SUB-0003749,ACC-004637,SMB,2021-11-19,2023-06-19,metered_month_to_month,,churned
SUB-0003750,ACC-004638,SMB,2025-05-24,,metered_month_to_month,,active
SUB-0003751,ACC-004639,SMB,2024-02-23,,metered_month_to_month,,active
SUB-0003752,ACC-004640,SMB,2021-06-22,2021-12-22,metered_month_to_month,,churned
SUB-0003753,ACC-004641,SMB,2024-07-01,,metered_month_to_month,,active
SUB-0003754,ACC-004642,SMB,2025-08-06,,metered_month_to_month,,active
SUB-0003755,ACC-004643,SMB,2024-03-24,2025-03-24,metered_month_to_month,,churned
SUB-0003756,ACC-004644,SMB,2021-08-07,,metered_month_to_month,,active
SUB-0003757,ACC-004645,SMB,2025-07-12,,metered_month_to_month,,active
SUB-0003758,ACC-004646,SMB,2025-12-19,,metered_month_to_month,,active
SUB-0003759,ACC-004647,SMB,2022-10-29,,metered_month_to_month,,active
SUB-0003760,ACC-004648,SMB,2024-06-21,,metered_month_to_month,,active
SUB-0003761,ACC-004649,SMB,2025-05-14,,metered_month_to_month,,active
SUB-0003762,ACC-004650,SMB,2025-12-20,,metered_month_to_month,,active
SUB-0003763,ACC-004651,SMB,2023-09-20,2024-06-20,metered_month_to_month,,churned
SUB-0003764,ACC-004652,SMB,2025-02-22,,metered_month_to_month,,active
SUB-0003765,ACC-004653,SMB,2025-05-12,2025-09-12,metered_month_to_month,,churned
SUB-0003766,ACC-004654,SMB,2020-02-03,2023-11-03,metered_month_to_month,,churned
SUB-0003767,ACC-004655,SMB,2022-04-12,2024-09-12,metered_month_to_month,,churned
SUB-0003768,ACC-004656,SMB,2022-06-02,,metered_month_to_month,,active
SUB-0003769,ACC-004657,SMB,2025-05-20,,metered_month_to_month,,active
SUB-0003770,ACC-004658,SMB,2020-10-06,2020-12-06,metered_month_to_month,,churned
SUB-0003771,ACC-004659,SMB,2024-11-18,,metered_month_to_month,,active
SUB-0003772,ACC-004660,SMB,2023-11-22,2025-03-22,metered_month_to_month,,churned
SUB-0003773,ACC-004661,SMB,2025-12-02,,metered_month_to_month,,active
SUB-0003774,ACC-004662,SMB,2024-10-09,,metered_month_to_month,,active
SUB-0003775,ACC-004663,SMB,2025-03-18,,metered_month_to_month,,active
SUB-0003776,ACC-004665,SMB,2020-08-07,2021-07-07,metered_month_to_month,,churned
SUB-0003777,ACC-004666,SMB,2024-11-06,,metered_month_to_month,,active
SUB-0003778,ACC-004667,SMB,2024-11-28,2025-07-28,metered_month_to_month,,churned
SUB-0003779,ACC-004668,SMB,2021-03-08,,metered_month_to_month,,active
SUB-0003780,ACC-004669,SMB,2022-12-19,,metered_month_to_month,,active
SUB-0003781,ACC-004670,SMB,2021-07-18,2022-09-18,metered_month_to_month,,churned
SUB-0003782,ACC-004671,SMB,2024-07-12,,metered_month_to_month,,active
SUB-0003783,ACC-004672,SMB,2020-11-30,2022-06-28,metered_month_to_month,,churned
SUB-0003784,ACC-004673,SMB,2020-12-12,2021-02-12,metered_month_to_month,,churned
SUB-0003785,ACC-004674,SMB,2025-05-08,2025-07-08,metered_month_to_month,,churned
SUB-0003786,ACC-004675,SMB,2025-05-21,,metered_month_to_month,,active
SUB-0003787,ACC-004676,SMB,2025-12-15,,metered_month_to_month,,active
SUB-0003788,ACC-004677,SMB,2020-01-14,2025-10-14,metered_month_to_month,,churned
SUB-0003789,ACC-004678,SMB,2025-10-21,,metered_month_to_month,,active
SUB-0003790,ACC-004679,SMB,2025-09-26,,metered_month_to_month,,active
SUB-0003791,ACC-004681,SMB,2020-08-10,2024-02-10,metered_month_to_month,,churned
SUB-0003792,ACC-004682,SMB,2025-04-05,,metered_month_to_month,,active
SUB-0003793,ACC-004684,SMB,2023-02-19,2024-07-19,metered_month_to_month,,churned
SUB-0003794,ACC-004685,SMB,2024-05-04,,metered_month_to_month,,active
SUB-0003795,ACC-004686,SMB,2025-11-19,,metered_month_to_month,,active
SUB-0003796,ACC-004687,SMB,2022-02-10,2023-09-10,metered_month_to_month,,churned
SUB-0003797,ACC-004688,SMB,2025-08-11,,metered_month_to_month,,active
SUB-0003798,ACC-004689,SMB,2024-08-13,,metered_month_to_month,,active
SUB-0003799,ACC-004690,SMB,2025-05-25,,metered_month_to_month,,active
SUB-0003800,ACC-004691,SMB,2024-05-21,,metered_month_to_month,,active
SUB-0003801,ACC-004692,SMB,2025-09-01,,metered_month_to_month,,active
SUB-0003802,ACC-004693,SMB,2025-08-26,,metered_month_to_month,,active
SUB-0003803,ACC-004694,SMB,2024-12-04,,metered_month_to_month,,active
SUB-0003804,ACC-004695,SMB,2024-07-02,,metered_month_to_month,,active
SUB-0003805,ACC-004697,SMB,2024-06-21,,metered_month_to_month,,active
SUB-0003806,ACC-004698,SMB,2024-02-01,,metered_month_to_month,,active
SUB-0003807,ACC-004699,SMB,2025-08-03,,metered_month_to_month,,active
SUB-0003808,ACC-004700,SMB,2025-05-27,,metered_month_to_month,,active
SUB-0003809,ACC-004702,SMB,2020-06-07,,metered_month_to_month,,active
SUB-0003810,ACC-004703,SMB,2025-08-08,,metered_month_to_month,,active
SUB-0003811,ACC-004704,SMB,2023-09-11,,metered_month_to_month,,active
SUB-0003812,ACC-004705,SMB,2021-05-05,2022-10-05,metered_month_to_month,,churned
SUB-0003813,ACC-004706,SMB,2023-02-12,,metered_month_to_month,,active
SUB-0003814,ACC-004707,SMB,2023-04-25,,metered_month_to_month,,active
SUB-0003815,ACC-004708,SMB,2024-05-11,,metered_month_to_month,,active
SUB-0003816,ACC-004709,SMB,2025-08-05,,metered_month_to_month,,active
SUB-0003817,ACC-004711,SMB,2025-09-25,2025-11-25,metered_month_to_month,,churned
SUB-0003818,ACC-004712,SMB,2025-10-19,,metered_month_to_month,,active
SUB-0003819,ACC-004713,SMB,2025-02-24,,metered_month_to_month,,active
SUB-0003820,ACC-004715,SMB,2024-02-03,,metered_month_to_month,,active
SUB-0003821,ACC-004716,SMB,2025-05-01,,metered_month_to_month,,active
SUB-0003822,ACC-004717,SMB,2021-04-12,2023-11-12,metered_month_to_month,,churned
SUB-0003823,ACC-004719,SMB,2024-11-18,,metered_month_to_month,,active
SUB-0003824,ACC-004720,SMB,2020-08-25,,metered_month_to_month,,active
SUB-0003825,ACC-004721,SMB,2020-06-01,2021-09-01,metered_month_to_month,,churned
SUB-0003826,ACC-004722,SMB,2025-08-12,,metered_month_to_month,,active
SUB-0003827,ACC-004723,SMB,2025-07-05,,metered_month_to_month,,active
SUB-0003828,ACC-004725,SMB,2025-11-12,,metered_month_to_month,,active
SUB-0003829,ACC-004726,SMB,2022-06-16,2025-06-16,metered_month_to_month,,churned
SUB-0003830,ACC-004727,SMB,2024-06-02,2024-11-02,metered_month_to_month,,churned
SUB-0003831,ACC-004728,SMB,2024-10-17,,metered_month_to_month,,active
SUB-0003832,ACC-004729,SMB,2022-07-28,2024-05-28,metered_month_to_month,,churned
SUB-0003833,ACC-004730,SMB,2025-10-27,,metered_month_to_month,,active
SUB-0003834,ACC-004731,SMB,2023-04-09,,metered_month_to_month,,active
SUB-0003835,ACC-004732,SMB,2020-01-11,,metered_month_to_month,,active
SUB-0003836,ACC-004734,SMB,2020-09-29,,metered_month_to_month,,active
SUB-0003837,ACC-004735,SMB,2024-03-06,,metered_month_to_month,,active
SUB-0003838,ACC-004737,SMB,2025-08-26,,metered_month_to_month,,active
SUB-0003839,ACC-004738,SMB,2025-07-05,,metered_month_to_month,,active
SUB-0003840,ACC-004740,SMB,2023-11-20,,metered_month_to_month,,active
SUB-0003841,ACC-004741,SMB,2024-10-16,,metered_month_to_month,,active
SUB-0003842,ACC-004742,SMB,2023-08-16,,metered_month_to_month,,active
SUB-0003843,ACC-004743,SMB,2022-12-07,,metered_month_to_month,,active
SUB-0003844,ACC-004745,SMB,2025-01-16,,metered_month_to_month,,active
SUB-0003845,ACC-004746,SMB,2024-05-03,,metered_month_to_month,,active
SUB-0003846,ACC-004747,SMB,2024-12-01,,metered_month_to_month,,active
SUB-0003847,ACC-004748,SMB,2025-06-12,,metered_month_to_month,,active
SUB-0003848,ACC-004749,SMB,2024-04-12,,metered_month_to_month,,active
SUB-0003849,ACC-004750,SMB,2024-04-22,2025-02-22,metered_month_to_month,,churned
SUB-0003850,ACC-004751,SMB,2023-08-03,,metered_month_to_month,,active
SUB-0003851,ACC-004752,SMB,2024-06-21,,metered_month_to_month,,active
SUB-0003852,ACC-004753,SMB,2022-12-09,,metered_month_to_month,,active
SUB-0003853,ACC-004754,SMB,2023-10-08,2024-07-08,metered_month_to_month,,churned
SUB-0003854,ACC-004755,SMB,2023-04-13,,metered_month_to_month,,active
SUB-0003855,ACC-004756,SMB,2021-07-14,,metered_month_to_month,,active
SUB-0003856,ACC-004757,SMB,2025-04-07,,metered_month_to_month,,active
SUB-0003857,ACC-004758,SMB,2025-11-20,,metered_month_to_month,,active
SUB-0003858,ACC-004759,SMB,2022-08-14,2023-01-14,metered_month_to_month,,churned
SUB-0003859,ACC-004760,SMB,2022-04-24,2024-02-24,metered_month_to_month,,churned
SUB-0003860,ACC-004761,SMB,2024-10-23,,metered_month_to_month,,active
SUB-0003861,ACC-004762,SMB,2023-10-14,,metered_month_to_month,,active
SUB-0003862,ACC-004763,SMB,2025-10-10,,metered_month_to_month,,active
SUB-0003863,ACC-004764,SMB,2025-05-05,2025-09-05,metered_month_to_month,,churned
SUB-0003864,ACC-004765,SMB,2023-12-04,2024-05-04,metered_month_to_month,,churned
SUB-0003865,ACC-004766,SMB,2022-01-03,2022-07-03,metered_month_to_month,,churned
SUB-0003866,ACC-004767,SMB,2023-09-13,2025-03-13,metered_month_to_month,,churned
SUB-0003867,ACC-004768,SMB,2023-03-26,,metered_month_to_month,,active
SUB-0003868,ACC-004769,SMB,2025-07-14,,metered_month_to_month,,active
SUB-0003869,ACC-004770,SMB,2021-07-23,2023-10-23,metered_month_to_month,,churned
SUB-0003870,ACC-004771,SMB,2025-11-19,,metered_month_to_month,,active
SUB-0003871,ACC-004772,SMB,2020-11-17,2021-07-17,metered_month_to_month,,churned
SUB-0003872,ACC-004773,SMB,2024-02-18,,metered_month_to_month,,active
SUB-0003873,ACC-004774,SMB,2023-09-21,,metered_month_to_month,,active
SUB-0003874,ACC-004775,SMB,2024-12-27,,metered_month_to_month,,active
SUB-0003875,ACC-004776,SMB,2025-03-02,,metered_month_to_month,,active
SUB-0003876,ACC-004777,SMB,2021-10-15,,metered_month_to_month,,active
SUB-0003877,ACC-004778,SMB,2020-02-14,2025-11-14,metered_month_to_month,,churned
SUB-0003878,ACC-004779,SMB,2025-05-14,,metered_month_to_month,,active
SUB-0003879,ACC-004780,SMB,2024-09-11,,metered_month_to_month,,active
SUB-0003880,ACC-004781,SMB,2025-05-07,,metered_month_to_month,,active
SUB-0003881,ACC-004782,SMB,2022-01-19,,metered_month_to_month,,active
SUB-0003882,ACC-004783,SMB,2024-02-21,,metered_month_to_month,,active
SUB-0003883,ACC-004784,SMB,2025-11-27,,metered_month_to_month,,active
SUB-0003884,ACC-004785,SMB,2024-06-27,2025-09-27,metered_month_to_month,,churned
SUB-0003885,ACC-004787,SMB,2025-05-08,,metered_month_to_month,,active
SUB-0003886,ACC-004788,SMB,2025-01-09,,metered_month_to_month,,active
SUB-0003887,ACC-004789,SMB,2021-08-24,2022-10-24,metered_month_to_month,,churned
SUB-0003888,ACC-004790,SMB,2022-02-15,,metered_month_to_month,,active
SUB-0003889,ACC-004791,SMB,2023-01-02,2023-05-02,metered_month_to_month,,churned
SUB-0003890,ACC-004792,SMB,2024-03-11,,metered_month_to_month,,active
SUB-0003891,ACC-004793,SMB,2022-04-24,2022-10-24,metered_month_to_month,,churned
SUB-0003892,ACC-004794,SMB,2025-08-24,,metered_month_to_month,,active
SUB-0003893,ACC-004795,SMB,2025-08-13,,metered_month_to_month,,active
SUB-0003894,ACC-004796,SMB,2023-10-19,2025-06-19,metered_month_to_month,,churned
SUB-0003895,ACC-004797,SMB,2021-10-16,2022-08-16,metered_month_to_month,,churned
SUB-0003896,ACC-004798,SMB,2025-09-18,2025-11-18,metered_month_to_month,,churned
SUB-0003897,ACC-004799,SMB,2025-02-13,,metered_month_to_month,,active
SUB-0003898,ACC-004800,SMB,2023-03-04,,metered_month_to_month,,active
SUB-0003899,ACC-004801,SMB,2025-05-26,2025-08-26,metered_month_to_month,,churned
SUB-0003900,ACC-004802,SMB,2023-08-25,2024-10-25,metered_month_to_month,,churned
SUB-0003901,ACC-004803,SMB,2024-08-24,2025-04-24,metered_month_to_month,,churned
SUB-0003902,ACC-004804,SMB,2023-03-17,2023-10-17,metered_month_to_month,,churned
SUB-0003903,ACC-004805,SMB,2025-07-04,,metered_month_to_month,,active
SUB-0003904,ACC-004806,SMB,2023-12-16,,metered_month_to_month,,active
SUB-0003905,ACC-004807,SMB,2023-08-26,,metered_month_to_month,,active
SUB-0003906,ACC-004808,SMB,2024-07-16,,metered_month_to_month,,active
SUB-0003907,ACC-004809,SMB,2020-10-23,,metered_month_to_month,,active
SUB-0003908,ACC-004810,SMB,2025-01-16,2025-03-16,metered_month_to_month,,churned
SUB-0003909,ACC-004811,SMB,2025-03-07,,metered_month_to_month,,active
SUB-0003910,ACC-004812,SMB,2020-07-22,2021-02-22,metered_month_to_month,,churned
SUB-0003911,ACC-004813,SMB,2025-06-15,,metered_month_to_month,,active
SUB-0003912,ACC-004814,SMB,2025-05-21,,metered_month_to_month,,active
SUB-0003913,ACC-004815,SMB,2025-10-06,,metered_month_to_month,,active
SUB-0003914,ACC-004816,SMB,2025-12-16,,metered_month_to_month,,active
SUB-0003915,ACC-004817,SMB,2025-11-03,,metered_month_to_month,,active
SUB-0003916,ACC-004818,SMB,2025-07-12,,metered_month_to_month,,active
SUB-0003917,ACC-004819,SMB,2025-05-17,,metered_month_to_month,,active
SUB-0003918,ACC-004820,SMB,2021-04-22,2024-07-22,metered_month_to_month,,churned
SUB-0003919,ACC-004822,SMB,2023-08-26,2023-11-26,metered_month_to_month,,churned
SUB-0003920,ACC-004824,SMB,2022-06-24,2025-02-24,metered_month_to_month,,churned
SUB-0003921,ACC-004825,SMB,2025-03-18,,metered_month_to_month,,active
SUB-0003922,ACC-004826,SMB,2024-06-19,,metered_month_to_month,,active
SUB-0003923,ACC-004828,SMB,2023-05-02,,metered_month_to_month,,active
SUB-0003924,ACC-004829,SMB,2023-02-17,,metered_month_to_month,,active
SUB-0003925,ACC-004830,SMB,2023-03-24,,metered_month_to_month,,active
SUB-0003926,ACC-004831,SMB,2022-08-09,,metered_month_to_month,,active
SUB-0003927,ACC-004832,SMB,2025-02-03,,metered_month_to_month,,active
SUB-0003928,ACC-004833,SMB,2024-03-26,,metered_month_to_month,,active
SUB-0003929,ACC-004834,SMB,2024-11-08,,metered_month_to_month,,active
SUB-0003930,ACC-004835,SMB,2021-06-09,2023-07-09,metered_month_to_month,,churned
SUB-0003931,ACC-004836,SMB,2024-08-08,,metered_month_to_month,,active
SUB-0003932,ACC-004838,SMB,2020-04-19,2020-10-19,metered_month_to_month,,churned
SUB-0003933,ACC-004840,SMB,2025-10-07,,metered_month_to_month,,active
SUB-0003934,ACC-004841,SMB,2023-07-17,,metered_month_to_month,,active
SUB-0003935,ACC-004842,SMB,2020-12-18,2021-07-18,metered_month_to_month,,churned
SUB-0003936,ACC-004843,SMB,2025-11-22,,metered_month_to_month,,active
SUB-0003937,ACC-004844,SMB,2022-12-06,2024-08-06,metered_month_to_month,,churned
SUB-0003938,ACC-004845,SMB,2020-08-19,2022-03-19,metered_month_to_month,,churned
SUB-0003939,ACC-004846,SMB,2025-02-16,,metered_month_to_month,,active
SUB-0003940,ACC-004847,SMB,2024-05-11,,metered_month_to_month,,active
SUB-0003941,ACC-004849,SMB,2025-12-09,,metered_month_to_month,,active
SUB-0003942,ACC-004850,SMB,2025-03-14,,metered_month_to_month,,active
SUB-0003943,ACC-004851,SMB,2025-07-03,,metered_month_to_month,,active
SUB-0003944,ACC-004852,SMB,2024-11-05,,metered_month_to_month,,active
SUB-0003945,ACC-004855,SMB,2023-10-04,,metered_month_to_month,,active
SUB-0003946,ACC-004856,SMB,2024-06-05,,metered_month_to_month,,active
SUB-0003947,ACC-004857,SMB,2025-02-03,,metered_month_to_month,,active
SUB-0003948,ACC-004858,SMB,2023-01-03,,metered_month_to_month,,active
SUB-0003949,ACC-004859,SMB,2023-11-09,2024-01-09,metered_month_to_month,,churned
SUB-0003950,ACC-004860,SMB,2023-08-08,,metered_month_to_month,,active
SUB-0003951,ACC-004861,SMB,2021-04-10,2024-11-10,metered_month_to_month,,churned
SUB-0003952,ACC-004862,SMB,2024-09-05,,metered_month_to_month,,active
SUB-0003953,ACC-004863,SMB,2025-11-27,,metered_month_to_month,,active
SUB-0003954,ACC-004864,SMB,2024-02-19,,metered_month_to_month,,active
SUB-0003955,ACC-004865,SMB,2023-09-02,,metered_month_to_month,,active
SUB-0003956,ACC-004866,SMB,2022-06-07,2024-02-07,metered_month_to_month,,churned
SUB-0003957,ACC-004867,SMB,2025-09-10,2025-11-10,metered_month_to_month,,churned
SUB-0003958,ACC-004868,SMB,2025-06-12,,metered_month_to_month,,active
SUB-0003959,ACC-004869,SMB,2020-08-17,2021-09-17,metered_month_to_month,,churned
SUB-0003960,ACC-004871,SMB,2024-11-03,,metered_month_to_month,,active
SUB-0003961,ACC-004872,SMB,2020-05-24,2023-09-24,metered_month_to_month,,churned
SUB-0003962,ACC-004875,SMB,2025-07-08,,metered_month_to_month,,active
SUB-0003963,ACC-004876,SMB,2023-11-28,,metered_month_to_month,,active
SUB-0003964,ACC-004877,SMB,2022-04-10,2023-03-10,metered_month_to_month,,churned
SUB-0003965,ACC-004878,SMB,2025-12-04,,metered_month_to_month,,active
SUB-0003966,ACC-004879,SMB,2025-12-24,,metered_month_to_month,,active
SUB-0003967,ACC-004880,SMB,2024-01-15,2024-11-15,metered_month_to_month,,churned
SUB-0003968,ACC-004882,SMB,2025-05-12,,metered_month_to_month,,active
SUB-0003969,ACC-004883,SMB,2024-06-02,2025-04-02,metered_month_to_month,,churned
SUB-0003970,ACC-004885,SMB,2024-08-20,,metered_month_to_month,,active
SUB-0003971,ACC-004886,SMB,2025-09-19,,metered_month_to_month,,active
SUB-0003972,ACC-004887,SMB,2024-09-06,,metered_month_to_month,,active
SUB-0003973,ACC-004888,SMB,2023-10-07,,metered_month_to_month,,active
SUB-0003974,ACC-004889,SMB,2024-05-27,,metered_month_to_month,,active
SUB-0003975,ACC-004890,SMB,2023-05-06,,metered_month_to_month,,active
SUB-0003976,ACC-004891,SMB,2022-03-01,2022-10-01,metered_month_to_month,,churned
SUB-0003977,ACC-004892,SMB,2025-09-05,,metered_month_to_month,,active
SUB-0003978,ACC-004893,SMB,2025-04-19,,metered_month_to_month,,active
SUB-0003979,ACC-004894,SMB,2024-08-06,,metered_month_to_month,,active
SUB-0003980,ACC-004895,SMB,2025-05-04,,metered_month_to_month,,active
SUB-0003981,ACC-004896,SMB,2025-06-13,,metered_month_to_month,,active
SUB-0003982,ACC-004898,SMB,2025-03-06,,metered_month_to_month,,active
SUB-0003983,ACC-004899,SMB,2025-09-03,,metered_month_to_month,,active
SUB-0003984,ACC-004900,SMB,2024-05-08,,metered_month_to_month,,active
SUB-0003985,ACC-004902,SMB,2024-02-23,2024-04-23,metered_month_to_month,,churned
SUB-0003986,ACC-004903,SMB,2024-12-24,,metered_month_to_month,,active
SUB-0003987,ACC-004905,SMB,2025-12-26,,metered_month_to_month,,active
SUB-0003988,ACC-004906,SMB,2024-08-02,,metered_month_to_month,,active
SUB-0003989,ACC-004909,SMB,2022-10-23,2024-03-23,metered_month_to_month,,churned
SUB-0003990,ACC-004910,SMB,2025-05-27,,metered_month_to_month,,active
SUB-0003991,ACC-004911,SMB,2022-02-24,2023-04-24,metered_month_to_month,,churned
SUB-0003992,ACC-004913,SMB,2025-10-05,,metered_month_to_month,,active
SUB-0003993,ACC-004914,SMB,2025-02-27,,metered_month_to_month,,active
SUB-0003994,ACC-004915,SMB,2021-05-30,,metered_month_to_month,,active
SUB-0003995,ACC-004916,SMB,2023-09-22,,metered_month_to_month,,active
SUB-0003996,ACC-004917,SMB,2025-03-18,,metered_month_to_month,,active
SUB-0003997,ACC-004918,SMB,2024-11-16,,metered_month_to_month,,active
SUB-0003998,ACC-004919,SMB,2025-03-13,,metered_month_to_month,,active
SUB-0003999,ACC-004920,SMB,2024-01-13,,metered_month_to_month,,active
SUB-0004000,ACC-004921,SMB,2022-08-25,,metered_month_to_month,,active
SUB-0004001,ACC-004922,SMB,2025-03-28,,metered_month_to_month,,active
SUB-0004002,ACC-004923,SMB,2025-09-21,,metered_month_to_month,,active
SUB-0004003,ACC-004924,SMB,2022-07-11,,metered_month_to_month,,active
SUB-0004004,ACC-004925,SMB,2024-01-10,2025-07-10,metered_month_to_month,,churned
SUB-0004005,ACC-004926,SMB,2025-08-01,,metered_month_to_month,,active
SUB-0004006,ACC-004927,SMB,2023-09-25,,metered_month_to_month,,active
SUB-0004007,ACC-004928,SMB,2020-07-06,2022-12-06,metered_month_to_month,,churned
SUB-0004008,ACC-004929,SMB,2024-09-22,,metered_month_to_month,,active
SUB-0004009,ACC-004930,SMB,2024-01-06,2024-06-06,metered_month_to_month,,churned
SUB-0004010,ACC-004931,SMB,2025-01-14,,metered_month_to_month,,active
SUB-0004011,ACC-004932,SMB,2024-03-21,2025-04-21,metered_month_to_month,,churned
SUB-0004012,ACC-004933,SMB,2024-01-25,,metered_month_to_month,,active
SUB-0004013,ACC-004934,SMB,2021-02-24,2022-01-24,metered_month_to_month,,churned
SUB-0004014,ACC-004935,SMB,2022-03-05,,metered_month_to_month,,active
SUB-0004015,ACC-004937,SMB,2024-08-04,2025-09-04,metered_month_to_month,,churned
SUB-0004016,ACC-004938,SMB,2021-05-29,2024-08-28,metered_month_to_month,,churned
SUB-0004017,ACC-004939,SMB,2025-04-20,,metered_month_to_month,,active
SUB-0004018,ACC-004940,SMB,2025-09-16,,metered_month_to_month,,active
SUB-0004019,ACC-004941,SMB,2024-02-27,,metered_month_to_month,,active
SUB-0004020,ACC-004942,SMB,2024-01-11,,metered_month_to_month,,active
SUB-0004021,ACC-004943,SMB,2021-12-02,,metered_month_to_month,,active
SUB-0004022,ACC-004944,SMB,2020-01-27,2020-06-27,metered_month_to_month,,churned
SUB-0004023,ACC-004945,SMB,2023-12-02,,metered_month_to_month,,active
SUB-0004024,ACC-004946,SMB,2021-12-26,2024-04-26,metered_month_to_month,,churned
SUB-0004025,ACC-004947,SMB,2025-05-16,,metered_month_to_month,,active
SUB-0004026,ACC-004948,SMB,2022-09-19,,metered_month_to_month,,active
SUB-0004027,ACC-004949,SMB,2025-12-10,,metered_month_to_month,,active
SUB-0004028,ACC-004950,SMB,2025-10-14,,metered_month_to_month,,active
SUB-0004029,ACC-004951,SMB,2024-01-19,2025-06-19,metered_month_to_month,,churned
SUB-0004030,ACC-004952,SMB,2024-05-10,,metered_month_to_month,,active
SUB-0004031,ACC-004953,SMB,2023-06-26,2023-11-26,metered_month_to_month,,churned
SUB-0004032,ACC-004954,SMB,2024-07-07,2025-01-07,metered_month_to_month,,churned
SUB-0004033,ACC-004955,SMB,2025-12-01,,metered_month_to_month,,active
SUB-0004034,ACC-004956,SMB,2024-04-18,,metered_month_to_month,,active
SUB-0004035,ACC-004957,SMB,2025-03-23,,metered_month_to_month,,active
SUB-0004036,ACC-004958,SMB,2025-06-19,,metered_month_to_month,,active
SUB-0004037,ACC-004959,SMB,2025-10-10,,metered_month_to_month,,active
SUB-0004038,ACC-004960,SMB,2024-11-08,,metered_month_to_month,,active
SUB-0004039,ACC-004961,SMB,2021-09-10,2022-06-10,metered_month_to_month,,churned
SUB-0004040,ACC-004962,SMB,2020-02-03,2025-06-03,metered_month_to_month,,churned
SUB-0004041,ACC-004963,SMB,2022-06-30,,metered_month_to_month,,active
SUB-0004042,ACC-004964,SMB,2023-02-05,,metered_month_to_month,,active
SUB-0004043,ACC-004965,SMB,2021-10-08,2025-08-08,metered_month_to_month,,churned
SUB-0004044,ACC-004966,SMB,2021-10-10,,metered_month_to_month,,active
SUB-0004045,ACC-004967,SMB,2025-08-25,,metered_month_to_month,,active
SUB-0004046,ACC-004968,SMB,2022-02-15,2024-03-15,metered_month_to_month,,churned
SUB-0004047,ACC-004969,SMB,2024-09-18,,metered_month_to_month,,active
SUB-0004048,ACC-004970,SMB,2023-09-27,,metered_month_to_month,,active
SUB-0004049,ACC-004971,SMB,2024-02-02,,metered_month_to_month,,active
SUB-0004050,ACC-004972,SMB,2023-04-04,2023-11-04,metered_month_to_month,,churned
SUB-0004051,ACC-004973,SMB,2024-12-01,,metered_month_to_month,,active
SUB-0004052,ACC-004974,SMB,2024-05-02,,metered_month_to_month,,active
SUB-0004053,ACC-004975,SMB,2023-10-11,,metered_month_to_month,,active
SUB-0004054,ACC-004976,SMB,2025-08-05,,metered_month_to_month,,active
SUB-0004055,ACC-004978,SMB,2025-09-25,,metered_month_to_month,,active
SUB-0004056,ACC-004979,SMB,2024-09-20,2025-09-20,metered_month_to_month,,churned
SUB-0004057,ACC-004981,SMB,2021-08-20,2022-03-20,metered_month_to_month,,churned
SUB-0004058,ACC-004982,SMB,2025-02-05,,metered_month_to_month,,active
SUB-0004059,ACC-004983,SMB,2024-08-22,,metered_month_to_month,,active
SUB-0004060,ACC-004984,SMB,2024-10-20,2025-07-20,metered_month_to_month,,churned
SUB-0004061,ACC-004985,SMB,2024-11-19,,metered_month_to_month,,active
SUB-0004062,ACC-004986,SMB,2023-12-05,,metered_month_to_month,,active
SUB-0004063,ACC-004987,SMB,2025-01-12,,metered_month_to_month,,active
SUB-0004064,ACC-004988,SMB,2025-07-27,,metered_month_to_month,,active
SUB-0004065,ACC-004989,SMB,2022-10-02,,metered_month_to_month,,active
SUB-0004066,ACC-004990,SMB,2025-10-04,,metered_month_to_month,,active
SUB-0004067,ACC-004991,SMB,2025-05-27,,metered_month_to_month,,active
SUB-0004068,ACC-004992,SMB,2023-09-17,,metered_month_to_month,,active
SUB-0004069,ACC-004993,SMB,2025-05-27,,metered_month_to_month,,active
SUB-0004070,ACC-004994,SMB,2021-11-07,2022-08-07,metered_month_to_month,,churned
SUB-0004071,ACC-004995,SMB,2021-12-11,,metered_month_to_month,,active
SUB-0004072,ACC-004997,SMB,2025-11-14,,metered_month_to_month,,active
SUB-0004073,ACC-004998,SMB,2025-08-07,,metered_month_to_month,,active
SUB-0004074,ACC-004999,SMB,2021-04-19,2023-03-19,metered_month_to_month,,churned
SUB-0004075,ACC-005000,SMB,2024-10-26,2024-12-26,metered_month_to_month,,churned
SUB-0004076,ACC-005001,SMB,2024-05-12,,metered_month_to_month,,active
SUB-0004077,ACC-005002,SMB,2024-04-19,,metered_month_to_month,,active
SUB-0004078,ACC-005003,SMB,2020-05-05,,metered_month_to_month,,active
SUB-0004079,ACC-005004,SMB,2024-12-17,2025-06-17,metered_month_to_month,,churned
SUB-0004080,ACC-005005,SMB,2025-07-25,,metered_month_to_month,,active
SUB-0004081,ACC-005007,SMB,2021-05-10,2021-09-10,metered_month_to_month,,churned
SUB-0004082,ACC-005008,SMB,2024-10-08,,metered_month_to_month,,active
SUB-0004083,ACC-005010,SMB,2025-11-19,,metered_month_to_month,,active
SUB-0004084,ACC-005011,SMB,2021-06-09,2023-10-09,metered_month_to_month,,churned
SUB-0004085,ACC-005012,SMB,2025-05-08,,metered_month_to_month,,active
SUB-0004086,ACC-005013,SMB,2025-09-19,,metered_month_to_month,,active
SUB-0004087,ACC-005014,SMB,2025-11-07,,metered_month_to_month,,active
SUB-0004088,ACC-005016,SMB,2025-04-24,,metered_month_to_month,,active
SUB-0004089,ACC-005017,SMB,2025-06-04,,metered_month_to_month,,active
SUB-0004090,ACC-005018,SMB,2025-11-12,,metered_month_to_month,,active
SUB-0004091,ACC-005019,SMB,2025-08-23,,metered_month_to_month,,active
SUB-0004092,ACC-005020,SMB,2023-10-05,,metered_month_to_month,,active
SUB-0004093,ACC-005021,SMB,2023-06-01,2025-03-01,metered_month_to_month,,churned
SUB-0004094,ACC-005022,SMB,2022-03-24,,metered_month_to_month,,active
SUB-0004095,ACC-005023,SMB,2022-03-30,,metered_month_to_month,,active
SUB-0004096,ACC-005024,SMB,2020-08-03,2022-09-03,metered_month_to_month,,churned
SUB-0004097,ACC-005025,SMB,2020-01-20,2021-08-20,metered_month_to_month,,churned
SUB-0004098,ACC-005026,SMB,2023-07-10,2023-09-10,metered_month_to_month,,churned
SUB-0004099,ACC-005028,SMB,2023-11-21,,metered_month_to_month,,active
SUB-0004100,ACC-005029,SMB,2021-06-08,2021-09-08,metered_month_to_month,,churned
SUB-0004101,ACC-005030,SMB,2023-09-28,,metered_month_to_month,,active
SUB-0004102,ACC-005031,SMB,2023-03-14,2023-12-14,metered_month_to_month,,churned
SUB-0004103,ACC-005032,SMB,2024-05-21,,metered_month_to_month,,active
SUB-0004104,ACC-005033,SMB,2024-09-15,2025-06-15,metered_month_to_month,,churned
SUB-0004105,ACC-005034,SMB,2020-10-30,2021-12-28,metered_month_to_month,,churned
SUB-0004106,ACC-005036,SMB,2024-12-17,,metered_month_to_month,,active
SUB-0004107,ACC-005038,SMB,2025-07-08,,metered_month_to_month,,active
SUB-0004108,ACC-005039,SMB,2025-03-03,,metered_month_to_month,,active
SUB-0004109,ACC-005040,SMB,2024-11-05,,metered_month_to_month,,active
SUB-0004110,ACC-005041,SMB,2023-03-17,,metered_month_to_month,,active
SUB-0004111,ACC-005043,SMB,2024-03-17,2025-09-17,metered_month_to_month,,churned
SUB-0004112,ACC-005045,SMB,2024-03-04,2025-11-04,metered_month_to_month,,churned
SUB-0004113,ACC-005046,SMB,2022-12-20,2024-11-20,metered_month_to_month,,churned
SUB-0004114,ACC-005047,SMB,2023-10-18,2025-08-18,metered_month_to_month,,churned
SUB-0004115,ACC-005048,SMB,2025-09-15,,metered_month_to_month,,active
SUB-0004116,ACC-005049,SMB,2025-10-20,,metered_month_to_month,,active
SUB-0004117,ACC-005050,SMB,2024-01-22,,metered_month_to_month,,active
SUB-0004118,ACC-005053,SMB,2020-05-10,2024-08-10,metered_month_to_month,,churned
SUB-0004119,ACC-005054,SMB,2025-05-19,,metered_month_to_month,,active
SUB-0004120,ACC-005055,SMB,2024-01-21,,metered_month_to_month,,active
SUB-0004121,ACC-005056,SMB,2025-10-06,,metered_month_to_month,,active
SUB-0004122,ACC-005057,SMB,2020-11-21,2021-08-21,metered_month_to_month,,churned
SUB-0004123,ACC-005058,SMB,2025-09-26,,metered_month_to_month,,active
SUB-0004124,ACC-005059,SMB,2023-02-17,2023-05-17,metered_month_to_month,,churned
SUB-0004125,ACC-005060,SMB,2025-01-14,2025-10-14,metered_month_to_month,,churned
SUB-0004126,ACC-005061,SMB,2023-10-20,,metered_month_to_month,,active
SUB-0004127,ACC-005062,SMB,2024-01-19,,metered_month_to_month,,active
SUB-0004128,ACC-005063,SMB,2023-11-18,,metered_month_to_month,,active
SUB-0004129,ACC-005064,SMB,2025-12-02,,metered_month_to_month,,active
SUB-0004130,ACC-005065,SMB,2020-01-19,,metered_month_to_month,,active
SUB-0004131,ACC-005066,SMB,2024-07-06,,metered_month_to_month,,active
SUB-0004132,ACC-005067,SMB,2024-04-04,,metered_month_to_month,,active
SUB-0004133,ACC-005068,SMB,2023-02-26,,metered_month_to_month,,active
SUB-0004134,ACC-005069,SMB,2024-08-25,,metered_month_to_month,,active
SUB-0004135,ACC-005070,SMB,2022-02-24,2022-09-24,metered_month_to_month,,churned
SUB-0004136,ACC-005071,SMB,2025-08-18,,metered_month_to_month,,active
SUB-0004137,ACC-005072,SMB,2024-08-08,,metered_month_to_month,,active
SUB-0004138,ACC-005073,SMB,2025-09-07,,metered_month_to_month,,active
SUB-0004139,ACC-005074,SMB,2024-08-12,,metered_month_to_month,,active
SUB-0004140,ACC-005075,SMB,2025-01-24,,metered_month_to_month,,active
SUB-0004141,ACC-005076,SMB,2023-03-24,2024-10-24,metered_month_to_month,,churned
SUB-0004142,ACC-005077,SMB,2024-04-14,2025-05-14,metered_month_to_month,,churned
SUB-0004143,ACC-005078,SMB,2025-10-02,,metered_month_to_month,,active
SUB-0004144,ACC-005080,SMB,2023-03-23,,metered_month_to_month,,active
SUB-0004145,ACC-005081,SMB,2025-01-01,2025-04-01,metered_month_to_month,,churned
SUB-0004146,ACC-005082,SMB,2024-11-19,,metered_month_to_month,,active
SUB-0004147,ACC-005083,SMB,2025-01-26,,metered_month_to_month,,active
SUB-0004148,ACC-005084,SMB,2023-08-01,2025-04-01,metered_month_to_month,,churned
SUB-0004149,ACC-005085,SMB,2024-12-08,,metered_month_to_month,,active
SUB-0004150,ACC-005086,SMB,2024-10-14,,metered_month_to_month,,active
SUB-0004151,ACC-005087,SMB,2024-12-03,,metered_month_to_month,,active
SUB-0004152,ACC-005088,SMB,2023-12-06,2025-01-06,metered_month_to_month,,churned
SUB-0004153,ACC-005089,SMB,2022-09-04,,metered_month_to_month,,active
SUB-0004154,ACC-005090,SMB,2025-07-27,,metered_month_to_month,,active
SUB-0004155,ACC-005091,SMB,2024-12-02,,metered_month_to_month,,active
SUB-0004156,ACC-005092,SMB,2024-07-13,,metered_month_to_month,,active
SUB-0004157,ACC-005093,SMB,2024-11-28,,metered_month_to_month,,active
SUB-0004158,ACC-005094,SMB,2025-04-02,,metered_month_to_month,,active
SUB-0004159,ACC-005095,SMB,2024-10-23,2025-11-23,metered_month_to_month,,churned
SUB-0004160,ACC-005096,SMB,2021-03-21,2023-06-21,metered_month_to_month,,churned
SUB-0004161,ACC-005097,SMB,2023-02-06,2024-06-06,metered_month_to_month,,churned
SUB-0004162,ACC-005098,SMB,2023-06-27,,metered_month_to_month,,active
SUB-0004163,ACC-005099,SMB,2022-05-02,2022-11-02,metered_month_to_month,,churned
SUB-0004164,ACC-005100,SMB,2024-04-21,,metered_month_to_month,,active
SUB-0004165,ACC-005102,SMB,2024-03-08,,metered_month_to_month,,active
SUB-0004166,ACC-005103,SMB,2024-11-17,,metered_month_to_month,,active
SUB-0004167,ACC-005105,SMB,2024-05-25,2024-09-25,metered_month_to_month,,churned
SUB-0004168,ACC-005106,SMB,2025-07-03,,metered_month_to_month,,active
SUB-0004169,ACC-005108,SMB,2023-11-14,,metered_month_to_month,,active
SUB-0004170,ACC-005109,SMB,2021-08-24,,metered_month_to_month,,active
SUB-0004171,ACC-005110,SMB,2024-11-04,,metered_month_to_month,,active
SUB-0004172,ACC-005111,SMB,2025-12-17,,metered_month_to_month,,active
SUB-0004173,ACC-005112,SMB,2023-04-25,,metered_month_to_month,,active
SUB-0004174,ACC-005113,SMB,2024-11-05,2025-02-05,metered_month_to_month,,churned
SUB-0004175,ACC-005114,SMB,2025-02-27,,metered_month_to_month,,active
SUB-0004176,ACC-005115,SMB,2022-02-24,2023-04-24,metered_month_to_month,,churned
SUB-0004177,ACC-005116,SMB,2021-12-10,,metered_month_to_month,,active
SUB-0004178,ACC-005117,SMB,2024-10-22,,metered_month_to_month,,active
SUB-0004179,ACC-005118,SMB,2023-09-11,,metered_month_to_month,,active
SUB-0004180,ACC-005119,SMB,2024-09-11,,metered_month_to_month,,active
SUB-0004181,ACC-005120,SMB,2024-04-08,,metered_month_to_month,,active
SUB-0004182,ACC-005121,SMB,2024-04-22,2025-02-22,metered_month_to_month,,churned
SUB-0004183,ACC-005122,SMB,2025-01-09,2025-03-09,metered_month_to_month,,churned
SUB-0004184,ACC-005123,SMB,2025-07-03,,metered_month_to_month,,active
SUB-0004185,ACC-005124,SMB,2025-07-27,,metered_month_to_month,,active
SUB-0004186,ACC-005125,SMB,2025-03-08,,metered_month_to_month,,active
SUB-0004187,ACC-005127,SMB,2024-12-28,,metered_month_to_month,,active
SUB-0004188,ACC-005128,SMB,2023-02-20,,metered_month_to_month,,active
SUB-0004189,ACC-005129,SMB,2025-09-13,,metered_month_to_month,,active
SUB-0004190,ACC-005130,SMB,2023-05-10,,metered_month_to_month,,active
SUB-0004191,ACC-005131,SMB,2025-09-24,,metered_month_to_month,,active
SUB-0004192,ACC-005132,SMB,2024-03-23,,metered_month_to_month,,active
SUB-0004193,ACC-005133,SMB,2025-05-23,,metered_month_to_month,,active
SUB-0004194,ACC-005134,SMB,2025-09-12,,metered_month_to_month,,active
SUB-0004195,ACC-005135,SMB,2025-11-25,,metered_month_to_month,,active
SUB-0004196,ACC-005137,SMB,2025-03-25,,metered_month_to_month,,active
SUB-0004197,ACC-005138,SMB,2023-02-19,2024-04-19,metered_month_to_month,,churned
SUB-0004198,ACC-005139,SMB,2025-07-10,,metered_month_to_month,,active
SUB-0004199,ACC-005140,SMB,2023-03-10,,metered_month_to_month,,active
SUB-0004200,ACC-005141,SMB,2023-03-05,,metered_month_to_month,,active
SUB-0004201,ACC-005142,SMB,2024-07-19,2024-10-19,metered_month_to_month,,churned
SUB-0004202,ACC-005143,SMB,2025-10-09,,metered_month_to_month,,active
SUB-0004203,ACC-005146,SMB,2023-07-02,,metered_month_to_month,,active
SUB-0004204,ACC-005147,SMB,2023-01-08,2023-10-08,metered_month_to_month,,churned
SUB-0004205,ACC-005148,SMB,2025-11-25,,metered_month_to_month,,active
SUB-0004206,ACC-005150,SMB,2025-09-04,,metered_month_to_month,,active
SUB-0004207,ACC-005151,SMB,2023-01-16,2024-06-16,metered_month_to_month,,churned
SUB-0004208,ACC-005152,SMB,2025-03-05,,metered_month_to_month,,active
SUB-0004209,ACC-005153,SMB,2025-09-13,,metered_month_to_month,,active
SUB-0004210,ACC-005154,SMB,2023-10-26,,metered_month_to_month,,active
SUB-0004211,ACC-005155,SMB,2020-06-24,2023-06-24,metered_month_to_month,,churned
SUB-0004212,ACC-005156,SMB,2023-12-09,,metered_month_to_month,,active
SUB-0004213,ACC-005157,SMB,2023-12-21,2025-10-21,metered_month_to_month,,churned
SUB-0004214,ACC-005158,SMB,2024-04-16,,metered_month_to_month,,active
SUB-0004215,ACC-005160,SMB,2022-10-24,2024-08-24,metered_month_to_month,,churned
SUB-0004216,ACC-005161,SMB,2023-09-05,2025-02-05,metered_month_to_month,,churned
SUB-0004217,ACC-005162,SMB,2024-11-10,,metered_month_to_month,,active
SUB-0004218,ACC-005163,SMB,2025-03-24,2025-10-24,metered_month_to_month,,churned
SUB-0004219,ACC-005164,SMB,2021-07-24,2021-11-24,metered_month_to_month,,churned
SUB-0004220,ACC-005165,SMB,2023-02-09,,metered_month_to_month,,active
SUB-0004221,ACC-005167,SMB,2025-10-04,,metered_month_to_month,,active
SUB-0004222,ACC-005168,SMB,2024-12-28,,metered_month_to_month,,active
SUB-0004223,ACC-005169,SMB,2023-07-14,,metered_month_to_month,,active
SUB-0004224,ACC-005170,SMB,2025-02-05,,metered_month_to_month,,active
SUB-0004225,ACC-005171,SMB,2024-11-20,,metered_month_to_month,,active
SUB-0004226,ACC-005172,SMB,2025-04-08,,metered_month_to_month,,active
SUB-0004227,ACC-005173,SMB,2024-04-06,,metered_month_to_month,,active
SUB-0004228,ACC-005174,SMB,2025-08-14,,metered_month_to_month,,active
SUB-0004229,ACC-005175,SMB,2023-12-05,,metered_month_to_month,,active
SUB-0004230,ACC-005176,SMB,2023-03-03,2023-09-03,metered_month_to_month,,churned
SUB-0004231,ACC-005177,SMB,2024-04-17,,metered_month_to_month,,active
SUB-0004232,ACC-005178,SMB,2024-02-12,2025-11-12,metered_month_to_month,,churned
SUB-0004233,ACC-005179,SMB,2025-08-15,,metered_month_to_month,,active
SUB-0004234,ACC-005181,SMB,2023-02-13,,metered_month_to_month,,active
SUB-0004235,ACC-005182,SMB,2025-10-12,,metered_month_to_month,,active
SUB-0004236,ACC-005183,SMB,2024-11-10,,metered_month_to_month,,active
SUB-0004237,ACC-005184,SMB,2023-05-02,2025-05-02,metered_month_to_month,,churned
SUB-0004238,ACC-005185,SMB,2025-02-08,,metered_month_to_month,,active
SUB-0004239,ACC-005186,SMB,2024-10-03,,metered_month_to_month,,active
SUB-0004240,ACC-005187,SMB,2025-10-14,,metered_month_to_month,,active
SUB-0004241,ACC-005188,SMB,2024-03-05,,metered_month_to_month,,active
SUB-0004242,ACC-005189,SMB,2022-12-04,2025-09-04,metered_month_to_month,,churned
SUB-0004243,ACC-005190,SMB,2021-02-17,,metered_month_to_month,,active
SUB-0004244,ACC-005192,SMB,2025-08-04,,metered_month_to_month,,active
SUB-0004245,ACC-005193,SMB,2023-03-14,,metered_month_to_month,,active
SUB-0004246,ACC-005194,SMB,2025-04-12,,metered_month_to_month,,active
SUB-0004247,ACC-005195,SMB,2025-08-11,,metered_month_to_month,,active
SUB-0004248,ACC-005196,SMB,2025-12-06,,metered_month_to_month,,active
SUB-0004249,ACC-005197,SMB,2025-09-15,,metered_month_to_month,,active
SUB-0004250,ACC-005198,SMB,2025-10-24,,metered_month_to_month,,active
SUB-0004251,ACC-005199,SMB,2024-01-02,,metered_month_to_month,,active
SUB-0004252,ACC-005201,SMB,2022-09-16,,metered_month_to_month,,active
SUB-0004253,ACC-005202,SMB,2025-11-26,,metered_month_to_month,,active
SUB-0004254,ACC-005203,SMB,2021-12-30,,metered_month_to_month,,active
SUB-0004255,ACC-005205,SMB,2025-10-01,,metered_month_to_month,,active
SUB-0004256,ACC-005206,SMB,2022-09-12,,metered_month_to_month,,active
SUB-0004257,ACC-005207,SMB,2024-02-17,2024-08-17,metered_month_to_month,,churned
SUB-0004258,ACC-005208,SMB,2023-11-20,2025-07-20,metered_month_to_month,,churned
SUB-0004259,ACC-005209,SMB,2024-11-25,,metered_month_to_month,,active
SUB-0004260,ACC-005210,SMB,2025-09-22,,metered_month_to_month,,active
SUB-0004261,ACC-005211,SMB,2021-04-26,2025-08-26,metered_month_to_month,,churned
SUB-0004262,ACC-005212,SMB,2023-01-03,,metered_month_to_month,,active
SUB-0004263,ACC-005213,SMB,2024-06-18,,metered_month_to_month,,active
SUB-0004264,ACC-005214,SMB,2024-10-14,2025-09-14,metered_month_to_month,,churned
SUB-0004265,ACC-005215,SMB,2020-05-20,2022-02-20,metered_month_to_month,,churned
SUB-0004266,ACC-005216,SMB,2021-06-24,2025-07-24,metered_month_to_month,,churned
SUB-0004267,ACC-005218,SMB,2023-07-18,2024-04-18,metered_month_to_month,,churned
SUB-0004268,ACC-005219,SMB,2021-09-19,2024-12-19,metered_month_to_month,,churned
SUB-0004269,ACC-005220,SMB,2023-12-21,2024-03-21,metered_month_to_month,,churned
SUB-0004270,ACC-005221,SMB,2025-06-09,,metered_month_to_month,,active
SUB-0004271,ACC-005222,SMB,2024-11-27,,metered_month_to_month,,active
SUB-0004272,ACC-005223,SMB,2024-03-23,2024-12-23,metered_month_to_month,,churned
SUB-0004273,ACC-005224,SMB,2025-06-19,,metered_month_to_month,,active
SUB-0004274,ACC-005225,SMB,2022-05-01,,metered_month_to_month,,active
SUB-0004275,ACC-005228,SMB,2023-12-15,2025-06-15,metered_month_to_month,,churned
SUB-0004276,ACC-005229,SMB,2025-10-24,,metered_month_to_month,,active
SUB-0004277,ACC-005230,SMB,2024-04-22,2025-09-22,metered_month_to_month,,churned
SUB-0004278,ACC-005231,SMB,2023-10-27,2024-10-27,metered_month_to_month,,churned
SUB-0004279,ACC-005232,SMB,2024-11-24,,metered_month_to_month,,active
SUB-0004280,ACC-005233,SMB,2022-09-02,2025-02-02,metered_month_to_month,,churned
SUB-0004281,ACC-005235,SMB,2020-07-03,,metered_month_to_month,,active
SUB-0004282,ACC-005236,SMB,2022-10-15,,metered_month_to_month,,active
SUB-0004283,ACC-005237,SMB,2024-06-05,,metered_month_to_month,,active
SUB-0004284,ACC-005238,SMB,2025-02-10,,metered_month_to_month,,active
SUB-0004285,ACC-005239,SMB,2025-12-06,,metered_month_to_month,,active
SUB-0004286,ACC-005240,SMB,2024-11-06,2025-01-06,metered_month_to_month,,churned
SUB-0004287,ACC-005241,SMB,2020-09-14,2023-03-14,metered_month_to_month,,churned
SUB-0004288,ACC-005242,SMB,2021-11-19,,metered_month_to_month,,active
SUB-0004289,ACC-005243,SMB,2025-01-25,,metered_month_to_month,,active
SUB-0004290,ACC-005244,SMB,2020-04-12,,metered_month_to_month,,active
SUB-0004291,ACC-005245,SMB,2025-09-27,,metered_month_to_month,,active
SUB-0004292,ACC-005246,SMB,2025-08-26,,metered_month_to_month,,active
SUB-0004293,ACC-005247,SMB,2025-06-19,,metered_month_to_month,,active
SUB-0004294,ACC-005248,SMB,2024-11-02,,metered_month_to_month,,active
SUB-0004295,ACC-005249,SMB,2022-04-26,,metered_month_to_month,,active
SUB-0004296,ACC-005250,SMB,2025-02-13,,metered_month_to_month,,active
SUB-0004297,ACC-005251,SMB,2024-12-17,,metered_month_to_month,,active
SUB-0004298,ACC-005253,SMB,2025-09-26,,metered_month_to_month,,active
SUB-0004299,ACC-005254,SMB,2024-04-25,,metered_month_to_month,,active
SUB-0004300,ACC-005255,SMB,2025-03-06,,metered_month_to_month,,active
SUB-0004301,ACC-005256,SMB,2023-09-26,,metered_month_to_month,,active
SUB-0004302,ACC-005257,SMB,2025-01-12,,metered_month_to_month,,active
SUB-0004303,ACC-005258,SMB,2025-09-17,,metered_month_to_month,,active
SUB-0004304,ACC-005259,SMB,2025-07-03,,metered_month_to_month,,active
SUB-0004305,ACC-005260,SMB,2024-06-12,,metered_month_to_month,,active
SUB-0004306,ACC-005261,SMB,2024-09-01,2025-07-01,metered_month_to_month,,churned
SUB-0004307,ACC-005262,SMB,2024-02-11,,metered_month_to_month,,active
SUB-0004308,ACC-005263,SMB,2025-10-01,,metered_month_to_month,,active
SUB-0004309,ACC-005264,SMB,2025-05-06,,metered_month_to_month,,active
SUB-0004310,ACC-005265,SMB,2025-03-23,,metered_month_to_month,,active
SUB-0004311,ACC-005266,SMB,2020-10-31,,metered_month_to_month,,active
SUB-0004312,ACC-005267,SMB,2020-01-22,2023-03-22,metered_month_to_month,,churned
SUB-0004313,ACC-005268,SMB,2023-03-18,2023-06-18,metered_month_to_month,,churned
SUB-0004314,ACC-005269,SMB,2025-04-22,,metered_month_to_month,,active
SUB-0004315,ACC-005270,SMB,2024-05-25,,metered_month_to_month,,active
SUB-0004316,ACC-005271,SMB,2023-03-19,,metered_month_to_month,,active
SUB-0004317,ACC-005272,SMB,2025-10-21,,metered_month_to_month,,active
SUB-0004318,ACC-005273,SMB,2023-10-15,2024-11-15,metered_month_to_month,,churned
SUB-0004319,ACC-005274,SMB,2024-12-14,,metered_month_to_month,,active
SUB-0004320,ACC-005275,SMB,2024-08-03,,metered_month_to_month,,active
SUB-0004321,ACC-005276,SMB,2025-03-20,,metered_month_to_month,,active
SUB-0004322,ACC-005277,SMB,2024-08-19,,metered_month_to_month,,active
SUB-0004323,ACC-005278,SMB,2023-04-28,,metered_month_to_month,,active
SUB-0004324,ACC-005279,SMB,2024-09-23,,metered_month_to_month,,active
SUB-0004325,ACC-005280,SMB,2023-09-14,,metered_month_to_month,,active
SUB-0004326,ACC-005281,SMB,2023-06-01,2023-11-01,metered_month_to_month,,churned
SUB-0004327,ACC-005282,SMB,2025-02-05,,metered_month_to_month,,active
SUB-0004328,ACC-005283,SMB,2023-11-12,,metered_month_to_month,,active
SUB-0004329,ACC-005284,SMB,2023-04-10,2024-09-10,metered_month_to_month,,churned
SUB-0004330,ACC-005285,SMB,2025-09-28,,metered_month_to_month,,active
SUB-0004331,ACC-005286,SMB,2025-12-24,,metered_month_to_month,,active
SUB-0004332,ACC-005287,SMB,2025-09-06,,metered_month_to_month,,active
SUB-0004333,ACC-005288,SMB,2024-03-17,,metered_month_to_month,,active
SUB-0004334,ACC-005289,SMB,2025-02-04,,metered_month_to_month,,active
SUB-0004335,ACC-005290,SMB,2021-09-22,2023-06-22,metered_month_to_month,,churned
SUB-0004336,ACC-005291,SMB,2025-09-11,,metered_month_to_month,,active
SUB-0004337,ACC-005292,SMB,2025-11-07,,metered_month_to_month,,active
SUB-0004338,ACC-005293,SMB,2023-11-13,,metered_month_to_month,,active
SUB-0004339,ACC-005294,SMB,2025-12-12,,metered_month_to_month,,active
SUB-0004340,ACC-005295,SMB,2025-05-18,,metered_month_to_month,,active
SUB-0004341,ACC-005296,SMB,2023-03-22,,metered_month_to_month,,active
SUB-0004342,ACC-005297,SMB,2024-04-09,,metered_month_to_month,,active
SUB-0004343,ACC-005298,SMB,2024-10-06,,metered_month_to_month,,active
SUB-0004344,ACC-005299,SMB,2025-09-25,,metered_month_to_month,,active
SUB-0004345,ACC-005300,SMB,2024-10-02,,metered_month_to_month,,active
SUB-0004346,ACC-005301,SMB,2024-10-08,,metered_month_to_month,,active
SUB-0004347,ACC-005302,SMB,2023-08-23,,metered_month_to_month,,active
SUB-0004348,ACC-005303,SMB,2022-02-12,2024-03-12,metered_month_to_month,,churned
SUB-0004349,ACC-005304,SMB,2021-01-18,2022-09-18,metered_month_to_month,,churned
SUB-0004350,ACC-005305,SMB,2024-03-11,2025-01-11,metered_month_to_month,,churned
SUB-0004351,ACC-005306,SMB,2025-03-25,,metered_month_to_month,,active
SUB-0004352,ACC-005307,SMB,2025-01-12,,metered_month_to_month,,active
SUB-0004353,ACC-005308,SMB,2024-09-09,,metered_month_to_month,,active
SUB-0004354,ACC-005310,SMB,2022-06-11,2023-01-11,metered_month_to_month,,churned
SUB-0004355,ACC-005311,SMB,2025-02-24,2025-11-24,metered_month_to_month,,churned
SUB-0004356,ACC-005312,SMB,2024-10-28,,metered_month_to_month,,active
SUB-0004357,ACC-005313,SMB,2025-06-12,,metered_month_to_month,,active
SUB-0004358,ACC-005314,SMB,2025-12-06,,metered_month_to_month,,active
SUB-0004359,ACC-005315,SMB,2025-12-13,,metered_month_to_month,,active
SUB-0004360,ACC-005316,SMB,2024-11-01,,metered_month_to_month,,active
SUB-0004361,ACC-005317,SMB,2023-08-13,,metered_month_to_month,,active
SUB-0004362,ACC-005318,SMB,2025-07-10,,metered_month_to_month,,active
SUB-0004363,ACC-005319,SMB,2023-08-07,2024-12-07,metered_month_to_month,,churned
SUB-0004364,ACC-005320,SMB,2025-02-27,,metered_month_to_month,,active
SUB-0004365,ACC-005321,SMB,2023-05-11,,metered_month_to_month,,active
SUB-0004366,ACC-005322,SMB,2025-09-06,,metered_month_to_month,,active
SUB-0004367,ACC-005323,SMB,2025-01-25,,metered_month_to_month,,active
SUB-0004368,ACC-005324,SMB,2025-10-16,,metered_month_to_month,,active
SUB-0004369,ACC-005325,SMB,2024-07-05,2024-10-05,metered_month_to_month,,churned
SUB-0004370,ACC-005326,SMB,2025-10-19,,metered_month_to_month,,active
SUB-0004371,ACC-005327,SMB,2025-06-05,,metered_month_to_month,,active
SUB-0004372,ACC-005328,SMB,2023-11-05,,metered_month_to_month,,active
SUB-0004373,ACC-005329,SMB,2025-01-09,2025-07-09,metered_month_to_month,,churned
SUB-0004374,ACC-005330,SMB,2020-06-26,2023-03-26,metered_month_to_month,,churned
SUB-0004375,ACC-005331,SMB,2025-09-05,,metered_month_to_month,,active
SUB-0004376,ACC-005332,SMB,2024-08-11,2025-10-11,metered_month_to_month,,churned
SUB-0004377,ACC-005333,SMB,2021-11-07,,metered_month_to_month,,active
SUB-0004378,ACC-005334,SMB,2025-12-24,,metered_month_to_month,,active
SUB-0004379,ACC-005335,SMB,2024-05-14,,metered_month_to_month,,active
SUB-0004380,ACC-005336,SMB,2025-04-18,,metered_month_to_month,,active
SUB-0004381,ACC-005337,SMB,2025-09-20,,metered_month_to_month,,active
SUB-0004382,ACC-005338,SMB,2024-11-17,,metered_month_to_month,,active
SUB-0004383,ACC-005339,SMB,2024-01-19,,metered_month_to_month,,active
SUB-0004384,ACC-005340,SMB,2025-11-23,,metered_month_to_month,,active
SUB-0004385,ACC-005342,SMB,2023-06-27,2024-10-27,metered_month_to_month,,churned
SUB-0004386,ACC-005343,SMB,2024-12-25,,metered_month_to_month,,active
SUB-0004387,ACC-005344,SMB,2020-02-15,,metered_month_to_month,,active
SUB-0004388,ACC-005345,SMB,2020-04-05,2025-06-05,metered_month_to_month,,churned
SUB-0004389,ACC-005347,SMB,2020-01-17,,metered_month_to_month,,active
SUB-0004390,ACC-005348,SMB,2023-08-23,,metered_month_to_month,,active
SUB-0004391,ACC-005349,SMB,2020-08-14,,metered_month_to_month,,active
SUB-0004392,ACC-005350,SMB,2024-07-11,2024-09-11,metered_month_to_month,,churned
SUB-0004393,ACC-005351,SMB,2023-04-12,,metered_month_to_month,,active
SUB-0004394,ACC-005352,SMB,2024-09-09,,metered_month_to_month,,active
SUB-0004395,ACC-005353,SMB,2021-07-31,2023-08-28,metered_month_to_month,,churned
SUB-0004396,ACC-005354,SMB,2021-03-25,2022-06-25,metered_month_to_month,,churned
SUB-0004397,ACC-005355,SMB,2023-01-23,2024-02-23,metered_month_to_month,,churned
SUB-0004398,ACC-005356,SMB,2023-05-20,2025-08-20,metered_month_to_month,,churned
SUB-0004399,ACC-005357,SMB,2025-05-26,2025-07-26,metered_month_to_month,,churned
SUB-0004400,ACC-005358,SMB,2024-11-28,,metered_month_to_month,,active
SUB-0004401,ACC-005359,SMB,2022-06-01,,metered_month_to_month,,active
SUB-0004402,ACC-005360,SMB,2023-07-05,2024-04-05,metered_month_to_month,,churned
SUB-0004403,ACC-005361,SMB,2025-01-27,,metered_month_to_month,,active
SUB-0004404,ACC-005362,SMB,2022-04-02,,metered_month_to_month,,active
SUB-0004405,ACC-005363,SMB,2025-09-24,,metered_month_to_month,,active
SUB-0004406,ACC-005364,SMB,2024-07-03,,metered_month_to_month,,active
SUB-0004407,ACC-005365,SMB,2024-10-10,,metered_month_to_month,,active
SUB-0004408,ACC-005366,SMB,2024-10-24,,metered_month_to_month,,active
SUB-0004409,ACC-005367,SMB,2025-05-19,,metered_month_to_month,,active
SUB-0004410,ACC-005368,SMB,2025-06-19,,metered_month_to_month,,active
SUB-0004411,ACC-005369,SMB,2025-02-03,,metered_month_to_month,,active
SUB-0004412,ACC-005370,SMB,2024-07-02,,metered_month_to_month,,active
SUB-0004413,ACC-005371,SMB,2023-08-12,,metered_month_to_month,,active
SUB-0004414,ACC-005372,SMB,2020-06-26,2021-11-26,metered_month_to_month,,churned
SUB-0004415,ACC-005373,SMB,2021-03-16,2022-07-16,metered_month_to_month,,churned
SUB-0004416,ACC-005374,SMB,2025-04-12,,metered_month_to_month,,active
SUB-0004417,ACC-005375,SMB,2023-10-26,2024-06-26,metered_month_to_month,,churned
SUB-0004418,ACC-005376,SMB,2024-01-05,,metered_month_to_month,,active
SUB-0004419,ACC-005377,SMB,2025-04-28,,metered_month_to_month,,active
SUB-0004420,ACC-005378,SMB,2025-05-01,,metered_month_to_month,,active
SUB-0004421,ACC-005379,SMB,2025-06-12,,metered_month_to_month,,active
SUB-0004422,ACC-005380,SMB,2024-11-14,,metered_month_to_month,,active
SUB-0004423,ACC-005381,SMB,2025-11-25,,metered_month_to_month,,active
SUB-0004424,ACC-005382,SMB,2024-12-17,,metered_month_to_month,,active
SUB-0004425,ACC-005383,SMB,2025-07-12,,metered_month_to_month,,active
SUB-0004426,ACC-005384,SMB,2024-02-05,,metered_month_to_month,,active
SUB-0004427,ACC-005385,SMB,2020-02-07,2020-10-07,metered_month_to_month,,churned
SUB-0004428,ACC-005386,SMB,2025-06-12,,metered_month_to_month,,active
SUB-0004429,ACC-005388,SMB,2024-01-10,,metered_month_to_month,,active
SUB-0004430,ACC-005389,SMB,2025-12-21,,metered_month_to_month,,active
SUB-0004431,ACC-005390,SMB,2023-04-08,,metered_month_to_month,,active
SUB-0004432,ACC-005391,SMB,2021-03-24,2023-09-24,metered_month_to_month,,churned
SUB-0004433,ACC-005392,SMB,2022-11-27,2023-08-27,metered_month_to_month,,churned
SUB-0004434,ACC-005393,SMB,2023-08-19,2025-05-19,metered_month_to_month,,churned
SUB-0004435,ACC-005394,SMB,2023-11-07,,metered_month_to_month,,active
SUB-0004436,ACC-005395,SMB,2025-10-26,,metered_month_to_month,,active
SUB-0004437,ACC-005396,SMB,2025-02-24,,metered_month_to_month,,active
SUB-0004438,ACC-005397,SMB,2024-04-06,,metered_month_to_month,,active
SUB-0004439,ACC-005398,SMB,2020-03-01,2024-04-01,metered_month_to_month,,churned
SUB-0004440,ACC-005400,SMB,2022-09-03,,metered_month_to_month,,active
SUB-0004441,ACC-005401,SMB,2022-04-02,,metered_month_to_month,,active
SUB-0004442,ACC-005402,SMB,2025-06-23,,metered_month_to_month,,active
SUB-0004443,ACC-005403,SMB,2024-10-02,,metered_month_to_month,,active
SUB-0004444,ACC-005404,SMB,2024-02-26,,metered_month_to_month,,active
SUB-0004445,ACC-005405,SMB,2021-05-14,,metered_month_to_month,,active
SUB-0004446,ACC-005406,SMB,2023-07-06,2024-06-06,metered_month_to_month,,churned
SUB-0004447,ACC-005407,SMB,2020-03-10,2022-08-10,metered_month_to_month,,churned
SUB-0004448,ACC-005408,SMB,2025-02-26,,metered_month_to_month,,active
SUB-0004449,ACC-005409,SMB,2024-03-01,,metered_month_to_month,,active
SUB-0004450,ACC-005410,SMB,2024-02-12,,metered_month_to_month,,active
SUB-0004451,ACC-005411,SMB,2024-07-04,,metered_month_to_month,,active
SUB-0004452,ACC-005412,SMB,2020-04-22,2025-09-22,metered_month_to_month,,churned
SUB-0004453,ACC-005413,SMB,2024-01-10,,metered_month_to_month,,active
SUB-0004454,ACC-005414,SMB,2025-12-26,,metered_month_to_month,,active
SUB-0004455,ACC-005417,SMB,2024-06-14,,metered_month_to_month,,active
SUB-0004456,ACC-005418,SMB,2021-12-01,2023-01-01,metered_month_to_month,,churned
SUB-0004457,ACC-005420,SMB,2024-02-08,,metered_month_to_month,,active
SUB-0004458,ACC-005421,SMB,2021-05-01,,metered_month_to_month,,active
SUB-0004459,ACC-005422,SMB,2022-02-06,2023-11-06,metered_month_to_month,,churned
SUB-0004460,ACC-005423,SMB,2021-05-15,2021-07-15,metered_month_to_month,,churned
SUB-0004461,ACC-005424,SMB,2025-02-13,,metered_month_to_month,,active
SUB-0004462,ACC-005426,SMB,2023-09-14,,metered_month_to_month,,active
SUB-0004463,ACC-005427,SMB,2025-05-25,,metered_month_to_month,,active
SUB-0004464,ACC-005428,SMB,2023-07-14,,metered_month_to_month,,active
SUB-0004465,ACC-005432,SMB,2025-05-15,,metered_month_to_month,,active
SUB-0004466,ACC-005433,SMB,2020-07-28,2025-01-28,metered_month_to_month,,churned
SUB-0004467,ACC-005434,SMB,2024-08-25,2025-02-25,metered_month_to_month,,churned
SUB-0004468,ACC-005435,SMB,2025-12-19,,metered_month_to_month,,active
SUB-0004469,ACC-005436,SMB,2023-09-17,2024-10-17,metered_month_to_month,,churned
SUB-0004470,ACC-005437,SMB,2024-08-01,2025-04-01,metered_month_to_month,,churned
SUB-0004471,ACC-005438,SMB,2024-11-25,,metered_month_to_month,,active
SUB-0004472,ACC-005439,SMB,2025-09-26,,metered_month_to_month,,active
SUB-0004473,ACC-005440,SMB,2024-10-09,,metered_month_to_month,,active
SUB-0004474,ACC-005441,SMB,2024-11-27,,metered_month_to_month,,active
SUB-0004475,ACC-005442,SMB,2022-08-23,,metered_month_to_month,,active
SUB-0004476,ACC-005443,SMB,2021-05-09,2022-08-09,metered_month_to_month,,churned
SUB-0004477,ACC-005444,SMB,2025-06-17,,metered_month_to_month,,active
SUB-0004478,ACC-005445,SMB,2022-11-05,,metered_month_to_month,,active
SUB-0004479,ACC-005446,SMB,2025-09-03,,metered_month_to_month,,active
SUB-0004480,ACC-005447,SMB,2024-09-25,2025-11-25,metered_month_to_month,,churned
SUB-0004481,ACC-005449,SMB,2025-02-09,,metered_month_to_month,,active
SUB-0004482,ACC-005450,SMB,2025-12-12,,metered_month_to_month,,active
SUB-0004483,ACC-005451,SMB,2025-12-13,,metered_month_to_month,,active
SUB-0004484,ACC-005452,SMB,2024-04-12,,metered_month_to_month,,active
SUB-0004485,ACC-005453,SMB,2025-11-26,,metered_month_to_month,,active
SUB-0004486,ACC-005454,SMB,2021-07-30,,metered_month_to_month,,active
SUB-0004487,ACC-005455,SMB,2025-08-03,,metered_month_to_month,,active
SUB-0004488,ACC-005456,SMB,2023-07-22,,metered_month_to_month,,active
SUB-0004489,ACC-005457,SMB,2021-10-19,2023-01-19,metered_month_to_month,,churned
SUB-0004490,ACC-005458,SMB,2024-01-11,,metered_month_to_month,,active
SUB-0004491,ACC-005459,SMB,2020-02-10,2024-03-10,metered_month_to_month,,churned
SUB-0004492,ACC-005460,SMB,2023-01-26,2024-02-26,metered_month_to_month,,churned
SUB-0004493,ACC-005462,SMB,2023-05-11,,metered_month_to_month,,active
SUB-0004494,ACC-005463,SMB,2024-09-26,,metered_month_to_month,,active
SUB-0004495,ACC-005464,SMB,2025-11-09,,metered_month_to_month,,active
SUB-0004496,ACC-005465,SMB,2025-10-15,,metered_month_to_month,,active
SUB-0004497,ACC-005466,SMB,2025-01-28,,metered_month_to_month,,active
SUB-0004498,ACC-005467,SMB,2025-07-18,,metered_month_to_month,,active
SUB-0004499,ACC-005468,SMB,2025-09-01,,metered_month_to_month,,active
SUB-0004500,ACC-005469,SMB,2024-05-11,,metered_month_to_month,,active
SUB-0004501,ACC-005471,SMB,2024-04-22,2024-08-22,metered_month_to_month,,churned
SUB-0004502,ACC-005472,SMB,2025-12-03,,metered_month_to_month,,active
SUB-0004503,ACC-005473,SMB,2023-09-07,,metered_month_to_month,,active
SUB-0004504,ACC-005474,SMB,2021-02-18,,metered_month_to_month,,active
SUB-0004505,ACC-005475,SMB,2024-11-07,2025-06-07,metered_month_to_month,,churned
SUB-0004506,ACC-005476,SMB,2025-09-10,,metered_month_to_month,,active
SUB-0004507,ACC-005477,SMB,2020-11-03,2022-02-03,metered_month_to_month,,churned
SUB-0004508,ACC-005478,SMB,2025-02-18,,metered_month_to_month,,active
SUB-0004509,ACC-005479,SMB,2020-01-05,,metered_month_to_month,,active
SUB-0004510,ACC-005480,SMB,2025-09-12,,metered_month_to_month,,active
SUB-0004511,ACC-005481,SMB,2025-05-01,,metered_month_to_month,,active
SUB-0004512,ACC-005482,SMB,2021-05-01,2022-05-01,metered_month_to_month,,churned
SUB-0004513,ACC-005483,SMB,2025-12-12,,metered_month_to_month,,active
SUB-0004514,ACC-005484,SMB,2025-05-19,,metered_month_to_month,,active
SUB-0004515,ACC-005485,SMB,2025-02-08,,metered_month_to_month,,active
SUB-0004516,ACC-005486,SMB,2024-10-08,2025-11-08,metered_month_to_month,,churned
SUB-0004517,ACC-005487,SMB,2023-09-16,,metered_month_to_month,,active
SUB-0004518,ACC-005488,SMB,2021-04-29,2025-07-28,metered_month_to_month,,churned
SUB-0004519,ACC-005489,SMB,2023-09-13,,metered_month_to_month,,active
SUB-0004520,ACC-005490,SMB,2021-12-02,2022-02-02,metered_month_to_month,,churned
SUB-0004521,ACC-005493,SMB,2025-08-24,,metered_month_to_month,,active
SUB-0004522,ACC-005494,SMB,2024-08-06,,metered_month_to_month,,active
SUB-0004523,ACC-005495,SMB,2025-09-17,,metered_month_to_month,,active
SUB-0004524,ACC-005496,SMB,2024-08-22,,metered_month_to_month,,active
SUB-0004525,ACC-005497,SMB,2025-09-03,,metered_month_to_month,,active
SUB-0004526,ACC-005499,SMB,2023-05-01,,metered_month_to_month,,active
SUB-0004527,ACC-005500,SMB,2023-03-13,2024-04-13,metered_month_to_month,,churned
SUB-0004528,ACC-005501,SMB,2024-12-22,2025-09-22,metered_month_to_month,,churned
SUB-0004529,ACC-005502,SMB,2023-06-10,2025-02-10,metered_month_to_month,,churned
SUB-0004530,ACC-005503,SMB,2025-01-27,,metered_month_to_month,,active
SUB-0004531,ACC-005504,SMB,2025-04-10,,metered_month_to_month,,active
SUB-0004532,ACC-005505,SMB,2024-08-26,2025-06-26,metered_month_to_month,,churned
SUB-0004533,ACC-005506,SMB,2025-03-12,,metered_month_to_month,,active
SUB-0004534,ACC-005507,SMB,2020-05-09,2025-01-09,metered_month_to_month,,churned
SUB-0004535,ACC-005508,SMB,2025-10-01,,metered_month_to_month,,active
SUB-0004536,ACC-005509,SMB,2022-07-03,2023-03-03,metered_month_to_month,,churned
SUB-0004537,ACC-005510,SMB,2025-06-15,,metered_month_to_month,,active
SUB-0004538,ACC-005511,SMB,2024-08-24,,metered_month_to_month,,active
SUB-0004539,ACC-005513,SMB,2023-11-24,,metered_month_to_month,,active
SUB-0004540,ACC-005514,SMB,2025-04-06,,metered_month_to_month,,active
SUB-0004541,ACC-005516,SMB,2022-01-30,,metered_month_to_month,,active
SUB-0004542,ACC-005517,SMB,2023-10-11,,metered_month_to_month,,active
SUB-0004543,ACC-005518,SMB,2025-08-13,,metered_month_to_month,,active
SUB-0004544,ACC-005519,SMB,2024-08-19,2025-01-19,metered_month_to_month,,churned
SUB-0004545,ACC-005520,SMB,2025-10-23,,metered_month_to_month,,active
SUB-0004546,ACC-005521,SMB,2025-04-23,,metered_month_to_month,,active
SUB-0004547,ACC-005522,SMB,2021-09-14,2023-06-14,metered_month_to_month,,churned
SUB-0004548,ACC-005523,SMB,2020-08-03,2024-06-03,metered_month_to_month,,churned
SUB-0004549,ACC-005526,SMB,2025-05-16,,metered_month_to_month,,active
SUB-0004550,ACC-005527,SMB,2021-01-22,2022-01-22,metered_month_to_month,,churned
SUB-0004551,ACC-005528,SMB,2022-09-25,2022-12-25,metered_month_to_month,,churned
SUB-0004552,ACC-005529,SMB,2025-12-28,,metered_month_to_month,,active
SUB-0004553,ACC-005530,SMB,2024-05-18,,metered_month_to_month,,active
SUB-0004554,ACC-005531,SMB,2024-11-15,,metered_month_to_month,,active
SUB-0004555,ACC-005532,SMB,2025-12-22,,metered_month_to_month,,active
SUB-0004556,ACC-005533,SMB,2023-01-02,,metered_month_to_month,,active
SUB-0004557,ACC-005534,SMB,2023-12-21,,metered_month_to_month,,active
SUB-0004558,ACC-005536,SMB,2024-09-03,2025-03-03,metered_month_to_month,,churned
SUB-0004559,ACC-005537,SMB,2025-03-02,,metered_month_to_month,,active
SUB-0004560,ACC-005538,SMB,2021-03-23,2022-08-23,metered_month_to_month,,churned
SUB-0004561,ACC-005540,SMB,2023-05-02,2023-11-02,metered_month_to_month,,churned
SUB-0004562,ACC-005541,SMB,2024-03-28,2024-12-28,metered_month_to_month,,churned
SUB-0004563,ACC-005542,SMB,2025-04-24,,metered_month_to_month,,active
SUB-0004564,ACC-005543,SMB,2020-05-07,2022-11-07,metered_month_to_month,,churned
SUB-0004565,ACC-005544,SMB,2024-07-07,2024-09-07,metered_month_to_month,,churned
SUB-0004566,ACC-005545,SMB,2023-05-08,,metered_month_to_month,,active
SUB-0004567,ACC-005546,SMB,2023-03-03,2025-09-03,metered_month_to_month,,churned
SUB-0004568,ACC-005547,SMB,2025-05-24,,metered_month_to_month,,active
SUB-0004569,ACC-005548,SMB,2025-12-11,,metered_month_to_month,,active
SUB-0004570,ACC-005549,SMB,2025-02-26,,metered_month_to_month,,active
SUB-0004571,ACC-005550,SMB,2023-03-20,2023-05-20,metered_month_to_month,,churned
SUB-0004572,ACC-005551,SMB,2023-05-14,2025-01-14,metered_month_to_month,,churned
SUB-0004573,ACC-005552,SMB,2024-01-15,,metered_month_to_month,,active
SUB-0004574,ACC-005553,SMB,2025-05-07,,metered_month_to_month,,active
SUB-0004575,ACC-005554,SMB,2022-10-13,,metered_month_to_month,,active
SUB-0004576,ACC-005555,SMB,2022-06-23,,metered_month_to_month,,active
SUB-0004577,ACC-005556,SMB,2025-09-07,,metered_month_to_month,,active
SUB-0004578,ACC-005557,SMB,2025-08-27,,metered_month_to_month,,active
SUB-0004579,ACC-005559,SMB,2022-08-25,2023-12-25,metered_month_to_month,,churned
SUB-0004580,ACC-005560,SMB,2024-08-21,,metered_month_to_month,,active
SUB-0004581,ACC-005561,SMB,2023-08-17,,metered_month_to_month,,active
SUB-0004582,ACC-005562,SMB,2024-08-19,,metered_month_to_month,,active
SUB-0004583,ACC-005563,SMB,2023-07-08,2025-01-08,metered_month_to_month,,churned
SUB-0004584,ACC-005564,SMB,2025-10-14,,metered_month_to_month,,active
SUB-0004585,ACC-005565,SMB,2023-10-14,,metered_month_to_month,,active
SUB-0004586,ACC-005566,SMB,2021-08-08,,metered_month_to_month,,active
SUB-0004587,ACC-005567,SMB,2023-10-03,2024-01-03,metered_month_to_month,,churned
SUB-0004588,ACC-005568,SMB,2024-10-10,,metered_month_to_month,,active
SUB-0004589,ACC-005569,SMB,2022-01-26,,metered_month_to_month,,active
SUB-0004590,ACC-005570,SMB,2020-08-30,2022-10-28,metered_month_to_month,,churned
SUB-0004591,ACC-005571,SMB,2024-10-13,2025-10-13,metered_month_to_month,,churned
SUB-0004592,ACC-005572,SMB,2024-05-28,,metered_month_to_month,,active
SUB-0004593,ACC-005573,SMB,2025-03-19,,metered_month_to_month,,active
SUB-0004594,ACC-005574,SMB,2025-05-25,,metered_month_to_month,,active
SUB-0004595,ACC-005576,SMB,2023-11-09,,metered_month_to_month,,active
SUB-0004596,ACC-005577,SMB,2025-11-04,,metered_month_to_month,,active
SUB-0004597,ACC-005578,SMB,2023-04-27,,metered_month_to_month,,active
SUB-0004598,ACC-005579,SMB,2025-06-23,,metered_month_to_month,,active
SUB-0004599,ACC-005580,SMB,2024-10-01,,metered_month_to_month,,active
SUB-0004600,ACC-005581,SMB,2020-03-06,,metered_month_to_month,,active
SUB-0004601,ACC-005583,SMB,2022-07-26,,metered_month_to_month,,active
SUB-0004602,ACC-005584,SMB,2025-10-19,,metered_month_to_month,,active
SUB-0004603,ACC-005585,SMB,2023-10-17,,metered_month_to_month,,active
SUB-0004604,ACC-005586,SMB,2024-11-21,2025-07-21,metered_month_to_month,,churned
SUB-0004605,ACC-005587,SMB,2024-12-22,,metered_month_to_month,,active
SUB-0004606,ACC-005588,SMB,2024-09-03,,metered_month_to_month,,active
SUB-0004607,ACC-005589,SMB,2023-06-04,,metered_month_to_month,,active
SUB-0004608,ACC-005590,SMB,2025-06-10,,metered_month_to_month,,active
SUB-0004609,ACC-005591,SMB,2021-07-17,,metered_month_to_month,,active
SUB-0004610,ACC-005592,SMB,2024-03-20,2024-05-20,metered_month_to_month,,churned
SUB-0004611,ACC-005594,SMB,2025-10-25,,metered_month_to_month,,active
SUB-0004612,ACC-005595,SMB,2022-05-19,,metered_month_to_month,,active
SUB-0004613,ACC-005596,SMB,2025-03-26,,metered_month_to_month,,active
SUB-0004614,ACC-005597,SMB,2023-10-22,2025-09-22,metered_month_to_month,,churned
SUB-0004615,ACC-005598,SMB,2024-08-25,,metered_month_to_month,,active
SUB-0004616,ACC-005599,SMB,2024-09-13,,metered_month_to_month,,active
SUB-0004617,ACC-005600,SMB,2025-12-15,,metered_month_to_month,,active
SUB-0004618,ACC-005601,SMB,2020-06-07,,metered_month_to_month,,active
SUB-0004619,ACC-005602,SMB,2024-07-19,,metered_month_to_month,,active
SUB-0004620,ACC-005603,SMB,2024-05-12,,metered_month_to_month,,active
SUB-0004621,ACC-005604,SMB,2025-06-14,,metered_month_to_month,,active
SUB-0004622,ACC-005605,SMB,2023-11-13,,metered_month_to_month,,active
SUB-0004623,ACC-005606,SMB,2023-08-20,,metered_month_to_month,,active
SUB-0004624,ACC-005607,SMB,2025-03-25,,metered_month_to_month,,active
SUB-0004625,ACC-005608,SMB,2022-08-14,,metered_month_to_month,,active
SUB-0004626,ACC-005609,SMB,2021-09-18,2024-02-18,metered_month_to_month,,churned
SUB-0004627,ACC-005610,SMB,2025-06-26,,metered_month_to_month,,active
SUB-0004628,ACC-005613,SMB,2025-01-22,2025-03-22,metered_month_to_month,,churned
SUB-0004629,ACC-005614,SMB,2022-07-16,2025-07-16,metered_month_to_month,,churned
SUB-0004630,ACC-005615,SMB,2025-02-06,,metered_month_to_month,,active
SUB-0004631,ACC-005616,SMB,2020-08-12,,metered_month_to_month,,active
SUB-0004632,ACC-005618,SMB,2025-04-21,2025-09-21,metered_month_to_month,,churned
SUB-0004633,ACC-005619,SMB,2025-09-25,,metered_month_to_month,,active
SUB-0004634,ACC-005620,SMB,2023-02-26,,metered_month_to_month,,active
SUB-0004635,ACC-005621,SMB,2024-11-24,,metered_month_to_month,,active
SUB-0004636,ACC-005622,SMB,2025-07-16,,metered_month_to_month,,active
SUB-0004637,ACC-005624,SMB,2024-01-01,,metered_month_to_month,,active
SUB-0004638,ACC-005625,SMB,2025-12-23,,metered_month_to_month,,active
SUB-0004639,ACC-005626,SMB,2024-01-16,,metered_month_to_month,,active
SUB-0004640,ACC-005627,SMB,2020-10-17,,metered_month_to_month,,active
SUB-0004641,ACC-005628,SMB,2025-10-17,,metered_month_to_month,,active
SUB-0004642,ACC-005629,SMB,2025-01-03,,metered_month_to_month,,active
SUB-0004643,ACC-005630,SMB,2021-07-16,2023-06-16,metered_month_to_month,,churned
SUB-0004644,ACC-005632,SMB,2025-08-24,,metered_month_to_month,,active
SUB-0004645,ACC-005633,SMB,2025-07-17,,metered_month_to_month,,active
SUB-0004646,ACC-005634,SMB,2025-12-15,,metered_month_to_month,,active
SUB-0004647,ACC-005635,SMB,2023-10-01,2024-09-01,metered_month_to_month,,churned
SUB-0004648,ACC-005636,SMB,2024-04-03,,metered_month_to_month,,active
SUB-0004649,ACC-005638,SMB,2022-07-10,,metered_month_to_month,,active
SUB-0004650,ACC-005639,SMB,2024-07-18,,metered_month_to_month,,active
SUB-0004651,ACC-005640,SMB,2025-03-20,,metered_month_to_month,,active
SUB-0004652,ACC-005641,SMB,2025-10-02,,metered_month_to_month,,active
SUB-0004653,ACC-005642,SMB,2022-10-08,,metered_month_to_month,,active
SUB-0004654,ACC-005643,SMB,2023-09-01,,metered_month_to_month,,active
SUB-0004655,ACC-005644,SMB,2025-12-17,,metered_month_to_month,,active
SUB-0004656,ACC-005645,SMB,2024-04-23,,metered_month_to_month,,active
SUB-0004657,ACC-005646,SMB,2020-03-21,2020-12-21,metered_month_to_month,,churned
SUB-0004658,ACC-005647,SMB,2025-10-12,,metered_month_to_month,,active
SUB-0004659,ACC-005649,SMB,2025-02-03,,metered_month_to_month,,active
SUB-0004660,ACC-005650,SMB,2025-06-17,,metered_month_to_month,,active
SUB-0004661,ACC-005651,SMB,2025-05-09,,metered_month_to_month,,active
SUB-0004662,ACC-005652,SMB,2024-07-07,,metered_month_to_month,,active
SUB-0004663,ACC-005653,SMB,2025-10-26,,metered_month_to_month,,active
SUB-0004664,ACC-005654,SMB,2025-07-21,,metered_month_to_month,,active
SUB-0004665,ACC-005655,SMB,2025-04-16,,metered_month_to_month,,active
SUB-0004666,ACC-005656,SMB,2022-10-20,,metered_month_to_month,,active
SUB-0004667,ACC-005657,SMB,2025-05-13,,metered_month_to_month,,active
SUB-0004668,ACC-005658,SMB,2021-06-10,2025-04-10,metered_month_to_month,,churned
SUB-0004669,ACC-005659,SMB,2024-05-27,,metered_month_to_month,,active
SUB-0004670,ACC-005660,SMB,2021-04-09,,metered_month_to_month,,active
SUB-0004671,ACC-005661,SMB,2024-12-18,,metered_month_to_month,,active
SUB-0004672,ACC-005662,SMB,2022-05-25,,metered_month_to_month,,active
SUB-0004673,ACC-005663,SMB,2024-06-14,,metered_month_to_month,,active
SUB-0004674,ACC-005664,SMB,2020-04-05,,metered_month_to_month,,active
SUB-0004675,ACC-005665,SMB,2021-07-05,2021-11-05,metered_month_to_month,,churned
SUB-0004676,ACC-005666,SMB,2022-10-13,2024-03-13,metered_month_to_month,,churned
SUB-0004677,ACC-005667,SMB,2023-11-03,,metered_month_to_month,,active
SUB-0004678,ACC-005668,SMB,2024-11-14,,metered_month_to_month,,active
SUB-0004679,ACC-005669,SMB,2024-02-03,2024-10-03,metered_month_to_month,,churned
SUB-0004680,ACC-005670,SMB,2023-08-16,2024-10-16,metered_month_to_month,,churned
SUB-0004681,ACC-005671,SMB,2023-09-17,,metered_month_to_month,,active
SUB-0004682,ACC-005672,SMB,2023-09-19,2025-02-19,metered_month_to_month,,churned
SUB-0004683,ACC-005673,SMB,2024-01-17,2024-06-17,metered_month_to_month,,churned
SUB-0004684,ACC-005675,SMB,2020-08-07,,metered_month_to_month,,active
SUB-0004685,ACC-005676,SMB,2025-02-22,,metered_month_to_month,,active
SUB-0004686,ACC-005677,SMB,2024-03-06,,metered_month_to_month,,active
SUB-0004687,ACC-005678,SMB,2024-09-07,,metered_month_to_month,,active
SUB-0004688,ACC-005679,SMB,2024-11-27,,metered_month_to_month,,active
SUB-0004689,ACC-005680,SMB,2025-03-19,,metered_month_to_month,,active
SUB-0004690,ACC-005681,SMB,2024-10-03,,metered_month_to_month,,active
SUB-0004691,ACC-005682,SMB,2024-11-15,,metered_month_to_month,,active
SUB-0004692,ACC-005683,SMB,2025-04-09,2025-08-09,metered_month_to_month,,churned
SUB-0004693,ACC-005684,SMB,2025-10-10,,metered_month_to_month,,active
SUB-0004694,ACC-005685,SMB,2025-09-05,,metered_month_to_month,,active
SUB-0004695,ACC-005686,SMB,2023-12-18,,metered_month_to_month,,active
SUB-0004696,ACC-005687,SMB,2023-02-24,2023-06-24,metered_month_to_month,,churned
SUB-0004697,ACC-005688,SMB,2024-04-25,2025-06-25,metered_month_to_month,,churned
SUB-0004698,ACC-005690,SMB,2025-05-01,,metered_month_to_month,,active
SUB-0004699,ACC-005691,SMB,2020-10-12,2021-12-12,metered_month_to_month,,churned
SUB-0004700,ACC-005692,SMB,2025-11-20,,metered_month_to_month,,active
SUB-0004701,ACC-005693,SMB,2024-10-15,2025-10-15,metered_month_to_month,,churned
SUB-0004702,ACC-005694,SMB,2025-10-09,,metered_month_to_month,,active
SUB-0004703,ACC-005695,SMB,2024-10-27,,metered_month_to_month,,active
SUB-0004704,ACC-005696,SMB,2023-01-13,2024-05-13,metered_month_to_month,,churned
SUB-0004705,ACC-005697,SMB,2025-07-19,,metered_month_to_month,,active
SUB-0004706,ACC-005698,SMB,2020-04-08,2021-05-08,metered_month_to_month,,churned
SUB-0004707,ACC-005699,SMB,2024-07-11,,metered_month_to_month,,active
SUB-0004708,ACC-005700,SMB,2024-01-11,,metered_month_to_month,,active
SUB-0004709,ACC-005701,SMB,2025-10-22,,metered_month_to_month,,active
SUB-0004710,ACC-005702,SMB,2025-01-03,,metered_month_to_month,,active
SUB-0004711,ACC-005703,SMB,2025-05-23,2025-08-23,metered_month_to_month,,churned
SUB-0004712,ACC-005704,SMB,2023-11-04,,metered_month_to_month,,active
SUB-0004713,ACC-005705,SMB,2023-11-03,2025-07-03,metered_month_to_month,,churned
SUB-0004714,ACC-005707,SMB,2025-10-02,,metered_month_to_month,,active
SUB-0004715,ACC-005708,SMB,2022-06-20,,metered_month_to_month,,active
SUB-0004716,ACC-005709,SMB,2023-02-20,2025-10-20,metered_month_to_month,,churned
SUB-0004717,ACC-005710,SMB,2025-10-11,,metered_month_to_month,,active
SUB-0004718,ACC-005711,SMB,2025-12-03,,metered_month_to_month,,active
SUB-0004719,ACC-005712,SMB,2021-01-09,,metered_month_to_month,,active
SUB-0004720,ACC-005713,SMB,2024-10-10,,metered_month_to_month,,active
SUB-0004721,ACC-005714,SMB,2025-07-18,,metered_month_to_month,,active
SUB-0004722,ACC-005715,SMB,2022-11-12,,metered_month_to_month,,active
SUB-0004723,ACC-005716,SMB,2025-12-01,,metered_month_to_month,,active
SUB-0004724,ACC-005717,SMB,2025-03-06,,metered_month_to_month,,active
SUB-0004725,ACC-005718,SMB,2025-09-22,,metered_month_to_month,,active
SUB-0004726,ACC-005719,SMB,2025-11-01,,metered_month_to_month,,active
SUB-0004727,ACC-005720,SMB,2025-07-07,,metered_month_to_month,,active
SUB-0004728,ACC-005721,SMB,2024-06-24,,metered_month_to_month,,active
SUB-0004729,ACC-005722,SMB,2021-03-26,2022-02-26,metered_month_to_month,,churned
SUB-0004730,ACC-005723,SMB,2025-01-12,,metered_month_to_month,,active
SUB-0004731,ACC-005724,SMB,2025-12-17,,metered_month_to_month,,active
SUB-0004732,ACC-005725,SMB,2025-10-11,,metered_month_to_month,,active
SUB-0004733,ACC-005726,SMB,2025-10-03,,metered_month_to_month,,active
SUB-0004734,ACC-005727,SMB,2022-11-15,,metered_month_to_month,,active
SUB-0004735,ACC-005729,SMB,2025-10-14,,metered_month_to_month,,active
SUB-0004736,ACC-005730,SMB,2023-08-02,2024-01-02,metered_month_to_month,,churned
SUB-0004737,ACC-005732,SMB,2024-11-21,,metered_month_to_month,,active
SUB-0004738,ACC-005735,SMB,2024-08-22,,metered_month_to_month,,active
SUB-0004739,ACC-005736,SMB,2022-02-26,,metered_month_to_month,,active
SUB-0004740,ACC-005737,SMB,2025-06-03,,metered_month_to_month,,active
SUB-0004741,ACC-005738,SMB,2024-09-18,2025-08-18,metered_month_to_month,,churned
SUB-0004742,ACC-005739,SMB,2025-03-04,,metered_month_to_month,,active
SUB-0004743,ACC-005740,SMB,2020-05-31,,metered_month_to_month,,active
SUB-0004744,ACC-005741,SMB,2022-07-01,2025-10-01,metered_month_to_month,,churned
SUB-0004745,ACC-005742,SMB,2024-12-04,,metered_month_to_month,,active
SUB-0004746,ACC-005743,SMB,2024-08-11,,metered_month_to_month,,active
SUB-0004747,ACC-005744,SMB,2021-10-05,,metered_month_to_month,,active
SUB-0004748,ACC-005745,SMB,2025-07-04,,metered_month_to_month,,active
SUB-0004749,ACC-005746,SMB,2024-12-23,,metered_month_to_month,,active
SUB-0004750,ACC-005747,SMB,2025-09-28,,metered_month_to_month,,active
SUB-0004751,ACC-005749,SMB,2023-04-28,,metered_month_to_month,,active
SUB-0004752,ACC-005750,SMB,2024-09-20,,metered_month_to_month,,active
SUB-0004753,ACC-005751,SMB,2023-03-10,,metered_month_to_month,,active
SUB-0004754,ACC-005752,SMB,2024-03-22,,metered_month_to_month,,active
SUB-0004755,ACC-005753,SMB,2025-03-05,,metered_month_to_month,,active
SUB-0004756,ACC-005755,SMB,2020-01-31,2024-03-28,metered_month_to_month,,churned
SUB-0004757,ACC-005756,SMB,2022-12-02,2023-04-02,metered_month_to_month,,churned
SUB-0004758,ACC-005757,SMB,2021-01-15,,metered_month_to_month,,active
SUB-0004759,ACC-005758,SMB,2025-08-20,,metered_month_to_month,,active
SUB-0004760,ACC-005759,SMB,2022-06-10,2023-11-10,metered_month_to_month,,churned
SUB-0004761,ACC-005760,SMB,2023-08-11,2025-07-11,metered_month_to_month,,churned
SUB-0004762,ACC-005761,SMB,2024-04-03,,metered_month_to_month,,active
SUB-0004763,ACC-005762,SMB,2025-10-18,,metered_month_to_month,,active
SUB-0004764,ACC-005764,SMB,2025-03-07,,metered_month_to_month,,active
SUB-0004765,ACC-005765,SMB,2023-03-24,2023-07-24,metered_month_to_month,,churned
SUB-0004766,ACC-005766,SMB,2021-02-10,,metered_month_to_month,,active
SUB-0004767,ACC-005767,SMB,2025-01-09,,metered_month_to_month,,active
SUB-0004768,ACC-005768,SMB,2025-03-09,,metered_month_to_month,,active
SUB-0004769,ACC-005769,SMB,2022-01-29,,metered_month_to_month,,active
SUB-0004770,ACC-005771,SMB,2024-03-17,,metered_month_to_month,,active
SUB-0004771,ACC-005772,SMB,2025-11-01,,metered_month_to_month,,active
SUB-0004772,ACC-005773,SMB,2022-02-22,,metered_month_to_month,,active
SUB-0004773,ACC-005774,SMB,2021-09-17,2025-01-17,metered_month_to_month,,churned
SUB-0004774,ACC-005776,SMB,2022-12-24,2025-04-24,metered_month_to_month,,churned
SUB-0004775,ACC-005777,SMB,2025-12-15,,metered_month_to_month,,active
SUB-0004776,ACC-005778,SMB,2025-11-23,,metered_month_to_month,,active
SUB-0004777,ACC-005779,SMB,2021-11-01,2022-01-01,metered_month_to_month,,churned
SUB-0004778,ACC-005780,SMB,2024-07-08,2025-05-08,metered_month_to_month,,churned
SUB-0004779,ACC-005781,SMB,2025-03-25,,metered_month_to_month,,active
SUB-0004780,ACC-005782,SMB,2024-08-20,,metered_month_to_month,,active
SUB-0004781,ACC-005783,SMB,2023-04-15,2024-03-15,metered_month_to_month,,churned
SUB-0004782,ACC-005784,SMB,2025-05-28,,metered_month_to_month,,active
SUB-0004783,ACC-005785,SMB,2025-08-02,,metered_month_to_month,,active
SUB-0004784,ACC-005786,SMB,2025-04-15,2025-08-15,metered_month_to_month,,churned
SUB-0004785,ACC-005787,SMB,2024-04-01,,metered_month_to_month,,active
SUB-0004786,ACC-005788,SMB,2024-05-07,,metered_month_to_month,,active
SUB-0004787,ACC-005789,SMB,2023-03-09,,metered_month_to_month,,active
SUB-0004788,ACC-005790,SMB,2025-02-19,,metered_month_to_month,,active
SUB-0004789,ACC-005791,SMB,2025-12-17,,metered_month_to_month,,active
SUB-0004790,ACC-005792,SMB,2025-03-06,,metered_month_to_month,,active
SUB-0004791,ACC-005793,SMB,2025-05-16,2025-09-16,metered_month_to_month,,churned
SUB-0004792,ACC-005794,SMB,2025-03-24,,metered_month_to_month,,active
SUB-0004793,ACC-005795,SMB,2025-04-06,,metered_month_to_month,,active
SUB-0004794,ACC-005796,SMB,2022-03-04,2023-10-04,metered_month_to_month,,churned
SUB-0004795,ACC-005797,SMB,2024-03-18,,metered_month_to_month,,active
SUB-0004796,ACC-005798,SMB,2024-12-28,,metered_month_to_month,,active
SUB-0004797,ACC-005799,SMB,2022-08-04,,metered_month_to_month,,active
SUB-0004798,ACC-005800,SMB,2020-02-11,,metered_month_to_month,,active
SUB-0004799,ACC-005801,SMB,2023-12-24,2024-09-24,metered_month_to_month,,churned
SUB-0004800,ACC-005802,SMB,2020-06-05,,metered_month_to_month,,active
SUB-0004801,ACC-005803,SMB,2024-06-15,,metered_month_to_month,,active
SUB-0004802,ACC-005804,SMB,2022-05-14,2025-06-14,metered_month_to_month,,churned
SUB-0004803,ACC-005805,SMB,2025-11-04,,metered_month_to_month,,active
SUB-0004804,ACC-005806,SMB,2024-11-07,2025-03-07,metered_month_to_month,,churned
SUB-0004805,ACC-005807,SMB,2024-04-11,,metered_month_to_month,,active
SUB-0004806,ACC-005808,SMB,2025-12-16,,metered_month_to_month,,active
SUB-0004807,ACC-005809,SMB,2025-10-15,,metered_month_to_month,,active
SUB-0004808,ACC-005811,SMB,2022-02-28,2022-05-28,metered_month_to_month,,churned
SUB-0004809,ACC-005813,SMB,2025-11-06,,metered_month_to_month,,active
SUB-0004810,ACC-005816,SMB,2025-02-20,,metered_month_to_month,,active
SUB-0004811,ACC-005817,SMB,2020-05-26,,metered_month_to_month,,active
SUB-0004812,ACC-005819,SMB,2024-01-03,,metered_month_to_month,,active
SUB-0004813,ACC-005820,SMB,2020-04-09,2024-03-09,metered_month_to_month,,churned
SUB-0004814,ACC-005821,SMB,2024-08-04,2025-06-04,metered_month_to_month,,churned
SUB-0004815,ACC-005822,SMB,2024-07-23,,metered_month_to_month,,active
SUB-0004816,ACC-005824,SMB,2025-11-04,,metered_month_to_month,,active
SUB-0004817,ACC-005825,SMB,2020-09-21,2025-09-21,metered_month_to_month,,churned
SUB-0004818,ACC-005826,SMB,2025-08-14,,metered_month_to_month,,active
SUB-0004819,ACC-005827,SMB,2025-12-23,,metered_month_to_month,,active
SUB-0004820,ACC-005828,SMB,2025-03-01,,metered_month_to_month,,active
SUB-0004821,ACC-005829,SMB,2024-05-08,,metered_month_to_month,,active
SUB-0004822,ACC-005830,SMB,2025-09-03,,metered_month_to_month,,active
SUB-0004823,ACC-005831,SMB,2023-08-04,,metered_month_to_month,,active
SUB-0004824,ACC-005832,SMB,2020-03-26,2025-07-26,metered_month_to_month,,churned
SUB-0004825,ACC-005833,SMB,2022-10-25,,metered_month_to_month,,active
SUB-0004826,ACC-005834,SMB,2023-01-13,2023-07-13,metered_month_to_month,,churned
SUB-0004827,ACC-005835,SMB,2025-01-07,,metered_month_to_month,,active
SUB-0004828,ACC-005836,SMB,2023-04-17,,metered_month_to_month,,active
SUB-0004829,ACC-005837,SMB,2024-11-20,,metered_month_to_month,,active
SUB-0004830,ACC-005838,SMB,2021-01-05,,metered_month_to_month,,active
SUB-0004831,ACC-005839,SMB,2023-03-28,2024-01-28,metered_month_to_month,,churned
SUB-0004832,ACC-005840,SMB,2023-03-25,,metered_month_to_month,,active
SUB-0004833,ACC-005841,SMB,2023-07-09,2024-08-09,metered_month_to_month,,churned
SUB-0004834,ACC-005842,SMB,2023-10-12,,metered_month_to_month,,active
SUB-0004835,ACC-005843,SMB,2025-01-25,2025-05-25,metered_month_to_month,,churned
SUB-0004836,ACC-005844,SMB,2025-05-28,,metered_month_to_month,,active
SUB-0004837,ACC-005845,SMB,2025-02-27,,metered_month_to_month,,active
SUB-0004838,ACC-005846,SMB,2023-12-11,,metered_month_to_month,,active
SUB-0004839,ACC-005847,SMB,2023-05-16,2024-12-16,metered_month_to_month,,churned
SUB-0004840,ACC-005848,SMB,2023-10-08,,metered_month_to_month,,active
SUB-0004841,ACC-005849,SMB,2024-12-24,,metered_month_to_month,,active
SUB-0004842,ACC-005850,SMB,2025-09-23,,metered_month_to_month,,active
SUB-0004843,ACC-005851,SMB,2022-04-03,,metered_month_to_month,,active
SUB-0004844,ACC-005852,SMB,2022-02-05,,metered_month_to_month,,active
SUB-0004845,ACC-005853,SMB,2024-12-02,,metered_month_to_month,,active
SUB-0004846,ACC-005854,SMB,2023-07-16,2023-09-16,metered_month_to_month,,churned
SUB-0004847,ACC-005855,SMB,2024-11-04,,metered_month_to_month,,active
SUB-0004848,ACC-005856,SMB,2020-08-12,,metered_month_to_month,,active
SUB-0004849,ACC-005857,SMB,2025-10-06,,metered_month_to_month,,active
SUB-0004850,ACC-005858,SMB,2025-11-07,,metered_month_to_month,,active
SUB-0004851,ACC-005859,SMB,2020-08-25,2025-02-25,metered_month_to_month,,churned
SUB-0004852,ACC-005860,SMB,2025-08-28,,metered_month_to_month,,active
SUB-0004853,ACC-005861,SMB,2025-02-05,,metered_month_to_month,,active
SUB-0004854,ACC-005862,SMB,2025-11-15,,metered_month_to_month,,active
SUB-0004855,ACC-005863,SMB,2024-05-20,,metered_month_to_month,,active
SUB-0004856,ACC-005864,SMB,2025-01-15,,metered_month_to_month,,active
SUB-0004857,ACC-005865,SMB,2023-03-13,2023-08-13,metered_month_to_month,,churned
SUB-0004858,ACC-005866,SMB,2023-11-09,,metered_month_to_month,,active
SUB-0004859,ACC-005867,SMB,2025-03-10,,metered_month_to_month,,active
SUB-0004860,ACC-005868,SMB,2025-05-08,2025-10-08,metered_month_to_month,,churned
SUB-0004861,ACC-005869,SMB,2025-04-17,,metered_month_to_month,,active
SUB-0004862,ACC-005871,SMB,2024-10-21,,metered_month_to_month,,active
SUB-0004863,ACC-005872,SMB,2021-02-17,2022-06-17,metered_month_to_month,,churned
SUB-0004864,ACC-005874,SMB,2025-09-13,,metered_month_to_month,,active
SUB-0004865,ACC-005875,SMB,2025-10-18,,metered_month_to_month,,active
SUB-0004866,ACC-005876,SMB,2023-07-12,,metered_month_to_month,,active
SUB-0004867,ACC-005877,SMB,2024-04-17,,metered_month_to_month,,active
SUB-0004868,ACC-005878,SMB,2025-06-06,,metered_month_to_month,,active
SUB-0004869,ACC-005879,SMB,2023-09-03,,metered_month_to_month,,active
SUB-0004870,ACC-005880,SMB,2022-09-13,,metered_month_to_month,,active
SUB-0004871,ACC-005881,SMB,2025-09-24,,metered_month_to_month,,active
SUB-0004872,ACC-005882,SMB,2025-04-03,2025-07-03,metered_month_to_month,,churned
SUB-0004873,ACC-005884,SMB,2020-01-11,2021-05-11,metered_month_to_month,,churned
SUB-0004874,ACC-005885,SMB,2024-04-12,,metered_month_to_month,,active
SUB-0004875,ACC-005886,SMB,2023-02-20,2024-01-20,metered_month_to_month,,churned
SUB-0004876,ACC-005887,SMB,2023-12-24,,metered_month_to_month,,active
SUB-0004877,ACC-005888,SMB,2025-02-12,,metered_month_to_month,,active
SUB-0004878,ACC-005889,SMB,2023-03-16,,metered_month_to_month,,active
SUB-0004879,ACC-005890,SMB,2025-03-21,,metered_month_to_month,,active
SUB-0004880,ACC-005891,SMB,2025-04-18,,metered_month_to_month,,active
SUB-0004881,ACC-005892,SMB,2025-07-26,,metered_month_to_month,,active
SUB-0004882,ACC-005893,SMB,2023-05-05,,metered_month_to_month,,active
SUB-0004883,ACC-005894,SMB,2025-10-07,,metered_month_to_month,,active
SUB-0004884,ACC-005895,SMB,2025-09-21,,metered_month_to_month,,active
SUB-0004885,ACC-005896,SMB,2024-03-15,2025-09-15,metered_month_to_month,,churned
SUB-0004886,ACC-005897,SMB,2025-07-06,,metered_month_to_month,,active
SUB-0004887,ACC-005898,SMB,2025-01-18,,metered_month_to_month,,active
SUB-0004888,ACC-005899,SMB,2022-06-28,,metered_month_to_month,,active
SUB-0004889,ACC-005900,SMB,2020-03-25,2022-09-25,metered_month_to_month,,churned
SUB-0004890,ACC-005901,SMB,2024-08-27,,metered_month_to_month,,active
SUB-0004891,ACC-005903,SMB,2021-04-21,,metered_month_to_month,,active
SUB-0004892,ACC-005905,SMB,2025-10-18,,metered_month_to_month,,active
SUB-0004893,ACC-005906,SMB,2024-11-15,,metered_month_to_month,,active
SUB-0004894,ACC-005907,SMB,2025-07-01,,metered_month_to_month,,active
SUB-0004895,ACC-005908,SMB,2022-01-05,,metered_month_to_month,,active
SUB-0004896,ACC-005909,SMB,2021-04-29,2023-10-28,metered_month_to_month,,churned
SUB-0004897,ACC-005910,SMB,2025-05-18,,metered_month_to_month,,active
SUB-0004898,ACC-005911,SMB,2023-05-11,2024-05-11,metered_month_to_month,,churned
SUB-0004899,ACC-005912,SMB,2025-09-20,,metered_month_to_month,,active
SUB-0004900,ACC-005913,SMB,2024-06-20,2025-01-20,metered_month_to_month,,churned
SUB-0004901,ACC-005914,SMB,2025-06-17,,metered_month_to_month,,active
SUB-0004902,ACC-005915,SMB,2025-10-02,,metered_month_to_month,,active
SUB-0004903,ACC-005916,SMB,2025-04-12,,metered_month_to_month,,active
SUB-0004904,ACC-005917,SMB,2025-11-14,,metered_month_to_month,,active
SUB-0004905,ACC-005919,SMB,2025-07-21,,metered_month_to_month,,active
SUB-0004906,ACC-005920,SMB,2025-08-14,,metered_month_to_month,,active
SUB-0004907,ACC-005921,SMB,2020-05-15,2022-06-15,metered_month_to_month,,churned
SUB-0004908,ACC-005922,SMB,2024-02-13,2025-11-13,metered_month_to_month,,churned
SUB-0004909,ACC-005923,SMB,2024-01-09,2024-05-09,metered_month_to_month,,churned
SUB-0004910,ACC-005924,SMB,2021-08-10,2024-09-10,metered_month_to_month,,churned
SUB-0004911,ACC-005925,SMB,2024-05-06,,metered_month_to_month,,active
SUB-0004912,ACC-005926,SMB,2024-05-12,,metered_month_to_month,,active
SUB-0004913,ACC-005927,SMB,2025-09-11,,metered_month_to_month,,active
SUB-0004914,ACC-005928,SMB,2025-08-22,,metered_month_to_month,,active
SUB-0004915,ACC-005929,SMB,2025-04-12,,metered_month_to_month,,active
SUB-0004916,ACC-005930,SMB,2025-10-14,,metered_month_to_month,,active
SUB-0004917,ACC-005931,SMB,2023-09-20,,metered_month_to_month,,active
SUB-0004918,ACC-005932,SMB,2025-12-13,,metered_month_to_month,,active
SUB-0004919,ACC-005933,SMB,2020-03-30,2023-10-28,metered_month_to_month,,churned
SUB-0004920,ACC-005934,SMB,2025-07-06,,metered_month_to_month,,active
SUB-0004921,ACC-005935,SMB,2025-09-05,,metered_month_to_month,,active
SUB-0004922,ACC-005936,SMB,2023-10-10,,metered_month_to_month,,active
SUB-0004923,ACC-005938,SMB,2020-03-26,,metered_month_to_month,,active
SUB-0004924,ACC-005939,SMB,2020-01-02,2021-06-02,metered_month_to_month,,churned
SUB-0004925,ACC-005940,SMB,2020-07-28,2024-07-28,metered_month_to_month,,churned
SUB-0004926,ACC-005943,SMB,2025-02-02,,metered_month_to_month,,active
SUB-0004927,ACC-005944,SMB,2025-12-28,,metered_month_to_month,,active
SUB-0004928,ACC-005945,SMB,2021-03-01,2024-12-01,metered_month_to_month,,churned
SUB-0004929,ACC-005946,SMB,2025-01-22,2025-07-22,metered_month_to_month,,churned
SUB-0004930,ACC-005947,SMB,2022-05-15,2022-12-15,metered_month_to_month,,churned
SUB-0004931,ACC-005948,SMB,2024-12-03,,metered_month_to_month,,active
SUB-0004932,ACC-005949,SMB,2025-10-19,,metered_month_to_month,,active
SUB-0004933,ACC-005950,SMB,2023-08-16,,metered_month_to_month,,active
SUB-0004934,ACC-005951,SMB,2020-11-02,,metered_month_to_month,,active
SUB-0004935,ACC-005952,SMB,2021-07-22,,metered_month_to_month,,active
SUB-0004936,ACC-005953,SMB,2022-01-05,2022-09-05,metered_month_to_month,,churned
SUB-0004937,ACC-005954,SMB,2025-09-10,,metered_month_to_month,,active
SUB-0004938,ACC-005955,SMB,2024-05-26,,metered_month_to_month,,active
SUB-0004939,ACC-005956,SMB,2023-11-21,,metered_month_to_month,,active
SUB-0004940,ACC-005957,SMB,2023-09-23,,metered_month_to_month,,active
SUB-0004941,ACC-005958,SMB,2025-04-13,,metered_month_to_month,,active
SUB-0004942,ACC-005959,SMB,2025-01-02,,metered_month_to_month,,active
SUB-0004943,ACC-005960,SMB,2025-10-28,,metered_month_to_month,,active
SUB-0004944,ACC-005961,SMB,2024-06-14,2024-09-14,metered_month_to_month,,churned
SUB-0004945,ACC-005962,SMB,2023-05-18,2025-04-18,metered_month_to_month,,churned
SUB-0004946,ACC-005963,SMB,2023-10-23,2025-06-23,metered_month_to_month,,churned
SUB-0004947,ACC-005964,SMB,2022-09-18,2023-07-18,metered_month_to_month,,churned
SUB-0004948,ACC-005965,SMB,2024-08-04,2025-09-04,metered_month_to_month,,churned
SUB-0004949,ACC-005967,SMB,2025-03-19,,metered_month_to_month,,active
SUB-0004950,ACC-005968,SMB,2024-05-11,2024-10-11,metered_month_to_month,,churned
SUB-0004951,ACC-005969,SMB,2021-12-21,,metered_month_to_month,,active
SUB-0004952,ACC-005970,SMB,2024-06-22,,metered_month_to_month,,active
SUB-0004953,ACC-005971,SMB,2025-09-25,,metered_month_to_month,,active
SUB-0004954,ACC-005972,SMB,2024-05-16,,metered_month_to_month,,active
SUB-0004955,ACC-005973,SMB,2025-05-03,,metered_month_to_month,,active
SUB-0004956,ACC-005974,SMB,2025-01-05,,metered_month_to_month,,active
SUB-0004957,ACC-005975,SMB,2022-03-14,2023-01-14,metered_month_to_month,,churned
SUB-0004958,ACC-005976,SMB,2021-01-05,2025-07-05,metered_month_to_month,,churned
SUB-0004959,ACC-005977,SMB,2023-03-11,,metered_month_to_month,,active
SUB-0004960,ACC-005978,SMB,2023-08-09,2023-10-09,metered_month_to_month,,churned
SUB-0004961,ACC-005979,SMB,2025-12-09,,metered_month_to_month,,active
SUB-0004962,ACC-005980,SMB,2021-02-21,2025-10-21,metered_month_to_month,,churned
SUB-0004963,ACC-005981,SMB,2023-06-10,,metered_month_to_month,,active
SUB-0004964,ACC-005982,SMB,2025-02-21,,metered_month_to_month,,active
SUB-0004965,ACC-005983,SMB,2022-01-30,2023-12-28,metered_month_to_month,,churned
SUB-0004966,ACC-005984,SMB,2024-12-07,,metered_month_to_month,,active
SUB-0004967,ACC-005985,SMB,2025-11-07,,metered_month_to_month,,active
SUB-0004968,ACC-005986,SMB,2025-02-21,,metered_month_to_month,,active
SUB-0004969,ACC-005987,SMB,2023-04-19,,metered_month_to_month,,active
SUB-0004970,ACC-005988,SMB,2025-01-27,,metered_month_to_month,,active
SUB-0004971,ACC-005989,SMB,2025-09-23,,metered_month_to_month,,active
SUB-0004972,ACC-005990,SMB,2022-05-10,2022-11-10,metered_month_to_month,,churned
SUB-0004973,ACC-005991,SMB,2025-04-16,2025-11-16,metered_month_to_month,,churned
SUB-0004974,ACC-005992,SMB,2020-12-02,,metered_month_to_month,,active
SUB-0004975,ACC-005993,SMB,2024-09-14,,metered_month_to_month,,active
SUB-0004976,ACC-005994,SMB,2023-12-19,,metered_month_to_month,,active
SUB-0004977,ACC-005995,SMB,2022-01-26,,metered_month_to_month,,active
SUB-0004978,ACC-005996,SMB,2025-03-26,,metered_month_to_month,,active
SUB-0004979,ACC-005997,SMB,2025-02-08,,metered_month_to_month,,active
SUB-0004980,ACC-005998,SMB,2023-02-13,2025-03-13,metered_month_to_month,,churned
SUB-0004981,ACC-005999,SMB,2024-07-20,,metered_month_to_month,,active
SUB-0004982,ACC-006000,SMB,2025-01-19,2025-10-19,metered_month_to_month,,churned
SUB-0004983,ACC-006002,SMB,2021-09-03,2023-09-03,metered_month_to_month,,churned
SUB-0004984,ACC-006003,SMB,2025-04-18,,metered_month_to_month,,active
SUB-0004985,ACC-006004,SMB,2024-09-18,,metered_month_to_month,,active
SUB-0004986,ACC-006005,SMB,2022-07-07,,metered_month_to_month,,active
SUB-0004987,ACC-006006,SMB,2024-01-20,,metered_month_to_month,,active
SUB-0004988,ACC-006007,SMB,2024-07-11,,metered_month_to_month,,active
SUB-0004989,ACC-006008,SMB,2025-09-01,,metered_month_to_month,,active
SUB-0004990,ACC-006009,SMB,2024-06-08,,metered_month_to_month,,active
SUB-0004991,ACC-006010,SMB,2024-08-18,2025-02-18,metered_month_to_month,,churned
SUB-0004992,ACC-006011,SMB,2024-05-26,,metered_month_to_month,,active
SUB-0004993,ACC-006012,SMB,2024-01-03,,metered_month_to_month,,active
SUB-0004994,ACC-006013,SMB,2024-07-03,,metered_month_to_month,,active
SUB-0004995,ACC-006014,SMB,2024-12-18,2025-04-18,metered_month_to_month,,churned
SUB-0004996,ACC-006015,SMB,2023-11-10,2024-11-10,metered_month_to_month,,churned
SUB-0004997,ACC-006016,SMB,2021-04-30,2021-11-30,metered_month_to_month,,churned
SUB-0004998,ACC-006017,SMB,2024-02-08,,metered_month_to_month,,active
SUB-0004999,ACC-006018,SMB,2020-09-27,2022-06-27,metered_month_to_month,,churned
SUB-0005000,ACC-006019,SMB,2025-10-19,,metered_month_to_month,,active
SUB-0005001,ACC-006020,SMB,2025-10-02,,metered_month_to_month,,active
SUB-0005002,ACC-006021,SMB,2025-06-16,,metered_month_to_month,,active
SUB-0005003,ACC-006022,SMB,2024-03-13,,metered_month_to_month,,active
SUB-0005004,ACC-006023,SMB,2025-08-08,,metered_month_to_month,,active
SUB-0005005,ACC-006024,SMB,2025-08-19,,metered_month_to_month,,active
SUB-0005006,ACC-006026,SMB,2024-09-10,,metered_month_to_month,,active
SUB-0005007,ACC-006027,SMB,2025-06-19,,metered_month_to_month,,active
SUB-0005008,ACC-006028,SMB,2020-11-09,,metered_month_to_month,,active
SUB-0005009,ACC-006029,SMB,2024-08-04,2024-11-04,metered_month_to_month,,churned
SUB-0005010,ACC-006030,SMB,2020-01-23,2020-03-23,metered_month_to_month,,churned
SUB-0005011,ACC-006031,SMB,2025-02-26,,metered_month_to_month,,active
SUB-0005012,ACC-006032,SMB,2021-10-24,2022-10-24,metered_month_to_month,,churned
SUB-0005013,ACC-006033,SMB,2024-07-05,,metered_month_to_month,,active
SUB-0005014,ACC-006034,SMB,2025-08-24,,metered_month_to_month,,active
SUB-0005015,ACC-006035,SMB,2024-03-20,,metered_month_to_month,,active
SUB-0005016,ACC-006036,SMB,2025-08-02,,metered_month_to_month,,active
SUB-0005017,ACC-006037,SMB,2025-04-28,,metered_month_to_month,,active
SUB-0005018,ACC-006038,SMB,2025-01-01,,metered_month_to_month,,active
SUB-0005019,ACC-006039,SMB,2024-08-06,,metered_month_to_month,,active
SUB-0005020,ACC-006040,SMB,2025-08-17,,metered_month_to_month,,active
SUB-0005021,ACC-006041,SMB,2025-05-11,,metered_month_to_month,,active
SUB-0005022,ACC-006042,SMB,2020-02-11,2024-12-11,metered_month_to_month,,churned
SUB-0005023,ACC-006043,SMB,2025-03-09,,metered_month_to_month,,active
SUB-0005024,ACC-006044,SMB,2025-11-26,,metered_month_to_month,,active
SUB-0005025,ACC-006045,SMB,2023-06-11,2024-10-11,metered_month_to_month,,churned
SUB-0005026,ACC-006046,SMB,2020-09-07,2025-01-07,metered_month_to_month,,churned
SUB-0005027,ACC-006047,SMB,2020-07-13,2023-06-13,metered_month_to_month,,churned
SUB-0005028,ACC-006048,SMB,2024-09-27,,metered_month_to_month,,active
SUB-0005029,ACC-006050,SMB,2023-08-05,,metered_month_to_month,,active
SUB-0005030,ACC-006052,SMB,2024-02-03,2024-10-03,metered_month_to_month,,churned
SUB-0005031,ACC-006053,SMB,2022-06-19,,metered_month_to_month,,active
SUB-0005032,ACC-006055,SMB,2024-11-25,,metered_month_to_month,,active
SUB-0005033,ACC-006056,SMB,2024-01-19,,metered_month_to_month,,active
SUB-0005034,ACC-006057,SMB,2021-09-27,,metered_month_to_month,,active
SUB-0005035,ACC-006059,SMB,2023-07-05,2025-11-05,metered_month_to_month,,churned
SUB-0005036,ACC-006060,SMB,2024-03-08,2025-07-08,metered_month_to_month,,churned
SUB-0005037,ACC-006061,SMB,2020-12-01,2021-12-01,metered_month_to_month,,churned
SUB-0005038,ACC-006062,SMB,2024-08-06,,metered_month_to_month,,active
SUB-0005039,ACC-006063,SMB,2025-01-21,,metered_month_to_month,,active
SUB-0005040,ACC-006064,SMB,2024-03-07,,metered_month_to_month,,active
SUB-0005041,ACC-006065,SMB,2024-11-22,2025-04-22,metered_month_to_month,,churned
SUB-0005042,ACC-006067,SMB,2025-11-20,,metered_month_to_month,,active
SUB-0005043,ACC-006068,SMB,2024-01-27,2024-07-27,metered_month_to_month,,churned
SUB-0005044,ACC-006069,SMB,2025-01-06,,metered_month_to_month,,active
SUB-0005045,ACC-006070,SMB,2025-12-08,,metered_month_to_month,,active
SUB-0005046,ACC-006071,SMB,2022-04-29,2025-06-28,metered_month_to_month,,churned
SUB-0005047,ACC-006072,SMB,2025-04-23,,metered_month_to_month,,active
SUB-0005048,ACC-006073,SMB,2025-09-11,,metered_month_to_month,,active
SUB-0005049,ACC-006074,SMB,2022-07-25,2025-07-25,metered_month_to_month,,churned
SUB-0005050,ACC-006075,SMB,2024-09-24,2024-12-24,metered_month_to_month,,churned
SUB-0005051,ACC-006076,SMB,2022-08-31,,metered_month_to_month,,active
SUB-0005052,ACC-006077,SMB,2023-02-04,,metered_month_to_month,,active
SUB-0005053,ACC-006078,SMB,2025-10-16,,metered_month_to_month,,active
SUB-0005054,ACC-006079,SMB,2025-08-21,,metered_month_to_month,,active
SUB-0005055,ACC-006080,SMB,2024-12-24,,metered_month_to_month,,active
SUB-0005056,ACC-006081,SMB,2020-09-30,,metered_month_to_month,,active
SUB-0005057,ACC-006082,SMB,2024-07-08,,metered_month_to_month,,active
SUB-0005058,ACC-006083,SMB,2025-04-23,,metered_month_to_month,,active
SUB-0005059,ACC-006084,SMB,2025-05-14,,metered_month_to_month,,active
SUB-0005060,ACC-006085,SMB,2023-10-19,,metered_month_to_month,,active
SUB-0005061,ACC-006086,SMB,2021-03-28,,metered_month_to_month,,active
SUB-0005062,ACC-006088,SMB,2025-10-24,,metered_month_to_month,,active
SUB-0005063,ACC-006090,SMB,2024-06-26,,metered_month_to_month,,active
SUB-0005064,ACC-006091,SMB,2021-12-25,2024-01-25,metered_month_to_month,,churned
SUB-0005065,ACC-006092,SMB,2021-09-25,,metered_month_to_month,,active
SUB-0005066,ACC-006093,SMB,2024-03-21,2025-09-21,metered_month_to_month,,churned
SUB-0005067,ACC-006095,SMB,2022-08-12,2025-01-12,metered_month_to_month,,churned
SUB-0005068,ACC-006096,SMB,2024-04-02,,metered_month_to_month,,active
SUB-0005069,ACC-006098,SMB,2024-05-08,,metered_month_to_month,,active
SUB-0005070,ACC-006099,SMB,2025-01-13,,metered_month_to_month,,active
SUB-0005071,ACC-006100,SMB,2024-04-19,2024-07-19,metered_month_to_month,,churned
SUB-0005072,ACC-006101,SMB,2025-12-22,,metered_month_to_month,,active
SUB-0005073,ACC-006102,SMB,2023-10-18,2024-08-18,metered_month_to_month,,churned
SUB-0005074,ACC-006103,SMB,2025-03-02,,metered_month_to_month,,active
SUB-0005075,ACC-006104,SMB,2023-03-14,2025-06-14,metered_month_to_month,,churned
SUB-0005076,ACC-006105,SMB,2023-11-28,,metered_month_to_month,,active
SUB-0005077,ACC-006106,SMB,2025-07-20,,metered_month_to_month,,active
SUB-0005078,ACC-006107,SMB,2024-09-23,,metered_month_to_month,,active
SUB-0005079,ACC-006108,SMB,2025-06-25,,metered_month_to_month,,active
SUB-0005080,ACC-006109,SMB,2020-10-15,2024-07-15,metered_month_to_month,,churned
SUB-0005081,ACC-006110,SMB,2024-08-19,,metered_month_to_month,,active
SUB-0005082,ACC-006111,SMB,2024-07-20,,metered_month_to_month,,active
SUB-0005083,ACC-006112,SMB,2025-08-02,,metered_month_to_month,,active
SUB-0005084,ACC-006113,SMB,2020-10-12,,metered_month_to_month,,active
SUB-0005085,ACC-006114,SMB,2023-02-21,,metered_month_to_month,,active
SUB-0005086,ACC-006115,SMB,2024-01-18,2025-04-18,metered_month_to_month,,churned
SUB-0005087,ACC-006116,SMB,2025-02-26,,metered_month_to_month,,active
SUB-0005088,ACC-006117,SMB,2024-11-22,,metered_month_to_month,,active
SUB-0005089,ACC-006118,SMB,2025-06-04,,metered_month_to_month,,active
SUB-0005090,ACC-006119,SMB,2025-12-05,,metered_month_to_month,,active
SUB-0005091,ACC-006120,SMB,2025-09-22,,metered_month_to_month,,active
SUB-0005092,ACC-006121,SMB,2023-10-23,,metered_month_to_month,,active
SUB-0005093,ACC-006122,SMB,2022-09-09,,metered_month_to_month,,active
SUB-0005094,ACC-006123,SMB,2025-04-26,,metered_month_to_month,,active
SUB-0005095,ACC-006124,SMB,2024-07-04,,metered_month_to_month,,active
SUB-0005096,ACC-006125,SMB,2024-07-06,,metered_month_to_month,,active
SUB-0005097,ACC-006126,SMB,2025-06-19,,metered_month_to_month,,active
SUB-0005098,ACC-006127,SMB,2023-03-26,,metered_month_to_month,,active
SUB-0005099,ACC-006129,SMB,2021-04-18,2023-04-18,metered_month_to_month,,churned
SUB-0005100,ACC-006130,SMB,2023-12-18,,metered_month_to_month,,active
SUB-0005101,ACC-006131,SMB,2022-05-16,,metered_month_to_month,,active
SUB-0005102,ACC-006133,SMB,2024-10-15,,metered_month_to_month,,active
SUB-0005103,ACC-006134,SMB,2025-10-16,,metered_month_to_month,,active
SUB-0005104,ACC-006135,SMB,2023-10-17,,metered_month_to_month,,active
SUB-0005105,ACC-006136,SMB,2023-01-27,,metered_month_to_month,,active
SUB-0005106,ACC-006137,SMB,2023-12-10,,metered_month_to_month,,active
SUB-0005107,ACC-006139,SMB,2025-05-13,,metered_month_to_month,,active
SUB-0005108,ACC-006140,SMB,2023-01-01,2025-08-01,metered_month_to_month,,churned
SUB-0005109,ACC-006141,SMB,2024-02-10,,metered_month_to_month,,active
SUB-0005110,ACC-006142,SMB,2024-03-13,,metered_month_to_month,,active
SUB-0005111,ACC-006143,SMB,2022-04-02,2023-04-02,metered_month_to_month,,churned
SUB-0005112,ACC-006144,SMB,2025-10-26,,metered_month_to_month,,active
SUB-0005113,ACC-006145,SMB,2025-11-08,,metered_month_to_month,,active
SUB-0005114,ACC-006146,SMB,2024-06-13,2025-11-13,metered_month_to_month,,churned
SUB-0005115,ACC-006147,SMB,2025-04-22,,metered_month_to_month,,active
SUB-0005116,ACC-006148,SMB,2022-04-10,2022-08-10,metered_month_to_month,,churned
SUB-0005117,ACC-006150,SMB,2024-03-17,2024-09-17,metered_month_to_month,,churned
SUB-0005118,ACC-006151,SMB,2023-05-14,,metered_month_to_month,,active
SUB-0005119,ACC-006152,SMB,2023-10-07,,metered_month_to_month,,active
SUB-0005120,ACC-006153,SMB,2024-05-21,,metered_month_to_month,,active
SUB-0005121,ACC-006154,SMB,2025-09-08,,metered_month_to_month,,active
SUB-0005122,ACC-006155,SMB,2023-03-05,,metered_month_to_month,,active
SUB-0005123,ACC-006156,SMB,2024-11-06,,metered_month_to_month,,active
SUB-0005124,ACC-006157,SMB,2023-08-06,,metered_month_to_month,,active
SUB-0005125,ACC-006158,SMB,2024-10-14,,metered_month_to_month,,active
SUB-0005126,ACC-006159,SMB,2024-11-05,,metered_month_to_month,,active
SUB-0005127,ACC-006160,SMB,2024-09-06,,metered_month_to_month,,active
SUB-0005128,ACC-006161,SMB,2024-08-21,,metered_month_to_month,,active
SUB-0005129,ACC-006163,SMB,2023-01-11,2025-10-11,metered_month_to_month,,churned
SUB-0005130,ACC-006164,SMB,2024-06-22,,metered_month_to_month,,active
SUB-0005131,ACC-006165,SMB,2020-12-12,,metered_month_to_month,,active
SUB-0005132,ACC-006167,SMB,2025-10-25,,metered_month_to_month,,active
SUB-0005133,ACC-006168,SMB,2024-06-18,,metered_month_to_month,,active
SUB-0005134,ACC-006169,SMB,2025-02-15,,metered_month_to_month,,active
SUB-0005135,ACC-006170,SMB,2024-03-17,2025-10-17,metered_month_to_month,,churned
SUB-0005136,ACC-006171,SMB,2025-10-20,,metered_month_to_month,,active
SUB-0005137,ACC-006173,SMB,2025-10-10,,metered_month_to_month,,active
SUB-0005138,ACC-006174,SMB,2024-10-06,,metered_month_to_month,,active
SUB-0005139,ACC-006175,SMB,2024-09-24,,metered_month_to_month,,active
SUB-0005140,ACC-006176,SMB,2020-03-25,2025-08-25,metered_month_to_month,,churned
SUB-0005141,ACC-006177,SMB,2021-10-13,,metered_month_to_month,,active
SUB-0005142,ACC-006178,SMB,2024-11-02,,metered_month_to_month,,active
SUB-0005143,ACC-006179,SMB,2021-05-25,2024-09-25,metered_month_to_month,,churned
SUB-0005144,ACC-006180,SMB,2023-04-24,,metered_month_to_month,,active
SUB-0005145,ACC-006181,SMB,2020-05-12,,metered_month_to_month,,active
SUB-0005146,ACC-006182,SMB,2022-07-25,2023-08-25,metered_month_to_month,,churned
SUB-0005147,ACC-006183,SMB,2023-12-10,2025-10-10,metered_month_to_month,,churned
SUB-0005148,ACC-006184,SMB,2025-03-12,,metered_month_to_month,,active
SUB-0005149,ACC-006185,SMB,2024-02-16,,metered_month_to_month,,active
SUB-0005150,ACC-006186,SMB,2021-10-23,2024-02-23,metered_month_to_month,,churned
SUB-0005151,ACC-006187,SMB,2025-08-04,,metered_month_to_month,,active
SUB-0005152,ACC-006188,SMB,2023-04-25,,metered_month_to_month,,active
SUB-0005153,ACC-006189,SMB,2025-05-04,,metered_month_to_month,,active
SUB-0005154,ACC-006190,SMB,2021-12-20,2025-08-20,metered_month_to_month,,churned
SUB-0005155,ACC-006191,SMB,2025-04-11,2025-06-11,metered_month_to_month,,churned
SUB-0005156,ACC-006192,SMB,2025-08-18,2025-10-18,metered_month_to_month,,churned
SUB-0005157,ACC-006194,SMB,2020-07-01,,metered_month_to_month,,active
SUB-0005158,ACC-006195,SMB,2025-09-16,,metered_month_to_month,,active
SUB-0005159,ACC-006196,SMB,2024-10-16,,metered_month_to_month,,active
SUB-0005160,ACC-006197,SMB,2021-10-02,,metered_month_to_month,,active
SUB-0005161,ACC-006198,SMB,2023-03-01,2024-07-01,metered_month_to_month,,churned
SUB-0005162,ACC-006201,SMB,2025-06-09,,metered_month_to_month,,active
SUB-0005163,ACC-006202,SMB,2025-08-28,,metered_month_to_month,,active
SUB-0005164,ACC-006204,SMB,2025-09-06,,metered_month_to_month,,active
SUB-0005165,ACC-006208,SMB,2025-06-08,,metered_month_to_month,,active
SUB-0005166,ACC-006209,SMB,2024-10-28,,metered_month_to_month,,active
SUB-0005167,ACC-006210,SMB,2020-07-29,2020-12-29,metered_month_to_month,,churned
SUB-0005168,ACC-006211,SMB,2025-01-24,2025-08-24,metered_month_to_month,,churned
SUB-0005169,ACC-006212,SMB,2025-01-16,,metered_month_to_month,,active
SUB-0005170,ACC-006213,SMB,2022-03-19,,metered_month_to_month,,active
SUB-0005171,ACC-006214,SMB,2023-03-26,,metered_month_to_month,,active
SUB-0005172,ACC-006215,SMB,2025-09-05,,metered_month_to_month,,active
SUB-0005173,ACC-006216,SMB,2024-06-26,,metered_month_to_month,,active
SUB-0005174,ACC-006217,SMB,2024-10-18,,metered_month_to_month,,active
SUB-0005175,ACC-006218,SMB,2024-12-10,2025-05-10,metered_month_to_month,,churned
SUB-0005176,ACC-006219,SMB,2025-11-24,,metered_month_to_month,,active
SUB-0005177,ACC-006221,SMB,2021-12-18,2023-01-18,metered_month_to_month,,churned
SUB-0005178,ACC-006222,SMB,2025-08-09,,metered_month_to_month,,active
SUB-0005179,ACC-006223,SMB,2024-10-28,,metered_month_to_month,,active
SUB-0005180,ACC-006224,SMB,2024-12-09,,metered_month_to_month,,active
SUB-0005181,ACC-006225,SMB,2025-01-05,2025-10-05,metered_month_to_month,,churned
SUB-0005182,ACC-006226,SMB,2024-11-07,,metered_month_to_month,,active
SUB-0005183,ACC-006227,SMB,2024-06-07,,metered_month_to_month,,active
SUB-0005184,ACC-006228,SMB,2022-09-14,2023-04-14,metered_month_to_month,,churned
SUB-0005185,ACC-006229,SMB,2024-07-09,,metered_month_to_month,,active
SUB-0005186,ACC-006230,SMB,2023-11-14,,metered_month_to_month,,active
SUB-0005187,ACC-006232,SMB,2024-02-01,,metered_month_to_month,,active
SUB-0005188,ACC-006233,SMB,2020-08-28,,metered_month_to_month,,active
SUB-0005189,ACC-006234,SMB,2025-06-19,,metered_month_to_month,,active
SUB-0005190,ACC-006235,SMB,2021-05-03,,metered_month_to_month,,active
SUB-0005191,ACC-006236,SMB,2024-11-27,,metered_month_to_month,,active
SUB-0005192,ACC-006237,SMB,2024-04-01,,metered_month_to_month,,active
SUB-0005193,ACC-006238,SMB,2023-10-14,2024-07-14,metered_month_to_month,,churned
SUB-0005194,ACC-006240,SMB,2024-02-08,,metered_month_to_month,,active
SUB-0005195,ACC-006241,SMB,2020-02-03,,metered_month_to_month,,active
SUB-0005196,ACC-006242,SMB,2024-10-18,,metered_month_to_month,,active
SUB-0005197,ACC-006243,SMB,2025-09-20,,metered_month_to_month,,active
SUB-0005198,ACC-006244,SMB,2024-05-09,,metered_month_to_month,,active
SUB-0005199,ACC-006246,SMB,2023-10-02,,metered_month_to_month,,active
SUB-0005200,ACC-006247,SMB,2025-12-06,,metered_month_to_month,,active
SUB-0005201,ACC-006248,SMB,2025-08-07,,metered_month_to_month,,active
SUB-0005202,ACC-006249,SMB,2021-11-03,2022-07-03,metered_month_to_month,,churned
SUB-0005203,ACC-006250,SMB,2021-01-11,2024-06-11,metered_month_to_month,,churned
SUB-0005204,ACC-006251,SMB,2021-11-13,,metered_month_to_month,,active
SUB-0005205,ACC-006252,SMB,2024-05-04,,metered_month_to_month,,active
SUB-0005206,ACC-006253,SMB,2021-05-11,2024-06-11,metered_month_to_month,,churned
SUB-0005207,ACC-006254,SMB,2021-02-08,,metered_month_to_month,,active
SUB-0005208,ACC-006255,SMB,2025-05-15,,metered_month_to_month,,active
SUB-0005209,ACC-006256,SMB,2021-01-02,2021-11-02,metered_month_to_month,,churned
SUB-0005210,ACC-006257,SMB,2023-02-18,,metered_month_to_month,,active
SUB-0005211,ACC-006258,SMB,2024-11-27,2025-02-27,metered_month_to_month,,churned
SUB-0005212,ACC-006259,SMB,2025-09-23,,metered_month_to_month,,active
SUB-0005213,ACC-006260,SMB,2022-11-15,2024-01-15,metered_month_to_month,,churned
SUB-0005214,ACC-006261,SMB,2025-09-14,,metered_month_to_month,,active
SUB-0005215,ACC-006262,SMB,2023-09-27,2025-06-27,metered_month_to_month,,churned
SUB-0005216,ACC-006264,SMB,2025-07-19,,metered_month_to_month,,active
SUB-0005217,ACC-006265,SMB,2023-07-19,,metered_month_to_month,,active
SUB-0005218,ACC-006266,SMB,2022-03-16,2022-06-16,metered_month_to_month,,churned
SUB-0005219,ACC-006267,SMB,2023-01-27,,metered_month_to_month,,active
SUB-0005220,ACC-006268,SMB,2024-10-01,,metered_month_to_month,,active
SUB-0005221,ACC-006269,SMB,2024-03-04,,metered_month_to_month,,active
SUB-0005222,ACC-006270,SMB,2024-08-18,2025-10-18,metered_month_to_month,,churned
SUB-0005223,ACC-006271,SMB,2025-12-23,,metered_month_to_month,,active
SUB-0005224,ACC-006272,SMB,2024-11-10,2025-07-10,metered_month_to_month,,churned
SUB-0005225,ACC-006273,SMB,2025-06-01,,metered_month_to_month,,active
SUB-0005226,ACC-006274,SMB,2025-01-22,2025-09-22,metered_month_to_month,,churned
SUB-0005227,ACC-006276,SMB,2025-12-03,,metered_month_to_month,,active
SUB-0005228,ACC-006277,SMB,2023-02-28,2025-04-28,metered_month_to_month,,churned
SUB-0005229,ACC-006278,SMB,2023-05-18,,metered_month_to_month,,active
SUB-0005230,ACC-006279,SMB,2020-04-30,,metered_month_to_month,,active
SUB-0005231,ACC-006280,SMB,2024-11-02,,metered_month_to_month,,active
SUB-0005232,ACC-006281,SMB,2023-07-11,2024-02-11,metered_month_to_month,,churned
SUB-0005233,ACC-006283,SMB,2023-12-18,2024-06-18,metered_month_to_month,,churned
SUB-0005234,ACC-006284,SMB,2023-08-01,2025-05-01,metered_month_to_month,,churned
SUB-0005235,ACC-006285,SMB,2025-09-21,,metered_month_to_month,,active
SUB-0005236,ACC-006286,SMB,2024-12-08,,metered_month_to_month,,active
SUB-0005237,ACC-006287,SMB,2025-03-01,2025-09-01,metered_month_to_month,,churned
SUB-0005238,ACC-006288,SMB,2025-02-21,2025-11-21,metered_month_to_month,,churned
SUB-0005239,ACC-006290,SMB,2023-12-18,,metered_month_to_month,,active
SUB-0005240,ACC-006291,SMB,2025-04-22,,metered_month_to_month,,active
SUB-0005241,ACC-006292,SMB,2024-06-10,,metered_month_to_month,,active
SUB-0005242,ACC-006293,SMB,2024-02-18,,metered_month_to_month,,active
SUB-0005243,ACC-006295,SMB,2023-02-24,,metered_month_to_month,,active
SUB-0005244,ACC-006296,SMB,2025-07-12,,metered_month_to_month,,active
SUB-0005245,ACC-006297,SMB,2021-03-17,2023-09-17,metered_month_to_month,,churned
SUB-0005246,ACC-006298,SMB,2025-02-12,,metered_month_to_month,,active
SUB-0005247,ACC-006299,SMB,2025-01-15,,metered_month_to_month,,active
SUB-0005248,ACC-006300,SMB,2025-06-11,,metered_month_to_month,,active
SUB-0005249,ACC-006301,SMB,2023-01-18,2025-03-18,metered_month_to_month,,churned
SUB-0005250,ACC-006302,SMB,2024-07-03,,metered_month_to_month,,active
SUB-0005251,ACC-006303,SMB,2025-12-02,,metered_month_to_month,,active
SUB-0005252,ACC-006304,SMB,2025-07-14,,metered_month_to_month,,active
SUB-0005253,ACC-006305,SMB,2025-04-21,,metered_month_to_month,,active
SUB-0005254,ACC-006307,SMB,2024-05-18,,metered_month_to_month,,active
SUB-0005255,ACC-006308,SMB,2022-12-23,,metered_month_to_month,,active
SUB-0005256,ACC-006309,SMB,2024-07-03,,metered_month_to_month,,active
SUB-0005257,ACC-006310,SMB,2025-03-24,,metered_month_to_month,,active
SUB-0005258,ACC-006311,SMB,2024-03-13,2025-05-13,metered_month_to_month,,churned
SUB-0005259,ACC-006312,SMB,2025-09-26,,metered_month_to_month,,active
SUB-0005260,ACC-006313,SMB,2023-10-13,,metered_month_to_month,,active
SUB-0005261,ACC-006314,SMB,2024-11-18,,metered_month_to_month,,active
SUB-0005262,ACC-006315,SMB,2024-07-08,,metered_month_to_month,,active
SUB-0005263,ACC-006316,SMB,2023-04-27,2024-01-27,metered_month_to_month,,churned
SUB-0005264,ACC-006317,SMB,2021-09-08,,metered_month_to_month,,active
SUB-0005265,ACC-006318,SMB,2022-03-27,2025-11-27,metered_month_to_month,,churned
SUB-0005266,ACC-006319,SMB,2024-10-28,,metered_month_to_month,,active
SUB-0005267,ACC-006320,SMB,2025-12-08,,metered_month_to_month,,active
SUB-0005268,ACC-006321,SMB,2024-01-13,,metered_month_to_month,,active
SUB-0005269,ACC-006322,SMB,2025-02-05,,metered_month_to_month,,active
SUB-0005270,ACC-006323,SMB,2025-04-27,,metered_month_to_month,,active
SUB-0005271,ACC-006324,SMB,2025-12-17,,metered_month_to_month,,active
SUB-0005272,ACC-006325,SMB,2024-07-12,,metered_month_to_month,,active
SUB-0005273,ACC-006327,SMB,2023-05-24,,metered_month_to_month,,active
SUB-0005274,ACC-006328,SMB,2021-02-16,,metered_month_to_month,,active
SUB-0005275,ACC-006329,SMB,2021-08-28,2023-09-28,metered_month_to_month,,churned
SUB-0005276,ACC-006330,SMB,2025-03-08,,metered_month_to_month,,active
SUB-0005277,ACC-006331,SMB,2025-06-21,,metered_month_to_month,,active
SUB-0005278,ACC-006332,SMB,2023-02-18,2025-05-18,metered_month_to_month,,churned
SUB-0005279,ACC-006333,SMB,2022-11-29,2023-12-28,metered_month_to_month,,churned
SUB-0005280,ACC-006334,SMB,2025-07-01,,metered_month_to_month,,active
SUB-0005281,ACC-006335,SMB,2025-01-20,2025-04-20,metered_month_to_month,,churned
SUB-0005282,ACC-006336,SMB,2025-01-20,,metered_month_to_month,,active
SUB-0005283,ACC-006337,SMB,2024-04-02,2024-10-02,metered_month_to_month,,churned
SUB-0005284,ACC-006338,SMB,2024-07-03,,metered_month_to_month,,active
SUB-0005285,ACC-006339,SMB,2021-07-30,,metered_month_to_month,,active
SUB-0005286,ACC-006340,SMB,2025-09-04,,metered_month_to_month,,active
SUB-0005287,ACC-006341,SMB,2023-08-12,2024-12-12,metered_month_to_month,,churned
SUB-0005288,ACC-006342,SMB,2023-05-15,2025-05-15,metered_month_to_month,,churned
SUB-0005289,ACC-006343,SMB,2025-06-16,,metered_month_to_month,,active
SUB-0005290,ACC-006345,SMB,2025-06-28,,metered_month_to_month,,active
SUB-0005291,ACC-006346,SMB,2024-06-06,,metered_month_to_month,,active
SUB-0005292,ACC-006347,SMB,2023-01-26,,metered_month_to_month,,active
SUB-0005293,ACC-006348,SMB,2023-11-15,,metered_month_to_month,,active
SUB-0005294,ACC-006349,SMB,2024-01-13,2024-10-13,metered_month_to_month,,churned
SUB-0005295,ACC-006350,SMB,2024-04-17,2024-11-17,metered_month_to_month,,churned
SUB-0005296,ACC-006351,SMB,2024-12-25,,metered_month_to_month,,active
SUB-0005297,ACC-006352,SMB,2024-08-12,,metered_month_to_month,,active
SUB-0005298,ACC-006353,SMB,2025-02-25,,metered_month_to_month,,active
SUB-0005299,ACC-006354,SMB,2025-12-23,,metered_month_to_month,,active
SUB-0005300,ACC-006355,SMB,2025-01-17,,metered_month_to_month,,active
SUB-0005301,ACC-006356,SMB,2021-01-27,2021-06-27,metered_month_to_month,,churned
SUB-0005302,ACC-006357,SMB,2025-11-14,,metered_month_to_month,,active
SUB-0005303,ACC-006358,SMB,2024-02-17,,metered_month_to_month,,active
SUB-0005304,ACC-006359,SMB,2025-07-14,,metered_month_to_month,,active
SUB-0005305,ACC-006360,SMB,2025-02-21,,metered_month_to_month,,active
SUB-0005306,ACC-006361,SMB,2025-12-08,,metered_month_to_month,,active
SUB-0005307,ACC-006362,SMB,2025-09-16,,metered_month_to_month,,active
SUB-0005308,ACC-006365,SMB,2023-10-22,,metered_month_to_month,,active
SUB-0005309,ACC-006366,SMB,2025-07-20,,metered_month_to_month,,active
SUB-0005310,ACC-006367,SMB,2025-07-14,,metered_month_to_month,,active
SUB-0005311,ACC-006368,SMB,2024-03-21,,metered_month_to_month,,active
SUB-0005312,ACC-006369,SMB,2025-10-21,,metered_month_to_month,,active
SUB-0005313,ACC-006370,SMB,2020-04-03,,metered_month_to_month,,active
SUB-0005314,ACC-006372,SMB,2021-09-15,2023-12-15,metered_month_to_month,,churned
SUB-0005315,ACC-006373,SMB,2025-08-25,,metered_month_to_month,,active
SUB-0005316,ACC-006374,SMB,2024-07-26,,metered_month_to_month,,active
SUB-0005317,ACC-006375,SMB,2024-05-13,2025-06-13,metered_month_to_month,,churned
SUB-0005318,ACC-006376,SMB,2024-09-24,,metered_month_to_month,,active
SUB-0005319,ACC-006377,SMB,2024-01-11,,metered_month_to_month,,active
SUB-0005320,ACC-006379,SMB,2022-12-25,,metered_month_to_month,,active
SUB-0005321,ACC-006380,SMB,2025-06-21,,metered_month_to_month,,active
SUB-0005322,ACC-006381,SMB,2025-05-02,,metered_month_to_month,,active
SUB-0005323,ACC-006382,SMB,2025-09-23,,metered_month_to_month,,active
SUB-0005324,ACC-006383,SMB,2025-01-06,2025-08-06,metered_month_to_month,,churned
SUB-0005325,ACC-006386,SMB,2023-11-03,,metered_month_to_month,,active
SUB-0005326,ACC-006387,SMB,2025-04-18,,metered_month_to_month,,active
SUB-0005327,ACC-006388,SMB,2021-03-31,2021-11-30,metered_month_to_month,,churned
SUB-0005328,ACC-006389,SMB,2024-07-19,2025-04-19,metered_month_to_month,,churned
SUB-0005329,ACC-006390,SMB,2025-06-16,,metered_month_to_month,,active
SUB-0005330,ACC-006391,SMB,2025-03-15,,metered_month_to_month,,active
SUB-0005331,ACC-006392,SMB,2025-03-10,,metered_month_to_month,,active
SUB-0005332,ACC-006393,SMB,2023-12-10,2025-01-10,metered_month_to_month,,churned
SUB-0005333,ACC-006394,SMB,2025-10-18,,metered_month_to_month,,active
SUB-0005334,ACC-006395,SMB,2023-02-21,2024-08-21,metered_month_to_month,,churned
SUB-0005335,ACC-006396,SMB,2021-03-27,,metered_month_to_month,,active
SUB-0005336,ACC-006397,SMB,2020-06-08,2021-08-08,metered_month_to_month,,churned
SUB-0005337,ACC-006398,SMB,2022-01-07,2025-02-07,metered_month_to_month,,churned
SUB-0005338,ACC-006399,SMB,2021-09-15,2025-03-15,metered_month_to_month,,churned
SUB-0005339,ACC-006400,SMB,2024-11-10,,metered_month_to_month,,active
SUB-0005340,ACC-006402,SMB,2023-12-14,2025-05-14,metered_month_to_month,,churned
SUB-0005341,ACC-006403,SMB,2025-04-25,,metered_month_to_month,,active
SUB-0005342,ACC-006404,SMB,2025-01-21,2025-10-21,metered_month_to_month,,churned
SUB-0005343,ACC-006405,SMB,2024-11-14,,metered_month_to_month,,active
SUB-0005344,ACC-006406,SMB,2024-07-10,,metered_month_to_month,,active
SUB-0005345,ACC-006407,SMB,2020-10-09,2023-08-09,metered_month_to_month,,churned
SUB-0005346,ACC-006408,SMB,2025-11-10,,metered_month_to_month,,active
SUB-0005347,ACC-006409,SMB,2025-04-10,,metered_month_to_month,,active
SUB-0005348,ACC-006410,SMB,2025-12-03,,metered_month_to_month,,active
SUB-0005349,ACC-006411,SMB,2022-06-11,2024-07-11,metered_month_to_month,,churned
SUB-0005350,ACC-006412,SMB,2020-02-19,2023-10-19,metered_month_to_month,,churned
SUB-0005351,ACC-006413,SMB,2024-12-09,,metered_month_to_month,,active
SUB-0005352,ACC-006414,SMB,2020-06-19,2021-11-19,metered_month_to_month,,churned
SUB-0005353,ACC-006416,SMB,2025-07-11,,metered_month_to_month,,active
SUB-0005354,ACC-006417,SMB,2024-06-19,,metered_month_to_month,,active
SUB-0005355,ACC-006418,SMB,2025-08-16,,metered_month_to_month,,active
SUB-0005356,ACC-006419,SMB,2023-12-18,2025-10-18,metered_month_to_month,,churned
SUB-0005357,ACC-006420,SMB,2020-09-15,2021-09-15,metered_month_to_month,,churned
SUB-0005358,ACC-006421,SMB,2025-04-21,,metered_month_to_month,,active
SUB-0005359,ACC-006422,SMB,2022-05-18,,metered_month_to_month,,active
SUB-0005360,ACC-006423,SMB,2020-04-20,2020-10-20,metered_month_to_month,,churned
SUB-0005361,ACC-006424,SMB,2022-01-18,,metered_month_to_month,,active
SUB-0005362,ACC-006425,SMB,2024-07-09,2025-04-09,metered_month_to_month,,churned
SUB-0005363,ACC-006426,SMB,2023-01-08,,metered_month_to_month,,active
SUB-0005364,ACC-006427,SMB,2024-07-17,,metered_month_to_month,,active
SUB-0005365,ACC-006428,SMB,2023-12-03,,metered_month_to_month,,active
SUB-0005366,ACC-006429,SMB,2023-04-07,2025-11-07,metered_month_to_month,,churned
SUB-0005367,ACC-006430,SMB,2025-05-10,,metered_month_to_month,,active
SUB-0005368,ACC-006431,SMB,2025-12-03,,metered_month_to_month,,active
SUB-0005369,ACC-006432,SMB,2020-07-03,2021-06-03,metered_month_to_month,,churned
SUB-0005370,ACC-006433,SMB,2025-03-26,,metered_month_to_month,,active
SUB-0005371,ACC-006434,SMB,2025-05-21,,metered_month_to_month,,active
SUB-0005372,ACC-006435,SMB,2023-03-23,,metered_month_to_month,,active
SUB-0005373,ACC-006436,SMB,2023-05-01,,metered_month_to_month,,active
SUB-0005374,ACC-006437,SMB,2021-12-22,2022-05-22,metered_month_to_month,,churned
SUB-0005375,ACC-006438,SMB,2023-04-13,,metered_month_to_month,,active
SUB-0005376,ACC-006440,SMB,2025-01-03,,metered_month_to_month,,active
SUB-0005377,ACC-006441,SMB,2025-02-16,,metered_month_to_month,,active
SUB-0005378,ACC-006442,SMB,2024-03-15,,metered_month_to_month,,active
SUB-0005379,ACC-006443,SMB,2025-08-06,,metered_month_to_month,,active
SUB-0005380,ACC-006444,SMB,2025-12-27,,metered_month_to_month,,active
SUB-0005381,ACC-006445,SMB,2023-12-09,2024-11-09,metered_month_to_month,,churned
SUB-0005382,ACC-006446,SMB,2024-12-12,,metered_month_to_month,,active
SUB-0005383,ACC-006447,SMB,2021-11-25,,metered_month_to_month,,active
SUB-0005384,ACC-006448,SMB,2025-08-19,,metered_month_to_month,,active
SUB-0005385,ACC-006449,SMB,2023-04-12,2024-02-12,metered_month_to_month,,churned
SUB-0005386,ACC-006450,SMB,2021-08-01,,metered_month_to_month,,active
SUB-0005387,ACC-006451,SMB,2025-05-05,,metered_month_to_month,,active
SUB-0005388,ACC-006452,SMB,2021-03-28,2025-02-28,metered_month_to_month,,churned
SUB-0005389,ACC-006453,SMB,2025-07-04,,metered_month_to_month,,active
SUB-0005390,ACC-006454,SMB,2023-07-06,,metered_month_to_month,,active
SUB-0005391,ACC-006456,SMB,2025-09-02,,metered_month_to_month,,active
SUB-0005392,ACC-006457,SMB,2025-06-23,,metered_month_to_month,,active
SUB-0005393,ACC-006458,SMB,2023-11-04,,metered_month_to_month,,active
SUB-0005394,ACC-006459,SMB,2024-11-04,,metered_month_to_month,,active
SUB-0005395,ACC-006461,SMB,2024-01-24,,metered_month_to_month,,active
SUB-0005396,ACC-006462,SMB,2023-09-10,2024-05-10,metered_month_to_month,,churned
SUB-0005397,ACC-006463,SMB,2024-08-27,2025-01-27,metered_month_to_month,,churned
SUB-0005398,ACC-006464,SMB,2022-10-09,,metered_month_to_month,,active
SUB-0005399,ACC-006465,SMB,2023-08-16,2023-10-16,metered_month_to_month,,churned
SUB-0005400,ACC-006466,SMB,2023-08-21,2024-07-21,metered_month_to_month,,churned
SUB-0005401,ACC-006467,SMB,2022-03-09,,metered_month_to_month,,active
SUB-0005402,ACC-006468,SMB,2024-11-03,,metered_month_to_month,,active
SUB-0005403,ACC-006469,SMB,2025-01-10,,metered_month_to_month,,active
SUB-0005404,ACC-006471,SMB,2024-07-17,,metered_month_to_month,,active
SUB-0005405,ACC-006472,SMB,2023-03-14,,metered_month_to_month,,active
SUB-0005406,ACC-006473,SMB,2025-11-21,,metered_month_to_month,,active
SUB-0005407,ACC-006474,SMB,2025-09-27,,metered_month_to_month,,active
SUB-0005408,ACC-006476,SMB,2023-01-01,2023-07-01,metered_month_to_month,,churned
SUB-0005409,ACC-006477,SMB,2024-05-18,2025-06-18,metered_month_to_month,,churned
SUB-0005410,ACC-006478,SMB,2024-10-01,,metered_month_to_month,,active
SUB-0005411,ACC-006479,SMB,2021-09-23,2023-11-23,metered_month_to_month,,churned
SUB-0005412,ACC-006480,SMB,2023-10-24,2024-02-24,metered_month_to_month,,churned
SUB-0005413,ACC-006481,SMB,2024-12-20,,metered_month_to_month,,active
SUB-0005414,ACC-006483,SMB,2023-11-01,2025-03-01,metered_month_to_month,,churned
SUB-0005415,ACC-006484,SMB,2024-03-23,,metered_month_to_month,,active
SUB-0005416,ACC-006485,SMB,2025-12-13,,metered_month_to_month,,active
SUB-0005417,ACC-006486,SMB,2023-01-23,,metered_month_to_month,,active
SUB-0005418,ACC-006487,SMB,2024-05-23,,metered_month_to_month,,active
SUB-0005419,ACC-006488,SMB,2025-01-08,,metered_month_to_month,,active
SUB-0005420,ACC-006489,SMB,2025-09-19,,metered_month_to_month,,active
SUB-0005421,ACC-006490,SMB,2025-01-13,,metered_month_to_month,,active
SUB-0005422,ACC-006491,SMB,2020-05-31,,metered_month_to_month,,active
SUB-0005423,ACC-006492,SMB,2020-01-26,2020-10-26,metered_month_to_month,,churned
SUB-0005424,ACC-006493,SMB,2023-03-28,2025-01-28,metered_month_to_month,,churned
SUB-0005425,ACC-006494,SMB,2024-01-25,,metered_month_to_month,,active
SUB-0005426,ACC-006495,SMB,2025-09-28,,metered_month_to_month,,active
SUB-0005427,ACC-006497,SMB,2021-04-27,,metered_month_to_month,,active
SUB-0005428,ACC-006498,SMB,2024-07-02,,metered_month_to_month,,active
SUB-0005429,ACC-006499,SMB,2025-03-16,,metered_month_to_month,,active
SUB-0005430,ACC-006500,SMB,2024-06-20,,metered_month_to_month,,active
SUB-0005431,ACC-006501,SMB,2021-07-25,,metered_month_to_month,,active
SUB-0005432,ACC-006502,SMB,2024-09-26,2025-02-26,metered_month_to_month,,churned
SUB-0005433,ACC-006504,SMB,2024-03-17,,metered_month_to_month,,active
SUB-0005434,ACC-006505,SMB,2024-11-05,2025-11-05,metered_month_to_month,,churned
SUB-0005435,ACC-006506,SMB,2024-03-07,,metered_month_to_month,,active
SUB-0005436,ACC-006507,SMB,2021-12-15,2024-10-15,metered_month_to_month,,churned
SUB-0005437,ACC-006508,SMB,2023-02-23,,metered_month_to_month,,active
SUB-0005438,ACC-006509,SMB,2024-01-06,,metered_month_to_month,,active
SUB-0005439,ACC-006510,SMB,2025-10-17,,metered_month_to_month,,active
SUB-0005440,ACC-006511,SMB,2025-12-18,,metered_month_to_month,,active
SUB-0005441,ACC-006512,SMB,2025-08-09,,metered_month_to_month,,active
SUB-0005442,ACC-006513,SMB,2024-01-17,,metered_month_to_month,,active
SUB-0005443,ACC-006514,SMB,2025-06-14,,metered_month_to_month,,active
SUB-0005444,ACC-006515,SMB,2025-07-11,,metered_month_to_month,,active
SUB-0005445,ACC-006516,SMB,2024-10-06,,metered_month_to_month,,active
SUB-0005446,ACC-006517,SMB,2023-03-24,,metered_month_to_month,,active
SUB-0005447,ACC-006518,SMB,2025-08-21,,metered_month_to_month,,active
SUB-0005448,ACC-006519,SMB,2023-08-21,,metered_month_to_month,,active
SUB-0005449,ACC-006520,SMB,2023-06-04,2025-04-04,metered_month_to_month,,churned
SUB-0005450,ACC-006521,SMB,2025-03-13,,metered_month_to_month,,active
SUB-0005451,ACC-006522,SMB,2023-10-14,,metered_month_to_month,,active
SUB-0005452,ACC-006523,SMB,2025-08-23,,metered_month_to_month,,active
SUB-0005453,ACC-006525,SMB,2024-08-15,2024-12-15,metered_month_to_month,,churned
SUB-0005454,ACC-006526,SMB,2024-06-17,,metered_month_to_month,,active
SUB-0005455,ACC-006527,SMB,2024-01-02,2024-09-02,metered_month_to_month,,churned
SUB-0005456,ACC-006528,SMB,2025-02-28,,metered_month_to_month,,active
SUB-0005457,ACC-006529,SMB,2025-09-19,,metered_month_to_month,,active
SUB-0005458,ACC-006530,SMB,2023-02-17,,metered_month_to_month,,active
SUB-0005459,ACC-006531,SMB,2025-07-27,,metered_month_to_month,,active
SUB-0005460,ACC-006532,SMB,2025-08-15,,metered_month_to_month,,active
SUB-0005461,ACC-006534,SMB,2024-02-04,,metered_month_to_month,,active
SUB-0005462,ACC-006535,SMB,2023-01-25,,metered_month_to_month,,active
SUB-0005463,ACC-006536,SMB,2021-08-17,,metered_month_to_month,,active
SUB-0005464,ACC-006537,SMB,2020-07-19,,metered_month_to_month,,active
SUB-0005465,ACC-006538,SMB,2024-08-25,,metered_month_to_month,,active
SUB-0005466,ACC-006539,SMB,2024-07-20,2025-04-20,metered_month_to_month,,churned
SUB-0005467,ACC-006540,SMB,2024-06-26,,metered_month_to_month,,active
SUB-0005468,ACC-006541,SMB,2024-12-25,,metered_month_to_month,,active
SUB-0005469,ACC-006542,SMB,2025-10-15,,metered_month_to_month,,active
SUB-0005470,ACC-006543,SMB,2025-08-17,,metered_month_to_month,,active
SUB-0005471,ACC-006544,SMB,2024-03-07,,metered_month_to_month,,active
SUB-0005472,ACC-006545,SMB,2025-07-25,,metered_month_to_month,,active
SUB-0005473,ACC-006546,SMB,2025-12-13,,metered_month_to_month,,active
SUB-0005474,ACC-006547,SMB,2024-02-08,,metered_month_to_month,,active
SUB-0005475,ACC-006548,SMB,2022-10-03,2022-12-03,metered_month_to_month,,churned
SUB-0005476,ACC-006549,SMB,2025-02-03,,metered_month_to_month,,active
SUB-0005477,ACC-006550,SMB,2025-06-23,,metered_month_to_month,,active
SUB-0005478,ACC-006551,SMB,2025-05-21,,metered_month_to_month,,active
SUB-0005479,ACC-006552,SMB,2025-03-25,,metered_month_to_month,,active
SUB-0005480,ACC-006553,SMB,2025-10-08,,metered_month_to_month,,active
SUB-0005481,ACC-006554,SMB,2025-12-17,,metered_month_to_month,,active
SUB-0005482,ACC-006556,SMB,2025-04-19,,metered_month_to_month,,active
SUB-0005483,ACC-006557,SMB,2023-04-21,,metered_month_to_month,,active
SUB-0005484,ACC-006558,SMB,2024-06-17,2025-02-17,metered_month_to_month,,churned
SUB-0005485,ACC-006559,SMB,2025-12-10,,metered_month_to_month,,active
SUB-0005486,ACC-006560,SMB,2024-03-08,2025-03-08,metered_month_to_month,,churned
SUB-0005487,ACC-006562,SMB,2020-02-18,2021-01-18,metered_month_to_month,,churned
SUB-0005488,ACC-006564,SMB,2023-12-13,2025-07-13,metered_month_to_month,,churned
SUB-0005489,ACC-006565,SMB,2025-10-27,,metered_month_to_month,,active
SUB-0005490,ACC-006568,SMB,2020-06-03,,metered_month_to_month,,active
SUB-0005491,ACC-006572,SMB,2025-01-05,,metered_month_to_month,,active
SUB-0005492,ACC-006573,SMB,2025-12-13,,metered_month_to_month,,active
SUB-0005493,ACC-006574,SMB,2024-03-16,2024-09-16,metered_month_to_month,,churned
SUB-0005494,ACC-006575,SMB,2025-05-24,,metered_month_to_month,,active
SUB-0005495,ACC-006576,SMB,2020-07-30,2020-10-30,metered_month_to_month,,churned
SUB-0005496,ACC-006578,SMB,2024-01-24,,metered_month_to_month,,active
SUB-0005497,ACC-006579,SMB,2020-04-20,2023-05-20,metered_month_to_month,,churned
SUB-0005498,ACC-006580,SMB,2023-12-26,2025-05-26,metered_month_to_month,,churned
SUB-0005499,ACC-006581,SMB,2023-08-20,,metered_month_to_month,,active
SUB-0005500,ACC-006582,SMB,2025-06-17,,metered_month_to_month,,active
SUB-0005501,ACC-006583,SMB,2025-11-01,,metered_month_to_month,,active
SUB-0005502,ACC-006584,SMB,2025-06-26,,metered_month_to_month,,active
SUB-0005503,ACC-006585,SMB,2023-10-11,,metered_month_to_month,,active
SUB-0005504,ACC-006586,SMB,2020-05-19,2022-03-19,metered_month_to_month,,churned
SUB-0005505,ACC-006587,SMB,2023-03-07,,metered_month_to_month,,active
SUB-0005506,ACC-006588,SMB,2024-01-04,2025-06-04,metered_month_to_month,,churned
SUB-0005507,ACC-006589,SMB,2024-08-26,,metered_month_to_month,,active
SUB-0005508,ACC-006590,SMB,2024-08-09,,metered_month_to_month,,active
SUB-0005509,ACC-006591,SMB,2025-08-18,,metered_month_to_month,,active
SUB-0005510,ACC-006593,SMB,2025-04-06,,metered_month_to_month,,active
SUB-0005511,ACC-006594,SMB,2024-06-21,,metered_month_to_month,,active
SUB-0005512,ACC-006595,SMB,2023-09-02,,metered_month_to_month,,active
SUB-0005513,ACC-006596,SMB,2024-07-22,2025-05-22,metered_month_to_month,,churned
SUB-0005514,ACC-006598,SMB,2023-12-06,,metered_month_to_month,,active
SUB-0005515,ACC-006599,SMB,2021-02-06,,metered_month_to_month,,active
SUB-0005516,ACC-006600,SMB,2024-08-28,,metered_month_to_month,,active
SUB-0005517,ACC-006601,SMB,2025-01-16,,metered_month_to_month,,active
SUB-0005518,ACC-006602,SMB,2024-07-25,,metered_month_to_month,,active
SUB-0005519,ACC-006603,SMB,2024-04-20,2025-03-20,metered_month_to_month,,churned
SUB-0005520,ACC-006604,SMB,2025-08-06,,metered_month_to_month,,active
SUB-0005521,ACC-006605,SMB,2020-07-31,2024-06-28,metered_month_to_month,,churned
SUB-0005522,ACC-006606,SMB,2023-10-15,,metered_month_to_month,,active
SUB-0005523,ACC-006607,SMB,2023-06-01,2025-07-01,metered_month_to_month,,churned
SUB-0005524,ACC-006608,SMB,2024-08-26,,metered_month_to_month,,active
SUB-0005525,ACC-006609,SMB,2024-08-08,,metered_month_to_month,,active
SUB-0005526,ACC-006610,SMB,2025-04-19,,metered_month_to_month,,active
SUB-0005527,ACC-006611,SMB,2022-04-04,,metered_month_to_month,,active
SUB-0005528,ACC-006612,SMB,2024-04-05,,metered_month_to_month,,active
SUB-0005529,ACC-006613,SMB,2025-03-17,2025-07-17,metered_month_to_month,,churned
SUB-0005530,ACC-006614,SMB,2021-03-28,2025-02-28,metered_month_to_month,,churned
SUB-0005531,ACC-006615,SMB,2025-07-27,,metered_month_to_month,,active
SUB-0005532,ACC-006616,SMB,2024-12-20,,metered_month_to_month,,active
SUB-0005533,ACC-006617,SMB,2021-09-03,2022-04-03,metered_month_to_month,,churned
SUB-0005534,ACC-006618,SMB,2025-01-15,,metered_month_to_month,,active
SUB-0005535,ACC-006619,SMB,2020-03-21,2020-11-21,metered_month_to_month,,churned
SUB-0005536,ACC-006620,SMB,2023-05-04,,metered_month_to_month,,active
SUB-0005537,ACC-006621,SMB,2024-12-28,,metered_month_to_month,,active
SUB-0005538,ACC-006622,SMB,2025-10-27,,metered_month_to_month,,active
SUB-0005539,ACC-006623,SMB,2025-11-11,,metered_month_to_month,,active
SUB-0005540,ACC-006624,SMB,2025-05-18,,metered_month_to_month,,active
SUB-0005541,ACC-006625,SMB,2021-11-06,,metered_month_to_month,,active
SUB-0005542,ACC-006626,SMB,2023-05-24,,metered_month_to_month,,active
SUB-0005543,ACC-006627,SMB,2023-04-03,,metered_month_to_month,,active
SUB-0005544,ACC-006628,SMB,2025-10-09,,metered_month_to_month,,active
SUB-0005545,ACC-006629,SMB,2025-11-20,,metered_month_to_month,,active
SUB-0005546,ACC-006630,SMB,2023-03-02,2024-07-02,metered_month_to_month,,churned
SUB-0005547,ACC-006631,SMB,2024-02-19,2024-09-19,metered_month_to_month,,churned
SUB-0005548,ACC-006632,SMB,2024-01-21,2025-11-21,metered_month_to_month,,churned
SUB-0005549,ACC-006633,SMB,2021-09-23,,metered_month_to_month,,active
SUB-0005550,ACC-006635,SMB,2023-11-14,,metered_month_to_month,,active
SUB-0005551,ACC-006636,SMB,2023-05-12,2024-04-12,metered_month_to_month,,churned
SUB-0005552,ACC-006637,SMB,2025-04-18,,metered_month_to_month,,active
SUB-0005553,ACC-006638,SMB,2023-09-20,2024-11-20,metered_month_to_month,,churned
SUB-0005554,ACC-006639,SMB,2025-02-05,2025-10-05,metered_month_to_month,,churned
SUB-0005555,ACC-006640,SMB,2025-08-24,,metered_month_to_month,,active
SUB-0005556,ACC-006641,SMB,2022-03-12,2023-08-12,metered_month_to_month,,churned
SUB-0005557,ACC-006642,SMB,2025-07-24,,metered_month_to_month,,active
SUB-0005558,ACC-006643,SMB,2025-03-11,,metered_month_to_month,,active
SUB-0005559,ACC-006644,SMB,2023-01-19,2024-04-19,metered_month_to_month,,churned
SUB-0005560,ACC-006645,SMB,2025-10-18,,metered_month_to_month,,active
SUB-0005561,ACC-006646,SMB,2024-07-21,,metered_month_to_month,,active
SUB-0005562,ACC-006647,SMB,2024-09-08,,metered_month_to_month,,active
SUB-0005563,ACC-006648,SMB,2025-07-12,,metered_month_to_month,,active
SUB-0005564,ACC-006649,SMB,2024-10-09,,metered_month_to_month,,active
SUB-0005565,ACC-006650,SMB,2024-01-13,2025-11-13,metered_month_to_month,,churned
SUB-0005566,ACC-006651,SMB,2024-08-27,,metered_month_to_month,,active
SUB-0005567,ACC-006652,SMB,2025-12-27,,metered_month_to_month,,active
SUB-0005568,ACC-006653,SMB,2021-01-11,2021-07-11,metered_month_to_month,,churned
SUB-0005569,ACC-006654,SMB,2024-08-13,,metered_month_to_month,,active
SUB-0005570,ACC-006656,SMB,2021-11-26,2024-02-26,metered_month_to_month,,churned
SUB-0005571,ACC-006657,SMB,2024-08-26,,metered_month_to_month,,active
SUB-0005572,ACC-006658,SMB,2021-12-23,2023-09-23,metered_month_to_month,,churned
SUB-0005573,ACC-006659,SMB,2024-10-09,,metered_month_to_month,,active
SUB-0005574,ACC-006660,SMB,2025-04-05,,metered_month_to_month,,active
SUB-0005575,ACC-006662,SMB,2025-08-12,,metered_month_to_month,,active
SUB-0005576,ACC-006663,SMB,2025-10-13,,metered_month_to_month,,active
SUB-0005577,ACC-006664,SMB,2024-10-24,,metered_month_to_month,,active
SUB-0005578,ACC-006665,SMB,2024-12-07,,metered_month_to_month,,active
SUB-0005579,ACC-006666,SMB,2021-07-10,2022-02-10,metered_month_to_month,,churned
SUB-0005580,ACC-006667,SMB,2025-05-21,,metered_month_to_month,,active
SUB-0005581,ACC-006669,SMB,2024-09-15,,metered_month_to_month,,active
SUB-0005582,ACC-006670,SMB,2023-03-12,2024-10-12,metered_month_to_month,,churned
SUB-0005583,ACC-006671,SMB,2025-01-16,,metered_month_to_month,,active
SUB-0005584,ACC-006672,SMB,2025-06-06,2025-10-06,metered_month_to_month,,churned
SUB-0005585,ACC-006673,SMB,2025-10-03,,metered_month_to_month,,active
SUB-0005586,ACC-006674,SMB,2023-08-26,,metered_month_to_month,,active
SUB-0005587,ACC-006675,SMB,2025-12-24,,metered_month_to_month,,active
SUB-0005588,ACC-006676,SMB,2025-11-02,,metered_month_to_month,,active
SUB-0005589,ACC-006677,SMB,2024-03-23,,metered_month_to_month,,active
SUB-0005590,ACC-006678,SMB,2023-12-16,,metered_month_to_month,,active
SUB-0005591,ACC-006679,SMB,2023-04-06,,metered_month_to_month,,active
SUB-0005592,ACC-006680,SMB,2025-06-08,,metered_month_to_month,,active
SUB-0005593,ACC-006681,SMB,2020-09-03,2023-06-03,metered_month_to_month,,churned
SUB-0005594,ACC-006682,SMB,2024-03-03,,metered_month_to_month,,active
SUB-0005595,ACC-006683,SMB,2023-06-04,,metered_month_to_month,,active
SUB-0005596,ACC-006684,SMB,2024-11-23,,metered_month_to_month,,active
SUB-0005597,ACC-006685,SMB,2023-06-21,,metered_month_to_month,,active
SUB-0005598,ACC-006686,SMB,2025-01-05,,metered_month_to_month,,active
SUB-0005599,ACC-006687,SMB,2024-07-20,2025-07-20,metered_month_to_month,,churned
SUB-0005600,ACC-006688,SMB,2025-12-10,,metered_month_to_month,,active
SUB-0005601,ACC-006689,SMB,2023-12-19,2025-09-19,metered_month_to_month,,churned
SUB-0005602,ACC-006690,SMB,2025-12-03,,metered_month_to_month,,active
SUB-0005603,ACC-006691,SMB,2021-02-02,2023-09-02,metered_month_to_month,,churned
SUB-0005604,ACC-006692,SMB,2024-06-28,,metered_month_to_month,,active
SUB-0005605,ACC-006693,SMB,2025-08-13,,metered_month_to_month,,active
SUB-0005606,ACC-006694,SMB,2020-03-10,,metered_month_to_month,,active
SUB-0005607,ACC-006695,SMB,2022-02-21,,metered_month_to_month,,active
SUB-0005608,ACC-006696,SMB,2025-12-14,,metered_month_to_month,,active
SUB-0005609,ACC-006697,SMB,2022-03-16,2025-03-16,metered_month_to_month,,churned
SUB-0005610,ACC-006698,SMB,2024-09-20,,metered_month_to_month,,active
SUB-0005611,ACC-006699,SMB,2025-09-08,,metered_month_to_month,,active
SUB-0005612,ACC-006700,SMB,2025-01-08,2025-07-08,metered_month_to_month,,churned
SUB-0005613,ACC-006703,SMB,2023-03-11,,metered_month_to_month,,active
SUB-0005614,ACC-006704,SMB,2024-07-26,,metered_month_to_month,,active
SUB-0005615,ACC-006705,SMB,2023-04-14,2023-11-14,metered_month_to_month,,churned
SUB-0005616,ACC-006706,SMB,2023-02-12,,metered_month_to_month,,active
SUB-0005617,ACC-006707,SMB,2025-03-21,,metered_month_to_month,,active
SUB-0005618,ACC-006709,SMB,2024-09-07,,metered_month_to_month,,active
SUB-0005619,ACC-006710,SMB,2020-08-07,2022-06-07,metered_month_to_month,,churned
SUB-0005620,ACC-006711,SMB,2023-03-25,2023-08-25,metered_month_to_month,,churned
SUB-0005621,ACC-006712,SMB,2025-08-05,,metered_month_to_month,,active
SUB-0005622,ACC-006714,SMB,2024-09-22,,metered_month_to_month,,active
SUB-0005623,ACC-006715,SMB,2024-02-24,,metered_month_to_month,,active
SUB-0005624,ACC-006716,SMB,2024-02-12,,metered_month_to_month,,active
SUB-0005625,ACC-006717,SMB,2024-01-24,,metered_month_to_month,,active
SUB-0005626,ACC-006718,SMB,2025-09-08,,metered_month_to_month,,active
SUB-0005627,ACC-006719,SMB,2025-11-02,,metered_month_to_month,,active
SUB-0005628,ACC-006720,SMB,2025-04-21,,metered_month_to_month,,active
SUB-0005629,ACC-006721,SMB,2025-09-13,,metered_month_to_month,,active
SUB-0005630,ACC-006722,SMB,2025-05-10,,metered_month_to_month,,active
SUB-0005631,ACC-006723,SMB,2023-08-14,2024-05-14,metered_month_to_month,,churned
SUB-0005632,ACC-006724,SMB,2025-06-17,,metered_month_to_month,,active
SUB-0005633,ACC-006725,SMB,2024-11-04,,metered_month_to_month,,active
SUB-0005634,ACC-006727,SMB,2020-01-23,2021-12-23,metered_month_to_month,,churned
SUB-0005635,ACC-006729,SMB,2025-11-01,,metered_month_to_month,,active
SUB-0005636,ACC-006730,SMB,2020-11-21,,metered_month_to_month,,active
SUB-0005637,ACC-006731,SMB,2024-12-25,,metered_month_to_month,,active
SUB-0005638,ACC-006732,SMB,2020-04-15,2020-09-15,metered_month_to_month,,churned
SUB-0005639,ACC-006733,SMB,2021-11-04,,metered_month_to_month,,active
SUB-0005640,ACC-006734,SMB,2021-01-21,,metered_month_to_month,,active
SUB-0005641,ACC-006735,SMB,2024-12-17,,metered_month_to_month,,active
SUB-0005642,ACC-006736,SMB,2023-03-19,,metered_month_to_month,,active
SUB-0005643,ACC-006737,SMB,2025-04-19,,metered_month_to_month,,active
SUB-0005644,ACC-006739,SMB,2023-11-07,2024-03-07,metered_month_to_month,,churned
SUB-0005645,ACC-006740,SMB,2023-12-16,,metered_month_to_month,,active
SUB-0005646,ACC-006741,SMB,2024-04-20,2025-08-20,metered_month_to_month,,churned
SUB-0005647,ACC-006742,SMB,2025-09-16,,metered_month_to_month,,active
SUB-0005648,ACC-006743,SMB,2025-02-04,,metered_month_to_month,,active
SUB-0005649,ACC-006744,SMB,2025-12-23,,metered_month_to_month,,active
SUB-0005650,ACC-006745,SMB,2025-09-01,,metered_month_to_month,,active
SUB-0005651,ACC-006746,SMB,2023-08-11,2024-02-11,metered_month_to_month,,churned
SUB-0005652,ACC-006747,SMB,2024-06-22,,metered_month_to_month,,active
SUB-0005653,ACC-006748,SMB,2025-11-20,,metered_month_to_month,,active
SUB-0005654,ACC-006750,SMB,2025-08-19,,metered_month_to_month,,active
SUB-0005655,ACC-006751,SMB,2025-09-20,,metered_month_to_month,,active
SUB-0005656,ACC-006752,SMB,2022-07-30,,metered_month_to_month,,active
SUB-0005657,ACC-006753,SMB,2025-07-11,,metered_month_to_month,,active
SUB-0005658,ACC-006755,SMB,2025-11-12,,metered_month_to_month,,active
SUB-0005659,ACC-006756,SMB,2023-11-11,,metered_month_to_month,,active
SUB-0005660,ACC-006758,SMB,2024-02-21,2025-05-21,metered_month_to_month,,churned
SUB-0005661,ACC-006759,SMB,2022-01-20,2024-12-20,metered_month_to_month,,churned
SUB-0005662,ACC-006760,SMB,2025-09-16,,metered_month_to_month,,active
SUB-0005663,ACC-006761,SMB,2020-02-04,,metered_month_to_month,,active
SUB-0005664,ACC-006762,SMB,2021-03-02,,metered_month_to_month,,active
SUB-0005665,ACC-006763,SMB,2024-11-04,,metered_month_to_month,,active
SUB-0005666,ACC-006764,SMB,2021-03-02,2021-09-02,metered_month_to_month,,churned
SUB-0005667,ACC-006765,SMB,2025-02-06,,metered_month_to_month,,active
SUB-0005668,ACC-006767,SMB,2025-01-18,,metered_month_to_month,,active
SUB-0005669,ACC-006768,SMB,2025-07-08,,metered_month_to_month,,active
SUB-0005670,ACC-006769,SMB,2024-11-27,,metered_month_to_month,,active
SUB-0005671,ACC-006770,SMB,2020-03-22,2023-08-22,metered_month_to_month,,churned
SUB-0005672,ACC-006772,SMB,2025-08-27,,metered_month_to_month,,active
SUB-0005673,ACC-006773,SMB,2025-09-13,,metered_month_to_month,,active
SUB-0005674,ACC-006774,SMB,2021-02-27,2023-05-27,metered_month_to_month,,churned
SUB-0005675,ACC-006775,SMB,2023-08-10,,metered_month_to_month,,active
SUB-0005676,ACC-006776,SMB,2023-01-07,2024-03-07,metered_month_to_month,,churned
SUB-0005677,ACC-006777,SMB,2024-09-17,,metered_month_to_month,,active
SUB-0005678,ACC-006778,SMB,2023-08-01,2024-08-01,metered_month_to_month,,churned
SUB-0005679,ACC-006779,SMB,2023-12-14,2025-11-14,metered_month_to_month,,churned
SUB-0005680,ACC-006780,SMB,2025-08-23,,metered_month_to_month,,active
SUB-0005681,ACC-006781,SMB,2022-07-01,2024-10-01,metered_month_to_month,,churned
SUB-0005682,ACC-006782,SMB,2023-05-23,,metered_month_to_month,,active
SUB-0005683,ACC-006783,SMB,2021-03-28,,metered_month_to_month,,active
SUB-0005684,ACC-006784,SMB,2025-07-04,,metered_month_to_month,,active
SUB-0005685,ACC-006785,SMB,2023-11-01,2025-07-01,metered_month_to_month,,churned
SUB-0005686,ACC-006786,SMB,2022-08-11,2025-06-11,metered_month_to_month,,churned
SUB-0005687,ACC-006787,SMB,2025-03-17,,metered_month_to_month,,active
SUB-0005688,ACC-006788,SMB,2024-03-05,,metered_month_to_month,,active
SUB-0005689,ACC-006789,SMB,2024-03-16,,metered_month_to_month,,active
SUB-0005690,ACC-006790,SMB,2024-06-09,,metered_month_to_month,,active
SUB-0005691,ACC-006791,SMB,2024-02-13,,metered_month_to_month,,active
SUB-0005692,ACC-006793,SMB,2024-09-09,,metered_month_to_month,,active
SUB-0005693,ACC-006794,SMB,2025-10-07,,metered_month_to_month,,active
SUB-0005694,ACC-006795,SMB,2023-10-11,,metered_month_to_month,,active
SUB-0005695,ACC-006796,SMB,2025-03-10,,metered_month_to_month,,active
SUB-0005696,ACC-006797,SMB,2024-09-24,,metered_month_to_month,,active
SUB-0005697,ACC-006798,SMB,2025-12-07,,metered_month_to_month,,active
SUB-0005698,ACC-006799,SMB,2025-11-07,,metered_month_to_month,,active
SUB-0005699,ACC-006800,SMB,2024-10-27,,metered_month_to_month,,active
SUB-0005700,ACC-006801,SMB,2022-09-26,,metered_month_to_month,,active
SUB-0005701,ACC-006802,SMB,2023-05-21,,metered_month_to_month,,active
SUB-0005702,ACC-006803,SMB,2025-10-05,,metered_month_to_month,,active
SUB-0005703,ACC-006804,SMB,2024-02-14,2025-03-14,metered_month_to_month,,churned
SUB-0005704,ACC-006805,SMB,2020-05-08,,metered_month_to_month,,active
SUB-0005705,ACC-006806,SMB,2020-10-21,2025-10-21,metered_month_to_month,,churned
SUB-0005706,ACC-006807,SMB,2025-03-15,,metered_month_to_month,,active
SUB-0005707,ACC-006808,SMB,2023-11-16,,metered_month_to_month,,active
SUB-0005708,ACC-006809,SMB,2025-02-07,,metered_month_to_month,,active
SUB-0005709,ACC-006810,SMB,2025-10-08,,metered_month_to_month,,active
SUB-0005710,ACC-006811,SMB,2024-08-18,,metered_month_to_month,,active
SUB-0005711,ACC-006812,SMB,2024-05-11,2025-07-11,metered_month_to_month,,churned
SUB-0005712,ACC-006813,SMB,2024-09-21,,metered_month_to_month,,active
SUB-0005713,ACC-006814,SMB,2025-10-15,,metered_month_to_month,,active
SUB-0005714,ACC-006815,SMB,2025-02-04,,metered_month_to_month,,active
SUB-0005715,ACC-006816,SMB,2025-05-09,,metered_month_to_month,,active
SUB-0005716,ACC-006817,SMB,2024-03-20,,metered_month_to_month,,active
SUB-0005717,ACC-006819,SMB,2025-03-08,,metered_month_to_month,,active
SUB-0005718,ACC-006820,SMB,2025-12-21,,metered_month_to_month,,active
SUB-0005719,ACC-006821,SMB,2025-06-10,,metered_month_to_month,,active
SUB-0005720,ACC-006822,SMB,2023-05-08,,metered_month_to_month,,active
SUB-0005721,ACC-006823,SMB,2024-05-20,,metered_month_to_month,,active
SUB-0005722,ACC-006824,SMB,2025-12-24,,metered_month_to_month,,active
SUB-0005723,ACC-006825,SMB,2025-08-09,,metered_month_to_month,,active
SUB-0005724,ACC-006826,SMB,2024-09-25,,metered_month_to_month,,active
SUB-0005725,ACC-006827,SMB,2024-12-24,,metered_month_to_month,,active
SUB-0005726,ACC-006828,SMB,2022-08-23,2024-07-23,metered_month_to_month,,churned
SUB-0005727,ACC-006829,SMB,2024-06-17,,metered_month_to_month,,active
SUB-0005728,ACC-006830,SMB,2022-05-17,,metered_month_to_month,,active
SUB-0005729,ACC-006831,SMB,2025-03-25,,metered_month_to_month,,active
SUB-0005730,ACC-006832,SMB,2022-09-12,2023-02-12,metered_month_to_month,,churned
SUB-0005731,ACC-006833,SMB,2025-02-12,,metered_month_to_month,,active
SUB-0005732,ACC-006834,SMB,2023-05-26,,metered_month_to_month,,active
SUB-0005733,ACC-006835,SMB,2023-07-13,2023-12-13,metered_month_to_month,,churned
SUB-0005734,ACC-006836,SMB,2025-10-11,,metered_month_to_month,,active
SUB-0005735,ACC-006837,SMB,2025-08-23,,metered_month_to_month,,active
SUB-0005736,ACC-006838,SMB,2025-11-09,,metered_month_to_month,,active
SUB-0005737,ACC-006839,SMB,2021-01-12,2022-04-12,metered_month_to_month,,churned
SUB-0005738,ACC-006841,SMB,2025-12-21,,metered_month_to_month,,active
SUB-0005739,ACC-006842,SMB,2023-12-25,,metered_month_to_month,,active
SUB-0005740,ACC-006845,SMB,2023-11-07,,metered_month_to_month,,active
SUB-0005741,ACC-006846,SMB,2025-05-13,2025-10-13,metered_month_to_month,,churned
SUB-0005742,ACC-006847,SMB,2024-09-14,,metered_month_to_month,,active
SUB-0005743,ACC-006848,SMB,2020-01-05,2024-05-05,metered_month_to_month,,churned
SUB-0005744,ACC-006849,SMB,2022-01-25,2025-04-25,metered_month_to_month,,churned
SUB-0005745,ACC-006851,SMB,2022-06-08,2025-01-08,metered_month_to_month,,churned
SUB-0005746,ACC-006852,SMB,2023-09-12,2025-07-12,metered_month_to_month,,churned
SUB-0005747,ACC-006853,SMB,2024-08-14,2025-07-14,metered_month_to_month,,churned
SUB-0005748,ACC-006854,SMB,2020-12-20,2021-10-20,metered_month_to_month,,churned
SUB-0005749,ACC-006855,SMB,2025-04-27,,metered_month_to_month,,active
SUB-0005750,ACC-006856,SMB,2025-09-10,,metered_month_to_month,,active
SUB-0005751,ACC-006857,SMB,2025-09-06,,metered_month_to_month,,active
SUB-0005752,ACC-006858,SMB,2025-04-13,,metered_month_to_month,,active
SUB-0005753,ACC-006859,SMB,2025-02-12,,metered_month_to_month,,active
SUB-0005754,ACC-006860,SMB,2024-01-17,,metered_month_to_month,,active
SUB-0005755,ACC-006861,SMB,2022-02-02,2024-03-02,metered_month_to_month,,churned
SUB-0005756,ACC-006862,SMB,2023-11-18,2024-11-18,metered_month_to_month,,churned
SUB-0005757,ACC-006863,SMB,2023-03-01,2024-04-01,metered_month_to_month,,churned
SUB-0005758,ACC-006864,SMB,2025-12-10,,metered_month_to_month,,active
SUB-0005759,ACC-006865,SMB,2023-08-06,2025-07-06,metered_month_to_month,,churned
SUB-0005760,ACC-006866,SMB,2021-04-24,2021-10-24,metered_month_to_month,,churned
SUB-0005761,ACC-006867,SMB,2020-12-27,2024-09-27,metered_month_to_month,,churned
SUB-0005762,ACC-006868,SMB,2024-01-15,,metered_month_to_month,,active
SUB-0005763,ACC-006869,SMB,2021-08-06,,metered_month_to_month,,active
SUB-0005764,ACC-006870,SMB,2024-07-10,,metered_month_to_month,,active
SUB-0005765,ACC-006871,SMB,2024-05-21,,metered_month_to_month,,active
SUB-0005766,ACC-006873,SMB,2021-05-15,2023-02-15,metered_month_to_month,,churned
SUB-0005767,ACC-006874,SMB,2025-12-10,,metered_month_to_month,,active
SUB-0005768,ACC-006875,SMB,2025-11-06,,metered_month_to_month,,active
SUB-0005769,ACC-006876,SMB,2024-10-26,,metered_month_to_month,,active
SUB-0005770,ACC-006877,SMB,2023-06-23,,metered_month_to_month,,active
SUB-0005771,ACC-006878,SMB,2025-06-19,,metered_month_to_month,,active
SUB-0005772,ACC-006879,SMB,2025-02-17,2025-04-17,metered_month_to_month,,churned
SUB-0005773,ACC-006880,SMB,2023-01-13,2025-02-13,metered_month_to_month,,churned
SUB-0005774,ACC-006881,SMB,2021-01-19,2022-01-19,metered_month_to_month,,churned
SUB-0005775,ACC-006882,SMB,2025-12-05,,metered_month_to_month,,active
SUB-0005776,ACC-006883,SMB,2024-08-22,,metered_month_to_month,,active
SUB-0005777,ACC-006884,SMB,2023-10-13,2024-07-13,metered_month_to_month,,churned
SUB-0005778,ACC-006885,SMB,2024-08-11,,metered_month_to_month,,active
SUB-0005779,ACC-006886,SMB,2025-11-27,,metered_month_to_month,,active
SUB-0005780,ACC-006887,SMB,2025-07-01,,metered_month_to_month,,active
SUB-0005781,ACC-006888,SMB,2024-12-13,,metered_month_to_month,,active
SUB-0005782,ACC-006889,SMB,2024-11-13,,metered_month_to_month,,active
SUB-0005783,ACC-006890,SMB,2024-07-26,,metered_month_to_month,,active
SUB-0005784,ACC-006891,SMB,2025-03-08,,metered_month_to_month,,active
SUB-0005785,ACC-006892,SMB,2025-03-25,,metered_month_to_month,,active
SUB-0005786,ACC-006894,SMB,2021-11-01,2023-07-01,metered_month_to_month,,churned
SUB-0005787,ACC-006895,SMB,2025-06-13,,metered_month_to_month,,active
SUB-0005788,ACC-006897,SMB,2025-03-18,,metered_month_to_month,,active
SUB-0005789,ACC-006898,SMB,2025-11-20,,metered_month_to_month,,active
SUB-0005790,ACC-006899,SMB,2024-04-25,,metered_month_to_month,,active
SUB-0005791,ACC-006900,SMB,2024-08-17,2025-04-17,metered_month_to_month,,churned
SUB-0005792,ACC-006901,SMB,2025-12-26,,metered_month_to_month,,active
SUB-0005793,ACC-006902,SMB,2025-12-28,,metered_month_to_month,,active
SUB-0005794,ACC-006903,SMB,2024-04-25,,metered_month_to_month,,active
SUB-0005795,ACC-006904,SMB,2025-07-19,,metered_month_to_month,,active
SUB-0005796,ACC-006905,SMB,2025-07-03,,metered_month_to_month,,active
SUB-0005797,ACC-006906,SMB,2025-07-23,,metered_month_to_month,,active
SUB-0005798,ACC-006907,SMB,2025-05-02,2025-07-02,metered_month_to_month,,churned
SUB-0005799,ACC-006908,SMB,2025-05-23,,metered_month_to_month,,active
SUB-0005800,ACC-006909,SMB,2021-11-18,2023-06-18,metered_month_to_month,,churned
SUB-0005801,ACC-006911,SMB,2022-08-12,2025-11-12,metered_month_to_month,,churned
SUB-0005802,ACC-006912,SMB,2021-07-29,,metered_month_to_month,,active
SUB-0005803,ACC-006913,SMB,2025-10-04,,metered_month_to_month,,active
SUB-0005804,ACC-006915,SMB,2025-01-18,,metered_month_to_month,,active
SUB-0005805,ACC-006917,SMB,2024-09-17,,metered_month_to_month,,active
SUB-0005806,ACC-006918,SMB,2024-02-15,,metered_month_to_month,,active
SUB-0005807,ACC-006919,SMB,2025-04-07,,metered_month_to_month,,active
SUB-0005808,ACC-006920,SMB,2024-09-13,,metered_month_to_month,,active
SUB-0005809,ACC-006921,SMB,2020-04-18,2025-06-18,metered_month_to_month,,churned
SUB-0005810,ACC-006922,SMB,2021-09-24,,metered_month_to_month,,active
SUB-0005811,ACC-006923,SMB,2025-09-01,,metered_month_to_month,,active
SUB-0005812,ACC-006924,SMB,2024-08-04,,metered_month_to_month,,active
SUB-0005813,ACC-006925,SMB,2024-08-08,,metered_month_to_month,,active
SUB-0005814,ACC-006926,SMB,2024-02-20,,metered_month_to_month,,active
SUB-0005815,ACC-006927,SMB,2024-12-10,,metered_month_to_month,,active
SUB-0005816,ACC-006928,SMB,2025-03-28,,metered_month_to_month,,active
SUB-0005817,ACC-006929,SMB,2025-10-11,,metered_month_to_month,,active
SUB-0005818,ACC-006930,SMB,2024-12-25,,metered_month_to_month,,active
SUB-0005819,ACC-006933,SMB,2024-06-23,,metered_month_to_month,,active
SUB-0005820,ACC-006934,SMB,2023-10-07,,metered_month_to_month,,active
SUB-0005821,ACC-006936,SMB,2024-09-21,,metered_month_to_month,,active
SUB-0005822,ACC-006937,SMB,2023-03-25,,metered_month_to_month,,active
SUB-0005823,ACC-006938,SMB,2021-07-28,2021-10-28,metered_month_to_month,,churned
SUB-0005824,ACC-006939,SMB,2023-06-04,,metered_month_to_month,,active
SUB-0005825,ACC-006940,SMB,2025-07-24,,metered_month_to_month,,active
SUB-0005826,ACC-006943,SMB,2025-05-15,,metered_month_to_month,,active
SUB-0005827,ACC-006944,SMB,2022-06-21,2024-06-21,metered_month_to_month,,churned
SUB-0005828,ACC-006945,SMB,2025-01-07,,metered_month_to_month,,active
SUB-0005829,ACC-006946,SMB,2022-10-11,,metered_month_to_month,,active
SUB-0005830,ACC-006947,SMB,2021-10-23,2022-03-23,metered_month_to_month,,churned
SUB-0005831,ACC-006948,SMB,2024-03-11,,metered_month_to_month,,active
SUB-0005832,ACC-006949,SMB,2024-04-12,2024-11-12,metered_month_to_month,,churned
SUB-0005833,ACC-006950,SMB,2024-08-22,,metered_month_to_month,,active
SUB-0005834,ACC-006951,SMB,2025-09-05,,metered_month_to_month,,active
SUB-0005835,ACC-006952,SMB,2025-09-05,,metered_month_to_month,,active
SUB-0005836,ACC-006953,SMB,2022-07-25,2025-10-25,metered_month_to_month,,churned
SUB-0005837,ACC-006954,SMB,2021-01-21,2021-04-21,metered_month_to_month,,churned
SUB-0005838,ACC-006955,SMB,2023-08-20,,metered_month_to_month,,active
SUB-0005839,ACC-006956,SMB,2025-06-13,,metered_month_to_month,,active
SUB-0005840,ACC-006958,SMB,2024-09-26,,metered_month_to_month,,active
SUB-0005841,ACC-006959,SMB,2025-10-01,,metered_month_to_month,,active
SUB-0005842,ACC-006960,SMB,2024-06-27,2024-10-27,metered_month_to_month,,churned
SUB-0005843,ACC-006962,SMB,2024-08-25,,metered_month_to_month,,active
SUB-0005844,ACC-006964,SMB,2023-11-23,,metered_month_to_month,,active
SUB-0005845,ACC-006965,SMB,2023-10-27,2024-12-27,metered_month_to_month,,churned
SUB-0005846,ACC-006966,SMB,2024-05-18,2025-03-18,metered_month_to_month,,churned
SUB-0005847,ACC-006968,SMB,2024-11-24,,metered_month_to_month,,active
SUB-0005848,ACC-006969,SMB,2025-05-15,2025-09-15,metered_month_to_month,,churned
SUB-0005849,ACC-006970,SMB,2023-12-13,2024-08-13,metered_month_to_month,,churned
SUB-0005850,ACC-006971,SMB,2021-10-08,,metered_month_to_month,,active
SUB-0005851,ACC-006972,SMB,2020-06-14,2024-08-14,metered_month_to_month,,churned
SUB-0005852,ACC-006973,SMB,2025-12-06,,metered_month_to_month,,active
SUB-0005853,ACC-006975,SMB,2023-07-02,2025-07-02,metered_month_to_month,,churned
SUB-0005854,ACC-006976,SMB,2022-11-11,2023-02-11,metered_month_to_month,,churned
SUB-0005855,ACC-006977,SMB,2025-02-18,2025-10-18,metered_month_to_month,,churned
SUB-0005856,ACC-006978,SMB,2025-01-07,,metered_month_to_month,,active
SUB-0005857,ACC-006979,SMB,2023-12-17,,metered_month_to_month,,active
SUB-0005858,ACC-006980,SMB,2025-09-24,,metered_month_to_month,,active
SUB-0005859,ACC-006981,SMB,2024-07-01,,metered_month_to_month,,active
SUB-0005860,ACC-006982,SMB,2024-10-27,,metered_month_to_month,,active
SUB-0005861,ACC-006983,SMB,2025-05-04,,metered_month_to_month,,active
SUB-0005862,ACC-006984,SMB,2024-07-23,,metered_month_to_month,,active
SUB-0005863,ACC-006985,SMB,2025-12-10,,metered_month_to_month,,active
SUB-0005864,ACC-006986,SMB,2025-04-25,,metered_month_to_month,,active
SUB-0005865,ACC-006987,SMB,2025-06-05,,metered_month_to_month,,active
SUB-0005866,ACC-006988,SMB,2024-12-09,,metered_month_to_month,,active
SUB-0005867,ACC-006990,SMB,2021-03-13,,metered_month_to_month,,active
SUB-0005868,ACC-006991,SMB,2022-10-20,2024-02-20,metered_month_to_month,,churned
SUB-0005869,ACC-006992,SMB,2024-05-06,2024-07-06,metered_month_to_month,,churned
SUB-0005870,ACC-006993,SMB,2023-07-23,2024-05-23,metered_month_to_month,,churned
SUB-0005871,ACC-006994,SMB,2024-04-18,2024-06-18,metered_month_to_month,,churned
SUB-0005872,ACC-006995,SMB,2024-03-19,,metered_month_to_month,,active
SUB-0005873,ACC-006996,SMB,2025-08-03,,metered_month_to_month,,active
SUB-0005874,ACC-006997,SMB,2023-03-05,2024-03-05,metered_month_to_month,,churned
SUB-0005875,ACC-006998,SMB,2021-06-19,,metered_month_to_month,,active
SUB-0005876,ACC-006999,SMB,2025-04-09,,metered_month_to_month,,active
SUB-0005877,ACC-007000,SMB,2023-11-06,,metered_month_to_month,,active
SUB-0005878,ACC-007001,SMB,2025-12-11,,metered_month_to_month,,active
SUB-0005879,ACC-007002,SMB,2020-09-24,2023-11-24,metered_month_to_month,,churned
SUB-0005880,ACC-007003,SMB,2024-04-23,2024-06-23,metered_month_to_month,,churned
SUB-0005881,ACC-007004,SMB,2023-10-01,,metered_month_to_month,,active
SUB-0005882,ACC-007005,SMB,2023-07-11,2024-07-11,metered_month_to_month,,churned
SUB-0005883,ACC-007006,SMB,2023-12-14,,metered_month_to_month,,active
SUB-0005884,ACC-007007,SMB,2025-01-09,,metered_month_to_month,,active
SUB-0005885,ACC-007008,SMB,2025-02-14,,metered_month_to_month,,active
SUB-0005886,ACC-007009,SMB,2025-09-05,,metered_month_to_month,,active
SUB-0005887,ACC-007010,SMB,2020-07-20,2021-11-20,metered_month_to_month,,churned
SUB-0005888,ACC-007011,SMB,2023-06-15,2024-12-15,metered_month_to_month,,churned
SUB-0005889,ACC-007012,SMB,2023-11-07,2025-07-07,metered_month_to_month,,churned
SUB-0005890,ACC-007013,SMB,2025-04-19,,metered_month_to_month,,active
SUB-0005891,ACC-007014,SMB,2023-06-13,2023-09-13,metered_month_to_month,,churned
SUB-0005892,ACC-007015,SMB,2023-04-14,2023-12-14,metered_month_to_month,,churned
SUB-0005893,ACC-007016,SMB,2025-01-04,,metered_month_to_month,,active
SUB-0005894,ACC-007017,SMB,2025-07-06,,metered_month_to_month,,active
SUB-0005895,ACC-007018,SMB,2023-11-01,2024-10-01,metered_month_to_month,,churned
SUB-0005896,ACC-007019,SMB,2023-09-25,,metered_month_to_month,,active
SUB-0005897,ACC-007021,SMB,2024-03-11,,metered_month_to_month,,active
SUB-0005898,ACC-007022,SMB,2024-03-11,2024-08-11,metered_month_to_month,,churned
SUB-0005899,ACC-007024,SMB,2025-04-05,2025-09-05,metered_month_to_month,,churned
SUB-0005900,ACC-007025,SMB,2022-02-20,2024-01-20,metered_month_to_month,,churned
SUB-0005901,ACC-007026,SMB,2024-06-19,,metered_month_to_month,,active
SUB-0005902,ACC-007027,SMB,2025-03-24,,metered_month_to_month,,active
SUB-0005903,ACC-007028,SMB,2025-03-09,,metered_month_to_month,,active
SUB-0005904,ACC-007029,SMB,2025-03-20,,metered_month_to_month,,active
SUB-0005905,ACC-007030,SMB,2025-02-12,,metered_month_to_month,,active
SUB-0005906,ACC-007031,SMB,2024-03-28,,metered_month_to_month,,active
SUB-0005907,ACC-007032,SMB,2022-03-11,,metered_month_to_month,,active
SUB-0005908,ACC-007033,SMB,2025-11-02,,metered_month_to_month,,active
SUB-0005909,ACC-007035,SMB,2020-03-29,2022-11-28,metered_month_to_month,,churned
SUB-0005910,ACC-007037,SMB,2022-08-05,2025-03-05,metered_month_to_month,,churned
SUB-0005911,ACC-007038,SMB,2023-01-14,2024-03-14,metered_month_to_month,,churned
SUB-0005912,ACC-007039,SMB,2025-02-17,,metered_month_to_month,,active
SUB-0005913,ACC-007040,SMB,2024-08-25,2025-02-25,metered_month_to_month,,churned
SUB-0005914,ACC-007041,SMB,2024-09-01,2025-03-01,metered_month_to_month,,churned
SUB-0005915,ACC-007042,SMB,2021-05-29,2024-06-28,metered_month_to_month,,churned
SUB-0005916,ACC-007043,SMB,2025-12-01,,metered_month_to_month,,active
SUB-0005917,ACC-007044,SMB,2024-12-16,,metered_month_to_month,,active
SUB-0005918,ACC-007045,SMB,2021-06-11,,metered_month_to_month,,active
SUB-0005919,ACC-007046,SMB,2020-02-15,2024-02-15,metered_month_to_month,,churned
SUB-0005920,ACC-007047,SMB,2024-04-23,2025-02-23,metered_month_to_month,,churned
SUB-0005921,ACC-007048,SMB,2025-12-15,,metered_month_to_month,,active
SUB-0005922,ACC-007049,SMB,2024-05-03,2025-08-03,metered_month_to_month,,churned
SUB-0005923,ACC-007050,SMB,2024-02-05,,metered_month_to_month,,active
SUB-0005924,ACC-007051,SMB,2023-04-18,2024-08-18,metered_month_to_month,,churned
SUB-0005925,ACC-007052,SMB,2021-10-13,,metered_month_to_month,,active
SUB-0005926,ACC-007053,SMB,2023-11-19,,metered_month_to_month,,active
SUB-0005927,ACC-007054,SMB,2025-04-04,,metered_month_to_month,,active
SUB-0005928,ACC-007055,SMB,2020-11-21,2023-04-21,metered_month_to_month,,churned
SUB-0005929,ACC-007056,SMB,2024-05-05,,metered_month_to_month,,active
SUB-0005930,ACC-007058,SMB,2024-08-27,,metered_month_to_month,,active
SUB-0005931,ACC-007059,SMB,2025-05-22,,metered_month_to_month,,active
SUB-0005932,ACC-007060,SMB,2025-06-27,,metered_month_to_month,,active
SUB-0005933,ACC-007061,SMB,2021-09-18,,metered_month_to_month,,active
SUB-0005934,ACC-007062,SMB,2022-12-21,2023-08-21,metered_month_to_month,,churned
SUB-0005935,ACC-007063,SMB,2025-02-26,,metered_month_to_month,,active
SUB-0005936,ACC-007064,SMB,2021-08-06,,metered_month_to_month,,active
SUB-0005937,ACC-007066,SMB,2024-11-06,,metered_month_to_month,,active
SUB-0005938,ACC-007067,SMB,2025-10-15,,metered_month_to_month,,active
SUB-0005939,ACC-007069,SMB,2024-07-08,,metered_month_to_month,,active
SUB-0005940,ACC-007070,SMB,2025-04-04,,metered_month_to_month,,active
SUB-0005941,ACC-007071,SMB,2025-11-16,,metered_month_to_month,,active
SUB-0005942,ACC-007072,SMB,2024-02-21,,metered_month_to_month,,active
SUB-0005943,ACC-007073,SMB,2025-04-22,2025-09-22,metered_month_to_month,,churned
SUB-0005944,ACC-007074,SMB,2025-11-23,,metered_month_to_month,,active
SUB-0005945,ACC-007075,SMB,2023-08-04,2025-04-04,metered_month_to_month,,churned
SUB-0005946,ACC-007076,SMB,2025-11-21,,metered_month_to_month,,active
SUB-0005947,ACC-007078,SMB,2024-04-06,2025-11-06,metered_month_to_month,,churned
SUB-0005948,ACC-007079,SMB,2025-07-11,,metered_month_to_month,,active
SUB-0005949,ACC-007080,SMB,2025-01-15,,metered_month_to_month,,active
SUB-0005950,ACC-007082,SMB,2025-07-07,,metered_month_to_month,,active
SUB-0005951,ACC-007083,SMB,2023-11-09,2024-10-09,metered_month_to_month,,churned
SUB-0005952,ACC-007084,SMB,2023-01-11,,metered_month_to_month,,active
SUB-0005953,ACC-007085,SMB,2024-05-10,,metered_month_to_month,,active
SUB-0005954,ACC-007086,SMB,2021-10-11,,metered_month_to_month,,active
SUB-0005955,ACC-007087,SMB,2022-05-23,,metered_month_to_month,,active
SUB-0005956,ACC-007088,SMB,2022-04-17,2023-02-17,metered_month_to_month,,churned
SUB-0005957,ACC-007089,SMB,2024-03-04,2025-04-04,metered_month_to_month,,churned
SUB-0005958,ACC-007090,SMB,2023-09-13,,metered_month_to_month,,active
SUB-0005959,ACC-007091,SMB,2023-08-18,,metered_month_to_month,,active
SUB-0005960,ACC-007092,SMB,2024-05-17,,metered_month_to_month,,active
SUB-0005961,ACC-007093,SMB,2023-08-18,,metered_month_to_month,,active
SUB-0005962,ACC-007094,SMB,2023-10-25,,metered_month_to_month,,active
SUB-0005963,ACC-007095,SMB,2023-08-07,,metered_month_to_month,,active
SUB-0005964,ACC-007096,SMB,2020-02-09,2020-05-09,metered_month_to_month,,churned
SUB-0005965,ACC-007097,SMB,2023-09-24,2024-12-24,metered_month_to_month,,churned
SUB-0005966,ACC-007098,SMB,2024-07-17,2024-11-17,metered_month_to_month,,churned
SUB-0005967,ACC-007099,SMB,2025-08-04,,metered_month_to_month,,active
SUB-0005968,ACC-007100,SMB,2024-06-12,,metered_month_to_month,,active
SUB-0005969,ACC-007101,SMB,2024-06-08,2025-07-08,metered_month_to_month,,churned
SUB-0005970,ACC-007102,SMB,2024-01-07,,metered_month_to_month,,active
SUB-0005971,ACC-007103,SMB,2024-05-11,,metered_month_to_month,,active
SUB-0005972,ACC-007104,SMB,2025-12-02,,metered_month_to_month,,active
SUB-0005973,ACC-007105,SMB,2025-10-08,,metered_month_to_month,,active
SUB-0005974,ACC-007106,SMB,2022-09-20,2023-06-20,metered_month_to_month,,churned
SUB-0005975,ACC-007107,SMB,2023-09-25,,metered_month_to_month,,active
SUB-0005976,ACC-007108,SMB,2025-12-20,,metered_month_to_month,,active
SUB-0005977,ACC-007109,SMB,2023-09-12,,metered_month_to_month,,active
SUB-0005978,ACC-007110,SMB,2023-05-10,,metered_month_to_month,,active
SUB-0005979,ACC-007111,SMB,2023-10-06,,metered_month_to_month,,active
SUB-0005980,ACC-007112,SMB,2021-11-19,,metered_month_to_month,,active
SUB-0005981,ACC-007113,SMB,2023-08-05,,metered_month_to_month,,active
SUB-0005982,ACC-007114,SMB,2023-08-10,2025-03-10,metered_month_to_month,,churned
SUB-0005983,ACC-007115,SMB,2025-12-05,,metered_month_to_month,,active
SUB-0005984,ACC-007116,SMB,2024-05-09,,metered_month_to_month,,active
SUB-0005985,ACC-007117,SMB,2024-10-10,,metered_month_to_month,,active
SUB-0005986,ACC-007119,SMB,2024-12-21,,metered_month_to_month,,active
SUB-0005987,ACC-007120,SMB,2023-03-26,,metered_month_to_month,,active
SUB-0005988,ACC-007121,SMB,2025-06-20,,metered_month_to_month,,active
SUB-0005989,ACC-007122,SMB,2024-07-03,,metered_month_to_month,,active
SUB-0005990,ACC-007123,SMB,2025-01-24,,metered_month_to_month,,active
SUB-0005991,ACC-007124,SMB,2024-12-26,,metered_month_to_month,,active
SUB-0005992,ACC-007125,SMB,2025-03-11,,metered_month_to_month,,active
SUB-0005993,ACC-007126,SMB,2023-10-12,,metered_month_to_month,,active
SUB-0005994,ACC-007129,SMB,2024-01-12,,metered_month_to_month,,active
SUB-0005995,ACC-007130,SMB,2023-06-27,2025-04-27,metered_month_to_month,,churned
SUB-0005996,ACC-007131,SMB,2025-02-27,,metered_month_to_month,,active
SUB-0005997,ACC-007132,SMB,2025-09-23,,metered_month_to_month,,active
SUB-0005998,ACC-007133,SMB,2023-05-21,2024-12-21,metered_month_to_month,,churned
SUB-0005999,ACC-007134,SMB,2025-04-27,,metered_month_to_month,,active
SUB-0006000,ACC-007135,SMB,2022-07-09,2024-07-09,metered_month_to_month,,churned
SUB-0006001,ACC-007136,SMB,2025-10-09,,metered_month_to_month,,active
SUB-0006002,ACC-007137,SMB,2020-11-04,2024-03-04,metered_month_to_month,,churned
SUB-0006003,ACC-007139,SMB,2022-03-06,2023-09-06,metered_month_to_month,,churned
SUB-0006004,ACC-007140,SMB,2025-12-19,,metered_month_to_month,,active
SUB-0006005,ACC-007141,SMB,2024-02-22,,metered_month_to_month,,active
SUB-0006006,ACC-007142,SMB,2025-04-03,,metered_month_to_month,,active
SUB-0006007,ACC-007143,SMB,2022-07-06,2024-12-06,metered_month_to_month,,churned
SUB-0006008,ACC-007144,SMB,2022-12-31,,metered_month_to_month,,active
SUB-0006009,ACC-007145,SMB,2025-09-17,,metered_month_to_month,,active
SUB-0006010,ACC-007146,SMB,2022-04-10,2022-06-10,metered_month_to_month,,churned
SUB-0006011,ACC-007147,SMB,2024-08-08,,metered_month_to_month,,active
SUB-0006012,ACC-007148,SMB,2024-11-20,,metered_month_to_month,,active
SUB-0006013,ACC-007149,SMB,2024-05-05,,metered_month_to_month,,active
SUB-0006014,ACC-007150,SMB,2020-10-24,,metered_month_to_month,,active
SUB-0006015,ACC-007151,SMB,2025-10-24,,metered_month_to_month,,active
SUB-0006016,ACC-007152,SMB,2022-07-29,2023-08-28,metered_month_to_month,,churned
SUB-0006017,ACC-007153,SMB,2025-12-27,,metered_month_to_month,,active
SUB-0006018,ACC-007154,SMB,2021-01-22,2021-06-22,metered_month_to_month,,churned
SUB-0006019,ACC-007155,SMB,2025-04-02,,metered_month_to_month,,active
SUB-0006020,ACC-007156,SMB,2023-08-28,,metered_month_to_month,,active
SUB-0006021,ACC-007157,SMB,2024-10-17,2025-05-17,metered_month_to_month,,churned
SUB-0006022,ACC-007158,SMB,2023-01-11,,metered_month_to_month,,active
SUB-0006023,ACC-007159,SMB,2024-12-21,,metered_month_to_month,,active
SUB-0006024,ACC-007161,SMB,2025-02-27,,metered_month_to_month,,active
SUB-0006025,ACC-007162,SMB,2024-05-11,2024-11-11,metered_month_to_month,,churned
SUB-0006026,ACC-007163,SMB,2025-03-02,,metered_month_to_month,,active
SUB-0006027,ACC-007164,SMB,2025-04-19,2025-06-19,metered_month_to_month,,churned
SUB-0006028,ACC-007165,SMB,2023-04-18,,metered_month_to_month,,active
SUB-0006029,ACC-007166,SMB,2025-06-21,,metered_month_to_month,,active
SUB-0006030,ACC-007167,SMB,2021-11-12,,metered_month_to_month,,active
SUB-0006031,ACC-007168,SMB,2024-02-11,2024-07-11,metered_month_to_month,,churned
SUB-0006032,ACC-007169,SMB,2025-01-06,,metered_month_to_month,,active
SUB-0006033,ACC-007170,SMB,2025-05-13,,metered_month_to_month,,active
SUB-0006034,ACC-007171,SMB,2021-10-02,,metered_month_to_month,,active
SUB-0006035,ACC-007172,SMB,2025-08-24,,metered_month_to_month,,active
SUB-0006036,ACC-007173,SMB,2025-09-13,,metered_month_to_month,,active
SUB-0006037,ACC-007174,SMB,2025-10-20,,metered_month_to_month,,active
SUB-0006038,ACC-007175,SMB,2024-10-02,,metered_month_to_month,,active
SUB-0006039,ACC-007176,SMB,2024-09-23,,metered_month_to_month,,active
SUB-0006040,ACC-007177,SMB,2020-06-14,,metered_month_to_month,,active
SUB-0006041,ACC-007178,SMB,2025-12-26,,metered_month_to_month,,active
SUB-0006042,ACC-007179,SMB,2023-08-04,2024-04-04,metered_month_to_month,,churned
SUB-0006043,ACC-007181,SMB,2024-02-26,,metered_month_to_month,,active
SUB-0006044,ACC-007182,SMB,2020-06-08,2021-10-08,metered_month_to_month,,churned
SUB-0006045,ACC-007184,SMB,2025-05-10,,metered_month_to_month,,active
SUB-0006046,ACC-007185,SMB,2025-01-25,,metered_month_to_month,,active
SUB-0006047,ACC-007186,SMB,2024-03-08,2025-02-08,metered_month_to_month,,churned
SUB-0006048,ACC-007187,SMB,2022-09-10,,metered_month_to_month,,active
SUB-0006049,ACC-007190,SMB,2025-08-20,,metered_month_to_month,,active
SUB-0006050,ACC-007191,SMB,2025-03-22,,metered_month_to_month,,active
SUB-0006051,ACC-007192,SMB,2023-11-12,,metered_month_to_month,,active
SUB-0006052,ACC-007193,SMB,2025-12-19,,metered_month_to_month,,active
SUB-0006053,ACC-007194,SMB,2023-10-10,,metered_month_to_month,,active
SUB-0006054,ACC-007195,SMB,2020-02-05,2020-04-05,metered_month_to_month,,churned
SUB-0006055,ACC-007196,SMB,2025-10-06,,metered_month_to_month,,active
SUB-0006056,ACC-007197,SMB,2025-06-25,,metered_month_to_month,,active
SUB-0006057,ACC-007198,SMB,2025-09-22,,metered_month_to_month,,active
SUB-0006058,ACC-007200,SMB,2025-09-28,,metered_month_to_month,,active
SUB-0006059,ACC-007201,SMB,2025-10-07,,metered_month_to_month,,active
SUB-0006060,ACC-007202,SMB,2024-09-09,,metered_month_to_month,,active
SUB-0006061,ACC-007203,SMB,2023-04-01,2023-08-01,metered_month_to_month,,churned
SUB-0006062,ACC-007204,SMB,2025-06-26,,metered_month_to_month,,active
SUB-0006063,ACC-007205,SMB,2023-05-03,2025-03-03,metered_month_to_month,,churned
SUB-0006064,ACC-007206,SMB,2023-01-27,2024-02-27,metered_month_to_month,,churned
SUB-0006065,ACC-007207,SMB,2024-02-14,,metered_month_to_month,,active
SUB-0006066,ACC-007208,SMB,2023-09-19,,metered_month_to_month,,active
SUB-0006067,ACC-007210,SMB,2024-09-22,,metered_month_to_month,,active
SUB-0006068,ACC-007212,SMB,2025-07-21,,metered_month_to_month,,active
SUB-0006069,ACC-007213,SMB,2023-04-22,,metered_month_to_month,,active
SUB-0006070,ACC-007214,SMB,2025-05-24,,metered_month_to_month,,active
SUB-0006071,ACC-007216,SMB,2025-01-20,2025-08-20,metered_month_to_month,,churned
SUB-0006072,ACC-007217,SMB,2025-04-04,,metered_month_to_month,,active
SUB-0006073,ACC-007218,SMB,2021-03-09,2022-01-09,metered_month_to_month,,churned
SUB-0006074,ACC-007219,SMB,2025-02-27,,metered_month_to_month,,active
SUB-0006075,ACC-007220,SMB,2020-07-21,,metered_month_to_month,,active
SUB-0006076,ACC-007221,SMB,2025-11-01,,metered_month_to_month,,active
SUB-0006077,ACC-007222,SMB,2025-09-19,,metered_month_to_month,,active
SUB-0006078,ACC-007223,SMB,2023-01-14,2023-12-14,metered_month_to_month,,churned
SUB-0006079,ACC-007224,SMB,2020-02-05,2022-08-05,metered_month_to_month,,churned
SUB-0006080,ACC-007226,SMB,2024-04-04,2024-09-04,metered_month_to_month,,churned
SUB-0006081,ACC-007229,SMB,2025-07-07,,metered_month_to_month,,active
SUB-0006082,ACC-007230,SMB,2024-11-03,,metered_month_to_month,,active
SUB-0006083,ACC-007231,SMB,2025-12-02,,metered_month_to_month,,active
SUB-0006084,ACC-007232,SMB,2025-12-04,,metered_month_to_month,,active
SUB-0006085,ACC-007233,SMB,2024-01-27,,metered_month_to_month,,active
SUB-0006086,ACC-007234,SMB,2025-10-25,,metered_month_to_month,,active
SUB-0006087,ACC-007235,SMB,2025-08-10,,metered_month_to_month,,active
SUB-0006088,ACC-007236,SMB,2024-01-15,,metered_month_to_month,,active
SUB-0006089,ACC-007237,SMB,2021-03-20,,metered_month_to_month,,active
SUB-0006090,ACC-007238,SMB,2022-10-16,,metered_month_to_month,,active
SUB-0006091,ACC-007239,SMB,2023-10-10,,metered_month_to_month,,active
SUB-0006092,ACC-007240,SMB,2023-07-14,2024-12-14,metered_month_to_month,,churned
SUB-0006093,ACC-007241,SMB,2020-11-15,,metered_month_to_month,,active
SUB-0006094,ACC-007242,SMB,2024-07-16,,metered_month_to_month,,active
SUB-0006095,ACC-007243,SMB,2024-11-07,,metered_month_to_month,,active
SUB-0006096,ACC-007244,SMB,2025-07-16,,metered_month_to_month,,active
SUB-0006097,ACC-007245,SMB,2021-07-19,2023-02-19,metered_month_to_month,,churned
SUB-0006098,ACC-007246,SMB,2025-02-21,,metered_month_to_month,,active
SUB-0006099,ACC-007247,SMB,2025-03-10,2025-11-10,metered_month_to_month,,churned
SUB-0006100,ACC-007248,SMB,2020-05-18,2020-09-18,metered_month_to_month,,churned
SUB-0006101,ACC-007249,SMB,2025-06-17,,metered_month_to_month,,active
SUB-0006102,ACC-007251,SMB,2025-05-25,,metered_month_to_month,,active
SUB-0006103,ACC-007253,SMB,2020-09-07,2024-12-07,metered_month_to_month,,churned
SUB-0006104,ACC-007254,SMB,2023-09-05,,metered_month_to_month,,active
SUB-0006105,ACC-007255,SMB,2024-12-09,,metered_month_to_month,,active
SUB-0006106,ACC-007256,SMB,2023-12-04,,metered_month_to_month,,active
SUB-0006107,ACC-007257,SMB,2024-11-24,2025-03-24,metered_month_to_month,,churned
SUB-0006108,ACC-007258,SMB,2020-05-25,2024-01-25,metered_month_to_month,,churned
SUB-0006109,ACC-007259,SMB,2025-11-21,,metered_month_to_month,,active
SUB-0006110,ACC-007260,SMB,2020-02-06,2021-07-06,metered_month_to_month,,churned
SUB-0006111,ACC-007262,SMB,2023-04-25,,metered_month_to_month,,active
SUB-0006112,ACC-007263,SMB,2025-02-02,,metered_month_to_month,,active
SUB-0006113,ACC-007264,SMB,2024-08-26,2025-06-26,metered_month_to_month,,churned
SUB-0006114,ACC-007265,SMB,2022-03-03,2023-03-03,metered_month_to_month,,churned
SUB-0006115,ACC-007266,SMB,2023-06-09,2025-11-09,metered_month_to_month,,churned
SUB-0006116,ACC-007267,SMB,2022-08-15,,metered_month_to_month,,active
SUB-0006117,ACC-007268,SMB,2024-06-01,,metered_month_to_month,,active
SUB-0006118,ACC-007269,SMB,2024-05-22,,metered_month_to_month,,active
SUB-0006119,ACC-007270,SMB,2021-06-18,2022-01-18,metered_month_to_month,,churned
SUB-0006120,ACC-007271,SMB,2023-11-17,,metered_month_to_month,,active
SUB-0006121,ACC-007272,SMB,2025-06-21,,metered_month_to_month,,active
SUB-0006122,ACC-007273,SMB,2023-08-02,,metered_month_to_month,,active
SUB-0006123,ACC-007275,SMB,2021-06-21,2024-09-21,metered_month_to_month,,churned
SUB-0006124,ACC-007276,SMB,2023-11-28,,metered_month_to_month,,active
SUB-0006125,ACC-007277,SMB,2025-08-20,,metered_month_to_month,,active
SUB-0006126,ACC-007278,SMB,2023-02-17,,metered_month_to_month,,active
SUB-0006127,ACC-007279,SMB,2025-11-01,,metered_month_to_month,,active
SUB-0006128,ACC-007280,SMB,2025-05-07,,metered_month_to_month,,active
SUB-0006129,ACC-007281,SMB,2025-11-20,,metered_month_to_month,,active
SUB-0006130,ACC-007282,SMB,2022-03-01,,metered_month_to_month,,active
SUB-0006131,ACC-007283,SMB,2023-02-09,2023-11-09,metered_month_to_month,,churned
SUB-0006132,ACC-007284,SMB,2021-12-26,2025-05-26,metered_month_to_month,,churned
SUB-0006133,ACC-007285,SMB,2023-11-14,,metered_month_to_month,,active
SUB-0006134,ACC-007286,SMB,2025-04-19,,metered_month_to_month,,active
SUB-0006135,ACC-007287,SMB,2025-02-12,,metered_month_to_month,,active
SUB-0006136,ACC-007288,SMB,2025-10-08,,metered_month_to_month,,active
SUB-0006137,ACC-007289,SMB,2023-07-19,,metered_month_to_month,,active
SUB-0006138,ACC-007290,SMB,2021-05-02,2022-02-02,metered_month_to_month,,churned
SUB-0006139,ACC-007291,SMB,2025-06-22,2025-08-22,metered_month_to_month,,churned
SUB-0006140,ACC-007292,SMB,2025-12-15,,metered_month_to_month,,active
SUB-0006141,ACC-007293,SMB,2023-02-02,2024-04-02,metered_month_to_month,,churned
SUB-0006142,ACC-007294,SMB,2020-06-11,2020-11-11,metered_month_to_month,,churned
SUB-0006143,ACC-007296,SMB,2024-09-12,,metered_month_to_month,,active
SUB-0006144,ACC-007298,SMB,2025-05-22,,metered_month_to_month,,active
SUB-0006145,ACC-007299,SMB,2024-12-10,,metered_month_to_month,,active
SUB-0006146,ACC-007300,SMB,2025-10-17,,metered_month_to_month,,active
SUB-0006147,ACC-007303,SMB,2025-10-10,,metered_month_to_month,,active
SUB-0006148,ACC-007304,SMB,2025-04-28,,metered_month_to_month,,active
SUB-0006149,ACC-007306,SMB,2023-12-24,2024-11-24,metered_month_to_month,,churned
SUB-0006150,ACC-007307,SMB,2021-04-25,2023-03-25,metered_month_to_month,,churned
SUB-0006151,ACC-007308,SMB,2025-11-04,,metered_month_to_month,,active
SUB-0006152,ACC-007309,SMB,2021-09-18,,metered_month_to_month,,active
SUB-0006153,ACC-007310,SMB,2023-09-20,2024-01-20,metered_month_to_month,,churned
SUB-0006154,ACC-007311,SMB,2025-07-14,,metered_month_to_month,,active
SUB-0006155,ACC-007312,SMB,2025-03-16,,metered_month_to_month,,active
SUB-0006156,ACC-007313,SMB,2025-07-03,,metered_month_to_month,,active
SUB-0006157,ACC-007314,SMB,2025-06-27,,metered_month_to_month,,active
SUB-0006158,ACC-007315,SMB,2023-06-21,2023-12-21,metered_month_to_month,,churned
SUB-0006159,ACC-007316,SMB,2024-03-22,,metered_month_to_month,,active
SUB-0006160,ACC-007317,SMB,2025-02-22,,metered_month_to_month,,active
SUB-0006161,ACC-007318,SMB,2025-02-01,,metered_month_to_month,,active
SUB-0006162,ACC-007319,SMB,2025-08-13,,metered_month_to_month,,active
SUB-0006163,ACC-007321,SMB,2022-03-04,,metered_month_to_month,,active
SUB-0006164,ACC-007322,SMB,2024-02-20,2025-04-20,metered_month_to_month,,churned
SUB-0006165,ACC-007324,SMB,2024-08-23,,metered_month_to_month,,active
SUB-0006166,ACC-007325,SMB,2023-11-24,,metered_month_to_month,,active
SUB-0006167,ACC-007326,SMB,2023-07-21,2024-02-21,metered_month_to_month,,churned
SUB-0006168,ACC-007328,SMB,2023-05-14,2024-04-14,metered_month_to_month,,churned
SUB-0006169,ACC-007329,SMB,2024-07-07,2024-11-07,metered_month_to_month,,churned
SUB-0006170,ACC-007331,SMB,2025-11-19,,metered_month_to_month,,active
SUB-0006171,ACC-007332,SMB,2020-08-04,,metered_month_to_month,,active
SUB-0006172,ACC-007333,SMB,2022-04-28,,metered_month_to_month,,active
SUB-0006173,ACC-007334,SMB,2025-12-12,,metered_month_to_month,,active
SUB-0006174,ACC-007335,SMB,2024-01-22,2025-07-22,metered_month_to_month,,churned
SUB-0006175,ACC-007336,SMB,2025-03-08,,metered_month_to_month,,active
SUB-0006176,ACC-007337,SMB,2023-05-22,2025-06-22,metered_month_to_month,,churned
SUB-0006177,ACC-007338,SMB,2021-07-25,2023-10-25,metered_month_to_month,,churned
SUB-0006178,ACC-007339,SMB,2023-12-22,,metered_month_to_month,,active
SUB-0006179,ACC-007340,SMB,2021-09-04,,metered_month_to_month,,active
SUB-0006180,ACC-007341,SMB,2022-04-01,,metered_month_to_month,,active
SUB-0006181,ACC-007342,SMB,2025-10-01,,metered_month_to_month,,active
SUB-0006182,ACC-007343,SMB,2025-10-11,,metered_month_to_month,,active
SUB-0006183,ACC-007344,SMB,2024-09-23,,metered_month_to_month,,active
SUB-0006184,ACC-007345,SMB,2025-12-11,,metered_month_to_month,,active
SUB-0006185,ACC-007346,SMB,2025-07-10,,metered_month_to_month,,active
SUB-0006186,ACC-007347,SMB,2023-06-09,,metered_month_to_month,,active
SUB-0006187,ACC-007349,SMB,2025-12-12,,metered_month_to_month,,active
SUB-0006188,ACC-007350,SMB,2021-12-04,,metered_month_to_month,,active
SUB-0006189,ACC-007351,SMB,2025-04-15,,metered_month_to_month,,active
SUB-0006190,ACC-007352,SMB,2025-11-09,,metered_month_to_month,,active
SUB-0006191,ACC-007353,SMB,2022-08-17,2023-02-17,metered_month_to_month,,churned
SUB-0006192,ACC-007354,SMB,2024-11-23,,metered_month_to_month,,active
SUB-0006193,ACC-007355,SMB,2025-07-16,,metered_month_to_month,,active
SUB-0006194,ACC-007356,SMB,2024-02-15,,metered_month_to_month,,active
SUB-0006195,ACC-007357,SMB,2025-10-23,,metered_month_to_month,,active
SUB-0006196,ACC-007359,SMB,2024-01-17,,metered_month_to_month,,active
SUB-0006197,ACC-007360,SMB,2021-05-07,2023-11-07,metered_month_to_month,,churned
SUB-0006198,ACC-007361,SMB,2025-04-04,,metered_month_to_month,,active
SUB-0006199,ACC-007362,SMB,2025-03-11,,metered_month_to_month,,active
SUB-0006200,ACC-007363,SMB,2024-09-19,,metered_month_to_month,,active
SUB-0006201,ACC-007364,SMB,2025-07-16,,metered_month_to_month,,active
SUB-0006202,ACC-007365,SMB,2023-07-27,2024-12-27,metered_month_to_month,,churned
SUB-0006203,ACC-007366,SMB,2025-09-12,,metered_month_to_month,,active
SUB-0006204,ACC-007367,SMB,2020-06-21,2023-02-21,metered_month_to_month,,churned
SUB-0006205,ACC-007368,SMB,2024-08-05,,metered_month_to_month,,active
SUB-0006206,ACC-007369,SMB,2021-01-23,,metered_month_to_month,,active
SUB-0006207,ACC-007370,SMB,2023-05-04,2023-12-04,metered_month_to_month,,churned
SUB-0006208,ACC-007371,SMB,2021-10-19,,metered_month_to_month,,active
SUB-0006209,ACC-007372,SMB,2025-02-05,,metered_month_to_month,,active
SUB-0006210,ACC-007373,SMB,2024-02-15,,metered_month_to_month,,active
SUB-0006211,ACC-007374,SMB,2024-09-20,,metered_month_to_month,,active
SUB-0006212,ACC-007375,SMB,2021-04-03,,metered_month_to_month,,active
SUB-0006213,ACC-007377,SMB,2025-12-24,,metered_month_to_month,,active
SUB-0006214,ACC-007378,SMB,2020-10-23,2023-11-23,metered_month_to_month,,churned
SUB-0006215,ACC-007380,SMB,2025-08-01,,metered_month_to_month,,active
SUB-0006216,ACC-007381,SMB,2023-06-24,,metered_month_to_month,,active
SUB-0006217,ACC-007383,SMB,2024-12-19,,metered_month_to_month,,active
SUB-0006218,ACC-007384,SMB,2025-04-23,,metered_month_to_month,,active
SUB-0006219,ACC-007385,SMB,2023-10-22,,metered_month_to_month,,active
SUB-0006220,ACC-007386,SMB,2023-01-15,,metered_month_to_month,,active
SUB-0006221,ACC-007387,SMB,2024-05-17,,metered_month_to_month,,active
SUB-0006222,ACC-007389,SMB,2025-06-09,,metered_month_to_month,,active
SUB-0006223,ACC-007390,SMB,2021-08-03,,metered_month_to_month,,active
SUB-0006224,ACC-007391,SMB,2025-08-01,,metered_month_to_month,,active
SUB-0006225,ACC-007392,SMB,2024-01-02,,metered_month_to_month,,active
SUB-0006226,ACC-007393,SMB,2024-07-18,,metered_month_to_month,,active
SUB-0006227,ACC-007394,SMB,2025-07-04,,metered_month_to_month,,active
SUB-0006228,ACC-007395,SMB,2025-02-14,,metered_month_to_month,,active
SUB-0006229,ACC-007396,SMB,2022-12-03,,metered_month_to_month,,active
SUB-0006230,ACC-007397,SMB,2024-01-12,,metered_month_to_month,,active
SUB-0006231,ACC-007398,SMB,2022-06-27,2022-12-27,metered_month_to_month,,churned
SUB-0006232,ACC-007399,SMB,2024-01-04,2024-06-04,metered_month_to_month,,churned
SUB-0006233,ACC-007400,SMB,2025-12-06,,metered_month_to_month,,active
SUB-0006234,ACC-007401,SMB,2024-09-27,,metered_month_to_month,,active
SUB-0006235,ACC-007402,SMB,2023-09-19,2023-12-19,metered_month_to_month,,churned
SUB-0006236,ACC-007403,SMB,2024-03-10,2025-09-10,metered_month_to_month,,churned
SUB-0006237,ACC-007404,SMB,2024-12-11,,metered_month_to_month,,active
SUB-0006238,ACC-007405,SMB,2025-12-01,,metered_month_to_month,,active
SUB-0006239,ACC-007406,SMB,2025-12-03,,metered_month_to_month,,active
SUB-0006240,ACC-007407,SMB,2025-02-12,,metered_month_to_month,,active
SUB-0006241,ACC-007408,SMB,2024-08-22,,metered_month_to_month,,active
SUB-0006242,ACC-007409,SMB,2025-10-13,,metered_month_to_month,,active
SUB-0006243,ACC-007410,SMB,2020-05-12,2022-11-12,metered_month_to_month,,churned
SUB-0006244,ACC-007411,SMB,2024-07-26,,metered_month_to_month,,active
SUB-0006245,ACC-007413,SMB,2024-09-09,,metered_month_to_month,,active
SUB-0006246,ACC-007414,SMB,2020-05-23,2020-08-23,metered_month_to_month,,churned
SUB-0006247,ACC-007415,SMB,2023-11-21,,metered_month_to_month,,active
SUB-0006248,ACC-007416,SMB,2023-09-10,,metered_month_to_month,,active
SUB-0006249,ACC-007418,SMB,2024-06-15,,metered_month_to_month,,active
SUB-0006250,ACC-007420,SMB,2025-06-05,,metered_month_to_month,,active
SUB-0006251,ACC-007421,SMB,2025-04-11,,metered_month_to_month,,active
SUB-0006252,ACC-007422,SMB,2022-05-28,2025-04-28,metered_month_to_month,,churned
SUB-0006253,ACC-007424,SMB,2025-09-12,,metered_month_to_month,,active
SUB-0006254,ACC-007425,SMB,2025-01-15,2025-06-15,metered_month_to_month,,churned
SUB-0006255,ACC-007426,SMB,2024-12-21,,metered_month_to_month,,active
SUB-0006256,ACC-007427,SMB,2023-08-26,,metered_month_to_month,,active
SUB-0006257,ACC-007428,SMB,2022-02-05,2022-12-05,metered_month_to_month,,churned
SUB-0006258,ACC-007429,SMB,2025-09-16,,metered_month_to_month,,active
SUB-0006259,ACC-007430,SMB,2020-09-02,2023-09-02,metered_month_to_month,,churned
SUB-0006260,ACC-007431,SMB,2020-12-16,2021-04-16,metered_month_to_month,,churned
SUB-0006261,ACC-007432,SMB,2023-03-13,,metered_month_to_month,,active
SUB-0006262,ACC-007433,SMB,2023-05-04,,metered_month_to_month,,active
SUB-0006263,ACC-007434,SMB,2025-07-15,,metered_month_to_month,,active
SUB-0006264,ACC-007435,SMB,2025-03-24,,metered_month_to_month,,active
SUB-0006265,ACC-007436,SMB,2024-10-02,2025-10-02,metered_month_to_month,,churned
SUB-0006266,ACC-007437,SMB,2025-08-14,,metered_month_to_month,,active
SUB-0006267,ACC-007438,SMB,2024-08-13,,metered_month_to_month,,active
SUB-0006268,ACC-007439,SMB,2025-08-07,,metered_month_to_month,,active
SUB-0006269,ACC-007440,SMB,2023-09-09,2025-08-09,metered_month_to_month,,churned
SUB-0006270,ACC-007441,SMB,2025-01-15,,metered_month_to_month,,active
SUB-0006271,ACC-007442,SMB,2021-07-06,2023-01-06,metered_month_to_month,,churned
SUB-0006272,ACC-007443,SMB,2023-10-28,2023-12-28,metered_month_to_month,,churned
SUB-0006273,ACC-007444,SMB,2025-09-13,,metered_month_to_month,,active
SUB-0006274,ACC-007445,SMB,2025-04-27,,metered_month_to_month,,active
SUB-0006275,ACC-007446,SMB,2025-12-26,,metered_month_to_month,,active
SUB-0006276,ACC-007447,SMB,2020-09-11,,metered_month_to_month,,active
SUB-0006277,ACC-007448,SMB,2024-05-18,,metered_month_to_month,,active
SUB-0006278,ACC-007450,SMB,2025-06-17,,metered_month_to_month,,active
SUB-0006279,ACC-007451,SMB,2025-08-19,,metered_month_to_month,,active
SUB-0006280,ACC-007452,SMB,2023-12-06,,metered_month_to_month,,active
SUB-0006281,ACC-007453,SMB,2025-05-21,,metered_month_to_month,,active
SUB-0006282,ACC-007454,SMB,2024-06-18,2024-10-18,metered_month_to_month,,churned
SUB-0006283,ACC-007455,SMB,2025-05-18,,metered_month_to_month,,active
SUB-0006284,ACC-007456,SMB,2024-04-21,,metered_month_to_month,,active
SUB-0006285,ACC-007457,SMB,2023-04-10,,metered_month_to_month,,active
SUB-0006286,ACC-007459,SMB,2025-04-02,,metered_month_to_month,,active
SUB-0006287,ACC-007460,SMB,2025-01-24,,metered_month_to_month,,active
SUB-0006288,ACC-007461,SMB,2024-03-27,,metered_month_to_month,,active
SUB-0006289,ACC-007462,SMB,2024-10-17,2025-11-17,metered_month_to_month,,churned
SUB-0006290,ACC-007464,SMB,2025-10-11,,metered_month_to_month,,active
SUB-0006291,ACC-007465,SMB,2021-08-21,,metered_month_to_month,,active
SUB-0006292,ACC-007466,SMB,2024-07-03,,metered_month_to_month,,active
SUB-0006293,ACC-007467,SMB,2025-02-23,,metered_month_to_month,,active
SUB-0006294,ACC-007468,SMB,2024-03-03,,metered_month_to_month,,active
SUB-0006295,ACC-007469,SMB,2025-09-15,,metered_month_to_month,,active
SUB-0006296,ACC-007470,SMB,2020-02-05,,metered_month_to_month,,active
SUB-0006297,ACC-007471,SMB,2025-10-13,,metered_month_to_month,,active
SUB-0006298,ACC-007473,SMB,2025-08-21,,metered_month_to_month,,active
SUB-0006299,ACC-007474,SMB,2023-04-12,,metered_month_to_month,,active
SUB-0006300,ACC-007476,SMB,2025-12-27,,metered_month_to_month,,active
SUB-0006301,ACC-007477,SMB,2025-09-11,,metered_month_to_month,,active
SUB-0006302,ACC-007478,SMB,2024-04-11,2024-09-11,metered_month_to_month,,churned
SUB-0006303,ACC-007479,SMB,2024-03-23,2024-05-23,metered_month_to_month,,churned
SUB-0006304,ACC-007480,SMB,2020-06-10,,metered_month_to_month,,active
SUB-0006305,ACC-007481,SMB,2023-08-12,2025-07-12,metered_month_to_month,,churned
SUB-0006306,ACC-007482,SMB,2025-04-18,,metered_month_to_month,,active
SUB-0006307,ACC-007483,SMB,2024-07-06,,metered_month_to_month,,active
SUB-0006308,ACC-007484,SMB,2025-03-28,,metered_month_to_month,,active
SUB-0006309,ACC-007485,SMB,2023-08-10,,metered_month_to_month,,active
SUB-0006310,ACC-007486,SMB,2025-06-04,2025-08-04,metered_month_to_month,,churned
SUB-0006311,ACC-007487,SMB,2024-06-09,,metered_month_to_month,,active
SUB-0006312,ACC-007489,SMB,2020-11-13,2022-01-13,metered_month_to_month,,churned
SUB-0006313,ACC-007490,SMB,2023-04-24,,metered_month_to_month,,active
SUB-0006314,ACC-007491,SMB,2024-05-19,2025-03-19,metered_month_to_month,,churned
SUB-0006315,ACC-007492,SMB,2025-07-23,,metered_month_to_month,,active
SUB-0006316,ACC-007494,SMB,2025-07-15,,metered_month_to_month,,active
SUB-0006317,ACC-007495,SMB,2020-04-11,2025-08-11,metered_month_to_month,,churned
SUB-0006318,ACC-007496,SMB,2024-09-18,,metered_month_to_month,,active
SUB-0006319,ACC-007498,SMB,2025-07-03,,metered_month_to_month,,active
SUB-0006320,ACC-007499,SMB,2023-08-13,,metered_month_to_month,,active
SUB-0006321,ACC-007500,SMB,2022-05-13,,metered_month_to_month,,active
SUB-0006322,ACC-007502,SMB,2025-09-07,,metered_month_to_month,,active
SUB-0006323,ACC-007503,SMB,2023-06-14,,metered_month_to_month,,active
SUB-0006324,ACC-007504,SMB,2025-08-23,,metered_month_to_month,,active
SUB-0006325,ACC-007505,SMB,2024-01-18,2025-05-18,metered_month_to_month,,churned
SUB-0006326,ACC-007507,SMB,2025-05-02,,metered_month_to_month,,active
SUB-0006327,ACC-007509,SMB,2025-11-18,,metered_month_to_month,,active
SUB-0006328,ACC-007510,SMB,2025-12-22,,metered_month_to_month,,active
SUB-0006329,ACC-007511,SMB,2025-04-08,2025-07-08,metered_month_to_month,,churned
SUB-0006330,ACC-007512,SMB,2023-04-02,2025-09-02,metered_month_to_month,,churned
SUB-0006331,ACC-007513,SMB,2023-02-26,2025-09-26,metered_month_to_month,,churned
SUB-0006332,ACC-007514,SMB,2025-07-24,,metered_month_to_month,,active
SUB-0006333,ACC-007515,SMB,2024-10-06,,metered_month_to_month,,active
SUB-0006334,ACC-007516,SMB,2024-11-08,,metered_month_to_month,,active
SUB-0006335,ACC-007517,SMB,2020-01-21,,metered_month_to_month,,active
SUB-0006336,ACC-007518,SMB,2025-12-18,,metered_month_to_month,,active
SUB-0006337,ACC-007519,SMB,2023-01-21,2024-12-21,metered_month_to_month,,churned
SUB-0006338,ACC-007520,SMB,2025-02-11,,metered_month_to_month,,active
SUB-0006339,ACC-007521,SMB,2024-04-19,,metered_month_to_month,,active
SUB-0006340,ACC-007522,SMB,2021-04-18,2021-12-18,metered_month_to_month,,churned
SUB-0006341,ACC-007523,SMB,2025-01-09,,metered_month_to_month,,active
SUB-0006342,ACC-007525,SMB,2023-11-22,2025-10-22,metered_month_to_month,,churned
SUB-0006343,ACC-007526,SMB,2025-03-17,,metered_month_to_month,,active
SUB-0006344,ACC-007527,SMB,2025-12-25,,metered_month_to_month,,active
SUB-0006345,ACC-007528,SMB,2021-10-26,2022-02-26,metered_month_to_month,,churned
SUB-0006346,ACC-007529,SMB,2023-09-10,,metered_month_to_month,,active
SUB-0006347,ACC-007530,SMB,2021-08-22,2021-12-22,metered_month_to_month,,churned
SUB-0006348,ACC-007531,SMB,2024-05-13,,metered_month_to_month,,active
SUB-0006349,ACC-007532,SMB,2021-07-06,2023-04-06,metered_month_to_month,,churned
SUB-0006350,ACC-007534,SMB,2024-02-10,2024-10-10,metered_month_to_month,,churned
SUB-0006351,ACC-007535,SMB,2020-03-28,2021-07-28,metered_month_to_month,,churned
SUB-0006352,ACC-007536,SMB,2025-12-17,,metered_month_to_month,,active
SUB-0006353,ACC-007537,SMB,2025-10-25,,metered_month_to_month,,active
SUB-0006354,ACC-007538,SMB,2025-03-13,2025-06-13,metered_month_to_month,,churned
SUB-0006355,ACC-007540,SMB,2020-06-17,,metered_month_to_month,,active
SUB-0006356,ACC-007541,SMB,2025-12-02,,metered_month_to_month,,active
SUB-0006357,ACC-007542,SMB,2021-01-17,,metered_month_to_month,,active
SUB-0006358,ACC-007543,SMB,2024-05-21,,metered_month_to_month,,active
SUB-0006359,ACC-007544,SMB,2024-01-09,,metered_month_to_month,,active
SUB-0006360,ACC-007546,SMB,2025-04-03,2025-10-03,metered_month_to_month,,churned
SUB-0006361,ACC-007547,SMB,2023-08-27,,metered_month_to_month,,active
SUB-0006362,ACC-007548,SMB,2025-09-22,,metered_month_to_month,,active
SUB-0006363,ACC-007549,SMB,2025-12-06,,metered_month_to_month,,active
SUB-0006364,ACC-007550,SMB,2022-06-11,,metered_month_to_month,,active
SUB-0006365,ACC-007551,SMB,2025-07-25,,metered_month_to_month,,active
SUB-0006366,ACC-007552,SMB,2024-07-10,2025-04-10,metered_month_to_month,,churned
SUB-0006367,ACC-007553,SMB,2020-10-22,,metered_month_to_month,,active
SUB-0006368,ACC-007554,SMB,2023-07-02,2025-01-02,metered_month_to_month,,churned
SUB-0006369,ACC-007555,SMB,2024-08-02,,metered_month_to_month,,active
SUB-0006370,ACC-007556,SMB,2025-11-16,,metered_month_to_month,,active
SUB-0006371,ACC-007557,SMB,2025-07-01,,metered_month_to_month,,active
SUB-0006372,ACC-007558,SMB,2024-12-12,,metered_month_to_month,,active
SUB-0006373,ACC-007559,SMB,2025-12-14,,metered_month_to_month,,active
SUB-0006374,ACC-007560,SMB,2025-03-05,,metered_month_to_month,,active
SUB-0006375,ACC-007561,SMB,2022-07-07,2025-02-07,metered_month_to_month,,churned
SUB-0006376,ACC-007562,SMB,2025-04-09,,metered_month_to_month,,active
SUB-0006377,ACC-007564,SMB,2025-10-07,,metered_month_to_month,,active
SUB-0006378,ACC-007565,SMB,2025-09-18,,metered_month_to_month,,active
SUB-0006379,ACC-007566,SMB,2020-11-17,2021-01-17,metered_month_to_month,,churned
SUB-0006380,ACC-007567,SMB,2023-11-21,,metered_month_to_month,,active
SUB-0006381,ACC-007568,SMB,2023-01-26,2024-09-26,metered_month_to_month,,churned
SUB-0006382,ACC-007569,SMB,2024-12-27,,metered_month_to_month,,active
SUB-0006383,ACC-007570,SMB,2020-04-28,,metered_month_to_month,,active
SUB-0006384,ACC-007571,SMB,2025-09-15,,metered_month_to_month,,active
SUB-0006385,ACC-007572,SMB,2020-12-05,2022-04-05,metered_month_to_month,,churned
SUB-0006386,ACC-007573,SMB,2025-11-05,,metered_month_to_month,,active
SUB-0006387,ACC-007574,SMB,2023-07-13,,metered_month_to_month,,active
SUB-0006388,ACC-007575,SMB,2025-04-26,,metered_month_to_month,,active
SUB-0006389,ACC-007576,SMB,2023-08-16,,metered_month_to_month,,active
SUB-0006390,ACC-007577,SMB,2024-12-26,,metered_month_to_month,,active
SUB-0006391,ACC-007578,SMB,2025-04-26,,metered_month_to_month,,active
SUB-0006392,ACC-007579,SMB,2023-11-01,,metered_month_to_month,,active
SUB-0006393,ACC-007580,SMB,2022-09-13,2025-06-13,metered_month_to_month,,churned
SUB-0006394,ACC-007581,SMB,2025-02-21,,metered_month_to_month,,active
SUB-0006395,ACC-007583,SMB,2020-08-14,,metered_month_to_month,,active
SUB-0006396,ACC-007584,SMB,2021-09-09,,metered_month_to_month,,active
SUB-0006397,ACC-007585,SMB,2025-12-18,,metered_month_to_month,,active
SUB-0006398,ACC-007586,SMB,2025-09-08,,metered_month_to_month,,active
SUB-0006399,ACC-007588,SMB,2024-09-20,,metered_month_to_month,,active
SUB-0006400,ACC-007589,SMB,2023-06-13,,metered_month_to_month,,active
SUB-0006401,ACC-007590,SMB,2021-03-31,2024-10-28,metered_month_to_month,,churned
SUB-0006402,ACC-007591,SMB,2022-07-05,2023-11-05,metered_month_to_month,,churned
SUB-0006403,ACC-007592,SMB,2024-02-10,,metered_month_to_month,,active
SUB-0006404,ACC-007593,SMB,2025-08-03,,metered_month_to_month,,active
SUB-0006405,ACC-007594,SMB,2023-06-07,,metered_month_to_month,,active
SUB-0006406,ACC-007595,SMB,2024-11-07,,metered_month_to_month,,active
SUB-0006407,ACC-007596,SMB,2024-12-20,,metered_month_to_month,,active
SUB-0006408,ACC-007597,SMB,2024-08-27,,metered_month_to_month,,active
SUB-0006409,ACC-007598,SMB,2022-01-12,2023-10-12,metered_month_to_month,,churned
SUB-0006410,ACC-007599,SMB,2024-03-17,,metered_month_to_month,,active
SUB-0006411,ACC-007600,SMB,2020-01-07,,metered_month_to_month,,active
SUB-0006412,ACC-007601,SMB,2020-07-05,,metered_month_to_month,,active
SUB-0006413,ACC-007602,SMB,2025-04-13,2025-09-13,metered_month_to_month,,churned
SUB-0006414,ACC-007603,SMB,2021-04-28,,metered_month_to_month,,active
SUB-0006415,ACC-007604,SMB,2020-10-15,2025-10-15,metered_month_to_month,,churned
SUB-0006416,ACC-007605,SMB,2024-06-07,2025-05-07,metered_month_to_month,,churned
SUB-0006417,ACC-007606,SMB,2022-11-24,,metered_month_to_month,,active
SUB-0006418,ACC-007607,SMB,2023-08-10,,metered_month_to_month,,active
SUB-0006419,ACC-007608,SMB,2024-06-25,,metered_month_to_month,,active
SUB-0006420,ACC-007609,SMB,2024-02-11,,metered_month_to_month,,active
SUB-0006421,ACC-007610,SMB,2025-11-05,,metered_month_to_month,,active
SUB-0006422,ACC-007611,SMB,2023-01-13,2025-03-13,metered_month_to_month,,churned
SUB-0006423,ACC-007612,SMB,2025-12-13,,metered_month_to_month,,active
SUB-0006424,ACC-007613,SMB,2025-04-25,,metered_month_to_month,,active
SUB-0006425,ACC-007614,SMB,2025-04-07,,metered_month_to_month,,active
SUB-0006426,ACC-007615,SMB,2022-06-20,2022-08-20,metered_month_to_month,,churned
SUB-0006427,ACC-007616,SMB,2020-09-07,,metered_month_to_month,,active
SUB-0006428,ACC-007617,SMB,2020-10-19,2022-08-19,metered_month_to_month,,churned
SUB-0006429,ACC-007618,SMB,2023-01-17,2025-02-17,metered_month_to_month,,churned
SUB-0006430,ACC-007619,SMB,2025-07-26,,metered_month_to_month,,active
SUB-0006431,ACC-007620,SMB,2021-10-31,,metered_month_to_month,,active
SUB-0006432,ACC-007621,SMB,2024-05-12,2024-07-12,metered_month_to_month,,churned
SUB-0006433,ACC-007622,SMB,2025-12-04,,metered_month_to_month,,active
SUB-0006434,ACC-007623,SMB,2025-02-10,2025-05-10,metered_month_to_month,,churned
SUB-0006435,ACC-007624,SMB,2021-06-03,2021-12-03,metered_month_to_month,,churned
SUB-0006436,ACC-007625,SMB,2023-06-02,2025-11-02,metered_month_to_month,,churned
SUB-0006437,ACC-007626,SMB,2020-05-10,,metered_month_to_month,,active
SUB-0006438,ACC-007627,SMB,2025-12-16,,metered_month_to_month,,active
SUB-0006439,ACC-007628,SMB,2023-09-14,2024-01-14,metered_month_to_month,,churned
SUB-0006440,ACC-007631,SMB,2020-09-18,2024-12-18,metered_month_to_month,,churned
SUB-0006441,ACC-007632,SMB,2024-04-20,,metered_month_to_month,,active
SUB-0006442,ACC-007633,SMB,2025-09-08,,metered_month_to_month,,active
SUB-0006443,ACC-007634,SMB,2024-08-05,,metered_month_to_month,,active
SUB-0006444,ACC-007635,SMB,2025-03-23,,metered_month_to_month,,active
SUB-0006445,ACC-007636,SMB,2025-11-10,,metered_month_to_month,,active
SUB-0006446,ACC-007637,SMB,2024-08-06,2024-11-06,metered_month_to_month,,churned
SUB-0006447,ACC-007639,SMB,2023-12-18,,metered_month_to_month,,active
SUB-0006448,ACC-007641,SMB,2025-12-02,,metered_month_to_month,,active
SUB-0006449,ACC-007642,SMB,2025-08-19,,metered_month_to_month,,active
SUB-0006450,ACC-007643,SMB,2023-06-06,,metered_month_to_month,,active
SUB-0006451,ACC-007644,SMB,2023-06-10,,metered_month_to_month,,active
SUB-0006452,ACC-007645,SMB,2020-07-24,,metered_month_to_month,,active
SUB-0006453,ACC-007648,SMB,2024-08-19,,metered_month_to_month,,active
SUB-0006454,ACC-007649,SMB,2025-12-08,,metered_month_to_month,,active
SUB-0006455,ACC-007650,SMB,2025-11-26,,metered_month_to_month,,active
SUB-0006456,ACC-007651,SMB,2022-05-29,2024-10-28,metered_month_to_month,,churned
SUB-0006457,ACC-007652,SMB,2025-06-15,,metered_month_to_month,,active
SUB-0006458,ACC-007653,SMB,2021-10-17,2022-02-17,metered_month_to_month,,churned
SUB-0006459,ACC-007654,SMB,2024-11-20,2025-01-20,metered_month_to_month,,churned
SUB-0006460,ACC-007655,SMB,2023-10-17,2025-03-17,metered_month_to_month,,churned
SUB-0006461,ACC-007656,SMB,2025-11-13,,metered_month_to_month,,active
SUB-0006462,ACC-007658,SMB,2023-08-14,2023-11-14,metered_month_to_month,,churned
SUB-0006463,ACC-007659,SMB,2025-10-06,,metered_month_to_month,,active
SUB-0006464,ACC-007660,SMB,2025-06-04,,metered_month_to_month,,active
SUB-0006465,ACC-007661,SMB,2025-06-20,,metered_month_to_month,,active
SUB-0006466,ACC-007662,SMB,2025-04-11,,metered_month_to_month,,active
SUB-0006467,ACC-007663,SMB,2023-12-02,,metered_month_to_month,,active
SUB-0006468,ACC-007664,SMB,2022-09-17,,metered_month_to_month,,active
SUB-0006469,ACC-007665,SMB,2023-10-27,,metered_month_to_month,,active
SUB-0006470,ACC-007666,SMB,2024-01-06,,metered_month_to_month,,active
SUB-0006471,ACC-007667,SMB,2025-04-24,,metered_month_to_month,,active
SUB-0006472,ACC-007668,SMB,2024-09-28,2025-02-28,metered_month_to_month,,churned
SUB-0006473,ACC-007669,SMB,2025-04-10,,metered_month_to_month,,active
SUB-0006474,ACC-007671,SMB,2023-09-19,,metered_month_to_month,,active
SUB-0006475,ACC-007672,SMB,2025-10-04,,metered_month_to_month,,active
SUB-0006476,ACC-007673,SMB,2022-11-03,2023-07-03,metered_month_to_month,,churned
SUB-0006477,ACC-007674,SMB,2025-11-12,,metered_month_to_month,,active
SUB-0006478,ACC-007675,SMB,2021-03-19,2024-12-19,metered_month_to_month,,churned
SUB-0006479,ACC-007676,SMB,2025-07-03,,metered_month_to_month,,active
SUB-0006480,ACC-007678,SMB,2025-07-10,,metered_month_to_month,,active
SUB-0006481,ACC-007679,SMB,2025-12-24,,metered_month_to_month,,active
SUB-0006482,ACC-007680,SMB,2023-10-15,,metered_month_to_month,,active
SUB-0006483,ACC-007681,SMB,2025-06-15,,metered_month_to_month,,active
SUB-0006484,ACC-007682,SMB,2021-12-11,2022-04-11,metered_month_to_month,,churned
SUB-0006485,ACC-007683,SMB,2021-06-02,2022-04-02,metered_month_to_month,,churned
SUB-0006486,ACC-007684,SMB,2024-08-18,2025-10-18,metered_month_to_month,,churned
SUB-0006487,ACC-007685,SMB,2025-03-27,,metered_month_to_month,,active
SUB-0006488,ACC-007686,SMB,2024-06-19,2025-08-19,metered_month_to_month,,churned
SUB-0006489,ACC-007687,SMB,2025-11-25,,metered_month_to_month,,active
SUB-0006490,ACC-007688,SMB,2023-06-03,2023-08-03,metered_month_to_month,,churned
SUB-0006491,ACC-007689,SMB,2022-01-19,2025-10-19,metered_month_to_month,,churned
SUB-0006492,ACC-007690,SMB,2021-03-15,2022-01-15,metered_month_to_month,,churned
SUB-0006493,ACC-007691,SMB,2024-07-12,,metered_month_to_month,,active
SUB-0006494,ACC-007692,SMB,2023-12-11,,metered_month_to_month,,active
SUB-0006495,ACC-007693,SMB,2025-11-05,,metered_month_to_month,,active
SUB-0006496,ACC-007694,SMB,2025-01-16,,metered_month_to_month,,active
SUB-0006497,ACC-007695,SMB,2025-05-21,,metered_month_to_month,,active
SUB-0006498,ACC-007696,SMB,2023-05-25,2025-01-25,metered_month_to_month,,churned
SUB-0006499,ACC-007698,SMB,2025-12-28,,metered_month_to_month,,active
SUB-0006500,ACC-007699,SMB,2025-09-04,,metered_month_to_month,,active
SUB-0006501,ACC-000000,Enterprise,2024-03-26,,multi_year,846555.0,active
SUB-0006502,ACC-000001,Enterprise,2021-06-06,2024-06-06,multi_year,170247.0,renewed
SUB-0006503,ACC-000001,Enterprise,2024-06-06,,multi_year,178760.0,active
SUB-0006504,ACC-000002,Enterprise,2025-10-06,,multi_year,292261.0,active
SUB-0006505,ACC-000003,Enterprise,2024-01-20,,multi_year,643778.0,active
SUB-0006506,ACC-000004,Enterprise,2025-10-15,,multi_year,338924.0,active
SUB-0006507,ACC-000005,Enterprise,2023-11-16,,multi_year,574003.0,active
SUB-0006508,ACC-000006,Enterprise,2024-12-21,,multi_year,558005.0,active
SUB-0006509,ACC-000007,Enterprise,2024-08-23,,multi_year,589683.0,active
SUB-0006510,ACC-000008,Enterprise,2024-03-22,,multi_year,434621.0,active
SUB-0006511,ACC-000009,Enterprise,2021-09-20,2024-09-20,multi_year,392900.0,renewed
SUB-0006512,ACC-000009,Enterprise,2024-09-20,,multi_year,412545.0,active
SUB-0006513,ACC-000010,Enterprise,2020-12-28,2023-12-28,multi_year,1056250.0,renewed
SUB-0006514,ACC-000010,Enterprise,2023-12-28,,multi_year,1109062.0,active
SUB-0006515,ACC-000011,Enterprise,2022-02-28,2025-02-28,multi_year,394858.0,expanded
SUB-0006516,ACC-000011,Enterprise,2025-02-28,,multi_year,574058.0,active
SUB-0006517,ACC-000012,Enterprise,2023-03-06,2025-03-06,multi_year,363323.0,renewed
SUB-0006518,ACC-000012,Enterprise,2025-03-06,,multi_year,381489.0,active
SUB-0006519,ACC-000013,Enterprise,2025-01-09,,multi_year,263538.0,active
SUB-0006520,ACC-000014,Enterprise,2024-10-16,,multi_year,487874.0,active
SUB-0006521,ACC-000015,Enterprise,2024-05-13,,multi_year,581392.0,active
SUB-0006522,ACC-000016,Enterprise,2025-11-19,,multi_year,322256.0,active
SUB-0006523,ACC-000017,Enterprise,2021-03-20,2024-03-20,multi_year,383705.0,renewed
SUB-0006524,ACC-000017,Enterprise,2024-03-20,,multi_year,402890.0,active
SUB-0006525,ACC-000018,Enterprise,2024-11-17,,multi_year,275666.0,active
SUB-0006526,ACC-000019,Enterprise,2023-02-05,2025-02-05,multi_year,267036.0,expanded
SUB-0006527,ACC-000019,Enterprise,2025-02-05,,multi_year,359844.0,active
SUB-0006528,ACC-000020,Enterprise,2020-11-16,2022-11-16,multi_year,640000.0,contracted
SUB-0006529,ACC-000020,Enterprise,2022-11-16,2024-11-16,multi_year,602148.0,churned
SUB-0006530,ACC-000021,Enterprise,2024-05-25,,multi_year,324838.0,active
SUB-0006531,ACC-000022,Enterprise,2021-06-03,2024-06-03,multi_year,533850.0,churned
SUB-0006532,ACC-000023,Enterprise,2024-04-06,,multi_year,438068.0,active
SUB-0006533,ACC-000024,Enterprise,2024-07-20,,multi_year,566836.0,active
SUB-0006534,ACC-000025,Enterprise,2024-04-05,,multi_year,339280.0,active
SUB-0006535,ACC-000026,Enterprise,2024-07-25,,multi_year,586425.0,active
SUB-0006536,ACC-000027,Enterprise,2024-11-05,,multi_year,634516.0,active
SUB-0006537,ACC-000028,Enterprise,2022-09-17,2025-09-17,multi_year,476077.0,expanded
SUB-0006538,ACC-000028,Enterprise,2025-09-17,,multi_year,659892.0,active
SUB-0006539,ACC-000029,Enterprise,2024-10-18,,multi_year,295393.0,active
SUB-0006540,ACC-000030,Enterprise,2023-09-06,2025-09-06,multi_year,400843.0,churned
SUB-0006541,ACC-000031,Enterprise,2023-08-23,2025-08-23,multi_year,428313.0,renewed
SUB-0006542,ACC-000031,Enterprise,2025-08-23,,multi_year,449729.0,active
SUB-0006543,ACC-000032,Enterprise,2025-01-20,,multi_year,304566.0,active
SUB-0006544,ACC-000033,Enterprise,2020-12-03,2022-12-03,multi_year,582264.0,renewed
SUB-0006545,ACC-000033,Enterprise,2022-12-03,2024-12-03,multi_year,611378.0,renewed
SUB-0006546,ACC-000033,Enterprise,2024-12-03,,multi_year,672515.0,active
SUB-0006547,ACC-000034,Enterprise,2024-03-09,,multi_year,697442.0,active
SUB-0006548,ACC-000035,Enterprise,2024-04-06,,multi_year,237444.0,active
SUB-0006549,ACC-000036,Enterprise,2025-08-04,,multi_year,383597.0,active
SUB-0006550,ACC-000037,Enterprise,2024-05-25,,multi_year,378219.0,active
SUB-0006551,ACC-000038,Enterprise,2022-06-08,2024-06-08,multi_year,625667.0,renewed
SUB-0006552,ACC-000038,Enterprise,2024-06-08,,multi_year,656950.0,active
SUB-0006553,ACC-000039,Enterprise,2022-02-04,2024-02-04,multi_year,277899.0,renewed
SUB-0006554,ACC-000039,Enterprise,2024-02-04,,multi_year,291794.0,active
SUB-0006555,ACC-000040,Enterprise,2023-11-03,2025-11-03,multi_year,595713.0,renewed
SUB-0006556,ACC-000040,Enterprise,2025-11-03,,multi_year,625498.0,active
SUB-0006557,ACC-000041,Enterprise,2022-08-19,2024-08-19,multi_year,357021.0,churned
SUB-0006558,ACC-000042,Enterprise,2022-05-12,2024-05-12,multi_year,289891.0,churned
SUB-0006559,ACC-000043,Enterprise,2025-08-17,,multi_year,240647.0,active
SUB-0006560,ACC-000044,Enterprise,2025-10-18,,multi_year,551783.0,active
SUB-0006561,ACC-000045,Enterprise,2025-04-06,,multi_year,220522.0,active
SUB-0006562,ACC-000046,Enterprise,2025-11-15,,multi_year,556888.0,active
SUB-0006563,ACC-000047,Enterprise,2024-10-12,,multi_year,281849.0,active
SUB-0006564,ACC-000048,Enterprise,2024-04-18,,multi_year,517778.0,active
SUB-0006565,ACC-000049,Enterprise,2025-08-14,,multi_year,243298.0,active
SUB-0006566,ACC-000050,Enterprise,2024-03-25,,multi_year,678661.0,active
SUB-0006567,ACC-000051,Enterprise,2023-11-21,2025-11-21,multi_year,360944.0,renewed
SUB-0006568,ACC-000051,Enterprise,2025-11-21,,multi_year,378991.0,active
SUB-0006569,ACC-000052,Enterprise,2025-06-17,,multi_year,512958.0,active
SUB-0006570,ACC-000053,Enterprise,2025-07-06,,multi_year,408238.0,active
SUB-0006571,ACC-000054,Enterprise,2025-10-16,,multi_year,349875.0,active
SUB-0006572,ACC-000055,Enterprise,2023-02-15,2025-02-15,multi_year,454693.0,renewed
SUB-0006573,ACC-000055,Enterprise,2025-02-15,,multi_year,477427.0,active
SUB-0006574,ACC-000056,Enterprise,2025-11-03,,multi_year,653668.0,active
SUB-0006575,ACC-000057,Enterprise,2023-04-08,2025-04-08,multi_year,566120.0,renewed
SUB-0006576,ACC-000057,Enterprise,2025-04-08,,multi_year,594426.0,active
SUB-0006577,ACC-000058,Enterprise,2022-09-21,2024-09-21,multi_year,317570.0,renewed
SUB-0006578,ACC-000058,Enterprise,2024-09-21,,multi_year,333449.0,active
SUB-0006579,ACC-000059,Enterprise,2024-04-08,,multi_year,286852.0,active
SUB-0006580,ACC-000060,Enterprise,2025-08-09,,multi_year,545352.0,active
SUB-0006581,ACC-000061,Enterprise,2023-05-06,,multi_year,483668.0,active
SUB-0006582,ACC-000062,Enterprise,2023-08-21,,multi_year,449398.0,active
SUB-0006583,ACC-000063,Enterprise,2025-04-08,,multi_year,415986.0,active
SUB-0006584,ACC-000064,Enterprise,2024-05-12,,multi_year,256320.0,active
SUB-0006585,ACC-000065,Enterprise,2024-11-27,,multi_year,358397.0,active
SUB-0006586,ACC-000066,Enterprise,2024-07-08,,multi_year,381894.0,active
SUB-0006587,ACC-000067,Enterprise,2021-09-07,2023-09-07,multi_year,309438.0,renewed
SUB-0006588,ACC-000067,Enterprise,2023-09-07,2025-09-07,multi_year,324910.0,renewed
SUB-0006589,ACC-000067,Enterprise,2025-09-07,,multi_year,357401.0,active
SUB-0006590,ACC-000068,Enterprise,2025-11-01,,multi_year,248034.0,active
SUB-0006591,ACC-000069,Enterprise,2024-06-10,,multi_year,281272.0,active
SUB-0006592,ACC-000070,Enterprise,2025-09-06,,multi_year,356718.0,active
SUB-0006593,ACC-000071,Enterprise,2025-11-08,,multi_year,376290.0,active
SUB-0006594,ACC-000072,Enterprise,2025-08-13,,multi_year,416478.0,active
SUB-0006595,ACC-000073,Enterprise,2020-10-23,2022-10-23,multi_year,277152.0,expanded
SUB-0006596,ACC-000073,Enterprise,2022-10-23,2024-10-23,multi_year,453260.0,renewed
SUB-0006597,ACC-000073,Enterprise,2024-10-23,,multi_year,498586.0,active
SUB-0006598,ACC-000074,Enterprise,2024-04-21,,multi_year,455891.0,active
SUB-0006599,ACC-000075,Enterprise,2025-04-04,,multi_year,518371.0,active
SUB-0006600,ACC-000076,Enterprise,2025-03-01,,multi_year,307591.0,active
SUB-0006601,ACC-000077,Enterprise,2023-10-27,2025-10-27,multi_year,268270.0,expanded
SUB-0006602,ACC-000077,Enterprise,2025-10-27,,multi_year,431129.0,active
SUB-0006603,ACC-000078,Enterprise,2022-06-10,2024-06-10,multi_year,246752.0,renewed
SUB-0006604,ACC-000078,Enterprise,2024-06-10,,multi_year,259089.0,active
SUB-0006605,ACC-000079,Enterprise,2023-02-08,2025-02-08,multi_year,269483.0,renewed
SUB-0006606,ACC-000079,Enterprise,2025-02-08,,multi_year,282957.0,active
SUB-0006607,ACC-000080,Enterprise,2020-09-19,2023-09-19,multi_year,611372.0,renewed
SUB-0006608,ACC-000080,Enterprise,2023-09-19,,multi_year,641941.0,active
SUB-0006609,ACC-000081,Enterprise,2024-04-26,,multi_year,620105.0,active
SUB-0006610,ACC-000082,Enterprise,2024-11-12,,multi_year,458107.0,active
SUB-0006611,ACC-000083,Enterprise,2023-11-28,2025-11-28,multi_year,408190.0,expanded
SUB-0006612,ACC-000083,Enterprise,2025-11-28,,multi_year,639223.0,active
SUB-0006613,ACC-000084,Enterprise,2025-07-22,,multi_year,322667.0,active
SUB-0006614,ACC-000085,Enterprise,2024-08-19,,multi_year,486506.0,active
SUB-0006615,ACC-000086,Enterprise,2025-04-02,,multi_year,257013.0,active
SUB-0006616,ACC-000087,Enterprise,2025-08-25,,multi_year,416223.0,active
SUB-0006617,ACC-000088,Enterprise,2024-01-09,,multi_year,425770.0,active
SUB-0006618,ACC-000089,Enterprise,2024-02-17,,multi_year,304821.0,active
SUB-0006619,ACC-000090,Enterprise,2024-04-13,,multi_year,351117.0,active
SUB-0006620,ACC-000091,Enterprise,2024-09-22,,multi_year,419432.0,active
SUB-0006621,ACC-000092,Enterprise,2023-10-14,2025-10-14,multi_year,427368.0,contracted
SUB-0006622,ACC-000092,Enterprise,2025-10-14,,multi_year,356913.0,active
SUB-0006623,ACC-000093,Enterprise,2025-11-10,,multi_year,674500.0,active
SUB-0006624,ACC-000094,Enterprise,2024-01-27,,multi_year,409352.0,active
SUB-0006625,ACC-000095,Enterprise,2024-01-10,,multi_year,388111.0,active
SUB-0006626,ACC-000096,Enterprise,2023-08-20,2025-08-20,multi_year,357690.0,expanded
SUB-0006627,ACC-000096,Enterprise,2025-08-20,,multi_year,508215.0,active
SUB-0006628,ACC-000097,Enterprise,2025-07-01,,multi_year,353957.0,active
SUB-0006629,ACC-000098,Enterprise,2025-10-24,,multi_year,388305.0,active
SUB-0006630,ACC-000099,Enterprise,2021-03-12,2023-03-12,multi_year,396116.0,expanded
SUB-0006631,ACC-000099,Enterprise,2023-03-12,2025-03-12,multi_year,597573.0,expanded
SUB-0006632,ACC-000099,Enterprise,2025-03-12,,multi_year,869102.0,active
SUB-0006633,ACC-000100,Enterprise,2021-03-14,2024-03-14,multi_year,555613.0,renewed
SUB-0006634,ACC-000100,Enterprise,2024-03-14,,multi_year,583394.0,active
SUB-0006635,ACC-000101,Enterprise,2024-04-24,,multi_year,440897.0,active
SUB-0006636,ACC-000102,Enterprise,2025-11-16,,multi_year,333809.0,active
SUB-0006637,ACC-000103,Enterprise,2025-06-12,,multi_year,344271.0,active
SUB-0006638,ACC-000104,Enterprise,2024-05-27,,multi_year,523533.0,active
SUB-0006639,ACC-000105,Enterprise,2022-07-14,2025-07-14,multi_year,715168.0,renewed
SUB-0006640,ACC-000105,Enterprise,2025-07-14,,multi_year,750926.0,active
SUB-0006641,ACC-000106,Enterprise,2020-07-08,2022-07-08,multi_year,421737.0,renewed
SUB-0006642,ACC-000106,Enterprise,2022-07-08,2024-07-08,multi_year,442824.0,renewed
SUB-0006643,ACC-000106,Enterprise,2024-07-08,,multi_year,487107.0,active
SUB-0006644,ACC-000107,Enterprise,2023-03-12,2025-03-12,multi_year,255891.0,renewed
SUB-0006645,ACC-000107,Enterprise,2025-03-12,,multi_year,268686.0,active
SUB-0006646,ACC-000108,Enterprise,2025-06-27,,multi_year,343110.0,active
SUB-0006647,ACC-000109,Enterprise,2024-09-05,,multi_year,501172.0,active
SUB-0006648,ACC-000110,Enterprise,2024-09-15,,multi_year,359163.0,active
SUB-0006649,ACC-000111,Enterprise,2021-03-21,2023-03-21,multi_year,340599.0,renewed
SUB-0006650,ACC-000111,Enterprise,2023-03-21,2025-03-21,multi_year,357629.0,renewed
SUB-0006651,ACC-000111,Enterprise,2025-03-21,,multi_year,393391.0,active
SUB-0006652,ACC-000112,Enterprise,2025-11-06,,multi_year,568432.0,active
SUB-0006653,ACC-000113,Commercial,2024-07-18,2025-07-18,annual,21544.0,churned
SUB-0006654,ACC-000114,Commercial,2024-02-11,2025-02-11,annual,27305.0,renewed
SUB-0006655,ACC-000114,Commercial,2025-02-11,,annual,27305.0,active
SUB-0006656,ACC-000115,Commercial,2025-10-03,,annual,17897.0,active
SUB-0006657,ACC-000116,Commercial,2021-07-03,2022-07-03,annual,15782.0,renewed
SUB-0006658,ACC-000116,Commercial,2022-07-03,2023-07-03,annual,15782.0,expanded
SUB-0006659,ACC-000116,Commercial,2023-07-03,2024-07-03,annual,20223.0,renewed
SUB-0006660,ACC-000116,Commercial,2024-07-03,2025-07-03,annual,20223.0,expanded
SUB-0006661,ACC-000116,Commercial,2025-07-03,,annual,28158.0,active
SUB-0006662,ACC-000117,Commercial,2024-12-20,,annual,14629.0,active
SUB-0006663,ACC-000118,Commercial,2023-03-08,2024-03-08,annual,11775.0,renewed
SUB-0006664,ACC-000118,Commercial,2024-03-08,2025-03-08,annual,11775.0,renewed
SUB-0006665,ACC-000118,Commercial,2025-03-08,,annual,11775.0,active
SUB-0006666,ACC-000119,Commercial,2025-03-27,,annual,15869.0,active
SUB-0006667,ACC-000120,Commercial,2025-09-07,,annual,26638.0,active
SUB-0006668,ACC-000121,Commercial,2024-06-17,2025-06-17,annual,24608.0,renewed
SUB-0006669,ACC-000121,Commercial,2025-06-17,,annual,24608.0,active
SUB-0006670,ACC-000122,Commercial,2024-03-22,2025-03-22,annual,16413.0,contracted
SUB-0006671,ACC-000122,Commercial,2025-03-22,,annual,14711.0,active
SUB-0006672,ACC-000123,Commercial,2025-12-03,,annual,26012.0,active
SUB-0006673,ACC-000124,Commercial,2025-09-08,,annual,20117.0,active
SUB-0006674,ACC-000125,Commercial,2021-07-24,2022-07-24,annual,15583.0,churned
SUB-0006675,ACC-000126,Commercial,2024-08-05,2025-08-05,annual,24324.0,contracted
SUB-0006676,ACC-000126,Commercial,2025-08-05,,annual,19650.0,active
SUB-0006677,ACC-000127,Commercial,2025-02-20,,annual,17336.0,active
SUB-0006678,ACC-000128,Commercial,2024-06-21,2025-06-21,annual,36306.0,churned
SUB-0006679,ACC-000129,Commercial,2024-08-01,2025-08-01,annual,32206.0,renewed
SUB-0006680,ACC-000129,Commercial,2025-08-01,,annual,32206.0,active
SUB-0006681,ACC-000130,Commercial,2025-11-06,,annual,15210.0,active
SUB-0006682,ACC-000131,Commercial,2024-05-13,2025-05-13,annual,26855.0,renewed
SUB-0006683,ACC-000131,Commercial,2025-05-13,,annual,26855.0,active
SUB-0006684,ACC-000132,Commercial,2025-12-19,,annual,32496.0,active
SUB-0006685,ACC-000133,Commercial,2025-08-12,,annual,22182.0,active
SUB-0006686,ACC-000134,Commercial,2024-03-10,2025-03-10,annual,24581.0,churned
SUB-0006687,ACC-000135,Enterprise,2025-09-01,,multi_year,538761.0,active
SUB-0006688,ACC-000136,Commercial,2025-12-01,,annual,24735.0,active
SUB-0006689,ACC-000137,Commercial,2025-06-19,,annual,24195.0,active
SUB-0006690,ACC-000138,Commercial,2024-04-11,2025-04-11,annual,26131.0,renewed
SUB-0006691,ACC-000138,Commercial,2025-04-11,,annual,26131.0,active
SUB-0006692,ACC-000139,Commercial,2023-06-12,2024-06-12,annual,17976.0,renewed
SUB-0006693,ACC-000139,Commercial,2024-06-12,2025-06-12,annual,17976.0,churned
SUB-0006694,ACC-000140,Commercial,2025-08-14,,annual,21274.0,active
SUB-0006695,ACC-000141,Commercial,2025-03-11,,annual,21772.0,active
SUB-0006696,ACC-000142,Commercial,2021-01-13,2022-01-13,annual,25347.0,expanded
SUB-0006697,ACC-000142,Commercial,2022-01-13,2023-01-13,annual,32449.0,renewed
SUB-0006698,ACC-000142,Commercial,2023-01-13,2024-01-13,annual,32449.0,renewed
SUB-0006699,ACC-000142,Commercial,2024-01-13,2025-01-13,annual,32449.0,renewed
SUB-0006700,ACC-000142,Commercial,2025-01-13,,annual,32449.0,active
SUB-0006701,ACC-000143,Enterprise,2025-09-01,,multi_year,633687.0,active
SUB-0006702,ACC-000144,Commercial,2024-06-05,2025-06-05,annual,27182.0,churned
SUB-0006703,ACC-000145,Enterprise,2024-02-01,,multi_year,293660.0,active
SUB-0006704,ACC-000146,Commercial,2023-08-01,2024-08-01,annual,33706.0,churned
SUB-0006705,ACC-000147,Commercial,2025-01-17,,annual,21809.0,active
SUB-0006706,ACC-000148,Commercial,2024-07-15,2025-07-15,annual,14951.0,renewed
SUB-0006707,ACC-000148,Commercial,2025-07-15,,annual,14951.0,active
SUB-0006708,ACC-000149,Commercial,2024-09-21,2025-09-21,annual,18718.0,renewed
SUB-0006709,ACC-000149,Commercial,2025-09-21,,annual,18718.0,active
SUB-0006710,ACC-000150,Commercial,2023-03-27,2024-03-27,annual,26498.0,expanded
SUB-0006711,ACC-000150,Commercial,2024-03-27,2025-03-27,annual,40759.0,expanded
SUB-0006712,ACC-000150,Commercial,2025-03-27,,annual,55967.0,active
SUB-0006713,ACC-000151,Commercial,2025-06-17,,annual,16609.0,active
SUB-0006714,ACC-000152,Commercial,2025-01-08,,annual,9744.0,active
SUB-0006715,ACC-000153,Commercial,2020-10-30,2021-10-30,annual,20866.0,churned
SUB-0006716,ACC-000154,Commercial,2025-12-23,,annual,14149.0,active
SUB-0006717,ACC-000155,Commercial,2025-09-12,,annual,16710.0,active
SUB-0006718,ACC-000156,Commercial,2021-02-03,2022-02-03,annual,15807.0,renewed
SUB-0006719,ACC-000156,Commercial,2022-02-03,2023-02-03,annual,15807.0,expanded
SUB-0006720,ACC-000156,Commercial,2023-02-03,2024-02-03,annual,20941.0,renewed
SUB-0006721,ACC-000156,Commercial,2024-02-03,2025-02-03,annual,20941.0,renewed
SUB-0006722,ACC-000156,Commercial,2025-02-03,,annual,20941.0,active
SUB-0006723,ACC-000157,Commercial,2025-06-13,,annual,25184.0,active
SUB-0006724,ACC-000158,Commercial,2023-04-09,2024-04-09,annual,17331.0,renewed
SUB-0006725,ACC-000158,Commercial,2024-04-09,2025-04-09,annual,17331.0,renewed
SUB-0006726,ACC-000158,Commercial,2025-04-09,,annual,17331.0,active
SUB-0006727,ACC-000159,Commercial,2025-07-24,,annual,23078.0,active
SUB-0006728,ACC-000160,Enterprise,2024-06-01,,multi_year,422975.0,active
SUB-0006729,ACC-000161,Commercial,2024-08-16,2025-08-16,annual,13405.0,renewed
SUB-0006730,ACC-000161,Commercial,2025-08-16,,annual,13405.0,active
SUB-0006731,ACC-000162,Commercial,2020-07-29,2021-07-29,annual,15162.0,churned
SUB-0006732,ACC-000163,Commercial,2024-09-24,2025-09-24,annual,18297.0,renewed
SUB-0006733,ACC-000163,Commercial,2025-09-24,,annual,18297.0,active
SUB-0006734,ACC-000164,Commercial,2021-12-11,2022-12-11,annual,20160.0,contracted
SUB-0006735,ACC-000164,Commercial,2022-12-11,2023-12-11,annual,16366.0,expanded
SUB-0006736,ACC-000164,Commercial,2023-12-11,2024-12-11,annual,25308.0,contracted
SUB-0006737,ACC-000164,Commercial,2024-12-11,,annual,22463.0,active
SUB-0006738,ACC-000165,Commercial,2023-12-14,2024-12-14,annual,27307.0,expanded
SUB-0006739,ACC-000165,Commercial,2024-12-14,,annual,35859.0,active
SUB-0006740,ACC-000166,Commercial,2024-12-19,,annual,29351.0,active
SUB-0006741,ACC-000167,Enterprise,2025-07-01,,multi_year,488117.0,active
SUB-0006742,ACC-000168,Commercial,2025-06-04,,annual,23660.0,active
SUB-0006743,ACC-000169,Commercial,2024-05-03,2025-05-03,annual,18596.0,renewed
SUB-0006744,ACC-000169,Commercial,2025-05-03,,annual,18596.0,active
SUB-0006745,ACC-000170,Commercial,2025-12-14,,annual,14648.0,active
SUB-0006746,ACC-000171,Commercial,2024-01-09,2025-01-09,annual,15015.0,renewed
SUB-0006747,ACC-000171,Commercial,2025-01-09,,annual,15015.0,active
SUB-0006748,ACC-000172,Commercial,2023-07-02,2024-07-02,annual,20765.0,renewed
SUB-0006749,ACC-000172,Commercial,2024-07-02,2025-07-02,annual,20765.0,renewed
SUB-0006750,ACC-000172,Commercial,2025-07-02,,annual,20765.0,active
SUB-0006751,ACC-000173,Commercial,2024-07-10,2025-07-10,annual,15616.0,renewed
SUB-0006752,ACC-000173,Commercial,2025-07-10,,annual,15616.0,active
SUB-0006753,ACC-000174,Commercial,2025-11-11,,annual,38407.0,active
SUB-0006754,ACC-000175,Commercial,2021-09-09,2022-09-09,annual,30521.0,renewed
SUB-0006755,ACC-000175,Commercial,2022-09-09,2023-09-09,annual,30521.0,renewed
SUB-0006756,ACC-000175,Commercial,2023-09-09,2024-09-09,annual,30521.0,renewed
SUB-0006757,ACC-000175,Commercial,2024-09-09,2025-09-09,annual,30521.0,expanded
SUB-0006758,ACC-000175,Commercial,2025-09-09,,annual,42736.0,active
SUB-0006759,ACC-000176,Commercial,2024-09-20,2025-09-20,annual,28519.0,expanded
SUB-0006760,ACC-000176,Commercial,2025-09-20,,annual,39275.0,active
SUB-0006761,ACC-000177,Commercial,2023-07-28,2024-07-28,annual,25500.0,renewed
SUB-0006762,ACC-000177,Commercial,2024-07-28,2025-07-28,annual,25500.0,renewed
SUB-0006763,ACC-000177,Commercial,2025-07-28,,annual,25500.0,active
SUB-0006764,ACC-000178,Enterprise,2025-07-01,,multi_year,497500.0,active
SUB-0006765,ACC-000179,Commercial,2021-09-06,2022-09-06,annual,19688.0,renewed
SUB-0006766,ACC-000179,Commercial,2022-09-06,2023-09-06,annual,19688.0,expanded
SUB-0006767,ACC-000179,Commercial,2023-09-06,2024-09-06,annual,27613.0,renewed
SUB-0006768,ACC-000179,Commercial,2024-09-06,2025-09-06,annual,27613.0,renewed
SUB-0006769,ACC-000179,Commercial,2025-09-06,,annual,27613.0,active
SUB-0006770,ACC-000180,Commercial,2025-02-14,,annual,32194.0,active
SUB-0006771,ACC-000181,Commercial,2025-03-22,,annual,47603.0,active
SUB-0006772,ACC-000182,Commercial,2024-11-15,2025-11-15,annual,20559.0,renewed
SUB-0006773,ACC-000182,Commercial,2025-11-15,,annual,20559.0,active
SUB-0006774,ACC-000183,Commercial,2025-02-03,,annual,31897.0,active
SUB-0006775,ACC-000184,Commercial,2024-03-26,2025-03-26,annual,12506.0,renewed
SUB-0006776,ACC-000184,Commercial,2025-03-26,,annual,12506.0,active
SUB-0006777,ACC-000185,Enterprise,2025-04-01,,multi_year,252476.0,active
SUB-0006778,ACC-000186,Commercial,2024-06-01,2025-06-01,annual,17711.0,churned
SUB-0006779,ACC-000187,Commercial,2025-08-23,,annual,17511.0,active
SUB-0006780,ACC-000188,Commercial,2023-08-23,2024-08-23,annual,13893.0,renewed
SUB-0006781,ACC-000188,Commercial,2024-08-23,2025-08-23,annual,13893.0,renewed
SUB-0006782,ACC-000188,Commercial,2025-08-23,,annual,13893.0,active
SUB-0006783,ACC-000189,Commercial,2024-05-27,2025-05-27,annual,35283.0,churned
SUB-0006784,ACC-000190,Commercial,2024-10-20,2025-10-20,annual,37913.0,renewed
SUB-0006785,ACC-000190,Commercial,2025-10-20,,annual,37913.0,active
SUB-0006786,ACC-000191,Commercial,2024-02-14,2025-02-14,annual,37120.0,renewed
SUB-0006787,ACC-000191,Commercial,2025-02-14,,annual,37120.0,active
SUB-0006788,ACC-000192,Commercial,2025-07-02,,annual,24100.0,active
SUB-0006789,ACC-000193,Commercial,2024-04-13,2025-04-13,annual,40767.0,renewed
SUB-0006790,ACC-000193,Commercial,2025-04-13,,annual,40767.0,active
SUB-0006791,ACC-000194,Commercial,2025-07-04,,annual,10618.0,active
SUB-0006792,ACC-000195,Commercial,2025-05-09,,annual,19048.0,active
SUB-0006793,ACC-000196,Commercial,2024-06-11,2025-06-11,annual,20362.0,renewed
SUB-0006794,ACC-000196,Commercial,2025-06-11,,annual,20362.0,active
SUB-0006795,ACC-000197,Commercial,2025-08-11,,annual,29648.0,active
SUB-0006796,ACC-000198,Commercial,2023-11-06,2024-11-06,annual,24525.0,renewed
SUB-0006797,ACC-000198,Commercial,2024-11-06,2025-11-06,annual,24525.0,contracted
SUB-0006798,ACC-000198,Commercial,2025-11-06,,annual,19786.0,active
SUB-0006799,ACC-000199,Commercial,2025-01-03,,annual,25799.0,active
SUB-0006800,ACC-000200,Commercial,2020-10-05,2021-10-05,annual,24198.0,contracted
SUB-0006801,ACC-000200,Commercial,2021-10-05,2022-10-05,annual,18270.0,renewed
SUB-0006802,ACC-000200,Commercial,2022-10-05,2023-10-05,annual,18270.0,renewed
SUB-0006803,ACC-000200,Commercial,2023-10-05,2024-10-05,annual,18270.0,renewed
SUB-0006804,ACC-000200,Commercial,2024-10-05,2025-10-05,annual,18270.0,expanded
SUB-0006805,ACC-000200,Commercial,2025-10-05,,annual,28209.0,active
SUB-0006806,ACC-000201,Commercial,2025-04-05,,annual,17427.0,active
SUB-0006807,ACC-000202,Commercial,2025-01-04,,annual,33335.0,active
SUB-0006808,ACC-000203,Commercial,2021-07-31,2022-07-31,annual,23677.0,renewed
SUB-0006809,ACC-000203,Commercial,2022-07-31,2023-07-31,annual,23677.0,renewed
SUB-0006810,ACC-000203,Commercial,2023-07-31,2024-07-31,annual,23677.0,contracted
SUB-0006811,ACC-000203,Commercial,2024-07-31,2025-07-31,annual,18236.0,renewed
SUB-0006812,ACC-000203,Commercial,2025-07-31,,annual,18236.0,active
SUB-0006813,ACC-000204,Commercial,2025-07-26,,annual,29807.0,active
SUB-0006814,ACC-000205,Commercial,2024-04-25,2025-04-25,annual,25641.0,renewed
SUB-0006815,ACC-000205,Commercial,2025-04-25,,annual,25641.0,active
SUB-0006816,ACC-000206,Commercial,2023-03-08,2024-03-08,annual,14565.0,renewed
SUB-0006817,ACC-000206,Commercial,2024-03-08,2025-03-08,annual,14565.0,renewed
SUB-0006818,ACC-000206,Commercial,2025-03-08,,annual,14565.0,active
SUB-0006819,ACC-000207,Commercial,2023-09-01,2024-09-01,annual,15811.0,churned
SUB-0006820,ACC-000208,Commercial,2021-11-05,2022-11-05,annual,28785.0,renewed
SUB-0006821,ACC-000208,Commercial,2022-11-05,2023-11-05,annual,28785.0,expanded
SUB-0006822,ACC-000208,Commercial,2023-11-05,2024-11-05,annual,36132.0,renewed
SUB-0006823,ACC-000208,Commercial,2024-11-05,2025-11-05,annual,36132.0,expanded
SUB-0006824,ACC-000208,Commercial,2025-11-05,,annual,54675.0,active
SUB-0006825,ACC-000209,Enterprise,2025-08-01,,multi_year,396351.0,active
SUB-0006826,ACC-000210,Commercial,2025-05-08,,annual,15625.0,active
SUB-0006827,ACC-000211,Commercial,2025-07-05,,annual,27285.0,active
SUB-0006828,ACC-000212,Commercial,2022-08-13,2023-08-13,annual,28326.0,expanded
SUB-0006829,ACC-000212,Commercial,2023-08-13,2024-08-13,annual,42880.0,churned
SUB-0006830,ACC-000213,Enterprise,2024-02-01,,multi_year,392087.0,active
SUB-0006831,ACC-000214,Commercial,2025-06-06,,annual,25131.0,active
SUB-0006832,ACC-000215,Commercial,2020-07-31,2021-07-31,annual,17131.0,expanded
SUB-0006833,ACC-000215,Commercial,2021-07-31,2022-07-31,annual,24257.0,expanded
SUB-0006834,ACC-000215,Commercial,2022-07-31,2023-07-31,annual,32469.0,expanded
SUB-0006835,ACC-000215,Commercial,2023-07-31,2024-07-31,annual,50185.0,renewed
SUB-0006836,ACC-000215,Commercial,2024-07-31,2025-07-31,annual,50185.0,expanded
SUB-0006837,ACC-000215,Commercial,2025-07-31,,annual,78035.0,active
SUB-0006838,ACC-000216,Commercial,2024-10-28,2025-10-28,annual,26832.0,renewed
SUB-0006839,ACC-000216,Commercial,2025-10-28,,annual,26832.0,active
SUB-0006840,ACC-000217,Commercial,2023-11-25,2024-11-25,annual,30625.0,renewed
SUB-0006841,ACC-000217,Commercial,2024-11-25,2025-11-25,annual,30625.0,renewed
SUB-0006842,ACC-000217,Commercial,2025-11-25,,annual,30625.0,active
SUB-0006843,ACC-000218,Commercial,2024-08-22,2025-08-22,annual,22520.0,contracted
SUB-0006844,ACC-000218,Commercial,2025-08-22,,annual,17576.0,active
SUB-0006845,ACC-000219,Commercial,2025-01-14,,annual,14277.0,active
SUB-0006846,ACC-000220,Commercial,2022-06-18,2023-06-18,annual,30717.0,renewed
SUB-0006847,ACC-000220,Commercial,2023-06-18,2024-06-18,annual,30717.0,expanded
SUB-0006848,ACC-000220,Commercial,2024-06-18,2025-06-18,annual,49044.0,renewed
SUB-0006849,ACC-000220,Commercial,2025-06-18,,annual,49044.0,active
SUB-0006850,ACC-000221,Commercial,2020-01-13,2021-01-13,annual,48715.0,expanded
SUB-0006851,ACC-000221,Commercial,2021-01-13,2022-01-13,annual,66183.0,renewed
SUB-0006852,ACC-000221,Commercial,2022-01-13,2023-01-13,annual,66183.0,renewed
SUB-0006853,ACC-000221,Commercial,2023-01-13,2024-01-13,annual,66183.0,expanded
SUB-0006854,ACC-000221,Commercial,2024-01-13,2025-01-13,annual,98386.0,renewed
SUB-0006855,ACC-000221,Commercial,2025-01-13,,annual,98386.0,active
SUB-0006856,ACC-000222,Commercial,2025-06-13,,annual,15538.0,active
SUB-0006857,ACC-000223,Commercial,2025-07-19,,annual,17964.0,active
SUB-0006858,ACC-000224,Commercial,2025-06-11,,annual,21478.0,active
SUB-0006859,ACC-000225,Commercial,2022-08-03,2023-08-03,annual,27565.0,expanded
SUB-0006860,ACC-000225,Commercial,2023-08-03,2024-08-03,annual,36738.0,expanded
SUB-0006861,ACC-000225,Commercial,2024-08-03,2025-08-03,annual,52362.0,renewed
SUB-0006862,ACC-000225,Commercial,2025-08-03,,annual,52362.0,active
SUB-0006863,ACC-000226,Commercial,2025-01-07,,annual,14778.0,active
SUB-0006864,ACC-000227,Commercial,2025-08-08,,annual,21146.0,active
SUB-0006865,ACC-000228,Commercial,2022-11-20,2023-11-20,annual,23575.0,expanded
SUB-0006866,ACC-000228,Commercial,2023-11-20,2024-11-20,annual,36634.0,renewed
SUB-0006867,ACC-000228,Commercial,2024-11-20,2025-11-20,annual,36634.0,expanded
SUB-0006868,ACC-000228,Commercial,2025-11-20,,annual,46680.0,active
SUB-0006869,ACC-000229,Commercial,2024-06-23,2025-06-23,annual,30826.0,expanded
SUB-0006870,ACC-000229,Commercial,2025-06-23,,annual,40944.0,active
SUB-0006871,ACC-000230,Commercial,2023-01-02,2024-01-02,annual,20713.0,renewed
SUB-0006872,ACC-000230,Commercial,2024-01-02,2025-01-02,annual,20713.0,expanded
SUB-0006873,ACC-000230,Commercial,2025-01-02,,annual,31112.0,active
SUB-0006874,ACC-000231,Enterprise,2025-12-01,,multi_year,323744.0,active
SUB-0006875,ACC-000232,Commercial,2022-08-21,2023-08-21,annual,15398.0,expanded
SUB-0006876,ACC-000232,Commercial,2023-08-21,2024-08-21,annual,23523.0,renewed
SUB-0006877,ACC-000232,Commercial,2024-08-21,2025-08-21,annual,23523.0,renewed
SUB-0006878,ACC-000232,Commercial,2025-08-21,,annual,23523.0,active
SUB-0006879,ACC-000233,Enterprise,2024-12-01,,multi_year,718386.0,active
SUB-0006880,ACC-000234,Commercial,2022-01-22,2023-01-22,annual,13847.0,churned
SUB-0006881,ACC-000235,Enterprise,2024-11-01,,multi_year,504026.0,active
SUB-0006882,ACC-000236,Commercial,2025-06-02,,annual,14306.0,active
SUB-0006883,ACC-000237,Commercial,2025-01-17,,annual,22640.0,active
SUB-0006884,ACC-000238,Enterprise,2025-07-01,,multi_year,555575.0,active
SUB-0006885,ACC-000239,Commercial,2023-02-19,2024-02-19,annual,43048.0,renewed
SUB-0006886,ACC-000239,Commercial,2024-02-19,2025-02-19,annual,43048.0,renewed
SUB-0006887,ACC-000239,Commercial,2025-02-19,,annual,43048.0,active
SUB-0006888,ACC-000240,Commercial,2025-06-18,,annual,11085.0,active
SUB-0006889,ACC-000241,Commercial,2024-07-23,2025-07-23,annual,24431.0,expanded
SUB-0006890,ACC-000241,Commercial,2025-07-23,,annual,31550.0,active
SUB-0006891,ACC-000242,Commercial,2024-11-23,2025-11-23,annual,30608.0,renewed
SUB-0006892,ACC-000242,Commercial,2025-11-23,,annual,30608.0,active
SUB-0006893,ACC-000243,Commercial,2020-12-29,2021-12-29,annual,19985.0,contracted
SUB-0006894,ACC-000243,Commercial,2021-12-29,2022-12-29,annual,15311.0,renewed
SUB-0006895,ACC-000243,Commercial,2022-12-29,2023-12-29,annual,15311.0,renewed
SUB-0006896,ACC-000243,Commercial,2023-12-29,2024-12-29,annual,15311.0,renewed
SUB-0006897,ACC-000243,Commercial,2024-12-29,,annual,15311.0,active
SUB-0006898,ACC-000244,Commercial,2025-12-07,,annual,36662.0,active
SUB-0006899,ACC-000245,Commercial,2025-09-03,,annual,23135.0,active
SUB-0006900,ACC-000246,Commercial,2025-02-27,,annual,28430.0,active
SUB-0006901,ACC-000247,Commercial,2024-04-08,2025-04-08,annual,23189.0,renewed
SUB-0006902,ACC-000247,Commercial,2025-04-08,,annual,23189.0,active
SUB-0006903,ACC-000248,Commercial,2025-12-15,,annual,10074.0,active
SUB-0006904,ACC-000249,Commercial,2025-08-16,,annual,21533.0,active
SUB-0006905,ACC-000250,Commercial,2023-02-20,2024-02-20,annual,44247.0,expanded
SUB-0006906,ACC-000250,Commercial,2024-02-20,2025-02-20,annual,61279.0,renewed
SUB-0006907,ACC-000250,Commercial,2025-02-20,,annual,61279.0,active
SUB-0006908,ACC-000251,Commercial,2025-06-21,,annual,11127.0,active
SUB-0006909,ACC-000252,Commercial,2020-12-20,2021-12-20,annual,35431.0,expanded
SUB-0006910,ACC-000252,Commercial,2021-12-20,2022-12-20,annual,45892.0,renewed
SUB-0006911,ACC-000252,Commercial,2022-12-20,2023-12-20,annual,45892.0,renewed
SUB-0006912,ACC-000252,Commercial,2023-12-20,2024-12-20,annual,45892.0,expanded
SUB-0006913,ACC-000252,Commercial,2024-12-20,,annual,70462.0,active
SUB-0006914,ACC-000253,Commercial,2020-10-27,2021-10-27,annual,21703.0,renewed
SUB-0006915,ACC-000253,Commercial,2021-10-27,2022-10-27,annual,21703.0,expanded
SUB-0006916,ACC-000253,Commercial,2022-10-27,2023-10-27,annual,33439.0,expanded
SUB-0006917,ACC-000253,Commercial,2023-10-27,2024-10-27,annual,52661.0,renewed
SUB-0006918,ACC-000253,Commercial,2024-10-27,2025-10-27,annual,52661.0,expanded
SUB-0006919,ACC-000253,Commercial,2025-10-27,,annual,79676.0,active
SUB-0006920,ACC-000254,Commercial,2020-05-29,2021-05-29,annual,20015.0,renewed
SUB-0006921,ACC-000254,Commercial,2021-05-29,2022-05-29,annual,20015.0,renewed
SUB-0006922,ACC-000254,Commercial,2022-05-29,2023-05-29,annual,20015.0,renewed
SUB-0006923,ACC-000254,Commercial,2023-05-29,2024-05-29,annual,20015.0,contracted
SUB-0006924,ACC-000254,Commercial,2024-05-29,2025-05-29,annual,16345.0,contracted
SUB-0006925,ACC-000254,Commercial,2025-05-29,,annual,12776.0,active
SUB-0006926,ACC-000255,Commercial,2025-10-21,,annual,19629.0,active
SUB-0006927,ACC-000256,Commercial,2024-04-26,2025-04-26,annual,9918.0,churned
SUB-0006928,ACC-000257,Commercial,2023-07-10,2024-07-10,annual,27264.0,renewed
SUB-0006929,ACC-000257,Commercial,2024-07-10,2025-07-10,annual,27264.0,expanded
SUB-0006930,ACC-000257,Commercial,2025-07-10,,annual,36230.0,active
SUB-0006931,ACC-000258,Commercial,2024-09-21,2025-09-21,annual,27476.0,renewed
SUB-0006932,ACC-000258,Commercial,2025-09-21,,annual,27476.0,active
SUB-0006933,ACC-000259,Commercial,2024-08-02,2025-08-02,annual,21187.0,renewed
SUB-0006934,ACC-000259,Commercial,2025-08-02,,annual,21187.0,active
SUB-0006935,ACC-000260,Commercial,2025-08-06,,annual,20165.0,active
SUB-0006936,ACC-000261,Commercial,2025-10-24,,annual,21624.0,active
SUB-0006937,ACC-000262,Commercial,2025-10-14,,annual,38443.0,active
SUB-0006938,ACC-000263,Enterprise,2024-02-01,,multi_year,287560.0,active
SUB-0006939,ACC-000264,Commercial,2024-02-23,2025-02-23,annual,19584.0,renewed
SUB-0006940,ACC-000264,Commercial,2025-02-23,,annual,19584.0,active
SUB-0006941,ACC-000265,Commercial,2025-09-23,,annual,32000.0,active
SUB-0006942,ACC-000266,Commercial,2024-07-26,2025-07-26,annual,20760.0,renewed
SUB-0006943,ACC-000266,Commercial,2025-07-26,,annual,20760.0,active
SUB-0006944,ACC-000267,Commercial,2020-06-02,2021-06-02,annual,37805.0,churned
SUB-0006945,ACC-000268,Commercial,2021-05-10,2022-05-10,annual,21144.0,renewed
SUB-0006946,ACC-000268,Commercial,2022-05-10,2023-05-10,annual,21144.0,renewed
SUB-0006947,ACC-000268,Commercial,2023-05-10,2024-05-10,annual,21144.0,churned
SUB-0006948,ACC-000269,Commercial,2021-06-04,2022-06-04,annual,23740.0,renewed
SUB-0006949,ACC-000269,Commercial,2022-06-04,2023-06-04,annual,23740.0,renewed
SUB-0006950,ACC-000269,Commercial,2023-06-04,2024-06-04,annual,23740.0,renewed
SUB-0006951,ACC-000269,Commercial,2024-06-04,2025-06-04,annual,23740.0,expanded
SUB-0006952,ACC-000269,Commercial,2025-06-04,,annual,34288.0,active
SUB-0006953,ACC-000270,Commercial,2025-01-26,,annual,43779.0,active
SUB-0006954,ACC-000271,Commercial,2023-04-07,2024-04-07,annual,19818.0,renewed
SUB-0006955,ACC-000271,Commercial,2024-04-07,2025-04-07,annual,19818.0,renewed
SUB-0006956,ACC-000271,Commercial,2025-04-07,,annual,19818.0,active
SUB-0006957,ACC-000272,Commercial,2021-12-13,2022-12-13,annual,32554.0,contracted
SUB-0006958,ACC-000272,Commercial,2022-12-13,2023-12-13,annual,26878.0,churned
SUB-0006959,ACC-000273,Commercial,2025-01-09,,annual,42566.0,active
SUB-0006960,ACC-000274,Commercial,2023-04-25,2024-04-25,annual,32354.0,contracted
SUB-0006961,ACC-000274,Commercial,2024-04-25,2025-04-25,annual,27720.0,renewed
SUB-0006962,ACC-000274,Commercial,2025-04-25,,annual,27720.0,active
SUB-0006963,ACC-000275,Commercial,2025-04-11,,annual,18314.0,active
SUB-0006964,ACC-000276,Commercial,2025-11-03,,annual,32296.0,active
SUB-0006965,ACC-000277,Commercial,2025-10-25,,annual,30207.0,active
SUB-0006966,ACC-000278,Commercial,2024-05-15,2025-05-15,annual,31352.0,renewed
SUB-0006967,ACC-000278,Commercial,2025-05-15,,annual,31352.0,active
SUB-0006968,ACC-000279,Commercial,2025-10-18,,annual,19540.0,active
SUB-0006969,ACC-000280,Commercial,2023-06-27,2024-06-27,annual,21225.0,churned
SUB-0006970,ACC-000281,Commercial,2024-12-25,,annual,19651.0,active
SUB-0006971,ACC-000282,Commercial,2025-12-09,,annual,19762.0,active
SUB-0006972,ACC-000283,Commercial,2022-08-20,2023-08-20,annual,16870.0,expanded
SUB-0006973,ACC-000283,Commercial,2023-08-20,2024-08-20,annual,26458.0,expanded
SUB-0006974,ACC-000283,Commercial,2024-08-20,2025-08-20,annual,38832.0,renewed
SUB-0006975,ACC-000283,Commercial,2025-08-20,,annual,38832.0,active
SUB-0006976,ACC-000284,Commercial,2023-05-01,2024-05-01,annual,22412.0,expanded
SUB-0006977,ACC-000284,Commercial,2024-05-01,2025-05-01,annual,30891.0,renewed
SUB-0006978,ACC-000284,Commercial,2025-05-01,,annual,30891.0,active
SUB-0006979,ACC-000285,Enterprise,2024-10-01,,multi_year,717439.0,active
SUB-0006980,ACC-000286,Commercial,2025-08-04,,annual,38684.0,active
SUB-0006981,ACC-000287,Enterprise,2025-05-01,,multi_year,363435.0,active
SUB-0006982,ACC-000288,Commercial,2020-01-30,2021-01-30,annual,34882.0,expanded
SUB-0006983,ACC-000288,Commercial,2021-01-30,2022-01-30,annual,49257.0,churned
SUB-0006984,ACC-000289,Commercial,2023-07-25,2024-07-25,annual,14137.0,contracted
SUB-0006985,ACC-000289,Commercial,2024-07-25,2025-07-25,annual,10809.0,renewed
SUB-0006986,ACC-000289,Commercial,2025-07-25,,annual,10809.0,active
SUB-0006987,ACC-000290,Commercial,2023-05-01,2024-05-01,annual,33384.0,renewed
SUB-0006988,ACC-000290,Commercial,2024-05-01,2025-05-01,annual,33384.0,churned
SUB-0006989,ACC-000291,Commercial,2024-12-03,,annual,24053.0,active
SUB-0006990,ACC-000292,Commercial,2020-04-17,2021-04-17,annual,29440.0,renewed
SUB-0006991,ACC-000292,Commercial,2021-04-17,2022-04-17,annual,29440.0,renewed
SUB-0006992,ACC-000292,Commercial,2022-04-17,2023-04-17,annual,29440.0,renewed
SUB-0006993,ACC-000292,Commercial,2023-04-17,2024-04-17,annual,29440.0,expanded
SUB-0006994,ACC-000292,Commercial,2024-04-17,2025-04-17,annual,38820.0,renewed
SUB-0006995,ACC-000292,Commercial,2025-04-17,,annual,38820.0,active
SUB-0006996,ACC-000293,Commercial,2025-06-05,,annual,22194.0,active
SUB-0006997,ACC-000294,Enterprise,2025-07-01,,multi_year,364825.0,active
SUB-0006998,ACC-000295,Commercial,2025-05-02,,annual,28587.0,active
SUB-0006999,ACC-000296,Commercial,2025-09-07,,annual,21350.0,active
SUB-0007000,ACC-000297,Commercial,2024-11-11,2025-11-11,annual,20781.0,churned
SUB-0007001,ACC-000298,Enterprise,2021-07-01,2023-07-01,multi_year,341916.0,contracted
SUB-0007002,ACC-000298,Enterprise,2023-07-01,2025-07-01,multi_year,315518.0,renewed
SUB-0007003,ACC-000298,Enterprise,2025-07-01,,multi_year,347070.0,active
SUB-0007004,ACC-000299,Commercial,2025-09-27,,annual,16495.0,active
SUB-0007005,ACC-000300,Commercial,2024-10-11,2025-10-11,annual,20489.0,expanded
SUB-0007006,ACC-000300,Commercial,2025-10-11,,annual,26520.0,active
SUB-0007007,ACC-000301,Commercial,2025-05-02,,annual,21896.0,active
SUB-0007008,ACC-000302,Enterprise,2025-07-01,,multi_year,448383.0,active
SUB-0007009,ACC-000303,Commercial,2024-08-24,2025-08-24,annual,22438.0,expanded
SUB-0007010,ACC-000303,Commercial,2025-08-24,,annual,31004.0,active
SUB-0007011,ACC-000304,Commercial,2024-07-16,2025-07-16,annual,19462.0,renewed
SUB-0007012,ACC-000304,Commercial,2025-07-16,,annual,19462.0,active
SUB-0007013,ACC-000305,Commercial,2025-11-25,,annual,28128.0,active
SUB-0007014,ACC-000306,Commercial,2024-10-10,2025-10-10,annual,26718.0,renewed
SUB-0007015,ACC-000306,Commercial,2025-10-10,,annual,26718.0,active
SUB-0007016,ACC-000307,Commercial,2025-10-18,,annual,21199.0,active
SUB-0007017,ACC-000308,Enterprise,2025-05-01,,multi_year,224704.0,active
SUB-0007018,ACC-000309,Commercial,2024-04-22,2025-04-22,annual,14228.0,renewed
SUB-0007019,ACC-000309,Commercial,2025-04-22,,annual,14228.0,active
SUB-0007020,ACC-000310,Commercial,2025-01-02,,annual,23775.0,active
SUB-0007021,ACC-000311,Commercial,2023-11-21,2024-11-21,annual,31954.0,renewed
SUB-0007022,ACC-000311,Commercial,2024-11-21,2025-11-21,annual,31954.0,renewed
SUB-0007023,ACC-000311,Commercial,2025-11-21,,annual,31954.0,active
SUB-0007024,ACC-000312,Commercial,2025-11-18,,annual,13777.0,active
SUB-0007025,ACC-000313,Commercial,2023-01-15,2024-01-15,annual,15190.0,renewed
SUB-0007026,ACC-000313,Commercial,2024-01-15,2025-01-15,annual,15190.0,renewed
SUB-0007027,ACC-000313,Commercial,2025-01-15,,annual,15190.0,active
SUB-0007028,ACC-000314,Commercial,2021-01-30,2022-01-30,annual,16682.0,renewed
SUB-0007029,ACC-000314,Commercial,2022-01-30,2023-01-30,annual,16682.0,renewed
SUB-0007030,ACC-000314,Commercial,2023-01-30,2024-01-30,annual,16682.0,expanded
SUB-0007031,ACC-000314,Commercial,2024-01-30,2025-01-30,annual,23001.0,renewed
SUB-0007032,ACC-000314,Commercial,2025-01-30,,annual,23001.0,active
SUB-0007033,ACC-000315,Enterprise,2024-06-01,,multi_year,450840.0,active
SUB-0007034,ACC-000316,Commercial,2023-02-01,2024-02-01,annual,27034.0,renewed
SUB-0007035,ACC-000316,Commercial,2024-02-01,2025-02-01,annual,27034.0,renewed
SUB-0007036,ACC-000316,Commercial,2025-02-01,,annual,27034.0,active
SUB-0007037,ACC-000317,Commercial,2022-06-23,2023-06-23,annual,23315.0,renewed
SUB-0007038,ACC-000317,Commercial,2023-06-23,2024-06-23,annual,23315.0,expanded
SUB-0007039,ACC-000317,Commercial,2024-06-23,2025-06-23,annual,36685.0,renewed
SUB-0007040,ACC-000317,Commercial,2025-06-23,,annual,36685.0,active
SUB-0007041,ACC-000318,Commercial,2021-03-25,2022-03-25,annual,13444.0,renewed
SUB-0007042,ACC-000318,Commercial,2022-03-25,2023-03-25,annual,13444.0,expanded
SUB-0007043,ACC-000318,Commercial,2023-03-25,2024-03-25,annual,20708.0,renewed
SUB-0007044,ACC-000318,Commercial,2024-03-25,2025-03-25,annual,20708.0,renewed
SUB-0007045,ACC-000318,Commercial,2025-03-25,,annual,20708.0,active
SUB-0007046,ACC-000319,Commercial,2025-10-18,,annual,18571.0,active
SUB-0007047,ACC-000320,Commercial,2021-02-21,2022-02-21,annual,25443.0,renewed
SUB-0007048,ACC-000320,Commercial,2022-02-21,2023-02-21,annual,25443.0,renewed
SUB-0007049,ACC-000320,Commercial,2023-02-21,2024-02-21,annual,25443.0,renewed
SUB-0007050,ACC-000320,Commercial,2024-02-21,2025-02-21,annual,25443.0,renewed
SUB-0007051,ACC-000320,Commercial,2025-02-21,,annual,25443.0,active
SUB-0007052,ACC-000321,Commercial,2023-04-28,2024-04-28,annual,24976.0,expanded
SUB-0007053,ACC-000321,Commercial,2024-04-28,2025-04-28,annual,38506.0,renewed
SUB-0007054,ACC-000321,Commercial,2025-04-28,,annual,38506.0,active
SUB-0007055,ACC-000322,Commercial,2020-12-30,2021-12-30,annual,27417.0,expanded
SUB-0007056,ACC-000322,Commercial,2021-12-30,2022-12-30,annual,42653.0,expanded
SUB-0007057,ACC-000322,Commercial,2022-12-30,2023-12-30,annual,61544.0,renewed
SUB-0007058,ACC-000322,Commercial,2023-12-30,2024-12-30,annual,61544.0,renewed
SUB-0007059,ACC-000322,Commercial,2024-12-30,,annual,61544.0,active
SUB-0007060,ACC-000323,Commercial,2024-10-06,2025-10-06,annual,41467.0,expanded
SUB-0007061,ACC-000323,Commercial,2025-10-06,,annual,62461.0,active
SUB-0007062,ACC-000324,Commercial,2024-01-26,2025-01-26,annual,24062.0,renewed
SUB-0007063,ACC-000324,Commercial,2025-01-26,,annual,24062.0,active
SUB-0007064,ACC-000325,Commercial,2023-02-18,2024-02-18,annual,26143.0,renewed
SUB-0007065,ACC-000325,Commercial,2024-02-18,2025-02-18,annual,26143.0,expanded
SUB-0007066,ACC-000325,Commercial,2025-02-18,,annual,34204.0,active
SUB-0007067,ACC-000326,Enterprise,2025-07-01,,multi_year,578814.0,active
SUB-0007068,ACC-000327,Commercial,2024-12-15,,annual,31321.0,active
SUB-0007069,ACC-000328,Enterprise,2025-12-01,,multi_year,625724.0,active
SUB-0007070,ACC-000329,Commercial,2021-08-13,2022-08-13,annual,20358.0,expanded
SUB-0007071,ACC-000329,Commercial,2022-08-13,2023-08-13,annual,29837.0,churned
SUB-0007072,ACC-000330,Enterprise,2022-03-01,2025-03-01,multi_year,407580.0,expanded
SUB-0007073,ACC-000330,Enterprise,2025-03-01,,multi_year,596336.0,active
SUB-0007074,ACC-000331,Commercial,2023-10-01,2024-10-01,annual,14941.0,renewed
SUB-0007075,ACC-000331,Commercial,2024-10-01,2025-10-01,annual,14941.0,renewed
SUB-0007076,ACC-000331,Commercial,2025-10-01,,annual,14941.0,active
SUB-0007077,ACC-000332,Commercial,2025-08-23,,annual,27396.0,active
SUB-0007078,ACC-000333,Commercial,2025-01-17,,annual,17155.0,active
SUB-0007079,ACC-000334,Enterprise,2025-11-01,,multi_year,372262.0,active
SUB-0007080,ACC-000335,Commercial,2024-10-15,2025-10-15,annual,25141.0,renewed
SUB-0007081,ACC-000335,Commercial,2025-10-15,,annual,25141.0,active
SUB-0007082,ACC-000336,Enterprise,2024-01-01,,multi_year,299782.0,active
SUB-0007083,ACC-000337,Commercial,2022-03-13,2023-03-13,annual,18713.0,renewed
SUB-0007084,ACC-000337,Commercial,2023-03-13,2024-03-13,annual,18713.0,renewed
SUB-0007085,ACC-000337,Commercial,2024-03-13,2025-03-13,annual,18713.0,renewed
SUB-0007086,ACC-000337,Commercial,2025-03-13,,annual,18713.0,active
SUB-0007087,ACC-000338,Commercial,2020-11-19,2021-11-19,annual,15639.0,churned
SUB-0007088,ACC-000339,Commercial,2020-02-12,2021-02-12,annual,27712.0,renewed
SUB-0007089,ACC-000339,Commercial,2021-02-12,2022-02-12,annual,27712.0,churned
SUB-0007090,ACC-000340,Commercial,2025-04-10,,annual,15389.0,active
SUB-0007091,ACC-000341,Commercial,2023-02-04,2024-02-04,annual,18935.0,renewed
SUB-0007092,ACC-000341,Commercial,2024-02-04,2025-02-04,annual,18935.0,renewed
SUB-0007093,ACC-000341,Commercial,2025-02-04,,annual,18935.0,active
SUB-0007094,ACC-000342,Commercial,2022-03-27,2023-03-27,annual,34176.0,renewed
SUB-0007095,ACC-000342,Commercial,2023-03-27,2024-03-27,annual,34176.0,contracted
SUB-0007096,ACC-000342,Commercial,2024-03-27,2025-03-27,annual,29736.0,renewed
SUB-0007097,ACC-000342,Commercial,2025-03-27,,annual,29736.0,active
SUB-0007098,ACC-000343,Commercial,2023-07-24,2024-07-24,annual,31631.0,renewed
SUB-0007099,ACC-000343,Commercial,2024-07-24,2025-07-24,annual,31631.0,renewed
SUB-0007100,ACC-000343,Commercial,2025-07-24,,annual,31631.0,active
SUB-0007101,ACC-000344,Commercial,2025-10-12,,annual,27134.0,active
SUB-0007102,ACC-000345,Commercial,2024-10-07,2025-10-07,annual,17643.0,expanded
SUB-0007103,ACC-000345,Commercial,2025-10-07,,annual,22503.0,active
SUB-0007104,ACC-000346,Commercial,2022-07-17,2023-07-17,annual,25852.0,renewed
SUB-0007105,ACC-000346,Commercial,2023-07-17,2024-07-17,annual,25852.0,renewed
SUB-0007106,ACC-000346,Commercial,2024-07-17,2025-07-17,annual,25852.0,renewed
SUB-0007107,ACC-000346,Commercial,2025-07-17,,annual,25852.0,active
SUB-0007108,ACC-000347,Commercial,2024-07-02,2025-07-02,annual,30434.0,contracted
SUB-0007109,ACC-000347,Commercial,2025-07-02,,annual,26437.0,active
SUB-0007110,ACC-000348,Enterprise,2025-04-01,,multi_year,518949.0,active
SUB-0007111,ACC-000349,Commercial,2025-09-12,,annual,20008.0,active
SUB-0007112,ACC-000350,Commercial,2024-06-06,2025-06-06,annual,16150.0,expanded
SUB-0007113,ACC-000350,Commercial,2025-06-06,,annual,23513.0,active
SUB-0007114,ACC-000351,Commercial,2024-06-17,2025-06-17,annual,33898.0,churned
SUB-0007115,ACC-000352,Enterprise,2025-01-01,,multi_year,246407.0,active
SUB-0007116,ACC-000353,Commercial,2024-03-01,2025-03-01,annual,18838.0,expanded
SUB-0007117,ACC-000353,Commercial,2025-03-01,,annual,24803.0,active
SUB-0007118,ACC-000354,Commercial,2025-11-27,,annual,23669.0,active
SUB-0007119,ACC-000355,Commercial,2025-07-28,,annual,43108.0,active
SUB-0007120,ACC-000356,Commercial,2023-07-09,2024-07-09,annual,33444.0,churned
SUB-0007121,ACC-000357,Commercial,2023-05-18,2024-05-18,annual,24610.0,churned
SUB-0007122,ACC-000358,Commercial,2025-09-17,,annual,20930.0,active
SUB-0007123,ACC-000359,Commercial,2025-08-15,,annual,26186.0,active
SUB-0007124,ACC-000360,Commercial,2022-07-14,2023-07-14,annual,37385.0,renewed
SUB-0007125,ACC-000360,Commercial,2023-07-14,2024-07-14,annual,37385.0,expanded
SUB-0007126,ACC-000360,Commercial,2024-07-14,2025-07-14,annual,47048.0,renewed
SUB-0007127,ACC-000360,Commercial,2025-07-14,,annual,47048.0,active
SUB-0007128,ACC-000361,Commercial,2024-12-17,,annual,24082.0,active
SUB-0007129,ACC-000362,Enterprise,2025-10-01,,multi_year,413644.0,active
SUB-0007130,ACC-000363,Commercial,2023-02-03,2024-02-03,annual,25671.0,renewed
SUB-0007131,ACC-000363,Commercial,2024-02-03,2025-02-03,annual,25671.0,renewed
SUB-0007132,ACC-000363,Commercial,2025-02-03,,annual,25671.0,active
SUB-0007133,ACC-000364,Commercial,2024-03-18,2025-03-18,annual,24060.0,renewed
SUB-0007134,ACC-000364,Commercial,2025-03-18,,annual,24060.0,active
SUB-0007135,ACC-000365,Commercial,2023-07-14,2024-07-14,annual,23792.0,renewed
SUB-0007136,ACC-000365,Commercial,2024-07-14,2025-07-14,annual,23792.0,expanded
SUB-0007137,ACC-000365,Commercial,2025-07-14,,annual,37419.0,active
SUB-0007138,ACC-000366,Enterprise,2023-11-01,2025-11-01,multi_year,312557.0,renewed
SUB-0007139,ACC-000366,Enterprise,2025-11-01,,multi_year,328185.0,active
SUB-0007140,ACC-000367,Commercial,2025-08-27,,annual,20711.0,active
SUB-0007141,ACC-000368,Commercial,2024-01-07,2025-01-07,annual,23015.0,renewed
SUB-0007142,ACC-000368,Commercial,2025-01-07,,annual,23015.0,active
SUB-0007143,ACC-000369,Commercial,2025-08-23,,annual,19709.0,active
SUB-0007144,ACC-000370,Commercial,2025-11-20,,annual,29534.0,active
SUB-0007145,ACC-000371,Commercial,2025-01-06,,annual,14990.0,active
SUB-0007146,ACC-000372,Commercial,2025-09-18,,annual,16046.0,active
SUB-0007147,ACC-000373,Commercial,2025-11-20,,annual,21630.0,active
SUB-0007148,ACC-000374,Commercial,2023-08-25,2024-08-25,annual,13331.0,renewed
SUB-0007149,ACC-000374,Commercial,2024-08-25,2025-08-25,annual,13331.0,expanded
SUB-0007150,ACC-000374,Commercial,2025-08-25,,annual,17281.0,active
SUB-0007151,ACC-000375,Commercial,2025-04-25,,annual,26458.0,active
SUB-0007152,ACC-000376,Commercial,2024-11-02,2025-11-02,annual,18346.0,renewed
SUB-0007153,ACC-000376,Commercial,2025-11-02,,annual,18346.0,active
SUB-0007154,ACC-000377,Enterprise,2025-04-01,,multi_year,397752.0,active
SUB-0007155,ACC-000378,Commercial,2025-08-05,,annual,18257.0,active
SUB-0007156,ACC-000379,Commercial,2025-11-03,,annual,24579.0,active
SUB-0007157,ACC-000380,Commercial,2024-08-20,2025-08-20,annual,20928.0,renewed
SUB-0007158,ACC-000380,Commercial,2025-08-20,,annual,20928.0,active
SUB-0007159,ACC-000381,Commercial,2025-06-06,,annual,11034.0,active
SUB-0007160,ACC-000382,Commercial,2020-07-14,2021-07-14,annual,24060.0,renewed
SUB-0007161,ACC-000382,Commercial,2021-07-14,2022-07-14,annual,24060.0,renewed
SUB-0007162,ACC-000382,Commercial,2022-07-14,2023-07-14,annual,24060.0,renewed
SUB-0007163,ACC-000382,Commercial,2023-07-14,2024-07-14,annual,24060.0,contracted
SUB-0007164,ACC-000382,Commercial,2024-07-14,2025-07-14,annual,19195.0,renewed
SUB-0007165,ACC-000382,Commercial,2025-07-14,,annual,19195.0,active
SUB-0007166,ACC-000383,Commercial,2024-03-13,2025-03-13,annual,43961.0,renewed
SUB-0007167,ACC-000383,Commercial,2025-03-13,,annual,43961.0,active
SUB-0007168,ACC-000384,Commercial,2024-11-02,2025-11-02,annual,39257.0,churned
SUB-0007169,ACC-000385,Enterprise,2024-12-01,,multi_year,315255.0,active
SUB-0007170,ACC-000386,Commercial,2024-12-01,2025-12-01,annual,10242.0,renewed
SUB-0007171,ACC-000386,Commercial,2025-12-01,,annual,10242.0,active
SUB-0007172,ACC-000387,Commercial,2025-10-14,,annual,13156.0,active
SUB-0007173,ACC-000388,Commercial,2023-04-16,2024-04-16,annual,28454.0,renewed
SUB-0007174,ACC-000388,Commercial,2024-04-16,2025-04-16,annual,28454.0,renewed
SUB-0007175,ACC-000388,Commercial,2025-04-16,,annual,28454.0,active
SUB-0007176,ACC-000389,Commercial,2024-08-01,2025-08-01,annual,26647.0,renewed
SUB-0007177,ACC-000389,Commercial,2025-08-01,,annual,26647.0,active
SUB-0007178,ACC-000390,Commercial,2025-06-06,,annual,32420.0,active
SUB-0007179,ACC-000391,Commercial,2024-07-19,2025-07-19,annual,17560.0,churned
SUB-0007180,ACC-000392,Commercial,2022-06-16,2023-06-16,annual,23951.0,renewed
SUB-0007181,ACC-000392,Commercial,2023-06-16,2024-06-16,annual,23951.0,renewed
SUB-0007182,ACC-000392,Commercial,2024-06-16,2025-06-16,annual,23951.0,renewed
SUB-0007183,ACC-000392,Commercial,2025-06-16,,annual,23951.0,active
SUB-0007184,ACC-000393,Commercial,2025-02-01,,annual,35643.0,active
SUB-0007185,ACC-000394,Commercial,2025-01-15,,annual,21014.0,active
SUB-0007186,ACC-000395,Commercial,2023-07-19,2024-07-19,annual,23649.0,expanded
SUB-0007187,ACC-000395,Commercial,2024-07-19,2025-07-19,annual,37680.0,renewed
SUB-0007188,ACC-000395,Commercial,2025-07-19,,annual,37680.0,active
SUB-0007189,ACC-000396,Enterprise,2025-07-01,,multi_year,698160.0,active
SUB-0007190,ACC-000397,Commercial,2023-09-12,2024-09-12,annual,26026.0,expanded
SUB-0007191,ACC-000397,Commercial,2024-09-12,2025-09-12,annual,36433.0,renewed
SUB-0007192,ACC-000397,Commercial,2025-09-12,,annual,36433.0,active
SUB-0007193,ACC-000398,Commercial,2024-10-02,2025-10-02,annual,28804.0,renewed
SUB-0007194,ACC-000398,Commercial,2025-10-02,,annual,28804.0,active
SUB-0007195,ACC-000399,Commercial,2022-01-23,2023-01-23,annual,23878.0,contracted
SUB-0007196,ACC-000399,Commercial,2023-01-23,2024-01-23,annual,18572.0,renewed
SUB-0007197,ACC-000399,Commercial,2024-01-23,2025-01-23,annual,18572.0,churned
SUB-0007198,ACC-000400,Commercial,2024-04-12,2025-04-12,annual,25214.0,renewed
SUB-0007199,ACC-000400,Commercial,2025-04-12,,annual,25214.0,active
SUB-0007200,ACC-000401,Commercial,2025-09-27,,annual,29551.0,active
SUB-0007201,ACC-000402,Commercial,2021-11-15,2022-11-15,annual,21728.0,churned
SUB-0007202,ACC-000403,Commercial,2023-06-02,2024-06-02,annual,19857.0,renewed
SUB-0007203,ACC-000403,Commercial,2024-06-02,2025-06-02,annual,19857.0,expanded
SUB-0007204,ACC-000403,Commercial,2025-06-02,,annual,30459.0,active
SUB-0007205,ACC-000404,Commercial,2025-05-05,,annual,18954.0,active
SUB-0007206,ACC-000405,Commercial,2023-11-08,2024-11-08,annual,26676.0,expanded
SUB-0007207,ACC-000405,Commercial,2024-11-08,2025-11-08,annual,38150.0,renewed
SUB-0007208,ACC-000405,Commercial,2025-11-08,,annual,38150.0,active
SUB-0007209,ACC-000406,Commercial,2025-09-05,,annual,27298.0,active
SUB-0007210,ACC-000407,Commercial,2025-01-03,,annual,53960.0,active
SUB-0007211,ACC-000408,Commercial,2023-09-19,2024-09-19,annual,12054.0,expanded
SUB-0007212,ACC-000408,Commercial,2024-09-19,2025-09-19,annual,17585.0,renewed
SUB-0007213,ACC-000408,Commercial,2025-09-19,,annual,17585.0,active
SUB-0007214,ACC-000409,Commercial,2025-04-03,,annual,22621.0,active
SUB-0007215,ACC-000410,Commercial,2024-09-01,2025-09-01,annual,17083.0,churned
SUB-0007216,ACC-000411,Commercial,2021-11-17,2022-11-17,annual,12461.0,renewed
SUB-0007217,ACC-000411,Commercial,2022-11-17,2023-11-17,annual,12461.0,churned
SUB-0007218,ACC-000412,Enterprise,2024-06-01,,multi_year,707886.0,active
SUB-0007219,ACC-000413,Commercial,2020-09-15,2021-09-15,annual,19602.0,renewed
SUB-0007220,ACC-000413,Commercial,2021-09-15,2022-09-15,annual,19602.0,renewed
SUB-0007221,ACC-000413,Commercial,2022-09-15,2023-09-15,annual,19602.0,renewed
SUB-0007222,ACC-000413,Commercial,2023-09-15,2024-09-15,annual,19602.0,contracted
SUB-0007223,ACC-000413,Commercial,2024-09-15,2025-09-15,annual,15397.0,renewed
SUB-0007224,ACC-000413,Commercial,2025-09-15,,annual,15397.0,active
SUB-0007225,ACC-000414,Commercial,2025-01-24,,annual,17401.0,active
SUB-0007226,ACC-000415,Commercial,2024-01-19,2025-01-19,annual,30441.0,contracted
SUB-0007227,ACC-000415,Commercial,2025-01-19,,annual,25456.0,active
SUB-0007228,ACC-000416,Commercial,2025-09-10,,annual,19494.0,active
SUB-0007229,ACC-000417,Commercial,2024-12-20,,annual,10657.0,active
SUB-0007230,ACC-000418,Commercial,2024-01-23,2025-01-23,annual,27219.0,contracted
SUB-0007231,ACC-000418,Commercial,2025-01-23,,annual,21761.0,active
SUB-0007232,ACC-000419,Commercial,2025-11-15,,annual,16079.0,active
SUB-0007233,ACC-000420,Enterprise,2025-11-01,,multi_year,330881.0,active
SUB-0007234,ACC-000421,Commercial,2024-03-07,2025-03-07,annual,18702.0,renewed
SUB-0007235,ACC-000421,Commercial,2025-03-07,,annual,18702.0,active
SUB-0007236,ACC-000422,Commercial,2025-05-11,,annual,41644.0,active
SUB-0007237,ACC-000423,Enterprise,2025-03-01,,multi_year,613154.0,active
SUB-0007238,ACC-000424,Commercial,2022-10-08,2023-10-08,annual,26746.0,churned
SUB-0007239,ACC-000425,Commercial,2023-11-16,2024-11-16,annual,26714.0,expanded
SUB-0007240,ACC-000425,Commercial,2024-11-16,2025-11-16,annual,42438.0,expanded
SUB-0007241,ACC-000425,Commercial,2025-11-16,,annual,67567.0,active
SUB-0007242,ACC-000426,Commercial,2024-10-22,2025-10-22,annual,34260.0,churned
SUB-0007243,ACC-000427,Commercial,2025-11-22,,annual,28211.0,active
SUB-0007244,ACC-000428,Commercial,2021-09-07,2022-09-07,annual,12322.0,renewed
SUB-0007245,ACC-000428,Commercial,2022-09-07,2023-09-07,annual,12322.0,expanded
SUB-0007246,ACC-000428,Commercial,2023-09-07,2024-09-07,annual,19493.0,expanded
SUB-0007247,ACC-000428,Commercial,2024-09-07,2025-09-07,annual,26494.0,renewed
SUB-0007248,ACC-000428,Commercial,2025-09-07,,annual,26494.0,active
SUB-0007249,ACC-000429,Commercial,2021-05-28,2022-05-28,annual,20709.0,renewed
SUB-0007250,ACC-000429,Commercial,2022-05-28,2023-05-28,annual,20709.0,expanded
SUB-0007251,ACC-000429,Commercial,2023-05-28,2024-05-28,annual,32137.0,renewed
SUB-0007252,ACC-000429,Commercial,2024-05-28,2025-05-28,annual,32137.0,renewed
SUB-0007253,ACC-000429,Commercial,2025-05-28,,annual,32137.0,active
SUB-0007254,ACC-000430,Commercial,2022-04-22,2023-04-22,annual,23020.0,expanded
SUB-0007255,ACC-000430,Commercial,2023-04-22,2024-04-22,annual,35523.0,expanded
SUB-0007256,ACC-000430,Commercial,2024-04-22,2025-04-22,annual,53331.0,renewed
SUB-0007257,ACC-000430,Commercial,2025-04-22,,annual,53331.0,active
SUB-0007258,ACC-000431,Commercial,2025-05-02,,annual,22731.0,active
SUB-0007259,ACC-000432,Commercial,2024-08-16,2025-08-16,annual,22482.0,renewed
SUB-0007260,ACC-000432,Commercial,2025-08-16,,annual,22482.0,active
SUB-0007261,ACC-000433,Commercial,2023-08-17,2024-08-17,annual,25936.0,renewed
SUB-0007262,ACC-000433,Commercial,2024-08-17,2025-08-17,annual,25936.0,renewed
SUB-0007263,ACC-000433,Commercial,2025-08-17,,annual,25936.0,active
SUB-0007264,ACC-000434,Commercial,2025-10-07,,annual,28269.0,active
SUB-0007265,ACC-000435,Commercial,2021-08-18,2022-08-18,annual,18853.0,expanded
SUB-0007266,ACC-000435,Commercial,2022-08-18,2023-08-18,annual,28648.0,expanded
SUB-0007267,ACC-000435,Commercial,2023-08-18,2024-08-18,annual,41697.0,renewed
SUB-0007268,ACC-000435,Commercial,2024-08-18,2025-08-18,annual,41697.0,renewed
SUB-0007269,ACC-000435,Commercial,2025-08-18,,annual,41697.0,active
SUB-0007270,ACC-000436,Commercial,2024-08-23,2025-08-23,annual,19953.0,contracted
SUB-0007271,ACC-000436,Commercial,2025-08-23,,annual,16707.0,active
SUB-0007272,ACC-000437,Commercial,2020-07-12,2021-07-12,annual,27596.0,churned
SUB-0007273,ACC-000438,Commercial,2023-09-24,2024-09-24,annual,26356.0,expanded
SUB-0007274,ACC-000438,Commercial,2024-09-24,2025-09-24,annual,33636.0,renewed
SUB-0007275,ACC-000438,Commercial,2025-09-24,,annual,33636.0,active
SUB-0007276,ACC-000439,Commercial,2025-11-01,,annual,22167.0,active
SUB-0007277,ACC-000440,Commercial,2021-08-10,2022-08-10,annual,14351.0,renewed
SUB-0007278,ACC-000440,Commercial,2022-08-10,2023-08-10,annual,14351.0,expanded
SUB-0007279,ACC-000440,Commercial,2023-08-10,2024-08-10,annual,19835.0,renewed
SUB-0007280,ACC-000440,Commercial,2024-08-10,2025-08-10,annual,19835.0,churned
SUB-0007281,ACC-000441,Commercial,2025-06-12,,annual,26048.0,active
SUB-0007282,ACC-000442,Commercial,2023-12-08,2024-12-08,annual,22863.0,contracted
SUB-0007283,ACC-000442,Commercial,2024-12-08,,annual,18173.0,active
SUB-0007284,ACC-000443,Commercial,2024-07-05,2025-07-05,annual,15470.0,renewed
SUB-0007285,ACC-000443,Commercial,2025-07-05,,annual,15470.0,active
SUB-0007286,ACC-000444,Commercial,2025-07-11,,annual,28806.0,active
SUB-0007287,ACC-000445,Commercial,2023-10-01,2024-10-01,annual,33486.0,renewed
SUB-0007288,ACC-000445,Commercial,2024-10-01,2025-10-01,annual,33486.0,churned
SUB-0007289,ACC-000446,Commercial,2021-04-14,2022-04-14,annual,35088.0,renewed
SUB-0007290,ACC-000446,Commercial,2022-04-14,2023-04-14,annual,35088.0,expanded
SUB-0007291,ACC-000446,Commercial,2023-04-14,2024-04-14,annual,55743.0,contracted
SUB-0007292,ACC-000446,Commercial,2024-04-14,2025-04-14,annual,45729.0,churned
SUB-0007293,ACC-000447,Commercial,2024-09-09,2025-09-09,annual,24421.0,renewed
SUB-0007294,ACC-000447,Commercial,2025-09-09,,annual,24421.0,active
SUB-0007295,ACC-000448,Commercial,2023-10-05,2024-10-05,annual,13352.0,renewed
SUB-0007296,ACC-000448,Commercial,2024-10-05,2025-10-05,annual,13352.0,renewed
SUB-0007297,ACC-000448,Commercial,2025-10-05,,annual,13352.0,active
SUB-0007298,ACC-000449,Commercial,2020-10-25,2021-10-25,annual,45775.0,contracted
SUB-0007299,ACC-000449,Commercial,2021-10-25,2022-10-25,annual,40592.0,renewed
SUB-0007300,ACC-000449,Commercial,2022-10-25,2023-10-25,annual,40592.0,expanded
SUB-0007301,ACC-000449,Commercial,2023-10-25,2024-10-25,annual,61949.0,expanded
SUB-0007302,ACC-000449,Commercial,2024-10-25,2025-10-25,annual,86372.0,renewed
SUB-0007303,ACC-000449,Commercial,2025-10-25,,annual,86372.0,active
SUB-0007304,ACC-000450,Commercial,2025-03-13,,annual,18760.0,active
SUB-0007305,ACC-000451,Commercial,2024-12-28,,annual,21787.0,active
SUB-0007306,ACC-000452,Enterprise,2025-04-01,,multi_year,414321.0,active
SUB-0007307,ACC-000453,Commercial,2021-04-12,2022-04-12,annual,26423.0,renewed
SUB-0007308,ACC-000453,Commercial,2022-04-12,2023-04-12,annual,26423.0,renewed
SUB-0007309,ACC-000453,Commercial,2023-04-12,2024-04-12,annual,26423.0,renewed
SUB-0007310,ACC-000453,Commercial,2024-04-12,2025-04-12,annual,26423.0,renewed
SUB-0007311,ACC-000453,Commercial,2025-04-12,,annual,26423.0,active
SUB-0007312,ACC-000454,Commercial,2024-09-27,2025-09-27,annual,26343.0,renewed
SUB-0007313,ACC-000454,Commercial,2025-09-27,,annual,26343.0,active
SUB-0007314,ACC-000455,Commercial,2023-04-27,2024-04-27,annual,25714.0,renewed
SUB-0007315,ACC-000455,Commercial,2024-04-27,2025-04-27,annual,25714.0,renewed
SUB-0007316,ACC-000455,Commercial,2025-04-27,,annual,25714.0,active
SUB-0007317,ACC-000456,Commercial,2023-03-28,2024-03-28,annual,51068.0,renewed
SUB-0007318,ACC-000456,Commercial,2024-03-28,2025-03-28,annual,51068.0,contracted
SUB-0007319,ACC-000456,Commercial,2025-03-28,,annual,41360.0,active
SUB-0007320,ACC-000457,Commercial,2023-06-09,2024-06-09,annual,28048.0,renewed
SUB-0007321,ACC-000457,Commercial,2024-06-09,2025-06-09,annual,28048.0,expanded
SUB-0007322,ACC-000457,Commercial,2025-06-09,,annual,41913.0,active
SUB-0007323,ACC-000458,Commercial,2025-02-10,,annual,13300.0,active
SUB-0007324,ACC-000459,Commercial,2025-02-11,,annual,14014.0,active
SUB-0007325,ACC-000460,Commercial,2024-08-09,2025-08-09,annual,28133.0,renewed
SUB-0007326,ACC-000460,Commercial,2025-08-09,,annual,28133.0,active
SUB-0007327,ACC-000461,Commercial,2024-11-07,2025-11-07,annual,28620.0,churned
SUB-0007328,ACC-000462,Commercial,2023-07-27,2024-07-27,annual,15449.0,renewed
SUB-0007329,ACC-000462,Commercial,2024-07-27,2025-07-27,annual,15449.0,renewed
SUB-0007330,ACC-000462,Commercial,2025-07-27,,annual,15449.0,active
SUB-0007331,ACC-000463,Commercial,2025-02-18,,annual,26431.0,active
SUB-0007332,ACC-000464,Commercial,2021-01-04,2022-01-04,annual,33596.0,expanded
SUB-0007333,ACC-000464,Commercial,2022-01-04,2023-01-04,annual,49794.0,expanded
SUB-0007334,ACC-000464,Commercial,2023-01-04,2024-01-04,annual,72912.0,churned
SUB-0007335,ACC-000465,Commercial,2024-03-19,2025-03-19,annual,20089.0,renewed
SUB-0007336,ACC-000465,Commercial,2025-03-19,,annual,20089.0,active
SUB-0007337,ACC-000466,Commercial,2025-08-24,,annual,22977.0,active
SUB-0007338,ACC-000467,Enterprise,2024-04-01,,multi_year,380817.0,active
SUB-0007339,ACC-000468,Commercial,2025-01-08,,annual,21526.0,active
SUB-0007340,ACC-000469,Commercial,2023-09-07,2024-09-07,annual,14049.0,expanded
SUB-0007341,ACC-000469,Commercial,2024-09-07,2025-09-07,annual,21151.0,expanded
SUB-0007342,ACC-000469,Commercial,2025-09-07,,annual,29882.0,active
SUB-0007343,ACC-000470,Commercial,2025-10-22,,annual,15209.0,active
SUB-0007344,ACC-000471,Commercial,2024-11-03,2025-11-03,annual,30903.0,expanded
SUB-0007345,ACC-000471,Commercial,2025-11-03,,annual,39700.0,active
SUB-0007346,ACC-000472,Commercial,2022-08-08,2023-08-08,annual,25061.0,renewed
SUB-0007347,ACC-000472,Commercial,2023-08-08,2024-08-08,annual,25061.0,renewed
SUB-0007348,ACC-000472,Commercial,2024-08-08,2025-08-08,annual,25061.0,contracted
SUB-0007349,ACC-000472,Commercial,2025-08-08,,annual,21068.0,active
SUB-0007350,ACC-000473,Commercial,2024-05-21,2025-05-21,annual,24568.0,churned
SUB-0007351,ACC-000474,Commercial,2025-08-06,,annual,28566.0,active
SUB-0007352,ACC-000475,Commercial,2023-08-19,2024-08-19,annual,21198.0,churned
SUB-0007353,ACC-000476,Commercial,2024-04-07,2025-04-07,annual,36742.0,contracted
SUB-0007354,ACC-000476,Commercial,2025-04-07,,annual,28544.0,active
SUB-0007355,ACC-000477,Commercial,2025-04-15,,annual,42668.0,active
SUB-0007356,ACC-000478,Commercial,2022-03-01,2023-03-01,annual,25633.0,renewed
SUB-0007357,ACC-000478,Commercial,2023-03-01,2024-03-01,annual,25633.0,expanded
SUB-0007358,ACC-000478,Commercial,2024-03-01,2025-03-01,annual,40785.0,expanded
SUB-0007359,ACC-000478,Commercial,2025-03-01,,annual,51141.0,active
SUB-0007360,ACC-000514,Commercial,2024-06-01,2025-06-01,annual,26496.0,renewed
SUB-0007361,ACC-000514,Commercial,2025-06-01,,annual,26496.0,active
SUB-0007362,ACC-000528,Commercial,2025-10-01,,annual,28298.0,active
SUB-0007363,ACC-000529,Commercial,2025-03-01,,annual,23894.0,active
SUB-0007364,ACC-000545,Commercial,2025-07-01,,annual,22800.0,active
SUB-0007365,ACC-000557,Commercial,2024-07-01,2025-07-01,annual,33152.0,renewed
SUB-0007366,ACC-000557,Commercial,2025-07-01,,annual,33152.0,active
SUB-0007367,ACC-000558,Commercial,2024-03-01,2025-03-01,annual,17590.0,expanded
SUB-0007368,ACC-000558,Commercial,2025-03-01,,annual,26286.0,active
SUB-0007369,ACC-000573,Commercial,2025-06-01,,annual,19551.0,active
SUB-0007370,ACC-000576,Commercial,2024-10-01,2025-10-01,annual,32306.0,expanded
SUB-0007371,ACC-000576,Commercial,2025-10-01,,annual,44995.0,active
SUB-0007372,ACC-000600,Commercial,2025-08-01,,annual,24824.0,active
SUB-0007373,ACC-000605,Commercial,2025-11-01,,annual,23406.0,active
SUB-0007374,ACC-000612,Commercial,2025-06-01,,annual,14706.0,active
SUB-0007375,ACC-000614,Commercial,2025-01-01,,annual,18826.0,active
SUB-0007376,ACC-000618,Commercial,2025-08-01,,annual,33278.0,active
SUB-0007377,ACC-000631,Commercial,2021-12-01,2022-12-01,annual,36562.0,renewed
SUB-0007378,ACC-000631,Commercial,2022-12-01,2023-12-01,annual,36562.0,renewed
SUB-0007379,ACC-000631,Commercial,2023-12-01,2024-12-01,annual,36562.0,renewed
SUB-0007380,ACC-000631,Commercial,2024-12-01,2025-12-01,annual,36562.0,expanded
SUB-0007381,ACC-000631,Commercial,2025-12-01,,annual,47107.0,active
SUB-0007382,ACC-000648,Commercial,2025-08-01,,annual,23617.0,active
SUB-0007383,ACC-000655,Commercial,2023-08-01,2024-08-01,annual,24429.0,expanded
SUB-0007384,ACC-000655,Commercial,2024-08-01,2025-08-01,annual,34663.0,churned
SUB-0007385,ACC-000665,Commercial,2022-12-01,2023-12-01,annual,11312.0,renewed
SUB-0007386,ACC-000665,Commercial,2023-12-01,2024-12-01,annual,11312.0,renewed
SUB-0007387,ACC-000665,Commercial,2024-12-01,2025-12-01,annual,11312.0,churned
SUB-0007388,ACC-000679,Commercial,2025-03-01,,annual,28111.0,active
SUB-0007389,ACC-000683,Commercial,2025-07-01,,annual,28843.0,active
SUB-0007390,ACC-000684,Commercial,2025-08-01,,annual,17203.0,active
SUB-0007391,ACC-000698,Commercial,2024-11-01,2025-11-01,annual,14316.0,renewed
SUB-0007392,ACC-000698,Commercial,2025-11-01,,annual,14316.0,active
SUB-0007393,ACC-000707,Enterprise,2025-10-01,,multi_year,576726.0,active
SUB-0007394,ACC-000720,Commercial,2025-06-01,,annual,34592.0,active
SUB-0007395,ACC-000729,Commercial,2025-04-01,,annual,23848.0,active
SUB-0007396,ACC-000731,Commercial,2023-07-01,2024-07-01,annual,18346.0,renewed
SUB-0007397,ACC-000731,Commercial,2024-07-01,2025-07-01,annual,18346.0,renewed
SUB-0007398,ACC-000731,Commercial,2025-07-01,,annual,18346.0,active
SUB-0007399,ACC-000740,Commercial,2025-09-01,,annual,30256.0,active
SUB-0007400,ACC-000743,Commercial,2025-06-01,,annual,26718.0,active
SUB-0007401,ACC-000754,Commercial,2024-07-01,2025-07-01,annual,10246.0,renewed
SUB-0007402,ACC-000754,Commercial,2025-07-01,,annual,10246.0,active
SUB-0007403,ACC-000765,Commercial,2025-02-01,,annual,22796.0,active
SUB-0007404,ACC-000768,Commercial,2025-11-01,,annual,13912.0,active
SUB-0007405,ACC-000770,Commercial,2022-09-01,2023-09-01,annual,21396.0,expanded
SUB-0007406,ACC-000770,Commercial,2023-09-01,2024-09-01,annual,32163.0,renewed
SUB-0007407,ACC-000770,Commercial,2024-09-01,2025-09-01,annual,32163.0,expanded
SUB-0007408,ACC-000770,Commercial,2025-09-01,,annual,40715.0,active
SUB-0007409,ACC-000773,Commercial,2023-12-01,2024-12-01,annual,15744.0,contracted
SUB-0007410,ACC-000773,Commercial,2024-12-01,2025-12-01,annual,13530.0,renewed
SUB-0007411,ACC-000773,Commercial,2025-12-01,,annual,13530.0,active
SUB-0007412,ACC-000787,Commercial,2025-02-01,,annual,14956.0,active
SUB-0007413,ACC-000796,Commercial,2024-01-01,2025-01-01,annual,37425.0,expanded
SUB-0007414,ACC-000796,Commercial,2025-01-01,,annual,55992.0,active
SUB-0007415,ACC-000809,Enterprise,2025-01-01,,multi_year,169000.0,active
SUB-0007416,ACC-000818,Commercial,2021-05-01,2022-05-01,annual,30079.0,expanded
SUB-0007417,ACC-000818,Commercial,2022-05-01,2023-05-01,annual,42255.0,renewed
SUB-0007418,ACC-000818,Commercial,2023-05-01,2024-05-01,annual,42255.0,churned
SUB-0007419,ACC-000819,Enterprise,2025-09-01,,multi_year,613509.0,active
SUB-0007420,ACC-000829,Commercial,2024-07-01,2025-07-01,annual,21525.0,expanded
SUB-0007421,ACC-000829,Commercial,2025-07-01,,annual,29736.0,active
SUB-0007422,ACC-000838,Commercial,2025-11-01,,annual,19821.0,active
SUB-0007423,ACC-000866,Commercial,2024-10-01,2025-10-01,annual,38064.0,renewed
SUB-0007424,ACC-000866,Commercial,2025-10-01,,annual,38064.0,active
SUB-0007425,ACC-000897,Commercial,2025-10-01,,annual,17899.0,active
SUB-0007426,ACC-000913,Commercial,2024-03-01,2025-03-01,annual,21034.0,renewed
SUB-0007427,ACC-000913,Commercial,2025-03-01,,annual,21034.0,active
SUB-0007428,ACC-000918,Commercial,2025-10-01,,annual,16389.0,active
SUB-0007429,ACC-000925,Commercial,2022-07-01,2023-07-01,annual,21279.0,renewed
SUB-0007430,ACC-000925,Commercial,2023-07-01,2024-07-01,annual,21279.0,renewed
SUB-0007431,ACC-000925,Commercial,2024-07-01,2025-07-01,annual,21279.0,renewed
SUB-0007432,ACC-000925,Commercial,2025-07-01,,annual,21279.0,active
SUB-0007433,ACC-000928,Commercial,2025-10-01,,annual,17351.0,active
SUB-0007434,ACC-000931,Commercial,2023-02-01,2024-02-01,annual,11411.0,renewed
SUB-0007435,ACC-000931,Commercial,2024-02-01,2025-02-01,annual,11411.0,renewed
SUB-0007436,ACC-000931,Commercial,2025-02-01,,annual,11411.0,active
SUB-0007437,ACC-000935,Commercial,2025-02-01,,annual,23944.0,active
SUB-0007438,ACC-000937,Commercial,2025-11-01,,annual,16241.0,active
SUB-0007439,ACC-000942,Commercial,2025-10-01,,annual,25382.0,active
SUB-0007440,ACC-000958,Commercial,2023-02-01,2024-02-01,annual,15259.0,renewed
SUB-0007441,ACC-000958,Commercial,2024-02-01,2025-02-01,annual,15259.0,renewed
SUB-0007442,ACC-000958,Commercial,2025-02-01,,annual,15259.0,active
SUB-0007443,ACC-000959,Commercial,2020-09-01,2021-09-01,annual,13234.0,renewed
SUB-0007444,ACC-000959,Commercial,2021-09-01,2022-09-01,annual,13234.0,renewed
SUB-0007445,ACC-000959,Commercial,2022-09-01,2023-09-01,annual,13234.0,renewed
SUB-0007446,ACC-000959,Commercial,2023-09-01,2024-09-01,annual,13234.0,renewed
SUB-0007447,ACC-000959,Commercial,2024-09-01,2025-09-01,annual,13234.0,renewed
SUB-0007448,ACC-000959,Commercial,2025-09-01,,annual,13234.0,active
SUB-0007449,ACC-000970,Enterprise,2025-10-01,,multi_year,394739.0,active
SUB-0007450,ACC-000973,Commercial,2025-11-01,,annual,35794.0,active
SUB-0007451,ACC-000996,Commercial,2025-06-01,,annual,15174.0,active
SUB-0007452,ACC-001024,Commercial,2025-11-01,,annual,17103.0,active
SUB-0007453,ACC-001039,Commercial,2025-12-01,,annual,17539.0,active
SUB-0007454,ACC-001056,Commercial,2025-10-01,,annual,29790.0,active
SUB-0007455,ACC-001058,Commercial,2025-04-01,,annual,21415.0,active
SUB-0007456,ACC-001063,Commercial,2025-09-01,,annual,22761.0,active
SUB-0007457,ACC-001064,Commercial,2024-07-01,2025-07-01,annual,25489.0,renewed
SUB-0007458,ACC-001064,Commercial,2025-07-01,,annual,25489.0,active
SUB-0007459,ACC-001079,Commercial,2025-02-01,,annual,23245.0,active
SUB-0007460,ACC-001084,Commercial,2025-04-01,,annual,33984.0,active
SUB-0007461,ACC-001088,Commercial,2025-12-01,,annual,18457.0,active
SUB-0007462,ACC-001099,Commercial,2025-12-01,,annual,15954.0,active
SUB-0007463,ACC-001101,Commercial,2025-09-01,,annual,35870.0,active
SUB-0007464,ACC-001114,Commercial,2025-09-01,,annual,18112.0,active
SUB-0007465,ACC-001139,Commercial,2024-03-01,2025-03-01,annual,18597.0,renewed
SUB-0007466,ACC-001139,Commercial,2025-03-01,,annual,18597.0,active
SUB-0007467,ACC-001163,Commercial,2025-08-01,,annual,8840.0,active
SUB-0007468,ACC-001171,Commercial,2024-12-01,2025-12-01,annual,18542.0,renewed
SUB-0007469,ACC-001171,Commercial,2025-12-01,,annual,18542.0,active
SUB-0007470,ACC-001183,Commercial,2025-11-01,,annual,21814.0,active
SUB-0007471,ACC-001196,Commercial,2025-08-01,,annual,54073.0,active
SUB-0007472,ACC-001197,Commercial,2025-01-01,,annual,12503.0,active
SUB-0007473,ACC-001215,Commercial,2025-09-01,,annual,20174.0,active
SUB-0007474,ACC-001216,Commercial,2023-12-01,2024-12-01,annual,21744.0,renewed
SUB-0007475,ACC-001216,Commercial,2024-12-01,2025-12-01,annual,21744.0,renewed
SUB-0007476,ACC-001216,Commercial,2025-12-01,,annual,21744.0,active
SUB-0007477,ACC-001219,Commercial,2025-08-01,,annual,15358.0,active
SUB-0007478,ACC-001222,Commercial,2022-05-01,2023-05-01,annual,17762.0,renewed
SUB-0007479,ACC-001222,Commercial,2023-05-01,2024-05-01,annual,17762.0,renewed
SUB-0007480,ACC-001222,Commercial,2024-05-01,2025-05-01,annual,17762.0,renewed
SUB-0007481,ACC-001222,Commercial,2025-05-01,,annual,17762.0,active
SUB-0007482,ACC-001234,Commercial,2025-10-01,,annual,21141.0,active
SUB-0007483,ACC-001263,Commercial,2025-07-01,,annual,28336.0,active
SUB-0007484,ACC-001279,Commercial,2025-01-01,,annual,33893.0,active
SUB-0007485,ACC-001283,Commercial,2025-10-01,,annual,19951.0,active
SUB-0007486,ACC-001290,Commercial,2024-04-01,2025-04-01,annual,41660.0,churned
SUB-0007487,ACC-001292,Commercial,2023-06-01,2024-06-01,annual,14751.0,renewed
SUB-0007488,ACC-001292,Commercial,2024-06-01,2025-06-01,annual,14751.0,renewed
SUB-0007489,ACC-001292,Commercial,2025-06-01,,annual,14751.0,active
SUB-0007490,ACC-001298,Commercial,2021-05-01,2022-05-01,annual,17751.0,renewed
SUB-0007491,ACC-001298,Commercial,2022-05-01,2023-05-01,annual,17751.0,renewed
SUB-0007492,ACC-001298,Commercial,2023-05-01,2024-05-01,annual,17751.0,expanded
SUB-0007493,ACC-001298,Commercial,2024-05-01,2025-05-01,annual,26528.0,contracted
SUB-0007494,ACC-001298,Commercial,2025-05-01,,annual,23539.0,active
SUB-0007495,ACC-001313,Commercial,2025-12-01,,annual,31558.0,active
SUB-0007496,ACC-001317,Commercial,2025-07-01,,annual,32504.0,active
SUB-0007497,ACC-001334,Commercial,2024-04-01,2025-04-01,annual,15978.0,renewed
SUB-0007498,ACC-001334,Commercial,2025-04-01,,annual,15978.0,active
SUB-0007499,ACC-001354,Commercial,2025-08-01,,annual,18492.0,active
SUB-0007500,ACC-001356,Commercial,2025-09-01,,annual,19442.0,active
SUB-0007501,ACC-001357,Commercial,2022-06-01,2023-06-01,annual,34313.0,contracted
SUB-0007502,ACC-001357,Commercial,2023-06-01,2024-06-01,annual,27651.0,expanded
SUB-0007503,ACC-001357,Commercial,2024-06-01,2025-06-01,annual,36508.0,expanded
SUB-0007504,ACC-001357,Commercial,2025-06-01,,annual,49352.0,active
SUB-0007505,ACC-001370,Commercial,2025-04-01,,annual,17187.0,active
SUB-0007506,ACC-001415,Commercial,2025-09-01,,annual,14594.0,active
SUB-0007507,ACC-001429,Commercial,2025-03-01,,annual,23020.0,active
SUB-0007508,ACC-001430,Commercial,2025-02-01,,annual,19578.0,active
SUB-0007509,ACC-001458,Commercial,2024-05-01,2025-05-01,annual,19584.0,churned
SUB-0007510,ACC-001459,Commercial,2025-09-01,,annual,15752.0,active
SUB-0007511,ACC-001488,Commercial,2025-11-01,,annual,24620.0,active
SUB-0007512,ACC-001517,Commercial,2025-10-01,,annual,23875.0,active
SUB-0007513,ACC-001531,Commercial,2025-11-01,,annual,16594.0,active
SUB-0007514,ACC-001543,Commercial,2025-01-01,,annual,53411.0,active
SUB-0007515,ACC-001549,Commercial,2025-08-01,,annual,12894.0,active
SUB-0007516,ACC-001553,Commercial,2025-01-01,,annual,33373.0,active
SUB-0007517,ACC-001563,Commercial,2024-08-01,2025-08-01,annual,23794.0,expanded
SUB-0007518,ACC-001563,Commercial,2025-08-01,,annual,32465.0,active
SUB-0007519,ACC-001571,Commercial,2025-03-01,,annual,22264.0,active
SUB-0007520,ACC-001587,Commercial,2024-11-01,2025-11-01,annual,16452.0,expanded
SUB-0007521,ACC-001587,Commercial,2025-11-01,,annual,22343.0,active
SUB-0007522,ACC-001589,Commercial,2025-09-01,,annual,11570.0,active
SUB-0007523,ACC-001603,Commercial,2022-05-01,2023-05-01,annual,15917.0,renewed
SUB-0007524,ACC-001603,Commercial,2023-05-01,2024-05-01,annual,15917.0,renewed
SUB-0007525,ACC-001603,Commercial,2024-05-01,2025-05-01,annual,15917.0,renewed
SUB-0007526,ACC-001603,Commercial,2025-05-01,,annual,15917.0,active
SUB-0007527,ACC-001614,Commercial,2025-03-01,,annual,15562.0,active
SUB-0007528,ACC-001625,Commercial,2024-11-01,2025-11-01,annual,25617.0,renewed
SUB-0007529,ACC-001625,Commercial,2025-11-01,,annual,25617.0,active
SUB-0007530,ACC-001659,Commercial,2022-08-01,2023-08-01,annual,26858.0,renewed
SUB-0007531,ACC-001659,Commercial,2023-08-01,2024-08-01,annual,26858.0,expanded
SUB-0007532,ACC-001659,Commercial,2024-08-01,2025-08-01,annual,36417.0,renewed
SUB-0007533,ACC-001659,Commercial,2025-08-01,,annual,36417.0,active
SUB-0007534,ACC-001673,Commercial,2025-10-01,,annual,24947.0,active
SUB-0007535,ACC-001686,Commercial,2025-01-01,,annual,15136.0,active
SUB-0007536,ACC-001687,Commercial,2025-10-01,,annual,29306.0,active
SUB-0007537,ACC-001689,Commercial,2024-11-01,2025-11-01,annual,23525.0,renewed
SUB-0007538,ACC-001689,Commercial,2025-11-01,,annual,23525.0,active
SUB-0007539,ACC-001692,Commercial,2025-12-01,,annual,22842.0,active
SUB-0007540,ACC-001714,Commercial,2025-12-01,,annual,18247.0,active
SUB-0007541,ACC-001722,Commercial,2024-08-01,2025-08-01,annual,16815.0,renewed
SUB-0007542,ACC-001722,Commercial,2025-08-01,,annual,16815.0,active
SUB-0007543,ACC-001726,Enterprise,2025-12-01,,multi_year,708672.0,active
SUB-0007544,ACC-001727,Commercial,2025-04-01,,annual,14827.0,active
SUB-0007545,ACC-001751,Commercial,2025-05-01,,annual,17287.0,active
SUB-0007546,ACC-001762,Commercial,2025-10-01,,annual,25141.0,active
SUB-0007547,ACC-001764,Commercial,2025-11-01,,annual,14604.0,active
SUB-0007548,ACC-001778,Commercial,2024-12-01,2025-12-01,annual,20175.0,renewed
SUB-0007549,ACC-001778,Commercial,2025-12-01,,annual,20175.0,active
SUB-0007550,ACC-001789,Commercial,2025-05-01,,annual,16327.0,active
SUB-0007551,ACC-001793,Commercial,2025-04-01,,annual,27339.0,active
SUB-0007552,ACC-001801,Commercial,2024-11-01,2025-11-01,annual,23109.0,renewed
SUB-0007553,ACC-001801,Commercial,2025-11-01,,annual,23109.0,active
SUB-0007554,ACC-001805,Commercial,2025-07-01,,annual,17918.0,active
SUB-0007555,ACC-001810,Commercial,2025-09-01,,annual,31078.0,active
SUB-0007556,ACC-001812,Commercial,2024-05-01,2025-05-01,annual,22091.0,renewed
SUB-0007557,ACC-001812,Commercial,2025-05-01,,annual,22091.0,active
SUB-0007558,ACC-001878,Commercial,2023-02-01,2024-02-01,annual,25291.0,renewed
SUB-0007559,ACC-001878,Commercial,2024-02-01,2025-02-01,annual,25291.0,renewed
SUB-0007560,ACC-001878,Commercial,2025-02-01,,annual,25291.0,active
SUB-0007561,ACC-001881,Commercial,2021-08-01,2022-08-01,annual,19869.0,renewed
SUB-0007562,ACC-001881,Commercial,2022-08-01,2023-08-01,annual,19869.0,renewed
SUB-0007563,ACC-001881,Commercial,2023-08-01,2024-08-01,annual,19869.0,renewed
SUB-0007564,ACC-001881,Commercial,2024-08-01,2025-08-01,annual,19869.0,renewed
SUB-0007565,ACC-001881,Commercial,2025-08-01,,annual,19869.0,active
SUB-0007566,ACC-001885,Commercial,2024-12-01,2025-12-01,annual,28903.0,renewed
SUB-0007567,ACC-001885,Commercial,2025-12-01,,annual,28903.0,active
SUB-0007568,ACC-001897,Commercial,2024-05-01,2025-05-01,annual,52723.0,renewed
SUB-0007569,ACC-001897,Commercial,2025-05-01,,annual,52723.0,active
SUB-0007570,ACC-001901,Commercial,2025-02-01,,annual,37350.0,active
SUB-0007571,ACC-001904,Commercial,2024-09-01,2025-09-01,annual,32866.0,renewed
SUB-0007572,ACC-001904,Commercial,2025-09-01,,annual,32866.0,active
SUB-0007573,ACC-001913,Commercial,2025-11-01,,annual,18429.0,active
SUB-0007574,ACC-001944,Commercial,2024-06-01,2025-06-01,annual,35989.0,expanded
SUB-0007575,ACC-001944,Commercial,2025-06-01,,annual,50451.0,active
SUB-0007576,ACC-001957,Commercial,2025-12-01,,annual,44988.0,active
SUB-0007577,ACC-001976,Commercial,2025-10-01,,annual,20104.0,active
SUB-0007578,ACC-001993,Commercial,2025-05-01,,annual,19655.0,active
SUB-0007579,ACC-002003,Enterprise,2025-11-01,,multi_year,468819.0,active
SUB-0007580,ACC-002004,Enterprise,2025-11-01,,multi_year,330295.0,active
SUB-0007581,ACC-002012,Commercial,2025-02-01,,annual,33026.0,active
SUB-0007582,ACC-002059,Commercial,2024-11-01,2025-11-01,annual,16737.0,renewed
SUB-0007583,ACC-002059,Commercial,2025-11-01,,annual,16737.0,active
SUB-0007584,ACC-002073,Commercial,2025-10-01,,annual,19768.0,active
SUB-0007585,ACC-002087,Commercial,2025-11-01,,annual,35107.0,active
SUB-0007586,ACC-002103,Commercial,2023-03-01,2024-03-01,annual,16550.0,renewed
SUB-0007587,ACC-002103,Commercial,2024-03-01,2025-03-01,annual,16550.0,renewed
SUB-0007588,ACC-002103,Commercial,2025-03-01,,annual,16550.0,active
SUB-0007589,ACC-002112,Commercial,2023-09-01,2024-09-01,annual,16324.0,renewed
SUB-0007590,ACC-002112,Commercial,2024-09-01,2025-09-01,annual,16324.0,expanded
SUB-0007591,ACC-002112,Commercial,2025-09-01,,annual,20641.0,active
SUB-0007592,ACC-002132,Commercial,2025-07-01,,annual,20105.0,active
SUB-0007593,ACC-002135,Commercial,2024-08-01,2025-08-01,annual,29240.0,expanded
SUB-0007594,ACC-002135,Commercial,2025-08-01,,annual,38841.0,active
SUB-0007595,ACC-002137,Commercial,2025-12-01,,annual,12949.0,active
SUB-0007596,ACC-002163,Commercial,2025-10-01,,annual,13297.0,active
SUB-0007597,ACC-002166,Commercial,2025-02-01,,annual,16339.0,active
SUB-0007598,ACC-002172,Commercial,2024-12-01,2025-12-01,annual,21573.0,renewed
SUB-0007599,ACC-002172,Commercial,2025-12-01,,annual,21573.0,active
SUB-0007600,ACC-002187,Commercial,2024-12-01,2025-12-01,annual,20583.0,renewed
SUB-0007601,ACC-002187,Commercial,2025-12-01,,annual,20583.0,active
SUB-0007602,ACC-002190,Commercial,2024-10-01,2025-10-01,annual,16234.0,churned
SUB-0007603,ACC-002191,Commercial,2025-06-01,,annual,18340.0,active
SUB-0007604,ACC-002210,Enterprise,2025-03-01,,multi_year,378685.0,active
SUB-0007605,ACC-002212,Commercial,2025-12-01,,annual,17250.0,active
SUB-0007606,ACC-002215,Commercial,2023-08-01,2024-08-01,annual,21971.0,expanded
SUB-0007607,ACC-002215,Commercial,2024-08-01,2025-08-01,annual,28533.0,renewed
SUB-0007608,ACC-002215,Commercial,2025-08-01,,annual,28533.0,active
SUB-0007609,ACC-002220,Commercial,2023-10-01,2024-10-01,annual,32321.0,renewed
SUB-0007610,ACC-002220,Commercial,2024-10-01,2025-10-01,annual,32321.0,renewed
SUB-0007611,ACC-002220,Commercial,2025-10-01,,annual,32321.0,active
SUB-0007612,ACC-002221,Commercial,2025-09-01,,annual,15573.0,active
SUB-0007613,ACC-002237,Commercial,2024-12-01,2025-12-01,annual,14210.0,expanded
SUB-0007614,ACC-002237,Commercial,2025-12-01,,annual,19264.0,active
SUB-0007615,ACC-002239,Commercial,2025-04-01,,annual,12593.0,active
SUB-0007616,ACC-002263,Enterprise,2025-10-01,,multi_year,371400.0,active
SUB-0007617,ACC-002267,Commercial,2020-10-01,2021-10-01,annual,20594.0,renewed
SUB-0007618,ACC-002267,Commercial,2021-10-01,2022-10-01,annual,20594.0,renewed
SUB-0007619,ACC-002267,Commercial,2022-10-01,2023-10-01,annual,20594.0,renewed
SUB-0007620,ACC-002267,Commercial,2023-10-01,2024-10-01,annual,20594.0,renewed
SUB-0007621,ACC-002267,Commercial,2024-10-01,2025-10-01,annual,20594.0,renewed
SUB-0007622,ACC-002267,Commercial,2025-10-01,,annual,20594.0,active
SUB-0007623,ACC-002270,Commercial,2025-06-01,,annual,26196.0,active
SUB-0007624,ACC-002275,Commercial,2024-12-01,2025-12-01,annual,22749.0,expanded
SUB-0007625,ACC-002275,Commercial,2025-12-01,,annual,28691.0,active
SUB-0007626,ACC-002283,Commercial,2025-09-01,,annual,21377.0,active
SUB-0007627,ACC-002284,Commercial,2025-04-01,,annual,12592.0,active
SUB-0007628,ACC-002287,Commercial,2025-12-01,,annual,27008.0,active
SUB-0007629,ACC-002301,Enterprise,2025-09-01,,multi_year,411634.0,active
SUB-0007630,ACC-002316,Commercial,2023-10-01,2024-10-01,annual,41515.0,renewed
SUB-0007631,ACC-002316,Commercial,2024-10-01,2025-10-01,annual,41515.0,renewed
SUB-0007632,ACC-002316,Commercial,2025-10-01,,annual,41515.0,active
SUB-0007633,ACC-002322,Commercial,2025-08-01,,annual,14121.0,active
SUB-0007634,ACC-002336,Enterprise,2024-09-01,,multi_year,352949.0,active
SUB-0007635,ACC-002345,Commercial,2025-06-01,,annual,34398.0,active
SUB-0007636,ACC-002349,Commercial,2024-12-01,2025-12-01,annual,11733.0,expanded
SUB-0007637,ACC-002349,Commercial,2025-12-01,,annual,16527.0,active
SUB-0007638,ACC-002352,Commercial,2025-11-01,,annual,26540.0,active
SUB-0007639,ACC-002353,Commercial,2025-11-01,,annual,53897.0,active
SUB-0007640,ACC-002375,Commercial,2025-09-01,,annual,8840.0,active
SUB-0007641,ACC-002419,Commercial,2023-03-01,2024-03-01,annual,11179.0,contracted
SUB-0007642,ACC-002419,Commercial,2024-03-01,2025-03-01,annual,9956.0,renewed
SUB-0007643,ACC-002419,Commercial,2025-03-01,,annual,9956.0,active
SUB-0007644,ACC-002440,Commercial,2025-09-01,,annual,24871.0,active
SUB-0007645,ACC-002443,Commercial,2024-06-01,2025-06-01,annual,20108.0,renewed
SUB-0007646,ACC-002443,Commercial,2025-06-01,,annual,20108.0,active
SUB-0007647,ACC-002452,Commercial,2025-02-01,,annual,35818.0,active
SUB-0007648,ACC-002459,Commercial,2025-07-01,,annual,10963.0,active
SUB-0007649,ACC-002477,Commercial,2023-09-01,2024-09-01,annual,28215.0,renewed
SUB-0007650,ACC-002477,Commercial,2024-09-01,2025-09-01,annual,28215.0,renewed
SUB-0007651,ACC-002477,Commercial,2025-09-01,,annual,28215.0,active
SUB-0007652,ACC-002493,Commercial,2023-11-01,2024-11-01,annual,20745.0,churned
SUB-0007653,ACC-002495,Commercial,2021-08-01,2022-08-01,annual,31483.0,churned
SUB-0007654,ACC-002501,Enterprise,2024-07-01,,multi_year,420893.0,active
SUB-0007655,ACC-002517,Commercial,2023-02-01,2024-02-01,annual,26970.0,expanded
SUB-0007656,ACC-002517,Commercial,2024-02-01,2025-02-01,annual,42886.0,renewed
SUB-0007657,ACC-002517,Commercial,2025-02-01,,annual,42886.0,active
SUB-0007658,ACC-002518,Commercial,2025-10-01,,annual,21299.0,active
SUB-0007659,ACC-002532,Commercial,2025-07-01,,annual,32255.0,active
SUB-0007660,ACC-002554,Commercial,2024-07-01,2025-07-01,annual,24206.0,renewed
SUB-0007661,ACC-002554,Commercial,2025-07-01,,annual,24206.0,active
SUB-0007662,ACC-002580,Commercial,2025-10-01,,annual,37671.0,active
SUB-0007663,ACC-002588,Commercial,2025-11-01,,annual,26112.0,active
SUB-0007664,ACC-002592,Enterprise,2025-11-01,,multi_year,214666.0,active
SUB-0007665,ACC-002595,Commercial,2025-06-01,,annual,33103.0,active
SUB-0007666,ACC-002641,Commercial,2025-11-01,,annual,19414.0,active
SUB-0007667,ACC-002650,Commercial,2025-11-01,,annual,24412.0,active
SUB-0007668,ACC-002665,Commercial,2025-12-01,,annual,21678.0,active
SUB-0007669,ACC-002676,Commercial,2023-01-01,2024-01-01,annual,24206.0,renewed
SUB-0007670,ACC-002676,Commercial,2024-01-01,2025-01-01,annual,24206.0,renewed
SUB-0007671,ACC-002676,Commercial,2025-01-01,,annual,24206.0,active
SUB-0007672,ACC-002692,Commercial,2025-03-01,,annual,19212.0,active
SUB-0007673,ACC-002706,Commercial,2025-06-01,,annual,21440.0,active
SUB-0007674,ACC-002717,Commercial,2025-01-01,,annual,26896.0,active
SUB-0007675,ACC-002718,Commercial,2025-07-01,,annual,20240.0,active
SUB-0007676,ACC-002724,Commercial,2024-06-01,2025-06-01,annual,23320.0,churned
SUB-0007677,ACC-002737,Commercial,2025-09-01,,annual,21321.0,active
SUB-0007678,ACC-002754,Commercial,2024-11-01,2025-11-01,annual,15713.0,churned
SUB-0007679,ACC-002761,Commercial,2025-09-01,,annual,14005.0,active
SUB-0007680,ACC-002776,Commercial,2020-07-01,2021-07-01,annual,19044.0,expanded
SUB-0007681,ACC-002776,Commercial,2021-07-01,2022-07-01,annual,28266.0,expanded
SUB-0007682,ACC-002776,Commercial,2022-07-01,2023-07-01,annual,38123.0,renewed
SUB-0007683,ACC-002776,Commercial,2023-07-01,2024-07-01,annual,38123.0,expanded
SUB-0007684,ACC-002776,Commercial,2024-07-01,2025-07-01,annual,51568.0,renewed
SUB-0007685,ACC-002776,Commercial,2025-07-01,,annual,51568.0,active
SUB-0007686,ACC-002785,Commercial,2025-10-01,,annual,22120.0,active
SUB-0007687,ACC-002791,Commercial,2025-06-01,,annual,23887.0,active
SUB-0007688,ACC-002815,Commercial,2024-10-01,2025-10-01,annual,20371.0,contracted
SUB-0007689,ACC-002815,Commercial,2025-10-01,,annual,16882.0,active
SUB-0007690,ACC-002816,Commercial,2025-12-01,,annual,21632.0,active
SUB-0007691,ACC-002826,Commercial,2025-12-01,,annual,23422.0,active
SUB-0007692,ACC-002829,Commercial,2025-03-01,,annual,17455.0,active
SUB-0007693,ACC-002833,Enterprise,2025-08-01,,multi_year,320892.0,active
SUB-0007694,ACC-002842,Commercial,2024-07-01,2025-07-01,annual,16162.0,renewed
SUB-0007695,ACC-002842,Commercial,2025-07-01,,annual,16162.0,active
SUB-0007696,ACC-002854,Commercial,2025-08-01,,annual,21835.0,active
SUB-0007697,ACC-002862,Commercial,2024-07-01,2025-07-01,annual,10572.0,contracted
SUB-0007698,ACC-002862,Commercial,2025-07-01,,annual,9101.0,active
SUB-0007699,ACC-002868,Commercial,2025-08-01,,annual,19542.0,active
SUB-0007700,ACC-002874,Commercial,2025-10-01,,annual,18677.0,active
SUB-0007701,ACC-002892,Commercial,2024-05-01,2025-05-01,annual,13589.0,renewed
SUB-0007702,ACC-002892,Commercial,2025-05-01,,annual,13589.0,active
SUB-0007703,ACC-002905,Commercial,2025-07-01,,annual,18217.0,active
SUB-0007704,ACC-002913,Commercial,2025-05-01,,annual,24445.0,active
SUB-0007705,ACC-002921,Commercial,2024-09-01,2025-09-01,annual,13905.0,renewed
SUB-0007706,ACC-002921,Commercial,2025-09-01,,annual,13905.0,active
SUB-0007707,ACC-002922,Commercial,2025-11-01,,annual,21194.0,active
SUB-0007708,ACC-002926,Commercial,2023-04-01,2024-04-01,annual,17200.0,renewed
SUB-0007709,ACC-002926,Commercial,2024-04-01,2025-04-01,annual,17200.0,renewed
SUB-0007710,ACC-002926,Commercial,2025-04-01,,annual,17200.0,active
SUB-0007711,ACC-002928,Commercial,2025-09-01,,annual,15038.0,active
SUB-0007712,ACC-002930,Commercial,2025-09-01,,annual,29568.0,active
SUB-0007713,ACC-002939,Commercial,2025-02-01,,annual,15650.0,active
SUB-0007714,ACC-002944,Commercial,2022-07-01,2023-07-01,annual,10186.0,churned
SUB-0007715,ACC-002947,Commercial,2025-10-01,,annual,20219.0,active
SUB-0007716,ACC-002948,Commercial,2025-06-01,,annual,14676.0,active
SUB-0007717,ACC-002960,Commercial,2023-05-01,2024-05-01,annual,16199.0,contracted
SUB-0007718,ACC-002960,Commercial,2024-05-01,2025-05-01,annual,13128.0,renewed
SUB-0007719,ACC-002960,Commercial,2025-05-01,,annual,13128.0,active
SUB-0007720,ACC-002961,Commercial,2024-12-01,2025-12-01,annual,24756.0,renewed
SUB-0007721,ACC-002961,Commercial,2025-12-01,,annual,24756.0,active
SUB-0007722,ACC-002963,Commercial,2025-12-01,,annual,21340.0,active
SUB-0007723,ACC-002964,Commercial,2025-03-01,,annual,18535.0,active
SUB-0007724,ACC-002966,Commercial,2024-08-01,2025-08-01,annual,20642.0,renewed
SUB-0007725,ACC-002966,Commercial,2025-08-01,,annual,20642.0,active
SUB-0007726,ACC-002968,Commercial,2025-12-01,,annual,28265.0,active
SUB-0007727,ACC-002970,Commercial,2025-10-01,,annual,24614.0,active
SUB-0007728,ACC-002990,Commercial,2025-11-01,,annual,12195.0,active
SUB-0007729,ACC-003000,Commercial,2025-06-01,,annual,14192.0,active
SUB-0007730,ACC-003017,Commercial,2022-02-01,2023-02-01,annual,13251.0,renewed
SUB-0007731,ACC-003017,Commercial,2023-02-01,2024-02-01,annual,13251.0,renewed
SUB-0007732,ACC-003017,Commercial,2024-02-01,2025-02-01,annual,13251.0,renewed
SUB-0007733,ACC-003017,Commercial,2025-02-01,,annual,13251.0,active
SUB-0007734,ACC-003018,Commercial,2025-10-01,,annual,16246.0,active
SUB-0007735,ACC-003020,Commercial,2025-07-01,,annual,18195.0,active
SUB-0007736,ACC-003022,Commercial,2025-05-01,,annual,29734.0,active
SUB-0007737,ACC-003026,Commercial,2025-11-01,,annual,17957.0,active
SUB-0007738,ACC-003040,Commercial,2025-10-01,,annual,35153.0,active
SUB-0007739,ACC-003041,Commercial,2025-09-01,,annual,33115.0,active
SUB-0007740,ACC-003051,Commercial,2025-05-01,,annual,16678.0,active
SUB-0007741,ACC-003078,Commercial,2023-10-01,2024-10-01,annual,25741.0,renewed
SUB-0007742,ACC-003078,Commercial,2024-10-01,2025-10-01,annual,25741.0,renewed
SUB-0007743,ACC-003078,Commercial,2025-10-01,,annual,25741.0,active
SUB-0007744,ACC-003094,Commercial,2025-06-01,,annual,24306.0,active
SUB-0007745,ACC-003099,Commercial,2025-12-01,,annual,28222.0,active
SUB-0007746,ACC-003115,Commercial,2024-12-01,2025-12-01,annual,14713.0,renewed
SUB-0007747,ACC-003115,Commercial,2025-12-01,,annual,14713.0,active
SUB-0007748,ACC-003125,Commercial,2025-08-01,,annual,34313.0,active
SUB-0007749,ACC-003141,Commercial,2025-09-01,,annual,13633.0,active
SUB-0007750,ACC-003152,Commercial,2024-11-01,2025-11-01,annual,26741.0,churned
SUB-0007751,ACC-003163,Commercial,2023-11-01,2024-11-01,annual,19231.0,renewed
SUB-0007752,ACC-003163,Commercial,2024-11-01,2025-11-01,annual,19231.0,renewed
SUB-0007753,ACC-003163,Commercial,2025-11-01,,annual,19231.0,active
SUB-0007754,ACC-003172,Commercial,2025-07-01,,annual,14686.0,active
SUB-0007755,ACC-003174,Commercial,2024-08-01,2025-08-01,annual,16053.0,renewed
SUB-0007756,ACC-003174,Commercial,2025-08-01,,annual,16053.0,active
SUB-0007757,ACC-003177,Commercial,2025-06-01,,annual,28385.0,active
SUB-0007758,ACC-003178,Commercial,2025-12-01,,annual,26952.0,active
SUB-0007759,ACC-003179,Commercial,2024-09-01,2025-09-01,annual,13479.0,renewed
SUB-0007760,ACC-003179,Commercial,2025-09-01,,annual,13479.0,active
SUB-0007761,ACC-003186,Enterprise,2025-12-01,,multi_year,692711.0,active
SUB-0007762,ACC-003198,Commercial,2025-12-01,,annual,33783.0,active
SUB-0007763,ACC-003200,Commercial,2025-08-01,,annual,24289.0,active
SUB-0007764,ACC-003202,Commercial,2025-01-01,,annual,24138.0,active
SUB-0007765,ACC-003206,Commercial,2025-04-01,,annual,30764.0,active
SUB-0007766,ACC-003210,Commercial,2024-01-01,2025-01-01,annual,14499.0,renewed
SUB-0007767,ACC-003210,Commercial,2025-01-01,,annual,14499.0,active
SUB-0007768,ACC-003218,Enterprise,2025-11-01,,multi_year,278165.0,active
SUB-0007769,ACC-003236,Enterprise,2024-12-01,,multi_year,566367.0,active
SUB-0007770,ACC-003240,Commercial,2025-08-01,,annual,55250.0,active
SUB-0007771,ACC-003256,Commercial,2024-07-01,2025-07-01,annual,22168.0,expanded
SUB-0007772,ACC-003256,Commercial,2025-07-01,,annual,32547.0,active
SUB-0007773,ACC-003263,Commercial,2025-09-01,,annual,41270.0,active
SUB-0007774,ACC-003266,Commercial,2025-04-01,,annual,21165.0,active
SUB-0007775,ACC-003267,Commercial,2025-11-01,,annual,20085.0,active
SUB-0007776,ACC-003269,Commercial,2025-03-01,,annual,25199.0,active
SUB-0007777,ACC-003286,Commercial,2025-12-01,,annual,31193.0,active
SUB-0007778,ACC-003293,Commercial,2023-04-01,2024-04-01,annual,25353.0,renewed
SUB-0007779,ACC-003293,Commercial,2024-04-01,2025-04-01,annual,25353.0,renewed
SUB-0007780,ACC-003293,Commercial,2025-04-01,,annual,25353.0,active
SUB-0007781,ACC-003301,Commercial,2025-08-01,,annual,24465.0,active
SUB-0007782,ACC-003319,Commercial,2025-04-01,,annual,20399.0,active
SUB-0007783,ACC-003322,Commercial,2024-09-01,2025-09-01,annual,28537.0,expanded
SUB-0007784,ACC-003322,Commercial,2025-09-01,,annual,36874.0,active
SUB-0007785,ACC-003335,Commercial,2025-06-01,,annual,13643.0,active
SUB-0007786,ACC-003354,Commercial,2025-08-01,,annual,25869.0,active
SUB-0007787,ACC-003363,Commercial,2023-05-01,2024-05-01,annual,24350.0,expanded
SUB-0007788,ACC-003363,Commercial,2024-05-01,2025-05-01,annual,37062.0,renewed
SUB-0007789,ACC-003363,Commercial,2025-05-01,,annual,37062.0,active
SUB-0007790,ACC-003365,Commercial,2025-02-01,,annual,15279.0,active
SUB-0007791,ACC-003371,Commercial,2025-03-01,,annual,17825.0,active
SUB-0007792,ACC-003372,Commercial,2025-11-01,,annual,18744.0,active
SUB-0007793,ACC-003379,Commercial,2024-02-01,2025-02-01,annual,24064.0,renewed
SUB-0007794,ACC-003379,Commercial,2025-02-01,,annual,24064.0,active
SUB-0007795,ACC-003394,Commercial,2025-07-01,,annual,20138.0,active
SUB-0007796,ACC-003405,Commercial,2025-09-01,,annual,27176.0,active
SUB-0007797,ACC-003410,Commercial,2024-09-01,2025-09-01,annual,27805.0,churned
SUB-0007798,ACC-003424,Enterprise,2025-12-01,,multi_year,540344.0,active
SUB-0007799,ACC-003427,Commercial,2023-09-01,2024-09-01,annual,18548.0,renewed
SUB-0007800,ACC-003427,Commercial,2024-09-01,2025-09-01,annual,18548.0,renewed
SUB-0007801,ACC-003427,Commercial,2025-09-01,,annual,18548.0,active
SUB-0007802,ACC-003428,Commercial,2022-01-01,2023-01-01,annual,20179.0,expanded
SUB-0007803,ACC-003428,Commercial,2023-01-01,2024-01-01,annual,28621.0,renewed
SUB-0007804,ACC-003428,Commercial,2024-01-01,2025-01-01,annual,28621.0,renewed
SUB-0007805,ACC-003428,Commercial,2025-01-01,,annual,28621.0,active
SUB-0007806,ACC-003434,Commercial,2025-11-01,,annual,14984.0,active
SUB-0007807,ACC-003490,Enterprise,2025-06-01,,multi_year,333609.0,active
SUB-0007808,ACC-003491,Commercial,2022-06-01,2023-06-01,annual,18969.0,expanded
SUB-0007809,ACC-003491,Commercial,2023-06-01,2024-06-01,annual,24831.0,renewed
SUB-0007810,ACC-003491,Commercial,2024-06-01,2025-06-01,annual,24831.0,expanded
SUB-0007811,ACC-003491,Commercial,2025-06-01,,annual,31408.0,active
SUB-0007812,ACC-003496,Commercial,2025-09-01,,annual,18116.0,active
SUB-0007813,ACC-003499,Enterprise,2025-03-01,,multi_year,498759.0,active
SUB-0007814,ACC-003515,Commercial,2025-09-01,,annual,22052.0,active
SUB-0007815,ACC-003516,Commercial,2024-11-01,2025-11-01,annual,11428.0,renewed
SUB-0007816,ACC-003516,Commercial,2025-11-01,,annual,11428.0,active
SUB-0007817,ACC-003517,Commercial,2025-10-01,,annual,24207.0,active
SUB-0007818,ACC-003524,Commercial,2025-07-01,,annual,13315.0,active
SUB-0007819,ACC-003536,Commercial,2025-06-01,,annual,25726.0,active
SUB-0007820,ACC-003546,Enterprise,2025-10-01,,multi_year,452078.0,active
SUB-0007821,ACC-003552,Enterprise,2025-10-01,,multi_year,476673.0,active
SUB-0007822,ACC-003554,Commercial,2025-09-01,,annual,19658.0,active
SUB-0007823,ACC-003588,Commercial,2025-10-01,,annual,16948.0,active
SUB-0007824,ACC-003595,Commercial,2025-03-01,,annual,33755.0,active
SUB-0007825,ACC-003621,Commercial,2025-09-01,,annual,11307.0,active
SUB-0007826,ACC-003647,Commercial,2025-10-01,,annual,23762.0,active
SUB-0007827,ACC-003684,Commercial,2025-06-01,,annual,23037.0,active
SUB-0007828,ACC-003687,Commercial,2025-08-01,,annual,22690.0,active
SUB-0007829,ACC-003699,Commercial,2024-07-01,2025-07-01,annual,14044.0,contracted
SUB-0007830,ACC-003699,Commercial,2025-07-01,,annual,11015.0,active
SUB-0007831,ACC-003703,Commercial,2025-05-01,,annual,17300.0,active
SUB-0007832,ACC-003715,Commercial,2024-09-01,2025-09-01,annual,19190.0,renewed
SUB-0007833,ACC-003715,Commercial,2025-09-01,,annual,19190.0,active
SUB-0007834,ACC-003730,Commercial,2025-12-01,,annual,30017.0,active
SUB-0007835,ACC-003738,Commercial,2024-01-01,2025-01-01,annual,23294.0,renewed
SUB-0007836,ACC-003738,Commercial,2025-01-01,,annual,23294.0,active
SUB-0007837,ACC-003758,Commercial,2024-08-01,2025-08-01,annual,28738.0,churned
SUB-0007838,ACC-003765,Commercial,2024-05-01,2025-05-01,annual,15213.0,renewed
SUB-0007839,ACC-003765,Commercial,2025-05-01,,annual,15213.0,active
SUB-0007840,ACC-003789,Commercial,2024-01-01,2025-01-01,annual,11227.0,expanded
SUB-0007841,ACC-003789,Commercial,2025-01-01,,annual,15798.0,active
SUB-0007842,ACC-003794,Commercial,2025-01-01,,annual,21516.0,active
SUB-0007843,ACC-003813,Commercial,2025-09-01,,annual,17991.0,active
SUB-0007844,ACC-003822,Commercial,2024-08-01,2025-08-01,annual,28065.0,renewed
SUB-0007845,ACC-003822,Commercial,2025-08-01,,annual,28065.0,active
SUB-0007846,ACC-003850,Commercial,2025-12-01,,annual,17036.0,active
SUB-0007847,ACC-003870,Commercial,2024-12-01,2025-12-01,annual,17962.0,churned
SUB-0007848,ACC-003872,Commercial,2025-02-01,,annual,28208.0,active
SUB-0007849,ACC-003889,Commercial,2025-05-01,,annual,29574.0,active
SUB-0007850,ACC-003899,Commercial,2023-09-01,2024-09-01,annual,18375.0,renewed
SUB-0007851,ACC-003899,Commercial,2024-09-01,2025-09-01,annual,18375.0,renewed
SUB-0007852,ACC-003899,Commercial,2025-09-01,,annual,18375.0,active
SUB-0007853,ACC-003903,Commercial,2025-10-01,,annual,17383.0,active
SUB-0007854,ACC-003920,Commercial,2025-07-01,,annual,18751.0,active
SUB-0007855,ACC-003931,Commercial,2025-10-01,,annual,16322.0,active
SUB-0007856,ACC-003933,Commercial,2025-10-01,,annual,20290.0,active
SUB-0007857,ACC-003944,Commercial,2025-08-01,,annual,16147.0,active
SUB-0007858,ACC-003946,Commercial,2025-07-01,,annual,23837.0,active
SUB-0007859,ACC-003948,Commercial,2025-07-01,,annual,22617.0,active
SUB-0007860,ACC-003955,Commercial,2025-05-01,,annual,54978.0,active
SUB-0007861,ACC-003957,Commercial,2025-12-01,,annual,30596.0,active
SUB-0007862,ACC-003970,Commercial,2025-08-01,,annual,13546.0,active
SUB-0007863,ACC-003977,Commercial,2025-11-01,,annual,31627.0,active
SUB-0007864,ACC-003979,Commercial,2025-03-01,,annual,29111.0,active
SUB-0007865,ACC-003990,Commercial,2025-12-01,,annual,21934.0,active
SUB-0007866,ACC-004005,Commercial,2023-11-01,2024-11-01,annual,26109.0,renewed
SUB-0007867,ACC-004005,Commercial,2024-11-01,2025-11-01,annual,26109.0,expanded
SUB-0007868,ACC-004005,Commercial,2025-11-01,,annual,38112.0,active
SUB-0007869,ACC-004019,Enterprise,2025-12-01,,multi_year,337748.0,active
SUB-0007870,ACC-004023,Commercial,2024-05-01,2025-05-01,annual,13277.0,renewed
SUB-0007871,ACC-004023,Commercial,2025-05-01,,annual,13277.0,active
SUB-0007872,ACC-004028,Commercial,2024-07-01,2025-07-01,annual,20929.0,expanded
SUB-0007873,ACC-004028,Commercial,2025-07-01,,annual,27445.0,active
SUB-0007874,ACC-004042,Commercial,2024-01-01,2025-01-01,annual,19266.0,renewed
SUB-0007875,ACC-004042,Commercial,2025-01-01,,annual,19266.0,active
SUB-0007876,ACC-004047,Commercial,2024-12-01,2025-12-01,annual,28073.0,renewed
SUB-0007877,ACC-004047,Commercial,2025-12-01,,annual,28073.0,active
SUB-0007878,ACC-004052,Commercial,2025-12-01,,annual,14904.0,active
SUB-0007879,ACC-004055,Commercial,2025-04-01,,annual,26879.0,active
SUB-0007880,ACC-004059,Commercial,2024-03-01,2025-03-01,annual,33299.0,expanded
SUB-0007881,ACC-004059,Commercial,2025-03-01,,annual,51358.0,active
SUB-0007882,ACC-004065,Commercial,2025-11-01,,annual,23687.0,active
SUB-0007883,ACC-004075,Commercial,2025-11-01,,annual,19949.0,active
SUB-0007884,ACC-004087,Commercial,2023-11-01,2024-11-01,annual,33217.0,churned
SUB-0007885,ACC-004101,Commercial,2021-05-01,2022-05-01,annual,35704.0,renewed
SUB-0007886,ACC-004101,Commercial,2022-05-01,2023-05-01,annual,35704.0,renewed
SUB-0007887,ACC-004101,Commercial,2023-05-01,2024-05-01,annual,35704.0,renewed
SUB-0007888,ACC-004101,Commercial,2024-05-01,2025-05-01,annual,35704.0,expanded
SUB-0007889,ACC-004101,Commercial,2025-05-01,,annual,49987.0,active
SUB-0007890,ACC-004108,Enterprise,2025-12-01,,multi_year,228142.0,active
SUB-0007891,ACC-004120,Commercial,2024-06-01,2025-06-01,annual,26546.0,renewed
SUB-0007892,ACC-004120,Commercial,2025-06-01,,annual,26546.0,active
SUB-0007893,ACC-004143,Commercial,2025-03-01,,annual,21079.0,active
SUB-0007894,ACC-004151,Commercial,2025-05-01,,annual,17679.0,active
SUB-0007895,ACC-004174,Commercial,2024-11-01,2025-11-01,annual,47656.0,churned
SUB-0007896,ACC-004178,Commercial,2025-06-01,,annual,15591.0,active
SUB-0007897,ACC-004181,Commercial,2025-11-01,,annual,48684.0,active
SUB-0007898,ACC-004187,Commercial,2025-07-01,,annual,21899.0,active
SUB-0007899,ACC-004192,Commercial,2025-03-01,,annual,37773.0,active
SUB-0007900,ACC-004219,Commercial,2024-10-01,2025-10-01,annual,27242.0,expanded
SUB-0007901,ACC-004219,Commercial,2025-10-01,,annual,37027.0,active
SUB-0007902,ACC-004225,Commercial,2025-05-01,,annual,23339.0,active
SUB-0007903,ACC-004238,Commercial,2023-11-01,2024-11-01,annual,35082.0,renewed
SUB-0007904,ACC-004238,Commercial,2024-11-01,2025-11-01,annual,35082.0,churned
SUB-0007905,ACC-004260,Commercial,2025-07-01,,annual,26355.0,active
SUB-0007906,ACC-004266,Commercial,2025-03-01,,annual,12961.0,active
SUB-0007907,ACC-004271,Commercial,2023-11-01,2024-11-01,annual,10090.0,expanded
SUB-0007908,ACC-004271,Commercial,2024-11-01,2025-11-01,annual,14786.0,contracted
SUB-0007909,ACC-004271,Commercial,2025-11-01,,annual,11763.0,active
SUB-0007910,ACC-004276,Commercial,2024-10-01,2025-10-01,annual,24293.0,expanded
SUB-0007911,ACC-004276,Commercial,2025-10-01,,annual,38806.0,active
SUB-0007912,ACC-004278,Commercial,2025-11-01,,annual,15025.0,active
SUB-0007913,ACC-004291,Commercial,2025-06-01,,annual,20447.0,active
SUB-0007914,ACC-004326,Commercial,2025-11-01,,annual,14563.0,active
SUB-0007915,ACC-004334,Commercial,2024-02-01,2025-02-01,annual,24068.0,renewed
SUB-0007916,ACC-004334,Commercial,2025-02-01,,annual,24068.0,active
SUB-0007917,ACC-004341,Commercial,2025-11-01,,annual,11393.0,active
SUB-0007918,ACC-004361,Commercial,2025-02-01,,annual,17526.0,active
SUB-0007919,ACC-004362,Commercial,2025-08-01,,annual,44083.0,active
SUB-0007920,ACC-004367,Commercial,2025-06-01,,annual,35205.0,active
SUB-0007921,ACC-004387,Commercial,2024-08-01,2025-08-01,annual,15362.0,renewed
SUB-0007922,ACC-004387,Commercial,2025-08-01,,annual,15362.0,active
SUB-0007923,ACC-004398,Enterprise,2025-10-01,,multi_year,539444.0,active
SUB-0007924,ACC-004400,Commercial,2025-12-01,,annual,16217.0,active
SUB-0007925,ACC-004404,Commercial,2025-12-01,,annual,17035.0,active
SUB-0007926,ACC-004415,Commercial,2024-09-01,2025-09-01,annual,16129.0,renewed
SUB-0007927,ACC-004415,Commercial,2025-09-01,,annual,16129.0,active
SUB-0007928,ACC-004421,Commercial,2024-05-01,2025-05-01,annual,15392.0,renewed
SUB-0007929,ACC-004421,Commercial,2025-05-01,,annual,15392.0,active
SUB-0007930,ACC-004428,Commercial,2025-11-01,,annual,22818.0,active
SUB-0007931,ACC-004439,Commercial,2025-09-01,,annual,30774.0,active
SUB-0007932,ACC-004443,Enterprise,2025-07-01,,multi_year,456450.0,active
SUB-0007933,ACC-004444,Commercial,2025-10-01,,annual,23357.0,active
SUB-0007934,ACC-004452,Commercial,2024-04-01,2025-04-01,annual,36189.0,renewed
SUB-0007935,ACC-004452,Commercial,2025-04-01,,annual,36189.0,active
SUB-0007936,ACC-004456,Commercial,2025-07-01,,annual,31587.0,active
SUB-0007937,ACC-004457,Commercial,2025-09-01,,annual,15166.0,active
SUB-0007938,ACC-004474,Commercial,2025-11-01,,annual,18905.0,active
SUB-0007939,ACC-004481,Commercial,2025-06-01,,annual,12457.0,active
SUB-0007940,ACC-004527,Commercial,2024-07-01,2025-07-01,annual,15690.0,contracted
SUB-0007941,ACC-004527,Commercial,2025-07-01,,annual,12800.0,active
SUB-0007942,ACC-004531,Commercial,2025-10-01,,annual,26382.0,active
SUB-0007943,ACC-004555,Commercial,2025-09-01,,annual,29943.0,active
SUB-0007944,ACC-004579,Commercial,2024-12-01,2025-12-01,annual,21637.0,churned
SUB-0007945,ACC-004581,Commercial,2025-07-01,,annual,16653.0,active
SUB-0007946,ACC-004587,Commercial,2023-04-01,2024-04-01,annual,23214.0,renewed
SUB-0007947,ACC-004587,Commercial,2024-04-01,2025-04-01,annual,23214.0,renewed
SUB-0007948,ACC-004587,Commercial,2025-04-01,,annual,23214.0,active
SUB-0007949,ACC-004588,Commercial,2023-09-01,2024-09-01,annual,30143.0,expanded
SUB-0007950,ACC-004588,Commercial,2024-09-01,2025-09-01,annual,39999.0,renewed
SUB-0007951,ACC-004588,Commercial,2025-09-01,,annual,39999.0,active
SUB-0007952,ACC-004592,Commercial,2025-08-01,,annual,25502.0,active
SUB-0007953,ACC-004601,Commercial,2025-12-01,,annual,16053.0,active
SUB-0007954,ACC-004605,Enterprise,2025-12-01,,multi_year,454617.0,active
SUB-0007955,ACC-004611,Commercial,2025-12-01,,annual,16124.0,active
SUB-0007956,ACC-004614,Commercial,2025-04-01,,annual,14442.0,active
SUB-0007957,ACC-004616,Commercial,2025-01-01,,annual,23470.0,active
SUB-0007958,ACC-004629,Commercial,2024-09-01,2025-09-01,annual,17320.0,contracted
SUB-0007959,ACC-004629,Commercial,2025-09-01,,annual,15254.0,active
SUB-0007960,ACC-004634,Commercial,2024-08-01,2025-08-01,annual,23010.0,churned
SUB-0007961,ACC-004664,Commercial,2025-03-01,,annual,23955.0,active
SUB-0007962,ACC-004680,Commercial,2025-07-01,,annual,24925.0,active
SUB-0007963,ACC-004683,Enterprise,2025-08-01,,multi_year,328570.0,active
SUB-0007964,ACC-004696,Commercial,2023-05-01,2024-05-01,annual,20631.0,renewed
SUB-0007965,ACC-004696,Commercial,2024-05-01,2025-05-01,annual,20631.0,expanded
SUB-0007966,ACC-004696,Commercial,2025-05-01,,annual,32965.0,active
SUB-0007967,ACC-004701,Commercial,2025-05-01,,annual,28782.0,active
SUB-0007968,ACC-004710,Commercial,2025-12-01,,annual,23170.0,active
SUB-0007969,ACC-004714,Commercial,2025-09-01,,annual,26103.0,active
SUB-0007970,ACC-004718,Commercial,2021-08-01,2022-08-01,annual,16780.0,contracted
SUB-0007971,ACC-004718,Commercial,2022-08-01,2023-08-01,annual,14900.0,expanded
SUB-0007972,ACC-004718,Commercial,2023-08-01,2024-08-01,annual,21306.0,renewed
SUB-0007973,ACC-004718,Commercial,2024-08-01,2025-08-01,annual,21306.0,contracted
SUB-0007974,ACC-004718,Commercial,2025-08-01,,annual,18913.0,active
SUB-0007975,ACC-004724,Commercial,2025-09-01,,annual,15782.0,active
SUB-0007976,ACC-004733,Commercial,2025-07-01,,annual,24069.0,active
SUB-0007977,ACC-004736,Commercial,2025-02-01,,annual,21204.0,active
SUB-0007978,ACC-004739,Commercial,2024-05-01,2025-05-01,annual,18725.0,renewed
SUB-0007979,ACC-004739,Commercial,2025-05-01,,annual,18725.0,active
SUB-0007980,ACC-004744,Commercial,2024-06-01,2025-06-01,annual,18720.0,renewed
SUB-0007981,ACC-004744,Commercial,2025-06-01,,annual,18720.0,active
SUB-0007982,ACC-004786,Commercial,2023-06-01,2024-06-01,annual,19970.0,renewed
SUB-0007983,ACC-004786,Commercial,2024-06-01,2025-06-01,annual,19970.0,renewed
SUB-0007984,ACC-004786,Commercial,2025-06-01,,annual,19970.0,active
SUB-0007985,ACC-004821,Enterprise,2025-07-01,,multi_year,221973.0,active
SUB-0007986,ACC-004823,Commercial,2024-04-01,2025-04-01,annual,17215.0,renewed
SUB-0007987,ACC-004823,Commercial,2025-04-01,,annual,17215.0,active
SUB-0007988,ACC-004827,Commercial,2025-01-01,,annual,19119.0,active
SUB-0007989,ACC-004837,Commercial,2024-03-01,2025-03-01,annual,34209.0,expanded
SUB-0007990,ACC-004837,Commercial,2025-03-01,,annual,47907.0,active
SUB-0007991,ACC-004839,Commercial,2021-12-01,2022-12-01,annual,20031.0,expanded
SUB-0007992,ACC-004839,Commercial,2022-12-01,2023-12-01,annual,30496.0,churned
SUB-0007993,ACC-004848,Commercial,2025-09-01,,annual,28605.0,active
SUB-0007994,ACC-004853,Commercial,2023-09-01,2024-09-01,annual,15900.0,renewed
SUB-0007995,ACC-004853,Commercial,2024-09-01,2025-09-01,annual,15900.0,churned
SUB-0007996,ACC-004854,Commercial,2025-11-01,,annual,20716.0,active
SUB-0007997,ACC-004870,Commercial,2024-03-01,2025-03-01,annual,11709.0,churned
SUB-0007998,ACC-004873,Commercial,2024-09-01,2025-09-01,annual,17146.0,expanded
SUB-0007999,ACC-004873,Commercial,2025-09-01,,annual,21495.0,active
SUB-0008000,ACC-004874,Commercial,2025-09-01,,annual,12448.0,active
SUB-0008001,ACC-004881,Commercial,2025-07-01,,annual,34963.0,active
SUB-0008002,ACC-004884,Commercial,2025-03-01,,annual,14606.0,active
SUB-0008003,ACC-004897,Commercial,2024-02-01,2025-02-01,annual,20749.0,contracted
SUB-0008004,ACC-004897,Commercial,2025-02-01,,annual,16080.0,active
SUB-0008005,ACC-004901,Commercial,2025-12-01,,annual,22010.0,active
SUB-0008006,ACC-004904,Commercial,2025-02-01,,annual,20950.0,active
SUB-0008007,ACC-004907,Commercial,2025-11-01,,annual,23355.0,active
SUB-0008008,ACC-004908,Commercial,2025-09-01,,annual,31380.0,active
SUB-0008009,ACC-004912,Commercial,2025-09-01,,annual,10545.0,active
SUB-0008010,ACC-004936,Commercial,2023-09-01,2024-09-01,annual,22423.0,contracted
SUB-0008011,ACC-004936,Commercial,2024-09-01,2025-09-01,annual,18611.0,churned
SUB-0008012,ACC-004977,Commercial,2025-11-01,,annual,15853.0,active
SUB-0008013,ACC-004980,Commercial,2025-04-01,,annual,22858.0,active
SUB-0008014,ACC-004996,Commercial,2022-12-01,2023-12-01,annual,12825.0,expanded
SUB-0008015,ACC-004996,Commercial,2023-12-01,2024-12-01,annual,16626.0,expanded
SUB-0008016,ACC-004996,Commercial,2024-12-01,2025-12-01,annual,24770.0,expanded
SUB-0008017,ACC-004996,Commercial,2025-12-01,,annual,34626.0,active
SUB-0008018,ACC-005006,Commercial,2024-02-01,2025-02-01,annual,25459.0,renewed
SUB-0008019,ACC-005006,Commercial,2025-02-01,,annual,25459.0,active
SUB-0008020,ACC-005009,Commercial,2025-05-01,,annual,20622.0,active
SUB-0008021,ACC-005015,Commercial,2024-10-01,2025-10-01,annual,24590.0,renewed
SUB-0008022,ACC-005015,Commercial,2025-10-01,,annual,24590.0,active
SUB-0008023,ACC-005027,Commercial,2024-06-01,2025-06-01,annual,22674.0,renewed
SUB-0008024,ACC-005027,Commercial,2025-06-01,,annual,22674.0,active
SUB-0008025,ACC-005035,Commercial,2025-06-01,,annual,15607.0,active
SUB-0008026,ACC-005037,Enterprise,2023-06-01,,multi_year,624468.0,active
SUB-0008027,ACC-005042,Commercial,2024-10-01,2025-10-01,annual,17440.0,expanded
SUB-0008028,ACC-005042,Commercial,2025-10-01,,annual,26079.0,active
SUB-0008029,ACC-005044,Commercial,2025-11-01,,annual,27702.0,active
SUB-0008030,ACC-005051,Commercial,2025-10-01,,annual,14797.0,active
SUB-0008031,ACC-005052,Commercial,2025-03-01,,annual,9771.0,active
SUB-0008032,ACC-005079,Enterprise,2025-12-01,,multi_year,545202.0,active
SUB-0008033,ACC-005101,Commercial,2024-09-01,2025-09-01,annual,26078.0,churned
SUB-0008034,ACC-005104,Commercial,2023-11-01,2024-11-01,annual,23229.0,contracted
SUB-0008035,ACC-005104,Commercial,2024-11-01,2025-11-01,annual,17652.0,churned
SUB-0008036,ACC-005107,Commercial,2025-08-01,,annual,19490.0,active
SUB-0008037,ACC-005126,Commercial,2024-12-01,2025-12-01,annual,16160.0,expanded
SUB-0008038,ACC-005126,Commercial,2025-12-01,,annual,21993.0,active
SUB-0008039,ACC-005136,Commercial,2022-06-01,2023-06-01,annual,19297.0,churned
SUB-0008040,ACC-005144,Commercial,2025-06-01,,annual,19266.0,active
SUB-0008041,ACC-005145,Commercial,2025-10-01,,annual,20050.0,active
SUB-0008042,ACC-005149,Commercial,2025-10-01,,annual,29513.0,active
SUB-0008043,ACC-005159,Commercial,2024-06-01,2025-06-01,annual,19043.0,expanded
SUB-0008044,ACC-005159,Commercial,2025-06-01,,annual,29596.0,active
SUB-0008045,ACC-005166,Commercial,2024-11-01,2025-11-01,annual,15004.0,renewed
SUB-0008046,ACC-005166,Commercial,2025-11-01,,annual,15004.0,active
SUB-0008047,ACC-005180,Commercial,2023-08-01,2024-08-01,annual,21866.0,renewed
SUB-0008048,ACC-005180,Commercial,2024-08-01,2025-08-01,annual,21866.0,expanded
SUB-0008049,ACC-005180,Commercial,2025-08-01,,annual,27773.0,active
SUB-0008050,ACC-005191,Commercial,2024-11-01,2025-11-01,annual,31265.0,expanded
SUB-0008051,ACC-005191,Commercial,2025-11-01,,annual,42099.0,active
SUB-0008052,ACC-005200,Commercial,2024-12-01,2025-12-01,annual,16209.0,renewed
SUB-0008053,ACC-005200,Commercial,2025-12-01,,annual,16209.0,active
SUB-0008054,ACC-005204,Commercial,2025-10-01,,annual,22240.0,active
SUB-0008055,ACC-005217,Commercial,2023-11-01,2024-11-01,annual,33429.0,expanded
SUB-0008056,ACC-005217,Commercial,2024-11-01,2025-11-01,annual,43593.0,contracted
SUB-0008057,ACC-005217,Commercial,2025-11-01,,annual,35314.0,active
SUB-0008058,ACC-005226,Commercial,2025-06-01,,annual,14614.0,active
SUB-0008059,ACC-005227,Commercial,2025-09-01,,annual,13714.0,active
SUB-0008060,ACC-005234,Commercial,2025-02-01,,annual,55250.0,active
SUB-0008061,ACC-005252,Commercial,2024-06-01,2025-06-01,annual,33150.0,renewed
SUB-0008062,ACC-005252,Commercial,2025-06-01,,annual,33150.0,active
SUB-0008063,ACC-005309,Commercial,2025-10-01,,annual,25465.0,active
SUB-0008064,ACC-005341,Commercial,2025-04-01,,annual,17315.0,active
SUB-0008065,ACC-005346,Commercial,2025-07-01,,annual,25384.0,active
SUB-0008066,ACC-005387,Commercial,2025-12-01,,annual,35360.0,active
SUB-0008067,ACC-005399,Commercial,2024-02-01,2025-02-01,annual,8977.0,renewed
SUB-0008068,ACC-005399,Commercial,2025-02-01,,annual,8977.0,active
SUB-0008069,ACC-005415,Commercial,2025-08-01,,annual,47500.0,active
SUB-0008070,ACC-005416,Commercial,2025-02-01,,annual,17667.0,active
SUB-0008071,ACC-005419,Commercial,2024-12-01,2025-12-01,annual,42373.0,renewed
SUB-0008072,ACC-005419,Commercial,2025-12-01,,annual,42373.0,active
SUB-0008073,ACC-005425,Commercial,2022-04-01,2023-04-01,annual,17856.0,renewed
SUB-0008074,ACC-005425,Commercial,2023-04-01,2024-04-01,annual,17856.0,renewed
SUB-0008075,ACC-005425,Commercial,2024-04-01,2025-04-01,annual,17856.0,churned
SUB-0008076,ACC-005429,Commercial,2025-04-01,,annual,23309.0,active
SUB-0008077,ACC-005430,Commercial,2025-01-01,,annual,44353.0,active
SUB-0008078,ACC-005431,Commercial,2024-10-01,2025-10-01,annual,24777.0,renewed
SUB-0008079,ACC-005431,Commercial,2025-10-01,,annual,24777.0,active
SUB-0008080,ACC-005448,Commercial,2024-07-01,2025-07-01,annual,52265.0,renewed
SUB-0008081,ACC-005448,Commercial,2025-07-01,,annual,52265.0,active
SUB-0008082,ACC-005461,Commercial,2022-03-01,2023-03-01,annual,29555.0,renewed
SUB-0008083,ACC-005461,Commercial,2023-03-01,2024-03-01,annual,29555.0,renewed
SUB-0008084,ACC-005461,Commercial,2024-03-01,2025-03-01,annual,29555.0,renewed
SUB-0008085,ACC-005461,Commercial,2025-03-01,,annual,29555.0,active
SUB-0008086,ACC-005470,Commercial,2025-08-01,,annual,18136.0,active
SUB-0008087,ACC-005491,Commercial,2025-10-01,,annual,15147.0,active
SUB-0008088,ACC-005492,Commercial,2025-12-01,,annual,12954.0,active
SUB-0008089,ACC-005498,Enterprise,2025-07-01,,multi_year,362039.0,active
SUB-0008090,ACC-005512,Commercial,2023-12-01,2024-12-01,annual,35477.0,renewed
SUB-0008091,ACC-005512,Commercial,2024-12-01,2025-12-01,annual,35477.0,renewed
SUB-0008092,ACC-005512,Commercial,2025-12-01,,annual,35477.0,active
SUB-0008093,ACC-005515,Commercial,2023-04-01,2024-04-01,annual,24500.0,churned
SUB-0008094,ACC-005524,Commercial,2025-08-01,,annual,32161.0,active
SUB-0008095,ACC-005525,Commercial,2025-12-01,,annual,28990.0,active
SUB-0008096,ACC-005535,Commercial,2024-02-01,2025-02-01,annual,23592.0,renewed
SUB-0008097,ACC-005535,Commercial,2025-02-01,,annual,23592.0,active
SUB-0008098,ACC-005539,Commercial,2023-11-01,2024-11-01,annual,14749.0,renewed
SUB-0008099,ACC-005539,Commercial,2024-11-01,2025-11-01,annual,14749.0,contracted
SUB-0008100,ACC-005539,Commercial,2025-11-01,,annual,11287.0,active
SUB-0008101,ACC-005558,Enterprise,2025-11-01,,multi_year,331047.0,active
SUB-0008102,ACC-005575,Commercial,2025-10-01,,annual,20843.0,active
SUB-0008103,ACC-005582,Commercial,2024-04-01,2025-04-01,annual,14221.0,expanded
SUB-0008104,ACC-005582,Commercial,2025-04-01,,annual,20392.0,active
SUB-0008105,ACC-005593,Commercial,2024-11-01,2025-11-01,annual,22244.0,renewed
SUB-0008106,ACC-005593,Commercial,2025-11-01,,annual,22244.0,active
SUB-0008107,ACC-005611,Commercial,2024-06-01,2025-06-01,annual,36967.0,renewed
SUB-0008108,ACC-005611,Commercial,2025-06-01,,annual,36967.0,active
SUB-0008109,ACC-005612,Commercial,2025-07-01,,annual,21447.0,active
SUB-0008110,ACC-005617,Commercial,2023-11-01,2024-11-01,annual,13647.0,renewed
SUB-0008111,ACC-005617,Commercial,2024-11-01,2025-11-01,annual,13647.0,renewed
SUB-0008112,ACC-005617,Commercial,2025-11-01,,annual,13647.0,active
SUB-0008113,ACC-005623,Enterprise,2023-09-01,,multi_year,595233.0,active
SUB-0008114,ACC-005631,Commercial,2024-05-01,2025-05-01,annual,30291.0,expanded
SUB-0008115,ACC-005631,Commercial,2025-05-01,,annual,44487.0,active
SUB-0008116,ACC-005637,Commercial,2025-11-01,,annual,13496.0,active
SUB-0008117,ACC-005648,Commercial,2024-03-01,2025-03-01,annual,14200.0,renewed
SUB-0008118,ACC-005648,Commercial,2025-03-01,,annual,14200.0,active
SUB-0008119,ACC-005674,Commercial,2025-10-01,,annual,20544.0,active
SUB-0008120,ACC-005689,Commercial,2025-12-01,,annual,21259.0,active
SUB-0008121,ACC-005706,Commercial,2025-03-01,,annual,19627.0,active
SUB-0008122,ACC-005728,Commercial,2025-11-01,,annual,30990.0,active
SUB-0008123,ACC-005731,Commercial,2022-08-01,2023-08-01,annual,18935.0,expanded
SUB-0008124,ACC-005731,Commercial,2023-08-01,2024-08-01,annual,29357.0,contracted
SUB-0008125,ACC-005731,Commercial,2024-08-01,2025-08-01,annual,25714.0,renewed
SUB-0008126,ACC-005731,Commercial,2025-08-01,,annual,25714.0,active
SUB-0008127,ACC-005733,Commercial,2025-10-01,,annual,40920.0,active
SUB-0008128,ACC-005734,Commercial,2024-11-01,2025-11-01,annual,24079.0,expanded
SUB-0008129,ACC-005734,Commercial,2025-11-01,,annual,31282.0,active
SUB-0008130,ACC-005748,Commercial,2021-07-01,2022-07-01,annual,13226.0,expanded
SUB-0008131,ACC-005748,Commercial,2022-07-01,2023-07-01,annual,17403.0,renewed
SUB-0008132,ACC-005748,Commercial,2023-07-01,2024-07-01,annual,17403.0,renewed
SUB-0008133,ACC-005748,Commercial,2024-07-01,2025-07-01,annual,17403.0,renewed
SUB-0008134,ACC-005748,Commercial,2025-07-01,,annual,17403.0,active
SUB-0008135,ACC-005754,Commercial,2025-11-01,,annual,47956.0,active
SUB-0008136,ACC-005763,Commercial,2024-04-01,2025-04-01,annual,17906.0,renewed
SUB-0008137,ACC-005763,Commercial,2025-04-01,,annual,17906.0,active
SUB-0008138,ACC-005770,Commercial,2025-02-01,,annual,18709.0,active
SUB-0008139,ACC-005775,Commercial,2024-01-01,2025-01-01,annual,25389.0,renewed
SUB-0008140,ACC-005775,Commercial,2025-01-01,,annual,25389.0,active
SUB-0008141,ACC-005810,Commercial,2024-05-01,2025-05-01,annual,28985.0,renewed
SUB-0008142,ACC-005810,Commercial,2025-05-01,,annual,28985.0,active
SUB-0008143,ACC-005812,Commercial,2025-12-01,,annual,19359.0,active
SUB-0008144,ACC-005814,Commercial,2025-01-01,,annual,26572.0,active
SUB-0008145,ACC-005815,Commercial,2023-04-01,2024-04-01,annual,30734.0,contracted
SUB-0008146,ACC-005815,Commercial,2024-04-01,2025-04-01,annual,23528.0,renewed
SUB-0008147,ACC-005815,Commercial,2025-04-01,,annual,23528.0,active
SUB-0008148,ACC-005818,Commercial,2024-02-01,2025-02-01,annual,11966.0,renewed
SUB-0008149,ACC-005818,Commercial,2025-02-01,,annual,11966.0,active
SUB-0008150,ACC-005823,Commercial,2023-12-01,2024-12-01,annual,18460.0,contracted
SUB-0008151,ACC-005823,Commercial,2024-12-01,2025-12-01,annual,15226.0,renewed
SUB-0008152,ACC-005823,Commercial,2025-12-01,,annual,15226.0,active
SUB-0008153,ACC-005870,Enterprise,2025-10-01,,multi_year,802249.0,active
SUB-0008154,ACC-005873,Commercial,2020-10-01,2021-10-01,annual,12583.0,churned
SUB-0008155,ACC-005883,Commercial,2025-12-01,,annual,9217.0,active
SUB-0008156,ACC-005902,Commercial,2025-07-01,,annual,16536.0,active
SUB-0008157,ACC-005904,Commercial,2025-01-01,,annual,13554.0,active
SUB-0008158,ACC-005918,Commercial,2025-06-01,,annual,22030.0,active
SUB-0008159,ACC-005937,Commercial,2025-01-01,,annual,36058.0,active
SUB-0008160,ACC-005941,Commercial,2025-03-01,,annual,15361.0,active
SUB-0008161,ACC-005942,Commercial,2025-06-01,,annual,26669.0,active
SUB-0008162,ACC-005966,Commercial,2025-06-01,,annual,18962.0,active
SUB-0008163,ACC-006001,Commercial,2025-10-01,,annual,19934.0,active
SUB-0008164,ACC-006025,Commercial,2024-05-01,2025-05-01,annual,11275.0,renewed
SUB-0008165,ACC-006025,Commercial,2025-05-01,,annual,11275.0,active
SUB-0008166,ACC-006049,Commercial,2025-04-01,,annual,18913.0,active
SUB-0008167,ACC-006051,Commercial,2025-07-01,,annual,29783.0,active
SUB-0008168,ACC-006054,Enterprise,2025-12-01,,multi_year,218771.0,active
SUB-0008169,ACC-006058,Commercial,2025-10-01,,annual,31424.0,active
SUB-0008170,ACC-006066,Commercial,2025-10-01,,annual,16010.0,active
SUB-0008171,ACC-006087,Commercial,2025-09-01,,annual,21241.0,active
SUB-0008172,ACC-006089,Commercial,2025-08-01,,annual,13490.0,active
SUB-0008173,ACC-006094,Commercial,2025-02-01,,annual,22195.0,active
SUB-0008174,ACC-006097,Commercial,2025-10-01,,annual,18211.0,active
SUB-0008175,ACC-006128,Commercial,2022-10-01,2023-10-01,annual,18054.0,renewed
SUB-0008176,ACC-006128,Commercial,2023-10-01,2024-10-01,annual,18054.0,expanded
SUB-0008177,ACC-006128,Commercial,2024-10-01,2025-10-01,annual,22807.0,renewed
SUB-0008178,ACC-006128,Commercial,2025-10-01,,annual,22807.0,active
SUB-0008179,ACC-006132,Commercial,2025-09-01,,annual,14017.0,active
SUB-0008180,ACC-006138,Commercial,2023-07-01,2024-07-01,annual,24039.0,renewed
SUB-0008181,ACC-006138,Commercial,2024-07-01,2025-07-01,annual,24039.0,churned
SUB-0008182,ACC-006149,Commercial,2025-10-01,,annual,18548.0,active
SUB-0008183,ACC-006162,Commercial,2025-08-01,,annual,40718.0,active
SUB-0008184,ACC-006166,Commercial,2023-03-01,2024-03-01,annual,23973.0,renewed
SUB-0008185,ACC-006166,Commercial,2024-03-01,2025-03-01,annual,23973.0,renewed
SUB-0008186,ACC-006166,Commercial,2025-03-01,,annual,23973.0,active
SUB-0008187,ACC-006172,Commercial,2024-02-01,2025-02-01,annual,12987.0,churned
SUB-0008188,ACC-006193,Commercial,2024-09-01,2025-09-01,annual,20052.0,renewed
SUB-0008189,ACC-006193,Commercial,2025-09-01,,annual,20052.0,active
SUB-0008190,ACC-006199,Commercial,2025-11-01,,annual,22783.0,active
SUB-0008191,ACC-006200,Commercial,2025-07-01,,annual,20822.0,active
SUB-0008192,ACC-006203,Commercial,2022-12-01,2023-12-01,annual,24345.0,renewed
SUB-0008193,ACC-006203,Commercial,2023-12-01,2024-12-01,annual,24345.0,renewed
SUB-0008194,ACC-006203,Commercial,2024-12-01,2025-12-01,annual,24345.0,renewed
SUB-0008195,ACC-006203,Commercial,2025-12-01,,annual,24345.0,active
SUB-0008196,ACC-006205,Commercial,2022-11-01,2023-11-01,annual,23403.0,churned
SUB-0008197,ACC-006206,Commercial,2024-09-01,2025-09-01,annual,31739.0,renewed
SUB-0008198,ACC-006206,Commercial,2025-09-01,,annual,31739.0,active
SUB-0008199,ACC-006207,Commercial,2025-11-01,,annual,27829.0,active
SUB-0008200,ACC-006220,Commercial,2025-10-01,,annual,36280.0,active
SUB-0008201,ACC-006231,Commercial,2024-12-01,2025-12-01,annual,15691.0,renewed
SUB-0008202,ACC-006231,Commercial,2025-12-01,,annual,15691.0,active
SUB-0008203,ACC-006239,Commercial,2024-05-01,2025-05-01,annual,21186.0,renewed
SUB-0008204,ACC-006239,Commercial,2025-05-01,,annual,21186.0,active
SUB-0008205,ACC-006245,Commercial,2023-07-01,2024-07-01,annual,23018.0,renewed
SUB-0008206,ACC-006245,Commercial,2024-07-01,2025-07-01,annual,23018.0,churned
SUB-0008207,ACC-006263,Commercial,2025-09-01,,annual,34322.0,active
SUB-0008208,ACC-006275,Commercial,2025-02-01,,annual,13535.0,active
SUB-0008209,ACC-006282,Commercial,2025-10-01,,annual,18499.0,active
SUB-0008210,ACC-006289,Commercial,2023-06-01,2024-06-01,annual,24787.0,renewed
SUB-0008211,ACC-006289,Commercial,2024-06-01,2025-06-01,annual,24787.0,renewed
SUB-0008212,ACC-006289,Commercial,2025-06-01,,annual,24787.0,active
SUB-0008213,ACC-006294,Commercial,2025-12-01,,annual,19296.0,active
SUB-0008214,ACC-006306,Commercial,2024-11-01,2025-11-01,annual,14384.0,expanded
SUB-0008215,ACC-006306,Commercial,2025-11-01,,annual,18798.0,active
SUB-0008216,ACC-006326,Commercial,2023-11-01,2024-11-01,annual,15435.0,renewed
SUB-0008217,ACC-006326,Commercial,2024-11-01,2025-11-01,annual,15435.0,churned
SUB-0008218,ACC-006344,Commercial,2023-10-01,2024-10-01,annual,18157.0,renewed
SUB-0008219,ACC-006344,Commercial,2024-10-01,2025-10-01,annual,18157.0,renewed
SUB-0008220,ACC-006344,Commercial,2025-10-01,,annual,18157.0,active
SUB-0008221,ACC-006363,Commercial,2025-01-01,,annual,21762.0,active
SUB-0008222,ACC-006364,Commercial,2021-07-01,2022-07-01,annual,24885.0,contracted
SUB-0008223,ACC-006364,Commercial,2022-07-01,2023-07-01,annual,19341.0,renewed
SUB-0008224,ACC-006364,Commercial,2023-07-01,2024-07-01,annual,19341.0,renewed
SUB-0008225,ACC-006364,Commercial,2024-07-01,2025-07-01,annual,19341.0,renewed
SUB-0008226,ACC-006364,Commercial,2025-07-01,,annual,19341.0,active
SUB-0008227,ACC-006371,Commercial,2025-10-01,,annual,34857.0,active
SUB-0008228,ACC-006378,Commercial,2025-09-01,,annual,13381.0,active
SUB-0008229,ACC-006384,Commercial,2024-12-01,2025-12-01,annual,9932.0,expanded
SUB-0008230,ACC-006384,Commercial,2025-12-01,,annual,12498.0,active
SUB-0008231,ACC-006385,Enterprise,2025-11-01,,multi_year,543864.0,active
SUB-0008232,ACC-006401,Commercial,2025-03-01,,annual,29161.0,active
SUB-0008233,ACC-006415,Commercial,2022-06-01,2023-06-01,annual,14525.0,expanded
SUB-0008234,ACC-006415,Commercial,2023-06-01,2024-06-01,annual,19554.0,renewed
SUB-0008235,ACC-006415,Commercial,2024-06-01,2025-06-01,annual,19554.0,renewed
SUB-0008236,ACC-006415,Commercial,2025-06-01,,annual,19554.0,active
SUB-0008237,ACC-006439,Commercial,2024-10-01,2025-10-01,annual,14487.0,renewed
SUB-0008238,ACC-006439,Commercial,2025-10-01,,annual,14487.0,active
SUB-0008239,ACC-006455,Commercial,2025-09-01,,annual,16807.0,active
SUB-0008240,ACC-006460,Commercial,2025-10-01,,annual,55250.0,active
SUB-0008241,ACC-006470,Enterprise,2025-08-01,,multi_year,628314.0,active
SUB-0008242,ACC-006475,Enterprise,2025-10-01,,multi_year,363245.0,active
SUB-0008243,ACC-006482,Commercial,2025-11-01,,annual,26586.0,active
SUB-0008244,ACC-006496,Commercial,2024-01-01,2025-01-01,annual,23325.0,renewed
SUB-0008245,ACC-006496,Commercial,2025-01-01,,annual,23325.0,active
SUB-0008246,ACC-006503,Commercial,2025-11-01,,annual,20130.0,active
SUB-0008247,ACC-006524,Commercial,2023-12-01,2024-12-01,annual,28394.0,contracted
SUB-0008248,ACC-006524,Commercial,2024-12-01,2025-12-01,annual,25255.0,renewed
SUB-0008249,ACC-006524,Commercial,2025-12-01,,annual,25255.0,active
SUB-0008250,ACC-006533,Commercial,2025-05-01,,annual,26867.0,active
SUB-0008251,ACC-006555,Commercial,2025-06-01,,annual,25100.0,active
SUB-0008252,ACC-006561,Commercial,2024-02-01,2025-02-01,annual,18216.0,expanded
SUB-0008253,ACC-006561,Commercial,2025-02-01,,annual,26390.0,active
SUB-0008254,ACC-006563,Enterprise,2025-06-01,,multi_year,385874.0,active
SUB-0008255,ACC-006566,Enterprise,2025-12-01,,multi_year,410837.0,active
SUB-0008256,ACC-006567,Commercial,2025-11-01,,annual,21001.0,active
SUB-0008257,ACC-006569,Commercial,2025-10-01,,annual,30778.0,active
SUB-0008258,ACC-006570,Commercial,2025-06-01,,annual,26746.0,active
SUB-0008259,ACC-006571,Commercial,2025-09-01,,annual,20676.0,active
SUB-0008260,ACC-006577,Commercial,2022-07-01,2023-07-01,annual,23224.0,renewed
SUB-0008261,ACC-006577,Commercial,2023-07-01,2024-07-01,annual,23224.0,renewed
SUB-0008262,ACC-006577,Commercial,2024-07-01,2025-07-01,annual,23224.0,renewed
SUB-0008263,ACC-006577,Commercial,2025-07-01,,annual,23224.0,active
SUB-0008264,ACC-006592,Commercial,2024-10-01,2025-10-01,annual,24326.0,expanded
SUB-0008265,ACC-006592,Commercial,2025-10-01,,annual,33151.0,active
SUB-0008266,ACC-006597,Enterprise,2025-10-01,,multi_year,591427.0,active
SUB-0008267,ACC-006634,Commercial,2025-05-01,,annual,20855.0,active
SUB-0008268,ACC-006655,Commercial,2023-05-01,2024-05-01,annual,24793.0,renewed
SUB-0008269,ACC-006655,Commercial,2024-05-01,2025-05-01,annual,24793.0,renewed
SUB-0008270,ACC-006655,Commercial,2025-05-01,,annual,24793.0,active
SUB-0008271,ACC-006661,Commercial,2025-07-01,,annual,20157.0,active
SUB-0008272,ACC-006668,Commercial,2024-09-01,2025-09-01,annual,15854.0,expanded
SUB-0008273,ACC-006668,Commercial,2025-09-01,,annual,23293.0,active
SUB-0008274,ACC-006701,Commercial,2023-07-01,2024-07-01,annual,16895.0,expanded
SUB-0008275,ACC-006701,Commercial,2024-07-01,2025-07-01,annual,26434.0,renewed
SUB-0008276,ACC-006701,Commercial,2025-07-01,,annual,26434.0,active
SUB-0008277,ACC-006702,Commercial,2024-04-01,2025-04-01,annual,23694.0,churned
SUB-0008278,ACC-006708,Commercial,2025-01-01,,annual,23573.0,active
SUB-0008279,ACC-006713,Commercial,2023-11-01,2024-11-01,annual,19984.0,renewed
SUB-0008280,ACC-006713,Commercial,2024-11-01,2025-11-01,annual,19984.0,renewed
SUB-0008281,ACC-006713,Commercial,2025-11-01,,annual,19984.0,active
SUB-0008282,ACC-006726,Commercial,2025-05-01,,annual,37362.0,active
SUB-0008283,ACC-006728,Commercial,2025-07-01,,annual,37962.0,active
SUB-0008284,ACC-006738,Commercial,2025-02-01,,annual,27868.0,active
SUB-0008285,ACC-006749,Commercial,2024-11-01,2025-11-01,annual,15736.0,expanded
SUB-0008286,ACC-006749,Commercial,2025-11-01,,annual,24700.0,active
SUB-0008287,ACC-006754,Enterprise,2025-10-01,,multi_year,426175.0,active
SUB-0008288,ACC-006757,Commercial,2024-09-01,2025-09-01,annual,31083.0,renewed
SUB-0008289,ACC-006757,Commercial,2025-09-01,,annual,31083.0,active
SUB-0008290,ACC-006766,Commercial,2025-08-01,,annual,25937.0,active
SUB-0008291,ACC-006771,Commercial,2025-08-01,,annual,28214.0,active
SUB-0008292,ACC-006792,Commercial,2024-03-01,2025-03-01,annual,15199.0,renewed
SUB-0008293,ACC-006792,Commercial,2025-03-01,,annual,15199.0,active
SUB-0008294,ACC-006818,Commercial,2022-01-01,2023-01-01,annual,25268.0,renewed
SUB-0008295,ACC-006818,Commercial,2023-01-01,2024-01-01,annual,25268.0,renewed
SUB-0008296,ACC-006818,Commercial,2024-01-01,2025-01-01,annual,25268.0,renewed
SUB-0008297,ACC-006818,Commercial,2025-01-01,,annual,25268.0,active
SUB-0008298,ACC-006840,Commercial,2025-11-01,,annual,43867.0,active
SUB-0008299,ACC-006843,Commercial,2020-10-01,2021-10-01,annual,36573.0,renewed
SUB-0008300,ACC-006843,Commercial,2021-10-01,2022-10-01,annual,36573.0,renewed
SUB-0008301,ACC-006843,Commercial,2022-10-01,2023-10-01,annual,36573.0,expanded
SUB-0008302,ACC-006843,Commercial,2023-10-01,2024-10-01,annual,54343.0,renewed
SUB-0008303,ACC-006843,Commercial,2024-10-01,2025-10-01,annual,54343.0,renewed
SUB-0008304,ACC-006843,Commercial,2025-10-01,,annual,54343.0,active
SUB-0008305,ACC-006844,Commercial,2025-03-01,,annual,14369.0,active
SUB-0008306,ACC-006850,Commercial,2025-06-01,,annual,23631.0,active
SUB-0008307,ACC-006872,Commercial,2023-02-01,2024-02-01,annual,20340.0,renewed
SUB-0008308,ACC-006872,Commercial,2024-02-01,2025-02-01,annual,20340.0,renewed
SUB-0008309,ACC-006872,Commercial,2025-02-01,,annual,20340.0,active
SUB-0008310,ACC-006893,Commercial,2025-10-01,,annual,44315.0,active
SUB-0008311,ACC-006896,Commercial,2023-04-01,2024-04-01,annual,16785.0,renewed
SUB-0008312,ACC-006896,Commercial,2024-04-01,2025-04-01,annual,16785.0,renewed
SUB-0008313,ACC-006896,Commercial,2025-04-01,,annual,16785.0,active
SUB-0008314,ACC-006910,Commercial,2025-09-01,,annual,25717.0,active
SUB-0008315,ACC-006914,Commercial,2025-08-01,,annual,19239.0,active
SUB-0008316,ACC-006916,Commercial,2024-02-01,2025-02-01,annual,23282.0,renewed
SUB-0008317,ACC-006916,Commercial,2025-02-01,,annual,23282.0,active
SUB-0008318,ACC-006931,Commercial,2025-09-01,,annual,22466.0,active
SUB-0008319,ACC-006932,Commercial,2025-10-01,,annual,27543.0,active
SUB-0008320,ACC-006935,Commercial,2025-09-01,,annual,27335.0,active
SUB-0008321,ACC-006941,Commercial,2025-06-01,,annual,17439.0,active
SUB-0008322,ACC-006942,Commercial,2024-12-01,2025-12-01,annual,19694.0,renewed
SUB-0008323,ACC-006942,Commercial,2025-12-01,,annual,19694.0,active
SUB-0008324,ACC-006957,Commercial,2024-08-01,2025-08-01,annual,21364.0,renewed
SUB-0008325,ACC-006957,Commercial,2025-08-01,,annual,21364.0,active
SUB-0008326,ACC-006961,Commercial,2023-09-01,2024-09-01,annual,15435.0,renewed
SUB-0008327,ACC-006961,Commercial,2024-09-01,2025-09-01,annual,15435.0,contracted
SUB-0008328,ACC-006961,Commercial,2025-09-01,,annual,12780.0,active
SUB-0008329,ACC-006963,Commercial,2025-09-01,,annual,21011.0,active
SUB-0008330,ACC-006967,Commercial,2025-02-01,,annual,24192.0,active
SUB-0008331,ACC-006974,Commercial,2024-06-01,2025-06-01,annual,17975.0,churned
SUB-0008332,ACC-006989,Commercial,2025-12-01,,annual,18259.0,active
SUB-0008333,ACC-007020,Commercial,2025-02-01,,annual,31356.0,active
SUB-0008334,ACC-007023,Commercial,2025-08-01,,annual,19824.0,active
SUB-0008335,ACC-007034,Commercial,2024-04-01,2025-04-01,annual,18170.0,expanded
SUB-0008336,ACC-007034,Commercial,2025-04-01,,annual,28578.0,active
SUB-0008337,ACC-007036,Commercial,2025-10-01,,annual,26483.0,active
SUB-0008338,ACC-007057,Commercial,2024-01-01,2025-01-01,annual,13806.0,expanded
SUB-0008339,ACC-007057,Commercial,2025-01-01,,annual,20794.0,active
SUB-0008340,ACC-007065,Enterprise,2024-07-01,,multi_year,481516.0,active
SUB-0008341,ACC-007068,Commercial,2024-04-01,2025-04-01,annual,18781.0,renewed
SUB-0008342,ACC-007068,Commercial,2025-04-01,,annual,18781.0,active
SUB-0008343,ACC-007077,Commercial,2025-08-01,,annual,17285.0,active
SUB-0008344,ACC-007081,Commercial,2025-10-01,,annual,18108.0,active
SUB-0008345,ACC-007118,Commercial,2024-02-01,2025-02-01,annual,15847.0,renewed
SUB-0008346,ACC-007118,Commercial,2025-02-01,,annual,15847.0,active
SUB-0008347,ACC-007127,Commercial,2025-09-01,,annual,31136.0,active
SUB-0008348,ACC-007128,Commercial,2025-11-01,,annual,17540.0,active
SUB-0008349,ACC-007138,Commercial,2024-02-01,2025-02-01,annual,16229.0,renewed
SUB-0008350,ACC-007138,Commercial,2025-02-01,,annual,16229.0,active
SUB-0008351,ACC-007160,Commercial,2024-01-01,2025-01-01,annual,18865.0,expanded
SUB-0008352,ACC-007160,Commercial,2025-01-01,,annual,28630.0,active
SUB-0008353,ACC-007180,Commercial,2025-07-01,,annual,22544.0,active
SUB-0008354,ACC-007183,Commercial,2025-02-01,,annual,40836.0,active
SUB-0008355,ACC-007188,Commercial,2025-02-01,,annual,35872.0,active
SUB-0008356,ACC-007189,Commercial,2025-10-01,,annual,23514.0,active
SUB-0008357,ACC-007199,Commercial,2024-07-01,2025-07-01,annual,26022.0,renewed
SUB-0008358,ACC-007199,Commercial,2025-07-01,,annual,26022.0,active
SUB-0008359,ACC-007209,Commercial,2024-12-01,2025-12-01,annual,12811.0,renewed
SUB-0008360,ACC-007209,Commercial,2025-12-01,,annual,12811.0,active
SUB-0008361,ACC-007211,Commercial,2025-02-01,,annual,17918.0,active
SUB-0008362,ACC-007215,Commercial,2025-04-01,,annual,20147.0,active
SUB-0008363,ACC-007225,Enterprise,2025-12-01,,multi_year,381578.0,active
SUB-0008364,ACC-007227,Commercial,2024-11-01,2025-11-01,annual,34331.0,renewed
SUB-0008365,ACC-007227,Commercial,2025-11-01,,annual,34331.0,active
SUB-0008366,ACC-007228,Commercial,2020-10-01,2021-10-01,annual,17190.0,renewed
SUB-0008367,ACC-007228,Commercial,2021-10-01,2022-10-01,annual,17190.0,expanded
SUB-0008368,ACC-007228,Commercial,2022-10-01,2023-10-01,annual,25218.0,churned
SUB-0008369,ACC-007250,Commercial,2025-10-01,,annual,17766.0,active
SUB-0008370,ACC-007252,Commercial,2025-12-01,,annual,18870.0,active
SUB-0008371,ACC-007261,Commercial,2025-11-01,,annual,23325.0,active
SUB-0008372,ACC-007274,Commercial,2023-11-01,2024-11-01,annual,13419.0,renewed
SUB-0008373,ACC-007274,Commercial,2024-11-01,2025-11-01,annual,13419.0,churned
SUB-0008374,ACC-007295,Commercial,2025-04-01,,annual,24124.0,active
SUB-0008375,ACC-007297,Enterprise,2024-05-01,,multi_year,284610.0,active
SUB-0008376,ACC-007301,Commercial,2025-08-01,,annual,24728.0,active
SUB-0008377,ACC-007302,Commercial,2025-08-01,,annual,50235.0,active
SUB-0008378,ACC-007305,Commercial,2024-06-01,2025-06-01,annual,23223.0,renewed
SUB-0008379,ACC-007305,Commercial,2025-06-01,,annual,23223.0,active
SUB-0008380,ACC-007320,Commercial,2025-12-01,,annual,23809.0,active
SUB-0008381,ACC-007323,Commercial,2025-03-01,,annual,22538.0,active
SUB-0008382,ACC-007327,Commercial,2024-08-01,2025-08-01,annual,22507.0,expanded
SUB-0008383,ACC-007327,Commercial,2025-08-01,,annual,28813.0,active
SUB-0008384,ACC-007330,Enterprise,2025-09-01,,multi_year,381398.0,active
SUB-0008385,ACC-007348,Commercial,2024-05-01,2025-05-01,annual,8840.0,expanded
SUB-0008386,ACC-007348,Commercial,2025-05-01,,annual,11247.0,active
SUB-0008387,ACC-007358,Commercial,2025-04-01,,annual,20695.0,active
SUB-0008388,ACC-007376,Commercial,2025-11-01,,annual,20047.0,active
SUB-0008389,ACC-007379,Commercial,2022-01-01,2023-01-01,annual,18217.0,churned
SUB-0008390,ACC-007382,Commercial,2021-11-01,2022-11-01,annual,33566.0,renewed
SUB-0008391,ACC-007382,Commercial,2022-11-01,2023-11-01,annual,33566.0,renewed
SUB-0008392,ACC-007382,Commercial,2023-11-01,2024-11-01,annual,33566.0,renewed
SUB-0008393,ACC-007382,Commercial,2024-11-01,2025-11-01,annual,33566.0,churned
SUB-0008394,ACC-007388,Commercial,2025-08-01,,annual,25474.0,active
SUB-0008395,ACC-007412,Commercial,2025-12-01,,annual,17130.0,active
SUB-0008396,ACC-007417,Commercial,2021-10-01,2022-10-01,annual,36484.0,renewed
SUB-0008397,ACC-007417,Commercial,2022-10-01,2023-10-01,annual,36484.0,renewed
SUB-0008398,ACC-007417,Commercial,2023-10-01,2024-10-01,annual,36484.0,renewed
SUB-0008399,ACC-007417,Commercial,2024-10-01,2025-10-01,annual,36484.0,renewed
SUB-0008400,ACC-007417,Commercial,2025-10-01,,annual,36484.0,active
SUB-0008401,ACC-007419,Commercial,2024-12-01,2025-12-01,annual,38179.0,renewed
SUB-0008402,ACC-007419,Commercial,2025-12-01,,annual,38179.0,active
SUB-0008403,ACC-007423,Commercial,2021-08-01,2022-08-01,annual,33512.0,renewed
SUB-0008404,ACC-007423,Commercial,2022-08-01,2023-08-01,annual,33512.0,renewed
SUB-0008405,ACC-007423,Commercial,2023-08-01,2024-08-01,annual,33512.0,expanded
SUB-0008406,ACC-007423,Commercial,2024-08-01,2025-08-01,annual,46393.0,contracted
SUB-0008407,ACC-007423,Commercial,2025-08-01,,annual,36402.0,active
SUB-0008408,ACC-007449,Commercial,2024-05-01,2025-05-01,annual,22594.0,contracted
SUB-0008409,ACC-007449,Commercial,2025-05-01,,annual,17251.0,active
SUB-0008410,ACC-007458,Commercial,2025-09-01,,annual,10957.0,active
SUB-0008411,ACC-007463,Commercial,2024-09-01,2025-09-01,annual,29925.0,renewed
SUB-0008412,ACC-007463,Commercial,2025-09-01,,annual,29925.0,active
SUB-0008413,ACC-007472,Enterprise,2025-12-01,,multi_year,561771.0,active
SUB-0008414,ACC-007475,Enterprise,2025-07-01,,multi_year,634834.0,active
SUB-0008415,ACC-007488,Commercial,2025-07-01,,annual,23576.0,active
SUB-0008416,ACC-007493,Commercial,2022-01-01,2023-01-01,annual,26038.0,churned
SUB-0008417,ACC-007497,Commercial,2024-09-01,2025-09-01,annual,17110.0,renewed
SUB-0008418,ACC-007497,Commercial,2025-09-01,,annual,17110.0,active
SUB-0008419,ACC-007501,Commercial,2025-03-01,,annual,30318.0,active
SUB-0008420,ACC-007506,Commercial,2024-11-01,2025-11-01,annual,28132.0,renewed
SUB-0008421,ACC-007506,Commercial,2025-11-01,,annual,28132.0,active
SUB-0008422,ACC-007508,Commercial,2025-09-01,,annual,11412.0,active
SUB-0008423,ACC-007524,Commercial,2025-07-01,,annual,27144.0,active
SUB-0008424,ACC-007533,Commercial,2025-07-01,,annual,20513.0,active
SUB-0008425,ACC-007539,Commercial,2025-05-01,,annual,26699.0,active
SUB-0008426,ACC-007545,Commercial,2025-12-01,,annual,20446.0,active
SUB-0008427,ACC-007563,Commercial,2025-06-01,,annual,23339.0,active
SUB-0008428,ACC-007582,Commercial,2025-10-01,,annual,32285.0,active
SUB-0008429,ACC-007587,Commercial,2025-07-01,,annual,30062.0,active
SUB-0008430,ACC-007629,Commercial,2025-07-01,,annual,36921.0,active
SUB-0008431,ACC-007630,Commercial,2025-10-01,,annual,20797.0,active
SUB-0008432,ACC-007638,Commercial,2023-08-01,2024-08-01,annual,41554.0,renewed
SUB-0008433,ACC-007638,Commercial,2024-08-01,2025-08-01,annual,41554.0,contracted
SUB-0008434,ACC-007638,Commercial,2025-08-01,,annual,33115.0,active
SUB-0008435,ACC-007640,Commercial,2024-10-01,2025-10-01,annual,12001.0,expanded
SUB-0008436,ACC-007640,Commercial,2025-10-01,,annual,18249.0,active
SUB-0008437,ACC-007646,Commercial,2025-12-01,,annual,16255.0,active
SUB-0008438,ACC-007647,Commercial,2025-10-01,,annual,24612.0,active
SUB-0008439,ACC-007657,Commercial,2024-08-01,2025-08-01,annual,22644.0,renewed
SUB-0008440,ACC-007657,Commercial,2025-08-01,,annual,22644.0,active
SUB-0008441,ACC-007670,Commercial,2025-09-01,,annual,24180.0,active
SUB-0008442,ACC-007677,Commercial,2023-06-01,2024-06-01,annual,14927.0,renewed
SUB-0008443,ACC-007677,Commercial,2024-06-01,2025-06-01,annual,14927.0,renewed
SUB-0008444,ACC-007677,Commercial,2025-06-01,,annual,14927.0,active
SUB-0008445,ACC-007697,Commercial,2024-05-01,2025-05-01,annual,13549.0,renewed
SUB-0008446,ACC-007697,Commercial,2025-05-01,,annual,13549.0,active
